=== kbplacer.kle_serial ===
=== layout2image.py ===
=== kbplacer ===
13:32:40: [INFO] User layout: https://editor.keyboard-tools.xyz/#share=NrDeCIA9wLgAgEwAYB0B2ArAXwDR3AjgIwIA6AdhRUceHgcQMxWXk1F1wTTyoIb0AxrHwBiNBMmdwAdxFEU-egAsRhfDITyUA-Mq3wa+SAbgBaPtnqMmLarQC6OAFBgo8gCz0AniIuLdcGF4cFFBcIjwXHx2IjtyJFp6djJWCkSOZNs0hKSY4g94jPAnV241RPxfeH9MaPAbIjic9mlG1JZW+kIiQpbHFzceOF6fP0shEVCAQ1m56Tl4BHqUopwtPAhgsQjIleyWRI383rWtUqGK9EDFkZ16no7WGmOGImZ+156+zvWSwfK8Bs+G2oUkUnqiSQnC2UzCu2EkLy4CO0kSjDROA8MKCcLm8yRGExADZMWhMQAOHGg+G7KL0RIATkxRGhDOImXwGWOsJConxs3pXKYLOx7KIRM27kMkz54IkCzUAXqjWavx5uL5CMR1mIT3sr0aH3V-zK0rgjH2bJO0hetpwGKyYvykvypKy5KyVKyzKyrPtTTW1vAqxyUOpeIFiqW+1OYZwwfYRIugMQRnA1XMExBcPlno02iUejU9E02kC+nk9BM42VupI8Rojq4mp2CKFb2Nzwd0m+jZ7KfNwIztcwsrEAum0buVnwhGtvLbdIef26PbXzoYroY7rnOHzDG9e99e-9a6avb1-eDPS79gXsnLK7jvwfNMnHZ6yYB5uQYxq2atqE2qfle-TNqmCj8CqYG-M2DQHN2GKDsMw6ZrUgTvlGpbaHUupvnCIEwYa674DYm42NuNi7ghB42EeCEnghZ5kRy15tLB3YEXK8rTggdase87FSlh+Ido035mjSIE4YYAngF4SDxD00heGqrAqVKwyoGOOZ8h+smIPJinKQmEZau29ReK8XjwV4m5eNuXg0V4B5eAxXhMWpSk5DYwZqepFB+eZE7YQWcl4fgal3uQwX0GpDnEJJlxLJUI4ATohkKJFCnED5LCNCFwGWfFbG+ci0XxIVKEiGhtaYZGYlZfJAj5awik4rcUGzuAAiBeQHVSl1LUOvEg0tjSebTsSI3EmNZkiY1BL0H1bUUK10h9f1G0rZx60LfgfXwX1m59clqZ1bwATNdBu1rQNeQQMNt2HcQ82ck9hY9QIMVqUV4i8YZ-Evb1WLvZ1X31AIc05H9Q1KjlAgUuDWkiKgDX6WFj5yd9eXxH1EM41De3kATNVAv+cCAcNuP3dZhMzsT-X04tPHgtOaDEzDLD0w4DhAA
13:32:40: [INFO] Labels prefixes: for rows: 'ROW', for columns: 'COL'
13:32:40: [INFO] Matrix size: 5x15
13:32:41: [WARNING] No stabilizer footprint for width 2.25u, using 2u as fallback
13:32:41: [WARNING] No stabilizer footprint for width 2.25u, using 2u as fallback
13:32:41: [WARNING] No stabilizer footprint for width 2.25u, using 2u as fallback
13:32:41: [WARNING] No stabilizer footprint for width 2.25u, using 2u as fallback
13:32:41: [WARNING] No stabilizer footprint for width 2.75u, using 2u as fallback
13:32:41: [INFO] Add COL0 net
13:32:41: [INFO] Add COL1 net
13:32:41: [INFO] Add COL10 net
13:32:41: [INFO] Add COL11 net
13:32:41: [INFO] Add COL12 net
13:32:41: [INFO] Add COL13 net
13:32:41: [INFO] Add COL14 net
13:32:41: [INFO] Add COL15 net
13:32:41: [INFO] Add COL2 net
13:32:41: [INFO] Add COL3 net
13:32:41: [INFO] Add COL4 net
13:32:41: [INFO] Add COL5 net
13:32:41: [INFO] Add COL6 net
13:32:41: [INFO] Add COL7 net
13:32:41: [INFO] Add COL8 net
13:32:41: [INFO] Add COL9 net
13:32:41: [INFO] Add Net-(D1-A) net
13:32:41: [INFO] Add Net-(D10-A) net
13:32:41: [INFO] Add Net-(D11-A) net
13:32:41: [INFO] Add Net-(D12-A) net
13:32:41: [INFO] Add Net-(D13-A) net
13:32:41: [INFO] Add Net-(D14-A) net
13:32:41: [INFO] Add Net-(D15-A) net
13:32:41: [INFO] Add Net-(D16-A) net
13:32:41: [INFO] Add Net-(D17-A) net
13:32:41: [INFO] Add Net-(D18-A) net
13:32:41: [INFO] Add Net-(D19-A) net
13:32:41: [INFO] Add Net-(D2-A) net
13:32:41: [INFO] Add Net-(D20-A) net
13:32:41: [INFO] Add Net-(D21-A) net
13:32:41: [INFO] Add Net-(D22-A) net
13:32:41: [INFO] Add Net-(D23-A) net
13:32:41: [INFO] Add Net-(D24-A) net
13:32:41: [INFO] Add Net-(D25-A) net
13:32:41: [INFO] Add Net-(D26-A) net
13:32:41: [INFO] Add Net-(D27-A) net
13:32:41: [INFO] Add Net-(D28-A) net
13:32:41: [INFO] Add Net-(D29-A) net
13:32:41: [INFO] Add Net-(D3-A) net
13:32:41: [INFO] Add Net-(D30-A) net
13:32:41: [INFO] Add Net-(D31-A) net
13:32:41: [INFO] Add Net-(D32-A) net
13:32:41: [INFO] Add Net-(D33-A) net
13:32:41: [INFO] Add Net-(D34-A) net
13:32:41: [INFO] Add Net-(D35-A) net
13:32:41: [INFO] Add Net-(D36-A) net
13:32:41: [INFO] Add Net-(D37-A) net
13:32:41: [INFO] Add Net-(D38-A) net
13:32:41: [INFO] Add Net-(D39-A) net
13:32:41: [INFO] Add Net-(D4-A) net
13:32:41: [INFO] Add Net-(D40-A) net
13:32:41: [INFO] Add Net-(D41-A) net
13:32:41: [INFO] Add Net-(D42-A) net
13:32:41: [INFO] Add Net-(D43-A) net
13:32:41: [INFO] Add Net-(D44-A) net
13:32:41: [INFO] Add Net-(D45-A) net
13:32:41: [INFO] Add Net-(D46-A) net
13:32:41: [INFO] Add Net-(D47-A) net
13:32:41: [INFO] Add Net-(D48-A) net
13:32:41: [INFO] Add Net-(D49-A) net
13:32:41: [INFO] Add Net-(D5-A) net
13:32:41: [INFO] Add Net-(D50-A) net
13:32:41: [INFO] Add Net-(D51-A) net
13:32:41: [INFO] Add Net-(D52-A) net
13:32:41: [INFO] Add Net-(D53-A) net
13:32:41: [INFO] Add Net-(D54-A) net
13:32:41: [INFO] Add Net-(D55-A) net
13:32:41: [INFO] Add Net-(D56-A) net
13:32:41: [INFO] Add Net-(D57-A) net
13:32:41: [INFO] Add Net-(D58-A) net
13:32:41: [INFO] Add Net-(D59-A) net
13:32:41: [INFO] Add Net-(D6-A) net
13:32:41: [INFO] Add Net-(D60-A) net
13:32:41: [INFO] Add Net-(D61-A) net
13:32:41: [INFO] Add Net-(D62-A) net
13:32:41: [INFO] Add Net-(D63-A) net
13:32:41: [INFO] Add Net-(D64-A) net
13:32:41: [INFO] Add Net-(D65-A) net
13:32:41: [INFO] Add Net-(D66-A) net
13:32:41: [INFO] Add Net-(D67-A) net
13:32:41: [INFO] Add Net-(D68-A) net
13:32:41: [INFO] Add Net-(D69-A) net
13:32:41: [INFO] Add Net-(D7-A) net
13:32:41: [INFO] Add Net-(D70-A) net
13:32:41: [INFO] Add Net-(D71-A) net
13:32:41: [INFO] Add Net-(D72-A) net
13:32:41: [INFO] Add Net-(D73-A) net
13:32:41: [INFO] Add Net-(D74-A) net
13:32:41: [INFO] Add Net-(D75-A) net
13:32:41: [INFO] Add Net-(D76-A) net
13:32:41: [INFO] Add Net-(D77-A) net
13:32:41: [INFO] Add Net-(D78-A) net
13:32:41: [INFO] Add Net-(D79-A) net
13:32:41: [INFO] Add Net-(D8-A) net
13:32:41: [INFO] Add Net-(D80-A) net
13:32:41: [INFO] Add Net-(D81-A) net
13:32:41: [INFO] Add Net-(D82-A) net
13:32:41: [INFO] Add Net-(D83-A) net
13:32:41: [INFO] Add Net-(D84-A) net
13:32:41: [INFO] Add Net-(D85-A) net
13:32:41: [INFO] Add Net-(D86-A) net
13:32:41: [INFO] Add Net-(D87-A) net
13:32:41: [INFO] Add Net-(D88-A) net
13:32:41: [INFO] Add Net-(D9-A) net
13:32:41: [INFO] Add ROW0 net
13:32:41: [INFO] Add ROW1 net
13:32:41: [INFO] Add ROW2 net
13:32:41: [INFO] Add ROW3 net
13:32:41: [INFO] Add ROW4 net
13:32:41: [INFO] Add ROW5 net
13:32:41: [INFO] Add SW1 footprint
13:32:41: [INFO] Add D1 footprint
13:32:41: [INFO] Add SW2 footprint
13:32:41: [INFO] Add D2 footprint
13:32:41: [INFO] Add SW3 footprint
13:32:41: [INFO] Add D3 footprint
13:32:41: [INFO] Add SW4 footprint
13:32:42: [INFO] Add D4 footprint
13:32:42: [INFO] Add SW5 footprint
13:32:42: [INFO] Add D5 footprint
13:32:42: [INFO] Add SW6 footprint
13:32:42: [INFO] Add D6 footprint
13:32:42: [INFO] Add SW7 footprint
13:32:42: [INFO] Add D7 footprint
13:32:42: [INFO] Add SW8 footprint
13:32:42: [INFO] Add D8 footprint
13:32:42: [INFO] Add SW9 footprint
13:32:42: [INFO] Add D9 footprint
13:32:42: [INFO] Add SW10 footprint
13:32:42: [INFO] Add D10 footprint
13:32:42: [INFO] Add SW11 footprint
13:32:42: [INFO] Add D11 footprint
13:32:42: [INFO] Add SW12 footprint
13:32:42: [INFO] Add D12 footprint
13:32:42: [INFO] Add SW13 footprint
13:32:42: [INFO] Add D13 footprint
13:32:42: [INFO] Add SW14 footprint
13:32:42: [INFO] Add D14 footprint
13:32:42: [INFO] Add SW15 footprint
13:32:42: [INFO] Add D15 footprint
13:32:42: [INFO] Add SW16 footprint
13:32:42: [INFO] Add D16 footprint
13:32:42: [INFO] Add SW17 footprint
13:32:42: [INFO] Add D17 footprint
13:32:42: [INFO] Add SW18 footprint
13:32:42: [INFO] Add D18 footprint
13:32:42: [INFO] Add SW19 footprint
13:32:42: [INFO] Add D19 footprint
13:32:42: [INFO] Add SW20 footprint
13:32:42: [INFO] Add D20 footprint
13:32:42: [INFO] Add SW21 footprint
13:32:43: [INFO] Add D21 footprint
13:32:43: [INFO] Add SW22 footprint
13:32:43: [INFO] Add D22 footprint
13:32:43: [INFO] Add SW23 footprint
13:32:43: [INFO] Add D23 footprint
13:32:43: [INFO] Add SW24 footprint
13:32:43: [INFO] Add D24 footprint
13:32:43: [INFO] Add SW25 footprint
13:32:43: [INFO] Add D25 footprint
13:32:43: [INFO] Add SW26 footprint
13:32:43: [INFO] Add D26 footprint
13:32:43: [INFO] Add SW27 footprint
13:32:43: [INFO] Add D27 footprint
13:32:43: [INFO] Add SW28 footprint
13:32:43: [INFO] Add D28 footprint
13:32:43: [INFO] Add SW29 footprint
13:32:43: [INFO] Add D29 footprint
13:32:43: [INFO] Add SW29a footprint
13:32:43: [INFO] Add ST29a footprint
13:32:43: [INFO] Add SW30 footprint
13:32:43: [INFO] Add D30 footprint
13:32:43: [INFO] Add SW31 footprint
13:32:43: [INFO] Add D31 footprint
13:32:43: [INFO] Add ST31 footprint
13:32:43: [INFO] Add SW31a footprint
13:32:43: [INFO] Add SW32 footprint
13:32:43: [INFO] Add D32 footprint
13:32:43: [INFO] Add SW33 footprint
13:32:43: [INFO] Add D33 footprint
13:32:43: [INFO] Add SW34 footprint
13:32:43: [INFO] Add D34 footprint
13:32:43: [INFO] Add SW35 footprint
13:32:43: [INFO] Add D35 footprint
13:32:43: [INFO] Add SW36 footprint
13:32:43: [INFO] Add D36 footprint
13:32:44: [INFO] Add SW37 footprint
13:32:44: [INFO] Add D37 footprint
13:32:44: [INFO] Add SW38 footprint
13:32:44: [INFO] Add D38 footprint
13:32:44: [INFO] Add SW39 footprint
13:32:44: [INFO] Add D39 footprint
13:32:44: [INFO] Add SW40 footprint
13:32:44: [INFO] Add D40 footprint
13:32:44: [INFO] Add SW41 footprint
13:32:44: [INFO] Add D41 footprint
13:32:44: [INFO] Add SW42 footprint
13:32:44: [INFO] Add D42 footprint
13:32:44: [INFO] Add SW43 footprint
13:32:44: [INFO] Add D43 footprint
13:32:44: [INFO] Add SW44 footprint
13:32:44: [INFO] Add D44 footprint
13:32:44: [INFO] Add SW44a footprint
13:32:44: [INFO] Add SW44b footprint
13:32:44: [INFO] Add SW45 footprint
13:32:44: [INFO] Add D45 footprint
13:32:44: [INFO] Add SW45a footprint
13:32:44: [INFO] Add SW46 footprint
13:32:44: [INFO] Add D46 footprint
13:32:44: [INFO] Add SW46a footprint
13:32:44: [INFO] Add SW46b footprint
13:32:44: [INFO] Add SW47 footprint
13:32:44: [INFO] Add D47 footprint
13:32:44: [INFO] Add SW48 footprint
13:32:44: [INFO] Add D48 footprint
13:32:44: [INFO] Add SW49 footprint
13:32:44: [INFO] Add D49 footprint
13:32:44: [INFO] Add SW50 footprint
13:32:44: [INFO] Add D50 footprint
13:32:45: [INFO] Add SW51 footprint
13:32:45: [INFO] Add D51 footprint
13:32:45: [INFO] Add SW52 footprint
13:32:45: [INFO] Add D52 footprint
13:32:45: [INFO] Add SW53 footprint
13:32:45: [INFO] Add D53 footprint
13:32:45: [INFO] Add SW54 footprint
13:32:45: [INFO] Add D54 footprint
13:32:45: [INFO] Add SW55 footprint
13:32:45: [INFO] Add D55 footprint
13:32:45: [INFO] Add SW56 footprint
13:32:45: [INFO] Add D56 footprint
13:32:45: [INFO] Add SW57 footprint
13:32:45: [INFO] Add D57 footprint
13:32:45: [INFO] Add SW58 footprint
13:32:45: [INFO] Add D58 footprint
13:32:45: [INFO] Add SW58a footprint
13:32:45: [WARNING] No stabilizer footprint for width 2.25u, using 2u as fallback
13:32:45: [INFO] Add ST58a footprint
13:32:45: [INFO] Add SW59 footprint
13:32:45: [INFO] Add D59 footprint
13:32:45: [INFO] Add SW59a footprint
13:32:45: [INFO] Add SW59b footprint
13:32:45: [INFO] Add ST59b footprint
13:32:45: [INFO] Add SW60 footprint
13:32:45: [INFO] Add D60 footprint
13:32:45: [WARNING] No stabilizer footprint for width 2.25u, using 2u as fallback
13:32:45: [INFO] Add ST60 footprint
13:32:45: [INFO] Add SW60a footprint
13:32:45: [INFO] Add ST60a footprint
13:32:45: [INFO] Add SW60b footprint
13:32:45: [INFO] Add SW61 footprint
13:32:45: [INFO] Add D61 footprint
13:32:45: [INFO] Add SW62 footprint
13:32:45: [INFO] Add D62 footprint
13:32:45: [WARNING] No stabilizer footprint for width 2.25u, using 2u as fallback
13:32:45: [INFO] Add ST62 footprint
13:32:45: [INFO] Add SW62a footprint
13:32:45: [INFO] Add SW63 footprint
13:32:45: [INFO] Add D63 footprint
13:32:45: [INFO] Add SW64 footprint
13:32:46: [INFO] Add D64 footprint
13:32:46: [INFO] Add SW65 footprint
13:32:46: [INFO] Add D65 footprint
13:32:46: [INFO] Add SW66 footprint
13:32:46: [INFO] Add D66 footprint
13:32:46: [INFO] Add SW67 footprint
13:32:46: [INFO] Add D67 footprint
13:32:46: [INFO] Add SW68 footprint
13:32:46: [INFO] Add D68 footprint
13:32:46: [INFO] Add SW69 footprint
13:32:46: [INFO] Add D69 footprint
13:32:46: [INFO] Add SW70 footprint
13:32:46: [INFO] Add D70 footprint
13:32:46: [INFO] Add SW71 footprint
13:32:46: [INFO] Add D71 footprint
13:32:46: [INFO] Add SW72 footprint
13:32:46: [INFO] Add D72 footprint
13:32:46: [INFO] Add SW72a footprint
13:32:46: [INFO] Add SW73 footprint
13:32:46: [INFO] Add D73 footprint
13:32:46: [INFO] Add SW73a footprint
13:32:46: [INFO] Add SW74 footprint
13:32:46: [INFO] Add D74 footprint
13:32:46: [INFO] Add SW74a footprint
13:32:46: [INFO] Add SW75 footprint
13:32:46: [INFO] Add D75 footprint
13:32:46: [INFO] Add SW76 footprint
13:32:46: [INFO] Add D76 footprint
13:32:46: [INFO] Add SW77 footprint
13:32:46: [INFO] Add D77 footprint
13:32:46: [INFO] Add SW77a footprint
13:32:46: [INFO] Add SW78 footprint
13:32:47: [INFO] Add D78 footprint
13:32:47: [INFO] Add SW78a footprint
13:32:47: [INFO] Add SW79 footprint
13:32:47: [INFO] Add D79 footprint
13:32:47: [INFO] Add SW80 footprint
13:32:47: [INFO] Add D80 footprint
13:32:47: [WARNING] No stabilizer footprint for width 2.25u, using 2u as fallback
13:32:47: [INFO] Add ST80 footprint
13:32:47: [INFO] Add SW81 footprint
13:32:47: [INFO] Add D81 footprint
13:32:47: [INFO] Add ST81 footprint
13:32:47: [INFO] Add SW81a footprint
13:32:47: [INFO] Add SW81b footprint
13:32:47: [INFO] Add ST81b footprint
13:32:47: [INFO] Add SW82 footprint
13:32:47: [INFO] Add D82 footprint
13:32:47: [WARNING] No stabilizer footprint for width 2.75u, using 2u as fallback
13:32:47: [INFO] Add ST82 footprint
13:32:47: [INFO] Add SW83 footprint
13:32:47: [INFO] Add D83 footprint
13:32:47: [INFO] Add SW83a footprint
13:32:47: [INFO] Add SW84 footprint
13:32:47: [INFO] Add D84 footprint
13:32:47: [INFO] Add SW85 footprint
13:32:47: [INFO] Add D85 footprint
13:32:47: [INFO] Add SW85a footprint
13:32:47: [INFO] Add SW86 footprint
13:32:47: [INFO] Add D86 footprint
13:32:47: [INFO] Add SW87 footprint
13:32:47: [INFO] Add D87 footprint
13:32:47: [INFO] Add SW88 footprint
13:32:47: [INFO] Add D88 footprint
13:32:47: [INFO] Detected layout convertible to matrix annotated keyboard
13:32:47: [INFO] Using key 1U distance: (19.05, 19.05) mm
13:32:47: [INFO] Layout offset: (28575000, 33337500)
13:32:47: [INFO] Diode info: [ElementInfo(annotation_format='D{}', position_option=<PositionOption.CUSTOM: 'Custom'>, position=ElementPosition(x=5.08, y=4.0, orientation=90.0, side=<Side.BACK: 'Back'>), template_path='', start_index=-1)]
13:32:47: [INFO] Placing additional elements for SW88
13:32:47: [INFO] Placing additional elements for SW87
13:32:47: [INFO] Placing additional elements for SW86
13:32:47: [INFO] Placing additional elements for SW85a
13:32:47: [INFO] Placing additional elements for SW85
13:32:47: [INFO] Placing additional elements for SW84
13:32:47: [INFO] Placing additional elements for SW83a
13:32:47: [INFO] Placing additional elements for SW83
13:32:47: [INFO] Placing additional elements for SW82
13:32:47: [INFO] Placing additional elements for SW81b
13:32:47: [INFO] Placing additional elements for SW81a
13:32:47: [INFO] Placing additional elements for SW81
13:32:47: [INFO] Placing additional elements for SW80
13:32:47: [INFO] Placing additional elements for SW79
13:32:47: [INFO] Placing additional elements for SW78a
13:32:47: [INFO] Placing additional elements for SW78
13:32:47: [INFO] Placing additional elements for SW77a
13:32:47: [INFO] Placing additional elements for SW77
13:32:47: [INFO] Placing additional elements for SW76
13:32:47: [INFO] Placing additional elements for SW75
13:32:47: [INFO] Placing additional elements for SW74a
13:32:47: [INFO] Placing additional elements for SW74
13:32:47: [INFO] Placing additional elements for SW73a
13:32:47: [INFO] Placing additional elements for SW73
13:32:47: [INFO] Placing additional elements for SW72a
13:32:47: [INFO] Placing additional elements for SW72
13:32:47: [INFO] Placing additional elements for SW71
13:32:47: [INFO] Placing additional elements for SW70
13:32:47: [INFO] Placing additional elements for SW69
13:32:47: [INFO] Placing additional elements for SW68
13:32:47: [INFO] Placing additional elements for SW67
13:32:47: [INFO] Placing additional elements for SW66
13:32:47: [INFO] Placing additional elements for SW65
13:32:47: [INFO] Placing additional elements for SW64
13:32:47: [INFO] Placing additional elements for SW63
13:32:47: [INFO] Placing additional elements for SW62a
13:32:47: [INFO] Placing additional elements for SW62
13:32:47: [INFO] Placing additional elements for SW61
13:32:47: [INFO] Placing additional elements for SW60b
13:32:47: [INFO] Placing additional elements for SW60a
13:32:47: [INFO] Placing additional elements for SW60
13:32:47: [INFO] Placing additional elements for SW59b
13:32:47: [INFO] Placing additional elements for SW59a
13:32:47: [INFO] Placing additional elements for SW59
13:32:47: [INFO] Placing additional elements for SW58a
13:32:47: [INFO] Placing additional elements for SW58
13:32:47: [INFO] Placing additional elements for SW57
13:32:47: [INFO] Placing additional elements for SW56
13:32:47: [INFO] Placing additional elements for SW55
13:32:47: [INFO] Placing additional elements for SW54
13:32:47: [INFO] Placing additional elements for SW53
13:32:47: [INFO] Placing additional elements for SW52
13:32:47: [INFO] Placing additional elements for SW51
13:32:47: [INFO] Placing additional elements for SW50
13:32:47: [INFO] Placing additional elements for SW49
13:32:47: [INFO] Placing additional elements for SW48
13:32:47: [INFO] Placing additional elements for SW47
13:32:47: [INFO] Placing additional elements for SW46b
13:32:47: [INFO] Placing additional elements for SW46a
13:32:47: [INFO] Placing additional elements for SW46
13:32:47: [INFO] Placing additional elements for SW45a
13:32:47: [INFO] Placing additional elements for SW45
13:32:47: [INFO] Placing additional elements for SW44b
13:32:47: [INFO] Placing additional elements for SW44a
13:32:47: [INFO] Placing additional elements for SW44
13:32:47: [INFO] Placing additional elements for SW43
13:32:47: [INFO] Placing additional elements for SW42
13:32:47: [INFO] Placing additional elements for SW41
13:32:47: [INFO] Placing additional elements for SW40
13:32:47: [INFO] Placing additional elements for SW39
13:32:47: [INFO] Placing additional elements for SW38
13:32:47: [INFO] Placing additional elements for SW37
13:32:47: [INFO] Placing additional elements for SW36
13:32:47: [INFO] Placing additional elements for SW35
13:32:47: [INFO] Placing additional elements for SW34
13:32:47: [INFO] Placing additional elements for SW33
13:32:47: [INFO] Placing additional elements for SW32
13:32:47: [INFO] Placing additional elements for SW31a
13:32:47: [INFO] Placing additional elements for SW31
13:32:47: [INFO] Placing additional elements for SW30
13:32:47: [INFO] Placing additional elements for SW29a
13:32:47: [INFO] Placing additional elements for SW29
13:32:47: [INFO] Placing additional elements for SW28
13:32:47: [INFO] Placing additional elements for SW27
13:32:47: [INFO] Placing additional elements for SW26
13:32:47: [INFO] Placing additional elements for SW25
13:32:47: [INFO] Placing additional elements for SW24
13:32:47: [INFO] Placing additional elements for SW23
13:32:47: [INFO] Placing additional elements for SW22
13:32:47: [INFO] Placing additional elements for SW21
13:32:47: [INFO] Placing additional elements for SW20
13:32:47: [INFO] Placing additional elements for SW19
13:32:47: [INFO] Placing additional elements for SW18
13:32:47: [INFO] Placing additional elements for SW17
13:32:47: [INFO] Placing additional elements for SW16
13:32:47: [INFO] Placing additional elements for SW15
13:32:47: [INFO] Placing additional elements for SW14
13:32:47: [INFO] Placing additional elements for SW13
13:32:47: [INFO] Placing additional elements for SW12
13:32:47: [INFO] Placing additional elements for SW11
13:32:47: [INFO] Placing additional elements for SW10
13:32:47: [INFO] Placing additional elements for SW9
13:32:47: [INFO] Placing additional elements for SW8
13:32:47: [INFO] Placing additional elements for SW7
13:32:47: [INFO] Placing additional elements for SW6
13:32:47: [INFO] Placing additional elements for SW5
13:32:47: [INFO] Placing additional elements for SW4
13:32:47: [INFO] Placing additional elements for SW3
13:32:47: [INFO] Placing additional elements for SW2
13:32:47: [INFO] Placing additional elements for SW1
13:32:47: [INFO] Routing SW88 with D88
13:32:47: [INFO] Using internal autorouter method
13:32:47: [INFO] Routing pad 'SW88:2' at (383540000, 204470000) with pad 'D88:2' at (386080000, 212150000) using coordinate system rotated by 0 degree(s)
13:32:47: [INFO] Adding track segment (B.Cu): [(383540000, 204470000), (383540000, 209610000)]
13:32:47: [INFO] Adding track segment (B.Cu): [(383540000, 209610000), (386080000, 212150000)]
13:32:47: [INFO] Routing SW87 with D87
13:32:47: [INFO] Using internal autorouter method
13:32:47: [INFO] Routing pad 'SW87:2' at (364490000, 204470000) with pad 'D87:2' at (367030000, 212150000) using coordinate system rotated by 0 degree(s)
13:32:47: [INFO] Adding track segment (B.Cu): [(364490000, 204470000), (364490000, 209610000)]
13:32:47: [INFO] Adding track segment (B.Cu): [(364490000, 209610000), (367030000, 212150000)]
13:32:47: [INFO] Routing SW86 with D86
13:32:47: [INFO] Using internal autorouter method
13:32:47: [INFO] Routing pad 'SW86:2' at (345440000, 204470000) with pad 'D86:2' at (347980000, 212150000) using coordinate system rotated by 0 degree(s)
13:32:47: [INFO] Adding track segment (B.Cu): [(345440000, 204470000), (345440000, 209610000)]
13:32:47: [INFO] Adding track segment (B.Cu): [(345440000, 209610000), (347980000, 212150000)]
13:32:47: [INFO] Routing SW85a with D85
13:32:47: [INFO] Using internal autorouter method
13:32:47: [INFO] Routing pad 'SW85a:2' at (321627500, 204470000) with pad 'D85:2' at (328930000, 212150000) using coordinate system rotated by 0 degree(s)
13:32:48: [INFO] Routing SW85 with D85
13:32:48: [INFO] Using internal autorouter method
13:32:48: [INFO] Routing pad 'SW85:2' at (326390000, 204470000) with pad 'D85:2' at (328930000, 212150000) using coordinate system rotated by 0 degree(s)
13:32:48: [INFO] Adding track segment (B.Cu): [(326390000, 204470000), (326390000, 209610000)]
13:32:48: [INFO] Adding track segment (B.Cu): [(326390000, 209610000), (328930000, 212150000)]
13:32:48: [INFO] Routing SW84 with D84
13:32:48: [INFO] Using internal autorouter method
13:32:48: [INFO] Routing pad 'SW84:2' at (307340000, 204470000) with pad 'D84:2' at (309880000, 212150000) using coordinate system rotated by 0 degree(s)
13:32:48: [INFO] Adding track segment (B.Cu): [(307340000, 204470000), (307340000, 209610000)]
13:32:48: [INFO] Adding track segment (B.Cu): [(307340000, 209610000), (309880000, 212150000)]
13:32:48: [INFO] Routing SW83a with D83
13:32:48: [INFO] Using internal autorouter method
13:32:48: [INFO] Routing pad 'SW83a:2' at (293052500, 204470000) with pad 'D83:2' at (290830000, 212150000) using coordinate system rotated by 0 degree(s)
13:32:48: [INFO] Routing SW83 with D83
13:32:48: [INFO] Using internal autorouter method
13:32:48: [INFO] Routing pad 'SW83:2' at (288290000, 204470000) with pad 'D83:2' at (290830000, 212150000) using coordinate system rotated by 0 degree(s)
13:32:48: [INFO] Routing SW82 with D82
13:32:48: [INFO] Using internal autorouter method
13:32:48: [INFO] Routing pad 'SW82:2' at (252571250, 204470000) with pad 'D82:2' at (255111250, 212150000) using coordinate system rotated by 0 degree(s)
13:32:48: [INFO] Adding track segment (B.Cu): [(252571250, 204470000), (252571250, 209610000)]
13:32:48: [INFO] Adding track segment (B.Cu): [(252571250, 209610000), (255111250, 212150000)]
13:32:48: [INFO] Routing SW81b with D81
13:32:48: [INFO] Using internal autorouter method
13:32:48: [INFO] Routing pad 'SW81b:2' at (212090000, 204470000) with pad 'D81:2' at (221773750, 212150000) using coordinate system rotated by 0 degree(s)
13:32:48: [INFO] Routing SW81a with D81
13:32:48: [INFO] Using internal autorouter method
13:32:48: [INFO] Routing pad 'SW81a:2' at (214471250, 204470000) with pad 'D81:2' at (221773750, 212150000) using coordinate system rotated by 0 degree(s)
13:32:48: [INFO] Routing SW81 with D81
13:32:48: [INFO] Using internal autorouter method
13:32:48: [INFO] Routing pad 'SW81:2' at (219233750, 204470000) with pad 'D81:2' at (221773750, 212150000) using coordinate system rotated by 0 degree(s)
13:32:48: [INFO] Adding track segment (B.Cu): [(219233750, 204470000), (219233750, 209610000)]
13:32:48: [INFO] Adding track segment (B.Cu): [(219233750, 209610000), (221773750, 212150000)]
13:32:48: [INFO] Routing SW80 with D80
13:32:48: [INFO] Using internal autorouter method
13:32:48: [INFO] Routing pad 'SW80:2' at (181133750, 204470000) with pad 'D80:2' at (183673750, 212150000) using coordinate system rotated by 0 degree(s)
13:32:48: [INFO] Adding track segment (B.Cu): [(181133750, 204470000), (181133750, 209610000)]
13:32:48: [INFO] Adding track segment (B.Cu): [(181133750, 209610000), (183673750, 212150000)]
13:32:48: [INFO] Routing SW79 with D79
13:32:48: [INFO] Using internal autorouter method
13:32:48: [INFO] Routing pad 'SW79:2' at (147796250, 204470000) with pad 'D79:2' at (150336250, 212150000) using coordinate system rotated by 0 degree(s)
13:32:48: [INFO] Adding track segment (B.Cu): [(147796250, 204470000), (147796250, 209610000)]
13:32:48: [INFO] Adding track segment (B.Cu): [(147796250, 209610000), (150336250, 212150000)]
13:32:48: [INFO] Routing SW78a with D78
13:32:48: [INFO] Using internal autorouter method
13:32:48: [INFO] Routing pad 'SW78a:2' at (131127500, 204470000) with pad 'D78:2' at (126523750, 212150000) using coordinate system rotated by 0 degree(s)
13:32:48: [INFO] Routing SW78 with D78
13:32:48: [INFO] Using internal autorouter method
13:32:48: [INFO] Routing pad 'SW78:2' at (123983750, 204470000) with pad 'D78:2' at (126523750, 212150000) using coordinate system rotated by 0 degree(s)
13:32:48: [INFO] Routing SW77a with D77
13:32:48: [INFO] Using internal autorouter method
13:32:48: [INFO] Routing pad 'SW77a:2' at (102552500, 204470000) with pad 'D77:2' at (102711250, 212150000) using coordinate system rotated by 0 degree(s)
13:32:48: [INFO] Routing SW77 with D77
13:32:48: [INFO] Using internal autorouter method
13:32:48: [INFO] Routing pad 'SW77:2' at (100171250, 204470000) with pad 'D77:2' at (102711250, 212150000) using coordinate system rotated by 0 degree(s)
13:32:48: [INFO] Routing SW76 with D76
13:32:48: [INFO] Using internal autorouter method
13:32:48: [INFO] Routing pad 'SW76:2' at (383540000, 185420000) with pad 'D76:2' at (386080000, 193100000) using coordinate system rotated by 0 degree(s)
13:32:48: [INFO] Adding track segment (B.Cu): [(383540000, 185420000), (383540000, 190560000)]
13:32:48: [INFO] Adding track segment (B.Cu): [(383540000, 190560000), (386080000, 193100000)]
13:32:48: [INFO] Routing SW75 with D75
13:32:48: [INFO] Using internal autorouter method
13:32:48: [INFO] Routing pad 'SW75:2' at (364490000, 185420000) with pad 'D75:2' at (367030000, 193100000) using coordinate system rotated by 0 degree(s)
13:32:48: [INFO] Adding track segment (B.Cu): [(364490000, 185420000), (364490000, 190560000)]
13:32:48: [INFO] Adding track segment (B.Cu): [(364490000, 190560000), (367030000, 193100000)]
13:32:48: [INFO] Routing SW74a with D74
13:32:48: [INFO] Using internal autorouter method
13:32:48: [INFO] Routing pad 'SW74a:2' at (345440000, 185420000) with pad 'D74:2' at (340836250, 193100000) using coordinate system rotated by 0 degree(s)
13:32:48: [INFO] Routing SW74 with D74
13:32:48: [INFO] Using internal autorouter method
13:32:48: [INFO] Routing pad 'SW74:2' at (338296250, 185420000) with pad 'D74:2' at (340836250, 193100000) using coordinate system rotated by 0 degree(s)
13:32:48: [INFO] Routing SW73a with D73
13:32:48: [INFO] Using internal autorouter method
13:32:48: [INFO] Routing pad 'SW73a:2' at (326390000, 185420000) with pad 'D73:2' at (314642500, 193100000) using coordinate system rotated by 0 degree(s)
13:32:48: [INFO] Routing SW73 with D73
13:32:48: [INFO] Using internal autorouter method
13:32:48: [INFO] Routing pad 'SW73:2' at (312102500, 185420000) with pad 'D73:2' at (314642500, 193100000) using coordinate system rotated by 0 degree(s)
13:32:48: [INFO] Adding track segment (B.Cu): [(312102500, 185420000), (312102500, 190560000)]
13:32:48: [INFO] Adding track segment (B.Cu): [(312102500, 190560000), (314642500, 193100000)]
13:32:48: [INFO] Routing SW72a with D72
13:32:48: [INFO] Using internal autorouter method
13:32:48: [INFO] Routing pad 'SW72a:2' at (300196250, 185420000) with pad 'D72:2' at (295592500, 193100000) using coordinate system rotated by 0 degree(s)
13:32:48: [INFO] Routing SW72 with D72
13:32:48: [INFO] Using internal autorouter method
13:32:48: [INFO] Routing pad 'SW72:2' at (293052500, 185420000) with pad 'D72:2' at (295592500, 193100000) using coordinate system rotated by 0 degree(s)
13:32:48: [INFO] Routing SW71 with D71
13:32:48: [INFO] Using internal autorouter method
13:32:48: [INFO] Routing pad 'SW71:2' at (274002500, 185420000) with pad 'D71:2' at (276542500, 193100000) using coordinate system rotated by 0 degree(s)
13:32:48: [INFO] Adding track segment (B.Cu): [(274002500, 185420000), (274002500, 190560000)]
13:32:48: [INFO] Adding track segment (B.Cu): [(274002500, 190560000), (276542500, 193100000)]
13:32:48: [INFO] Routing SW70 with D70
13:32:48: [INFO] Using internal autorouter method
13:32:48: [INFO] Routing pad 'SW70:2' at (254952500, 185420000) with pad 'D70:2' at (257492500, 193100000) using coordinate system rotated by 0 degree(s)
13:32:48: [INFO] Adding track segment (B.Cu): [(254952500, 185420000), (254952500, 190560000)]
13:32:48: [INFO] Adding track segment (B.Cu): [(254952500, 190560000), (257492500, 193100000)]
13:32:48: [INFO] Routing SW69 with D69
13:32:48: [INFO] Using internal autorouter method
13:32:48: [INFO] Routing pad 'SW69:2' at (235902500, 185420000) with pad 'D69:2' at (238442500, 193100000) using coordinate system rotated by 0 degree(s)
13:32:48: [INFO] Adding track segment (B.Cu): [(235902500, 185420000), (235902500, 190560000)]
13:32:48: [INFO] Adding track segment (B.Cu): [(235902500, 190560000), (238442500, 193100000)]
13:32:48: [INFO] Routing SW68 with D68
13:32:48: [INFO] Using internal autorouter method
13:32:48: [INFO] Routing pad 'SW68:2' at (216852500, 185420000) with pad 'D68:2' at (219392500, 193100000) using coordinate system rotated by 0 degree(s)
13:32:48: [INFO] Adding track segment (B.Cu): [(216852500, 185420000), (216852500, 190560000)]
13:32:48: [INFO] Adding track segment (B.Cu): [(216852500, 190560000), (219392500, 193100000)]
13:32:48: [INFO] Routing SW67 with D67
13:32:48: [INFO] Using internal autorouter method
13:32:48: [INFO] Routing pad 'SW67:2' at (197802500, 185420000) with pad 'D67:2' at (200342500, 193100000) using coordinate system rotated by 0 degree(s)
13:32:48: [INFO] Adding track segment (B.Cu): [(197802500, 185420000), (197802500, 190560000)]
13:32:48: [INFO] Adding track segment (B.Cu): [(197802500, 190560000), (200342500, 193100000)]
13:32:48: [INFO] Routing SW66 with D66
13:32:48: [INFO] Using internal autorouter method
13:32:48: [INFO] Routing pad 'SW66:2' at (178752500, 185420000) with pad 'D66:2' at (181292500, 193100000) using coordinate system rotated by 0 degree(s)
13:32:48: [INFO] Adding track segment (B.Cu): [(178752500, 185420000), (178752500, 190560000)]
13:32:48: [INFO] Adding track segment (B.Cu): [(178752500, 190560000), (181292500, 193100000)]
13:32:48: [INFO] Routing SW65 with D65
13:32:48: [INFO] Using internal autorouter method
13:32:48: [INFO] Routing pad 'SW65:2' at (159702500, 185420000) with pad 'D65:2' at (162242500, 193100000) using coordinate system rotated by 0 degree(s)
13:32:48: [INFO] Adding track segment (B.Cu): [(159702500, 185420000), (159702500, 190560000)]
13:32:48: [INFO] Adding track segment (B.Cu): [(159702500, 190560000), (162242500, 193100000)]
13:32:48: [INFO] Routing SW64 with D64
13:32:48: [INFO] Using internal autorouter method
13:32:48: [INFO] Routing pad 'SW64:2' at (140652500, 185420000) with pad 'D64:2' at (143192500, 193100000) using coordinate system rotated by 0 degree(s)
13:32:48: [INFO] Adding track segment (B.Cu): [(140652500, 185420000), (140652500, 190560000)]
13:32:48: [INFO] Adding track segment (B.Cu): [(140652500, 190560000), (143192500, 193100000)]
13:32:48: [INFO] Routing SW63 with D63
13:32:48: [INFO] Using internal autorouter method
13:32:48: [INFO] Routing pad 'SW63:2' at (121602500, 185420000) with pad 'D63:2' at (124142500, 193100000) using coordinate system rotated by 0 degree(s)
13:32:48: [INFO] Adding track segment (B.Cu): [(121602500, 185420000), (121602500, 190560000)]
13:32:48: [INFO] Adding track segment (B.Cu): [(121602500, 190560000), (124142500, 193100000)]
13:32:48: [INFO] Routing SW62a with D62
13:32:48: [INFO] Using internal autorouter method
13:32:48: [INFO] Routing pad 'SW62a:2' at (100171250, 185420000) with pad 'D62:2' at (112236250, 193100000) using coordinate system rotated by 0 degree(s)
13:32:48: [INFO] Routing SW62 with D62
13:32:48: [INFO] Using internal autorouter method
13:32:48: [INFO] Routing pad 'SW62:2' at (109696250, 185420000) with pad 'D62:2' at (112236250, 193100000) using coordinate system rotated by 0 degree(s)
13:32:48: [INFO] Adding track segment (B.Cu): [(109696250, 185420000), (109696250, 190560000)]
13:32:48: [INFO] Adding track segment (B.Cu): [(109696250, 190560000), (112236250, 193100000)]
13:32:48: [INFO] Routing SW61 with D61
13:32:48: [INFO] Using internal autorouter method
13:32:48: [INFO] Routing pad 'SW61:2' at (383540000, 166370000) with pad 'D61:2' at (386080000, 174050000) using coordinate system rotated by 0 degree(s)
13:32:48: [INFO] Adding track segment (B.Cu): [(383540000, 166370000), (383540000, 171510000)]
13:32:48: [INFO] Adding track segment (B.Cu): [(383540000, 171510000), (386080000, 174050000)]
13:32:48: [INFO] Routing SW60b with D60
13:32:48: [INFO] Using internal autorouter method
13:32:48: [INFO] Routing pad 'SW60b:2' at (364490000, 166370000) with pad 'D60:2' at (355123750, 174050000) using coordinate system rotated by 0 degree(s)
13:32:48: [INFO] Routing SW60a with D60
13:32:48: [INFO] Using internal autorouter method
13:32:48: [INFO] Routing pad 'SW60a:2' at (362108750, 156845000) with pad 'D60:2' at (355123750, 174050000) using coordinate system rotated by 0 degree(s)
13:32:48: [INFO] Routing SW60 with D60
13:32:48: [INFO] Using internal autorouter method
13:32:48: [INFO] Routing pad 'SW60:2' at (352583750, 166370000) with pad 'D60:2' at (355123750, 174050000) using coordinate system rotated by 0 degree(s)
13:32:48: [INFO] Adding track segment (B.Cu): [(352583750, 166370000), (352583750, 171510000)]
13:32:48: [INFO] Adding track segment (B.Cu): [(352583750, 171510000), (355123750, 174050000)]
13:32:48: [INFO] Routing SW59b with D59
13:32:48: [INFO] Using internal autorouter method
13:32:48: [INFO] Routing pad 'SW59b:2' at (324008750, 156845000) with pad 'D59:2' at (324167500, 174050000) using coordinate system rotated by 0 degree(s)
13:32:48: [INFO] Routing SW59a with D59
13:32:48: [INFO] Using internal autorouter method
13:32:48: [INFO] Routing pad 'SW59a:2' at (345440000, 166370000) with pad 'D59:2' at (324167500, 174050000) using coordinate system rotated by 0 degree(s)
13:32:48: [INFO] Routing SW59 with D59
13:32:48: [INFO] Using internal autorouter method
13:32:48: [INFO] Routing pad 'SW59:2' at (321627500, 166370000) with pad 'D59:2' at (324167500, 174050000) using coordinate system rotated by 0 degree(s)
13:32:48: [INFO] Adding track segment (B.Cu): [(321627500, 166370000), (321627500, 171510000)]
13:32:48: [INFO] Adding track segment (B.Cu): [(321627500, 171510000), (324167500, 174050000)]
13:32:48: [INFO] Routing SW58a with D58
13:32:48: [INFO] Using internal autorouter method
13:32:48: [INFO] Routing pad 'SW58a:2' at (314483750, 166370000) with pad 'D58:2' at (305117500, 174050000) using coordinate system rotated by 0 degree(s)
13:32:48: [INFO] Routing SW58 with D58
13:32:48: [INFO] Using internal autorouter method
13:32:48: [INFO] Routing pad 'SW58:2' at (302577500, 166370000) with pad 'D58:2' at (305117500, 174050000) using coordinate system rotated by 0 degree(s)
13:32:48: [INFO] Routing SW57 with D57
13:32:48: [INFO] Using internal autorouter method
13:32:48: [INFO] Routing pad 'SW57:2' at (283527500, 166370000) with pad 'D57:2' at (286067500, 174050000) using coordinate system rotated by 0 degree(s)
13:32:48: [INFO] Adding track segment (B.Cu): [(283527500, 166370000), (283527500, 171510000)]
13:32:48: [INFO] Adding track segment (B.Cu): [(283527500, 171510000), (286067500, 174050000)]
13:32:48: [INFO] Routing SW56 with D56
13:32:48: [INFO] Using internal autorouter method
13:32:48: [INFO] Routing pad 'SW56:2' at (264477500, 166370000) with pad 'D56:2' at (267017500, 174050000) using coordinate system rotated by 0 degree(s)
13:32:48: [INFO] Adding track segment (B.Cu): [(264477500, 166370000), (264477500, 171510000)]
13:32:48: [INFO] Adding track segment (B.Cu): [(264477500, 171510000), (267017500, 174050000)]
13:32:48: [INFO] Routing SW55 with D55
13:32:48: [INFO] Using internal autorouter method
13:32:48: [INFO] Routing pad 'SW55:2' at (245427500, 166370000) with pad 'D55:2' at (247967500, 174050000) using coordinate system rotated by 0 degree(s)
13:32:48: [INFO] Adding track segment (B.Cu): [(245427500, 166370000), (245427500, 171510000)]
13:32:48: [INFO] Adding track segment (B.Cu): [(245427500, 171510000), (247967500, 174050000)]
13:32:48: [INFO] Routing SW54 with D54
13:32:48: [INFO] Using internal autorouter method
13:32:48: [INFO] Routing pad 'SW54:2' at (226377500, 166370000) with pad 'D54:2' at (228917500, 174050000) using coordinate system rotated by 0 degree(s)
13:32:48: [INFO] Adding track segment (B.Cu): [(226377500, 166370000), (226377500, 171510000)]
13:32:48: [INFO] Adding track segment (B.Cu): [(226377500, 171510000), (228917500, 174050000)]
13:32:48: [INFO] Routing SW53 with D53
13:32:48: [INFO] Using internal autorouter method
13:32:48: [INFO] Routing pad 'SW53:2' at (207327500, 166370000) with pad 'D53:2' at (209867500, 174050000) using coordinate system rotated by 0 degree(s)
13:32:48: [INFO] Adding track segment (B.Cu): [(207327500, 166370000), (207327500, 171510000)]
13:32:48: [INFO] Adding track segment (B.Cu): [(207327500, 171510000), (209867500, 174050000)]
13:32:48: [INFO] Routing SW52 with D52
13:32:48: [INFO] Using internal autorouter method
13:32:48: [INFO] Routing pad 'SW52:2' at (188277500, 166370000) with pad 'D52:2' at (190817500, 174050000) using coordinate system rotated by 0 degree(s)
13:32:48: [INFO] Adding track segment (B.Cu): [(188277500, 166370000), (188277500, 171510000)]
13:32:48: [INFO] Adding track segment (B.Cu): [(188277500, 171510000), (190817500, 174050000)]
13:32:48: [INFO] Routing SW51 with D51
13:32:48: [INFO] Using internal autorouter method
13:32:48: [INFO] Routing pad 'SW51:2' at (169227500, 166370000) with pad 'D51:2' at (171767500, 174050000) using coordinate system rotated by 0 degree(s)
13:32:48: [INFO] Adding track segment (B.Cu): [(169227500, 166370000), (169227500, 171510000)]
13:32:48: [INFO] Adding track segment (B.Cu): [(169227500, 171510000), (171767500, 174050000)]
13:32:48: [INFO] Routing SW50 with D50
13:32:48: [INFO] Using internal autorouter method
13:32:48: [INFO] Routing pad 'SW50:2' at (150177500, 166370000) with pad 'D50:2' at (152717500, 174050000) using coordinate system rotated by 0 degree(s)
13:32:48: [INFO] Adding track segment (B.Cu): [(150177500, 166370000), (150177500, 171510000)]
13:32:48: [INFO] Adding track segment (B.Cu): [(150177500, 171510000), (152717500, 174050000)]
13:32:48: [INFO] Routing SW49 with D49
13:32:48: [INFO] Using internal autorouter method
13:32:48: [INFO] Routing pad 'SW49:2' at (131127500, 166370000) with pad 'D49:2' at (133667500, 174050000) using coordinate system rotated by 0 degree(s)
13:32:48: [INFO] Adding track segment (B.Cu): [(131127500, 166370000), (131127500, 171510000)]
13:32:48: [INFO] Adding track segment (B.Cu): [(131127500, 171510000), (133667500, 174050000)]
13:32:48: [INFO] Routing SW48 with D48
13:32:48: [INFO] Using internal autorouter method
13:32:48: [INFO] Routing pad 'SW48:2' at (104933750, 166370000) with pad 'D48:2' at (107473750, 174050000) using coordinate system rotated by 0 degree(s)
13:32:48: [INFO] Adding track segment (B.Cu): [(104933750, 166370000), (104933750, 171510000)]
13:32:48: [INFO] Adding track segment (B.Cu): [(104933750, 171510000), (107473750, 174050000)]
13:32:48: [INFO] Routing SW47 with D47
13:32:48: [INFO] Using internal autorouter method
13:32:48: [INFO] Routing pad 'SW47:2' at (383540000, 147320000) with pad 'D47:2' at (386080000, 155000000) using coordinate system rotated by 0 degree(s)
13:32:48: [INFO] Adding track segment (B.Cu): [(383540000, 147320000), (383540000, 152460000)]
13:32:48: [INFO] Adding track segment (B.Cu): [(383540000, 152460000), (386080000, 155000000)]
13:32:48: [INFO] Routing SW46b with D46
13:32:48: [INFO] Using internal autorouter method
13:32:48: [INFO] Routing pad 'SW46b:2' at (364490000, 147320000) with pad 'D46:2' at (362267500, 155000000) using coordinate system rotated by 0 degree(s)
13:32:48: [INFO] Routing SW46a with D46
13:32:48: [INFO] Using internal autorouter method
13:32:48: [INFO] Routing pad 'SW46a:2' at (340677500, 166370000) with pad 'D46:2' at (362267500, 155000000) using coordinate system rotated by 0 degree(s)
13:32:48: [INFO] Adding track segment (B.Cu): [(340677500, 166370000), (352047500, 155000000)]
13:32:48: [INFO] Adding track segment (B.Cu): [(352047500, 155000000), (362267500, 155000000)]
13:32:48: [INFO] Routing SW46 with D46
13:32:48: [INFO] Using internal autorouter method
13:32:48: [INFO] Routing pad 'SW46:2' at (359727500, 147320000) with pad 'D46:2' at (362267500, 155000000) using coordinate system rotated by 0 degree(s)
13:32:48: [INFO] Routing SW45a with D45
13:32:48: [INFO] Using internal autorouter method
13:32:48: [INFO] Routing pad 'SW45a:2' at (345440000, 147320000) with pad 'D45:2' at (338455000, 155000000) using coordinate system rotated by 0 degree(s)
13:32:48: [INFO] Routing SW45 with D45
13:32:48: [INFO] Using internal autorouter method
13:32:48: [INFO] Routing pad 'SW45:2' at (335915000, 147320000) with pad 'D45:2' at (338455000, 155000000) using coordinate system rotated by 0 degree(s)
13:32:49: [INFO] Adding track segment (B.Cu): [(335915000, 147320000), (335915000, 152460000)]
13:32:49: [INFO] Adding track segment (B.Cu): [(335915000, 152460000), (338455000, 155000000)]
13:32:49: [INFO] Routing SW44b with D44
13:32:49: [INFO] Using internal autorouter method
13:32:49: [INFO] Routing pad 'SW44b:2' at (302577500, 166370000) with pad 'D44:2' at (319405000, 155000000) using coordinate system rotated by 0 degree(s)
13:32:49: [INFO] Routing SW44a with D44
13:32:49: [INFO] Using internal autorouter method
13:32:49: [INFO] Routing pad 'SW44a:2' at (321627500, 147320000) with pad 'D44:2' at (319405000, 155000000) using coordinate system rotated by 0 degree(s)
13:32:49: [INFO] Routing SW44 with D44
13:32:49: [INFO] Using internal autorouter method
13:32:49: [INFO] Routing pad 'SW44:2' at (316865000, 147320000) with pad 'D44:2' at (319405000, 155000000) using coordinate system rotated by 0 degree(s)
13:32:49: [INFO] Routing SW43 with D43
13:32:49: [INFO] Using internal autorouter method
13:32:49: [INFO] Routing pad 'SW43:2' at (297815000, 147320000) with pad 'D43:2' at (300355000, 155000000) using coordinate system rotated by 0 degree(s)
13:32:49: [INFO] Adding track segment (B.Cu): [(297815000, 147320000), (297815000, 152460000)]
13:32:49: [INFO] Adding track segment (B.Cu): [(297815000, 152460000), (300355000, 155000000)]
13:32:49: [INFO] Routing SW42 with D42
13:32:49: [INFO] Using internal autorouter method
13:32:49: [INFO] Routing pad 'SW42:2' at (278765000, 147320000) with pad 'D42:2' at (281305000, 155000000) using coordinate system rotated by 0 degree(s)
13:32:49: [INFO] Adding track segment (B.Cu): [(278765000, 147320000), (278765000, 152460000)]
13:32:49: [INFO] Adding track segment (B.Cu): [(278765000, 152460000), (281305000, 155000000)]
13:32:49: [INFO] Routing SW41 with D41
13:32:49: [INFO] Using internal autorouter method
13:32:49: [INFO] Routing pad 'SW41:2' at (259715000, 147320000) with pad 'D41:2' at (262255000, 155000000) using coordinate system rotated by 0 degree(s)
13:32:49: [INFO] Adding track segment (B.Cu): [(259715000, 147320000), (259715000, 152460000)]
13:32:49: [INFO] Adding track segment (B.Cu): [(259715000, 152460000), (262255000, 155000000)]
13:32:49: [INFO] Routing SW40 with D40
13:32:49: [INFO] Using internal autorouter method
13:32:49: [INFO] Routing pad 'SW40:2' at (240665000, 147320000) with pad 'D40:2' at (243205000, 155000000) using coordinate system rotated by 0 degree(s)
13:32:49: [INFO] Adding track segment (B.Cu): [(240665000, 147320000), (240665000, 152460000)]
13:32:49: [INFO] Adding track segment (B.Cu): [(240665000, 152460000), (243205000, 155000000)]
13:32:49: [INFO] Routing SW39 with D39
13:32:49: [INFO] Using internal autorouter method
13:32:49: [INFO] Routing pad 'SW39:2' at (221615000, 147320000) with pad 'D39:2' at (224155000, 155000000) using coordinate system rotated by 0 degree(s)
13:32:49: [INFO] Adding track segment (B.Cu): [(221615000, 147320000), (221615000, 152460000)]
13:32:49: [INFO] Adding track segment (B.Cu): [(221615000, 152460000), (224155000, 155000000)]
13:32:49: [INFO] Routing SW38 with D38
13:32:49: [INFO] Using internal autorouter method
13:32:49: [INFO] Routing pad 'SW38:2' at (202565000, 147320000) with pad 'D38:2' at (205105000, 155000000) using coordinate system rotated by 0 degree(s)
13:32:49: [INFO] Adding track segment (B.Cu): [(202565000, 147320000), (202565000, 152460000)]
13:32:49: [INFO] Adding track segment (B.Cu): [(202565000, 152460000), (205105000, 155000000)]
13:32:49: [INFO] Routing SW37 with D37
13:32:49: [INFO] Using internal autorouter method
13:32:49: [INFO] Routing pad 'SW37:2' at (183515000, 147320000) with pad 'D37:2' at (186055000, 155000000) using coordinate system rotated by 0 degree(s)
13:32:49: [INFO] Adding track segment (B.Cu): [(183515000, 147320000), (183515000, 152460000)]
13:32:49: [INFO] Adding track segment (B.Cu): [(183515000, 152460000), (186055000, 155000000)]
13:32:49: [INFO] Routing SW36 with D36
13:32:49: [INFO] Using internal autorouter method
13:32:49: [INFO] Routing pad 'SW36:2' at (164465000, 147320000) with pad 'D36:2' at (167005000, 155000000) using coordinate system rotated by 0 degree(s)
13:32:49: [INFO] Adding track segment (B.Cu): [(164465000, 147320000), (164465000, 152460000)]
13:32:49: [INFO] Adding track segment (B.Cu): [(164465000, 152460000), (167005000, 155000000)]
13:32:49: [INFO] Routing SW35 with D35
13:32:49: [INFO] Using internal autorouter method
13:32:49: [INFO] Routing pad 'SW35:2' at (145415000, 147320000) with pad 'D35:2' at (147955000, 155000000) using coordinate system rotated by 0 degree(s)
13:32:49: [INFO] Adding track segment (B.Cu): [(145415000, 147320000), (145415000, 152460000)]
13:32:49: [INFO] Adding track segment (B.Cu): [(145415000, 152460000), (147955000, 155000000)]
13:32:49: [INFO] Routing SW34 with D34
13:32:49: [INFO] Using internal autorouter method
13:32:49: [INFO] Routing pad 'SW34:2' at (126365000, 147320000) with pad 'D34:2' at (128905000, 155000000) using coordinate system rotated by 0 degree(s)
13:32:49: [INFO] Adding track segment (B.Cu): [(126365000, 147320000), (126365000, 152460000)]
13:32:49: [INFO] Adding track segment (B.Cu): [(126365000, 152460000), (128905000, 155000000)]
13:32:49: [INFO] Routing SW33 with D33
13:32:49: [INFO] Using internal autorouter method
13:32:49: [INFO] Routing pad 'SW33:2' at (102552500, 147320000) with pad 'D33:2' at (105092500, 155000000) using coordinate system rotated by 0 degree(s)
13:32:49: [INFO] Adding track segment (B.Cu): [(102552500, 147320000), (102552500, 152460000)]
13:32:49: [INFO] Adding track segment (B.Cu): [(102552500, 152460000), (105092500, 155000000)]
13:32:49: [INFO] Routing SW32 with D32
13:32:49: [INFO] Using internal autorouter method
13:32:49: [INFO] Routing pad 'SW32:2' at (383540000, 128270000) with pad 'D32:2' at (386080000, 135950000) using coordinate system rotated by 0 degree(s)
13:32:49: [INFO] Adding track segment (B.Cu): [(383540000, 128270000), (383540000, 133410000)]
13:32:49: [INFO] Adding track segment (B.Cu): [(383540000, 133410000), (386080000, 135950000)]
13:32:49: [INFO] Routing SW31a with D31
13:32:49: [INFO] Using internal autorouter method
13:32:49: [INFO] Routing pad 'SW31a:2' at (364490000, 128270000) with pad 'D31:2' at (357505000, 135950000) using coordinate system rotated by 0 degree(s)
13:32:49: [INFO] Routing SW31 with D31
13:32:49: [INFO] Using internal autorouter method
13:32:49: [INFO] Routing pad 'SW31:2' at (354965000, 128270000) with pad 'D31:2' at (357505000, 135950000) using coordinate system rotated by 0 degree(s)
13:32:49: [INFO] Adding track segment (B.Cu): [(354965000, 128270000), (354965000, 133410000)]
13:32:49: [INFO] Adding track segment (B.Cu): [(354965000, 133410000), (357505000, 135950000)]
13:32:49: [INFO] Routing SW30 with D30
13:32:49: [INFO] Using internal autorouter method
13:32:49: [INFO] Routing pad 'SW30:2' at (345440000, 128270000) with pad 'D30:2' at (347980000, 135950000) using coordinate system rotated by 0 degree(s)
13:32:49: [INFO] Adding track segment (B.Cu): [(345440000, 128270000), (345440000, 133410000)]
13:32:49: [INFO] Adding track segment (B.Cu): [(345440000, 133410000), (347980000, 135950000)]
13:32:49: [INFO] Routing SW29a with D29
13:32:49: [INFO] Using internal autorouter method
13:32:49: [INFO] Routing pad 'SW29a:2' at (316865000, 128270000) with pad 'D29:2' at (328930000, 135950000) using coordinate system rotated by 0 degree(s)
13:32:49: [INFO] Routing SW29 with D29
13:32:49: [INFO] Using internal autorouter method
13:32:49: [INFO] Routing pad 'SW29:2' at (326390000, 128270000) with pad 'D29:2' at (328930000, 135950000) using coordinate system rotated by 0 degree(s)
13:32:49: [INFO] Adding track segment (B.Cu): [(326390000, 128270000), (326390000, 133410000)]
13:32:49: [INFO] Adding track segment (B.Cu): [(326390000, 133410000), (328930000, 135950000)]
13:32:49: [INFO] Routing SW28 with D28
13:32:49: [INFO] Using internal autorouter method
13:32:49: [INFO] Routing pad 'SW28:2' at (307340000, 128270000) with pad 'D28:2' at (309880000, 135950000) using coordinate system rotated by 0 degree(s)
13:32:49: [INFO] Adding track segment (B.Cu): [(307340000, 128270000), (307340000, 133410000)]
13:32:49: [INFO] Adding track segment (B.Cu): [(307340000, 133410000), (309880000, 135950000)]
13:32:49: [INFO] Routing SW27 with D27
13:32:49: [INFO] Using internal autorouter method
13:32:49: [INFO] Routing pad 'SW27:2' at (288290000, 128270000) with pad 'D27:2' at (290830000, 135950000) using coordinate system rotated by 0 degree(s)
13:32:49: [INFO] Adding track segment (B.Cu): [(288290000, 128270000), (288290000, 133410000)]
13:32:49: [INFO] Adding track segment (B.Cu): [(288290000, 133410000), (290830000, 135950000)]
13:32:49: [INFO] Routing SW26 with D26
13:32:49: [INFO] Using internal autorouter method
13:32:49: [INFO] Routing pad 'SW26:2' at (269240000, 128270000) with pad 'D26:2' at (271780000, 135950000) using coordinate system rotated by 0 degree(s)
13:32:49: [INFO] Adding track segment (B.Cu): [(269240000, 128270000), (269240000, 133410000)]
13:32:49: [INFO] Adding track segment (B.Cu): [(269240000, 133410000), (271780000, 135950000)]
13:32:49: [INFO] Routing SW25 with D25
13:32:49: [INFO] Using internal autorouter method
13:32:49: [INFO] Routing pad 'SW25:2' at (250190000, 128270000) with pad 'D25:2' at (252730000, 135950000) using coordinate system rotated by 0 degree(s)
13:32:49: [INFO] Adding track segment (B.Cu): [(250190000, 128270000), (250190000, 133410000)]
13:32:49: [INFO] Adding track segment (B.Cu): [(250190000, 133410000), (252730000, 135950000)]
13:32:49: [INFO] Routing SW24 with D24
13:32:49: [INFO] Using internal autorouter method
13:32:49: [INFO] Routing pad 'SW24:2' at (231140000, 128270000) with pad 'D24:2' at (233680000, 135950000) using coordinate system rotated by 0 degree(s)
13:32:49: [INFO] Adding track segment (B.Cu): [(231140000, 128270000), (231140000, 133410000)]
13:32:49: [INFO] Adding track segment (B.Cu): [(231140000, 133410000), (233680000, 135950000)]
13:32:49: [INFO] Routing SW23 with D23
13:32:49: [INFO] Using internal autorouter method
13:32:49: [INFO] Routing pad 'SW23:2' at (212090000, 128270000) with pad 'D23:2' at (214630000, 135950000) using coordinate system rotated by 0 degree(s)
13:32:49: [INFO] Adding track segment (B.Cu): [(212090000, 128270000), (212090000, 133410000)]
13:32:49: [INFO] Adding track segment (B.Cu): [(212090000, 133410000), (214630000, 135950000)]
13:32:49: [INFO] Routing SW22 with D22
13:32:49: [INFO] Using internal autorouter method
13:32:49: [INFO] Routing pad 'SW22:2' at (193040000, 128270000) with pad 'D22:2' at (195580000, 135950000) using coordinate system rotated by 0 degree(s)
13:32:49: [INFO] Adding track segment (B.Cu): [(193040000, 128270000), (193040000, 133410000)]
13:32:49: [INFO] Adding track segment (B.Cu): [(193040000, 133410000), (195580000, 135950000)]
13:32:49: [INFO] Routing SW21 with D21
13:32:49: [INFO] Using internal autorouter method
13:32:49: [INFO] Routing pad 'SW21:2' at (173990000, 128270000) with pad 'D21:2' at (176530000, 135950000) using coordinate system rotated by 0 degree(s)
13:32:49: [INFO] Adding track segment (B.Cu): [(173990000, 128270000), (173990000, 133410000)]
13:32:49: [INFO] Adding track segment (B.Cu): [(173990000, 133410000), (176530000, 135950000)]
13:32:49: [INFO] Routing SW20 with D20
13:32:49: [INFO] Using internal autorouter method
13:32:49: [INFO] Routing pad 'SW20:2' at (154940000, 128270000) with pad 'D20:2' at (157480000, 135950000) using coordinate system rotated by 0 degree(s)
13:32:49: [INFO] Adding track segment (B.Cu): [(154940000, 128270000), (154940000, 133410000)]
13:32:49: [INFO] Adding track segment (B.Cu): [(154940000, 133410000), (157480000, 135950000)]
13:32:49: [INFO] Routing SW19 with D19
13:32:49: [INFO] Using internal autorouter method
13:32:49: [INFO] Routing pad 'SW19:2' at (135890000, 128270000) with pad 'D19:2' at (138430000, 135950000) using coordinate system rotated by 0 degree(s)
13:32:49: [INFO] Adding track segment (B.Cu): [(135890000, 128270000), (135890000, 133410000)]
13:32:49: [INFO] Adding track segment (B.Cu): [(135890000, 133410000), (138430000, 135950000)]
13:32:49: [INFO] Routing SW18 with D18
13:32:49: [INFO] Using internal autorouter method
13:32:49: [INFO] Routing pad 'SW18:2' at (116840000, 128270000) with pad 'D18:2' at (119380000, 135950000) using coordinate system rotated by 0 degree(s)
13:32:49: [INFO] Adding track segment (B.Cu): [(116840000, 128270000), (116840000, 133410000)]
13:32:49: [INFO] Adding track segment (B.Cu): [(116840000, 133410000), (119380000, 135950000)]
13:32:49: [INFO] Routing SW17 with D17
13:32:49: [INFO] Using internal autorouter method
13:32:49: [INFO] Routing pad 'SW17:2' at (97790000, 128270000) with pad 'D17:2' at (100330000, 135950000) using coordinate system rotated by 0 degree(s)
13:32:49: [INFO] Adding track segment (B.Cu): [(97790000, 128270000), (97790000, 133410000)]
13:32:49: [INFO] Adding track segment (B.Cu): [(97790000, 133410000), (100330000, 135950000)]
13:32:49: [INFO] Routing SW16 with D16
13:32:49: [INFO] Using internal autorouter method
13:32:49: [INFO] Routing pad 'SW16:2' at (383540000, 109220000) with pad 'D16:2' at (386080000, 116900000) using coordinate system rotated by 0 degree(s)
13:32:49: [INFO] Adding track segment (B.Cu): [(383540000, 109220000), (383540000, 114360000)]
13:32:49: [INFO] Adding track segment (B.Cu): [(383540000, 114360000), (386080000, 116900000)]
13:32:49: [INFO] Routing SW15 with D15
13:32:49: [INFO] Using internal autorouter method
13:32:49: [INFO] Routing pad 'SW15:2' at (364490000, 109220000) with pad 'D15:2' at (367030000, 116900000) using coordinate system rotated by 0 degree(s)
13:32:49: [INFO] Adding track segment (B.Cu): [(364490000, 109220000), (364490000, 114360000)]
13:32:49: [INFO] Adding track segment (B.Cu): [(364490000, 114360000), (367030000, 116900000)]
13:32:49: [INFO] Routing SW14 with D14
13:32:49: [INFO] Using internal autorouter method
13:32:49: [INFO] Routing pad 'SW14:2' at (345440000, 109220000) with pad 'D14:2' at (347980000, 116900000) using coordinate system rotated by 0 degree(s)
13:32:49: [INFO] Adding track segment (B.Cu): [(345440000, 109220000), (345440000, 114360000)]
13:32:49: [INFO] Adding track segment (B.Cu): [(345440000, 114360000), (347980000, 116900000)]
13:32:49: [INFO] Routing SW13 with D13
13:32:49: [INFO] Using internal autorouter method
13:32:49: [INFO] Routing pad 'SW13:2' at (326390000, 109220000) with pad 'D13:2' at (328930000, 116900000) using coordinate system rotated by 0 degree(s)
13:32:49: [INFO] Adding track segment (B.Cu): [(326390000, 109220000), (326390000, 114360000)]
13:32:49: [INFO] Adding track segment (B.Cu): [(326390000, 114360000), (328930000, 116900000)]
13:32:49: [INFO] Routing SW12 with D12
13:32:49: [INFO] Using internal autorouter method
13:32:49: [INFO] Routing pad 'SW12:2' at (307340000, 109220000) with pad 'D12:2' at (309880000, 116900000) using coordinate system rotated by 0 degree(s)
13:32:49: [INFO] Adding track segment (B.Cu): [(307340000, 109220000), (307340000, 114360000)]
13:32:49: [INFO] Adding track segment (B.Cu): [(307340000, 114360000), (309880000, 116900000)]
13:32:49: [INFO] Routing SW11 with D11
13:32:49: [INFO] Using internal autorouter method
13:32:49: [INFO] Routing pad 'SW11:2' at (288290000, 109220000) with pad 'D11:2' at (290830000, 116900000) using coordinate system rotated by 0 degree(s)
13:32:49: [INFO] Adding track segment (B.Cu): [(288290000, 109220000), (288290000, 114360000)]
13:32:49: [INFO] Adding track segment (B.Cu): [(288290000, 114360000), (290830000, 116900000)]
13:32:49: [INFO] Routing SW10 with D10
13:32:49: [INFO] Using internal autorouter method
13:32:49: [INFO] Routing pad 'SW10:2' at (269240000, 109220000) with pad 'D10:2' at (271780000, 116900000) using coordinate system rotated by 0 degree(s)
13:32:49: [INFO] Adding track segment (B.Cu): [(269240000, 109220000), (269240000, 114360000)]
13:32:49: [INFO] Adding track segment (B.Cu): [(269240000, 114360000), (271780000, 116900000)]
13:32:50: [INFO] Routing SW9 with D9
13:32:50: [INFO] Using internal autorouter method
13:32:50: [INFO] Routing pad 'SW9:2' at (250190000, 109220000) with pad 'D9:2' at (252730000, 116900000) using coordinate system rotated by 0 degree(s)
13:32:50: [INFO] Adding track segment (B.Cu): [(250190000, 109220000), (250190000, 114360000)]
13:32:50: [INFO] Adding track segment (B.Cu): [(250190000, 114360000), (252730000, 116900000)]
13:32:50: [INFO] Routing SW8 with D8
13:32:50: [INFO] Using internal autorouter method
13:32:50: [INFO] Routing pad 'SW8:2' at (231140000, 109220000) with pad 'D8:2' at (233680000, 116900000) using coordinate system rotated by 0 degree(s)
13:32:50: [INFO] Adding track segment (B.Cu): [(231140000, 109220000), (231140000, 114360000)]
13:32:50: [INFO] Adding track segment (B.Cu): [(231140000, 114360000), (233680000, 116900000)]
13:32:50: [INFO] Routing SW7 with D7
13:32:50: [INFO] Using internal autorouter method
13:32:50: [INFO] Routing pad 'SW7:2' at (212090000, 109220000) with pad 'D7:2' at (214630000, 116900000) using coordinate system rotated by 0 degree(s)
13:32:50: [INFO] Adding track segment (B.Cu): [(212090000, 109220000), (212090000, 114360000)]
13:32:50: [INFO] Adding track segment (B.Cu): [(212090000, 114360000), (214630000, 116900000)]
13:32:50: [INFO] Routing SW6 with D6
13:32:50: [INFO] Using internal autorouter method
13:32:50: [INFO] Routing pad 'SW6:2' at (193040000, 109220000) with pad 'D6:2' at (195580000, 116900000) using coordinate system rotated by 0 degree(s)
13:32:50: [INFO] Adding track segment (B.Cu): [(193040000, 109220000), (193040000, 114360000)]
13:32:50: [INFO] Adding track segment (B.Cu): [(193040000, 114360000), (195580000, 116900000)]
13:32:50: [INFO] Routing SW5 with D5
13:32:50: [INFO] Using internal autorouter method
13:32:50: [INFO] Routing pad 'SW5:2' at (173990000, 109220000) with pad 'D5:2' at (176530000, 116900000) using coordinate system rotated by 0 degree(s)
13:32:50: [INFO] Adding track segment (B.Cu): [(173990000, 109220000), (173990000, 114360000)]
13:32:50: [INFO] Adding track segment (B.Cu): [(173990000, 114360000), (176530000, 116900000)]
13:32:50: [INFO] Routing SW4 with D4
13:32:50: [INFO] Using internal autorouter method
13:32:50: [INFO] Routing pad 'SW4:2' at (154940000, 109220000) with pad 'D4:2' at (157480000, 116900000) using coordinate system rotated by 0 degree(s)
13:32:50: [INFO] Adding track segment (B.Cu): [(154940000, 109220000), (154940000, 114360000)]
13:32:50: [INFO] Adding track segment (B.Cu): [(154940000, 114360000), (157480000, 116900000)]
13:32:50: [INFO] Routing SW3 with D3
13:32:50: [INFO] Using internal autorouter method
13:32:50: [INFO] Routing pad 'SW3:2' at (135890000, 109220000) with pad 'D3:2' at (138430000, 116900000) using coordinate system rotated by 0 degree(s)
13:32:50: [INFO] Adding track segment (B.Cu): [(135890000, 109220000), (135890000, 114360000)]
13:32:50: [INFO] Adding track segment (B.Cu): [(135890000, 114360000), (138430000, 116900000)]
13:32:50: [INFO] Routing SW2 with D2
13:32:50: [INFO] Using internal autorouter method
13:32:50: [INFO] Routing pad 'SW2:2' at (116840000, 109220000) with pad 'D2:2' at (119380000, 116900000) using coordinate system rotated by 0 degree(s)
13:32:50: [INFO] Adding track segment (B.Cu): [(116840000, 109220000), (116840000, 114360000)]
13:32:50: [INFO] Adding track segment (B.Cu): [(116840000, 114360000), (119380000, 116900000)]
13:32:50: [INFO] Routing SW1 with D1
13:32:50: [INFO] Using internal autorouter method
13:32:50: [INFO] Routing pad 'SW1:2' at (97790000, 109220000) with pad 'D1:2' at (100330000, 116900000) using coordinate system rotated by 0 degree(s)
13:32:50: [INFO] Adding track segment (B.Cu): [(97790000, 109220000), (97790000, 114360000)]
13:32:50: [INFO] Adding track segment (B.Cu): [(97790000, 114360000), (100330000, 116900000)]
13:32:50: [INFO] Routing COL8 pads
13:32:50: [INFO] Routing pad 'SW40:1' at (234315000, 149860000) with pad 'SW55:1' at (239077500, 168910000) using coordinate system rotated by 0 degree(s)
13:32:50: [INFO] Adding track segment (F.Cu): [(234315000, 149860000), (234315000, 164147500)]
13:32:50: [INFO] Adding track segment (F.Cu): [(234315000, 164147500), (239077500, 168910000)]
13:32:50: [INFO] Routing pad 'SW25:1' at (243840000, 130810000) with pad 'SW9:1' at (243840000, 111760000) using coordinate system rotated by 0 degree(s)
13:32:50: [INFO] Adding track segment (F.Cu): [(243840000, 130810000), (243840000, 111760000)]
13:32:50: [INFO] Routing pad 'SW40:1' at (234315000, 149860000) with pad 'SW25:1' at (243840000, 130810000) using coordinate system rotated by 0 degree(s)
13:32:50: [INFO] Adding track segment (F.Cu): [(234315000, 149860000), (243840000, 140335000)]
13:32:50: [INFO] Adding track segment (F.Cu): [(243840000, 140335000), (243840000, 130810000)]
13:32:50: [INFO] Routing pad 'SW70:1' at (248602500, 187960000) with pad 'SW82:1' at (246221250, 207010000) using coordinate system rotated by 0 degree(s)
13:32:50: [INFO] Adding track segment (F.Cu): [(248602500, 187960000), (248602500, 204628750)]
13:32:50: [INFO] Adding track segment (F.Cu): [(248602500, 204628750), (246221250, 207010000)]
13:32:50: [INFO] Routing pad 'SW55:1' at (239077500, 168910000) with pad 'SW70:1' at (248602500, 187960000) using coordinate system rotated by 0 degree(s)
13:32:50: [INFO] Adding track segment (F.Cu): [(239077500, 168910000), (239077500, 178435000)]
13:32:50: [INFO] Adding track segment (F.Cu): [(239077500, 178435000), (248602500, 187960000)]
13:32:50: [INFO] Routing COL15 pads
13:32:50: [INFO] Routing pad 'SW16:1' at (377190000, 111760000) with pad 'SW32:1' at (377190000, 130810000) using coordinate system rotated by 0 degree(s)
13:32:50: [INFO] Adding track segment (F.Cu): [(377190000, 111760000), (377190000, 130810000)]
13:32:50: [INFO] Routing pad 'SW32:1' at (377190000, 130810000) with pad 'SW47:1' at (377190000, 149860000) using coordinate system rotated by 0 degree(s)
13:32:50: [INFO] Adding track segment (F.Cu): [(377190000, 130810000), (377190000, 149860000)]
13:32:50: [INFO] Routing pad 'SW47:1' at (377190000, 149860000) with pad 'SW61:1' at (377190000, 168910000) using coordinate system rotated by 0 degree(s)
13:32:50: [INFO] Adding track segment (F.Cu): [(377190000, 149860000), (377190000, 168910000)]
13:32:50: [INFO] Routing pad 'SW61:1' at (377190000, 168910000) with pad 'SW76:1' at (377190000, 187960000) using coordinate system rotated by 0 degree(s)
13:32:50: [INFO] Adding track segment (F.Cu): [(377190000, 168910000), (377190000, 187960000)]
13:32:50: [INFO] Routing pad 'SW76:1' at (377190000, 187960000) with pad 'SW88:1' at (377190000, 207010000) using coordinate system rotated by 0 degree(s)
13:32:50: [INFO] Adding track segment (F.Cu): [(377190000, 187960000), (377190000, 207010000)]
13:32:50: [INFO] Routing COL4 pads
13:32:50: [INFO] Routing pad 'SW36:1' at (158115000, 149860000) with pad 'SW51:1' at (162877500, 168910000) using coordinate system rotated by 0 degree(s)
13:32:50: [INFO] Adding track segment (F.Cu): [(158115000, 149860000), (158115000, 164147500)]
13:32:50: [INFO] Adding track segment (F.Cu): [(158115000, 164147500), (162877500, 168910000)]
13:32:50: [INFO] Routing pad 'SW21:1' at (167640000, 130810000) with pad 'SW5:1' at (167640000, 111760000) using coordinate system rotated by 0 degree(s)
13:32:50: [INFO] Adding track segment (F.Cu): [(167640000, 130810000), (167640000, 111760000)]
13:32:50: [INFO] Routing pad 'SW36:1' at (158115000, 149860000) with pad 'SW21:1' at (167640000, 130810000) using coordinate system rotated by 0 degree(s)
13:32:50: [INFO] Adding track segment (F.Cu): [(158115000, 149860000), (167640000, 140335000)]
13:32:50: [INFO] Adding track segment (F.Cu): [(167640000, 140335000), (167640000, 130810000)]
13:32:50: [INFO] Routing pad 'SW51:1' at (162877500, 168910000) with pad 'SW66:1' at (172402500, 187960000) using coordinate system rotated by 0 degree(s)
13:32:50: [INFO] Adding track segment (F.Cu): [(162877500, 168910000), (162877500, 178435000)]
13:32:50: [INFO] Adding track segment (F.Cu): [(162877500, 178435000), (172402500, 187960000)]
13:32:50: [INFO] Routing pad 'SW66:1' at (172402500, 187960000) with pad 'SW80:1' at (174783750, 207010000) using coordinate system rotated by 0 degree(s)
13:32:50: [INFO] Adding track segment (F.Cu): [(172402500, 187960000), (172402500, 204628750)]
13:32:50: [INFO] Adding track segment (F.Cu): [(172402500, 204628750), (174783750, 207010000)]
13:32:50: [INFO] Routing COL13 pads
13:32:50: [INFO] Routing pad 'SW74a:1' at (339090000, 187960000) with pad 'SW74:1' at (331946250, 187960000) using coordinate system rotated by 0 degree(s)
13:32:50: [INFO] Adding track segment (F.Cu): [(339090000, 187960000), (331946250, 187960000)]
13:32:50: [INFO] Routing pad 'SW30:1' at (339090000, 130810000) with pad 'SW14:1' at (339090000, 111760000) using coordinate system rotated by 0 degree(s)
13:32:50: [INFO] Adding track segment (F.Cu): [(339090000, 130810000), (339090000, 111760000)]
13:32:50: [INFO] Could not add track segment due to detected collision
13:32:50: [INFO] Routing pad 'SW45a:1' at (339090000, 149860000) with pad 'SW30:1' at (339090000, 130810000) using coordinate system rotated by 0 degree(s)
13:32:50: [INFO] Adding track segment (F.Cu): [(339090000, 149860000), (339090000, 130810000)]
13:32:50: [INFO] Could not add track segment due to detected collision
13:32:50: [INFO] Routing pad 'SW45:1' at (329565000, 149860000) with pad 'SW45a:1' at (339090000, 149860000) using coordinate system rotated by 0 degree(s)
13:32:50: [INFO] Adding track segment (F.Cu): [(329565000, 149860000), (339090000, 149860000)]
13:32:50: [INFO] Could not add track segment due to detected collision
13:32:50: [INFO] Routing pad 'SW60:1' at (346233750, 168910000) with pad 'SW74a:1' at (339090000, 187960000) using coordinate system rotated by 0 degree(s)
13:32:50: [INFO] Adding track segment (F.Cu): [(346233750, 168910000), (346233750, 180816250)]
13:32:50: [INFO] Adding track segment (F.Cu): [(346233750, 180816250), (339090000, 187960000)]
13:32:50: [INFO] Routing pad 'SW74a:1' at (339090000, 187960000) with pad 'SW86:1' at (339090000, 207010000) using coordinate system rotated by 0 degree(s)
13:32:50: [INFO] Adding track segment (F.Cu): [(339090000, 187960000), (339090000, 207010000)]
13:32:50: [INFO] Routing pad 'SW60b:1' at (358140000, 168910000) with pad 'SW60:1' at (346233750, 168910000) using coordinate system rotated by 0 degree(s)
13:32:50: [INFO] Adding track segment (F.Cu): [(358140000, 168910000), (346233750, 168910000)]
13:32:50: [INFO] Routing pad 'SW45a:1' at (339090000, 149860000) with pad 'SW60a:1' at (355758750, 159385000) using coordinate system rotated by 0 degree(s)
13:32:50: [INFO] Routing pad 'SW60a:1' at (355758750, 159385000) with pad 'SW60b:1' at (358140000, 168910000) using coordinate system rotated by 0 degree(s)
13:32:50: [INFO] Adding track segment (F.Cu): [(355758750, 159385000), (355758750, 166528750)]
13:32:50: [INFO] Adding track segment (F.Cu): [(355758750, 166528750), (358140000, 168910000)]
13:32:50: [INFO] Routing ROW4 pads
13:32:50: [INFO] Routing pad 'D62:1' at (112236250, 195900000) with pad 'D63:1' at (124142500, 195900000) using coordinate system rotated by 0 degree(s)
13:32:50: [INFO] Adding track segment (B.Cu): [(112236250, 195900000), (124142500, 195900000)]
13:32:50: [INFO] Routing pad 'D63:1' at (124142500, 195900000) with pad 'D64:1' at (143192500, 195900000) using coordinate system rotated by 0 degree(s)
13:32:50: [INFO] Adding track segment (B.Cu): [(124142500, 195900000), (143192500, 195900000)]
13:32:50: [INFO] Routing pad 'D64:1' at (143192500, 195900000) with pad 'D65:1' at (162242500, 195900000) using coordinate system rotated by 0 degree(s)
13:32:50: [INFO] Adding track segment (B.Cu): [(143192500, 195900000), (162242500, 195900000)]
13:32:50: [INFO] Routing pad 'D65:1' at (162242500, 195900000) with pad 'D66:1' at (181292500, 195900000) using coordinate system rotated by 0 degree(s)
13:32:50: [INFO] Adding track segment (B.Cu): [(162242500, 195900000), (181292500, 195900000)]
13:32:50: [INFO] Routing pad 'D66:1' at (181292500, 195900000) with pad 'D67:1' at (200342500, 195900000) using coordinate system rotated by 0 degree(s)
13:32:50: [INFO] Adding track segment (B.Cu): [(181292500, 195900000), (200342500, 195900000)]
13:32:50: [INFO] Routing pad 'D67:1' at (200342500, 195900000) with pad 'D68:1' at (219392500, 195900000) using coordinate system rotated by 0 degree(s)
13:32:50: [INFO] Adding track segment (B.Cu): [(200342500, 195900000), (219392500, 195900000)]
13:32:50: [INFO] Routing pad 'D68:1' at (219392500, 195900000) with pad 'D69:1' at (238442500, 195900000) using coordinate system rotated by 0 degree(s)
13:32:50: [INFO] Adding track segment (B.Cu): [(219392500, 195900000), (238442500, 195900000)]
13:32:50: [INFO] Routing pad 'D69:1' at (238442500, 195900000) with pad 'D70:1' at (257492500, 195900000) using coordinate system rotated by 0 degree(s)
13:32:50: [INFO] Adding track segment (B.Cu): [(238442500, 195900000), (257492500, 195900000)]
13:32:50: [INFO] Routing pad 'D70:1' at (257492500, 195900000) with pad 'D71:1' at (276542500, 195900000) using coordinate system rotated by 0 degree(s)
13:32:50: [INFO] Adding track segment (B.Cu): [(257492500, 195900000), (276542500, 195900000)]
13:32:50: [INFO] Routing pad 'D71:1' at (276542500, 195900000) with pad 'D72:1' at (295592500, 195900000) using coordinate system rotated by 0 degree(s)
13:32:50: [INFO] Adding track segment (B.Cu): [(276542500, 195900000), (295592500, 195900000)]
13:32:50: [INFO] Routing pad 'D72:1' at (295592500, 195900000) with pad 'D73:1' at (314642500, 195900000) using coordinate system rotated by 0 degree(s)
13:32:50: [INFO] Adding track segment (B.Cu): [(295592500, 195900000), (314642500, 195900000)]
13:32:50: [INFO] Routing pad 'D73:1' at (314642500, 195900000) with pad 'D74:1' at (340836250, 195900000) using coordinate system rotated by 0 degree(s)
13:32:50: [INFO] Adding track segment (B.Cu): [(314642500, 195900000), (340836250, 195900000)]
13:32:50: [INFO] Routing pad 'D74:1' at (340836250, 195900000) with pad 'D75:1' at (367030000, 195900000) using coordinate system rotated by 0 degree(s)
13:32:50: [INFO] Adding track segment (B.Cu): [(340836250, 195900000), (367030000, 195900000)]
13:32:50: [INFO] Routing pad 'D75:1' at (367030000, 195900000) with pad 'D76:1' at (386080000, 195900000) using coordinate system rotated by 0 degree(s)
13:32:50: [INFO] Adding track segment (B.Cu): [(367030000, 195900000), (386080000, 195900000)]
13:32:50: [INFO] Routing COL0 pads
13:32:50: [INFO] Routing pad 'SW1:1' at (91440000, 111760000) with pad 'SW17:1' at (91440000, 130810000) using coordinate system rotated by 0 degree(s)
13:32:50: [INFO] Adding track segment (F.Cu): [(91440000, 111760000), (91440000, 130810000)]
13:32:50: [INFO] Routing pad 'SW48:1' at (98583750, 168910000) with pad 'SW62a:1' at (93821250, 187960000) using coordinate system rotated by 0 degree(s)
13:32:50: [INFO] Adding track segment (F.Cu): [(98583750, 168910000), (98583750, 183197500)]
13:32:50: [INFO] Adding track segment (F.Cu): [(98583750, 183197500), (93821250, 187960000)]
13:32:50: [INFO] Routing pad 'SW62a:1' at (93821250, 187960000) with pad 'SW77:1' at (93821250, 207010000) using coordinate system rotated by 0 degree(s)
13:32:50: [INFO] Adding track segment (F.Cu): [(93821250, 187960000), (93821250, 207010000)]
13:32:50: [INFO] Could not add track segment due to detected collision
13:32:50: [INFO] Routing pad 'SW17:1' at (91440000, 130810000) with pad 'SW33:1' at (96202500, 149860000) using coordinate system rotated by 0 degree(s)
13:32:50: [INFO] Adding track segment (F.Cu): [(91440000, 130810000), (91440000, 145097500)]
13:32:50: [INFO] Adding track segment (F.Cu): [(91440000, 145097500), (96202500, 149860000)]
13:32:50: [INFO] Routing pad 'SW77:1' at (93821250, 207010000) with pad 'SW77a:1' at (96202500, 207010000) using coordinate system rotated by 0 degree(s)
13:32:50: [INFO] Adding track segment (F.Cu): [(93821250, 207010000), (96202500, 207010000)]
13:32:50: [INFO] Routing pad 'SW33:1' at (96202500, 149860000) with pad 'SW48:1' at (98583750, 168910000) using coordinate system rotated by 0 degree(s)
13:32:50: [INFO] Adding track segment (F.Cu): [(96202500, 149860000), (96202500, 166528750)]
13:32:50: [INFO] Adding track segment (F.Cu): [(96202500, 166528750), (98583750, 168910000)]
13:32:50: [INFO] Routing pad 'SW62a:1' at (93821250, 187960000) with pad 'SW62:1' at (103346250, 187960000) using coordinate system rotated by 0 degree(s)
13:32:50: [INFO] Adding track segment (F.Cu): [(93821250, 187960000), (103346250, 187960000)]
13:32:50: [INFO] Routing ROW3 pads
13:32:50: [INFO] Routing pad 'D48:1' at (107473750, 176850000) with pad 'D49:1' at (133667500, 176850000) using coordinate system rotated by 0 degree(s)
13:32:50: [INFO] Adding track segment (B.Cu): [(107473750, 176850000), (133667500, 176850000)]
13:32:50: [INFO] Routing pad 'D49:1' at (133667500, 176850000) with pad 'D50:1' at (152717500, 176850000) using coordinate system rotated by 0 degree(s)
13:32:50: [INFO] Adding track segment (B.Cu): [(133667500, 176850000), (152717500, 176850000)]
13:32:50: [INFO] Routing pad 'D50:1' at (152717500, 176850000) with pad 'D51:1' at (171767500, 176850000) using coordinate system rotated by 0 degree(s)
13:32:50: [INFO] Adding track segment (B.Cu): [(152717500, 176850000), (171767500, 176850000)]
13:32:50: [INFO] Routing pad 'D51:1' at (171767500, 176850000) with pad 'D52:1' at (190817500, 176850000) using coordinate system rotated by 0 degree(s)
13:32:50: [INFO] Adding track segment (B.Cu): [(171767500, 176850000), (190817500, 176850000)]
13:32:50: [INFO] Routing pad 'D52:1' at (190817500, 176850000) with pad 'D53:1' at (209867500, 176850000) using coordinate system rotated by 0 degree(s)
13:32:50: [INFO] Adding track segment (B.Cu): [(190817500, 176850000), (209867500, 176850000)]
13:32:50: [INFO] Routing pad 'D53:1' at (209867500, 176850000) with pad 'D54:1' at (228917500, 176850000) using coordinate system rotated by 0 degree(s)
13:32:50: [INFO] Adding track segment (B.Cu): [(209867500, 176850000), (228917500, 176850000)]
13:32:50: [INFO] Routing pad 'D54:1' at (228917500, 176850000) with pad 'D55:1' at (247967500, 176850000) using coordinate system rotated by 0 degree(s)
13:32:50: [INFO] Adding track segment (B.Cu): [(228917500, 176850000), (247967500, 176850000)]
13:32:50: [INFO] Routing pad 'D55:1' at (247967500, 176850000) with pad 'D56:1' at (267017500, 176850000) using coordinate system rotated by 0 degree(s)
13:32:50: [INFO] Adding track segment (B.Cu): [(247967500, 176850000), (267017500, 176850000)]
13:32:50: [INFO] Routing pad 'D56:1' at (267017500, 176850000) with pad 'D57:1' at (286067500, 176850000) using coordinate system rotated by 0 degree(s)
13:32:50: [INFO] Adding track segment (B.Cu): [(267017500, 176850000), (286067500, 176850000)]
13:32:50: [INFO] Routing pad 'D57:1' at (286067500, 176850000) with pad 'D58:1' at (305117500, 176850000) using coordinate system rotated by 0 degree(s)
13:32:50: [INFO] Adding track segment (B.Cu): [(286067500, 176850000), (305117500, 176850000)]
13:32:50: [INFO] Routing pad 'D58:1' at (305117500, 176850000) with pad 'D59:1' at (324167500, 176850000) using coordinate system rotated by 0 degree(s)
13:32:50: [INFO] Adding track segment (B.Cu): [(305117500, 176850000), (324167500, 176850000)]
13:32:50: [INFO] Routing pad 'D59:1' at (324167500, 176850000) with pad 'D60:1' at (355123750, 176850000) using coordinate system rotated by 0 degree(s)
13:32:50: [INFO] Adding track segment (B.Cu): [(324167500, 176850000), (355123750, 176850000)]
13:32:50: [INFO] Routing pad 'D60:1' at (355123750, 176850000) with pad 'D61:1' at (386080000, 176850000) using coordinate system rotated by 0 degree(s)
13:32:50: [INFO] Adding track segment (B.Cu): [(355123750, 176850000), (386080000, 176850000)]
13:32:50: [INFO] Routing COL14 pads
13:32:50: [INFO] Routing pad 'SW31a:1' at (358140000, 130810000) with pad 'SW31:1' at (348615000, 130810000) using coordinate system rotated by 0 degree(s)
13:32:50: [INFO] Adding track segment (F.Cu): [(358140000, 130810000), (348615000, 130810000)]
13:32:51: [INFO] Routing pad 'SW46a:1' at (334327500, 168910000) with pad 'SW46:1' at (353377500, 149860000) using coordinate system rotated by 0 degree(s)
13:32:51: [INFO] Routing pad 'SW31a:1' at (358140000, 130810000) with pad 'SW15:1' at (358140000, 111760000) using coordinate system rotated by 0 degree(s)
13:32:51: [INFO] Adding track segment (F.Cu): [(358140000, 130810000), (358140000, 111760000)]
13:32:51: [INFO] Routing pad 'SW46b:1' at (358140000, 149860000) with pad 'SW31a:1' at (358140000, 130810000) using coordinate system rotated by 0 degree(s)
13:32:51: [INFO] Adding track segment (F.Cu): [(358140000, 149860000), (358140000, 130810000)]
13:32:51: [INFO] Could not add track segment due to detected collision
13:32:51: [INFO] Routing pad 'SW46:1' at (353377500, 149860000) with pad 'SW46b:1' at (358140000, 149860000) using coordinate system rotated by 0 degree(s)
13:32:51: [INFO] Adding track segment (F.Cu): [(353377500, 149860000), (358140000, 149860000)]
13:32:51: [INFO] Could not add track segment due to detected collision
13:32:51: [INFO] Routing pad 'SW46a:1' at (334327500, 168910000) with pad 'SW75:1' at (358140000, 187960000) using coordinate system rotated by 0 degree(s)
13:32:51: [INFO] Routing pad 'SW75:1' at (358140000, 187960000) with pad 'SW87:1' at (358140000, 207010000) using coordinate system rotated by 0 degree(s)
13:32:51: [INFO] Adding track segment (F.Cu): [(358140000, 187960000), (358140000, 207010000)]
13:32:51: [INFO] Routing ROW1 pads
13:32:51: [INFO] Routing pad 'D17:1' at (100330000, 138750000) with pad 'D18:1' at (119380000, 138750000) using coordinate system rotated by 0 degree(s)
13:32:51: [INFO] Adding track segment (B.Cu): [(100330000, 138750000), (119380000, 138750000)]
13:32:51: [INFO] Routing pad 'D18:1' at (119380000, 138750000) with pad 'D19:1' at (138430000, 138750000) using coordinate system rotated by 0 degree(s)
13:32:51: [INFO] Adding track segment (B.Cu): [(119380000, 138750000), (138430000, 138750000)]
13:32:51: [INFO] Routing pad 'D19:1' at (138430000, 138750000) with pad 'D20:1' at (157480000, 138750000) using coordinate system rotated by 0 degree(s)
13:32:51: [INFO] Adding track segment (B.Cu): [(138430000, 138750000), (157480000, 138750000)]
13:32:51: [INFO] Routing pad 'D20:1' at (157480000, 138750000) with pad 'D21:1' at (176530000, 138750000) using coordinate system rotated by 0 degree(s)
13:32:51: [INFO] Adding track segment (B.Cu): [(157480000, 138750000), (176530000, 138750000)]
13:32:51: [INFO] Routing pad 'D21:1' at (176530000, 138750000) with pad 'D22:1' at (195580000, 138750000) using coordinate system rotated by 0 degree(s)
13:32:51: [INFO] Adding track segment (B.Cu): [(176530000, 138750000), (195580000, 138750000)]
13:32:51: [INFO] Routing pad 'D22:1' at (195580000, 138750000) with pad 'D23:1' at (214630000, 138750000) using coordinate system rotated by 0 degree(s)
13:32:51: [INFO] Adding track segment (B.Cu): [(195580000, 138750000), (214630000, 138750000)]
13:32:51: [INFO] Routing pad 'D23:1' at (214630000, 138750000) with pad 'D24:1' at (233680000, 138750000) using coordinate system rotated by 0 degree(s)
13:32:51: [INFO] Adding track segment (B.Cu): [(214630000, 138750000), (233680000, 138750000)]
13:32:51: [INFO] Routing pad 'D24:1' at (233680000, 138750000) with pad 'D25:1' at (252730000, 138750000) using coordinate system rotated by 0 degree(s)
13:32:51: [INFO] Adding track segment (B.Cu): [(233680000, 138750000), (252730000, 138750000)]
13:32:51: [INFO] Routing pad 'D25:1' at (252730000, 138750000) with pad 'D26:1' at (271780000, 138750000) using coordinate system rotated by 0 degree(s)
13:32:51: [INFO] Adding track segment (B.Cu): [(252730000, 138750000), (271780000, 138750000)]
13:32:51: [INFO] Routing pad 'D26:1' at (271780000, 138750000) with pad 'D27:1' at (290830000, 138750000) using coordinate system rotated by 0 degree(s)
13:32:51: [INFO] Adding track segment (B.Cu): [(271780000, 138750000), (290830000, 138750000)]
13:32:51: [INFO] Routing pad 'D27:1' at (290830000, 138750000) with pad 'D28:1' at (309880000, 138750000) using coordinate system rotated by 0 degree(s)
13:32:51: [INFO] Adding track segment (B.Cu): [(290830000, 138750000), (309880000, 138750000)]
13:32:51: [INFO] Routing pad 'D28:1' at (309880000, 138750000) with pad 'D29:1' at (328930000, 138750000) using coordinate system rotated by 0 degree(s)
13:32:51: [INFO] Adding track segment (B.Cu): [(309880000, 138750000), (328930000, 138750000)]
13:32:51: [INFO] Routing pad 'D29:1' at (328930000, 138750000) with pad 'D30:1' at (347980000, 138750000) using coordinate system rotated by 0 degree(s)
13:32:51: [INFO] Adding track segment (B.Cu): [(328930000, 138750000), (347980000, 138750000)]
13:32:51: [INFO] Routing pad 'D30:1' at (347980000, 138750000) with pad 'D31:1' at (357505000, 138750000) using coordinate system rotated by 0 degree(s)
13:32:51: [INFO] Adding track segment (B.Cu): [(347980000, 138750000), (357505000, 138750000)]
13:32:51: [INFO] Routing pad 'D31:1' at (357505000, 138750000) with pad 'D32:1' at (386080000, 138750000) using coordinate system rotated by 0 degree(s)
13:32:51: [INFO] Adding track segment (B.Cu): [(357505000, 138750000), (386080000, 138750000)]
13:32:51: [INFO] Routing COL7 pads
13:32:51: [INFO] Routing pad 'SW39:1' at (215265000, 149860000) with pad 'SW54:1' at (220027500, 168910000) using coordinate system rotated by 0 degree(s)
13:32:51: [INFO] Adding track segment (F.Cu): [(215265000, 149860000), (215265000, 164147500)]
13:32:51: [INFO] Adding track segment (F.Cu): [(215265000, 164147500), (220027500, 168910000)]
13:32:51: [INFO] Routing pad 'SW24:1' at (224790000, 130810000) with pad 'SW8:1' at (224790000, 111760000) using coordinate system rotated by 0 degree(s)
13:32:51: [INFO] Adding track segment (F.Cu): [(224790000, 130810000), (224790000, 111760000)]
13:32:51: [INFO] Routing pad 'SW39:1' at (215265000, 149860000) with pad 'SW24:1' at (224790000, 130810000) using coordinate system rotated by 0 degree(s)
13:32:51: [INFO] Adding track segment (F.Cu): [(215265000, 149860000), (224790000, 140335000)]
13:32:51: [INFO] Adding track segment (F.Cu): [(224790000, 140335000), (224790000, 130810000)]
13:32:51: [INFO] Routing pad 'SW54:1' at (220027500, 168910000) with pad 'SW69:1' at (229552500, 187960000) using coordinate system rotated by 0 degree(s)
13:32:51: [INFO] Adding track segment (F.Cu): [(220027500, 168910000), (220027500, 178435000)]
13:32:51: [INFO] Adding track segment (F.Cu): [(220027500, 178435000), (229552500, 187960000)]
13:32:51: [INFO] Routing COL3 pads
13:32:51: [INFO] Routing pad 'SW65:1' at (153352500, 187960000) with pad 'SW79:1' at (141446250, 207010000) using coordinate system rotated by 0 degree(s)
13:32:51: [INFO] Adding track segment (F.Cu): [(153352500, 187960000), (153352500, 195103750)]
13:32:51: [INFO] Adding track segment (F.Cu): [(153352500, 195103750), (141446250, 207010000)]
13:32:51: [INFO] Routing pad 'SW35:1' at (139065000, 149860000) with pad 'SW50:1' at (143827500, 168910000) using coordinate system rotated by 0 degree(s)
13:32:51: [INFO] Adding track segment (F.Cu): [(139065000, 149860000), (139065000, 164147500)]
13:32:51: [INFO] Adding track segment (F.Cu): [(139065000, 164147500), (143827500, 168910000)]
13:32:51: [INFO] Routing pad 'SW20:1' at (148590000, 130810000) with pad 'SW4:1' at (148590000, 111760000) using coordinate system rotated by 0 degree(s)
13:32:51: [INFO] Adding track segment (F.Cu): [(148590000, 130810000), (148590000, 111760000)]
13:32:51: [INFO] Routing pad 'SW35:1' at (139065000, 149860000) with pad 'SW20:1' at (148590000, 130810000) using coordinate system rotated by 0 degree(s)
13:32:51: [INFO] Adding track segment (F.Cu): [(139065000, 149860000), (148590000, 140335000)]
13:32:51: [INFO] Adding track segment (F.Cu): [(148590000, 140335000), (148590000, 130810000)]
13:32:51: [INFO] Routing pad 'SW50:1' at (143827500, 168910000) with pad 'SW65:1' at (153352500, 187960000) using coordinate system rotated by 0 degree(s)
13:32:51: [INFO] Adding track segment (F.Cu): [(143827500, 168910000), (143827500, 178435000)]
13:32:51: [INFO] Adding track segment (F.Cu): [(143827500, 178435000), (153352500, 187960000)]
13:32:51: [INFO] Routing ROW5 pads
13:32:51: [INFO] Routing pad 'D77:1' at (102711250, 214950000) with pad 'D78:1' at (126523750, 214950000) using coordinate system rotated by 0 degree(s)
13:32:51: [INFO] Adding track segment (B.Cu): [(102711250, 214950000), (126523750, 214950000)]
13:32:51: [INFO] Routing pad 'D78:1' at (126523750, 214950000) with pad 'D79:1' at (150336250, 214950000) using coordinate system rotated by 0 degree(s)
13:32:51: [INFO] Adding track segment (B.Cu): [(126523750, 214950000), (150336250, 214950000)]
13:32:51: [INFO] Routing pad 'D79:1' at (150336250, 214950000) with pad 'D80:1' at (183673750, 214950000) using coordinate system rotated by 0 degree(s)
13:32:51: [INFO] Adding track segment (B.Cu): [(150336250, 214950000), (183673750, 214950000)]
13:32:51: [INFO] Routing pad 'D80:1' at (183673750, 214950000) with pad 'D81:1' at (221773750, 214950000) using coordinate system rotated by 0 degree(s)
13:32:51: [INFO] Adding track segment (B.Cu): [(183673750, 214950000), (221773750, 214950000)]
13:32:51: [INFO] Routing pad 'D81:1' at (221773750, 214950000) with pad 'D82:1' at (255111250, 214950000) using coordinate system rotated by 0 degree(s)
13:32:51: [INFO] Adding track segment (B.Cu): [(221773750, 214950000), (255111250, 214950000)]
13:32:51: [INFO] Routing pad 'D82:1' at (255111250, 214950000) with pad 'D83:1' at (290830000, 214950000) using coordinate system rotated by 0 degree(s)
13:32:51: [INFO] Adding track segment (B.Cu): [(255111250, 214950000), (290830000, 214950000)]
13:32:51: [INFO] Routing pad 'D83:1' at (290830000, 214950000) with pad 'D84:1' at (309880000, 214950000) using coordinate system rotated by 0 degree(s)
13:32:51: [INFO] Adding track segment (B.Cu): [(290830000, 214950000), (309880000, 214950000)]
13:32:51: [INFO] Routing pad 'D84:1' at (309880000, 214950000) with pad 'D85:1' at (328930000, 214950000) using coordinate system rotated by 0 degree(s)
13:32:51: [INFO] Adding track segment (B.Cu): [(309880000, 214950000), (328930000, 214950000)]
13:32:51: [INFO] Routing pad 'D85:1' at (328930000, 214950000) with pad 'D86:1' at (347980000, 214950000) using coordinate system rotated by 0 degree(s)
13:32:51: [INFO] Adding track segment (B.Cu): [(328930000, 214950000), (347980000, 214950000)]
13:32:51: [INFO] Routing pad 'D86:1' at (347980000, 214950000) with pad 'D87:1' at (367030000, 214950000) using coordinate system rotated by 0 degree(s)
13:32:51: [INFO] Adding track segment (B.Cu): [(347980000, 214950000), (367030000, 214950000)]
13:32:51: [INFO] Routing pad 'D87:1' at (367030000, 214950000) with pad 'D88:1' at (386080000, 214950000) using coordinate system rotated by 0 degree(s)
13:32:51: [INFO] Adding track segment (B.Cu): [(367030000, 214950000), (386080000, 214950000)]
13:32:51: [INFO] Routing ROW2 pads
13:32:51: [INFO] Routing pad 'D33:1' at (105092500, 157800000) with pad 'D34:1' at (128905000, 157800000) using coordinate system rotated by 0 degree(s)
13:32:51: [INFO] Adding track segment (B.Cu): [(105092500, 157800000), (128905000, 157800000)]
13:32:51: [INFO] Routing pad 'D34:1' at (128905000, 157800000) with pad 'D35:1' at (147955000, 157800000) using coordinate system rotated by 0 degree(s)
13:32:51: [INFO] Adding track segment (B.Cu): [(128905000, 157800000), (147955000, 157800000)]
13:32:51: [INFO] Routing pad 'D35:1' at (147955000, 157800000) with pad 'D36:1' at (167005000, 157800000) using coordinate system rotated by 0 degree(s)
13:32:51: [INFO] Adding track segment (B.Cu): [(147955000, 157800000), (167005000, 157800000)]
13:32:51: [INFO] Routing pad 'D36:1' at (167005000, 157800000) with pad 'D37:1' at (186055000, 157800000) using coordinate system rotated by 0 degree(s)
13:32:51: [INFO] Adding track segment (B.Cu): [(167005000, 157800000), (186055000, 157800000)]
13:32:51: [INFO] Routing pad 'D37:1' at (186055000, 157800000) with pad 'D38:1' at (205105000, 157800000) using coordinate system rotated by 0 degree(s)
13:32:51: [INFO] Adding track segment (B.Cu): [(186055000, 157800000), (205105000, 157800000)]
13:32:51: [INFO] Routing pad 'D38:1' at (205105000, 157800000) with pad 'D39:1' at (224155000, 157800000) using coordinate system rotated by 0 degree(s)
13:32:51: [INFO] Adding track segment (B.Cu): [(205105000, 157800000), (224155000, 157800000)]
13:32:51: [INFO] Routing pad 'D39:1' at (224155000, 157800000) with pad 'D40:1' at (243205000, 157800000) using coordinate system rotated by 0 degree(s)
13:32:51: [INFO] Adding track segment (B.Cu): [(224155000, 157800000), (243205000, 157800000)]
13:32:51: [INFO] Routing pad 'D40:1' at (243205000, 157800000) with pad 'D41:1' at (262255000, 157800000) using coordinate system rotated by 0 degree(s)
13:32:51: [INFO] Adding track segment (B.Cu): [(243205000, 157800000), (262255000, 157800000)]
13:32:51: [INFO] Routing pad 'D41:1' at (262255000, 157800000) with pad 'D42:1' at (281305000, 157800000) using coordinate system rotated by 0 degree(s)
13:32:51: [INFO] Adding track segment (B.Cu): [(262255000, 157800000), (281305000, 157800000)]
13:32:51: [INFO] Routing pad 'D42:1' at (281305000, 157800000) with pad 'D43:1' at (300355000, 157800000) using coordinate system rotated by 0 degree(s)
13:32:51: [INFO] Adding track segment (B.Cu): [(281305000, 157800000), (300355000, 157800000)]
13:32:51: [INFO] Routing pad 'D43:1' at (300355000, 157800000) with pad 'D44:1' at (319405000, 157800000) using coordinate system rotated by 0 degree(s)
13:32:51: [INFO] Adding track segment (B.Cu): [(300355000, 157800000), (319405000, 157800000)]
13:32:51: [INFO] Routing pad 'D44:1' at (319405000, 157800000) with pad 'D45:1' at (338455000, 157800000) using coordinate system rotated by 0 degree(s)
13:32:51: [INFO] Adding track segment (B.Cu): [(319405000, 157800000), (338455000, 157800000)]
13:32:51: [INFO] Could not add track segment due to detected collision
13:32:51: [INFO] Routing pad 'D45:1' at (338455000, 157800000) with pad 'D46:1' at (362267500, 157800000) using coordinate system rotated by 0 degree(s)
13:32:51: [INFO] Adding track segment (B.Cu): [(338455000, 157800000), (362267500, 157800000)]
13:32:51: [INFO] Could not add track segment due to detected collision
13:32:51: [INFO] Routing pad 'D46:1' at (362267500, 157800000) with pad 'D47:1' at (386080000, 157800000) using coordinate system rotated by 0 degree(s)
13:32:51: [INFO] Adding track segment (B.Cu): [(362267500, 157800000), (386080000, 157800000)]
13:32:51: [INFO] Could not add track segment due to detected collision
13:32:51: [INFO] Routing COL6 pads
13:32:51: [INFO] Routing pad 'SW38:1' at (196215000, 149860000) with pad 'SW53:1' at (200977500, 168910000) using coordinate system rotated by 0 degree(s)
13:32:51: [INFO] Adding track segment (F.Cu): [(196215000, 149860000), (196215000, 164147500)]
13:32:51: [INFO] Adding track segment (F.Cu): [(196215000, 164147500), (200977500, 168910000)]
13:32:51: [INFO] Routing pad 'SW23:1' at (205740000, 130810000) with pad 'SW7:1' at (205740000, 111760000) using coordinate system rotated by 0 degree(s)
13:32:51: [INFO] Adding track segment (F.Cu): [(205740000, 130810000), (205740000, 111760000)]
13:32:51: [INFO] Routing pad 'SW38:1' at (196215000, 149860000) with pad 'SW23:1' at (205740000, 130810000) using coordinate system rotated by 0 degree(s)
13:32:51: [INFO] Adding track segment (F.Cu): [(196215000, 149860000), (205740000, 140335000)]
13:32:51: [INFO] Adding track segment (F.Cu): [(205740000, 140335000), (205740000, 130810000)]
13:32:51: [INFO] Routing pad 'SW81a:1' at (208121250, 207010000) with pad 'SW81b:1' at (205740000, 207010000) using coordinate system rotated by 0 degree(s)
13:32:51: [INFO] Adding track segment (F.Cu): [(208121250, 207010000), (205740000, 207010000)]
13:32:51: [INFO] Routing pad 'SW68:1' at (210502500, 187960000) with pad 'SW81a:1' at (208121250, 207010000) using coordinate system rotated by 0 degree(s)
13:32:51: [INFO] Adding track segment (F.Cu): [(210502500, 187960000), (210502500, 204628750)]
13:32:51: [INFO] Adding track segment (F.Cu): [(210502500, 204628750), (208121250, 207010000)]
13:32:51: [INFO] Routing pad 'SW53:1' at (200977500, 168910000) with pad 'SW68:1' at (210502500, 187960000) using coordinate system rotated by 0 degree(s)
13:32:51: [INFO] Adding track segment (F.Cu): [(200977500, 168910000), (200977500, 178435000)]
13:32:51: [INFO] Adding track segment (F.Cu): [(200977500, 178435000), (210502500, 187960000)]
13:32:51: [INFO] Routing pad 'SW81a:1' at (208121250, 207010000) with pad 'SW81:1' at (212883750, 207010000) using coordinate system rotated by 0 degree(s)
13:32:51: [INFO] Adding track segment (F.Cu): [(208121250, 207010000), (212883750, 207010000)]
13:32:51: [INFO] Routing COL9 pads
13:32:51: [INFO] Routing pad 'SW41:1' at (253365000, 149860000) with pad 'SW56:1' at (258127500, 168910000) using coordinate system rotated by 0 degree(s)
13:32:51: [INFO] Adding track segment (F.Cu): [(253365000, 149860000), (253365000, 164147500)]
13:32:51: [INFO] Adding track segment (F.Cu): [(253365000, 164147500), (258127500, 168910000)]
13:32:51: [INFO] Routing pad 'SW26:1' at (262890000, 130810000) with pad 'SW10:1' at (262890000, 111760000) using coordinate system rotated by 0 degree(s)
13:32:51: [INFO] Adding track segment (F.Cu): [(262890000, 130810000), (262890000, 111760000)]
13:32:51: [INFO] Routing pad 'SW41:1' at (253365000, 149860000) with pad 'SW26:1' at (262890000, 130810000) using coordinate system rotated by 0 degree(s)
13:32:51: [INFO] Adding track segment (F.Cu): [(253365000, 149860000), (262890000, 140335000)]
13:32:51: [INFO] Adding track segment (F.Cu): [(262890000, 140335000), (262890000, 130810000)]
13:32:51: [INFO] Routing pad 'SW56:1' at (258127500, 168910000) with pad 'SW71:1' at (267652500, 187960000) using coordinate system rotated by 0 degree(s)
13:32:51: [INFO] Adding track segment (F.Cu): [(258127500, 168910000), (258127500, 178435000)]
13:32:51: [INFO] Adding track segment (F.Cu): [(258127500, 178435000), (267652500, 187960000)]
13:32:51: [INFO] Routing COL11 pads
13:32:51: [INFO] Routing pad 'SW43:1' at (291465000, 149860000) with pad 'SW58:1' at (296227500, 168910000) using coordinate system rotated by 0 degree(s)
13:32:51: [INFO] Routing pad 'SW28:1' at (300990000, 130810000) with pad 'SW12:1' at (300990000, 111760000) using coordinate system rotated by 0 degree(s)
13:32:51: [INFO] Adding track segment (F.Cu): [(300990000, 130810000), (300990000, 111760000)]
13:32:51: [INFO] Could not add track segment due to detected collision
13:32:51: [INFO] Routing pad 'SW43:1' at (291465000, 149860000) with pad 'SW28:1' at (300990000, 130810000) using coordinate system rotated by 0 degree(s)
13:32:51: [INFO] Routing pad 'SW73:1' at (305752500, 187960000) with pad 'SW84:1' at (300990000, 207010000) using coordinate system rotated by 0 degree(s)
13:32:51: [INFO] Adding track segment (F.Cu): [(305752500, 187960000), (305752500, 202247500)]
13:32:51: [INFO] Adding track segment (F.Cu): [(305752500, 202247500), (300990000, 207010000)]
13:32:51: [INFO] Routing pad 'SW58a:1' at (308133750, 168910000) with pad 'SW73:1' at (305752500, 187960000) using coordinate system rotated by 0 degree(s)
13:32:51: [INFO] Adding track segment (F.Cu): [(308133750, 168910000), (308133750, 185578750)]
13:32:51: [INFO] Adding track segment (F.Cu): [(308133750, 185578750), (305752500, 187960000)]
13:32:52: [INFO] Routing pad 'SW58:1' at (296227500, 168910000) with pad 'SW58a:1' at (308133750, 168910000) using coordinate system rotated by 0 degree(s)
13:32:52: [INFO] Adding track segment (F.Cu): [(296227500, 168910000), (308133750, 168910000)]
13:32:52: [INFO] Could not add track segment due to detected collision
13:32:52: [INFO] Routing pad 'SW73:1' at (305752500, 187960000) with pad 'SW73a:1' at (320040000, 187960000) using coordinate system rotated by 0 degree(s)
13:32:52: [INFO] Adding track segment (F.Cu): [(305752500, 187960000), (320040000, 187960000)]
13:32:52: [INFO] Routing COL1 pads
13:32:52: [INFO] Routing pad 'SW2:1' at (110490000, 111760000) with pad 'SW18:1' at (110490000, 130810000) using coordinate system rotated by 0 degree(s)
13:32:52: [INFO] Adding track segment (F.Cu): [(110490000, 111760000), (110490000, 130810000)]
13:32:52: [INFO] Routing pad 'SW18:1' at (110490000, 130810000) with pad 'SW63:1' at (115252500, 187960000) using coordinate system rotated by 0 degree(s)
13:32:52: [INFO] Adding track segment (F.Cu): [(110490000, 130810000), (110490000, 183197500)]
13:32:52: [INFO] Adding track segment (F.Cu): [(110490000, 183197500), (115252500, 187960000)]
13:32:52: [INFO] Routing pad 'SW63:1' at (115252500, 187960000) with pad 'SW78:1' at (117633750, 207010000) using coordinate system rotated by 0 degree(s)
13:32:52: [INFO] Adding track segment (F.Cu): [(115252500, 187960000), (115252500, 204628750)]
13:32:52: [INFO] Adding track segment (F.Cu): [(115252500, 204628750), (117633750, 207010000)]
13:32:52: [INFO] Routing pad 'SW78:1' at (117633750, 207010000) with pad 'SW78a:1' at (124777500, 207010000) using coordinate system rotated by 0 degree(s)
13:32:52: [INFO] Adding track segment (F.Cu): [(117633750, 207010000), (124777500, 207010000)]
13:32:52: [INFO] Routing COL2 pads
13:32:52: [INFO] Routing pad 'SW34:1' at (120015000, 149860000) with pad 'SW49:1' at (124777500, 168910000) using coordinate system rotated by 0 degree(s)
13:32:52: [INFO] Adding track segment (F.Cu): [(120015000, 149860000), (120015000, 164147500)]
13:32:52: [INFO] Adding track segment (F.Cu): [(120015000, 164147500), (124777500, 168910000)]
13:32:52: [INFO] Routing pad 'SW19:1' at (129540000, 130810000) with pad 'SW3:1' at (129540000, 111760000) using coordinate system rotated by 0 degree(s)
13:32:52: [INFO] Adding track segment (F.Cu): [(129540000, 130810000), (129540000, 111760000)]
13:32:52: [INFO] Routing pad 'SW34:1' at (120015000, 149860000) with pad 'SW19:1' at (129540000, 130810000) using coordinate system rotated by 0 degree(s)
13:32:52: [INFO] Adding track segment (F.Cu): [(120015000, 149860000), (129540000, 140335000)]
13:32:52: [INFO] Adding track segment (F.Cu): [(129540000, 140335000), (129540000, 130810000)]
13:32:52: [INFO] Routing pad 'SW49:1' at (124777500, 168910000) with pad 'SW64:1' at (134302500, 187960000) using coordinate system rotated by 0 degree(s)
13:32:52: [INFO] Adding track segment (F.Cu): [(124777500, 168910000), (124777500, 178435000)]
13:32:52: [INFO] Adding track segment (F.Cu): [(124777500, 178435000), (134302500, 187960000)]
13:32:52: [INFO] Routing COL12 pads
13:32:52: [INFO] Routing pad 'SW44:1' at (310515000, 149860000) with pad 'SW29a:1' at (310515000, 130810000) using coordinate system rotated by 0 degree(s)
13:32:52: [INFO] Adding track segment (F.Cu): [(310515000, 149860000), (310515000, 130810000)]
13:32:52: [INFO] Could not add track segment due to detected collision
13:32:52: [INFO] Routing pad 'SW44a:1' at (315277500, 149860000) with pad 'SW44:1' at (310515000, 149860000) using coordinate system rotated by 0 degree(s)
13:32:52: [INFO] Adding track segment (F.Cu): [(315277500, 149860000), (310515000, 149860000)]
13:32:52: [INFO] Could not add track segment due to detected collision
13:32:52: [INFO] Routing pad 'SW59b:1' at (317658750, 159385000) with pad 'SW44a:1' at (315277500, 149860000) using coordinate system rotated by 0 degree(s)
13:32:52: [INFO] Routing pad 'SW44b:1' at (296227500, 168910000) with pad 'SW59:1' at (315277500, 168910000) using coordinate system rotated by 0 degree(s)
13:32:52: [INFO] Adding track segment (F.Cu): [(296227500, 168910000), (315277500, 168910000)]
13:32:52: [INFO] Could not add track segment due to detected collision
13:32:52: [INFO] Routing pad 'SW59:1' at (315277500, 168910000) with pad 'SW85a:1' at (315277500, 207010000) using coordinate system rotated by 0 degree(s)
13:32:52: [INFO] Adding track segment (F.Cu): [(315277500, 168910000), (315277500, 207010000)]
13:32:52: [INFO] Could not add track segment due to detected collision
13:32:52: [INFO] Routing pad 'SW59:1' at (315277500, 168910000) with pad 'SW59b:1' at (317658750, 159385000) using coordinate system rotated by 0 degree(s)
13:32:52: [INFO] Adding track segment (F.Cu): [(315277500, 168910000), (317658750, 166528750)]
13:32:52: [INFO] Adding track segment (F.Cu): [(317658750, 166528750), (317658750, 159385000)]
13:32:52: [INFO] Routing pad 'SW29:1' at (320040000, 130810000) with pad 'SW13:1' at (320040000, 111760000) using coordinate system rotated by 0 degree(s)
13:32:52: [INFO] Adding track segment (F.Cu): [(320040000, 130810000), (320040000, 111760000)]
13:32:52: [INFO] Routing pad 'SW29a:1' at (310515000, 130810000) with pad 'SW29:1' at (320040000, 130810000) using coordinate system rotated by 0 degree(s)
13:32:52: [INFO] Adding track segment (F.Cu): [(310515000, 130810000), (320040000, 130810000)]
13:32:52: [INFO] Routing pad 'SW85a:1' at (315277500, 207010000) with pad 'SW85:1' at (320040000, 207010000) using coordinate system rotated by 0 degree(s)
13:32:52: [INFO] Adding track segment (F.Cu): [(315277500, 207010000), (320040000, 207010000)]
13:32:52: [INFO] Routing pad 'SW59b:1' at (317658750, 159385000) with pad 'SW59a:1' at (339090000, 168910000) using coordinate system rotated by 0 degree(s)
13:32:52: [INFO] Adding track segment (F.Cu): [(317658750, 159385000), (329565000, 159385000)]
13:32:52: [INFO] Adding track segment (F.Cu): [(329565000, 159385000), (339090000, 168910000)]
13:32:52: [INFO] Routing ROW0 pads
13:32:52: [INFO] Routing pad 'D1:1' at (100330000, 119700000) with pad 'D2:1' at (119380000, 119700000) using coordinate system rotated by 0 degree(s)
13:32:52: [INFO] Adding track segment (B.Cu): [(100330000, 119700000), (119380000, 119700000)]
13:32:52: [INFO] Routing pad 'D2:1' at (119380000, 119700000) with pad 'D3:1' at (138430000, 119700000) using coordinate system rotated by 0 degree(s)
13:32:52: [INFO] Adding track segment (B.Cu): [(119380000, 119700000), (138430000, 119700000)]
13:32:52: [INFO] Routing pad 'D3:1' at (138430000, 119700000) with pad 'D4:1' at (157480000, 119700000) using coordinate system rotated by 0 degree(s)
13:32:52: [INFO] Adding track segment (B.Cu): [(138430000, 119700000), (157480000, 119700000)]
13:32:52: [INFO] Routing pad 'D4:1' at (157480000, 119700000) with pad 'D5:1' at (176530000, 119700000) using coordinate system rotated by 0 degree(s)
13:32:52: [INFO] Adding track segment (B.Cu): [(157480000, 119700000), (176530000, 119700000)]
13:32:52: [INFO] Routing pad 'D5:1' at (176530000, 119700000) with pad 'D6:1' at (195580000, 119700000) using coordinate system rotated by 0 degree(s)
13:32:52: [INFO] Adding track segment (B.Cu): [(176530000, 119700000), (195580000, 119700000)]
13:32:52: [INFO] Routing pad 'D6:1' at (195580000, 119700000) with pad 'D7:1' at (214630000, 119700000) using coordinate system rotated by 0 degree(s)
13:32:52: [INFO] Adding track segment (B.Cu): [(195580000, 119700000), (214630000, 119700000)]
13:32:52: [INFO] Routing pad 'D7:1' at (214630000, 119700000) with pad 'D8:1' at (233680000, 119700000) using coordinate system rotated by 0 degree(s)
13:32:52: [INFO] Adding track segment (B.Cu): [(214630000, 119700000), (233680000, 119700000)]
13:32:52: [INFO] Routing pad 'D8:1' at (233680000, 119700000) with pad 'D9:1' at (252730000, 119700000) using coordinate system rotated by 0 degree(s)
13:32:52: [INFO] Adding track segment (B.Cu): [(233680000, 119700000), (252730000, 119700000)]
13:32:52: [INFO] Routing pad 'D9:1' at (252730000, 119700000) with pad 'D10:1' at (271780000, 119700000) using coordinate system rotated by 0 degree(s)
13:32:52: [INFO] Adding track segment (B.Cu): [(252730000, 119700000), (271780000, 119700000)]
13:32:52: [INFO] Routing pad 'D10:1' at (271780000, 119700000) with pad 'D11:1' at (290830000, 119700000) using coordinate system rotated by 0 degree(s)
13:32:52: [INFO] Adding track segment (B.Cu): [(271780000, 119700000), (290830000, 119700000)]
13:32:52: [INFO] Routing pad 'D11:1' at (290830000, 119700000) with pad 'D12:1' at (309880000, 119700000) using coordinate system rotated by 0 degree(s)
13:32:52: [INFO] Adding track segment (B.Cu): [(290830000, 119700000), (309880000, 119700000)]
13:32:52: [INFO] Routing pad 'D12:1' at (309880000, 119700000) with pad 'D13:1' at (328930000, 119700000) using coordinate system rotated by 0 degree(s)
13:32:52: [INFO] Adding track segment (B.Cu): [(309880000, 119700000), (328930000, 119700000)]
13:32:52: [INFO] Routing pad 'D13:1' at (328930000, 119700000) with pad 'D14:1' at (347980000, 119700000) using coordinate system rotated by 0 degree(s)
13:32:52: [INFO] Adding track segment (B.Cu): [(328930000, 119700000), (347980000, 119700000)]
13:32:52: [INFO] Routing pad 'D14:1' at (347980000, 119700000) with pad 'D15:1' at (367030000, 119700000) using coordinate system rotated by 0 degree(s)
13:32:52: [INFO] Adding track segment (B.Cu): [(347980000, 119700000), (367030000, 119700000)]
13:32:52: [INFO] Routing pad 'D15:1' at (367030000, 119700000) with pad 'D16:1' at (386080000, 119700000) using coordinate system rotated by 0 degree(s)
13:32:52: [INFO] Adding track segment (B.Cu): [(367030000, 119700000), (386080000, 119700000)]
13:32:52: [INFO] Routing COL10 pads
13:32:52: [INFO] Routing pad 'SW42:1' at (272415000, 149860000) with pad 'SW57:1' at (277177500, 168910000) using coordinate system rotated by 0 degree(s)
13:32:52: [INFO] Adding track segment (F.Cu): [(272415000, 149860000), (272415000, 164147500)]
13:32:52: [INFO] Adding track segment (F.Cu): [(272415000, 164147500), (277177500, 168910000)]
13:32:52: [INFO] Routing pad 'SW27:1' at (281940000, 130810000) with pad 'SW11:1' at (281940000, 111760000) using coordinate system rotated by 0 degree(s)
13:32:52: [INFO] Adding track segment (F.Cu): [(281940000, 130810000), (281940000, 111760000)]
13:32:52: [INFO] Routing pad 'SW42:1' at (272415000, 149860000) with pad 'SW27:1' at (281940000, 130810000) using coordinate system rotated by 0 degree(s)
13:32:52: [INFO] Adding track segment (F.Cu): [(272415000, 149860000), (281940000, 140335000)]
13:32:52: [INFO] Adding track segment (F.Cu): [(281940000, 140335000), (281940000, 130810000)]
13:32:52: [INFO] Routing pad 'SW83a:1' at (286702500, 207010000) with pad 'SW83:1' at (281940000, 207010000) using coordinate system rotated by 0 degree(s)
13:32:52: [INFO] Adding track segment (F.Cu): [(286702500, 207010000), (281940000, 207010000)]
13:32:52: [INFO] Routing pad 'SW57:1' at (277177500, 168910000) with pad 'SW72:1' at (286702500, 187960000) using coordinate system rotated by 0 degree(s)
13:32:52: [INFO] Adding track segment (F.Cu): [(277177500, 168910000), (277177500, 178435000)]
13:32:52: [INFO] Adding track segment (F.Cu): [(277177500, 178435000), (286702500, 187960000)]
13:32:52: [INFO] Routing pad 'SW72:1' at (286702500, 187960000) with pad 'SW83a:1' at (286702500, 207010000) using coordinate system rotated by 0 degree(s)
13:32:52: [INFO] Adding track segment (F.Cu): [(286702500, 187960000), (286702500, 207010000)]
13:32:52: [INFO] Routing pad 'SW72:1' at (286702500, 187960000) with pad 'SW72a:1' at (293846250, 187960000) using coordinate system rotated by 0 degree(s)
13:32:52: [INFO] Adding track segment (F.Cu): [(286702500, 187960000), (293846250, 187960000)]
13:32:52: [INFO] Routing COL5 pads
13:32:52: [INFO] Routing pad 'SW37:1' at (177165000, 149860000) with pad 'SW52:1' at (181927500, 168910000) using coordinate system rotated by 0 degree(s)
13:32:52: [INFO] Adding track segment (F.Cu): [(177165000, 149860000), (177165000, 164147500)]
13:32:52: [INFO] Adding track segment (F.Cu): [(177165000, 164147500), (181927500, 168910000)]
13:32:52: [INFO] Routing pad 'SW22:1' at (186690000, 130810000) with pad 'SW6:1' at (186690000, 111760000) using coordinate system rotated by 0 degree(s)
13:32:52: [INFO] Adding track segment (F.Cu): [(186690000, 130810000), (186690000, 111760000)]
13:32:52: [INFO] Routing pad 'SW37:1' at (177165000, 149860000) with pad 'SW22:1' at (186690000, 130810000) using coordinate system rotated by 0 degree(s)
13:32:52: [INFO] Adding track segment (F.Cu): [(177165000, 149860000), (186690000, 140335000)]
13:32:52: [INFO] Adding track segment (F.Cu): [(186690000, 140335000), (186690000, 130810000)]
13:32:52: [INFO] Routing pad 'SW52:1' at (181927500, 168910000) with pad 'SW67:1' at (191452500, 187960000) using coordinate system rotated by 0 degree(s)
13:32:52: [INFO] Adding track segment (F.Cu): [(181927500, 168910000), (181927500, 178435000)]
13:32:52: [INFO] Adding track segment (F.Cu): [(181927500, 178435000), (191452500, 187960000)]
13:32:52: [INFO] Removing dangling tracks
