=== kbplacer.kle_serial ===
=== layout2image.py ===
=== kbplacer ===
13:31:39: [INFO] User layout: https://editor.keyboard-tools.xyz/#share=NrDeCIGNwLgAnAYgIareANAgzgW1ggE4D2ALgPoCmkAjDeAL5bgAMGAbADoB2PPbAJj68Rwyi0xwIeAuEbM2XUdzb0FGAOzCeNDGqngZ8cCQrU68hGy3LdQ5du6V9EAB4EWAOgEBWZkYRJcAB3AhpPHyYrDAksCGhjREhklMtWPSDBTIwAZmyAFmyfbKVhNljom2FdCvSADmyATmyaWtUaRxyYlvthLor42RQ0VCDQ+HDI9Roczu648Hd4Lw0-BHG4Saj0ujn9Hd6RLv3VWeVjyTcPT1XmDa3pjvOMAR6514WEhEQNX7+ggImMhUWj0band6ORzOcAAXQwACgwFAhiNRttdKURIIocpKB8DICggALMIRDEcRyqS7gUkTcnMXRVES6FyGfDGUwgiwU5k6F64sR5BZLOBeXz+DmBO5kqYIGo0r5IFKpCn7OxBXTC+UYQqMjDFfVY-jzHV87gK-UNfXNfWtTV6J7CfKm8Csw48F0DFGJNHIMaytVnZ2mq7LG5rEKBu1OkQu9V6D3ceMOmaOFMi663dbRnW7ZQugluxPpl6KoZ-f6S2Rc8xgu3BuMChx4vLwpGDX1otICSnKHEtsR6gyigTbXvmuyCkSUQ0j64SnBSuQy+ly8C971KpIq6DjjLMXtF3vaje6oK9udn40qV0TxyWhC961PjC21-2w+Oxx+Wq9mhJr+5ZdiMAZrvuabKEBmbhtmUbgV++bCH4+z-oBB4fo2PAoTSoorJG9wMh+sbYWWnwVpWGgAsutagj2JZQc206UMOZ6QchTGDk4c5hmK3iRtuu7QNWxj0UhIh+NqnbfH6YGbERbHoae-5YdwklwoiyKiroCAAJ4EAAtF4kZ0vJ65dDe1ILKZDwIF0k4ZO2yL6fARkRCJRDAnWaQWVSnG4pQ7C4QQY7MPZD7+S2lBUTBfGLuyshybZ4D9MB3xCT5GEpWRdm5EEXSsV0V6+f2rrhbYZUYC+2Xvtln65eJPDsJVAGOM1W6ot2q5mdsxyqe1wWwQRuZ1SR3DNfsxxJhN+V6P1GG8fh3XJccY3NUWU1tTl0lIJRMVLjWXl0b1c1bUm0JUU5vH5PxzDbrJHkrjmCEIF6QTxo4dSuoWjiNN9uQPuUg1wAZ4RsM9fGRgAJgQpCEAArpQ2y-aGiyGcZzAw-AcOI8jyibu9uqOATzAuj4xP-TeJOvZoFO1C6dR04TjRM7FbkCUMGXdRjCBY3AONI8wjgaKj93dts8YsML-2NdwIv0wxwjyzShHrvGqnK+RiRcxDPPgHzAt40rC0+jJ4uk3oUvKCL+zxmNNtpbtlHUYdZjHRbrXW3o048NFjvDKBj1JQp6vS2ygm7nJesGwjgsINLBI7QH6AS5bCcqyNdvpx7SYi0Wode4npvKpH3PubzsOx0bIgi1JxfJ+iHtW8bdeq6nsu14Tnst-7e0u5yR08h7GsA1xvsddrpcHaJZdwTHuNC17w5Jw9EPhL47fNzX54e-bO80932+sQXxvL-XOv65XC-x17PH16v8E9bv0tXvGucGhnL3gCf293xHKpBHnnHcA0sgpazNoHNeIdvxezAQYbcfdHq0SHgfd+N4Lr+wfkSZa0D2LbyCldNG8AfARjuhRSs-dPJuxQd-b2ygvpjWhHA2hSY-qMLxMwl0qlWh0OYnA3ioNPDg3vl1ae0pdbl0vtjKui9hBsOBuzMhk8AGYyvsAimbINg5FTuTfGJstGp0Zno+ghDRTsFIQgMWkDH7JR+soP6RdRSKIrtI6+IC9GOMMmDVRrj1G2CyBbfIFMi7-1SN1UKNMqbbUfhE2h5ojyYPNjTFmHiNIdiIXADQFipH8xkTfYQJ5-YXw2LEl0QS9GtxCqnKJlT4ClKqhTNsmleJZLghsaOajq48F7GfDYGhqkU0KKYggrThrhmhp02RIhLyfzgNowJFNX59gKR-BYBiLYpJWcUYZ8BRllwmb4rp3Bez8MfvMmm5SVmnIQc7JBg96yRIpug1sRSp4JRnhDc5tDNnTI4GkrSIzskbHMRvC2UT9orySd8iml1mkZL2S43JbiKYviTsUqpCy9GopiQMrFiTQKGJRczIlOzMnZKAUc3s740VvJKanS5vzaouiidSnFFt4lvnxegHBoLkkU2aLCWEQA
13:31:39: [INFO] Labels prefixes: for rows: 'ROW', for columns: 'COL'
13:31:39: [INFO] Matrix size: 4x13
13:31:40: [INFO] Add COL0 net
13:31:40: [INFO] Add COL1 net
13:31:40: [INFO] Add COL10 net
13:31:40: [INFO] Add COL11 net
13:31:40: [INFO] Add COL12 net
13:31:40: [INFO] Add COL13 net
13:31:40: [INFO] Add COL2 net
13:31:40: [INFO] Add COL3 net
13:31:40: [INFO] Add COL4 net
13:31:40: [INFO] Add COL5 net
13:31:40: [INFO] Add COL6 net
13:31:40: [INFO] Add COL7 net
13:31:40: [INFO] Add COL8 net
13:31:40: [INFO] Add COL9 net
13:31:40: [INFO] Add Net-(D1-A) net
13:31:40: [INFO] Add Net-(D10-A) net
13:31:40: [INFO] Add Net-(D11-A) net
13:31:40: [INFO] Add Net-(D12-A) net
13:31:40: [INFO] Add Net-(D13-A) net
13:31:40: [INFO] Add Net-(D14-A) net
13:31:40: [INFO] Add Net-(D15-A) net
13:31:40: [INFO] Add Net-(D16-A) net
13:31:40: [INFO] Add Net-(D17-A) net
13:31:40: [INFO] Add Net-(D18-A) net
13:31:40: [INFO] Add Net-(D19-A) net
13:31:40: [INFO] Add Net-(D2-A) net
13:31:40: [INFO] Add Net-(D20-A) net
13:31:40: [INFO] Add Net-(D21-A) net
13:31:40: [INFO] Add Net-(D22-A) net
13:31:40: [INFO] Add Net-(D23-A) net
13:31:40: [INFO] Add Net-(D24-A) net
13:31:40: [INFO] Add Net-(D25-A) net
13:31:40: [INFO] Add Net-(D26-A) net
13:31:40: [INFO] Add Net-(D27-A) net
13:31:40: [INFO] Add Net-(D28-A) net
13:31:40: [INFO] Add Net-(D29-A) net
13:31:40: [INFO] Add Net-(D3-A) net
13:31:40: [INFO] Add Net-(D30-A) net
13:31:40: [INFO] Add Net-(D31-A) net
13:31:40: [INFO] Add Net-(D32-A) net
13:31:40: [INFO] Add Net-(D33-A) net
13:31:40: [INFO] Add Net-(D34-A) net
13:31:40: [INFO] Add Net-(D35-A) net
13:31:40: [INFO] Add Net-(D36-A) net
13:31:40: [INFO] Add Net-(D37-A) net
13:31:40: [INFO] Add Net-(D38-A) net
13:31:40: [INFO] Add Net-(D39-A) net
13:31:40: [INFO] Add Net-(D4-A) net
13:31:40: [INFO] Add Net-(D40-A) net
13:31:40: [INFO] Add Net-(D41-A) net
13:31:40: [INFO] Add Net-(D42-A) net
13:31:40: [INFO] Add Net-(D43-A) net
13:31:40: [INFO] Add Net-(D44-A) net
13:31:40: [INFO] Add Net-(D45-A) net
13:31:40: [INFO] Add Net-(D46-A) net
13:31:40: [INFO] Add Net-(D47-A) net
13:31:40: [INFO] Add Net-(D48-A) net
13:31:40: [INFO] Add Net-(D49-A) net
13:31:40: [INFO] Add Net-(D5-A) net
13:31:40: [INFO] Add Net-(D50-A) net
13:31:40: [INFO] Add Net-(D51-A) net
13:31:40: [INFO] Add Net-(D52-A) net
13:31:40: [INFO] Add Net-(D53-A) net
13:31:40: [INFO] Add Net-(D54-A) net
13:31:40: [INFO] Add Net-(D55-A) net
13:31:40: [INFO] Add Net-(D56-A) net
13:31:40: [INFO] Add Net-(D57-A) net
13:31:40: [INFO] Add Net-(D58-A) net
13:31:40: [INFO] Add Net-(D59-A) net
13:31:40: [INFO] Add Net-(D6-A) net
13:31:40: [INFO] Add Net-(D60-A) net
13:31:40: [INFO] Add Net-(D61-A) net
13:31:40: [INFO] Add Net-(D62-A) net
13:31:40: [INFO] Add Net-(D63-A) net
13:31:40: [INFO] Add Net-(D64-A) net
13:31:40: [INFO] Add Net-(D65-A) net
13:31:40: [INFO] Add Net-(D66-A) net
13:31:40: [INFO] Add Net-(D67-A) net
13:31:40: [INFO] Add Net-(D68-A) net
13:31:40: [INFO] Add Net-(D69-A) net
13:31:40: [INFO] Add Net-(D7-A) net
13:31:40: [INFO] Add Net-(D70-A) net
13:31:40: [INFO] Add Net-(D8-A) net
13:31:40: [INFO] Add Net-(D9-A) net
13:31:40: [INFO] Add ROW0 net
13:31:40: [INFO] Add ROW1 net
13:31:40: [INFO] Add ROW2 net
13:31:40: [INFO] Add ROW3 net
13:31:40: [INFO] Add ROW4 net
13:31:40: [INFO] Add SW1 footprint
13:31:41: [INFO] Add D1 footprint
13:31:41: [INFO] Add SW2 footprint
13:31:41: [INFO] Add D2 footprint
13:31:41: [INFO] Add SW3 footprint
13:31:41: [INFO] Add D3 footprint
13:31:41: [INFO] Add SW4 footprint
13:31:41: [INFO] Add D4 footprint
13:31:41: [INFO] Add SW5 footprint
13:31:41: [INFO] Add D5 footprint
13:31:41: [INFO] Add SW6 footprint
13:31:41: [INFO] Add D6 footprint
13:31:41: [INFO] Add SW7 footprint
13:31:41: [INFO] Add D7 footprint
13:31:41: [INFO] Add SW7a footprint
13:31:41: [INFO] Add SW8 footprint
13:31:41: [INFO] Add D8 footprint
13:31:41: [INFO] Add SW8a footprint
13:31:41: [INFO] Add SW9 footprint
13:31:41: [INFO] Add D9 footprint
13:31:41: [INFO] Add SW10 footprint
13:31:41: [INFO] Add D10 footprint
13:31:41: [INFO] Add SW11 footprint
13:31:41: [INFO] Add D11 footprint
13:31:41: [INFO] Add SW12 footprint
13:31:41: [INFO] Add D12 footprint
13:31:41: [INFO] Add SW12a footprint
13:31:41: [INFO] Add SW13 footprint
13:31:41: [INFO] Add D13 footprint
13:31:41: [INFO] Add SW13a footprint
13:31:41: [INFO] Add SW14 footprint
13:31:41: [INFO] Add D14 footprint
13:31:41: [INFO] Add SW14a footprint
13:31:41: [INFO] Add SW14b footprint
13:31:41: [INFO] Add SW15 footprint
13:31:41: [INFO] Add D15 footprint
13:31:41: [INFO] Add SW16 footprint
13:31:42: [INFO] Add D16 footprint
13:31:42: [INFO] Add SW17 footprint
13:31:42: [INFO] Add D17 footprint
13:31:42: [INFO] Add SW18 footprint
13:31:42: [INFO] Add D18 footprint
13:31:42: [INFO] Add SW19 footprint
13:31:42: [INFO] Add D19 footprint
13:31:42: [INFO] Add SW20 footprint
13:31:42: [INFO] Add D20 footprint
13:31:42: [INFO] Add SW21 footprint
13:31:42: [INFO] Add D21 footprint
13:31:42: [INFO] Add SW21a footprint
13:31:42: [INFO] Add SW21b footprint
13:31:42: [INFO] Add SW22 footprint
13:31:42: [INFO] Add D22 footprint
13:31:42: [INFO] Add SW22a footprint
13:31:42: [INFO] Add SW22b footprint
13:31:42: [INFO] Add SW23 footprint
13:31:42: [INFO] Add D23 footprint
13:31:42: [INFO] Add SW24 footprint
13:31:42: [INFO] Add D24 footprint
13:31:42: [INFO] Add SW25 footprint
13:31:42: [INFO] Add D25 footprint
13:31:42: [INFO] Add SW26 footprint
13:31:42: [INFO] Add D26 footprint
13:31:42: [INFO] Add SW26a footprint
13:31:42: [INFO] Add SW27 footprint
13:31:42: [INFO] Add D27 footprint
13:31:42: [INFO] Add SW27a footprint
13:31:42: [INFO] Add SW28 footprint
13:31:42: [INFO] Add D28 footprint
13:31:42: [INFO] Add SW28a footprint
13:31:42: [INFO] Add SW28b footprint
13:31:43: [INFO] Add SW29 footprint
13:31:43: [INFO] Add D29 footprint
13:31:43: [INFO] Add SW30 footprint
13:31:43: [INFO] Add D30 footprint
13:31:43: [INFO] Add SW31 footprint
13:31:43: [INFO] Add D31 footprint
13:31:43: [INFO] Add SW32 footprint
13:31:43: [INFO] Add D32 footprint
13:31:43: [INFO] Add SW33 footprint
13:31:43: [INFO] Add D33 footprint
13:31:43: [INFO] Add SW34 footprint
13:31:43: [INFO] Add D34 footprint
13:31:43: [INFO] Add SW35 footprint
13:31:43: [INFO] Add D35 footprint
13:31:43: [INFO] Add SW35a footprint
13:31:43: [INFO] Add SW36 footprint
13:31:43: [INFO] Add D36 footprint
13:31:43: [INFO] Add SW36a footprint
13:31:43: [INFO] Add SW37 footprint
13:31:43: [INFO] Add D37 footprint
13:31:43: [INFO] Add SW38 footprint
13:31:43: [INFO] Add D38 footprint
13:31:43: [INFO] Add SW39 footprint
13:31:43: [INFO] Add D39 footprint
13:31:43: [INFO] Add SW40 footprint
13:31:43: [INFO] Add D40 footprint
13:31:43: [INFO] Add SW40a footprint
13:31:43: [INFO] Add SW41 footprint
13:31:43: [INFO] Add D41 footprint
13:31:43: [INFO] Add SW41a footprint
13:31:43: [INFO] Add SW41b footprint
13:31:43: [INFO] Add SW41c footprint
13:31:43: [INFO] Add SW42 footprint
13:31:43: [INFO] Add D42 footprint
13:31:43: [INFO] Add SW42a footprint
13:31:44: [INFO] Add SW42b footprint
13:31:44: [INFO] Add SW43 footprint
13:31:44: [INFO] Add D43 footprint
13:31:44: [INFO] Add SW44 footprint
13:31:44: [INFO] Add D44 footprint
13:31:44: [INFO] Add SW45 footprint
13:31:44: [INFO] Add D45 footprint
13:31:44: [INFO] Add SW46 footprint
13:31:44: [INFO] Add D46 footprint
13:31:44: [INFO] Add SW47 footprint
13:31:44: [INFO] Add D47 footprint
13:31:44: [INFO] Add SW48 footprint
13:31:44: [INFO] Add D48 footprint
13:31:44: [INFO] Add SW49 footprint
13:31:44: [INFO] Add D49 footprint
13:31:44: [INFO] Add SW49a footprint
13:31:44: [INFO] Add SW49b footprint
13:31:44: [INFO] Add SW50 footprint
13:31:44: [INFO] Add D50 footprint
13:31:44: [INFO] Add SW50a footprint
13:31:44: [INFO] Add SW50b footprint
13:31:44: [INFO] Add SW51 footprint
13:31:44: [INFO] Add D51 footprint
13:31:44: [INFO] Add SW52 footprint
13:31:44: [INFO] Add D52 footprint
13:31:44: [INFO] Add SW53 footprint
13:31:44: [INFO] Add D53 footprint
13:31:44: [INFO] Add SW54 footprint
13:31:44: [INFO] Add D54 footprint
13:31:44: [INFO] Add SW54a footprint
13:31:44: [INFO] Add SW55 footprint
13:31:44: [INFO] Add D55 footprint
13:31:44: [INFO] Add SW55a footprint
13:31:44: [INFO] Add SW56 footprint
13:31:44: [INFO] Add D56 footprint
13:31:44: [INFO] Add SW56a footprint
13:31:45: [INFO] Add SW56b footprint
13:31:45: [INFO] Add SW57 footprint
13:31:45: [INFO] Add D57 footprint
13:31:45: [INFO] Add SW58 footprint
13:31:45: [INFO] Add D58 footprint
13:31:45: [INFO] Add SW58a footprint
13:31:45: [INFO] Add SW59 footprint
13:31:45: [INFO] Add D59 footprint
13:31:45: [INFO] Add SW59a footprint
13:31:45: [INFO] Add SW59b footprint
13:31:45: [INFO] Add SW60 footprint
13:31:45: [INFO] Add D60 footprint
13:31:45: [INFO] Add SW60a footprint
13:31:45: [INFO] Add SW61 footprint
13:31:45: [INFO] Add D61 footprint
13:31:45: [INFO] Add SW61a footprint
13:31:45: [INFO] Add ST61a footprint
13:31:45: [INFO] Add SW62 footprint
13:31:45: [INFO] Add D62 footprint
13:31:45: [INFO] Add SW63 footprint
13:31:45: [INFO] Add D63 footprint
13:31:45: [INFO] Add SW63a footprint
13:31:45: [INFO] Add ST63a footprint
13:31:45: [INFO] Add SW63b footprint
13:31:45: [INFO] Add ST63b footprint
13:31:45: [INFO] Add SW63c footprint
13:31:45: [INFO] Add SW63d footprint
13:31:45: [INFO] Add ST63d footprint
13:31:45: [INFO] Add SW64 footprint
13:31:45: [INFO] Add D64 footprint
13:31:45: [INFO] Add SW64a footprint
13:31:45: [INFO] Add ST64a footprint
13:31:45: [INFO] Add SW65 footprint
13:31:45: [INFO] Add D65 footprint
13:31:45: [INFO] Add SW65a footprint
13:31:45: [INFO] Add ST65a footprint
13:31:45: [INFO] Add SW66 footprint
13:31:45: [INFO] Add D66 footprint
13:31:45: [INFO] Add SW66a footprint
13:31:45: [INFO] Add ST66a footprint
13:31:45: [INFO] Add SW66b footprint
13:31:45: [INFO] Add SW66c footprint
13:31:45: [INFO] Add SW67 footprint
13:31:45: [INFO] Add D67 footprint
13:31:46: [INFO] Add SW67a footprint
13:31:46: [INFO] Add SW68 footprint
13:31:46: [INFO] Add D68 footprint
13:31:46: [INFO] Add SW68a footprint
13:31:46: [INFO] Add SW68b footprint
13:31:46: [INFO] Add SW68c footprint
13:31:46: [INFO] Add SW69 footprint
13:31:46: [INFO] Add D69 footprint
13:31:46: [INFO] Add SW69a footprint
13:31:46: [INFO] Add SW69b footprint
13:31:46: [INFO] Add SW70 footprint
13:31:46: [INFO] Add D70 footprint
13:31:46: [INFO] Add SW70a footprint
13:31:46: [INFO] Add SW70b footprint
13:31:46: [INFO] Detected layout convertible to matrix annotated keyboard
13:31:46: [INFO] Using key 1U distance: (19.05, 19.05) mm
13:31:46: [INFO] Layout offset: (38100000, 28575000)
13:31:46: [INFO] Diode info: [ElementInfo(annotation_format='D{}', position_option=<PositionOption.CUSTOM: 'Custom'>, position=ElementPosition(x=5.08, y=4.0, orientation=90.0, side=<Side.BACK: 'Back'>), template_path='', start_index=-1)]
13:31:46: [INFO] Placing additional elements for SW70b
13:31:46: [INFO] Placing additional elements for SW70a
13:31:46: [INFO] Placing additional elements for SW70
13:31:46: [INFO] Placing additional elements for SW69b
13:31:46: [INFO] Placing additional elements for SW69a
13:31:46: [INFO] Placing additional elements for SW69
13:31:46: [INFO] Placing additional elements for SW68c
13:31:46: [INFO] Placing additional elements for SW68b
13:31:46: [INFO] Placing additional elements for SW68a
13:31:46: [INFO] Placing additional elements for SW68
13:31:46: [INFO] Placing additional elements for SW67a
13:31:46: [INFO] Placing additional elements for SW67
13:31:46: [INFO] Placing additional elements for SW66c
13:31:46: [INFO] Placing additional elements for SW66b
13:31:46: [INFO] Placing additional elements for SW66a
13:31:46: [INFO] Placing additional elements for SW66
13:31:46: [INFO] Placing additional elements for SW65a
13:31:46: [INFO] Placing additional elements for SW65
13:31:46: [INFO] Placing additional elements for SW64a
13:31:46: [INFO] Placing additional elements for SW64
13:31:46: [INFO] Placing additional elements for SW63d
13:31:46: [INFO] Placing additional elements for SW63c
13:31:46: [INFO] Placing additional elements for SW63b
13:31:46: [INFO] Placing additional elements for SW63a
13:31:46: [INFO] Placing additional elements for SW63
13:31:46: [INFO] Placing additional elements for SW62
13:31:46: [INFO] Placing additional elements for SW61a
13:31:46: [INFO] Placing additional elements for SW61
13:31:46: [INFO] Placing additional elements for SW60a
13:31:46: [INFO] Placing additional elements for SW60
13:31:46: [INFO] Placing additional elements for SW59b
13:31:46: [INFO] Placing additional elements for SW59a
13:31:46: [INFO] Placing additional elements for SW59
13:31:46: [INFO] Placing additional elements for SW58a
13:31:46: [INFO] Placing additional elements for SW58
13:31:46: [INFO] Placing additional elements for SW57
13:31:46: [INFO] Placing additional elements for SW56b
13:31:46: [INFO] Placing additional elements for SW56a
13:31:46: [INFO] Placing additional elements for SW56
13:31:46: [INFO] Placing additional elements for SW55a
13:31:46: [INFO] Placing additional elements for SW55
13:31:46: [INFO] Placing additional elements for SW54a
13:31:46: [INFO] Placing additional elements for SW54
13:31:46: [INFO] Placing additional elements for SW53
13:31:46: [INFO] Placing additional elements for SW52
13:31:46: [INFO] Placing additional elements for SW51
13:31:46: [INFO] Placing additional elements for SW50b
13:31:46: [INFO] Placing additional elements for SW50a
13:31:46: [INFO] Placing additional elements for SW50
13:31:46: [INFO] Placing additional elements for SW49b
13:31:46: [INFO] Placing additional elements for SW49a
13:31:46: [INFO] Placing additional elements for SW49
13:31:46: [INFO] Placing additional elements for SW48
13:31:46: [INFO] Placing additional elements for SW47
13:31:46: [INFO] Placing additional elements for SW46
13:31:46: [INFO] Placing additional elements for SW45
13:31:46: [INFO] Placing additional elements for SW44
13:31:46: [INFO] Placing additional elements for SW43
13:31:46: [INFO] Placing additional elements for SW42b
13:31:46: [INFO] Placing additional elements for SW42a
13:31:46: [INFO] Placing additional elements for SW42
13:31:46: [INFO] Placing additional elements for SW41c
13:31:46: [INFO] Placing additional elements for SW41b
13:31:46: [INFO] Placing additional elements for SW41a
13:31:46: [INFO] Placing additional elements for SW41
13:31:46: [INFO] Placing additional elements for SW40a
13:31:46: [INFO] Placing additional elements for SW40
13:31:46: [INFO] Placing additional elements for SW39
13:31:46: [INFO] Placing additional elements for SW38
13:31:46: [INFO] Placing additional elements for SW37
13:31:46: [INFO] Placing additional elements for SW36a
13:31:46: [INFO] Placing additional elements for SW36
13:31:46: [INFO] Placing additional elements for SW35a
13:31:46: [INFO] Placing additional elements for SW35
13:31:46: [INFO] Placing additional elements for SW34
13:31:46: [INFO] Placing additional elements for SW33
13:31:46: [INFO] Placing additional elements for SW32
13:31:46: [INFO] Placing additional elements for SW31
13:31:46: [INFO] Placing additional elements for SW30
13:31:46: [INFO] Placing additional elements for SW29
13:31:46: [INFO] Placing additional elements for SW28b
13:31:46: [INFO] Placing additional elements for SW28a
13:31:46: [INFO] Placing additional elements for SW28
13:31:46: [INFO] Placing additional elements for SW27a
13:31:46: [INFO] Placing additional elements for SW27
13:31:46: [INFO] Placing additional elements for SW26a
13:31:46: [INFO] Placing additional elements for SW26
13:31:46: [INFO] Placing additional elements for SW25
13:31:46: [INFO] Placing additional elements for SW24
13:31:46: [INFO] Placing additional elements for SW23
13:31:46: [INFO] Placing additional elements for SW22b
13:31:46: [INFO] Placing additional elements for SW22a
13:31:46: [INFO] Placing additional elements for SW22
13:31:46: [INFO] Placing additional elements for SW21b
13:31:46: [INFO] Placing additional elements for SW21a
13:31:46: [INFO] Placing additional elements for SW21
13:31:46: [INFO] Placing additional elements for SW20
13:31:46: [INFO] Placing additional elements for SW19
13:31:46: [INFO] Placing additional elements for SW18
13:31:46: [INFO] Placing additional elements for SW17
13:31:46: [INFO] Placing additional elements for SW16
13:31:46: [INFO] Placing additional elements for SW15
13:31:46: [INFO] Placing additional elements for SW14b
13:31:46: [INFO] Placing additional elements for SW14a
13:31:46: [INFO] Placing additional elements for SW14
13:31:46: [INFO] Placing additional elements for SW13a
13:31:46: [INFO] Placing additional elements for SW13
13:31:46: [INFO] Placing additional elements for SW12a
13:31:46: [INFO] Placing additional elements for SW12
13:31:46: [INFO] Placing additional elements for SW11
13:31:46: [INFO] Placing additional elements for SW10
13:31:46: [INFO] Placing additional elements for SW9
13:31:46: [INFO] Placing additional elements for SW8a
13:31:46: [INFO] Placing additional elements for SW8
13:31:46: [INFO] Placing additional elements for SW7a
13:31:46: [INFO] Placing additional elements for SW7
13:31:46: [INFO] Placing additional elements for SW6
13:31:46: [INFO] Placing additional elements for SW5
13:31:46: [INFO] Placing additional elements for SW4
13:31:46: [INFO] Placing additional elements for SW3
13:31:46: [INFO] Placing additional elements for SW2
13:31:46: [INFO] Placing additional elements for SW1
13:31:46: [INFO] Routing SW70b with D70
13:31:46: [INFO] Using internal autorouter method
13:31:46: [INFO] Routing pad 'SW70b:S2' at (402287500, 111800000) with pad 'D70:2' at (395605000, 116900000) using coordinate system rotated by 0 degree(s)
13:31:46: [INFO] Routing SW70a with D70
13:31:46: [INFO] Using internal autorouter method
13:31:46: [INFO] Routing pad 'SW70a:2' at (397827500, 109220000) with pad 'D70:2' at (395605000, 116900000) using coordinate system rotated by 0 degree(s)
13:31:46: [INFO] Routing SW70 with D70
13:31:46: [INFO] Using internal autorouter method
13:31:46: [INFO] Routing pad 'SW70:2' at (393065000, 109220000) with pad 'D70:2' at (395605000, 116900000) using coordinate system rotated by 0 degree(s)
13:31:46: [INFO] Routing SW69b with D69
13:31:46: [INFO] Using internal autorouter method
13:31:46: [INFO] Routing pad 'SW69b:2' at (378777500, 109220000) with pad 'D69:2' at (371792500, 116900000) using coordinate system rotated by 0 degree(s)
13:31:46: [INFO] Routing SW69a with D69
13:31:46: [INFO] Using internal autorouter method
13:31:46: [INFO] Routing pad 'SW69a:S2' at (373712500, 111800000) with pad 'D69:2' at (371792500, 116900000) using coordinate system rotated by 0 degree(s)
13:31:46: [INFO] Routing SW69 with D69
13:31:46: [INFO] Using internal autorouter method
13:31:46: [INFO] Routing pad 'SW69:2' at (369252500, 109220000) with pad 'D69:2' at (371792500, 116900000) using coordinate system rotated by 0 degree(s)
13:31:46: [INFO] Adding track segment (B.Cu): [(369252500, 109220000), (369252500, 114360000)]
13:31:46: [INFO] Adding track segment (B.Cu): [(369252500, 114360000), (371792500, 116900000)]
13:31:46: [INFO] Routing SW68c with D68
13:31:46: [INFO] Using internal autorouter method
13:31:46: [INFO] Routing pad 'SW68c:2' at (345440000, 109220000) with pad 'D68:2' at (352742500, 116900000) using coordinate system rotated by 0 degree(s)
13:31:46: [INFO] Routing SW68b with D68
13:31:46: [INFO] Using internal autorouter method
13:31:46: [INFO] Routing pad 'SW68b:2' at (359727500, 109220000) with pad 'D68:2' at (352742500, 116900000) using coordinate system rotated by 0 degree(s)
13:31:46: [INFO] Routing SW68a with D68
13:31:46: [INFO] Using internal autorouter method
13:31:46: [INFO] Routing pad 'SW68a:2' at (354965000, 109220000) with pad 'D68:2' at (352742500, 116900000) using coordinate system rotated by 0 degree(s)
13:31:46: [INFO] Routing SW68 with D68
13:31:46: [INFO] Using internal autorouter method
13:31:46: [INFO] Routing pad 'SW68:2' at (350202500, 109220000) with pad 'D68:2' at (352742500, 116900000) using coordinate system rotated by 0 degree(s)
13:31:46: [INFO] Routing SW67a with D67
13:31:46: [INFO] Using internal autorouter method
13:31:46: [INFO] Routing pad 'SW67a:2' at (338296250, 109220000) with pad 'D67:2' at (333692500, 116900000) using coordinate system rotated by 0 degree(s)
13:31:46: [INFO] Routing SW67 with D67
13:31:46: [INFO] Using internal autorouter method
13:31:46: [INFO] Routing pad 'SW67:2' at (331152500, 109220000) with pad 'D67:2' at (333692500, 116900000) using coordinate system rotated by 0 degree(s)
13:31:46: [INFO] Routing SW66c with D66
13:31:46: [INFO] Using internal autorouter method
13:31:46: [INFO] Routing pad 'SW66c:2' at (314483750, 109220000) with pad 'D66:2' at (314642500, 116900000) using coordinate system rotated by 0 degree(s)
13:31:46: [INFO] Routing SW66b with D66
13:31:46: [INFO] Using internal autorouter method
13:31:46: [INFO] Routing pad 'SW66b:2' at (316865000, 109220000) with pad 'D66:2' at (314642500, 116900000) using coordinate system rotated by 0 degree(s)
13:31:46: [INFO] Routing SW66a with D66
13:31:46: [INFO] Using internal autorouter method
13:31:46: [INFO] Routing pad 'SW66a:2' at (302577500, 109220000) with pad 'D66:2' at (314642500, 116900000) using coordinate system rotated by 0 degree(s)
13:31:46: [INFO] Routing SW66 with D66
13:31:46: [INFO] Using internal autorouter method
13:31:46: [INFO] Routing pad 'SW66:2' at (312102500, 109220000) with pad 'D66:2' at (314642500, 116900000) using coordinate system rotated by 0 degree(s)
13:31:46: [INFO] Routing SW65a with D65
13:31:46: [INFO] Using internal autorouter method
13:31:46: [INFO] Routing pad 'SW65a:2' at (302577500, 109220000) with pad 'D65:2' at (295592500, 116900000) using coordinate system rotated by 0 degree(s)
13:31:46: [INFO] Routing SW65 with D65
13:31:46: [INFO] Using internal autorouter method
13:31:46: [INFO] Routing pad 'SW65:2' at (293052500, 109220000) with pad 'D65:2' at (295592500, 116900000) using coordinate system rotated by 0 degree(s)
13:31:46: [INFO] Adding track segment (B.Cu): [(293052500, 109220000), (293052500, 114360000)]
13:31:46: [INFO] Adding track segment (B.Cu): [(293052500, 114360000), (295592500, 116900000)]
13:31:46: [INFO] Routing SW64a with D64
13:31:46: [INFO] Using internal autorouter method
13:31:46: [INFO] Routing pad 'SW64a:2' at (283527500, 109220000) with pad 'D64:2' at (276542500, 116900000) using coordinate system rotated by 0 degree(s)
13:31:46: [INFO] Routing SW64 with D64
13:31:46: [INFO] Using internal autorouter method
13:31:46: [INFO] Routing pad 'SW64:2' at (274002500, 109220000) with pad 'D64:2' at (276542500, 116900000) using coordinate system rotated by 0 degree(s)
13:31:46: [INFO] Adding track segment (B.Cu): [(274002500, 109220000), (274002500, 114360000)]
13:31:46: [INFO] Adding track segment (B.Cu): [(274002500, 114360000), (276542500, 116900000)]
13:31:46: [INFO] Routing SW63d with D63
13:31:46: [INFO] Using internal autorouter method
13:31:46: [INFO] Routing pad 'SW63d:2' at (247808750, 109220000) with pad 'D63:2' at (257492500, 116900000) using coordinate system rotated by 0 degree(s)
13:31:46: [INFO] Routing SW63c with D63
13:31:46: [INFO] Using internal autorouter method
13:31:46: [INFO] Routing pad 'SW63c:S2' at (268937500, 111800000) with pad 'D63:2' at (257492500, 116900000) using coordinate system rotated by 0 degree(s)
13:31:46: [INFO] Routing SW63b with D63
13:31:46: [INFO] Using internal autorouter method
13:31:46: [INFO] Routing pad 'SW63b:2' at (264477500, 109220000) with pad 'D63:2' at (257492500, 116900000) using coordinate system rotated by 0 degree(s)
13:31:46: [INFO] Routing SW63a with D63
13:31:46: [INFO] Using internal autorouter method
13:31:46: [INFO] Routing pad 'SW63a:2' at (245427500, 109220000) with pad 'D63:2' at (257492500, 116900000) using coordinate system rotated by 0 degree(s)
13:31:46: [INFO] Routing SW63 with D63
13:31:46: [INFO] Using internal autorouter method
13:31:46: [INFO] Routing pad 'SW63:2' at (254952500, 109220000) with pad 'D63:2' at (257492500, 116900000) using coordinate system rotated by 0 degree(s)
13:31:46: [INFO] Routing SW62 with D62
13:31:46: [INFO] Using internal autorouter method
13:31:46: [INFO] Routing pad 'SW62:2' at (235902500, 109220000) with pad 'D62:2' at (238442500, 116900000) using coordinate system rotated by 0 degree(s)
13:31:46: [INFO] Adding track segment (B.Cu): [(235902500, 109220000), (235902500, 114360000)]
13:31:46: [INFO] Adding track segment (B.Cu): [(235902500, 114360000), (238442500, 116900000)]
13:31:46: [INFO] Routing SW61a with D61
13:31:46: [INFO] Using internal autorouter method
13:31:46: [INFO] Routing pad 'SW61a:2' at (226377500, 109220000) with pad 'D61:2' at (219392500, 116900000) using coordinate system rotated by 0 degree(s)
13:31:46: [INFO] Routing SW61 with D61
13:31:46: [INFO] Using internal autorouter method
13:31:46: [INFO] Routing pad 'SW61:2' at (216852500, 109220000) with pad 'D61:2' at (219392500, 116900000) using coordinate system rotated by 0 degree(s)
13:31:46: [INFO] Adding track segment (B.Cu): [(216852500, 109220000), (216852500, 114360000)]
13:31:46: [INFO] Adding track segment (B.Cu): [(216852500, 114360000), (219392500, 116900000)]
13:31:46: [INFO] Routing SW60a with D60
13:31:46: [INFO] Using internal autorouter method
13:31:46: [INFO] Routing pad 'SW60a:S2' at (202262500, 111800000) with pad 'D60:2' at (200342500, 116900000) using coordinate system rotated by 0 degree(s)
13:31:46: [INFO] Adding track segment (B.Cu): [(202262500, 111800000), (202262500, 114980000)]
13:31:46: [INFO] Adding track segment (B.Cu): [(202262500, 114980000), (200342500, 116900000)]
13:31:46: [INFO] Routing SW60 with D60
13:31:46: [INFO] Using internal autorouter method
13:31:46: [INFO] Routing pad 'SW60:2' at (197802500, 109220000) with pad 'D60:2' at (200342500, 116900000) using coordinate system rotated by 0 degree(s)
13:31:46: [INFO] Adding track segment (B.Cu): [(197802500, 109220000), (197802500, 114360000)]
13:31:46: [INFO] Adding track segment (B.Cu): [(197802500, 114360000), (200342500, 116900000)]
13:31:46: [INFO] Routing SW59b with D59
13:31:46: [INFO] Using internal autorouter method
13:31:46: [INFO] Routing pad 'SW59b:2' at (183515000, 109220000) with pad 'D59:2' at (181292500, 116900000) using coordinate system rotated by 0 degree(s)
13:31:46: [INFO] Routing SW59a with D59
13:31:46: [INFO] Using internal autorouter method
13:31:46: [INFO] Routing pad 'SW59a:S2' at (183212500, 111800000) with pad 'D59:2' at (181292500, 116900000) using coordinate system rotated by 0 degree(s)
13:31:46: [INFO] Routing SW59 with D59
13:31:46: [INFO] Using internal autorouter method
13:31:46: [INFO] Routing pad 'SW59:2' at (178752500, 109220000) with pad 'D59:2' at (181292500, 116900000) using coordinate system rotated by 0 degree(s)
13:31:46: [INFO] Routing SW58a with D58
13:31:46: [INFO] Using internal autorouter method
13:31:46: [INFO] Routing pad 'SW58a:S2' at (164162500, 111800000) with pad 'D58:2' at (162242500, 116900000) using coordinate system rotated by 0 degree(s)
13:31:46: [INFO] Adding track segment (B.Cu): [(164162500, 111800000), (164162500, 114980000)]
13:31:46: [INFO] Adding track segment (B.Cu): [(164162500, 114980000), (162242500, 116900000)]
13:31:46: [INFO] Routing SW58 with D58
13:31:46: [INFO] Using internal autorouter method
13:31:46: [INFO] Routing pad 'SW58:2' at (159702500, 109220000) with pad 'D58:2' at (162242500, 116900000) using coordinate system rotated by 0 degree(s)
13:31:47: [INFO] Adding track segment (B.Cu): [(159702500, 109220000), (159702500, 114360000)]
13:31:47: [INFO] Adding track segment (B.Cu): [(159702500, 114360000), (162242500, 116900000)]
13:31:47: [INFO] Routing SW57 with D57
13:31:47: [INFO] Using internal autorouter method
13:31:47: [INFO] Routing pad 'SW57:2' at (135890000, 109220000) with pad 'D57:2' at (138430000, 116900000) using coordinate system rotated by 0 degree(s)
13:31:47: [INFO] Adding track segment (B.Cu): [(135890000, 109220000), (135890000, 114360000)]
13:31:47: [INFO] Adding track segment (B.Cu): [(135890000, 114360000), (138430000, 116900000)]
13:31:47: [INFO] Routing SW56b with D56
13:31:47: [INFO] Using internal autorouter method
13:31:47: [INFO] Routing pad 'SW56b:S2' at (402287500, 92750000) with pad 'D56:2' at (395605000, 97850000) using coordinate system rotated by 0 degree(s)
13:31:47: [INFO] Routing SW56a with D56
13:31:47: [INFO] Using internal autorouter method
13:31:47: [INFO] Routing pad 'SW56a:2' at (397827500, 90170000) with pad 'D56:2' at (395605000, 97850000) using coordinate system rotated by 0 degree(s)
13:31:47: [INFO] Routing SW56 with D56
13:31:47: [INFO] Using internal autorouter method
13:31:47: [INFO] Routing pad 'SW56:2' at (393065000, 90170000) with pad 'D56:2' at (395605000, 97850000) using coordinate system rotated by 0 degree(s)
13:31:47: [INFO] Routing SW55a with D55
13:31:47: [INFO] Using internal autorouter method
13:31:47: [INFO] Routing pad 'SW55a:2' at (378777500, 90170000) with pad 'D55:2' at (371792500, 97850000) using coordinate system rotated by 0 degree(s)
13:31:47: [INFO] Routing SW55 with D55
13:31:47: [INFO] Using internal autorouter method
13:31:47: [INFO] Routing pad 'SW55:2' at (369252500, 90170000) with pad 'D55:2' at (371792500, 97850000) using coordinate system rotated by 0 degree(s)
13:31:47: [INFO] Adding track segment (B.Cu): [(369252500, 90170000), (369252500, 95310000)]
13:31:47: [INFO] Adding track segment (B.Cu): [(369252500, 95310000), (371792500, 97850000)]
13:31:47: [INFO] Routing SW54a with D54
13:31:47: [INFO] Using internal autorouter method
13:31:47: [INFO] Routing pad 'SW54a:2' at (354965000, 90170000) with pad 'D54:2' at (352742500, 97850000) using coordinate system rotated by 0 degree(s)
13:31:47: [INFO] Routing SW54 with D54
13:31:47: [INFO] Using internal autorouter method
13:31:47: [INFO] Routing pad 'SW54:2' at (350202500, 90170000) with pad 'D54:2' at (352742500, 97850000) using coordinate system rotated by 0 degree(s)
13:31:47: [INFO] Routing SW53 with D53
13:31:47: [INFO] Using internal autorouter method
13:31:47: [INFO] Routing pad 'SW53:2' at (331152500, 90170000) with pad 'D53:2' at (333692500, 97850000) using coordinate system rotated by 0 degree(s)
13:31:47: [INFO] Adding track segment (B.Cu): [(331152500, 90170000), (331152500, 95310000)]
13:31:47: [INFO] Adding track segment (B.Cu): [(331152500, 95310000), (333692500, 97850000)]
13:31:47: [INFO] Routing SW52 with D52
13:31:47: [INFO] Using internal autorouter method
13:31:47: [INFO] Routing pad 'SW52:2' at (312102500, 90170000) with pad 'D52:2' at (314642500, 97850000) using coordinate system rotated by 0 degree(s)
13:31:47: [INFO] Adding track segment (B.Cu): [(312102500, 90170000), (312102500, 95310000)]
13:31:47: [INFO] Adding track segment (B.Cu): [(312102500, 95310000), (314642500, 97850000)]
13:31:47: [INFO] Routing SW51 with D51
13:31:47: [INFO] Using internal autorouter method
13:31:47: [INFO] Routing pad 'SW51:2' at (293052500, 90170000) with pad 'D51:2' at (295592500, 97850000) using coordinate system rotated by 0 degree(s)
13:31:47: [INFO] Adding track segment (B.Cu): [(293052500, 90170000), (293052500, 95310000)]
13:31:47: [INFO] Adding track segment (B.Cu): [(293052500, 95310000), (295592500, 97850000)]
13:31:47: [INFO] Routing SW50b with D50
13:31:47: [INFO] Using internal autorouter method
13:31:47: [INFO] Routing pad 'SW50b:S2' at (278462500, 92750000) with pad 'D50:2' at (276542500, 97850000) using coordinate system rotated by 0 degree(s)
13:31:47: [INFO] Adding track segment (B.Cu): [(278462500, 92750000), (278462500, 95930000)]
13:31:47: [INFO] Adding track segment (B.Cu): [(278462500, 95930000), (276542500, 97850000)]
13:31:47: [INFO] Routing SW50a with D50
13:31:47: [INFO] Using internal autorouter method
13:31:47: [INFO] Routing pad 'SW50a:2' at (274002500, 85407500) with pad 'D50:2' at (276542500, 97850000) using coordinate system rotated by 0 degree(s)
13:31:47: [INFO] Adding track segment (B.Cu): [(274002500, 85407500), (274002500, 95310000)]
13:31:47: [INFO] Adding track segment (B.Cu): [(274002500, 95310000), (276542500, 97850000)]
13:31:47: [INFO] Routing SW50 with D50
13:31:47: [INFO] Using internal autorouter method
13:31:47: [INFO] Routing pad 'SW50:2' at (274002500, 90170000) with pad 'D50:2' at (276542500, 97850000) using coordinate system rotated by 0 degree(s)
13:31:47: [INFO] Adding track segment (B.Cu): [(274002500, 90170000), (274002500, 95310000)]
13:31:47: [INFO] Adding track segment (B.Cu): [(274002500, 95310000), (276542500, 97850000)]
13:31:47: [INFO] Routing SW49b with D49
13:31:47: [INFO] Using internal autorouter method
13:31:47: [INFO] Routing pad 'SW49b:S2' at (266912500, 90487500) with pad 'D49:2' at (257492500, 97850000) using coordinate system rotated by 0 degree(s)
13:31:47: [INFO] Routing SW49a with D49
13:31:47: [INFO] Using internal autorouter method
13:31:47: [INFO] Routing pad 'SW49a:2' at (247452500, 87670000) with pad 'D49:2' at (257492500, 97850000) using coordinate system rotated by 0 degree(s)
13:31:47: [INFO] Routing SW49 with D49
13:31:47: [INFO] Using internal autorouter method
13:31:47: [INFO] Routing pad 'SW49:2' at (254952500, 90170000) with pad 'D49:2' at (257492500, 97850000) using coordinate system rotated by 0 degree(s)
13:31:47: [INFO] Adding track segment (B.Cu): [(254952500, 90170000), (254952500, 95310000)]
13:31:47: [INFO] Adding track segment (B.Cu): [(254952500, 95310000), (257492500, 97850000)]
13:31:47: [INFO] Routing SW48 with D48
13:31:47: [INFO] Using internal autorouter method
13:31:47: [INFO] Routing pad 'SW48:2' at (235902500, 90170000) with pad 'D48:2' at (238442500, 97850000) using coordinate system rotated by 0 degree(s)
13:31:47: [INFO] Adding track segment (B.Cu): [(235902500, 90170000), (235902500, 95310000)]
13:31:47: [INFO] Adding track segment (B.Cu): [(235902500, 95310000), (238442500, 97850000)]
13:31:47: [INFO] Routing SW47 with D47
13:31:47: [INFO] Using internal autorouter method
13:31:47: [INFO] Routing pad 'SW47:2' at (216852500, 90170000) with pad 'D47:2' at (219392500, 97850000) using coordinate system rotated by 0 degree(s)
13:31:47: [INFO] Adding track segment (B.Cu): [(216852500, 90170000), (216852500, 95310000)]
13:31:47: [INFO] Adding track segment (B.Cu): [(216852500, 95310000), (219392500, 97850000)]
13:31:47: [INFO] Routing SW46 with D46
13:31:47: [INFO] Using internal autorouter method
13:31:47: [INFO] Routing pad 'SW46:2' at (197802500, 90170000) with pad 'D46:2' at (200342500, 97850000) using coordinate system rotated by 0 degree(s)
13:31:47: [INFO] Adding track segment (B.Cu): [(197802500, 90170000), (197802500, 95310000)]
13:31:47: [INFO] Adding track segment (B.Cu): [(197802500, 95310000), (200342500, 97850000)]
13:31:47: [INFO] Routing SW45 with D45
13:31:47: [INFO] Using internal autorouter method
13:31:47: [INFO] Routing pad 'SW45:2' at (178752500, 90170000) with pad 'D45:2' at (181292500, 97850000) using coordinate system rotated by 0 degree(s)
13:31:47: [INFO] Adding track segment (B.Cu): [(178752500, 90170000), (178752500, 95310000)]
13:31:47: [INFO] Adding track segment (B.Cu): [(178752500, 95310000), (181292500, 97850000)]
13:31:47: [INFO] Routing SW44 with D44
13:31:47: [INFO] Using internal autorouter method
13:31:47: [INFO] Routing pad 'SW44:2' at (159702500, 90170000) with pad 'D44:2' at (162242500, 97850000) using coordinate system rotated by 0 degree(s)
13:31:47: [INFO] Adding track segment (B.Cu): [(159702500, 90170000), (159702500, 95310000)]
13:31:47: [INFO] Adding track segment (B.Cu): [(159702500, 95310000), (162242500, 97850000)]
13:31:47: [INFO] Routing SW43 with D43
13:31:47: [INFO] Using internal autorouter method
13:31:47: [INFO] Routing pad 'SW43:2' at (135890000, 90170000) with pad 'D43:2' at (138430000, 97850000) using coordinate system rotated by 0 degree(s)
13:31:47: [INFO] Adding track segment (B.Cu): [(135890000, 90170000), (135890000, 95310000)]
13:31:47: [INFO] Adding track segment (B.Cu): [(135890000, 95310000), (138430000, 97850000)]
13:31:47: [INFO] Routing SW42b with D42
13:31:47: [INFO] Using internal autorouter method
13:31:47: [INFO] Routing pad 'SW42b:S2' at (402287500, 73700000) with pad 'D42:2' at (395605000, 78800000) using coordinate system rotated by 0 degree(s)
13:31:47: [INFO] Routing SW42a with D42
13:31:47: [INFO] Using internal autorouter method
13:31:47: [INFO] Routing pad 'SW42a:2' at (397827500, 71120000) with pad 'D42:2' at (395605000, 78800000) using coordinate system rotated by 0 degree(s)
13:31:47: [INFO] Routing SW42 with D42
13:31:47: [INFO] Using internal autorouter method
13:31:47: [INFO] Routing pad 'SW42:2' at (393065000, 71120000) with pad 'D42:2' at (395605000, 78800000) using coordinate system rotated by 0 degree(s)
13:31:47: [INFO] Routing SW41c with D41
13:31:47: [INFO] Using internal autorouter method
13:31:47: [INFO] Routing pad 'SW41c:2' at (374015000, 71120000) with pad 'D41:2' at (371792500, 78800000) using coordinate system rotated by 0 degree(s)
13:31:47: [INFO] Routing SW41b with D41
13:31:47: [INFO] Using internal autorouter method
13:31:47: [INFO] Routing pad 'SW41b:S2' at (383237500, 73700000) with pad 'D41:2' at (371792500, 78800000) using coordinate system rotated by 0 degree(s)
13:31:47: [INFO] Routing SW41a with D41
13:31:47: [INFO] Using internal autorouter method
13:31:47: [INFO] Routing pad 'SW41a:2' at (378777500, 71120000) with pad 'D41:2' at (371792500, 78800000) using coordinate system rotated by 0 degree(s)
13:31:47: [INFO] Routing SW41 with D41
13:31:47: [INFO] Using internal autorouter method
13:31:47: [INFO] Routing pad 'SW41:2' at (369252500, 71120000) with pad 'D41:2' at (371792500, 78800000) using coordinate system rotated by 0 degree(s)
13:31:47: [INFO] Routing SW40a with D40
13:31:47: [INFO] Using internal autorouter method
13:31:47: [INFO] Routing pad 'SW40a:2' at (354965000, 71120000) with pad 'D40:2' at (352742500, 78800000) using coordinate system rotated by 0 degree(s)
13:31:47: [INFO] Routing SW40 with D40
13:31:47: [INFO] Using internal autorouter method
13:31:47: [INFO] Routing pad 'SW40:2' at (350202500, 71120000) with pad 'D40:2' at (352742500, 78800000) using coordinate system rotated by 0 degree(s)
13:31:47: [INFO] Routing SW39 with D39
13:31:47: [INFO] Using internal autorouter method
13:31:47: [INFO] Routing pad 'SW39:2' at (331152500, 71120000) with pad 'D39:2' at (333692500, 78800000) using coordinate system rotated by 0 degree(s)
13:31:47: [INFO] Adding track segment (B.Cu): [(331152500, 71120000), (331152500, 76260000)]
13:31:47: [INFO] Adding track segment (B.Cu): [(331152500, 76260000), (333692500, 78800000)]
13:31:47: [INFO] Routing SW38 with D38
13:31:47: [INFO] Using internal autorouter method
13:31:47: [INFO] Routing pad 'SW38:2' at (312102500, 71120000) with pad 'D38:2' at (314642500, 78800000) using coordinate system rotated by 0 degree(s)
13:31:47: [INFO] Adding track segment (B.Cu): [(312102500, 71120000), (312102500, 76260000)]
13:31:47: [INFO] Adding track segment (B.Cu): [(312102500, 76260000), (314642500, 78800000)]
13:31:47: [INFO] Routing SW37 with D37
13:31:47: [INFO] Using internal autorouter method
13:31:47: [INFO] Routing pad 'SW37:2' at (293052500, 71120000) with pad 'D37:2' at (295592500, 78800000) using coordinate system rotated by 0 degree(s)
13:31:47: [INFO] Adding track segment (B.Cu): [(293052500, 71120000), (293052500, 76260000)]
13:31:47: [INFO] Adding track segment (B.Cu): [(293052500, 76260000), (295592500, 78800000)]
13:31:47: [INFO] Routing SW36a with D36
13:31:47: [INFO] Using internal autorouter method
13:31:47: [INFO] Routing pad 'SW36a:S2' at (278462500, 73700000) with pad 'D36:2' at (276542500, 78800000) using coordinate system rotated by 0 degree(s)
13:31:47: [INFO] Adding track segment (B.Cu): [(278462500, 73700000), (278462500, 76880000)]
13:31:47: [INFO] Adding track segment (B.Cu): [(278462500, 76880000), (276542500, 78800000)]
13:31:47: [INFO] Routing SW36 with D36
13:31:47: [INFO] Using internal autorouter method
13:31:47: [INFO] Routing pad 'SW36:2' at (274002500, 71120000) with pad 'D36:2' at (276542500, 78800000) using coordinate system rotated by 0 degree(s)
13:31:47: [INFO] Adding track segment (B.Cu): [(274002500, 71120000), (274002500, 76260000)]
13:31:47: [INFO] Adding track segment (B.Cu): [(274002500, 76260000), (276542500, 78800000)]
13:31:47: [INFO] Routing SW35a with D35
13:31:47: [INFO] Using internal autorouter method
13:31:47: [INFO] Routing pad 'SW35a:S2' at (259412500, 73700000) with pad 'D35:2' at (257492500, 78800000) using coordinate system rotated by 0 degree(s)
13:31:47: [INFO] Adding track segment (B.Cu): [(259412500, 73700000), (259412500, 76880000)]
13:31:47: [INFO] Adding track segment (B.Cu): [(259412500, 76880000), (257492500, 78800000)]
13:31:47: [INFO] Routing SW35 with D35
13:31:47: [INFO] Using internal autorouter method
13:31:47: [INFO] Routing pad 'SW35:2' at (254952500, 71120000) with pad 'D35:2' at (257492500, 78800000) using coordinate system rotated by 0 degree(s)
13:31:47: [INFO] Adding track segment (B.Cu): [(254952500, 71120000), (254952500, 76260000)]
13:31:47: [INFO] Adding track segment (B.Cu): [(254952500, 76260000), (257492500, 78800000)]
13:31:47: [INFO] Routing SW34 with D34
13:31:47: [INFO] Using internal autorouter method
13:31:47: [INFO] Routing pad 'SW34:2' at (235902500, 71120000) with pad 'D34:2' at (238442500, 78800000) using coordinate system rotated by 0 degree(s)
13:31:47: [INFO] Adding track segment (B.Cu): [(235902500, 71120000), (235902500, 76260000)]
13:31:47: [INFO] Adding track segment (B.Cu): [(235902500, 76260000), (238442500, 78800000)]
13:31:47: [INFO] Routing SW33 with D33
13:31:47: [INFO] Using internal autorouter method
13:31:47: [INFO] Routing pad 'SW33:2' at (216852500, 71120000) with pad 'D33:2' at (219392500, 78800000) using coordinate system rotated by 0 degree(s)
13:31:47: [INFO] Adding track segment (B.Cu): [(216852500, 71120000), (216852500, 76260000)]
13:31:47: [INFO] Adding track segment (B.Cu): [(216852500, 76260000), (219392500, 78800000)]
13:31:47: [INFO] Routing SW32 with D32
13:31:48: [INFO] Using internal autorouter method
13:31:48: [INFO] Routing pad 'SW32:2' at (197802500, 71120000) with pad 'D32:2' at (200342500, 78800000) using coordinate system rotated by 0 degree(s)
13:31:48: [INFO] Adding track segment (B.Cu): [(197802500, 71120000), (197802500, 76260000)]
13:31:48: [INFO] Adding track segment (B.Cu): [(197802500, 76260000), (200342500, 78800000)]
13:31:48: [INFO] Routing SW31 with D31
13:31:48: [INFO] Using internal autorouter method
13:31:48: [INFO] Routing pad 'SW31:2' at (178752500, 71120000) with pad 'D31:2' at (181292500, 78800000) using coordinate system rotated by 0 degree(s)
13:31:48: [INFO] Adding track segment (B.Cu): [(178752500, 71120000), (178752500, 76260000)]
13:31:48: [INFO] Adding track segment (B.Cu): [(178752500, 76260000), (181292500, 78800000)]
13:31:48: [INFO] Routing SW30 with D30
13:31:48: [INFO] Using internal autorouter method
13:31:48: [INFO] Routing pad 'SW30:2' at (159702500, 71120000) with pad 'D30:2' at (162242500, 78800000) using coordinate system rotated by 0 degree(s)
13:31:48: [INFO] Adding track segment (B.Cu): [(159702500, 71120000), (159702500, 76260000)]
13:31:48: [INFO] Adding track segment (B.Cu): [(159702500, 76260000), (162242500, 78800000)]
13:31:48: [INFO] Routing SW29 with D29
13:31:48: [INFO] Using internal autorouter method
13:31:48: [INFO] Routing pad 'SW29:2' at (135890000, 71120000) with pad 'D29:2' at (138430000, 78800000) using coordinate system rotated by 0 degree(s)
13:31:48: [INFO] Adding track segment (B.Cu): [(135890000, 71120000), (135890000, 76260000)]
13:31:48: [INFO] Adding track segment (B.Cu): [(135890000, 76260000), (138430000, 78800000)]
13:31:48: [INFO] Routing SW28b with D28
13:31:48: [INFO] Using internal autorouter method
13:31:48: [INFO] Routing pad 'SW28b:S2' at (402287500, 54650000) with pad 'D28:2' at (395605000, 59750000) using coordinate system rotated by 0 degree(s)
13:31:48: [INFO] Routing SW28a with D28
13:31:48: [INFO] Using internal autorouter method
13:31:48: [INFO] Routing pad 'SW28a:2' at (397827500, 52070000) with pad 'D28:2' at (395605000, 59750000) using coordinate system rotated by 0 degree(s)
13:31:48: [INFO] Routing SW28 with D28
13:31:48: [INFO] Using internal autorouter method
13:31:48: [INFO] Routing pad 'SW28:2' at (393065000, 52070000) with pad 'D28:2' at (395605000, 59750000) using coordinate system rotated by 0 degree(s)
13:31:48: [INFO] Routing SW27a with D27
13:31:48: [INFO] Using internal autorouter method
13:31:48: [INFO] Routing pad 'SW27a:2' at (378777500, 52070000) with pad 'D27:2' at (371792500, 59750000) using coordinate system rotated by 0 degree(s)
13:31:48: [INFO] Routing SW27 with D27
13:31:48: [INFO] Using internal autorouter method
13:31:48: [INFO] Routing pad 'SW27:2' at (369252500, 52070000) with pad 'D27:2' at (371792500, 59750000) using coordinate system rotated by 0 degree(s)
13:31:48: [INFO] Adding track segment (B.Cu): [(369252500, 52070000), (369252500, 57210000)]
13:31:48: [INFO] Adding track segment (B.Cu): [(369252500, 57210000), (371792500, 59750000)]
13:31:48: [INFO] Routing SW26a with D26
13:31:48: [INFO] Using internal autorouter method
13:31:48: [INFO] Routing pad 'SW26a:2' at (354965000, 52070000) with pad 'D26:2' at (352742500, 59750000) using coordinate system rotated by 0 degree(s)
13:31:48: [INFO] Routing SW26 with D26
13:31:48: [INFO] Using internal autorouter method
13:31:48: [INFO] Routing pad 'SW26:2' at (350202500, 52070000) with pad 'D26:2' at (352742500, 59750000) using coordinate system rotated by 0 degree(s)
13:31:48: [INFO] Routing SW25 with D25
13:31:48: [INFO] Using internal autorouter method
13:31:48: [INFO] Routing pad 'SW25:2' at (331152500, 52070000) with pad 'D25:2' at (333692500, 59750000) using coordinate system rotated by 0 degree(s)
13:31:48: [INFO] Adding track segment (B.Cu): [(331152500, 52070000), (331152500, 57210000)]
13:31:48: [INFO] Adding track segment (B.Cu): [(331152500, 57210000), (333692500, 59750000)]
13:31:48: [INFO] Routing SW24 with D24
13:31:48: [INFO] Using internal autorouter method
13:31:48: [INFO] Routing pad 'SW24:2' at (312102500, 52070000) with pad 'D24:2' at (314642500, 59750000) using coordinate system rotated by 0 degree(s)
13:31:48: [INFO] Adding track segment (B.Cu): [(312102500, 52070000), (312102500, 57210000)]
13:31:48: [INFO] Adding track segment (B.Cu): [(312102500, 57210000), (314642500, 59750000)]
13:31:48: [INFO] Routing SW23 with D23
13:31:48: [INFO] Using internal autorouter method
13:31:48: [INFO] Routing pad 'SW23:2' at (293052500, 52070000) with pad 'D23:2' at (295592500, 59750000) using coordinate system rotated by 0 degree(s)
13:31:48: [INFO] Adding track segment (B.Cu): [(293052500, 52070000), (293052500, 57210000)]
13:31:48: [INFO] Adding track segment (B.Cu): [(293052500, 57210000), (295592500, 59750000)]
13:31:48: [INFO] Routing SW22b with D22
13:31:48: [INFO] Using internal autorouter method
13:31:48: [INFO] Routing pad 'SW22b:S2' at (278462500, 54650000) with pad 'D22:2' at (276542500, 59750000) using coordinate system rotated by 0 degree(s)
13:31:48: [INFO] Adding track segment (B.Cu): [(278462500, 54650000), (278462500, 57830000)]
13:31:48: [INFO] Adding track segment (B.Cu): [(278462500, 57830000), (276542500, 59750000)]
13:31:48: [INFO] Routing SW22a with D22
13:31:48: [INFO] Using internal autorouter method
13:31:48: [INFO] Routing pad 'SW22a:2' at (274002500, 56832500) with pad 'D22:2' at (276542500, 59750000) using coordinate system rotated by 0 degree(s)
13:31:48: [INFO] Adding track segment (B.Cu): [(274002500, 56832500), (274002500, 57210000)]
13:31:48: [INFO] Adding track segment (B.Cu): [(274002500, 57210000), (276542500, 59750000)]
13:31:48: [INFO] Routing SW22 with D22
13:31:48: [INFO] Using internal autorouter method
13:31:48: [INFO] Routing pad 'SW22:2' at (274002500, 52070000) with pad 'D22:2' at (276542500, 59750000) using coordinate system rotated by 0 degree(s)
13:31:48: [INFO] Adding track segment (B.Cu): [(274002500, 52070000), (274002500, 57210000)]
13:31:48: [INFO] Adding track segment (B.Cu): [(274002500, 57210000), (276542500, 59750000)]
13:31:48: [INFO] Routing SW21b with D21
13:31:48: [INFO] Using internal autorouter method
13:31:48: [INFO] Routing pad 'SW21b:S2' at (266912500, 61912500) with pad 'D21:2' at (257492500, 59750000) using coordinate system rotated by 0 degree(s)
13:31:48: [INFO] Routing SW21a with D21
13:31:48: [INFO] Using internal autorouter method
13:31:48: [INFO] Routing pad 'SW21a:2' at (247452500, 49570000) with pad 'D21:2' at (257492500, 59750000) using coordinate system rotated by 0 degree(s)
13:31:48: [INFO] Routing SW21 with D21
13:31:48: [INFO] Using internal autorouter method
13:31:48: [INFO] Routing pad 'SW21:2' at (254952500, 52070000) with pad 'D21:2' at (257492500, 59750000) using coordinate system rotated by 0 degree(s)
13:31:48: [INFO] Adding track segment (B.Cu): [(254952500, 52070000), (254952500, 57210000)]
13:31:48: [INFO] Adding track segment (B.Cu): [(254952500, 57210000), (257492500, 59750000)]
13:31:48: [INFO] Routing SW20 with D20
13:31:48: [INFO] Using internal autorouter method
13:31:48: [INFO] Routing pad 'SW20:2' at (235902500, 52070000) with pad 'D20:2' at (238442500, 59750000) using coordinate system rotated by 0 degree(s)
13:31:48: [INFO] Adding track segment (B.Cu): [(235902500, 52070000), (235902500, 57210000)]
13:31:48: [INFO] Adding track segment (B.Cu): [(235902500, 57210000), (238442500, 59750000)]
13:31:48: [INFO] Routing SW19 with D19
13:31:48: [INFO] Using internal autorouter method
13:31:48: [INFO] Routing pad 'SW19:2' at (216852500, 52070000) with pad 'D19:2' at (219392500, 59750000) using coordinate system rotated by 0 degree(s)
13:31:48: [INFO] Adding track segment (B.Cu): [(216852500, 52070000), (216852500, 57210000)]
13:31:48: [INFO] Adding track segment (B.Cu): [(216852500, 57210000), (219392500, 59750000)]
13:31:48: [INFO] Routing SW18 with D18
13:31:48: [INFO] Using internal autorouter method
13:31:48: [INFO] Routing pad 'SW18:2' at (197802500, 52070000) with pad 'D18:2' at (200342500, 59750000) using coordinate system rotated by 0 degree(s)
13:31:48: [INFO] Adding track segment (B.Cu): [(197802500, 52070000), (197802500, 57210000)]
13:31:48: [INFO] Adding track segment (B.Cu): [(197802500, 57210000), (200342500, 59750000)]
13:31:48: [INFO] Routing SW17 with D17
13:31:48: [INFO] Using internal autorouter method
13:31:48: [INFO] Routing pad 'SW17:2' at (178752500, 52070000) with pad 'D17:2' at (181292500, 59750000) using coordinate system rotated by 0 degree(s)
13:31:48: [INFO] Adding track segment (B.Cu): [(178752500, 52070000), (178752500, 57210000)]
13:31:48: [INFO] Adding track segment (B.Cu): [(178752500, 57210000), (181292500, 59750000)]
13:31:48: [INFO] Routing SW16 with D16
13:31:48: [INFO] Using internal autorouter method
13:31:48: [INFO] Routing pad 'SW16:2' at (159702500, 52070000) with pad 'D16:2' at (162242500, 59750000) using coordinate system rotated by 0 degree(s)
13:31:48: [INFO] Adding track segment (B.Cu): [(159702500, 52070000), (159702500, 57210000)]
13:31:48: [INFO] Adding track segment (B.Cu): [(159702500, 57210000), (162242500, 59750000)]
13:31:48: [INFO] Routing SW15 with D15
13:31:48: [INFO] Using internal autorouter method
13:31:48: [INFO] Routing pad 'SW15:2' at (135890000, 52070000) with pad 'D15:2' at (138430000, 59750000) using coordinate system rotated by 0 degree(s)
13:31:48: [INFO] Adding track segment (B.Cu): [(135890000, 52070000), (135890000, 57210000)]
13:31:48: [INFO] Adding track segment (B.Cu): [(135890000, 57210000), (138430000, 59750000)]
13:31:48: [INFO] Routing SW14b with D14
13:31:48: [INFO] Using internal autorouter method
13:31:48: [INFO] Routing pad 'SW14b:S2' at (402287500, 35600000) with pad 'D14:2' at (395605000, 40700000) using coordinate system rotated by 0 degree(s)
13:31:48: [INFO] Routing SW14a with D14
13:31:48: [INFO] Using internal autorouter method
13:31:48: [INFO] Routing pad 'SW14a:2' at (397827500, 33020000) with pad 'D14:2' at (395605000, 40700000) using coordinate system rotated by 0 degree(s)
13:31:48: [INFO] Routing SW14 with D14
13:31:48: [INFO] Using internal autorouter method
13:31:48: [INFO] Routing pad 'SW14:2' at (393065000, 33020000) with pad 'D14:2' at (395605000, 40700000) using coordinate system rotated by 0 degree(s)
13:31:48: [INFO] Routing SW13a with D13
13:31:48: [INFO] Using internal autorouter method
13:31:48: [INFO] Routing pad 'SW13a:2' at (378777500, 33020000) with pad 'D13:2' at (371792500, 40700000) using coordinate system rotated by 0 degree(s)
13:31:48: [INFO] Routing SW13 with D13
13:31:48: [INFO] Using internal autorouter method
13:31:48: [INFO] Routing pad 'SW13:2' at (369252500, 33020000) with pad 'D13:2' at (371792500, 40700000) using coordinate system rotated by 0 degree(s)
13:31:48: [INFO] Adding track segment (B.Cu): [(369252500, 33020000), (369252500, 38160000)]
13:31:48: [INFO] Adding track segment (B.Cu): [(369252500, 38160000), (371792500, 40700000)]
13:31:48: [INFO] Routing SW12a with D12
13:31:48: [INFO] Using internal autorouter method
13:31:48: [INFO] Routing pad 'SW12a:2' at (354965000, 33020000) with pad 'D12:2' at (352742500, 40700000) using coordinate system rotated by 0 degree(s)
13:31:48: [INFO] Routing SW12 with D12
13:31:48: [INFO] Using internal autorouter method
13:31:48: [INFO] Routing pad 'SW12:2' at (350202500, 33020000) with pad 'D12:2' at (352742500, 40700000) using coordinate system rotated by 0 degree(s)
13:31:48: [INFO] Routing SW11 with D11
13:31:48: [INFO] Using internal autorouter method
13:31:48: [INFO] Routing pad 'SW11:2' at (331152500, 33020000) with pad 'D11:2' at (333692500, 40700000) using coordinate system rotated by 0 degree(s)
13:31:48: [INFO] Adding track segment (B.Cu): [(331152500, 33020000), (331152500, 38160000)]
13:31:48: [INFO] Adding track segment (B.Cu): [(331152500, 38160000), (333692500, 40700000)]
13:31:48: [INFO] Routing SW10 with D10
13:31:48: [INFO] Using internal autorouter method
13:31:48: [INFO] Routing pad 'SW10:2' at (312102500, 33020000) with pad 'D10:2' at (314642500, 40700000) using coordinate system rotated by 0 degree(s)
13:31:48: [INFO] Adding track segment (B.Cu): [(312102500, 33020000), (312102500, 38160000)]
13:31:48: [INFO] Adding track segment (B.Cu): [(312102500, 38160000), (314642500, 40700000)]
13:31:48: [INFO] Routing SW9 with D9
13:31:48: [INFO] Using internal autorouter method
13:31:48: [INFO] Routing pad 'SW9:2' at (293052500, 33020000) with pad 'D9:2' at (295592500, 40700000) using coordinate system rotated by 0 degree(s)
13:31:48: [INFO] Adding track segment (B.Cu): [(293052500, 33020000), (293052500, 38160000)]
13:31:48: [INFO] Adding track segment (B.Cu): [(293052500, 38160000), (295592500, 40700000)]
13:31:48: [INFO] Routing SW8a with D8
13:31:48: [INFO] Using internal autorouter method
13:31:48: [INFO] Routing pad 'SW8a:S2' at (278462500, 35600000) with pad 'D8:2' at (276542500, 40700000) using coordinate system rotated by 0 degree(s)
13:31:49: [INFO] Adding track segment (B.Cu): [(278462500, 35600000), (278462500, 38780000)]
13:31:49: [INFO] Adding track segment (B.Cu): [(278462500, 38780000), (276542500, 40700000)]
13:31:49: [INFO] Routing SW8 with D8
13:31:49: [INFO] Using internal autorouter method
13:31:49: [INFO] Routing pad 'SW8:2' at (274002500, 33020000) with pad 'D8:2' at (276542500, 40700000) using coordinate system rotated by 0 degree(s)
13:31:49: [INFO] Adding track segment (B.Cu): [(274002500, 33020000), (274002500, 38160000)]
13:31:49: [INFO] Adding track segment (B.Cu): [(274002500, 38160000), (276542500, 40700000)]
13:31:49: [INFO] Routing SW7a with D7
13:31:49: [INFO] Using internal autorouter method
13:31:49: [INFO] Routing pad 'SW7a:S2' at (259412500, 35600000) with pad 'D7:2' at (257492500, 40700000) using coordinate system rotated by 0 degree(s)
13:31:49: [INFO] Adding track segment (B.Cu): [(259412500, 35600000), (259412500, 38780000)]
13:31:49: [INFO] Adding track segment (B.Cu): [(259412500, 38780000), (257492500, 40700000)]
13:31:49: [INFO] Routing SW7 with D7
13:31:49: [INFO] Using internal autorouter method
13:31:49: [INFO] Routing pad 'SW7:2' at (254952500, 33020000) with pad 'D7:2' at (257492500, 40700000) using coordinate system rotated by 0 degree(s)
13:31:49: [INFO] Adding track segment (B.Cu): [(254952500, 33020000), (254952500, 38160000)]
13:31:49: [INFO] Adding track segment (B.Cu): [(254952500, 38160000), (257492500, 40700000)]
13:31:49: [INFO] Routing SW6 with D6
13:31:49: [INFO] Using internal autorouter method
13:31:49: [INFO] Routing pad 'SW6:2' at (235902500, 33020000) with pad 'D6:2' at (238442500, 40700000) using coordinate system rotated by 0 degree(s)
13:31:49: [INFO] Adding track segment (B.Cu): [(235902500, 33020000), (235902500, 38160000)]
13:31:49: [INFO] Adding track segment (B.Cu): [(235902500, 38160000), (238442500, 40700000)]
13:31:49: [INFO] Routing SW5 with D5
13:31:49: [INFO] Using internal autorouter method
13:31:49: [INFO] Routing pad 'SW5:2' at (216852500, 33020000) with pad 'D5:2' at (219392500, 40700000) using coordinate system rotated by 0 degree(s)
13:31:49: [INFO] Adding track segment (B.Cu): [(216852500, 33020000), (216852500, 38160000)]
13:31:49: [INFO] Adding track segment (B.Cu): [(216852500, 38160000), (219392500, 40700000)]
13:31:49: [INFO] Routing SW4 with D4
13:31:49: [INFO] Using internal autorouter method
13:31:49: [INFO] Routing pad 'SW4:2' at (197802500, 33020000) with pad 'D4:2' at (200342500, 40700000) using coordinate system rotated by 0 degree(s)
13:31:49: [INFO] Adding track segment (B.Cu): [(197802500, 33020000), (197802500, 38160000)]
13:31:49: [INFO] Adding track segment (B.Cu): [(197802500, 38160000), (200342500, 40700000)]
13:31:49: [INFO] Routing SW3 with D3
13:31:49: [INFO] Using internal autorouter method
13:31:49: [INFO] Routing pad 'SW3:2' at (178752500, 33020000) with pad 'D3:2' at (181292500, 40700000) using coordinate system rotated by 0 degree(s)
13:31:49: [INFO] Adding track segment (B.Cu): [(178752500, 33020000), (178752500, 38160000)]
13:31:49: [INFO] Adding track segment (B.Cu): [(178752500, 38160000), (181292500, 40700000)]
13:31:49: [INFO] Routing SW2 with D2
13:31:49: [INFO] Using internal autorouter method
13:31:49: [INFO] Routing pad 'SW2:2' at (159702500, 33020000) with pad 'D2:2' at (162242500, 40700000) using coordinate system rotated by 0 degree(s)
13:31:49: [INFO] Adding track segment (B.Cu): [(159702500, 33020000), (159702500, 38160000)]
13:31:49: [INFO] Adding track segment (B.Cu): [(159702500, 38160000), (162242500, 40700000)]
13:31:49: [INFO] Routing SW1 with D1
13:31:49: [INFO] Using internal autorouter method
13:31:49: [INFO] Routing pad 'SW1:2' at (135890000, 33020000) with pad 'D1:2' at (138430000, 40700000) using coordinate system rotated by 0 degree(s)
13:31:49: [INFO] Adding track segment (B.Cu): [(135890000, 33020000), (135890000, 38160000)]
13:31:49: [INFO] Adding track segment (B.Cu): [(135890000, 38160000), (138430000, 40700000)]
13:31:49: [INFO] Routing ROW2 pads
13:31:49: [INFO] Routing pad 'D29:1' at (138430000, 81600000) with pad 'D30:1' at (162242500, 81600000) using coordinate system rotated by 0 degree(s)
13:31:49: [INFO] Adding track segment (B.Cu): [(138430000, 81600000), (162242500, 81600000)]
13:31:49: [INFO] Routing pad 'D30:1' at (162242500, 81600000) with pad 'D31:1' at (181292500, 81600000) using coordinate system rotated by 0 degree(s)
13:31:49: [INFO] Adding track segment (B.Cu): [(162242500, 81600000), (181292500, 81600000)]
13:31:49: [INFO] Routing pad 'D31:1' at (181292500, 81600000) with pad 'D32:1' at (200342500, 81600000) using coordinate system rotated by 0 degree(s)
13:31:49: [INFO] Adding track segment (B.Cu): [(181292500, 81600000), (200342500, 81600000)]
13:31:49: [INFO] Routing pad 'D32:1' at (200342500, 81600000) with pad 'D33:1' at (219392500, 81600000) using coordinate system rotated by 0 degree(s)
13:31:49: [INFO] Adding track segment (B.Cu): [(200342500, 81600000), (219392500, 81600000)]
13:31:49: [INFO] Routing pad 'D33:1' at (219392500, 81600000) with pad 'D34:1' at (238442500, 81600000) using coordinate system rotated by 0 degree(s)
13:31:49: [INFO] Adding track segment (B.Cu): [(219392500, 81600000), (238442500, 81600000)]
13:31:49: [INFO] Routing pad 'D34:1' at (238442500, 81600000) with pad 'D35:1' at (257492500, 81600000) using coordinate system rotated by 0 degree(s)
13:31:49: [INFO] Adding track segment (B.Cu): [(238442500, 81600000), (257492500, 81600000)]
13:31:49: [INFO] Could not add track segment due to detected collision
13:31:49: [INFO] Routing pad 'D35:1' at (257492500, 81600000) with pad 'D36:1' at (276542500, 81600000) using coordinate system rotated by 0 degree(s)
13:31:49: [INFO] Adding track segment (B.Cu): [(257492500, 81600000), (276542500, 81600000)]
13:31:49: [INFO] Could not add track segment due to detected collision
13:31:49: [INFO] Routing pad 'D36:1' at (276542500, 81600000) with pad 'D37:1' at (295592500, 81600000) using coordinate system rotated by 0 degree(s)
13:31:49: [INFO] Adding track segment (B.Cu): [(276542500, 81600000), (295592500, 81600000)]
13:31:49: [INFO] Routing pad 'D37:1' at (295592500, 81600000) with pad 'D38:1' at (314642500, 81600000) using coordinate system rotated by 0 degree(s)
13:31:49: [INFO] Adding track segment (B.Cu): [(295592500, 81600000), (314642500, 81600000)]
13:31:49: [INFO] Routing pad 'D38:1' at (314642500, 81600000) with pad 'D39:1' at (333692500, 81600000) using coordinate system rotated by 0 degree(s)
13:31:49: [INFO] Adding track segment (B.Cu): [(314642500, 81600000), (333692500, 81600000)]
13:31:49: [INFO] Routing pad 'D39:1' at (333692500, 81600000) with pad 'D40:1' at (352742500, 81600000) using coordinate system rotated by 0 degree(s)
13:31:49: [INFO] Adding track segment (B.Cu): [(333692500, 81600000), (352742500, 81600000)]
13:31:49: [INFO] Routing pad 'D40:1' at (352742500, 81600000) with pad 'D41:1' at (371792500, 81600000) using coordinate system rotated by 0 degree(s)
13:31:49: [INFO] Adding track segment (B.Cu): [(352742500, 81600000), (371792500, 81600000)]
13:31:49: [INFO] Routing pad 'D41:1' at (371792500, 81600000) with pad 'D42:1' at (395605000, 81600000) using coordinate system rotated by 0 degree(s)
13:31:49: [INFO] Adding track segment (B.Cu): [(371792500, 81600000), (395605000, 81600000)]
13:31:49: [INFO] Could not add track segment due to detected collision
13:31:49: [INFO] Routing COL3 pads
13:31:49: [INFO] Routing pad 'SW4:1' at (191452500, 35560000) with pad 'SW18:1' at (191452500, 54610000) using coordinate system rotated by 0 degree(s)
13:31:49: [INFO] Adding track segment (F.Cu): [(191452500, 35560000), (191452500, 54610000)]
13:31:49: [INFO] Routing pad 'SW18:1' at (191452500, 54610000) with pad 'SW32:1' at (191452500, 73660000) using coordinate system rotated by 0 degree(s)
13:31:49: [INFO] Adding track segment (F.Cu): [(191452500, 54610000), (191452500, 73660000)]
13:31:49: [INFO] Routing pad 'SW32:1' at (191452500, 73660000) with pad 'SW46:1' at (191452500, 92710000) using coordinate system rotated by 0 degree(s)
13:31:49: [INFO] Adding track segment (F.Cu): [(191452500, 73660000), (191452500, 92710000)]
13:31:49: [INFO] Routing pad 'SW46:1' at (191452500, 92710000) with pad 'SW60:1' at (191452500, 111760000) using coordinate system rotated by 0 degree(s)
13:31:49: [INFO] Adding track segment (F.Cu): [(191452500, 92710000), (191452500, 111760000)]
13:31:49: [INFO] Routing pad 'SW60:1' at (191452500, 111760000) with pad 'SW60a:S1' at (202262500, 116800000) using coordinate system rotated by 0 degree(s)
13:31:49: [INFO] Routing ROW4 pads
13:31:49: [INFO] Routing pad 'D57:1' at (138430000, 119700000) with pad 'D58:1' at (162242500, 119700000) using coordinate system rotated by 0 degree(s)
13:31:49: [INFO] Adding track segment (B.Cu): [(138430000, 119700000), (162242500, 119700000)]
13:31:49: [INFO] Could not add track segment due to detected collision
13:31:49: [INFO] Routing pad 'D58:1' at (162242500, 119700000) with pad 'D59:1' at (181292500, 119700000) using coordinate system rotated by 0 degree(s)
13:31:49: [INFO] Adding track segment (B.Cu): [(162242500, 119700000), (181292500, 119700000)]
13:31:49: [INFO] Could not add track segment due to detected collision
13:31:49: [INFO] Routing pad 'D59:1' at (181292500, 119700000) with pad 'D60:1' at (200342500, 119700000) using coordinate system rotated by 0 degree(s)
13:31:49: [INFO] Adding track segment (B.Cu): [(181292500, 119700000), (200342500, 119700000)]
13:31:49: [INFO] Could not add track segment due to detected collision
13:31:49: [INFO] Routing pad 'D60:1' at (200342500, 119700000) with pad 'D61:1' at (219392500, 119700000) using coordinate system rotated by 0 degree(s)
13:31:49: [INFO] Adding track segment (B.Cu): [(200342500, 119700000), (219392500, 119700000)]
13:31:49: [INFO] Routing pad 'D61:1' at (219392500, 119700000) with pad 'D62:1' at (238442500, 119700000) using coordinate system rotated by 0 degree(s)
13:31:49: [INFO] Adding track segment (B.Cu): [(219392500, 119700000), (238442500, 119700000)]
13:31:49: [INFO] Routing pad 'D62:1' at (238442500, 119700000) with pad 'D63:1' at (257492500, 119700000) using coordinate system rotated by 0 degree(s)
13:31:49: [INFO] Adding track segment (B.Cu): [(238442500, 119700000), (257492500, 119700000)]
13:31:49: [INFO] Routing pad 'D63:1' at (257492500, 119700000) with pad 'D64:1' at (276542500, 119700000) using coordinate system rotated by 0 degree(s)
13:31:49: [INFO] Adding track segment (B.Cu): [(257492500, 119700000), (276542500, 119700000)]
13:31:49: [INFO] Could not add track segment due to detected collision
13:31:49: [INFO] Routing pad 'D64:1' at (276542500, 119700000) with pad 'D65:1' at (295592500, 119700000) using coordinate system rotated by 0 degree(s)
13:31:49: [INFO] Adding track segment (B.Cu): [(276542500, 119700000), (295592500, 119700000)]
13:31:49: [INFO] Routing pad 'D65:1' at (295592500, 119700000) with pad 'D66:1' at (314642500, 119700000) using coordinate system rotated by 0 degree(s)
13:31:49: [INFO] Adding track segment (B.Cu): [(295592500, 119700000), (314642500, 119700000)]
13:31:49: [INFO] Routing pad 'D66:1' at (314642500, 119700000) with pad 'D67:1' at (333692500, 119700000) using coordinate system rotated by 0 degree(s)
13:31:49: [INFO] Adding track segment (B.Cu): [(314642500, 119700000), (333692500, 119700000)]
13:31:49: [INFO] Routing pad 'D67:1' at (333692500, 119700000) with pad 'D68:1' at (352742500, 119700000) using coordinate system rotated by 0 degree(s)
13:31:49: [INFO] Adding track segment (B.Cu): [(333692500, 119700000), (352742500, 119700000)]
13:31:49: [INFO] Routing pad 'D68:1' at (352742500, 119700000) with pad 'D69:1' at (371792500, 119700000) using coordinate system rotated by 0 degree(s)
13:31:49: [INFO] Adding track segment (B.Cu): [(352742500, 119700000), (371792500, 119700000)]
13:31:49: [INFO] Could not add track segment due to detected collision
13:31:49: [INFO] Routing pad 'D69:1' at (371792500, 119700000) with pad 'D70:1' at (395605000, 119700000) using coordinate system rotated by 0 degree(s)
13:31:49: [INFO] Adding track segment (B.Cu): [(371792500, 119700000), (395605000, 119700000)]
13:31:49: [INFO] Could not add track segment due to detected collision
13:31:49: [INFO] Routing COL4 pads
13:31:49: [INFO] Routing pad 'SW5:1' at (210502500, 35560000) with pad 'SW19:1' at (210502500, 54610000) using coordinate system rotated by 0 degree(s)
13:31:49: [INFO] Adding track segment (F.Cu): [(210502500, 35560000), (210502500, 54610000)]
13:31:49: [INFO] Routing pad 'SW19:1' at (210502500, 54610000) with pad 'SW33:1' at (210502500, 73660000) using coordinate system rotated by 0 degree(s)
13:31:49: [INFO] Adding track segment (F.Cu): [(210502500, 54610000), (210502500, 73660000)]
13:31:49: [INFO] Routing pad 'SW33:1' at (210502500, 73660000) with pad 'SW47:1' at (210502500, 92710000) using coordinate system rotated by 0 degree(s)
13:31:49: [INFO] Adding track segment (F.Cu): [(210502500, 73660000), (210502500, 92710000)]
13:31:49: [INFO] Routing pad 'SW47:1' at (210502500, 92710000) with pad 'SW61:1' at (210502500, 111760000) using coordinate system rotated by 0 degree(s)
13:31:49: [INFO] Adding track segment (F.Cu): [(210502500, 92710000), (210502500, 111760000)]
13:31:49: [INFO] Could not add track segment due to detected collision
13:31:49: [INFO] Routing pad 'SW61:1' at (210502500, 111760000) with pad 'SW61a:1' at (220027500, 111760000) using coordinate system rotated by 0 degree(s)
13:31:49: [INFO] Adding track segment (F.Cu): [(210502500, 111760000), (220027500, 111760000)]
13:31:49: [INFO] Routing ROW1 pads
13:31:49: [INFO] Routing pad 'D15:1' at (138430000, 62550000) with pad 'D16:1' at (162242500, 62550000) using coordinate system rotated by 0 degree(s)
13:31:49: [INFO] Adding track segment (B.Cu): [(138430000, 62550000), (162242500, 62550000)]
13:31:49: [INFO] Routing pad 'D16:1' at (162242500, 62550000) with pad 'D17:1' at (181292500, 62550000) using coordinate system rotated by 0 degree(s)
13:31:49: [INFO] Adding track segment (B.Cu): [(162242500, 62550000), (181292500, 62550000)]
13:31:49: [INFO] Routing pad 'D17:1' at (181292500, 62550000) with pad 'D18:1' at (200342500, 62550000) using coordinate system rotated by 0 degree(s)
13:31:49: [INFO] Adding track segment (B.Cu): [(181292500, 62550000), (200342500, 62550000)]
13:31:49: [INFO] Routing pad 'D18:1' at (200342500, 62550000) with pad 'D19:1' at (219392500, 62550000) using coordinate system rotated by 0 degree(s)
13:31:49: [INFO] Adding track segment (B.Cu): [(200342500, 62550000), (219392500, 62550000)]
13:31:49: [INFO] Routing pad 'D19:1' at (219392500, 62550000) with pad 'D20:1' at (238442500, 62550000) using coordinate system rotated by 0 degree(s)
13:31:49: [INFO] Adding track segment (B.Cu): [(219392500, 62550000), (238442500, 62550000)]
13:31:49: [INFO] Routing pad 'D20:1' at (238442500, 62550000) with pad 'D21:1' at (257492500, 62550000) using coordinate system rotated by 0 degree(s)
13:31:49: [INFO] Adding track segment (B.Cu): [(238442500, 62550000), (257492500, 62550000)]
13:31:49: [INFO] Could not add track segment due to detected collision
13:31:49: [INFO] Routing pad 'D21:1' at (257492500, 62550000) with pad 'D22:1' at (276542500, 62550000) using coordinate system rotated by 0 degree(s)
13:31:49: [INFO] Adding track segment (B.Cu): [(257492500, 62550000), (276542500, 62550000)]
13:31:49: [INFO] Could not add track segment due to detected collision
13:31:49: [INFO] Routing pad 'D22:1' at (276542500, 62550000) with pad 'D23:1' at (295592500, 62550000) using coordinate system rotated by 0 degree(s)
13:31:49: [INFO] Adding track segment (B.Cu): [(276542500, 62550000), (295592500, 62550000)]
13:31:49: [INFO] Could not add track segment due to detected collision
13:31:49: [INFO] Routing pad 'D23:1' at (295592500, 62550000) with pad 'D24:1' at (314642500, 62550000) using coordinate system rotated by 0 degree(s)
13:31:49: [INFO] Adding track segment (B.Cu): [(295592500, 62550000), (314642500, 62550000)]
13:31:49: [INFO] Routing pad 'D24:1' at (314642500, 62550000) with pad 'D25:1' at (333692500, 62550000) using coordinate system rotated by 0 degree(s)
13:31:49: [INFO] Adding track segment (B.Cu): [(314642500, 62550000), (333692500, 62550000)]
13:31:49: [INFO] Routing pad 'D25:1' at (333692500, 62550000) with pad 'D26:1' at (352742500, 62550000) using coordinate system rotated by 0 degree(s)
13:31:49: [INFO] Adding track segment (B.Cu): [(333692500, 62550000), (352742500, 62550000)]
13:31:49: [INFO] Routing pad 'D26:1' at (352742500, 62550000) with pad 'D27:1' at (371792500, 62550000) using coordinate system rotated by 0 degree(s)
13:31:49: [INFO] Adding track segment (B.Cu): [(352742500, 62550000), (371792500, 62550000)]
13:31:49: [INFO] Routing pad 'D27:1' at (371792500, 62550000) with pad 'D28:1' at (395605000, 62550000) using coordinate system rotated by 0 degree(s)
13:31:49: [INFO] Adding track segment (B.Cu): [(371792500, 62550000), (395605000, 62550000)]
13:31:49: [INFO] Could not add track segment due to detected collision
13:31:49: [INFO] Routing COL6 pads
13:31:49: [INFO] Routing pad 'SW21:1' at (248602500, 54610000) with pad 'SW21a:1' at (241102500, 52110000) using coordinate system rotated by 0 degree(s)
13:31:49: [INFO] Adding track segment (F.Cu): [(248602500, 54610000), (246102500, 52110000)]
13:31:49: [INFO] Adding track segment (F.Cu): [(246102500, 52110000), (241102500, 52110000)]
13:31:49: [INFO] Routing pad 'SW49:1' at (248602500, 92710000) with pad 'SW49a:1' at (241102500, 90210000) using coordinate system rotated by 0 degree(s)
13:31:49: [INFO] Adding track segment (F.Cu): [(248602500, 92710000), (246102500, 90210000)]
13:31:49: [INFO] Adding track segment (F.Cu): [(246102500, 90210000), (241102500, 90210000)]
13:31:49: [INFO] Routing pad 'SW63a:1' at (239077500, 111760000) with pad 'SW63d:1' at (241458750, 111760000) using coordinate system rotated by 0 degree(s)
13:31:49: [INFO] Adding track segment (F.Cu): [(239077500, 111760000), (241458750, 111760000)]
13:31:49: [INFO] Routing pad 'SW7a:S1' at (259412500, 40600000) with pad 'SW7:1' at (248602500, 35560000) using coordinate system rotated by 0 degree(s)
13:31:49: [INFO] Routing pad 'SW35:1' at (248602500, 73660000) with pad 'SW21:1' at (248602500, 54610000) using coordinate system rotated by 0 degree(s)
13:31:49: [INFO] Adding track segment (F.Cu): [(248602500, 73660000), (248602500, 54610000)]
13:31:49: [INFO] Routing pad 'SW35a:S1' at (259412500, 78700000) with pad 'SW35:1' at (248602500, 73660000) using coordinate system rotated by 0 degree(s)
13:31:49: [INFO] Routing pad 'SW35a:S1' at (259412500, 78700000) with pad 'SW49:1' at (248602500, 92710000) using coordinate system rotated by 0 degree(s)
13:31:49: [INFO] Adding track segment (F.Cu): [(259412500, 78700000), (248602500, 89510000)]
13:31:49: [INFO] Adding track segment (F.Cu): [(248602500, 89510000), (248602500, 92710000)]
13:31:49: [INFO] Routing pad 'SW63d:1' at (241458750, 111760000) with pad 'SW63:1' at (248602500, 111760000) using coordinate system rotated by 0 degree(s)
13:31:49: [INFO] Adding track segment (F.Cu): [(241458750, 111760000), (248602500, 111760000)]
13:31:49: [INFO] Routing pad 'SW63:1' at (248602500, 111760000) with pad 'SW63b:1' at (258127500, 111760000) using coordinate system rotated by 0 degree(s)
13:31:49: [INFO] Adding track segment (F.Cu): [(248602500, 111760000), (258127500, 111760000)]
13:31:49: [INFO] Could not add track segment due to detected collision
13:31:49: [INFO] Routing pad 'SW21:1' at (248602500, 54610000) with pad 'SW7a:S1' at (259412500, 40600000) using coordinate system rotated by 0 degree(s)
13:31:49: [INFO] Adding track segment (F.Cu): [(248602500, 54610000), (248602500, 51410000)]
13:31:49: [INFO] Adding track segment (F.Cu): [(248602500, 51410000), (259412500, 40600000)]
13:31:49: [INFO] Routing pad 'SW49b:S1' at (266912500, 95487500) with pad 'SW35a:S1' at (259412500, 78700000) using coordinate system rotated by 0 degree(s)
13:31:49: [INFO] Routing pad 'SW35a:S1' at (259412500, 78700000) with pad 'SW21b:S1' at (266912500, 66912500) using coordinate system rotated by 0 degree(s)
13:31:49: [INFO] Routing pad 'SW63b:1' at (258127500, 111760000) with pad 'SW49b:S1' at (266912500, 95487500) using coordinate system rotated by 0 degree(s)
13:31:49: [INFO] Routing pad 'SW63b:1' at (258127500, 111760000) with pad 'SW63c:S1' at (268937500, 116800000) using coordinate system rotated by 0 degree(s)
13:31:49: [INFO] Routing COL2 pads
13:31:49: [INFO] Routing pad 'SW3:1' at (172402500, 35560000) with pad 'SW17:1' at (172402500, 54610000) using coordinate system rotated by 0 degree(s)
13:31:49: [INFO] Adding track segment (F.Cu): [(172402500, 35560000), (172402500, 54610000)]
13:31:50: [INFO] Routing pad 'SW17:1' at (172402500, 54610000) with pad 'SW31:1' at (172402500, 73660000) using coordinate system rotated by 0 degree(s)
13:31:50: [INFO] Adding track segment (F.Cu): [(172402500, 54610000), (172402500, 73660000)]
13:31:50: [INFO] Routing pad 'SW31:1' at (172402500, 73660000) with pad 'SW45:1' at (172402500, 92710000) using coordinate system rotated by 0 degree(s)
13:31:50: [INFO] Adding track segment (F.Cu): [(172402500, 73660000), (172402500, 92710000)]
13:31:50: [INFO] Routing pad 'SW45:1' at (172402500, 92710000) with pad 'SW59:1' at (172402500, 111760000) using coordinate system rotated by 0 degree(s)
13:31:50: [INFO] Adding track segment (F.Cu): [(172402500, 92710000), (172402500, 111760000)]
13:31:50: [INFO] Routing pad 'SW59:1' at (172402500, 111760000) with pad 'SW59b:1' at (177165000, 111760000) using coordinate system rotated by 0 degree(s)
13:31:50: [INFO] Adding track segment (F.Cu): [(172402500, 111760000), (177165000, 111760000)]
13:31:50: [INFO] Routing pad 'SW59b:1' at (177165000, 111760000) with pad 'SW59a:S1' at (183212500, 116800000) using coordinate system rotated by 0 degree(s)
13:31:50: [INFO] Routing COL13 pads
13:31:50: [INFO] Routing pad 'SW28a:1' at (391477500, 54610000) with pad 'SW28:1' at (386715000, 54610000) using coordinate system rotated by 0 degree(s)
13:31:50: [INFO] Adding track segment (F.Cu): [(391477500, 54610000), (386715000, 54610000)]
13:31:50: [INFO] Could not add track segment due to detected collision
13:31:50: [INFO] Routing pad 'SW42a:1' at (391477500, 73660000) with pad 'SW42:1' at (386715000, 73660000) using coordinate system rotated by 0 degree(s)
13:31:50: [INFO] Adding track segment (F.Cu): [(391477500, 73660000), (386715000, 73660000)]
13:31:50: [INFO] Could not add track segment due to detected collision
13:31:50: [INFO] Routing pad 'SW56a:1' at (391477500, 92710000) with pad 'SW56:1' at (386715000, 92710000) using coordinate system rotated by 0 degree(s)
13:31:50: [INFO] Adding track segment (F.Cu): [(391477500, 92710000), (386715000, 92710000)]
13:31:50: [INFO] Could not add track segment due to detected collision
13:31:50: [INFO] Routing pad 'SW70a:1' at (391477500, 111760000) with pad 'SW70:1' at (386715000, 111760000) using coordinate system rotated by 0 degree(s)
13:31:50: [INFO] Adding track segment (F.Cu): [(391477500, 111760000), (386715000, 111760000)]
13:31:50: [INFO] Could not add track segment due to detected collision
13:31:50: [INFO] Routing pad 'SW14:1' at (386715000, 35560000) with pad 'SW14a:1' at (391477500, 35560000) using coordinate system rotated by 0 degree(s)
13:31:50: [INFO] Adding track segment (F.Cu): [(386715000, 35560000), (391477500, 35560000)]
13:31:50: [INFO] Could not add track segment due to detected collision
13:31:50: [INFO] Routing pad 'SW14b:S1' at (402287500, 40600000) with pad 'SW28a:1' at (391477500, 54610000) using coordinate system rotated by 0 degree(s)
13:31:50: [INFO] Adding track segment (F.Cu): [(402287500, 40600000), (391477500, 51410000)]
13:31:50: [INFO] Adding track segment (F.Cu): [(391477500, 51410000), (391477500, 54610000)]
13:31:50: [INFO] Routing pad 'SW28b:S1' at (402287500, 59650000) with pad 'SW42a:1' at (391477500, 73660000) using coordinate system rotated by 0 degree(s)
13:31:50: [INFO] Adding track segment (F.Cu): [(402287500, 59650000), (391477500, 70460000)]
13:31:50: [INFO] Adding track segment (F.Cu): [(391477500, 70460000), (391477500, 73660000)]
13:31:50: [INFO] Routing pad 'SW42b:S1' at (402287500, 78700000) with pad 'SW56a:1' at (391477500, 92710000) using coordinate system rotated by 0 degree(s)
13:31:50: [INFO] Adding track segment (F.Cu): [(402287500, 78700000), (391477500, 89510000)]
13:31:50: [INFO] Adding track segment (F.Cu): [(391477500, 89510000), (391477500, 92710000)]
13:31:50: [INFO] Routing pad 'SW56b:S1' at (402287500, 97750000) with pad 'SW70a:1' at (391477500, 111760000) using coordinate system rotated by 0 degree(s)
13:31:50: [INFO] Adding track segment (F.Cu): [(402287500, 97750000), (391477500, 108560000)]
13:31:50: [INFO] Adding track segment (F.Cu): [(391477500, 108560000), (391477500, 111760000)]
13:31:50: [INFO] Routing pad 'SW14a:1' at (391477500, 35560000) with pad 'SW14b:S1' at (402287500, 40600000) using coordinate system rotated by 0 degree(s)
13:31:50: [INFO] Routing pad 'SW28a:1' at (391477500, 54610000) with pad 'SW28b:S1' at (402287500, 59650000) using coordinate system rotated by 0 degree(s)
13:31:50: [INFO] Routing pad 'SW42a:1' at (391477500, 73660000) with pad 'SW42b:S1' at (402287500, 78700000) using coordinate system rotated by 0 degree(s)
13:31:50: [INFO] Routing pad 'SW56a:1' at (391477500, 92710000) with pad 'SW56b:S1' at (402287500, 97750000) using coordinate system rotated by 0 degree(s)
13:31:50: [INFO] Routing pad 'SW70a:1' at (391477500, 111760000) with pad 'SW70b:S1' at (402287500, 116800000) using coordinate system rotated by 0 degree(s)
13:31:50: [INFO] Routing COL1 pads
13:31:50: [INFO] Routing pad 'SW2:1' at (153352500, 35560000) with pad 'SW16:1' at (153352500, 54610000) using coordinate system rotated by 0 degree(s)
13:31:50: [INFO] Adding track segment (F.Cu): [(153352500, 35560000), (153352500, 54610000)]
13:31:50: [INFO] Routing pad 'SW16:1' at (153352500, 54610000) with pad 'SW30:1' at (153352500, 73660000) using coordinate system rotated by 0 degree(s)
13:31:50: [INFO] Adding track segment (F.Cu): [(153352500, 54610000), (153352500, 73660000)]
13:31:50: [INFO] Routing pad 'SW30:1' at (153352500, 73660000) with pad 'SW44:1' at (153352500, 92710000) using coordinate system rotated by 0 degree(s)
13:31:50: [INFO] Adding track segment (F.Cu): [(153352500, 73660000), (153352500, 92710000)]
13:31:50: [INFO] Routing pad 'SW44:1' at (153352500, 92710000) with pad 'SW58:1' at (153352500, 111760000) using coordinate system rotated by 0 degree(s)
13:31:50: [INFO] Adding track segment (F.Cu): [(153352500, 92710000), (153352500, 111760000)]
13:31:50: [INFO] Routing pad 'SW58:1' at (153352500, 111760000) with pad 'SW58a:S1' at (164162500, 116800000) using coordinate system rotated by 0 degree(s)
13:31:50: [INFO] Routing COL8 pads
13:31:50: [INFO] Routing pad 'SW9:1' at (286702500, 35560000) with pad 'SW23:1' at (286702500, 54610000) using coordinate system rotated by 0 degree(s)
13:31:50: [INFO] Adding track segment (F.Cu): [(286702500, 35560000), (286702500, 54610000)]
13:31:50: [INFO] Routing pad 'SW23:1' at (286702500, 54610000) with pad 'SW37:1' at (286702500, 73660000) using coordinate system rotated by 0 degree(s)
13:31:50: [INFO] Adding track segment (F.Cu): [(286702500, 54610000), (286702500, 73660000)]
13:31:50: [INFO] Routing pad 'SW37:1' at (286702500, 73660000) with pad 'SW51:1' at (286702500, 92710000) using coordinate system rotated by 0 degree(s)
13:31:50: [INFO] Adding track segment (F.Cu): [(286702500, 73660000), (286702500, 92710000)]
13:31:50: [INFO] Routing pad 'SW51:1' at (286702500, 92710000) with pad 'SW65:1' at (286702500, 111760000) using coordinate system rotated by 0 degree(s)
13:31:50: [INFO] Adding track segment (F.Cu): [(286702500, 92710000), (286702500, 111760000)]
13:31:50: [INFO] Could not add track segment due to detected collision
13:31:50: [INFO] Routing pad 'SW65:1' at (286702500, 111760000) with pad 'SW65a:1' at (296227500, 111760000) using coordinate system rotated by 0 degree(s)
13:31:50: [INFO] Adding track segment (F.Cu): [(286702500, 111760000), (296227500, 111760000)]
13:31:50: [INFO] Could not add track segment due to detected collision
13:31:50: [INFO] Routing COL12 pads
13:31:50: [INFO] Routing pad 'SW13:1' at (362902500, 35560000) with pad 'SW27:1' at (362902500, 54610000) using coordinate system rotated by 0 degree(s)
13:31:50: [INFO] Adding track segment (F.Cu): [(362902500, 35560000), (362902500, 54610000)]
13:31:50: [INFO] Routing pad 'SW27:1' at (362902500, 54610000) with pad 'SW41:1' at (362902500, 73660000) using coordinate system rotated by 0 degree(s)
13:31:50: [INFO] Adding track segment (F.Cu): [(362902500, 54610000), (362902500, 73660000)]
13:31:50: [INFO] Routing pad 'SW55a:1' at (372427500, 92710000) with pad 'SW55:1' at (362902500, 92710000) using coordinate system rotated by 0 degree(s)
13:31:50: [INFO] Adding track segment (F.Cu): [(372427500, 92710000), (362902500, 92710000)]
13:31:50: [INFO] Routing pad 'SW55:1' at (362902500, 92710000) with pad 'SW69:1' at (362902500, 111760000) using coordinate system rotated by 0 degree(s)
13:31:50: [INFO] Adding track segment (F.Cu): [(362902500, 92710000), (362902500, 111760000)]
13:31:50: [INFO] Routing pad 'SW41:1' at (362902500, 73660000) with pad 'SW41c:1' at (367665000, 73660000) using coordinate system rotated by 0 degree(s)
13:31:50: [INFO] Adding track segment (F.Cu): [(362902500, 73660000), (367665000, 73660000)]
13:31:50: [INFO] Could not add track segment due to detected collision
13:31:50: [INFO] Routing pad 'SW13:1' at (362902500, 35560000) with pad 'SW13a:1' at (372427500, 35560000) using coordinate system rotated by 0 degree(s)
13:31:50: [INFO] Adding track segment (F.Cu): [(362902500, 35560000), (372427500, 35560000)]
13:31:50: [INFO] Routing pad 'SW27:1' at (362902500, 54610000) with pad 'SW27a:1' at (372427500, 54610000) using coordinate system rotated by 0 degree(s)
13:31:50: [INFO] Adding track segment (F.Cu): [(362902500, 54610000), (372427500, 54610000)]
13:31:50: [INFO] Routing pad 'SW41c:1' at (367665000, 73660000) with pad 'SW41a:1' at (372427500, 73660000) using coordinate system rotated by 0 degree(s)
13:31:50: [INFO] Adding track segment (F.Cu): [(367665000, 73660000), (372427500, 73660000)]
13:31:50: [INFO] Could not add track segment due to detected collision
13:31:50: [INFO] Routing pad 'SW41b:S1' at (383237500, 78700000) with pad 'SW55a:1' at (372427500, 92710000) using coordinate system rotated by 0 degree(s)
13:31:50: [INFO] Adding track segment (F.Cu): [(383237500, 78700000), (383237500, 81900000)]
13:31:50: [INFO] Adding track segment (F.Cu): [(383237500, 81900000), (372427500, 92710000)]
13:31:50: [INFO] Routing pad 'SW69:1' at (362902500, 111760000) with pad 'SW69b:1' at (372427500, 111760000) using coordinate system rotated by 0 degree(s)
13:31:50: [INFO] Adding track segment (F.Cu): [(362902500, 111760000), (372427500, 111760000)]
13:31:50: [INFO] Routing pad 'SW69b:1' at (372427500, 111760000) with pad 'SW69a:S1' at (373712500, 116800000) using coordinate system rotated by 0 degree(s)
13:31:50: [INFO] Routing pad 'SW41a:1' at (372427500, 73660000) with pad 'SW41b:S1' at (383237500, 78700000) using coordinate system rotated by 0 degree(s)
13:31:50: [INFO] Routing COL9 pads
13:31:50: [INFO] Routing pad 'SW24:1' at (305752500, 54610000) with pad 'SW10:1' at (305752500, 35560000) using coordinate system rotated by 0 degree(s)
13:31:50: [INFO] Adding track segment (F.Cu): [(305752500, 54610000), (305752500, 35560000)]
13:31:50: [INFO] Routing pad 'SW38:1' at (305752500, 73660000) with pad 'SW24:1' at (305752500, 54610000) using coordinate system rotated by 0 degree(s)
13:31:50: [INFO] Adding track segment (F.Cu): [(305752500, 73660000), (305752500, 54610000)]
13:31:50: [INFO] Routing pad 'SW52:1' at (305752500, 92710000) with pad 'SW38:1' at (305752500, 73660000) using coordinate system rotated by 0 degree(s)
13:31:50: [INFO] Adding track segment (F.Cu): [(305752500, 92710000), (305752500, 73660000)]
13:31:50: [INFO] Routing pad 'SW66:1' at (305752500, 111760000) with pad 'SW52:1' at (305752500, 92710000) using coordinate system rotated by 0 degree(s)
13:31:50: [INFO] Adding track segment (F.Cu): [(305752500, 111760000), (305752500, 92710000)]
13:31:50: [INFO] Routing pad 'SW66a:1' at (296227500, 111760000) with pad 'SW66:1' at (305752500, 111760000) using coordinate system rotated by 0 degree(s)
13:31:50: [INFO] Adding track segment (F.Cu): [(296227500, 111760000), (305752500, 111760000)]
13:31:50: [INFO] Could not add track segment due to detected collision
13:31:50: [INFO] Routing pad 'SW66:1' at (305752500, 111760000) with pad 'SW66c:1' at (308133750, 111760000) using coordinate system rotated by 0 degree(s)
13:31:50: [INFO] Adding track segment (F.Cu): [(305752500, 111760000), (308133750, 111760000)]
13:31:50: [INFO] Routing pad 'SW66c:1' at (308133750, 111760000) with pad 'SW66b:1' at (310515000, 111760000) using coordinate system rotated by 0 degree(s)
13:31:50: [INFO] Adding track segment (F.Cu): [(308133750, 111760000), (310515000, 111760000)]
13:31:50: [INFO] Routing ROW3 pads
13:31:50: [INFO] Routing pad 'D43:1' at (138430000, 100650000) with pad 'D44:1' at (162242500, 100650000) using coordinate system rotated by 0 degree(s)
13:31:50: [INFO] Adding track segment (B.Cu): [(138430000, 100650000), (162242500, 100650000)]
13:31:50: [INFO] Routing pad 'D44:1' at (162242500, 100650000) with pad 'D45:1' at (181292500, 100650000) using coordinate system rotated by 0 degree(s)
13:31:50: [INFO] Adding track segment (B.Cu): [(162242500, 100650000), (181292500, 100650000)]
13:31:50: [INFO] Routing pad 'D45:1' at (181292500, 100650000) with pad 'D46:1' at (200342500, 100650000) using coordinate system rotated by 0 degree(s)
13:31:50: [INFO] Adding track segment (B.Cu): [(181292500, 100650000), (200342500, 100650000)]
13:31:50: [INFO] Routing pad 'D46:1' at (200342500, 100650000) with pad 'D47:1' at (219392500, 100650000) using coordinate system rotated by 0 degree(s)
13:31:50: [INFO] Adding track segment (B.Cu): [(200342500, 100650000), (219392500, 100650000)]
13:31:50: [INFO] Routing pad 'D47:1' at (219392500, 100650000) with pad 'D48:1' at (238442500, 100650000) using coordinate system rotated by 0 degree(s)
13:31:50: [INFO] Adding track segment (B.Cu): [(219392500, 100650000), (238442500, 100650000)]
13:31:50: [INFO] Routing pad 'D48:1' at (238442500, 100650000) with pad 'D49:1' at (257492500, 100650000) using coordinate system rotated by 0 degree(s)
13:31:50: [INFO] Adding track segment (B.Cu): [(238442500, 100650000), (257492500, 100650000)]
13:31:50: [INFO] Routing pad 'D49:1' at (257492500, 100650000) with pad 'D50:1' at (276542500, 100650000) using coordinate system rotated by 0 degree(s)
13:31:50: [INFO] Adding track segment (B.Cu): [(257492500, 100650000), (276542500, 100650000)]
13:31:50: [INFO] Could not add track segment due to detected collision
13:31:50: [INFO] Routing pad 'D50:1' at (276542500, 100650000) with pad 'D51:1' at (295592500, 100650000) using coordinate system rotated by 0 degree(s)
13:31:50: [INFO] Adding track segment (B.Cu): [(276542500, 100650000), (295592500, 100650000)]
13:31:50: [INFO] Routing pad 'D51:1' at (295592500, 100650000) with pad 'D52:1' at (314642500, 100650000) using coordinate system rotated by 0 degree(s)
13:31:50: [INFO] Adding track segment (B.Cu): [(295592500, 100650000), (314642500, 100650000)]
13:31:50: [INFO] Routing pad 'D52:1' at (314642500, 100650000) with pad 'D53:1' at (333692500, 100650000) using coordinate system rotated by 0 degree(s)
13:31:50: [INFO] Adding track segment (B.Cu): [(314642500, 100650000), (333692500, 100650000)]
13:31:50: [INFO] Routing pad 'D53:1' at (333692500, 100650000) with pad 'D54:1' at (352742500, 100650000) using coordinate system rotated by 0 degree(s)
13:31:50: [INFO] Adding track segment (B.Cu): [(333692500, 100650000), (352742500, 100650000)]
13:31:50: [INFO] Routing pad 'D54:1' at (352742500, 100650000) with pad 'D55:1' at (371792500, 100650000) using coordinate system rotated by 0 degree(s)
13:31:50: [INFO] Adding track segment (B.Cu): [(352742500, 100650000), (371792500, 100650000)]
13:31:50: [INFO] Routing pad 'D55:1' at (371792500, 100650000) with pad 'D56:1' at (395605000, 100650000) using coordinate system rotated by 0 degree(s)
13:31:50: [INFO] Adding track segment (B.Cu): [(371792500, 100650000), (395605000, 100650000)]
13:31:50: [INFO] Could not add track segment due to detected collision
13:31:50: [INFO] Routing COL11 pads
13:31:50: [INFO] Routing pad 'SW26:1' at (343852500, 54610000) with pad 'SW12:1' at (343852500, 35560000) using coordinate system rotated by 0 degree(s)
13:31:50: [INFO] Adding track segment (F.Cu): [(343852500, 54610000), (343852500, 35560000)]
13:31:50: [INFO] Routing pad 'SW40:1' at (343852500, 73660000) with pad 'SW26:1' at (343852500, 54610000) using coordinate system rotated by 0 degree(s)
13:31:50: [INFO] Adding track segment (F.Cu): [(343852500, 73660000), (343852500, 54610000)]
13:31:50: [INFO] Routing pad 'SW54:1' at (343852500, 92710000) with pad 'SW40:1' at (343852500, 73660000) using coordinate system rotated by 0 degree(s)
13:31:50: [INFO] Adding track segment (F.Cu): [(343852500, 92710000), (343852500, 73660000)]
13:31:50: [INFO] Routing pad 'SW68:1' at (343852500, 111760000) with pad 'SW54:1' at (343852500, 92710000) using coordinate system rotated by 0 degree(s)
13:31:50: [INFO] Adding track segment (F.Cu): [(343852500, 111760000), (343852500, 92710000)]
13:31:50: [INFO] Routing pad 'SW68c:1' at (339090000, 111760000) with pad 'SW68:1' at (343852500, 111760000) using coordinate system rotated by 0 degree(s)
13:31:50: [INFO] Adding track segment (F.Cu): [(339090000, 111760000), (343852500, 111760000)]
13:31:50: [INFO] Routing pad 'SW12:1' at (343852500, 35560000) with pad 'SW12a:1' at (348615000, 35560000) using coordinate system rotated by 0 degree(s)
13:31:50: [INFO] Adding track segment (F.Cu): [(343852500, 35560000), (348615000, 35560000)]
13:31:50: [INFO] Routing pad 'SW26:1' at (343852500, 54610000) with pad 'SW26a:1' at (348615000, 54610000) using coordinate system rotated by 0 degree(s)
13:31:50: [INFO] Adding track segment (F.Cu): [(343852500, 54610000), (348615000, 54610000)]
13:31:50: [INFO] Routing pad 'SW40:1' at (343852500, 73660000) with pad 'SW40a:1' at (348615000, 73660000) using coordinate system rotated by 0 degree(s)
13:31:50: [INFO] Adding track segment (F.Cu): [(343852500, 73660000), (348615000, 73660000)]
13:31:50: [INFO] Routing pad 'SW54:1' at (343852500, 92710000) with pad 'SW54a:1' at (348615000, 92710000) using coordinate system rotated by 0 degree(s)
13:31:50: [INFO] Adding track segment (F.Cu): [(343852500, 92710000), (348615000, 92710000)]
13:31:50: [INFO] Routing pad 'SW68:1' at (343852500, 111760000) with pad 'SW68a:1' at (348615000, 111760000) using coordinate system rotated by 0 degree(s)
13:31:50: [INFO] Adding track segment (F.Cu): [(343852500, 111760000), (348615000, 111760000)]
13:31:50: [INFO] Routing pad 'SW68a:1' at (348615000, 111760000) with pad 'SW68b:1' at (353377500, 111760000) using coordinate system rotated by 0 degree(s)
13:31:50: [INFO] Adding track segment (F.Cu): [(348615000, 111760000), (353377500, 111760000)]
13:31:50: [INFO] Routing COL5 pads
13:31:50: [INFO] Routing pad 'SW6:1' at (229552500, 35560000) with pad 'SW20:1' at (229552500, 54610000) using coordinate system rotated by 0 degree(s)
13:31:50: [INFO] Adding track segment (F.Cu): [(229552500, 35560000), (229552500, 54610000)]
13:31:50: [INFO] Routing pad 'SW20:1' at (229552500, 54610000) with pad 'SW34:1' at (229552500, 73660000) using coordinate system rotated by 0 degree(s)
13:31:50: [INFO] Adding track segment (F.Cu): [(229552500, 54610000), (229552500, 73660000)]
13:31:50: [INFO] Routing pad 'SW34:1' at (229552500, 73660000) with pad 'SW48:1' at (229552500, 92710000) using coordinate system rotated by 0 degree(s)
13:31:50: [INFO] Adding track segment (F.Cu): [(229552500, 73660000), (229552500, 92710000)]
13:31:50: [INFO] Routing pad 'SW48:1' at (229552500, 92710000) with pad 'SW62:1' at (229552500, 111760000) using coordinate system rotated by 0 degree(s)
13:31:50: [INFO] Adding track segment (F.Cu): [(229552500, 92710000), (229552500, 111760000)]
13:31:50: [INFO] Could not add track segment due to detected collision
13:31:50: [INFO] Routing COL10 pads
13:31:50: [INFO] Routing pad 'SW11:1' at (324802500, 35560000) with pad 'SW25:1' at (324802500, 54610000) using coordinate system rotated by 0 degree(s)
13:31:50: [INFO] Adding track segment (F.Cu): [(324802500, 35560000), (324802500, 54610000)]
13:31:50: [INFO] Routing pad 'SW25:1' at (324802500, 54610000) with pad 'SW39:1' at (324802500, 73660000) using coordinate system rotated by 0 degree(s)
13:31:50: [INFO] Adding track segment (F.Cu): [(324802500, 54610000), (324802500, 73660000)]
13:31:50: [INFO] Routing pad 'SW39:1' at (324802500, 73660000) with pad 'SW53:1' at (324802500, 92710000) using coordinate system rotated by 0 degree(s)
13:31:50: [INFO] Adding track segment (F.Cu): [(324802500, 73660000), (324802500, 92710000)]
13:31:50: [INFO] Routing pad 'SW53:1' at (324802500, 92710000) with pad 'SW67:1' at (324802500, 111760000) using coordinate system rotated by 0 degree(s)
13:31:50: [INFO] Adding track segment (F.Cu): [(324802500, 92710000), (324802500, 111760000)]
13:31:50: [INFO] Routing pad 'SW67:1' at (324802500, 111760000) with pad 'SW67a:1' at (331946250, 111760000) using coordinate system rotated by 0 degree(s)
13:31:50: [INFO] Adding track segment (F.Cu): [(324802500, 111760000), (331946250, 111760000)]
13:31:50: [INFO] Routing ROW0 pads
13:31:50: [INFO] Routing pad 'D1:1' at (138430000, 43500000) with pad 'D2:1' at (162242500, 43500000) using coordinate system rotated by 0 degree(s)
13:31:50: [INFO] Adding track segment (B.Cu): [(138430000, 43500000), (162242500, 43500000)]
13:31:50: [INFO] Routing pad 'D2:1' at (162242500, 43500000) with pad 'D3:1' at (181292500, 43500000) using coordinate system rotated by 0 degree(s)
13:31:50: [INFO] Adding track segment (B.Cu): [(162242500, 43500000), (181292500, 43500000)]
13:31:50: [INFO] Routing pad 'D3:1' at (181292500, 43500000) with pad 'D4:1' at (200342500, 43500000) using coordinate system rotated by 0 degree(s)
13:31:50: [INFO] Adding track segment (B.Cu): [(181292500, 43500000), (200342500, 43500000)]
13:31:50: [INFO] Routing pad 'D4:1' at (200342500, 43500000) with pad 'D5:1' at (219392500, 43500000) using coordinate system rotated by 0 degree(s)
13:31:50: [INFO] Adding track segment (B.Cu): [(200342500, 43500000), (219392500, 43500000)]
13:31:50: [INFO] Routing pad 'D5:1' at (219392500, 43500000) with pad 'D6:1' at (238442500, 43500000) using coordinate system rotated by 0 degree(s)
13:31:50: [INFO] Adding track segment (B.Cu): [(219392500, 43500000), (238442500, 43500000)]
13:31:50: [INFO] Routing pad 'D6:1' at (238442500, 43500000) with pad 'D7:1' at (257492500, 43500000) using coordinate system rotated by 0 degree(s)
13:31:50: [INFO] Adding track segment (B.Cu): [(238442500, 43500000), (257492500, 43500000)]
13:31:50: [INFO] Could not add track segment due to detected collision
13:31:50: [INFO] Routing pad 'D7:1' at (257492500, 43500000) with pad 'D8:1' at (276542500, 43500000) using coordinate system rotated by 0 degree(s)
13:31:50: [INFO] Adding track segment (B.Cu): [(257492500, 43500000), (276542500, 43500000)]
13:31:50: [INFO] Could not add track segment due to detected collision
13:31:50: [INFO] Routing pad 'D8:1' at (276542500, 43500000) with pad 'D9:1' at (295592500, 43500000) using coordinate system rotated by 0 degree(s)
13:31:50: [INFO] Adding track segment (B.Cu): [(276542500, 43500000), (295592500, 43500000)]
13:31:50: [INFO] Routing pad 'D9:1' at (295592500, 43500000) with pad 'D10:1' at (314642500, 43500000) using coordinate system rotated by 0 degree(s)
13:31:50: [INFO] Adding track segment (B.Cu): [(295592500, 43500000), (314642500, 43500000)]
13:31:50: [INFO] Routing pad 'D10:1' at (314642500, 43500000) with pad 'D11:1' at (333692500, 43500000) using coordinate system rotated by 0 degree(s)
13:31:50: [INFO] Adding track segment (B.Cu): [(314642500, 43500000), (333692500, 43500000)]
13:31:50: [INFO] Routing pad 'D11:1' at (333692500, 43500000) with pad 'D12:1' at (352742500, 43500000) using coordinate system rotated by 0 degree(s)
13:31:50: [INFO] Adding track segment (B.Cu): [(333692500, 43500000), (352742500, 43500000)]
13:31:50: [INFO] Routing pad 'D12:1' at (352742500, 43500000) with pad 'D13:1' at (371792500, 43500000) using coordinate system rotated by 0 degree(s)
13:31:50: [INFO] Adding track segment (B.Cu): [(352742500, 43500000), (371792500, 43500000)]
13:31:50: [INFO] Routing pad 'D13:1' at (371792500, 43500000) with pad 'D14:1' at (395605000, 43500000) using coordinate system rotated by 0 degree(s)
13:31:50: [INFO] Adding track segment (B.Cu): [(371792500, 43500000), (395605000, 43500000)]
13:31:50: [INFO] Could not add track segment due to detected collision
13:31:50: [INFO] Routing COL0 pads
13:31:50: [INFO] Routing pad 'SW1:1' at (129540000, 35560000) with pad 'SW15:1' at (129540000, 54610000) using coordinate system rotated by 0 degree(s)
13:31:50: [INFO] Adding track segment (F.Cu): [(129540000, 35560000), (129540000, 54610000)]
13:31:50: [INFO] Routing pad 'SW15:1' at (129540000, 54610000) with pad 'SW29:1' at (129540000, 73660000) using coordinate system rotated by 0 degree(s)
13:31:50: [INFO] Adding track segment (F.Cu): [(129540000, 54610000), (129540000, 73660000)]
13:31:50: [INFO] Routing pad 'SW29:1' at (129540000, 73660000) with pad 'SW43:1' at (129540000, 92710000) using coordinate system rotated by 0 degree(s)
13:31:50: [INFO] Adding track segment (F.Cu): [(129540000, 73660000), (129540000, 92710000)]
13:31:50: [INFO] Routing pad 'SW43:1' at (129540000, 92710000) with pad 'SW57:1' at (129540000, 111760000) using coordinate system rotated by 0 degree(s)
13:31:50: [INFO] Adding track segment (F.Cu): [(129540000, 92710000), (129540000, 111760000)]
13:31:51: [INFO] Routing COL7 pads
13:31:51: [INFO] Routing pad 'SW8a:S1' at (278462500, 40600000) with pad 'SW22:1' at (267652500, 54610000) using coordinate system rotated by 0 degree(s)
13:31:51: [INFO] Adding track segment (F.Cu): [(278462500, 40600000), (267652500, 51410000)]
13:31:51: [INFO] Adding track segment (F.Cu): [(267652500, 51410000), (267652500, 54610000)]
13:31:51: [INFO] Routing pad 'SW22:1' at (267652500, 54610000) with pad 'SW22a:1' at (267652500, 59372500) using coordinate system rotated by 0 degree(s)
13:31:51: [INFO] Adding track segment (F.Cu): [(267652500, 54610000), (267652500, 59372500)]
13:31:51: [INFO] Routing pad 'SW22a:1' at (267652500, 59372500) with pad 'SW36:1' at (267652500, 73660000) using coordinate system rotated by 0 degree(s)
13:31:51: [INFO] Adding track segment (F.Cu): [(267652500, 59372500), (267652500, 73660000)]
13:31:51: [INFO] Could not add track segment due to detected collision
13:31:51: [INFO] Routing pad 'SW36a:S1' at (278462500, 78700000) with pad 'SW50a:1' at (267652500, 87947500) using coordinate system rotated by 0 degree(s)
13:31:51: [INFO] Adding track segment (F.Cu): [(278462500, 78700000), (269215000, 87947500)]
13:31:51: [INFO] Adding track segment (F.Cu): [(269215000, 87947500), (267652500, 87947500)]
13:31:51: [INFO] Routing pad 'SW50a:1' at (267652500, 87947500) with pad 'SW50:1' at (267652500, 92710000) using coordinate system rotated by 0 degree(s)
13:31:51: [INFO] Adding track segment (F.Cu): [(267652500, 87947500), (267652500, 92710000)]
13:31:51: [INFO] Could not add track segment due to detected collision
13:31:51: [INFO] Routing pad 'SW64a:1' at (277177500, 111760000) with pad 'SW64:1' at (267652500, 111760000) using coordinate system rotated by 0 degree(s)
13:31:51: [INFO] Adding track segment (F.Cu): [(277177500, 111760000), (267652500, 111760000)]
13:31:51: [INFO] Could not add track segment due to detected collision
13:31:51: [INFO] Routing pad 'SW50b:S1' at (278462500, 97750000) with pad 'SW64a:1' at (277177500, 111760000) using coordinate system rotated by 0 degree(s)
13:31:51: [INFO] Adding track segment (F.Cu): [(278462500, 97750000), (278462500, 110475000)]
13:31:51: [INFO] Adding track segment (F.Cu): [(278462500, 110475000), (277177500, 111760000)]
13:31:51: [INFO] Routing pad 'SW8:1' at (267652500, 35560000) with pad 'SW8a:S1' at (278462500, 40600000) using coordinate system rotated by 0 degree(s)
13:31:51: [INFO] Routing pad 'SW22a:1' at (267652500, 59372500) with pad 'SW22b:S1' at (278462500, 59650000) using coordinate system rotated by 0 degree(s)
13:31:51: [INFO] Adding track segment (F.Cu): [(267652500, 59372500), (278185000, 59372500)]
13:31:51: [INFO] Adding track segment (F.Cu): [(278185000, 59372500), (278462500, 59650000)]
13:31:51: [INFO] Routing pad 'SW36:1' at (267652500, 73660000) with pad 'SW36a:S1' at (278462500, 78700000) using coordinate system rotated by 0 degree(s)
13:31:51: [INFO] Routing pad 'SW50:1' at (267652500, 92710000) with pad 'SW50b:S1' at (278462500, 97750000) using coordinate system rotated by 0 degree(s)
13:31:51: [INFO] Removing dangling tracks
