=== kbplacer.kle_serial ===
=== layout2image.py ===
=== kbplacer ===
13:35:18: [INFO] User layout: https://editor.keyboard-tools.xyz/#share=NrDeCIA9wLgAgIwFYB0AmJBfANHcDsEBmAHQDtzyAGQ8XcIw0ilmhcAXWwCgwpY4adFno0qdOBGjwqwnHjYTwNNEppE12ACwSpA2RnnLsSTQDZNAdk0AOXfxlzR2AJyaE45wnZfVuPY6GXhr+DnAGInhI2CFRJpw8fNKIliiRxgg6XLwBgsL0AJ4CALSylukEnngEPtXYfnWx+NpKBKb0BBYd2Nbddt1u3R6thLXNCA0QAO4CaEY1zJRkYgk5YUIY9DPwCGlGaNhV4AdjBw3HMUoHOvQH7XgHXQ89V9j9z4PPw7ejrxP220Qex+xHsyQi+0INy+pmySVm+TwgN25SMjCOjDGjHOjCajGhDHi9EYT0JvTwjHehM+hO+FN+oUBG3SmMmYQhxKhSkxsMS0wEuyCeC0hyW5BqShFCDFZAljIRQvAIqoMsqkvq6qaIoJIvuSuwpJF5P1VJFNKlRyltX58CEqPoUrQMoO4jhuQQqWieCK8FKKHtwq5bvWiPAPrgfs2SIFTjiVRtQMV0Wt4GRsfA0TZgLM6eiZhl6IBMaThHjqeL6WTKbTJf+weSCBzXrDJTKlaYSmTBOTvLWyTMhVboaZue0Bdo8p2o-zLHImKLtv97Zs45T4KXWxjAf1E2dE8DxD37A4HCAA
13:35:18: [INFO] Labels prefixes: for rows: 'ROW', for columns: 'COL'
13:35:18: [INFO] Matrix size: 5x15
13:35:18: [WARNING] No stabilizer footprint for width 2.25u, using 2u as fallback
13:35:18: [WARNING] No stabilizer footprint for width 2.25u, using 2u as fallback
13:35:18: [WARNING] No stabilizer footprint for width 2.75u, using 2u as fallback
13:35:18: [WARNING] No stabilizer footprint for width 2.25u, using 2u as fallback
13:35:18: [WARNING] No stabilizer footprint for width 2.75u, using 2u as fallback
13:35:18: [INFO] Add COL0 net
13:35:18: [INFO] Add COL1 net
13:35:18: [INFO] Add COL10 net
13:35:18: [INFO] Add COL11 net
13:35:18: [INFO] Add COL12 net
13:35:18: [INFO] Add COL13 net
13:35:18: [INFO] Add COL14 net
13:35:18: [INFO] Add COL15 net
13:35:18: [INFO] Add COL2 net
13:35:18: [INFO] Add COL3 net
13:35:18: [INFO] Add COL4 net
13:35:18: [INFO] Add COL5 net
13:35:18: [INFO] Add COL6 net
13:35:18: [INFO] Add COL7 net
13:35:18: [INFO] Add COL8 net
13:35:18: [INFO] Add COL9 net
13:35:18: [INFO] Add Net-(D1-A) net
13:35:18: [INFO] Add Net-(D10-A) net
13:35:18: [INFO] Add Net-(D11-A) net
13:35:18: [INFO] Add Net-(D12-A) net
13:35:18: [INFO] Add Net-(D13-A) net
13:35:18: [INFO] Add Net-(D14-A) net
13:35:18: [INFO] Add Net-(D15-A) net
13:35:18: [INFO] Add Net-(D16-A) net
13:35:18: [INFO] Add Net-(D17-A) net
13:35:18: [INFO] Add Net-(D18-A) net
13:35:18: [INFO] Add Net-(D19-A) net
13:35:18: [INFO] Add Net-(D2-A) net
13:35:18: [INFO] Add Net-(D20-A) net
13:35:18: [INFO] Add Net-(D21-A) net
13:35:18: [INFO] Add Net-(D22-A) net
13:35:18: [INFO] Add Net-(D23-A) net
13:35:18: [INFO] Add Net-(D24-A) net
13:35:18: [INFO] Add Net-(D25-A) net
13:35:18: [INFO] Add Net-(D26-A) net
13:35:18: [INFO] Add Net-(D27-A) net
13:35:18: [INFO] Add Net-(D28-A) net
13:35:18: [INFO] Add Net-(D29-A) net
13:35:18: [INFO] Add Net-(D3-A) net
13:35:18: [INFO] Add Net-(D30-A) net
13:35:18: [INFO] Add Net-(D31-A) net
13:35:18: [INFO] Add Net-(D32-A) net
13:35:18: [INFO] Add Net-(D33-A) net
13:35:18: [INFO] Add Net-(D34-A) net
13:35:18: [INFO] Add Net-(D35-A) net
13:35:18: [INFO] Add Net-(D36-A) net
13:35:18: [INFO] Add Net-(D37-A) net
13:35:18: [INFO] Add Net-(D38-A) net
13:35:18: [INFO] Add Net-(D39-A) net
13:35:18: [INFO] Add Net-(D4-A) net
13:35:18: [INFO] Add Net-(D40-A) net
13:35:18: [INFO] Add Net-(D41-A) net
13:35:18: [INFO] Add Net-(D42-A) net
13:35:18: [INFO] Add Net-(D43-A) net
13:35:18: [INFO] Add Net-(D44-A) net
13:35:18: [INFO] Add Net-(D45-A) net
13:35:18: [INFO] Add Net-(D46-A) net
13:35:18: [INFO] Add Net-(D47-A) net
13:35:18: [INFO] Add Net-(D48-A) net
13:35:18: [INFO] Add Net-(D49-A) net
13:35:18: [INFO] Add Net-(D5-A) net
13:35:18: [INFO] Add Net-(D50-A) net
13:35:18: [INFO] Add Net-(D51-A) net
13:35:18: [INFO] Add Net-(D52-A) net
13:35:18: [INFO] Add Net-(D53-A) net
13:35:18: [INFO] Add Net-(D54-A) net
13:35:18: [INFO] Add Net-(D55-A) net
13:35:18: [INFO] Add Net-(D56-A) net
13:35:18: [INFO] Add Net-(D57-A) net
13:35:18: [INFO] Add Net-(D58-A) net
13:35:18: [INFO] Add Net-(D59-A) net
13:35:18: [INFO] Add Net-(D6-A) net
13:35:18: [INFO] Add Net-(D60-A) net
13:35:18: [INFO] Add Net-(D61-A) net
13:35:18: [INFO] Add Net-(D62-A) net
13:35:18: [INFO] Add Net-(D63-A) net
13:35:18: [INFO] Add Net-(D64-A) net
13:35:18: [INFO] Add Net-(D65-A) net
13:35:18: [INFO] Add Net-(D66-A) net
13:35:18: [INFO] Add Net-(D67-A) net
13:35:18: [INFO] Add Net-(D68-A) net
13:35:18: [INFO] Add Net-(D69-A) net
13:35:18: [INFO] Add Net-(D7-A) net
13:35:18: [INFO] Add Net-(D70-A) net
13:35:18: [INFO] Add Net-(D71-A) net
13:35:18: [INFO] Add Net-(D72-A) net
13:35:18: [INFO] Add Net-(D73-A) net
13:35:18: [INFO] Add Net-(D74-A) net
13:35:18: [INFO] Add Net-(D75-A) net
13:35:18: [INFO] Add Net-(D76-A) net
13:35:18: [INFO] Add Net-(D77-A) net
13:35:18: [INFO] Add Net-(D78-A) net
13:35:18: [INFO] Add Net-(D79-A) net
13:35:18: [INFO] Add Net-(D8-A) net
13:35:18: [INFO] Add Net-(D80-A) net
13:35:18: [INFO] Add Net-(D81-A) net
13:35:18: [INFO] Add Net-(D82-A) net
13:35:18: [INFO] Add Net-(D83-A) net
13:35:18: [INFO] Add Net-(D84-A) net
13:35:18: [INFO] Add Net-(D85-A) net
13:35:18: [INFO] Add Net-(D86-A) net
13:35:18: [INFO] Add Net-(D87-A) net
13:35:18: [INFO] Add Net-(D88-A) net
13:35:18: [INFO] Add Net-(D89-A) net
13:35:18: [INFO] Add Net-(D9-A) net
13:35:18: [INFO] Add Net-(D90-A) net
13:35:18: [INFO] Add ROW0 net
13:35:18: [INFO] Add ROW1 net
13:35:18: [INFO] Add ROW2 net
13:35:18: [INFO] Add ROW3 net
13:35:18: [INFO] Add ROW4 net
13:35:18: [INFO] Add ROW5 net
13:35:19: [INFO] Add SW1 footprint
13:35:19: [INFO] Add D1 footprint
13:35:19: [INFO] Add SW2 footprint
13:35:19: [INFO] Add D2 footprint
13:35:19: [INFO] Add SW3 footprint
13:35:19: [INFO] Add D3 footprint
13:35:19: [INFO] Add SW4 footprint
13:35:19: [INFO] Add D4 footprint
13:35:19: [INFO] Add SW5 footprint
13:35:19: [INFO] Add D5 footprint
13:35:19: [INFO] Add SW6 footprint
13:35:19: [INFO] Add D6 footprint
13:35:19: [INFO] Add SW7 footprint
13:35:19: [INFO] Add D7 footprint
13:35:19: [INFO] Add SW8 footprint
13:35:19: [INFO] Add D8 footprint
13:35:19: [INFO] Add SW9 footprint
13:35:19: [INFO] Add D9 footprint
13:35:19: [INFO] Add SW10 footprint
13:35:19: [INFO] Add D10 footprint
13:35:19: [INFO] Add SW11 footprint
13:35:19: [INFO] Add D11 footprint
13:35:19: [INFO] Add SW12 footprint
13:35:19: [INFO] Add D12 footprint
13:35:19: [INFO] Add SW13 footprint
13:35:19: [INFO] Add D13 footprint
13:35:19: [INFO] Add SW14 footprint
13:35:19: [INFO] Add D14 footprint
13:35:19: [INFO] Add SW15 footprint
13:35:19: [INFO] Add D15 footprint
13:35:19: [INFO] Add SW16 footprint
13:35:19: [INFO] Add D16 footprint
13:35:19: [INFO] Add SW17 footprint
13:35:20: [INFO] Add D17 footprint
13:35:20: [INFO] Add SW18 footprint
13:35:20: [INFO] Add D18 footprint
13:35:20: [INFO] Add SW19 footprint
13:35:20: [INFO] Add D19 footprint
13:35:20: [INFO] Add SW20 footprint
13:35:20: [INFO] Add D20 footprint
13:35:20: [INFO] Add SW21 footprint
13:35:20: [INFO] Add D21 footprint
13:35:20: [INFO] Add SW22 footprint
13:35:20: [INFO] Add D22 footprint
13:35:20: [INFO] Add SW23 footprint
13:35:20: [INFO] Add D23 footprint
13:35:20: [INFO] Add SW24 footprint
13:35:20: [INFO] Add D24 footprint
13:35:20: [INFO] Add SW25 footprint
13:35:20: [INFO] Add D25 footprint
13:35:20: [INFO] Add SW26 footprint
13:35:20: [INFO] Add D26 footprint
13:35:20: [INFO] Add SW27 footprint
13:35:20: [INFO] Add D27 footprint
13:35:20: [INFO] Add SW28 footprint
13:35:20: [INFO] Add D28 footprint
13:35:20: [INFO] Add SW29 footprint
13:35:20: [INFO] Add D29 footprint
13:35:20: [INFO] Add ST29 footprint
13:35:20: [INFO] Add SW29a footprint
13:35:20: [INFO] Add SW30 footprint
13:35:20: [INFO] Add D30 footprint
13:35:20: [INFO] Add SW31 footprint
13:35:20: [INFO] Add D31 footprint
13:35:20: [INFO] Add SW32 footprint
13:35:21: [INFO] Add D32 footprint
13:35:21: [INFO] Add SW33 footprint
13:35:21: [INFO] Add D33 footprint
13:35:21: [INFO] Add SW34 footprint
13:35:21: [INFO] Add D34 footprint
13:35:21: [INFO] Add SW35 footprint
13:35:21: [INFO] Add D35 footprint
13:35:21: [INFO] Add SW36 footprint
13:35:21: [INFO] Add D36 footprint
13:35:21: [INFO] Add SW37 footprint
13:35:21: [INFO] Add D37 footprint
13:35:21: [INFO] Add SW38 footprint
13:35:21: [INFO] Add D38 footprint
13:35:21: [INFO] Add SW39 footprint
13:35:21: [INFO] Add D39 footprint
13:35:21: [INFO] Add SW40 footprint
13:35:21: [INFO] Add D40 footprint
13:35:21: [INFO] Add SW41 footprint
13:35:21: [INFO] Add D41 footprint
13:35:21: [INFO] Add SW42 footprint
13:35:21: [INFO] Add D42 footprint
13:35:21: [INFO] Add SW43 footprint
13:35:21: [INFO] Add D43 footprint
13:35:21: [INFO] Add SW44 footprint
13:35:21: [INFO] Add D44 footprint
13:35:21: [INFO] Add SW45 footprint
13:35:21: [INFO] Add D45 footprint
13:35:21: [INFO] Add SW46 footprint
13:35:21: [INFO] Add D46 footprint
13:35:21: [INFO] Add SW47 footprint
13:35:21: [INFO] Add D47 footprint
13:35:21: [INFO] Add SW48 footprint
13:35:21: [INFO] Add D48 footprint
13:35:22: [INFO] Add SW49 footprint
13:35:22: [INFO] Add D49 footprint
13:35:22: [INFO] Add SW50 footprint
13:35:22: [INFO] Add D50 footprint
13:35:22: [INFO] Add SW51 footprint
13:35:22: [INFO] Add D51 footprint
13:35:22: [INFO] Add SW52 footprint
13:35:22: [INFO] Add D52 footprint
13:35:22: [INFO] Add SW53 footprint
13:35:22: [INFO] Add D53 footprint
13:35:22: [INFO] Add SW54 footprint
13:35:22: [INFO] Add D54 footprint
13:35:22: [INFO] Add SW55 footprint
13:35:22: [INFO] Add D55 footprint
13:35:22: [INFO] Add SW56 footprint
13:35:22: [INFO] Add D56 footprint
13:35:22: [INFO] Add SW57 footprint
13:35:22: [INFO] Add D57 footprint
13:35:22: [INFO] Add SW58 footprint
13:35:22: [INFO] Add D58 footprint
13:35:22: [WARNING] No stabilizer footprint for width 2.25u, using 2u as fallback
13:35:22: [INFO] Add ST58 footprint
13:35:22: [INFO] Add SW59 footprint
13:35:22: [INFO] Add D59 footprint
13:35:22: [INFO] Add SW60 footprint
13:35:22: [INFO] Add D60 footprint
13:35:22: [INFO] Add SW61 footprint
13:35:22: [INFO] Add D61 footprint
13:35:22: [INFO] Add SW62 footprint
13:35:22: [INFO] Add D62 footprint
13:35:22: [WARNING] No stabilizer footprint for width 2.25u, using 2u as fallback
13:35:22: [INFO] Add ST62 footprint
13:35:22: [INFO] Add SW62a footprint
13:35:22: [INFO] Add SW63 footprint
13:35:22: [INFO] Add D63 footprint
13:35:22: [INFO] Add SW64 footprint
13:35:23: [INFO] Add D64 footprint
13:35:23: [INFO] Add SW65 footprint
13:35:23: [INFO] Add D65 footprint
13:35:23: [INFO] Add SW66 footprint
13:35:23: [INFO] Add D66 footprint
13:35:23: [INFO] Add SW67 footprint
13:35:23: [INFO] Add D67 footprint
13:35:23: [INFO] Add SW68 footprint
13:35:23: [INFO] Add D68 footprint
13:35:23: [INFO] Add SW69 footprint
13:35:23: [INFO] Add D69 footprint
13:35:23: [INFO] Add SW70 footprint
13:35:23: [INFO] Add D70 footprint
13:35:23: [INFO] Add SW71 footprint
13:35:23: [INFO] Add D71 footprint
13:35:23: [INFO] Add SW72 footprint
13:35:23: [INFO] Add D72 footprint
13:35:23: [INFO] Add SW73 footprint
13:35:23: [INFO] Add D73 footprint
13:35:23: [INFO] Add SW74 footprint
13:35:23: [INFO] Add D74 footprint
13:35:23: [WARNING] No stabilizer footprint for width 2.75u, using 2u as fallback
13:35:23: [INFO] Add ST74 footprint
13:35:23: [INFO] Add SW74a footprint
13:35:23: [INFO] Add SW75 footprint
13:35:23: [INFO] Add D75 footprint
13:35:23: [INFO] Add SW76 footprint
13:35:23: [INFO] Add D76 footprint
13:35:23: [INFO] Add SW77 footprint
13:35:23: [INFO] Add D77 footprint
13:35:23: [INFO] Add SW78 footprint
13:35:23: [INFO] Add D78 footprint
13:35:23: [INFO] Add SW79 footprint
13:35:23: [INFO] Add D79 footprint
13:35:23: [INFO] Add SW80 footprint
13:35:23: [INFO] Add D80 footprint
13:35:23: [INFO] Add SW81 footprint
13:35:24: [INFO] Add D81 footprint
13:35:24: [WARNING] No stabilizer footprint for width 2.25u, using 2u as fallback
13:35:24: [INFO] Add ST81 footprint
13:35:24: [INFO] Add SW82 footprint
13:35:24: [INFO] Add D82 footprint
13:35:24: [INFO] Add SW83 footprint
13:35:24: [INFO] Add D83 footprint
13:35:24: [INFO] Add ST83 footprint
13:35:24: [INFO] Add SW83a footprint
13:35:24: [INFO] Add SW84 footprint
13:35:24: [INFO] Add D84 footprint
13:35:24: [WARNING] No stabilizer footprint for width 2.75u, using 2u as fallback
13:35:24: [INFO] Add ST84 footprint
13:35:24: [INFO] Add SW85 footprint
13:35:24: [INFO] Add D85 footprint
13:35:24: [INFO] Add SW86 footprint
13:35:24: [INFO] Add D86 footprint
13:35:24: [INFO] Add SW87 footprint
13:35:24: [INFO] Add D87 footprint
13:35:24: [INFO] Add SW88 footprint
13:35:24: [INFO] Add D88 footprint
13:35:24: [INFO] Add SW89 footprint
13:35:24: [INFO] Add D89 footprint
13:35:24: [INFO] Add SW90 footprint
13:35:24: [INFO] Add D90 footprint
13:35:24: [INFO] Detected layout convertible to matrix annotated keyboard
13:35:24: [INFO] Using key 1U distance: (19.05, 19.05) mm
13:35:24: [INFO] Layout offset: (23812500, 28575000)
13:35:24: [INFO] Diode info: [ElementInfo(annotation_format='D{}', position_option=<PositionOption.CUSTOM: 'Custom'>, position=ElementPosition(x=5.08, y=4.0, orientation=90.0, side=<Side.BACK: 'Back'>), template_path='', start_index=-1)]
13:35:24: [INFO] Placing additional elements for SW90
13:35:24: [INFO] Placing additional elements for SW89
13:35:24: [INFO] Placing additional elements for SW88
13:35:24: [INFO] Placing additional elements for SW87
13:35:24: [INFO] Placing additional elements for SW86
13:35:24: [INFO] Placing additional elements for SW85
13:35:24: [INFO] Placing additional elements for SW84
13:35:24: [INFO] Placing additional elements for SW83a
13:35:24: [INFO] Placing additional elements for SW83
13:35:24: [INFO] Placing additional elements for SW82
13:35:24: [INFO] Placing additional elements for SW81
13:35:24: [INFO] Placing additional elements for SW80
13:35:24: [INFO] Placing additional elements for SW79
13:35:24: [INFO] Placing additional elements for SW78
13:35:24: [INFO] Placing additional elements for SW77
13:35:24: [INFO] Placing additional elements for SW76
13:35:24: [INFO] Placing additional elements for SW75
13:35:24: [INFO] Placing additional elements for SW74a
13:35:24: [INFO] Placing additional elements for SW74
13:35:24: [INFO] Placing additional elements for SW73
13:35:24: [INFO] Placing additional elements for SW72
13:35:24: [INFO] Placing additional elements for SW71
13:35:24: [INFO] Placing additional elements for SW70
13:35:24: [INFO] Placing additional elements for SW69
13:35:24: [INFO] Placing additional elements for SW68
13:35:24: [INFO] Placing additional elements for SW67
13:35:24: [INFO] Placing additional elements for SW66
13:35:24: [INFO] Placing additional elements for SW65
13:35:24: [INFO] Placing additional elements for SW64
13:35:24: [INFO] Placing additional elements for SW63
13:35:24: [INFO] Placing additional elements for SW62a
13:35:24: [INFO] Placing additional elements for SW62
13:35:24: [INFO] Placing additional elements for SW61
13:35:24: [INFO] Placing additional elements for SW60
13:35:24: [INFO] Placing additional elements for SW59
13:35:24: [INFO] Placing additional elements for SW58
13:35:24: [INFO] Placing additional elements for SW57
13:35:24: [INFO] Placing additional elements for SW56
13:35:24: [INFO] Placing additional elements for SW55
13:35:24: [INFO] Placing additional elements for SW54
13:35:24: [INFO] Placing additional elements for SW53
13:35:24: [INFO] Placing additional elements for SW52
13:35:24: [INFO] Placing additional elements for SW51
13:35:24: [INFO] Placing additional elements for SW50
13:35:24: [INFO] Placing additional elements for SW49
13:35:24: [INFO] Placing additional elements for SW48
13:35:24: [INFO] Placing additional elements for SW47
13:35:24: [INFO] Placing additional elements for SW46
13:35:24: [INFO] Placing additional elements for SW45
13:35:24: [INFO] Placing additional elements for SW44
13:35:24: [INFO] Placing additional elements for SW43
13:35:24: [INFO] Placing additional elements for SW42
13:35:24: [INFO] Placing additional elements for SW41
13:35:24: [INFO] Placing additional elements for SW40
13:35:24: [INFO] Placing additional elements for SW39
13:35:24: [INFO] Placing additional elements for SW38
13:35:24: [INFO] Placing additional elements for SW37
13:35:24: [INFO] Placing additional elements for SW36
13:35:24: [INFO] Placing additional elements for SW35
13:35:24: [INFO] Placing additional elements for SW34
13:35:24: [INFO] Placing additional elements for SW33
13:35:24: [INFO] Placing additional elements for SW32
13:35:24: [INFO] Placing additional elements for SW31
13:35:24: [INFO] Placing additional elements for SW30
13:35:24: [INFO] Placing additional elements for SW29a
13:35:24: [INFO] Placing additional elements for SW29
13:35:24: [INFO] Placing additional elements for SW28
13:35:24: [INFO] Placing additional elements for SW27
13:35:24: [INFO] Placing additional elements for SW26
13:35:24: [INFO] Placing additional elements for SW25
13:35:24: [INFO] Placing additional elements for SW24
13:35:24: [INFO] Placing additional elements for SW23
13:35:24: [INFO] Placing additional elements for SW22
13:35:24: [INFO] Placing additional elements for SW21
13:35:24: [INFO] Placing additional elements for SW20
13:35:24: [INFO] Placing additional elements for SW19
13:35:24: [INFO] Placing additional elements for SW18
13:35:24: [INFO] Placing additional elements for SW17
13:35:24: [INFO] Placing additional elements for SW16
13:35:24: [INFO] Placing additional elements for SW15
13:35:24: [INFO] Placing additional elements for SW14
13:35:24: [INFO] Placing additional elements for SW13
13:35:24: [INFO] Placing additional elements for SW12
13:35:24: [INFO] Placing additional elements for SW11
13:35:24: [INFO] Placing additional elements for SW10
13:35:24: [INFO] Placing additional elements for SW9
13:35:24: [INFO] Placing additional elements for SW8
13:35:24: [INFO] Placing additional elements for SW7
13:35:24: [INFO] Placing additional elements for SW6
13:35:24: [INFO] Placing additional elements for SW5
13:35:24: [INFO] Placing additional elements for SW4
13:35:24: [INFO] Placing additional elements for SW3
13:35:24: [INFO] Placing additional elements for SW2
13:35:24: [INFO] Placing additional elements for SW1
13:35:24: [INFO] Routing SW90 with D90
13:35:24: [INFO] Using internal autorouter method
13:35:24: [INFO] Routing pad 'SW90:2' at (388302500, 156845000) with pad 'D90:2' at (390842500, 164525000) using coordinate system rotated by 0 degree(s)
13:35:24: [INFO] Adding track segment (B.Cu): [(388302500, 156845000), (388302500, 161985000)]
13:35:24: [INFO] Adding track segment (B.Cu): [(388302500, 161985000), (390842500, 164525000)]
13:35:24: [INFO] Routing SW89 with D89
13:35:24: [INFO] Using internal autorouter method
13:35:24: [INFO] Routing pad 'SW89:2' at (369252500, 156845000) with pad 'D89:2' at (371792500, 164525000) using coordinate system rotated by 0 degree(s)
13:35:24: [INFO] Adding track segment (B.Cu): [(369252500, 156845000), (369252500, 161985000)]
13:35:24: [INFO] Adding track segment (B.Cu): [(369252500, 161985000), (371792500, 164525000)]
13:35:24: [INFO] Routing SW88 with D88
13:35:24: [INFO] Using internal autorouter method
13:35:24: [INFO] Routing pad 'SW88:2' at (350202500, 156845000) with pad 'D88:2' at (352742500, 164525000) using coordinate system rotated by 0 degree(s)
13:35:24: [INFO] Adding track segment (B.Cu): [(350202500, 156845000), (350202500, 161985000)]
13:35:24: [INFO] Adding track segment (B.Cu): [(350202500, 161985000), (352742500, 164525000)]
13:35:24: [INFO] Routing SW87 with D87
13:35:24: [INFO] Using internal autorouter method
13:35:24: [INFO] Routing pad 'SW87:2' at (319246250, 152082500) with pad 'D87:2' at (321786250, 159762500) using coordinate system rotated by 0 degree(s)
13:35:24: [INFO] Adding track segment (B.Cu): [(319246250, 152082500), (319246250, 157222500)]
13:35:24: [INFO] Adding track segment (B.Cu): [(319246250, 157222500), (321786250, 159762500)]
13:35:24: [INFO] Routing SW86 with D86
13:35:24: [INFO] Using internal autorouter method
13:35:24: [INFO] Routing pad 'SW86:2' at (295433750, 152082500) with pad 'D86:2' at (297973750, 159762500) using coordinate system rotated by 0 degree(s)
13:35:24: [INFO] Adding track segment (B.Cu): [(295433750, 152082500), (295433750, 157222500)]
13:35:24: [INFO] Adding track segment (B.Cu): [(295433750, 157222500), (297973750, 159762500)]
13:35:24: [INFO] Routing SW85 with D85
13:35:24: [INFO] Using internal autorouter method
13:35:24: [INFO] Routing pad 'SW85:2' at (271621250, 152082500) with pad 'D85:2' at (274161250, 159762500) using coordinate system rotated by 0 degree(s)
13:35:24: [INFO] Adding track segment (B.Cu): [(271621250, 152082500), (271621250, 157222500)]
13:35:24: [INFO] Adding track segment (B.Cu): [(271621250, 157222500), (274161250, 159762500)]
13:35:24: [INFO] Routing SW84 with D84
13:35:24: [INFO] Using internal autorouter method
13:35:24: [INFO] Routing pad 'SW84:2' at (233521250, 152082500) with pad 'D84:2' at (236061250, 159762500) using coordinate system rotated by 0 degree(s)
13:35:24: [INFO] Adding track segment (B.Cu): [(233521250, 152082500), (233521250, 157222500)]
13:35:24: [INFO] Adding track segment (B.Cu): [(233521250, 157222500), (236061250, 159762500)]
13:35:24: [INFO] Routing SW83a with D83
13:35:24: [INFO] Using internal autorouter method
13:35:24: [INFO] Routing pad 'SW83a:2' at (195421250, 152082500) with pad 'D83:2' at (202723750, 159762500) using coordinate system rotated by 0 degree(s)
13:35:24: [INFO] Routing SW83 with D83
13:35:24: [INFO] Using internal autorouter method
13:35:24: [INFO] Routing pad 'SW83:2' at (200183750, 152082500) with pad 'D83:2' at (202723750, 159762500) using coordinate system rotated by 0 degree(s)
13:35:24: [INFO] Adding track segment (B.Cu): [(200183750, 152082500), (200183750, 157222500)]
13:35:24: [INFO] Adding track segment (B.Cu): [(200183750, 157222500), (202723750, 159762500)]
13:35:24: [INFO] Routing SW82 with D82
13:35:24: [INFO] Using internal autorouter method
13:35:24: [INFO] Routing pad 'SW82:2' at (388302500, 52070000) with pad 'D82:2' at (390842500, 59750000) using coordinate system rotated by 0 degree(s)
13:35:24: [INFO] Adding track segment (B.Cu): [(388302500, 52070000), (388302500, 57210000)]
13:35:24: [INFO] Adding track segment (B.Cu): [(388302500, 57210000), (390842500, 59750000)]
13:35:24: [INFO] Routing SW81 with D81
13:35:24: [INFO] Using internal autorouter method
13:35:24: [INFO] Routing pad 'SW81:2' at (162083750, 152082500) with pad 'D81:2' at (164623750, 159762500) using coordinate system rotated by 0 degree(s)
13:35:25: [INFO] Adding track segment (B.Cu): [(162083750, 152082500), (162083750, 157222500)]
13:35:25: [INFO] Adding track segment (B.Cu): [(162083750, 157222500), (164623750, 159762500)]
13:35:25: [INFO] Routing SW80 with D80
13:35:25: [INFO] Using internal autorouter method
13:35:25: [INFO] Routing pad 'SW80:2' at (369252500, 52070000) with pad 'D80:2' at (371792500, 59750000) using coordinate system rotated by 0 degree(s)
13:35:25: [INFO] Adding track segment (B.Cu): [(369252500, 52070000), (369252500, 57210000)]
13:35:25: [INFO] Adding track segment (B.Cu): [(369252500, 57210000), (371792500, 59750000)]
13:35:25: [INFO] Routing SW79 with D79
13:35:25: [INFO] Using internal autorouter method
13:35:25: [INFO] Routing pad 'SW79:2' at (128746250, 152082500) with pad 'D79:2' at (131286250, 159762500) using coordinate system rotated by 0 degree(s)
13:35:25: [INFO] Adding track segment (B.Cu): [(128746250, 152082500), (128746250, 157222500)]
13:35:25: [INFO] Adding track segment (B.Cu): [(128746250, 157222500), (131286250, 159762500)]
13:35:25: [INFO] Routing SW78 with D78
13:35:25: [INFO] Using internal autorouter method
13:35:25: [INFO] Routing pad 'SW78:2' at (104933750, 152082500) with pad 'D78:2' at (107473750, 159762500) using coordinate system rotated by 0 degree(s)
13:35:25: [INFO] Adding track segment (B.Cu): [(104933750, 152082500), (104933750, 157222500)]
13:35:25: [INFO] Adding track segment (B.Cu): [(104933750, 157222500), (107473750, 159762500)]
13:35:25: [INFO] Routing SW77 with D77
13:35:25: [INFO] Using internal autorouter method
13:35:25: [INFO] Routing pad 'SW77:2' at (81121250, 152082500) with pad 'D77:2' at (83661250, 159762500) using coordinate system rotated by 0 degree(s)
13:35:25: [INFO] Adding track segment (B.Cu): [(81121250, 152082500), (81121250, 157222500)]
13:35:25: [INFO] Adding track segment (B.Cu): [(81121250, 157222500), (83661250, 159762500)]
13:35:25: [INFO] Routing SW76 with D76
13:35:25: [INFO] Using internal autorouter method
13:35:25: [INFO] Routing pad 'SW76:2' at (369252500, 137795000) with pad 'D76:2' at (371792500, 145475000) using coordinate system rotated by 0 degree(s)
13:35:25: [INFO] Adding track segment (B.Cu): [(369252500, 137795000), (369252500, 142935000)]
13:35:25: [INFO] Adding track segment (B.Cu): [(369252500, 142935000), (371792500, 145475000)]
13:35:25: [INFO] Routing SW75 with D75
13:35:25: [INFO] Using internal autorouter method
13:35:25: [INFO] Routing pad 'SW75:2' at (345440000, 133032500) with pad 'D75:2' at (347980000, 140712500) using coordinate system rotated by 0 degree(s)
13:35:25: [INFO] Adding track segment (B.Cu): [(345440000, 133032500), (345440000, 138172500)]
13:35:25: [INFO] Adding track segment (B.Cu): [(345440000, 138172500), (347980000, 140712500)]
13:35:25: [INFO] Routing SW74a with D74
13:35:25: [INFO] Using internal autorouter method
13:35:25: [INFO] Routing pad 'SW74a:2' at (319246250, 133032500) with pad 'D74:2' at (331311250, 140712500) using coordinate system rotated by 0 degree(s)
13:35:25: [INFO] Routing SW74 with D74
13:35:25: [INFO] Using internal autorouter method
13:35:25: [INFO] Routing pad 'SW74:2' at (328771250, 133032500) with pad 'D74:2' at (331311250, 140712500) using coordinate system rotated by 0 degree(s)
13:35:25: [INFO] Adding track segment (B.Cu): [(328771250, 133032500), (328771250, 138172500)]
13:35:25: [INFO] Adding track segment (B.Cu): [(328771250, 138172500), (331311250, 140712500)]
13:35:25: [INFO] Routing SW73 with D73
13:35:25: [INFO] Using internal autorouter method
13:35:25: [INFO] Routing pad 'SW73:2' at (293052500, 133032500) with pad 'D73:2' at (295592500, 140712500) using coordinate system rotated by 0 degree(s)
13:35:25: [INFO] Adding track segment (B.Cu): [(293052500, 133032500), (293052500, 138172500)]
13:35:25: [INFO] Adding track segment (B.Cu): [(293052500, 138172500), (295592500, 140712500)]
13:35:25: [INFO] Routing SW72 with D72
13:35:25: [INFO] Using internal autorouter method
13:35:25: [INFO] Routing pad 'SW72:2' at (274002500, 133032500) with pad 'D72:2' at (276542500, 140712500) using coordinate system rotated by 0 degree(s)
13:35:25: [INFO] Adding track segment (B.Cu): [(274002500, 133032500), (274002500, 138172500)]
13:35:25: [INFO] Adding track segment (B.Cu): [(274002500, 138172500), (276542500, 140712500)]
13:35:25: [INFO] Routing SW71 with D71
13:35:25: [INFO] Using internal autorouter method
13:35:25: [INFO] Routing pad 'SW71:2' at (254952500, 133032500) with pad 'D71:2' at (257492500, 140712500) using coordinate system rotated by 0 degree(s)
13:35:25: [INFO] Adding track segment (B.Cu): [(254952500, 133032500), (254952500, 138172500)]
13:35:25: [INFO] Adding track segment (B.Cu): [(254952500, 138172500), (257492500, 140712500)]
13:35:25: [INFO] Routing SW70 with D70
13:35:25: [INFO] Using internal autorouter method
13:35:25: [INFO] Routing pad 'SW70:2' at (235902500, 133032500) with pad 'D70:2' at (238442500, 140712500) using coordinate system rotated by 0 degree(s)
13:35:25: [INFO] Adding track segment (B.Cu): [(235902500, 133032500), (235902500, 138172500)]
13:35:25: [INFO] Adding track segment (B.Cu): [(235902500, 138172500), (238442500, 140712500)]
13:35:25: [INFO] Routing SW69 with D69
13:35:25: [INFO] Using internal autorouter method
13:35:25: [INFO] Routing pad 'SW69:2' at (216852500, 133032500) with pad 'D69:2' at (219392500, 140712500) using coordinate system rotated by 0 degree(s)
13:35:25: [INFO] Adding track segment (B.Cu): [(216852500, 133032500), (216852500, 138172500)]
13:35:25: [INFO] Adding track segment (B.Cu): [(216852500, 138172500), (219392500, 140712500)]
13:35:25: [INFO] Routing SW68 with D68
13:35:25: [INFO] Using internal autorouter method
13:35:25: [INFO] Routing pad 'SW68:2' at (197802500, 133032500) with pad 'D68:2' at (200342500, 140712500) using coordinate system rotated by 0 degree(s)
13:35:25: [INFO] Adding track segment (B.Cu): [(197802500, 133032500), (197802500, 138172500)]
13:35:25: [INFO] Adding track segment (B.Cu): [(197802500, 138172500), (200342500, 140712500)]
13:35:25: [INFO] Routing SW67 with D67
13:35:25: [INFO] Using internal autorouter method
13:35:25: [INFO] Routing pad 'SW67:2' at (178752500, 133032500) with pad 'D67:2' at (181292500, 140712500) using coordinate system rotated by 0 degree(s)
13:35:25: [INFO] Adding track segment (B.Cu): [(178752500, 133032500), (178752500, 138172500)]
13:35:25: [INFO] Adding track segment (B.Cu): [(178752500, 138172500), (181292500, 140712500)]
13:35:25: [INFO] Routing SW66 with D66
13:35:25: [INFO] Using internal autorouter method
13:35:25: [INFO] Routing pad 'SW66:2' at (159702500, 133032500) with pad 'D66:2' at (162242500, 140712500) using coordinate system rotated by 0 degree(s)
13:35:25: [INFO] Adding track segment (B.Cu): [(159702500, 133032500), (159702500, 138172500)]
13:35:25: [INFO] Adding track segment (B.Cu): [(159702500, 138172500), (162242500, 140712500)]
13:35:25: [INFO] Routing SW65 with D65
13:35:25: [INFO] Using internal autorouter method
13:35:25: [INFO] Routing pad 'SW65:2' at (140652500, 133032500) with pad 'D65:2' at (143192500, 140712500) using coordinate system rotated by 0 degree(s)
13:35:25: [INFO] Adding track segment (B.Cu): [(140652500, 133032500), (140652500, 138172500)]
13:35:25: [INFO] Adding track segment (B.Cu): [(140652500, 138172500), (143192500, 140712500)]
13:35:25: [INFO] Routing SW64 with D64
13:35:25: [INFO] Using internal autorouter method
13:35:25: [INFO] Routing pad 'SW64:2' at (121602500, 133032500) with pad 'D64:2' at (124142500, 140712500) using coordinate system rotated by 0 degree(s)
13:35:25: [INFO] Adding track segment (B.Cu): [(121602500, 133032500), (121602500, 138172500)]
13:35:25: [INFO] Adding track segment (B.Cu): [(121602500, 138172500), (124142500, 140712500)]
13:35:25: [INFO] Routing SW63 with D63
13:35:25: [INFO] Using internal autorouter method
13:35:25: [INFO] Routing pad 'SW63:2' at (102552500, 133032500) with pad 'D63:2' at (105092500, 140712500) using coordinate system rotated by 0 degree(s)
13:35:25: [INFO] Adding track segment (B.Cu): [(102552500, 133032500), (102552500, 138172500)]
13:35:25: [INFO] Adding track segment (B.Cu): [(102552500, 138172500), (105092500, 140712500)]
13:35:25: [INFO] Routing SW62a with D62
13:35:25: [INFO] Using internal autorouter method
13:35:25: [INFO] Routing pad 'SW62a:2' at (81121250, 133032500) with pad 'D62:2' at (93186250, 140712500) using coordinate system rotated by 0 degree(s)
13:35:25: [INFO] Routing SW62 with D62
13:35:25: [INFO] Using internal autorouter method
13:35:25: [INFO] Routing pad 'SW62:2' at (90646250, 133032500) with pad 'D62:2' at (93186250, 140712500) using coordinate system rotated by 0 degree(s)
13:35:25: [INFO] Adding track segment (B.Cu): [(90646250, 133032500), (90646250, 138172500)]
13:35:25: [INFO] Adding track segment (B.Cu): [(90646250, 138172500), (93186250, 140712500)]
13:35:25: [INFO] Routing SW61 with D61
13:35:25: [INFO] Using internal autorouter method
13:35:25: [INFO] Routing pad 'SW61:2' at (388302500, 113982500) with pad 'D61:2' at (390842500, 121662500) using coordinate system rotated by 0 degree(s)
13:35:25: [INFO] Adding track segment (B.Cu): [(388302500, 113982500), (388302500, 119122500)]
13:35:25: [INFO] Adding track segment (B.Cu): [(388302500, 119122500), (390842500, 121662500)]
13:35:25: [INFO] Routing SW60 with D60
13:35:25: [INFO] Using internal autorouter method
13:35:25: [INFO] Routing pad 'SW60:2' at (369252500, 113982500) with pad 'D60:2' at (371792500, 121662500) using coordinate system rotated by 0 degree(s)
13:35:25: [INFO] Adding track segment (B.Cu): [(369252500, 113982500), (369252500, 119122500)]
13:35:25: [INFO] Adding track segment (B.Cu): [(369252500, 119122500), (371792500, 121662500)]
13:35:25: [INFO] Routing SW59 with D59
13:35:25: [INFO] Using internal autorouter method
13:35:25: [INFO] Routing pad 'SW59:2' at (345440000, 75882500) with pad 'D59:2' at (347980000, 83562500) using coordinate system rotated by 0 degree(s)
13:35:25: [INFO] Adding track segment (B.Cu): [(345440000, 75882500), (345440000, 81022500)]
13:35:25: [INFO] Adding track segment (B.Cu): [(345440000, 81022500), (347980000, 83562500)]
13:35:25: [INFO] Routing SW58 with D58
13:35:25: [INFO] Using internal autorouter method
13:35:25: [INFO] Routing pad 'SW58:2' at (333533750, 113982500) with pad 'D58:2' at (336073750, 121662500) using coordinate system rotated by 0 degree(s)
13:35:25: [INFO] Adding track segment (B.Cu): [(333533750, 113982500), (333533750, 119122500)]
13:35:25: [INFO] Adding track segment (B.Cu): [(333533750, 119122500), (336073750, 121662500)]
13:35:25: [INFO] Routing SW57 with D57
13:35:25: [INFO] Using internal autorouter method
13:35:25: [INFO] Routing pad 'SW57:2' at (302577500, 113982500) with pad 'D57:2' at (305117500, 121662500) using coordinate system rotated by 0 degree(s)
13:35:25: [INFO] Adding track segment (B.Cu): [(302577500, 113982500), (302577500, 119122500)]
13:35:25: [INFO] Adding track segment (B.Cu): [(302577500, 119122500), (305117500, 121662500)]
13:35:25: [INFO] Routing SW56 with D56
13:35:25: [INFO] Using internal autorouter method
13:35:25: [INFO] Routing pad 'SW56:2' at (283527500, 113982500) with pad 'D56:2' at (286067500, 121662500) using coordinate system rotated by 0 degree(s)
13:35:25: [INFO] Adding track segment (B.Cu): [(283527500, 113982500), (283527500, 119122500)]
13:35:25: [INFO] Adding track segment (B.Cu): [(283527500, 119122500), (286067500, 121662500)]
13:35:25: [INFO] Routing SW55 with D55
13:35:25: [INFO] Using internal autorouter method
13:35:25: [INFO] Routing pad 'SW55:2' at (264477500, 113982500) with pad 'D55:2' at (267017500, 121662500) using coordinate system rotated by 0 degree(s)
13:35:25: [INFO] Adding track segment (B.Cu): [(264477500, 113982500), (264477500, 119122500)]
13:35:25: [INFO] Adding track segment (B.Cu): [(264477500, 119122500), (267017500, 121662500)]
13:35:25: [INFO] Routing SW54 with D54
13:35:25: [INFO] Using internal autorouter method
13:35:25: [INFO] Routing pad 'SW54:2' at (245427500, 113982500) with pad 'D54:2' at (247967500, 121662500) using coordinate system rotated by 0 degree(s)
13:35:25: [INFO] Adding track segment (B.Cu): [(245427500, 113982500), (245427500, 119122500)]
13:35:25: [INFO] Adding track segment (B.Cu): [(245427500, 119122500), (247967500, 121662500)]
13:35:25: [INFO] Routing SW53 with D53
13:35:25: [INFO] Using internal autorouter method
13:35:25: [INFO] Routing pad 'SW53:2' at (226377500, 113982500) with pad 'D53:2' at (228917500, 121662500) using coordinate system rotated by 0 degree(s)
13:35:25: [INFO] Adding track segment (B.Cu): [(226377500, 113982500), (226377500, 119122500)]
13:35:25: [INFO] Adding track segment (B.Cu): [(226377500, 119122500), (228917500, 121662500)]
13:35:25: [INFO] Routing SW52 with D52
13:35:25: [INFO] Using internal autorouter method
13:35:25: [INFO] Routing pad 'SW52:2' at (207327500, 113982500) with pad 'D52:2' at (209867500, 121662500) using coordinate system rotated by 0 degree(s)
13:35:25: [INFO] Adding track segment (B.Cu): [(207327500, 113982500), (207327500, 119122500)]
13:35:25: [INFO] Adding track segment (B.Cu): [(207327500, 119122500), (209867500, 121662500)]
13:35:25: [INFO] Routing SW51 with D51
13:35:25: [INFO] Using internal autorouter method
13:35:25: [INFO] Routing pad 'SW51:2' at (188277500, 113982500) with pad 'D51:2' at (190817500, 121662500) using coordinate system rotated by 0 degree(s)
13:35:25: [INFO] Adding track segment (B.Cu): [(188277500, 113982500), (188277500, 119122500)]
13:35:25: [INFO] Adding track segment (B.Cu): [(188277500, 119122500), (190817500, 121662500)]
13:35:25: [INFO] Routing SW50 with D50
13:35:25: [INFO] Using internal autorouter method
13:35:25: [INFO] Routing pad 'SW50:2' at (169227500, 113982500) with pad 'D50:2' at (171767500, 121662500) using coordinate system rotated by 0 degree(s)
13:35:25: [INFO] Adding track segment (B.Cu): [(169227500, 113982500), (169227500, 119122500)]
13:35:25: [INFO] Adding track segment (B.Cu): [(169227500, 119122500), (171767500, 121662500)]
13:35:25: [INFO] Routing SW49 with D49
13:35:25: [INFO] Using internal autorouter method
13:35:25: [INFO] Routing pad 'SW49:2' at (150177500, 113982500) with pad 'D49:2' at (152717500, 121662500) using coordinate system rotated by 0 degree(s)
13:35:25: [INFO] Adding track segment (B.Cu): [(150177500, 113982500), (150177500, 119122500)]
13:35:25: [INFO] Adding track segment (B.Cu): [(150177500, 119122500), (152717500, 121662500)]
13:35:25: [INFO] Routing SW48 with D48
13:35:25: [INFO] Using internal autorouter method
13:35:25: [INFO] Routing pad 'SW48:2' at (131127500, 113982500) with pad 'D48:2' at (133667500, 121662500) using coordinate system rotated by 0 degree(s)
13:35:25: [INFO] Adding track segment (B.Cu): [(131127500, 113982500), (131127500, 119122500)]
13:35:25: [INFO] Adding track segment (B.Cu): [(131127500, 119122500), (133667500, 121662500)]
13:35:25: [INFO] Routing SW47 with D47
13:35:25: [INFO] Using internal autorouter method
13:35:25: [INFO] Routing pad 'SW47:2' at (112077500, 113982500) with pad 'D47:2' at (114617500, 121662500) using coordinate system rotated by 0 degree(s)
13:35:25: [INFO] Adding track segment (B.Cu): [(112077500, 113982500), (112077500, 119122500)]
13:35:25: [INFO] Adding track segment (B.Cu): [(112077500, 119122500), (114617500, 121662500)]
13:35:25: [INFO] Routing SW46 with D46
13:35:25: [INFO] Using internal autorouter method
13:35:25: [INFO] Routing pad 'SW46:2' at (85883750, 113982500) with pad 'D46:2' at (88423750, 121662500) using coordinate system rotated by 0 degree(s)
13:35:25: [INFO] Adding track segment (B.Cu): [(85883750, 113982500), (85883750, 119122500)]
13:35:25: [INFO] Adding track segment (B.Cu): [(85883750, 119122500), (88423750, 121662500)]
13:35:25: [INFO] Routing SW45 with D45
13:35:25: [INFO] Using internal autorouter method
13:35:25: [INFO] Routing pad 'SW45:2' at (388302500, 94932500) with pad 'D45:2' at (390842500, 102612500) using coordinate system rotated by 0 degree(s)
13:35:25: [INFO] Adding track segment (B.Cu): [(388302500, 94932500), (388302500, 100072500)]
13:35:25: [INFO] Adding track segment (B.Cu): [(388302500, 100072500), (390842500, 102612500)]
13:35:25: [INFO] Routing SW44 with D44
13:35:25: [INFO] Using internal autorouter method
13:35:25: [INFO] Routing pad 'SW44:2' at (369252500, 94932500) with pad 'D44:2' at (371792500, 102612500) using coordinate system rotated by 0 degree(s)
13:35:25: [INFO] Adding track segment (B.Cu): [(369252500, 94932500), (369252500, 100072500)]
13:35:25: [INFO] Adding track segment (B.Cu): [(369252500, 100072500), (371792500, 102612500)]
13:35:25: [INFO] Routing SW43 with D43
13:35:25: [INFO] Using internal autorouter method
13:35:25: [INFO] Routing pad 'SW43:2' at (340677500, 94932500) with pad 'D43:2' at (343217500, 102612500) using coordinate system rotated by 0 degree(s)
13:35:25: [INFO] Adding track segment (B.Cu): [(340677500, 94932500), (340677500, 100072500)]
13:35:25: [INFO] Adding track segment (B.Cu): [(340677500, 100072500), (343217500, 102612500)]
13:35:25: [INFO] Routing SW42 with D42
13:35:25: [INFO] Using internal autorouter method
13:35:25: [INFO] Routing pad 'SW42:2' at (316865000, 94932500) with pad 'D42:2' at (319405000, 102612500) using coordinate system rotated by 0 degree(s)
13:35:25: [INFO] Adding track segment (B.Cu): [(316865000, 94932500), (316865000, 100072500)]
13:35:25: [INFO] Adding track segment (B.Cu): [(316865000, 100072500), (319405000, 102612500)]
13:35:25: [INFO] Routing SW41 with D41
13:35:25: [INFO] Using internal autorouter method
13:35:25: [INFO] Routing pad 'SW41:2' at (297815000, 94932500) with pad 'D41:2' at (300355000, 102612500) using coordinate system rotated by 0 degree(s)
13:35:25: [INFO] Adding track segment (B.Cu): [(297815000, 94932500), (297815000, 100072500)]
13:35:25: [INFO] Adding track segment (B.Cu): [(297815000, 100072500), (300355000, 102612500)]
13:35:25: [INFO] Routing SW40 with D40
13:35:25: [INFO] Using internal autorouter method
13:35:25: [INFO] Routing pad 'SW40:2' at (278765000, 94932500) with pad 'D40:2' at (281305000, 102612500) using coordinate system rotated by 0 degree(s)
13:35:25: [INFO] Adding track segment (B.Cu): [(278765000, 94932500), (278765000, 100072500)]
13:35:25: [INFO] Adding track segment (B.Cu): [(278765000, 100072500), (281305000, 102612500)]
13:35:25: [INFO] Routing SW39 with D39
13:35:25: [INFO] Using internal autorouter method
13:35:25: [INFO] Routing pad 'SW39:2' at (259715000, 94932500) with pad 'D39:2' at (262255000, 102612500) using coordinate system rotated by 0 degree(s)
13:35:25: [INFO] Adding track segment (B.Cu): [(259715000, 94932500), (259715000, 100072500)]
13:35:26: [INFO] Adding track segment (B.Cu): [(259715000, 100072500), (262255000, 102612500)]
13:35:26: [INFO] Routing SW38 with D38
13:35:26: [INFO] Using internal autorouter method
13:35:26: [INFO] Routing pad 'SW38:2' at (240665000, 94932500) with pad 'D38:2' at (243205000, 102612500) using coordinate system rotated by 0 degree(s)
13:35:26: [INFO] Adding track segment (B.Cu): [(240665000, 94932500), (240665000, 100072500)]
13:35:26: [INFO] Adding track segment (B.Cu): [(240665000, 100072500), (243205000, 102612500)]
13:35:26: [INFO] Routing SW37 with D37
13:35:26: [INFO] Using internal autorouter method
13:35:26: [INFO] Routing pad 'SW37:2' at (221615000, 94932500) with pad 'D37:2' at (224155000, 102612500) using coordinate system rotated by 0 degree(s)
13:35:26: [INFO] Adding track segment (B.Cu): [(221615000, 94932500), (221615000, 100072500)]
13:35:26: [INFO] Adding track segment (B.Cu): [(221615000, 100072500), (224155000, 102612500)]
13:35:26: [INFO] Routing SW36 with D36
13:35:26: [INFO] Using internal autorouter method
13:35:26: [INFO] Routing pad 'SW36:2' at (202565000, 94932500) with pad 'D36:2' at (205105000, 102612500) using coordinate system rotated by 0 degree(s)
13:35:26: [INFO] Adding track segment (B.Cu): [(202565000, 94932500), (202565000, 100072500)]
13:35:26: [INFO] Adding track segment (B.Cu): [(202565000, 100072500), (205105000, 102612500)]
13:35:26: [INFO] Routing SW35 with D35
13:35:26: [INFO] Using internal autorouter method
13:35:26: [INFO] Routing pad 'SW35:2' at (183515000, 94932500) with pad 'D35:2' at (186055000, 102612500) using coordinate system rotated by 0 degree(s)
13:35:26: [INFO] Adding track segment (B.Cu): [(183515000, 94932500), (183515000, 100072500)]
13:35:26: [INFO] Adding track segment (B.Cu): [(183515000, 100072500), (186055000, 102612500)]
13:35:26: [INFO] Routing SW34 with D34
13:35:26: [INFO] Using internal autorouter method
13:35:26: [INFO] Routing pad 'SW34:2' at (164465000, 94932500) with pad 'D34:2' at (167005000, 102612500) using coordinate system rotated by 0 degree(s)
13:35:26: [INFO] Adding track segment (B.Cu): [(164465000, 94932500), (164465000, 100072500)]
13:35:26: [INFO] Adding track segment (B.Cu): [(164465000, 100072500), (167005000, 102612500)]
13:35:26: [INFO] Routing SW33 with D33
13:35:26: [INFO] Using internal autorouter method
13:35:26: [INFO] Routing pad 'SW33:2' at (145415000, 94932500) with pad 'D33:2' at (147955000, 102612500) using coordinate system rotated by 0 degree(s)
13:35:26: [INFO] Adding track segment (B.Cu): [(145415000, 94932500), (145415000, 100072500)]
13:35:26: [INFO] Adding track segment (B.Cu): [(145415000, 100072500), (147955000, 102612500)]
13:35:26: [INFO] Routing SW32 with D32
13:35:26: [INFO] Using internal autorouter method
13:35:26: [INFO] Routing pad 'SW32:2' at (126365000, 94932500) with pad 'D32:2' at (128905000, 102612500) using coordinate system rotated by 0 degree(s)
13:35:26: [INFO] Adding track segment (B.Cu): [(126365000, 94932500), (126365000, 100072500)]
13:35:26: [INFO] Adding track segment (B.Cu): [(126365000, 100072500), (128905000, 102612500)]
13:35:26: [INFO] Routing SW31 with D31
13:35:26: [INFO] Using internal autorouter method
13:35:26: [INFO] Routing pad 'SW31:2' at (107315000, 94932500) with pad 'D31:2' at (109855000, 102612500) using coordinate system rotated by 0 degree(s)
13:35:26: [INFO] Adding track segment (B.Cu): [(107315000, 94932500), (107315000, 100072500)]
13:35:26: [INFO] Adding track segment (B.Cu): [(107315000, 100072500), (109855000, 102612500)]
13:35:26: [INFO] Routing SW30 with D30
13:35:26: [INFO] Using internal autorouter method
13:35:26: [INFO] Routing pad 'SW30:2' at (83502500, 94932500) with pad 'D30:2' at (86042500, 102612500) using coordinate system rotated by 0 degree(s)
13:35:26: [INFO] Adding track segment (B.Cu): [(83502500, 94932500), (83502500, 100072500)]
13:35:26: [INFO] Adding track segment (B.Cu): [(83502500, 100072500), (86042500, 102612500)]
13:35:26: [INFO] Routing SW29a with D29
13:35:26: [INFO] Using internal autorouter method
13:35:26: [INFO] Routing pad 'SW29a:2' at (326390000, 75882500) with pad 'D29:2' at (338455000, 83562500) using coordinate system rotated by 0 degree(s)
13:35:26: [INFO] Routing SW29 with D29
13:35:26: [INFO] Using internal autorouter method
13:35:26: [INFO] Routing pad 'SW29:2' at (335915000, 75882500) with pad 'D29:2' at (338455000, 83562500) using coordinate system rotated by 0 degree(s)
13:35:26: [INFO] Adding track segment (B.Cu): [(335915000, 75882500), (335915000, 81022500)]
13:35:26: [INFO] Adding track segment (B.Cu): [(335915000, 81022500), (338455000, 83562500)]
13:35:26: [INFO] Routing SW28 with D28
13:35:26: [INFO] Using internal autorouter method
13:35:26: [INFO] Routing pad 'SW28:2' at (307340000, 75882500) with pad 'D28:2' at (309880000, 83562500) using coordinate system rotated by 0 degree(s)
13:35:26: [INFO] Adding track segment (B.Cu): [(307340000, 75882500), (307340000, 81022500)]
13:35:26: [INFO] Adding track segment (B.Cu): [(307340000, 81022500), (309880000, 83562500)]
13:35:26: [INFO] Routing SW27 with D27
13:35:26: [INFO] Using internal autorouter method
13:35:26: [INFO] Routing pad 'SW27:2' at (288290000, 75882500) with pad 'D27:2' at (290830000, 83562500) using coordinate system rotated by 0 degree(s)
13:35:26: [INFO] Adding track segment (B.Cu): [(288290000, 75882500), (288290000, 81022500)]
13:35:26: [INFO] Adding track segment (B.Cu): [(288290000, 81022500), (290830000, 83562500)]
13:35:26: [INFO] Routing SW26 with D26
13:35:26: [INFO] Using internal autorouter method
13:35:26: [INFO] Routing pad 'SW26:2' at (269240000, 75882500) with pad 'D26:2' at (271780000, 83562500) using coordinate system rotated by 0 degree(s)
13:35:26: [INFO] Adding track segment (B.Cu): [(269240000, 75882500), (269240000, 81022500)]
13:35:26: [INFO] Adding track segment (B.Cu): [(269240000, 81022500), (271780000, 83562500)]
13:35:26: [INFO] Routing SW25 with D25
13:35:26: [INFO] Using internal autorouter method
13:35:26: [INFO] Routing pad 'SW25:2' at (250190000, 75882500) with pad 'D25:2' at (252730000, 83562500) using coordinate system rotated by 0 degree(s)
13:35:26: [INFO] Adding track segment (B.Cu): [(250190000, 75882500), (250190000, 81022500)]
13:35:26: [INFO] Adding track segment (B.Cu): [(250190000, 81022500), (252730000, 83562500)]
13:35:26: [INFO] Routing SW24 with D24
13:35:26: [INFO] Using internal autorouter method
13:35:26: [INFO] Routing pad 'SW24:2' at (231140000, 75882500) with pad 'D24:2' at (233680000, 83562500) using coordinate system rotated by 0 degree(s)
13:35:26: [INFO] Adding track segment (B.Cu): [(231140000, 75882500), (231140000, 81022500)]
13:35:26: [INFO] Adding track segment (B.Cu): [(231140000, 81022500), (233680000, 83562500)]
13:35:26: [INFO] Routing SW23 with D23
13:35:26: [INFO] Using internal autorouter method
13:35:26: [INFO] Routing pad 'SW23:2' at (212090000, 75882500) with pad 'D23:2' at (214630000, 83562500) using coordinate system rotated by 0 degree(s)
13:35:26: [INFO] Adding track segment (B.Cu): [(212090000, 75882500), (212090000, 81022500)]
13:35:26: [INFO] Adding track segment (B.Cu): [(212090000, 81022500), (214630000, 83562500)]
13:35:26: [INFO] Routing SW22 with D22
13:35:26: [INFO] Using internal autorouter method
13:35:26: [INFO] Routing pad 'SW22:2' at (193040000, 75882500) with pad 'D22:2' at (195580000, 83562500) using coordinate system rotated by 0 degree(s)
13:35:26: [INFO] Adding track segment (B.Cu): [(193040000, 75882500), (193040000, 81022500)]
13:35:26: [INFO] Adding track segment (B.Cu): [(193040000, 81022500), (195580000, 83562500)]
13:35:26: [INFO] Routing SW21 with D21
13:35:26: [INFO] Using internal autorouter method
13:35:26: [INFO] Routing pad 'SW21:2' at (173990000, 75882500) with pad 'D21:2' at (176530000, 83562500) using coordinate system rotated by 0 degree(s)
13:35:26: [INFO] Adding track segment (B.Cu): [(173990000, 75882500), (173990000, 81022500)]
13:35:26: [INFO] Adding track segment (B.Cu): [(173990000, 81022500), (176530000, 83562500)]
13:35:26: [INFO] Routing SW20 with D20
13:35:26: [INFO] Using internal autorouter method
13:35:26: [INFO] Routing pad 'SW20:2' at (154940000, 75882500) with pad 'D20:2' at (157480000, 83562500) using coordinate system rotated by 0 degree(s)
13:35:26: [INFO] Adding track segment (B.Cu): [(154940000, 75882500), (154940000, 81022500)]
13:35:26: [INFO] Adding track segment (B.Cu): [(154940000, 81022500), (157480000, 83562500)]
13:35:26: [INFO] Routing SW19 with D19
13:35:26: [INFO] Using internal autorouter method
13:35:26: [INFO] Routing pad 'SW19:2' at (135890000, 75882500) with pad 'D19:2' at (138430000, 83562500) using coordinate system rotated by 0 degree(s)
13:35:26: [INFO] Adding track segment (B.Cu): [(135890000, 75882500), (135890000, 81022500)]
13:35:26: [INFO] Adding track segment (B.Cu): [(135890000, 81022500), (138430000, 83562500)]
13:35:26: [INFO] Routing SW18 with D18
13:35:26: [INFO] Using internal autorouter method
13:35:26: [INFO] Routing pad 'SW18:2' at (116840000, 75882500) with pad 'D18:2' at (119380000, 83562500) using coordinate system rotated by 0 degree(s)
13:35:26: [INFO] Adding track segment (B.Cu): [(116840000, 75882500), (116840000, 81022500)]
13:35:26: [INFO] Adding track segment (B.Cu): [(116840000, 81022500), (119380000, 83562500)]
13:35:26: [INFO] Routing SW17 with D17
13:35:26: [INFO] Using internal autorouter method
13:35:26: [INFO] Routing pad 'SW17:2' at (97790000, 75882500) with pad 'D17:2' at (100330000, 83562500) using coordinate system rotated by 0 degree(s)
13:35:26: [INFO] Adding track segment (B.Cu): [(97790000, 75882500), (97790000, 81022500)]
13:35:26: [INFO] Adding track segment (B.Cu): [(97790000, 81022500), (100330000, 83562500)]
13:35:26: [INFO] Routing SW16 with D16
13:35:26: [INFO] Using internal autorouter method
13:35:26: [INFO] Routing pad 'SW16:2' at (78740000, 75882500) with pad 'D16:2' at (81280000, 83562500) using coordinate system rotated by 0 degree(s)
13:35:26: [INFO] Adding track segment (B.Cu): [(78740000, 75882500), (78740000, 81022500)]
13:35:26: [INFO] Adding track segment (B.Cu): [(78740000, 81022500), (81280000, 83562500)]
13:35:26: [INFO] Routing SW15 with D15
13:35:26: [INFO] Using internal autorouter method
13:35:26: [INFO] Routing pad 'SW15:2' at (369252500, 71120000) with pad 'D15:2' at (371792500, 78800000) using coordinate system rotated by 0 degree(s)
13:35:26: [INFO] Adding track segment (B.Cu): [(369252500, 71120000), (369252500, 76260000)]
13:35:26: [INFO] Adding track segment (B.Cu): [(369252500, 76260000), (371792500, 78800000)]
13:35:26: [INFO] Routing SW14 with D14
13:35:26: [INFO] Using internal autorouter method
13:35:26: [INFO] Routing pad 'SW14:2' at (345440000, 52070000) with pad 'D14:2' at (347980000, 59750000) using coordinate system rotated by 0 degree(s)
13:35:26: [INFO] Adding track segment (B.Cu): [(345440000, 52070000), (345440000, 57210000)]
13:35:26: [INFO] Adding track segment (B.Cu): [(345440000, 57210000), (347980000, 59750000)]
13:35:26: [INFO] Routing SW13 with D13
13:35:26: [INFO] Using internal autorouter method
13:35:26: [INFO] Routing pad 'SW13:2' at (321627500, 52070000) with pad 'D13:2' at (324167500, 59750000) using coordinate system rotated by 0 degree(s)
13:35:26: [INFO] Adding track segment (B.Cu): [(321627500, 52070000), (321627500, 57210000)]
13:35:26: [INFO] Adding track segment (B.Cu): [(321627500, 57210000), (324167500, 59750000)]
13:35:26: [INFO] Routing SW12 with D12
13:35:26: [INFO] Using internal autorouter method
13:35:26: [INFO] Routing pad 'SW12:2' at (302577500, 52070000) with pad 'D12:2' at (305117500, 59750000) using coordinate system rotated by 0 degree(s)
13:35:26: [INFO] Adding track segment (B.Cu): [(302577500, 52070000), (302577500, 57210000)]
13:35:26: [INFO] Adding track segment (B.Cu): [(302577500, 57210000), (305117500, 59750000)]
13:35:26: [INFO] Routing SW11 with D11
13:35:26: [INFO] Using internal autorouter method
13:35:26: [INFO] Routing pad 'SW11:2' at (283527500, 52070000) with pad 'D11:2' at (286067500, 59750000) using coordinate system rotated by 0 degree(s)
13:35:26: [INFO] Adding track segment (B.Cu): [(283527500, 52070000), (283527500, 57210000)]
13:35:26: [INFO] Adding track segment (B.Cu): [(283527500, 57210000), (286067500, 59750000)]
13:35:26: [INFO] Routing SW10 with D10
13:35:26: [INFO] Using internal autorouter method
13:35:26: [INFO] Routing pad 'SW10:2' at (264477500, 52070000) with pad 'D10:2' at (267017500, 59750000) using coordinate system rotated by 0 degree(s)
13:35:26: [INFO] Adding track segment (B.Cu): [(264477500, 52070000), (264477500, 57210000)]
13:35:26: [INFO] Adding track segment (B.Cu): [(264477500, 57210000), (267017500, 59750000)]
13:35:26: [INFO] Routing SW9 with D9
13:35:26: [INFO] Using internal autorouter method
13:35:26: [INFO] Routing pad 'SW9:2' at (240665000, 52070000) with pad 'D9:2' at (243205000, 59750000) using coordinate system rotated by 0 degree(s)
13:35:26: [INFO] Adding track segment (B.Cu): [(240665000, 52070000), (240665000, 57210000)]
13:35:26: [INFO] Adding track segment (B.Cu): [(240665000, 57210000), (243205000, 59750000)]
13:35:26: [INFO] Routing SW8 with D8
13:35:26: [INFO] Using internal autorouter method
13:35:26: [INFO] Routing pad 'SW8:2' at (221615000, 52070000) with pad 'D8:2' at (224155000, 59750000) using coordinate system rotated by 0 degree(s)
13:35:26: [INFO] Adding track segment (B.Cu): [(221615000, 52070000), (221615000, 57210000)]
13:35:26: [INFO] Adding track segment (B.Cu): [(221615000, 57210000), (224155000, 59750000)]
13:35:26: [INFO] Routing SW7 with D7
13:35:26: [INFO] Using internal autorouter method
13:35:26: [INFO] Routing pad 'SW7:2' at (202565000, 52070000) with pad 'D7:2' at (205105000, 59750000) using coordinate system rotated by 0 degree(s)
13:35:26: [INFO] Adding track segment (B.Cu): [(202565000, 52070000), (202565000, 57210000)]
13:35:26: [INFO] Adding track segment (B.Cu): [(202565000, 57210000), (205105000, 59750000)]
13:35:26: [INFO] Routing SW6 with D6
13:35:26: [INFO] Using internal autorouter method
13:35:26: [INFO] Routing pad 'SW6:2' at (183515000, 52070000) with pad 'D6:2' at (186055000, 59750000) using coordinate system rotated by 0 degree(s)
13:35:26: [INFO] Adding track segment (B.Cu): [(183515000, 52070000), (183515000, 57210000)]
13:35:26: [INFO] Adding track segment (B.Cu): [(183515000, 57210000), (186055000, 59750000)]
13:35:26: [INFO] Routing SW5 with D5
13:35:26: [INFO] Using internal autorouter method
13:35:26: [INFO] Routing pad 'SW5:2' at (159702500, 52070000) with pad 'D5:2' at (162242500, 59750000) using coordinate system rotated by 0 degree(s)
13:35:26: [INFO] Adding track segment (B.Cu): [(159702500, 52070000), (159702500, 57210000)]
13:35:26: [INFO] Adding track segment (B.Cu): [(159702500, 57210000), (162242500, 59750000)]
13:35:26: [INFO] Routing SW4 with D4
13:35:26: [INFO] Using internal autorouter method
13:35:26: [INFO] Routing pad 'SW4:2' at (140652500, 52070000) with pad 'D4:2' at (143192500, 59750000) using coordinate system rotated by 0 degree(s)
13:35:26: [INFO] Adding track segment (B.Cu): [(140652500, 52070000), (140652500, 57210000)]
13:35:26: [INFO] Adding track segment (B.Cu): [(140652500, 57210000), (143192500, 59750000)]
13:35:26: [INFO] Routing SW3 with D3
13:35:26: [INFO] Using internal autorouter method
13:35:26: [INFO] Routing pad 'SW3:2' at (121602500, 52070000) with pad 'D3:2' at (124142500, 59750000) using coordinate system rotated by 0 degree(s)
13:35:26: [INFO] Adding track segment (B.Cu): [(121602500, 52070000), (121602500, 57210000)]
13:35:26: [INFO] Adding track segment (B.Cu): [(121602500, 57210000), (124142500, 59750000)]
13:35:26: [INFO] Routing SW2 with D2
13:35:26: [INFO] Using internal autorouter method
13:35:26: [INFO] Routing pad 'SW2:2' at (102552500, 52070000) with pad 'D2:2' at (105092500, 59750000) using coordinate system rotated by 0 degree(s)
13:35:26: [INFO] Adding track segment (B.Cu): [(102552500, 52070000), (102552500, 57210000)]
13:35:26: [INFO] Adding track segment (B.Cu): [(102552500, 57210000), (105092500, 59750000)]
13:35:26: [INFO] Routing SW1 with D1
13:35:26: [INFO] Using internal autorouter method
13:35:26: [INFO] Routing pad 'SW1:2' at (78740000, 52070000) with pad 'D1:2' at (81280000, 59750000) using coordinate system rotated by 0 degree(s)
13:35:26: [INFO] Adding track segment (B.Cu): [(78740000, 52070000), (78740000, 57210000)]
13:35:27: [INFO] Adding track segment (B.Cu): [(78740000, 57210000), (81280000, 59750000)]
13:35:27: [INFO] Routing COL2 pads
13:35:27: [INFO] Routing pad 'SW18:1' at (110490000, 78422500) with pad 'SW3:1' at (115252500, 54610000) using coordinate system rotated by 0 degree(s)
13:35:27: [INFO] Adding track segment (F.Cu): [(110490000, 78422500), (115252500, 73660000)]
13:35:27: [INFO] Adding track segment (F.Cu): [(115252500, 73660000), (115252500, 54610000)]
13:35:27: [INFO] Routing pad 'SW48:1' at (124777500, 116522500) with pad 'SW64:1' at (115252500, 135572500) using coordinate system rotated by 0 degree(s)
13:35:27: [INFO] Adding track segment (F.Cu): [(124777500, 116522500), (124777500, 126047500)]
13:35:27: [INFO] Adding track segment (F.Cu): [(124777500, 126047500), (115252500, 135572500)]
13:35:27: [INFO] Routing pad 'SW18:1' at (110490000, 78422500) with pad 'SW32:1' at (120015000, 97472500) using coordinate system rotated by 0 degree(s)
13:35:27: [INFO] Adding track segment (F.Cu): [(110490000, 78422500), (110490000, 87947500)]
13:35:27: [INFO] Adding track segment (F.Cu): [(110490000, 87947500), (120015000, 97472500)]
13:35:27: [INFO] Routing pad 'SW64:1' at (115252500, 135572500) with pad 'SW79:1' at (122396250, 154622500) using coordinate system rotated by 0 degree(s)
13:35:27: [INFO] Adding track segment (F.Cu): [(115252500, 135572500), (115252500, 147478750)]
13:35:27: [INFO] Adding track segment (F.Cu): [(115252500, 147478750), (122396250, 154622500)]
13:35:27: [INFO] Routing pad 'SW32:1' at (120015000, 97472500) with pad 'SW48:1' at (124777500, 116522500) using coordinate system rotated by 0 degree(s)
13:35:27: [INFO] Adding track segment (F.Cu): [(120015000, 97472500), (120015000, 111760000)]
13:35:27: [INFO] Adding track segment (F.Cu): [(120015000, 111760000), (124777500, 116522500)]
13:35:27: [INFO] Routing ROW3 pads
13:35:27: [INFO] Routing pad 'D46:1' at (88423750, 124462500) with pad 'D47:1' at (114617500, 124462500) using coordinate system rotated by 0 degree(s)
13:35:27: [INFO] Adding track segment (B.Cu): [(88423750, 124462500), (114617500, 124462500)]
13:35:27: [INFO] Routing pad 'D47:1' at (114617500, 124462500) with pad 'D48:1' at (133667500, 124462500) using coordinate system rotated by 0 degree(s)
13:35:27: [INFO] Adding track segment (B.Cu): [(114617500, 124462500), (133667500, 124462500)]
13:35:27: [INFO] Routing pad 'D48:1' at (133667500, 124462500) with pad 'D49:1' at (152717500, 124462500) using coordinate system rotated by 0 degree(s)
13:35:27: [INFO] Adding track segment (B.Cu): [(133667500, 124462500), (152717500, 124462500)]
13:35:27: [INFO] Routing pad 'D49:1' at (152717500, 124462500) with pad 'D50:1' at (171767500, 124462500) using coordinate system rotated by 0 degree(s)
13:35:27: [INFO] Adding track segment (B.Cu): [(152717500, 124462500), (171767500, 124462500)]
13:35:27: [INFO] Routing pad 'D50:1' at (171767500, 124462500) with pad 'D51:1' at (190817500, 124462500) using coordinate system rotated by 0 degree(s)
13:35:27: [INFO] Adding track segment (B.Cu): [(171767500, 124462500), (190817500, 124462500)]
13:35:27: [INFO] Routing pad 'D51:1' at (190817500, 124462500) with pad 'D52:1' at (209867500, 124462500) using coordinate system rotated by 0 degree(s)
13:35:27: [INFO] Adding track segment (B.Cu): [(190817500, 124462500), (209867500, 124462500)]
13:35:27: [INFO] Routing pad 'D52:1' at (209867500, 124462500) with pad 'D53:1' at (228917500, 124462500) using coordinate system rotated by 0 degree(s)
13:35:27: [INFO] Adding track segment (B.Cu): [(209867500, 124462500), (228917500, 124462500)]
13:35:27: [INFO] Routing pad 'D53:1' at (228917500, 124462500) with pad 'D54:1' at (247967500, 124462500) using coordinate system rotated by 0 degree(s)
13:35:27: [INFO] Adding track segment (B.Cu): [(228917500, 124462500), (247967500, 124462500)]
13:35:27: [INFO] Routing pad 'D54:1' at (247967500, 124462500) with pad 'D55:1' at (267017500, 124462500) using coordinate system rotated by 0 degree(s)
13:35:27: [INFO] Adding track segment (B.Cu): [(247967500, 124462500), (267017500, 124462500)]
13:35:27: [INFO] Routing pad 'D55:1' at (267017500, 124462500) with pad 'D56:1' at (286067500, 124462500) using coordinate system rotated by 0 degree(s)
13:35:27: [INFO] Adding track segment (B.Cu): [(267017500, 124462500), (286067500, 124462500)]
13:35:27: [INFO] Routing pad 'D56:1' at (286067500, 124462500) with pad 'D57:1' at (305117500, 124462500) using coordinate system rotated by 0 degree(s)
13:35:27: [INFO] Adding track segment (B.Cu): [(286067500, 124462500), (305117500, 124462500)]
13:35:27: [INFO] Routing pad 'D57:1' at (305117500, 124462500) with pad 'D58:1' at (336073750, 124462500) using coordinate system rotated by 0 degree(s)
13:35:27: [INFO] Adding track segment (B.Cu): [(305117500, 124462500), (336073750, 124462500)]
13:35:27: [INFO] Routing pad 'D58:1' at (336073750, 124462500) with pad 'D59:1' at (347980000, 86362500) using coordinate system rotated by 0 degree(s)
13:35:27: [INFO] Adding track segment (B.Cu): [(336073750, 124462500), (347980000, 112556250)]
13:35:27: [INFO] Adding track segment (B.Cu): [(347980000, 112556250), (347980000, 86362500)]
13:35:27: [INFO] Routing pad 'D58:1' at (336073750, 124462500) with pad 'D60:1' at (371792500, 124462500) using coordinate system rotated by 0 degree(s)
13:35:27: [INFO] Adding track segment (B.Cu): [(336073750, 124462500), (371792500, 124462500)]
13:35:27: [INFO] Routing pad 'D60:1' at (371792500, 124462500) with pad 'D61:1' at (390842500, 124462500) using coordinate system rotated by 0 degree(s)
13:35:27: [INFO] Adding track segment (B.Cu): [(371792500, 124462500), (390842500, 124462500)]
13:35:27: [INFO] Routing ROW2 pads
13:35:27: [INFO] Routing pad 'D30:1' at (86042500, 105412500) with pad 'D31:1' at (109855000, 105412500) using coordinate system rotated by 0 degree(s)
13:35:27: [INFO] Adding track segment (B.Cu): [(86042500, 105412500), (109855000, 105412500)]
13:35:27: [INFO] Routing pad 'D31:1' at (109855000, 105412500) with pad 'D32:1' at (128905000, 105412500) using coordinate system rotated by 0 degree(s)
13:35:27: [INFO] Adding track segment (B.Cu): [(109855000, 105412500), (128905000, 105412500)]
13:35:27: [INFO] Routing pad 'D32:1' at (128905000, 105412500) with pad 'D33:1' at (147955000, 105412500) using coordinate system rotated by 0 degree(s)
13:35:27: [INFO] Adding track segment (B.Cu): [(128905000, 105412500), (147955000, 105412500)]
13:35:27: [INFO] Routing pad 'D33:1' at (147955000, 105412500) with pad 'D34:1' at (167005000, 105412500) using coordinate system rotated by 0 degree(s)
13:35:27: [INFO] Adding track segment (B.Cu): [(147955000, 105412500), (167005000, 105412500)]
13:35:27: [INFO] Routing pad 'D34:1' at (167005000, 105412500) with pad 'D35:1' at (186055000, 105412500) using coordinate system rotated by 0 degree(s)
13:35:27: [INFO] Adding track segment (B.Cu): [(167005000, 105412500), (186055000, 105412500)]
13:35:27: [INFO] Routing pad 'D35:1' at (186055000, 105412500) with pad 'D36:1' at (205105000, 105412500) using coordinate system rotated by 0 degree(s)
13:35:27: [INFO] Adding track segment (B.Cu): [(186055000, 105412500), (205105000, 105412500)]
13:35:27: [INFO] Routing pad 'D36:1' at (205105000, 105412500) with pad 'D37:1' at (224155000, 105412500) using coordinate system rotated by 0 degree(s)
13:35:27: [INFO] Adding track segment (B.Cu): [(205105000, 105412500), (224155000, 105412500)]
13:35:27: [INFO] Routing pad 'D37:1' at (224155000, 105412500) with pad 'D38:1' at (243205000, 105412500) using coordinate system rotated by 0 degree(s)
13:35:27: [INFO] Adding track segment (B.Cu): [(224155000, 105412500), (243205000, 105412500)]
13:35:27: [INFO] Routing pad 'D38:1' at (243205000, 105412500) with pad 'D39:1' at (262255000, 105412500) using coordinate system rotated by 0 degree(s)
13:35:27: [INFO] Adding track segment (B.Cu): [(243205000, 105412500), (262255000, 105412500)]
13:35:27: [INFO] Routing pad 'D39:1' at (262255000, 105412500) with pad 'D40:1' at (281305000, 105412500) using coordinate system rotated by 0 degree(s)
13:35:27: [INFO] Adding track segment (B.Cu): [(262255000, 105412500), (281305000, 105412500)]
13:35:27: [INFO] Routing pad 'D40:1' at (281305000, 105412500) with pad 'D41:1' at (300355000, 105412500) using coordinate system rotated by 0 degree(s)
13:35:27: [INFO] Adding track segment (B.Cu): [(281305000, 105412500), (300355000, 105412500)]
13:35:27: [INFO] Routing pad 'D41:1' at (300355000, 105412500) with pad 'D42:1' at (319405000, 105412500) using coordinate system rotated by 0 degree(s)
13:35:27: [INFO] Adding track segment (B.Cu): [(300355000, 105412500), (319405000, 105412500)]
13:35:27: [INFO] Routing pad 'D42:1' at (319405000, 105412500) with pad 'D43:1' at (343217500, 105412500) using coordinate system rotated by 0 degree(s)
13:35:27: [INFO] Adding track segment (B.Cu): [(319405000, 105412500), (343217500, 105412500)]
13:35:27: [INFO] Routing pad 'D43:1' at (343217500, 105412500) with pad 'D44:1' at (371792500, 105412500) using coordinate system rotated by 0 degree(s)
13:35:27: [INFO] Adding track segment (B.Cu): [(343217500, 105412500), (371792500, 105412500)]
13:35:27: [INFO] Could not add track segment due to detected collision
13:35:27: [INFO] Routing pad 'D44:1' at (371792500, 105412500) with pad 'D45:1' at (390842500, 105412500) using coordinate system rotated by 0 degree(s)
13:35:27: [INFO] Adding track segment (B.Cu): [(371792500, 105412500), (390842500, 105412500)]
13:35:27: [INFO] Routing COL0 pads
13:35:27: [INFO] Routing pad 'SW1:1' at (72390000, 54610000) with pad 'SW16:1' at (72390000, 78422500) using coordinate system rotated by 0 degree(s)
13:35:27: [INFO] Adding track segment (F.Cu): [(72390000, 54610000), (72390000, 78422500)]
13:35:27: [INFO] Routing pad 'SW46:1' at (79533750, 116522500) with pad 'SW62a:1' at (74771250, 135572500) using coordinate system rotated by 0 degree(s)
13:35:27: [INFO] Adding track segment (F.Cu): [(79533750, 116522500), (79533750, 130810000)]
13:35:27: [INFO] Adding track segment (F.Cu): [(79533750, 130810000), (74771250, 135572500)]
13:35:27: [INFO] Routing pad 'SW62a:1' at (74771250, 135572500) with pad 'SW77:1' at (74771250, 154622500) using coordinate system rotated by 0 degree(s)
13:35:27: [INFO] Adding track segment (F.Cu): [(74771250, 135572500), (74771250, 154622500)]
13:35:27: [INFO] Could not add track segment due to detected collision
13:35:27: [INFO] Routing pad 'SW16:1' at (72390000, 78422500) with pad 'SW30:1' at (77152500, 97472500) using coordinate system rotated by 0 degree(s)
13:35:27: [INFO] Adding track segment (F.Cu): [(72390000, 78422500), (72390000, 92710000)]
13:35:27: [INFO] Adding track segment (F.Cu): [(72390000, 92710000), (77152500, 97472500)]
13:35:27: [INFO] Routing pad 'SW30:1' at (77152500, 97472500) with pad 'SW46:1' at (79533750, 116522500) using coordinate system rotated by 0 degree(s)
13:35:27: [INFO] Adding track segment (F.Cu): [(77152500, 97472500), (77152500, 114141250)]
13:35:27: [INFO] Adding track segment (F.Cu): [(77152500, 114141250), (79533750, 116522500)]
13:35:27: [INFO] Routing pad 'SW62a:1' at (74771250, 135572500) with pad 'SW62:1' at (84296250, 135572500) using coordinate system rotated by 0 degree(s)
13:35:27: [INFO] Adding track segment (F.Cu): [(74771250, 135572500), (84296250, 135572500)]
13:35:27: [INFO] Routing ROW1 pads
13:35:27: [INFO] Routing pad 'D16:1' at (81280000, 86362500) with pad 'D17:1' at (100330000, 86362500) using coordinate system rotated by 0 degree(s)
13:35:27: [INFO] Adding track segment (B.Cu): [(81280000, 86362500), (100330000, 86362500)]
13:35:27: [INFO] Routing pad 'D17:1' at (100330000, 86362500) with pad 'D18:1' at (119380000, 86362500) using coordinate system rotated by 0 degree(s)
13:35:27: [INFO] Adding track segment (B.Cu): [(100330000, 86362500), (119380000, 86362500)]
13:35:27: [INFO] Routing pad 'D18:1' at (119380000, 86362500) with pad 'D19:1' at (138430000, 86362500) using coordinate system rotated by 0 degree(s)
13:35:27: [INFO] Adding track segment (B.Cu): [(119380000, 86362500), (138430000, 86362500)]
13:35:27: [INFO] Routing pad 'D19:1' at (138430000, 86362500) with pad 'D20:1' at (157480000, 86362500) using coordinate system rotated by 0 degree(s)
13:35:27: [INFO] Adding track segment (B.Cu): [(138430000, 86362500), (157480000, 86362500)]
13:35:27: [INFO] Routing pad 'D20:1' at (157480000, 86362500) with pad 'D21:1' at (176530000, 86362500) using coordinate system rotated by 0 degree(s)
13:35:27: [INFO] Adding track segment (B.Cu): [(157480000, 86362500), (176530000, 86362500)]
13:35:27: [INFO] Routing pad 'D21:1' at (176530000, 86362500) with pad 'D22:1' at (195580000, 86362500) using coordinate system rotated by 0 degree(s)
13:35:27: [INFO] Adding track segment (B.Cu): [(176530000, 86362500), (195580000, 86362500)]
13:35:27: [INFO] Routing pad 'D22:1' at (195580000, 86362500) with pad 'D23:1' at (214630000, 86362500) using coordinate system rotated by 0 degree(s)
13:35:27: [INFO] Adding track segment (B.Cu): [(195580000, 86362500), (214630000, 86362500)]
13:35:27: [INFO] Routing pad 'D23:1' at (214630000, 86362500) with pad 'D24:1' at (233680000, 86362500) using coordinate system rotated by 0 degree(s)
13:35:27: [INFO] Adding track segment (B.Cu): [(214630000, 86362500), (233680000, 86362500)]
13:35:27: [INFO] Routing pad 'D24:1' at (233680000, 86362500) with pad 'D25:1' at (252730000, 86362500) using coordinate system rotated by 0 degree(s)
13:35:27: [INFO] Adding track segment (B.Cu): [(233680000, 86362500), (252730000, 86362500)]
13:35:27: [INFO] Routing pad 'D25:1' at (252730000, 86362500) with pad 'D26:1' at (271780000, 86362500) using coordinate system rotated by 0 degree(s)
13:35:27: [INFO] Adding track segment (B.Cu): [(252730000, 86362500), (271780000, 86362500)]
13:35:27: [INFO] Routing pad 'D26:1' at (271780000, 86362500) with pad 'D27:1' at (290830000, 86362500) using coordinate system rotated by 0 degree(s)
13:35:27: [INFO] Adding track segment (B.Cu): [(271780000, 86362500), (290830000, 86362500)]
13:35:27: [INFO] Routing pad 'D27:1' at (290830000, 86362500) with pad 'D28:1' at (309880000, 86362500) using coordinate system rotated by 0 degree(s)
13:35:27: [INFO] Adding track segment (B.Cu): [(290830000, 86362500), (309880000, 86362500)]
13:35:27: [INFO] Routing pad 'D28:1' at (309880000, 86362500) with pad 'D29:1' at (338455000, 86362500) using coordinate system rotated by 0 degree(s)
13:35:27: [INFO] Adding track segment (B.Cu): [(309880000, 86362500), (338455000, 86362500)]
13:35:27: [INFO] Routing COL3 pads
13:35:27: [INFO] Routing pad 'SW19:1' at (129540000, 78422500) with pad 'SW4:1' at (134302500, 54610000) using coordinate system rotated by 0 degree(s)
13:35:27: [INFO] Adding track segment (F.Cu): [(129540000, 78422500), (134302500, 73660000)]
13:35:27: [INFO] Adding track segment (F.Cu): [(134302500, 73660000), (134302500, 54610000)]
13:35:27: [INFO] Routing pad 'SW49:1' at (143827500, 116522500) with pad 'SW65:1' at (134302500, 135572500) using coordinate system rotated by 0 degree(s)
13:35:27: [INFO] Adding track segment (F.Cu): [(143827500, 116522500), (143827500, 126047500)]
13:35:27: [INFO] Adding track segment (F.Cu): [(143827500, 126047500), (134302500, 135572500)]
13:35:27: [INFO] Routing pad 'SW19:1' at (129540000, 78422500) with pad 'SW33:1' at (139065000, 97472500) using coordinate system rotated by 0 degree(s)
13:35:27: [INFO] Adding track segment (F.Cu): [(129540000, 78422500), (129540000, 87947500)]
13:35:27: [INFO] Adding track segment (F.Cu): [(129540000, 87947500), (139065000, 97472500)]
13:35:27: [INFO] Routing pad 'SW33:1' at (139065000, 97472500) with pad 'SW49:1' at (143827500, 116522500) using coordinate system rotated by 0 degree(s)
13:35:27: [INFO] Adding track segment (F.Cu): [(139065000, 97472500), (139065000, 111760000)]
13:35:27: [INFO] Adding track segment (F.Cu): [(139065000, 111760000), (143827500, 116522500)]
13:35:27: [INFO] Routing pad 'SW49:1' at (143827500, 116522500) with pad 'SW80:1' at (362902500, 54610000) using coordinate system rotated by 0 degree(s)
13:35:27: [INFO] Routing COL12 pads
13:35:27: [INFO] Routing pad 'SW28:1' at (300990000, 78422500) with pad 'SW42:1' at (310515000, 97472500) using coordinate system rotated by 0 degree(s)
13:35:27: [INFO] Adding track segment (F.Cu): [(300990000, 78422500), (300990000, 87947500)]
13:35:27: [INFO] Adding track segment (F.Cu): [(300990000, 87947500), (310515000, 97472500)]
13:35:27: [INFO] Routing pad 'SW74:1' at (322421250, 135572500) with pad 'SW74a:1' at (312896250, 135572500) using coordinate system rotated by 0 degree(s)
13:35:27: [INFO] Adding track segment (F.Cu): [(322421250, 135572500), (312896250, 135572500)]
13:35:27: [INFO] Routing pad 'SW74a:1' at (312896250, 135572500) with pad 'SW87:1' at (312896250, 154622500) using coordinate system rotated by 0 degree(s)
13:35:27: [INFO] Adding track segment (F.Cu): [(312896250, 135572500), (312896250, 154622500)]
13:35:27: [INFO] Could not add track segment due to detected collision
13:35:27: [INFO] Routing pad 'SW28:1' at (300990000, 78422500) with pad 'SW13:1' at (315277500, 54610000) using coordinate system rotated by 0 degree(s)
13:35:27: [INFO] Adding track segment (F.Cu): [(300990000, 78422500), (315277500, 64135000)]
13:35:27: [INFO] Adding track segment (F.Cu): [(315277500, 64135000), (315277500, 54610000)]
13:35:27: [INFO] Routing pad 'SW58:1' at (327183750, 116522500) with pad 'SW74:1' at (322421250, 135572500) using coordinate system rotated by 0 degree(s)
13:35:27: [INFO] Adding track segment (F.Cu): [(327183750, 116522500), (327183750, 130810000)]
13:35:27: [INFO] Adding track segment (F.Cu): [(327183750, 130810000), (322421250, 135572500)]
13:35:27: [INFO] Routing pad 'SW42:1' at (310515000, 97472500) with pad 'SW58:1' at (327183750, 116522500) using coordinate system rotated by 0 degree(s)
13:35:27: [INFO] Adding track segment (F.Cu): [(310515000, 97472500), (310515000, 99853750)]
13:35:27: [INFO] Adding track segment (F.Cu): [(310515000, 99853750), (327183750, 116522500)]
13:35:27: [INFO] Routing COL15 pads
13:35:27: [INFO] Routing pad 'SW45:1' at (381952500, 97472500) with pad 'SW61:1' at (381952500, 116522500) using coordinate system rotated by 0 degree(s)
13:35:27: [INFO] Adding track segment (F.Cu): [(381952500, 97472500), (381952500, 116522500)]
13:35:27: [INFO] Routing pad 'SW61:1' at (381952500, 116522500) with pad 'SW90:1' at (381952500, 159385000) using coordinate system rotated by 0 degree(s)
13:35:27: [INFO] Adding track segment (F.Cu): [(381952500, 116522500), (381952500, 159385000)]
13:35:27: [INFO] Routing ROW4 pads
13:35:27: [INFO] Routing pad 'D62:1' at (93186250, 143512500) with pad 'D63:1' at (105092500, 143512500) using coordinate system rotated by 0 degree(s)
13:35:27: [INFO] Adding track segment (B.Cu): [(93186250, 143512500), (105092500, 143512500)]
13:35:27: [INFO] Routing pad 'D63:1' at (105092500, 143512500) with pad 'D64:1' at (124142500, 143512500) using coordinate system rotated by 0 degree(s)
13:35:27: [INFO] Adding track segment (B.Cu): [(105092500, 143512500), (124142500, 143512500)]
13:35:27: [INFO] Routing pad 'D64:1' at (124142500, 143512500) with pad 'D65:1' at (143192500, 143512500) using coordinate system rotated by 0 degree(s)
13:35:27: [INFO] Adding track segment (B.Cu): [(124142500, 143512500), (143192500, 143512500)]
13:35:27: [INFO] Routing pad 'D65:1' at (143192500, 143512500) with pad 'D66:1' at (162242500, 143512500) using coordinate system rotated by 0 degree(s)
13:35:27: [INFO] Adding track segment (B.Cu): [(143192500, 143512500), (162242500, 143512500)]
13:35:27: [INFO] Routing pad 'D66:1' at (162242500, 143512500) with pad 'D67:1' at (181292500, 143512500) using coordinate system rotated by 0 degree(s)
13:35:27: [INFO] Adding track segment (B.Cu): [(162242500, 143512500), (181292500, 143512500)]
13:35:27: [INFO] Routing pad 'D67:1' at (181292500, 143512500) with pad 'D68:1' at (200342500, 143512500) using coordinate system rotated by 0 degree(s)
13:35:27: [INFO] Adding track segment (B.Cu): [(181292500, 143512500), (200342500, 143512500)]
13:35:27: [INFO] Routing pad 'D68:1' at (200342500, 143512500) with pad 'D69:1' at (219392500, 143512500) using coordinate system rotated by 0 degree(s)
13:35:27: [INFO] Adding track segment (B.Cu): [(200342500, 143512500), (219392500, 143512500)]
13:35:27: [INFO] Routing pad 'D69:1' at (219392500, 143512500) with pad 'D70:1' at (238442500, 143512500) using coordinate system rotated by 0 degree(s)
13:35:27: [INFO] Adding track segment (B.Cu): [(219392500, 143512500), (238442500, 143512500)]
13:35:27: [INFO] Routing pad 'D70:1' at (238442500, 143512500) with pad 'D71:1' at (257492500, 143512500) using coordinate system rotated by 0 degree(s)
13:35:27: [INFO] Adding track segment (B.Cu): [(238442500, 143512500), (257492500, 143512500)]
13:35:27: [INFO] Routing pad 'D71:1' at (257492500, 143512500) with pad 'D72:1' at (276542500, 143512500) using coordinate system rotated by 0 degree(s)
13:35:27: [INFO] Adding track segment (B.Cu): [(257492500, 143512500), (276542500, 143512500)]
13:35:27: [INFO] Routing pad 'D72:1' at (276542500, 143512500) with pad 'D73:1' at (295592500, 143512500) using coordinate system rotated by 0 degree(s)
13:35:27: [INFO] Adding track segment (B.Cu): [(276542500, 143512500), (295592500, 143512500)]
13:35:27: [INFO] Routing pad 'D73:1' at (295592500, 143512500) with pad 'D74:1' at (331311250, 143512500) using coordinate system rotated by 0 degree(s)
13:35:27: [INFO] Adding track segment (B.Cu): [(295592500, 143512500), (331311250, 143512500)]
13:35:27: [INFO] Routing pad 'D74:1' at (331311250, 143512500) with pad 'D75:1' at (347980000, 143512500) using coordinate system rotated by 0 degree(s)
13:35:27: [INFO] Adding track segment (B.Cu): [(331311250, 143512500), (347980000, 143512500)]
13:35:27: [INFO] Routing pad 'D75:1' at (347980000, 143512500) with pad 'D76:1' at (371792500, 148275000) using coordinate system rotated by 0 degree(s)
13:35:28: [INFO] Adding track segment (B.Cu): [(347980000, 143512500), (352742500, 148275000)]
13:35:28: [INFO] Adding track segment (B.Cu): [(352742500, 148275000), (371792500, 148275000)]
13:35:28: [INFO] Routing COL6 pads
13:35:28: [INFO] Routing pad 'SW68:1' at (191452500, 135572500) with pad 'SW83a:1' at (189071250, 154622500) using coordinate system rotated by 0 degree(s)
13:35:28: [INFO] Adding track segment (F.Cu): [(191452500, 135572500), (191452500, 152241250)]
13:35:28: [INFO] Adding track segment (F.Cu): [(191452500, 152241250), (189071250, 154622500)]
13:35:28: [INFO] Routing pad 'SW52:1' at (200977500, 116522500) with pad 'SW68:1' at (191452500, 135572500) using coordinate system rotated by 0 degree(s)
13:35:28: [INFO] Adding track segment (F.Cu): [(200977500, 116522500), (200977500, 126047500)]
13:35:28: [INFO] Adding track segment (F.Cu): [(200977500, 126047500), (191452500, 135572500)]
13:35:28: [INFO] Routing pad 'SW83a:1' at (189071250, 154622500) with pad 'SW83:1' at (193833750, 154622500) using coordinate system rotated by 0 degree(s)
13:35:28: [INFO] Adding track segment (F.Cu): [(189071250, 154622500), (193833750, 154622500)]
13:35:28: [INFO] Routing pad 'SW22:1' at (186690000, 78422500) with pad 'SW7:1' at (196215000, 54610000) using coordinate system rotated by 0 degree(s)
13:35:28: [INFO] Adding track segment (F.Cu): [(186690000, 78422500), (196215000, 68897500)]
13:35:28: [INFO] Adding track segment (F.Cu): [(196215000, 68897500), (196215000, 54610000)]
13:35:28: [INFO] Routing pad 'SW22:1' at (186690000, 78422500) with pad 'SW36:1' at (196215000, 97472500) using coordinate system rotated by 0 degree(s)
13:35:28: [INFO] Adding track segment (F.Cu): [(186690000, 78422500), (186690000, 87947500)]
13:35:28: [INFO] Adding track segment (F.Cu): [(186690000, 87947500), (196215000, 97472500)]
13:35:28: [INFO] Routing pad 'SW36:1' at (196215000, 97472500) with pad 'SW52:1' at (200977500, 116522500) using coordinate system rotated by 0 degree(s)
13:35:28: [INFO] Adding track segment (F.Cu): [(196215000, 97472500), (196215000, 111760000)]
13:35:28: [INFO] Adding track segment (F.Cu): [(196215000, 111760000), (200977500, 116522500)]
13:35:28: [INFO] Routing COL7 pads
13:35:28: [INFO] Routing pad 'SW53:1' at (220027500, 116522500) with pad 'SW69:1' at (210502500, 135572500) using coordinate system rotated by 0 degree(s)
13:35:28: [INFO] Adding track segment (F.Cu): [(220027500, 116522500), (220027500, 126047500)]
13:35:28: [INFO] Adding track segment (F.Cu): [(220027500, 126047500), (210502500, 135572500)]
13:35:28: [INFO] Routing pad 'SW23:1' at (205740000, 78422500) with pad 'SW8:1' at (215265000, 54610000) using coordinate system rotated by 0 degree(s)
13:35:28: [INFO] Adding track segment (F.Cu): [(205740000, 78422500), (215265000, 68897500)]
13:35:28: [INFO] Adding track segment (F.Cu): [(215265000, 68897500), (215265000, 54610000)]
13:35:28: [INFO] Routing pad 'SW23:1' at (205740000, 78422500) with pad 'SW37:1' at (215265000, 97472500) using coordinate system rotated by 0 degree(s)
13:35:28: [INFO] Adding track segment (F.Cu): [(205740000, 78422500), (205740000, 87947500)]
13:35:28: [INFO] Adding track segment (F.Cu): [(205740000, 87947500), (215265000, 97472500)]
13:35:28: [INFO] Routing pad 'SW37:1' at (215265000, 97472500) with pad 'SW53:1' at (220027500, 116522500) using coordinate system rotated by 0 degree(s)
13:35:28: [INFO] Adding track segment (F.Cu): [(215265000, 97472500), (215265000, 111760000)]
13:35:28: [INFO] Adding track segment (F.Cu): [(215265000, 111760000), (220027500, 116522500)]
13:35:28: [INFO] Routing COL13 pads
13:35:28: [INFO] Routing pad 'SW29a:1' at (320040000, 78422500) with pad 'SW29:1' at (329565000, 78422500) using coordinate system rotated by 0 degree(s)
13:35:28: [INFO] Adding track segment (F.Cu): [(320040000, 78422500), (329565000, 78422500)]
13:35:28: [INFO] Routing pad 'SW29:1' at (329565000, 78422500) with pad 'SW43:1' at (334327500, 97472500) using coordinate system rotated by 0 degree(s)
13:35:28: [INFO] Routing pad 'SW59:1' at (339090000, 78422500) with pad 'SW14:1' at (339090000, 54610000) using coordinate system rotated by 0 degree(s)
13:35:28: [INFO] Adding track segment (F.Cu): [(339090000, 78422500), (339090000, 54610000)]
13:35:28: [INFO] Routing pad 'SW29:1' at (329565000, 78422500) with pad 'SW59:1' at (339090000, 78422500) using coordinate system rotated by 0 degree(s)
13:35:28: [INFO] Adding track segment (F.Cu): [(329565000, 78422500), (339090000, 78422500)]
13:35:28: [INFO] Routing pad 'SW43:1' at (334327500, 97472500) with pad 'SW75:1' at (339090000, 135572500) using coordinate system rotated by 0 degree(s)
13:35:28: [INFO] Routing pad 'SW75:1' at (339090000, 135572500) with pad 'SW88:1' at (343852500, 159385000) using coordinate system rotated by 0 degree(s)
13:35:28: [INFO] Routing ROW5 pads
13:35:28: [INFO] Routing pad 'D77:1' at (83661250, 162562500) with pad 'D78:1' at (107473750, 162562500) using coordinate system rotated by 0 degree(s)
13:35:28: [INFO] Adding track segment (B.Cu): [(83661250, 162562500), (107473750, 162562500)]
13:35:28: [INFO] Routing pad 'D78:1' at (107473750, 162562500) with pad 'D79:1' at (131286250, 162562500) using coordinate system rotated by 0 degree(s)
13:35:28: [INFO] Adding track segment (B.Cu): [(107473750, 162562500), (131286250, 162562500)]
13:35:28: [INFO] Routing pad 'D79:1' at (131286250, 162562500) with pad 'D81:1' at (164623750, 162562500) using coordinate system rotated by 0 degree(s)
13:35:28: [INFO] Adding track segment (B.Cu): [(131286250, 162562500), (164623750, 162562500)]
13:35:28: [INFO] Routing pad 'D81:1' at (164623750, 162562500) with pad 'D83:1' at (202723750, 162562500) using coordinate system rotated by 0 degree(s)
13:35:28: [INFO] Adding track segment (B.Cu): [(164623750, 162562500), (202723750, 162562500)]
13:35:28: [INFO] Routing pad 'D83:1' at (202723750, 162562500) with pad 'D84:1' at (236061250, 162562500) using coordinate system rotated by 0 degree(s)
13:35:28: [INFO] Adding track segment (B.Cu): [(202723750, 162562500), (236061250, 162562500)]
13:35:28: [INFO] Routing pad 'D84:1' at (236061250, 162562500) with pad 'D85:1' at (274161250, 162562500) using coordinate system rotated by 0 degree(s)
13:35:28: [INFO] Adding track segment (B.Cu): [(236061250, 162562500), (274161250, 162562500)]
13:35:28: [INFO] Routing pad 'D85:1' at (274161250, 162562500) with pad 'D86:1' at (297973750, 162562500) using coordinate system rotated by 0 degree(s)
13:35:28: [INFO] Adding track segment (B.Cu): [(274161250, 162562500), (297973750, 162562500)]
13:35:28: [INFO] Routing pad 'D86:1' at (297973750, 162562500) with pad 'D87:1' at (321786250, 162562500) using coordinate system rotated by 0 degree(s)
13:35:28: [INFO] Adding track segment (B.Cu): [(297973750, 162562500), (321786250, 162562500)]
13:35:28: [INFO] Routing pad 'D87:1' at (321786250, 162562500) with pad 'D88:1' at (352742500, 167325000) using coordinate system rotated by 0 degree(s)
13:35:28: [INFO] Adding track segment (B.Cu): [(321786250, 162562500), (326548750, 167325000)]
13:35:28: [INFO] Adding track segment (B.Cu): [(326548750, 167325000), (352742500, 167325000)]
13:35:28: [INFO] Routing pad 'D89:1' at (371792500, 167325000) with pad 'D80:1' at (371792500, 62550000) using coordinate system rotated by 0 degree(s)
13:35:28: [INFO] Adding track segment (B.Cu): [(371792500, 167325000), (371792500, 62550000)]
13:35:28: [INFO] Could not add track segment due to detected collision
13:35:28: [INFO] Routing pad 'D88:1' at (352742500, 167325000) with pad 'D89:1' at (371792500, 167325000) using coordinate system rotated by 0 degree(s)
13:35:28: [INFO] Adding track segment (B.Cu): [(352742500, 167325000), (371792500, 167325000)]
13:35:28: [INFO] Routing pad 'D80:1' at (371792500, 62550000) with pad 'D82:1' at (390842500, 62550000) using coordinate system rotated by 0 degree(s)
13:35:28: [INFO] Adding track segment (B.Cu): [(371792500, 62550000), (390842500, 62550000)]
13:35:28: [INFO] Routing pad 'D89:1' at (371792500, 167325000) with pad 'D90:1' at (390842500, 167325000) using coordinate system rotated by 0 degree(s)
13:35:28: [INFO] Adding track segment (B.Cu): [(371792500, 167325000), (390842500, 167325000)]
13:35:28: [INFO] Routing COL4 pads
13:35:28: [INFO] Routing pad 'SW20:1' at (148590000, 78422500) with pad 'SW5:1' at (153352500, 54610000) using coordinate system rotated by 0 degree(s)
13:35:28: [INFO] Adding track segment (F.Cu): [(148590000, 78422500), (153352500, 73660000)]
13:35:28: [INFO] Adding track segment (F.Cu): [(153352500, 73660000), (153352500, 54610000)]
13:35:28: [INFO] Routing pad 'SW50:1' at (162877500, 116522500) with pad 'SW66:1' at (153352500, 135572500) using coordinate system rotated by 0 degree(s)
13:35:28: [INFO] Adding track segment (F.Cu): [(162877500, 116522500), (162877500, 126047500)]
13:35:28: [INFO] Adding track segment (F.Cu): [(162877500, 126047500), (153352500, 135572500)]
13:35:28: [INFO] Routing pad 'SW66:1' at (153352500, 135572500) with pad 'SW81:1' at (155733750, 154622500) using coordinate system rotated by 0 degree(s)
13:35:28: [INFO] Adding track segment (F.Cu): [(153352500, 135572500), (153352500, 152241250)]
13:35:28: [INFO] Adding track segment (F.Cu): [(153352500, 152241250), (155733750, 154622500)]
13:35:28: [INFO] Routing pad 'SW20:1' at (148590000, 78422500) with pad 'SW34:1' at (158115000, 97472500) using coordinate system rotated by 0 degree(s)
13:35:28: [INFO] Adding track segment (F.Cu): [(148590000, 78422500), (148590000, 87947500)]
13:35:28: [INFO] Adding track segment (F.Cu): [(148590000, 87947500), (158115000, 97472500)]
13:35:28: [INFO] Routing pad 'SW34:1' at (158115000, 97472500) with pad 'SW50:1' at (162877500, 116522500) using coordinate system rotated by 0 degree(s)
13:35:28: [INFO] Adding track segment (F.Cu): [(158115000, 97472500), (158115000, 111760000)]
13:35:28: [INFO] Adding track segment (F.Cu): [(158115000, 111760000), (162877500, 116522500)]
13:35:28: [INFO] Routing COL1 pads
13:35:28: [INFO] Routing pad 'SW17:1' at (91440000, 78422500) with pad 'SW2:1' at (96202500, 54610000) using coordinate system rotated by 0 degree(s)
13:35:28: [INFO] Adding track segment (F.Cu): [(91440000, 78422500), (96202500, 73660000)]
13:35:28: [INFO] Adding track segment (F.Cu): [(96202500, 73660000), (96202500, 54610000)]
13:35:28: [INFO] Routing pad 'SW47:1' at (105727500, 116522500) with pad 'SW63:1' at (96202500, 135572500) using coordinate system rotated by 0 degree(s)
13:35:28: [INFO] Routing pad 'SW63:1' at (96202500, 135572500) with pad 'SW78:1' at (98583750, 154622500) using coordinate system rotated by 0 degree(s)
13:35:28: [INFO] Adding track segment (F.Cu): [(96202500, 135572500), (96202500, 152241250)]
13:35:28: [INFO] Adding track segment (F.Cu): [(96202500, 152241250), (98583750, 154622500)]
13:35:28: [INFO] Routing pad 'SW17:1' at (91440000, 78422500) with pad 'SW31:1' at (100965000, 97472500) using coordinate system rotated by 0 degree(s)
13:35:28: [INFO] Adding track segment (F.Cu): [(91440000, 78422500), (91440000, 87947500)]
13:35:28: [INFO] Adding track segment (F.Cu): [(91440000, 87947500), (100965000, 97472500)]
13:35:28: [INFO] Routing pad 'SW31:1' at (100965000, 97472500) with pad 'SW47:1' at (105727500, 116522500) using coordinate system rotated by 0 degree(s)
13:35:28: [INFO] Adding track segment (F.Cu): [(100965000, 97472500), (100965000, 111760000)]
13:35:28: [INFO] Adding track segment (F.Cu): [(100965000, 111760000), (105727500, 116522500)]
13:35:28: [INFO] Routing COL9 pads
13:35:28: [INFO] Routing pad 'SW55:1' at (258127500, 116522500) with pad 'SW71:1' at (248602500, 135572500) using coordinate system rotated by 0 degree(s)
13:35:28: [INFO] Adding track segment (F.Cu): [(258127500, 116522500), (258127500, 126047500)]
13:35:28: [INFO] Adding track segment (F.Cu): [(258127500, 126047500), (248602500, 135572500)]
13:35:28: [INFO] Routing pad 'SW25:1' at (243840000, 78422500) with pad 'SW39:1' at (253365000, 97472500) using coordinate system rotated by 0 degree(s)
13:35:28: [INFO] Adding track segment (F.Cu): [(243840000, 78422500), (243840000, 87947500)]
13:35:28: [INFO] Adding track segment (F.Cu): [(243840000, 87947500), (253365000, 97472500)]
13:35:28: [INFO] Routing pad 'SW25:1' at (243840000, 78422500) with pad 'SW10:1' at (258127500, 54610000) using coordinate system rotated by 0 degree(s)
13:35:28: [INFO] Adding track segment (F.Cu): [(243840000, 78422500), (258127500, 64135000)]
13:35:28: [INFO] Adding track segment (F.Cu): [(258127500, 64135000), (258127500, 54610000)]
13:35:28: [INFO] Routing pad 'SW39:1' at (253365000, 97472500) with pad 'SW55:1' at (258127500, 116522500) using coordinate system rotated by 0 degree(s)
13:35:28: [INFO] Adding track segment (F.Cu): [(253365000, 97472500), (253365000, 111760000)]
13:35:28: [INFO] Adding track segment (F.Cu): [(253365000, 111760000), (258127500, 116522500)]
13:35:28: [INFO] Routing COL11 pads
13:35:28: [INFO] Routing pad 'SW57:1' at (296227500, 116522500) with pad 'SW73:1' at (286702500, 135572500) using coordinate system rotated by 0 degree(s)
13:35:28: [INFO] Adding track segment (F.Cu): [(296227500, 116522500), (296227500, 126047500)]
13:35:28: [INFO] Adding track segment (F.Cu): [(296227500, 126047500), (286702500, 135572500)]
13:35:28: [INFO] Routing pad 'SW73:1' at (286702500, 135572500) with pad 'SW86:1' at (289083750, 154622500) using coordinate system rotated by 0 degree(s)
13:35:29: [INFO] Adding track segment (F.Cu): [(286702500, 135572500), (286702500, 152241250)]
13:35:29: [INFO] Adding track segment (F.Cu): [(286702500, 152241250), (289083750, 154622500)]
13:35:29: [INFO] Routing pad 'SW27:1' at (281940000, 78422500) with pad 'SW41:1' at (291465000, 97472500) using coordinate system rotated by 0 degree(s)
13:35:29: [INFO] Adding track segment (F.Cu): [(281940000, 78422500), (281940000, 87947500)]
13:35:29: [INFO] Adding track segment (F.Cu): [(281940000, 87947500), (291465000, 97472500)]
13:35:29: [INFO] Routing pad 'SW27:1' at (281940000, 78422500) with pad 'SW12:1' at (296227500, 54610000) using coordinate system rotated by 0 degree(s)
13:35:29: [INFO] Adding track segment (F.Cu): [(281940000, 78422500), (296227500, 64135000)]
13:35:29: [INFO] Adding track segment (F.Cu): [(296227500, 64135000), (296227500, 54610000)]
13:35:29: [INFO] Routing pad 'SW41:1' at (291465000, 97472500) with pad 'SW57:1' at (296227500, 116522500) using coordinate system rotated by 0 degree(s)
13:35:29: [INFO] Adding track segment (F.Cu): [(291465000, 97472500), (291465000, 111760000)]
13:35:29: [INFO] Adding track segment (F.Cu): [(291465000, 111760000), (296227500, 116522500)]
13:35:29: [INFO] Routing COL8 pads
13:35:29: [INFO] Routing pad 'SW70:1' at (229552500, 135572500) with pad 'SW84:1' at (227171250, 154622500) using coordinate system rotated by 0 degree(s)
13:35:29: [INFO] Adding track segment (F.Cu): [(229552500, 135572500), (229552500, 152241250)]
13:35:29: [INFO] Adding track segment (F.Cu): [(229552500, 152241250), (227171250, 154622500)]
13:35:29: [INFO] Routing pad 'SW54:1' at (239077500, 116522500) with pad 'SW70:1' at (229552500, 135572500) using coordinate system rotated by 0 degree(s)
13:35:29: [INFO] Adding track segment (F.Cu): [(239077500, 116522500), (239077500, 126047500)]
13:35:29: [INFO] Adding track segment (F.Cu): [(239077500, 126047500), (229552500, 135572500)]
13:35:29: [INFO] Routing pad 'SW24:1' at (224790000, 78422500) with pad 'SW9:1' at (234315000, 54610000) using coordinate system rotated by 0 degree(s)
13:35:29: [INFO] Adding track segment (F.Cu): [(224790000, 78422500), (234315000, 68897500)]
13:35:29: [INFO] Adding track segment (F.Cu): [(234315000, 68897500), (234315000, 54610000)]
13:35:29: [INFO] Routing pad 'SW24:1' at (224790000, 78422500) with pad 'SW38:1' at (234315000, 97472500) using coordinate system rotated by 0 degree(s)
13:35:29: [INFO] Adding track segment (F.Cu): [(224790000, 78422500), (224790000, 87947500)]
13:35:29: [INFO] Adding track segment (F.Cu): [(224790000, 87947500), (234315000, 97472500)]
13:35:29: [INFO] Routing pad 'SW38:1' at (234315000, 97472500) with pad 'SW54:1' at (239077500, 116522500) using coordinate system rotated by 0 degree(s)
13:35:29: [INFO] Adding track segment (F.Cu): [(234315000, 97472500), (234315000, 111760000)]
13:35:29: [INFO] Adding track segment (F.Cu): [(234315000, 111760000), (239077500, 116522500)]
13:35:29: [INFO] Routing ROW0 pads
13:35:29: [INFO] Routing pad 'D1:1' at (81280000, 62550000) with pad 'D2:1' at (105092500, 62550000) using coordinate system rotated by 0 degree(s)
13:35:29: [INFO] Adding track segment (B.Cu): [(81280000, 62550000), (105092500, 62550000)]
13:35:29: [INFO] Routing pad 'D2:1' at (105092500, 62550000) with pad 'D3:1' at (124142500, 62550000) using coordinate system rotated by 0 degree(s)
13:35:29: [INFO] Adding track segment (B.Cu): [(105092500, 62550000), (124142500, 62550000)]
13:35:29: [INFO] Routing pad 'D3:1' at (124142500, 62550000) with pad 'D4:1' at (143192500, 62550000) using coordinate system rotated by 0 degree(s)
13:35:29: [INFO] Adding track segment (B.Cu): [(124142500, 62550000), (143192500, 62550000)]
13:35:29: [INFO] Routing pad 'D4:1' at (143192500, 62550000) with pad 'D5:1' at (162242500, 62550000) using coordinate system rotated by 0 degree(s)
13:35:29: [INFO] Adding track segment (B.Cu): [(143192500, 62550000), (162242500, 62550000)]
13:35:29: [INFO] Routing pad 'D5:1' at (162242500, 62550000) with pad 'D6:1' at (186055000, 62550000) using coordinate system rotated by 0 degree(s)
13:35:29: [INFO] Adding track segment (B.Cu): [(162242500, 62550000), (186055000, 62550000)]
13:35:29: [INFO] Routing pad 'D6:1' at (186055000, 62550000) with pad 'D7:1' at (205105000, 62550000) using coordinate system rotated by 0 degree(s)
13:35:29: [INFO] Adding track segment (B.Cu): [(186055000, 62550000), (205105000, 62550000)]
13:35:29: [INFO] Routing pad 'D7:1' at (205105000, 62550000) with pad 'D8:1' at (224155000, 62550000) using coordinate system rotated by 0 degree(s)
13:35:29: [INFO] Adding track segment (B.Cu): [(205105000, 62550000), (224155000, 62550000)]
13:35:29: [INFO] Routing pad 'D8:1' at (224155000, 62550000) with pad 'D9:1' at (243205000, 62550000) using coordinate system rotated by 0 degree(s)
13:35:29: [INFO] Adding track segment (B.Cu): [(224155000, 62550000), (243205000, 62550000)]
13:35:29: [INFO] Routing pad 'D9:1' at (243205000, 62550000) with pad 'D10:1' at (267017500, 62550000) using coordinate system rotated by 0 degree(s)
13:35:29: [INFO] Adding track segment (B.Cu): [(243205000, 62550000), (267017500, 62550000)]
13:35:29: [INFO] Routing pad 'D10:1' at (267017500, 62550000) with pad 'D11:1' at (286067500, 62550000) using coordinate system rotated by 0 degree(s)
13:35:29: [INFO] Adding track segment (B.Cu): [(267017500, 62550000), (286067500, 62550000)]
13:35:29: [INFO] Routing pad 'D11:1' at (286067500, 62550000) with pad 'D12:1' at (305117500, 62550000) using coordinate system rotated by 0 degree(s)
13:35:29: [INFO] Adding track segment (B.Cu): [(286067500, 62550000), (305117500, 62550000)]
13:35:29: [INFO] Routing pad 'D12:1' at (305117500, 62550000) with pad 'D13:1' at (324167500, 62550000) using coordinate system rotated by 0 degree(s)
13:35:29: [INFO] Adding track segment (B.Cu): [(305117500, 62550000), (324167500, 62550000)]
13:35:29: [INFO] Routing pad 'D13:1' at (324167500, 62550000) with pad 'D14:1' at (347980000, 62550000) using coordinate system rotated by 0 degree(s)
13:35:29: [INFO] Adding track segment (B.Cu): [(324167500, 62550000), (347980000, 62550000)]
13:35:29: [INFO] Routing pad 'D14:1' at (347980000, 62550000) with pad 'D15:1' at (371792500, 81600000) using coordinate system rotated by 0 degree(s)
13:35:29: [INFO] Routing COL10 pads
13:35:29: [INFO] Routing pad 'SW72:1' at (267652500, 135572500) with pad 'SW85:1' at (265271250, 154622500) using coordinate system rotated by 0 degree(s)
13:35:29: [INFO] Adding track segment (F.Cu): [(267652500, 135572500), (267652500, 152241250)]
13:35:29: [INFO] Adding track segment (F.Cu): [(267652500, 152241250), (265271250, 154622500)]
13:35:29: [INFO] Routing pad 'SW56:1' at (277177500, 116522500) with pad 'SW72:1' at (267652500, 135572500) using coordinate system rotated by 0 degree(s)
13:35:29: [INFO] Adding track segment (F.Cu): [(277177500, 116522500), (277177500, 126047500)]
13:35:29: [INFO] Adding track segment (F.Cu): [(277177500, 126047500), (267652500, 135572500)]
13:35:29: [INFO] Routing pad 'SW26:1' at (262890000, 78422500) with pad 'SW40:1' at (272415000, 97472500) using coordinate system rotated by 0 degree(s)
13:35:29: [INFO] Adding track segment (F.Cu): [(262890000, 78422500), (262890000, 87947500)]
13:35:29: [INFO] Adding track segment (F.Cu): [(262890000, 87947500), (272415000, 97472500)]
13:35:29: [INFO] Routing pad 'SW26:1' at (262890000, 78422500) with pad 'SW11:1' at (277177500, 54610000) using coordinate system rotated by 0 degree(s)
13:35:29: [INFO] Adding track segment (F.Cu): [(262890000, 78422500), (277177500, 64135000)]
13:35:29: [INFO] Adding track segment (F.Cu): [(277177500, 64135000), (277177500, 54610000)]
13:35:29: [INFO] Routing pad 'SW40:1' at (272415000, 97472500) with pad 'SW56:1' at (277177500, 116522500) using coordinate system rotated by 0 degree(s)
13:35:29: [INFO] Adding track segment (F.Cu): [(272415000, 97472500), (272415000, 111760000)]
13:35:29: [INFO] Adding track segment (F.Cu): [(272415000, 111760000), (277177500, 116522500)]
13:35:29: [INFO] Routing COL14 pads
13:35:29: [INFO] Routing pad 'SW15:1' at (362902500, 73660000) with pad 'SW44:1' at (362902500, 97472500) using coordinate system rotated by 0 degree(s)
13:35:29: [INFO] Adding track segment (F.Cu): [(362902500, 73660000), (362902500, 97472500)]
13:35:29: [INFO] Routing pad 'SW44:1' at (362902500, 97472500) with pad 'SW60:1' at (362902500, 116522500) using coordinate system rotated by 0 degree(s)
13:35:29: [INFO] Adding track segment (F.Cu): [(362902500, 97472500), (362902500, 116522500)]
13:35:29: [INFO] Routing pad 'SW60:1' at (362902500, 116522500) with pad 'SW76:1' at (362902500, 140335000) using coordinate system rotated by 0 degree(s)
13:35:29: [INFO] Adding track segment (F.Cu): [(362902500, 116522500), (362902500, 140335000)]
13:35:29: [INFO] Routing pad 'SW76:1' at (362902500, 140335000) with pad 'SW89:1' at (362902500, 159385000) using coordinate system rotated by 0 degree(s)
13:35:29: [INFO] Adding track segment (F.Cu): [(362902500, 140335000), (362902500, 159385000)]
13:35:29: [INFO] Routing COL5 pads
13:35:29: [INFO] Routing pad 'SW51:1' at (181927500, 116522500) with pad 'SW67:1' at (172402500, 135572500) using coordinate system rotated by 0 degree(s)
13:35:29: [INFO] Adding track segment (F.Cu): [(181927500, 116522500), (181927500, 126047500)]
13:35:29: [INFO] Adding track segment (F.Cu): [(181927500, 126047500), (172402500, 135572500)]
13:35:29: [INFO] Routing pad 'SW21:1' at (167640000, 78422500) with pad 'SW6:1' at (177165000, 54610000) using coordinate system rotated by 0 degree(s)
13:35:29: [INFO] Adding track segment (F.Cu): [(167640000, 78422500), (177165000, 68897500)]
13:35:29: [INFO] Adding track segment (F.Cu): [(177165000, 68897500), (177165000, 54610000)]
13:35:29: [INFO] Routing pad 'SW21:1' at (167640000, 78422500) with pad 'SW35:1' at (177165000, 97472500) using coordinate system rotated by 0 degree(s)
13:35:29: [INFO] Adding track segment (F.Cu): [(167640000, 78422500), (167640000, 87947500)]
13:35:29: [INFO] Adding track segment (F.Cu): [(167640000, 87947500), (177165000, 97472500)]
13:35:29: [INFO] Routing pad 'SW35:1' at (177165000, 97472500) with pad 'SW51:1' at (181927500, 116522500) using coordinate system rotated by 0 degree(s)
13:35:29: [INFO] Adding track segment (F.Cu): [(177165000, 97472500), (177165000, 111760000)]
13:35:29: [INFO] Adding track segment (F.Cu): [(177165000, 111760000), (181927500, 116522500)]
13:35:29: [INFO] Routing pad 'SW6:1' at (177165000, 54610000) with pad 'SW82:1' at (381952500, 54610000) using coordinate system rotated by 0 degree(s)
13:35:29: [INFO] Adding track segment (F.Cu): [(177165000, 54610000), (381952500, 54610000)]
13:35:29: [INFO] Could not add track segment due to detected collision
13:35:29: [INFO] Removing dangling tracks
