=== kbplacer.kle_serial ===
=== layout2image.py ===
=== kbplacer ===
13:38:45: [INFO] User layout: https://editor.keyboard-tools.xyz/#share=NrDeCIA9wLgAgAwDoDsBWANHcBPWikAmTbAY33AGIUbbwBfLcTARgBZwsJp5kTxy8KqRGiGTBBgSdskljO74AHKjSNZGFtImb5XKPmQsAzE0HZKAQ2s3xGloRng5xhQd5IlKJgGcAthQATgD2AC4A+gCmpCzy6s6abAA6AHap6WmZGamR0gC6GABQYO5whEx4HsRmFJSiYr4BQnbgLFJObXpwivAAnERqTJ3a2J1drZqO+uZUNrZMAO74hPGdyVkpkiM9BPwzdfXk8eXsbjwE6Kuaxtmbmh2Jt3LgBcU7LAM1QlZzlk5L8A+g2w5W2AlqhyOTBOZ3w-Uu0M0I3AJ3GJym3XAALgQOO11ubTB5z48VMJlhgNUXwstDoi3wH2q2AAFstFo5KfxmRycUxIDyALTIYikyYE+6vErEqlkWq-P70ykI7CmMH7SEtMkUnHC4HgMnIsldCD7Wk0f7LAaihziomGT6y74a60cfTnD4IPEmcXySUmuW-C3wQhWphsKS3UFudWHFrh42lLSqeLxtUBuZBsqh7Dxwi3VUvIpShkoJD8SpwIUy8HfM0oOPXQtvUp8Cr4KtMmsWeWZxl6zBg7F9+KsbVJ9CKnHZ5gYXpuIfT1j5IvvABsZbb8CrE8dNLNLVY41YGJn5L9Xdmgcnw7Djw2MNvCEj9zdDJDyvA8ZY+ZfmIXItvG0Ni1c9AgZcNsECc4IPAQIKxDfh3U3SsQ2Mbxd2EWN4kkVxzwrKslCUbCMAxd5qUvDNiI4c9zlMbB8OQLxiLQJti0BciDnqFo2lwldcHbRiiKGEixyuai+No5CCJQK4WJohkpN1PFeObBjPCEkERNfQE8XE5tJPogTPBkxE5IkhTDK3JSmFMFSSjUwjRVIxNRT0ti4Do-irOM0UzP0iyvMraycwwOyIAcjTPy0zF3RTDA3J2TyHJMkKWKYTA-Pc1tLKCpATA4ntr0XaKIH-ftQtYxLFOMjiNUnFZ0viyrYPbdgmCghljAdUoBRDSQct6pA0OIpRmvOAUuv6wKCKUArA2I+ttKnKaYy44i53krc2CQKbkrmyidFXMb2z62qsOE0bNsrSbqsc4TFpihkdquDbzK2nbbpSiYjquwbdqMgDNMut7ro+gbBLxB73mexFXv897-u8pjER+kG-uqwH9QwYH4dBxHcrulUMChxMYaJuH3IFbb8ek0VUdx9HwencMccpm6mcJqKSfdMmoopnYBTQMHpsYr7MCO296cpkNOzU-KMJ+DMisxzBWYFoWadFs6uPq5NGvrPI8iAA
13:38:45: [INFO] Labels prefixes: for rows: 'ROW', for columns: 'COL'
13:38:45: [INFO] Matrix size: 5x14
13:38:46: [WARNING] No stabilizer footprint for width 2.25u, using 2u as fallback
13:38:46: [WARNING] No stabilizer footprint for width 2.25u, using 2u as fallback
13:38:46: [WARNING] No stabilizer footprint for width 2.25u, using 2u as fallback
13:38:46: [WARNING] No stabilizer footprint for width 2.75u, using 2u as fallback
13:38:46: [INFO] Add COL0 net
13:38:46: [INFO] Add COL1 net
13:38:46: [INFO] Add COL10 net
13:38:46: [INFO] Add COL11 net
13:38:46: [INFO] Add COL12 net
13:38:46: [INFO] Add COL13 net
13:38:46: [INFO] Add COL14 net
13:38:46: [INFO] Add COL2 net
13:38:46: [INFO] Add COL3 net
13:38:46: [INFO] Add COL4 net
13:38:46: [INFO] Add COL5 net
13:38:46: [INFO] Add COL6 net
13:38:46: [INFO] Add COL7 net
13:38:46: [INFO] Add COL8 net
13:38:46: [INFO] Add COL9 net
13:38:46: [INFO] Add Net-(D1-A) net
13:38:46: [INFO] Add Net-(D10-A) net
13:38:46: [INFO] Add Net-(D11-A) net
13:38:46: [INFO] Add Net-(D12-A) net
13:38:46: [INFO] Add Net-(D13-A) net
13:38:46: [INFO] Add Net-(D14-A) net
13:38:46: [INFO] Add Net-(D15-A) net
13:38:46: [INFO] Add Net-(D16-A) net
13:38:46: [INFO] Add Net-(D17-A) net
13:38:46: [INFO] Add Net-(D18-A) net
13:38:46: [INFO] Add Net-(D19-A) net
13:38:46: [INFO] Add Net-(D2-A) net
13:38:46: [INFO] Add Net-(D20-A) net
13:38:46: [INFO] Add Net-(D21-A) net
13:38:46: [INFO] Add Net-(D22-A) net
13:38:46: [INFO] Add Net-(D23-A) net
13:38:46: [INFO] Add Net-(D24-A) net
13:38:46: [INFO] Add Net-(D25-A) net
13:38:46: [INFO] Add Net-(D26-A) net
13:38:46: [INFO] Add Net-(D27-A) net
13:38:46: [INFO] Add Net-(D28-A) net
13:38:46: [INFO] Add Net-(D29-A) net
13:38:46: [INFO] Add Net-(D3-A) net
13:38:46: [INFO] Add Net-(D30-A) net
13:38:46: [INFO] Add Net-(D31-A) net
13:38:46: [INFO] Add Net-(D32-A) net
13:38:46: [INFO] Add Net-(D33-A) net
13:38:46: [INFO] Add Net-(D34-A) net
13:38:46: [INFO] Add Net-(D35-A) net
13:38:46: [INFO] Add Net-(D36-A) net
13:38:46: [INFO] Add Net-(D37-A) net
13:38:46: [INFO] Add Net-(D38-A) net
13:38:46: [INFO] Add Net-(D39-A) net
13:38:46: [INFO] Add Net-(D4-A) net
13:38:46: [INFO] Add Net-(D40-A) net
13:38:46: [INFO] Add Net-(D41-A) net
13:38:46: [INFO] Add Net-(D42-A) net
13:38:46: [INFO] Add Net-(D43-A) net
13:38:46: [INFO] Add Net-(D44-A) net
13:38:46: [INFO] Add Net-(D45-A) net
13:38:46: [INFO] Add Net-(D46-A) net
13:38:46: [INFO] Add Net-(D47-A) net
13:38:46: [INFO] Add Net-(D48-A) net
13:38:46: [INFO] Add Net-(D49-A) net
13:38:46: [INFO] Add Net-(D5-A) net
13:38:46: [INFO] Add Net-(D50-A) net
13:38:46: [INFO] Add Net-(D51-A) net
13:38:46: [INFO] Add Net-(D52-A) net
13:38:46: [INFO] Add Net-(D53-A) net
13:38:46: [INFO] Add Net-(D54-A) net
13:38:46: [INFO] Add Net-(D55-A) net
13:38:46: [INFO] Add Net-(D56-A) net
13:38:46: [INFO] Add Net-(D57-A) net
13:38:46: [INFO] Add Net-(D58-A) net
13:38:46: [INFO] Add Net-(D59-A) net
13:38:46: [INFO] Add Net-(D6-A) net
13:38:46: [INFO] Add Net-(D60-A) net
13:38:46: [INFO] Add Net-(D61-A) net
13:38:46: [INFO] Add Net-(D62-A) net
13:38:46: [INFO] Add Net-(D63-A) net
13:38:46: [INFO] Add Net-(D64-A) net
13:38:46: [INFO] Add Net-(D65-A) net
13:38:46: [INFO] Add Net-(D66-A) net
13:38:46: [INFO] Add Net-(D67-A) net
13:38:46: [INFO] Add Net-(D68-A) net
13:38:46: [INFO] Add Net-(D69-A) net
13:38:46: [INFO] Add Net-(D7-A) net
13:38:46: [INFO] Add Net-(D70-A) net
13:38:46: [INFO] Add Net-(D71-A) net
13:38:46: [INFO] Add Net-(D72-A) net
13:38:46: [INFO] Add Net-(D73-A) net
13:38:46: [INFO] Add Net-(D74-A) net
13:38:46: [INFO] Add Net-(D75-A) net
13:38:46: [INFO] Add Net-(D76-A) net
13:38:46: [INFO] Add Net-(D77-A) net
13:38:46: [INFO] Add Net-(D78-A) net
13:38:46: [INFO] Add Net-(D79-A) net
13:38:46: [INFO] Add Net-(D8-A) net
13:38:46: [INFO] Add Net-(D80-A) net
13:38:46: [INFO] Add Net-(D81-A) net
13:38:46: [INFO] Add Net-(D82-A) net
13:38:46: [INFO] Add Net-(D83-A) net
13:38:46: [INFO] Add Net-(D84-A) net
13:38:46: [INFO] Add Net-(D85-A) net
13:38:46: [INFO] Add Net-(D86-A) net
13:38:46: [INFO] Add Net-(D87-A) net
13:38:46: [INFO] Add Net-(D88-A) net
13:38:46: [INFO] Add Net-(D89-A) net
13:38:46: [INFO] Add Net-(D9-A) net
13:38:46: [INFO] Add Net-(D90-A) net
13:38:46: [INFO] Add ROW0 net
13:38:46: [INFO] Add ROW1 net
13:38:46: [INFO] Add ROW2 net
13:38:46: [INFO] Add ROW3 net
13:38:46: [INFO] Add ROW4 net
13:38:46: [INFO] Add ROW5 net
13:38:46: [INFO] Add SW1 footprint
13:38:46: [INFO] Add D1 footprint
13:38:46: [INFO] Add SW2 footprint
13:38:46: [INFO] Add D2 footprint
13:38:46: [INFO] Add SW3 footprint
13:38:46: [INFO] Add D3 footprint
13:38:46: [INFO] Add SW4 footprint
13:38:46: [INFO] Add D4 footprint
13:38:46: [INFO] Add SW5 footprint
13:38:46: [INFO] Add D5 footprint
13:38:46: [INFO] Add SW6 footprint
13:38:46: [INFO] Add D6 footprint
13:38:46: [INFO] Add SW7 footprint
13:38:46: [INFO] Add D7 footprint
13:38:46: [INFO] Add SW8 footprint
13:38:46: [INFO] Add D8 footprint
13:38:46: [INFO] Add SW9 footprint
13:38:47: [INFO] Add D9 footprint
13:38:47: [INFO] Add SW10 footprint
13:38:47: [INFO] Add D10 footprint
13:38:47: [INFO] Add SW11 footprint
13:38:47: [INFO] Add D11 footprint
13:38:47: [INFO] Add SW12 footprint
13:38:47: [INFO] Add D12 footprint
13:38:47: [INFO] Add SW13 footprint
13:38:47: [INFO] Add D13 footprint
13:38:47: [INFO] Add SW14 footprint
13:38:47: [INFO] Add D14 footprint
13:38:47: [INFO] Add SW15 footprint
13:38:47: [INFO] Add D15 footprint
13:38:47: [INFO] Add SW16 footprint
13:38:47: [INFO] Add D16 footprint
13:38:47: [INFO] Add SW17 footprint
13:38:47: [INFO] Add D17 footprint
13:38:47: [INFO] Add SW18 footprint
13:38:47: [INFO] Add D18 footprint
13:38:47: [INFO] Add SW19 footprint
13:38:47: [INFO] Add D19 footprint
13:38:47: [INFO] Add SW20 footprint
13:38:47: [INFO] Add D20 footprint
13:38:47: [INFO] Add SW21 footprint
13:38:47: [INFO] Add D21 footprint
13:38:47: [INFO] Add SW22 footprint
13:38:47: [INFO] Add D22 footprint
13:38:47: [INFO] Add SW23 footprint
13:38:47: [INFO] Add D23 footprint
13:38:47: [INFO] Add SW24 footprint
13:38:47: [INFO] Add D24 footprint
13:38:47: [INFO] Add SW25 footprint
13:38:47: [INFO] Add D25 footprint
13:38:47: [INFO] Add SW26 footprint
13:38:47: [INFO] Add D26 footprint
13:38:47: [INFO] Add SW27 footprint
13:38:47: [INFO] Add D27 footprint
13:38:47: [INFO] Add SW28 footprint
13:38:48: [INFO] Add D28 footprint
13:38:48: [INFO] Add SW29 footprint
13:38:48: [INFO] Add D29 footprint
13:38:48: [INFO] Add SW30 footprint
13:38:48: [INFO] Add D30 footprint
13:38:48: [INFO] Add ST30 footprint
13:38:48: [INFO] Add SW30a footprint
13:38:48: [INFO] Add SW31 footprint
13:38:48: [INFO] Add D31 footprint
13:38:48: [INFO] Add SW32 footprint
13:38:48: [INFO] Add D32 footprint
13:38:48: [INFO] Add SW33 footprint
13:38:48: [INFO] Add D33 footprint
13:38:48: [INFO] Add SW34 footprint
13:38:48: [INFO] Add D34 footprint
13:38:48: [INFO] Add SW35 footprint
13:38:48: [INFO] Add D35 footprint
13:38:48: [INFO] Add SW36 footprint
13:38:48: [INFO] Add D36 footprint
13:38:48: [INFO] Add SW37 footprint
13:38:48: [INFO] Add D37 footprint
13:38:48: [INFO] Add SW38 footprint
13:38:48: [INFO] Add D38 footprint
13:38:48: [INFO] Add SW39 footprint
13:38:48: [INFO] Add D39 footprint
13:38:48: [INFO] Add SW40 footprint
13:38:48: [INFO] Add D40 footprint
13:38:48: [INFO] Add SW41 footprint
13:38:48: [INFO] Add D41 footprint
13:38:48: [INFO] Add SW42 footprint
13:38:48: [INFO] Add D42 footprint
13:38:48: [INFO] Add SW43 footprint
13:38:48: [INFO] Add D43 footprint
13:38:48: [INFO] Add SW44 footprint
13:38:48: [INFO] Add D44 footprint
13:38:48: [INFO] Add SW44a footprint
13:38:48: [INFO] Add SW45 footprint
13:38:48: [INFO] Add D45 footprint
13:38:48: [INFO] Add SW46 footprint
13:38:49: [INFO] Add D46 footprint
13:38:49: [INFO] Add SW47 footprint
13:38:49: [INFO] Add D47 footprint
13:38:49: [INFO] Add SW48 footprint
13:38:49: [INFO] Add D48 footprint
13:38:49: [INFO] Add SW49 footprint
13:38:49: [INFO] Add D49 footprint
13:38:49: [INFO] Add SW50 footprint
13:38:49: [INFO] Add D50 footprint
13:38:49: [INFO] Add SW51 footprint
13:38:49: [INFO] Add D51 footprint
13:38:49: [INFO] Add SW52 footprint
13:38:49: [INFO] Add D52 footprint
13:38:49: [INFO] Add SW53 footprint
13:38:49: [INFO] Add D53 footprint
13:38:49: [INFO] Add SW54 footprint
13:38:49: [INFO] Add D54 footprint
13:38:49: [INFO] Add SW55 footprint
13:38:49: [INFO] Add D55 footprint
13:38:49: [INFO] Add SW56 footprint
13:38:49: [INFO] Add D56 footprint
13:38:49: [INFO] Add SW57 footprint
13:38:49: [INFO] Add D57 footprint
13:38:49: [INFO] Add SW58 footprint
13:38:49: [INFO] Add D58 footprint
13:38:49: [WARNING] No stabilizer footprint for width 2.25u, using 2u as fallback
13:38:49: [INFO] Add ST58 footprint
13:38:49: [INFO] Add SW58a footprint
13:38:49: [INFO] Add ST58a footprint
13:38:49: [INFO] Add SW59 footprint
13:38:49: [INFO] Add D59 footprint
13:38:49: [INFO] Add SW60 footprint
13:38:49: [INFO] Add D60 footprint
13:38:49: [INFO] Add SW61 footprint
13:38:49: [INFO] Add D61 footprint
13:38:49: [WARNING] No stabilizer footprint for width 2.25u, using 2u as fallback
13:38:49: [INFO] Add ST61 footprint
13:38:49: [INFO] Add SW61a footprint
13:38:49: [INFO] Add SW62 footprint
13:38:49: [INFO] Add D62 footprint
13:38:49: [INFO] Add SW63 footprint
13:38:49: [INFO] Add D63 footprint
13:38:49: [INFO] Add SW64 footprint
13:38:50: [INFO] Add D64 footprint
13:38:50: [INFO] Add SW65 footprint
13:38:50: [INFO] Add D65 footprint
13:38:50: [INFO] Add SW66 footprint
13:38:50: [INFO] Add D66 footprint
13:38:50: [INFO] Add SW67 footprint
13:38:50: [INFO] Add D67 footprint
13:38:50: [INFO] Add SW68 footprint
13:38:50: [INFO] Add D68 footprint
13:38:50: [INFO] Add SW69 footprint
13:38:50: [INFO] Add D69 footprint
13:38:50: [INFO] Add SW70 footprint
13:38:50: [INFO] Add D70 footprint
13:38:50: [INFO] Add SW71 footprint
13:38:50: [INFO] Add D71 footprint
13:38:50: [INFO] Add SW72 footprint
13:38:50: [INFO] Add D72 footprint
13:38:50: [INFO] Add SW73 footprint
13:38:50: [INFO] Add D73 footprint
13:38:50: [WARNING] No stabilizer footprint for width 2.25u, using 2u as fallback
13:38:50: [INFO] Add ST73 footprint
13:38:50: [INFO] Add SW73a footprint
13:38:50: [INFO] Add SW74 footprint
13:38:50: [INFO] Add D74 footprint
13:38:50: [INFO] Add SW75 footprint
13:38:50: [INFO] Add D75 footprint
13:38:50: [INFO] Add SW76 footprint
13:38:50: [INFO] Add D76 footprint
13:38:50: [INFO] Add SW77 footprint
13:38:50: [INFO] Add D77 footprint
13:38:50: [INFO] Add SW78 footprint
13:38:50: [INFO] Add D78 footprint
13:38:50: [INFO] Add SW79 footprint
13:38:50: [INFO] Add D79 footprint
13:38:50: [INFO] Add SW80 footprint
13:38:50: [INFO] Add D80 footprint
13:38:51: [INFO] Add ST80 footprint
13:38:51: [INFO] Add SW81 footprint
13:38:51: [INFO] Add D81 footprint
13:38:51: [INFO] Add SW82 footprint
13:38:51: [INFO] Add D82 footprint
13:38:51: [INFO] Add SW83 footprint
13:38:51: [INFO] Add D83 footprint
13:38:51: [WARNING] No stabilizer footprint for width 2.75u, using 2u as fallback
13:38:51: [INFO] Add ST83 footprint
13:38:51: [INFO] Add SW84 footprint
13:38:51: [INFO] Add D84 footprint
13:38:51: [INFO] Add SW85 footprint
13:38:51: [INFO] Add D85 footprint
13:38:51: [INFO] Add SW86 footprint
13:38:51: [INFO] Add D86 footprint
13:38:51: [INFO] Add SW87 footprint
13:38:51: [INFO] Add D87 footprint
13:38:51: [INFO] Add SW88 footprint
13:38:51: [INFO] Add D88 footprint
13:38:51: [INFO] Add SW89 footprint
13:38:51: [INFO] Add D89 footprint
13:38:51: [INFO] Add SW90 footprint
13:38:51: [INFO] Add D90 footprint
13:38:51: [INFO] Detected layout convertible to matrix annotated keyboard
13:38:51: [INFO] Using key 1U distance: (19.05, 19.05) mm
13:38:51: [INFO] Layout offset: (33337500, 23812500)
13:38:51: [INFO] Diode info: [ElementInfo(annotation_format='D{}', position_option=<PositionOption.CUSTOM: 'Custom'>, position=ElementPosition(x=5.08, y=4.0, orientation=90.0, side=<Side.BACK: 'Back'>), template_path='', start_index=-1)]
13:38:51: [INFO] Placing additional elements for SW90
13:38:51: [INFO] Placing additional elements for SW89
13:38:51: [INFO] Placing additional elements for SW88
13:38:51: [INFO] Placing additional elements for SW87
13:38:51: [INFO] Placing additional elements for SW86
13:38:51: [INFO] Placing additional elements for SW85
13:38:51: [INFO] Placing additional elements for SW84
13:38:51: [INFO] Placing additional elements for SW83
13:38:51: [INFO] Placing additional elements for SW82
13:38:51: [INFO] Placing additional elements for SW81
13:38:51: [INFO] Placing additional elements for SW80
13:38:51: [INFO] Placing additional elements for SW79
13:38:51: [INFO] Placing additional elements for SW78
13:38:51: [INFO] Placing additional elements for SW77
13:38:51: [INFO] Placing additional elements for SW76
13:38:51: [INFO] Placing additional elements for SW75
13:38:51: [INFO] Placing additional elements for SW74
13:38:51: [INFO] Placing additional elements for SW73a
13:38:51: [INFO] Placing additional elements for SW73
13:38:51: [INFO] Placing additional elements for SW72
13:38:51: [INFO] Placing additional elements for SW71
13:38:51: [INFO] Placing additional elements for SW70
13:38:51: [INFO] Placing additional elements for SW69
13:38:51: [INFO] Placing additional elements for SW68
13:38:51: [INFO] Placing additional elements for SW67
13:38:51: [INFO] Placing additional elements for SW66
13:38:51: [INFO] Placing additional elements for SW65
13:38:51: [INFO] Placing additional elements for SW64
13:38:51: [INFO] Placing additional elements for SW63
13:38:51: [INFO] Placing additional elements for SW62
13:38:51: [INFO] Placing additional elements for SW61a
13:38:51: [INFO] Placing additional elements for SW61
13:38:51: [INFO] Placing additional elements for SW60
13:38:51: [INFO] Placing additional elements for SW59
13:38:51: [INFO] Placing additional elements for SW58a
13:38:51: [INFO] Placing additional elements for SW58
13:38:51: [INFO] Placing additional elements for SW57
13:38:51: [INFO] Placing additional elements for SW56
13:38:51: [INFO] Placing additional elements for SW55
13:38:51: [INFO] Placing additional elements for SW54
13:38:51: [INFO] Placing additional elements for SW53
13:38:51: [INFO] Placing additional elements for SW52
13:38:51: [INFO] Placing additional elements for SW51
13:38:51: [INFO] Placing additional elements for SW50
13:38:51: [INFO] Placing additional elements for SW49
13:38:51: [INFO] Placing additional elements for SW48
13:38:51: [INFO] Placing additional elements for SW47
13:38:51: [INFO] Placing additional elements for SW46
13:38:51: [INFO] Placing additional elements for SW45
13:38:51: [INFO] Placing additional elements for SW44a
13:38:51: [INFO] Placing additional elements for SW44
13:38:51: [INFO] Placing additional elements for SW43
13:38:51: [INFO] Placing additional elements for SW42
13:38:51: [INFO] Placing additional elements for SW41
13:38:51: [INFO] Placing additional elements for SW40
13:38:51: [INFO] Placing additional elements for SW39
13:38:51: [INFO] Placing additional elements for SW38
13:38:51: [INFO] Placing additional elements for SW37
13:38:51: [INFO] Placing additional elements for SW36
13:38:51: [INFO] Placing additional elements for SW35
13:38:51: [INFO] Placing additional elements for SW34
13:38:51: [INFO] Placing additional elements for SW33
13:38:51: [INFO] Placing additional elements for SW32
13:38:51: [INFO] Placing additional elements for SW31
13:38:51: [INFO] Placing additional elements for SW30a
13:38:51: [INFO] Placing additional elements for SW30
13:38:51: [INFO] Placing additional elements for SW29
13:38:51: [INFO] Placing additional elements for SW28
13:38:51: [INFO] Placing additional elements for SW27
13:38:51: [INFO] Placing additional elements for SW26
13:38:51: [INFO] Placing additional elements for SW25
13:38:51: [INFO] Placing additional elements for SW24
13:38:51: [INFO] Placing additional elements for SW23
13:38:51: [INFO] Placing additional elements for SW22
13:38:51: [INFO] Placing additional elements for SW21
13:38:51: [INFO] Placing additional elements for SW20
13:38:51: [INFO] Placing additional elements for SW19
13:38:51: [INFO] Placing additional elements for SW18
13:38:51: [INFO] Placing additional elements for SW17
13:38:51: [INFO] Placing additional elements for SW16
13:38:51: [INFO] Placing additional elements for SW15
13:38:51: [INFO] Placing additional elements for SW14
13:38:51: [INFO] Placing additional elements for SW13
13:38:51: [INFO] Placing additional elements for SW12
13:38:51: [INFO] Placing additional elements for SW11
13:38:51: [INFO] Placing additional elements for SW10
13:38:51: [INFO] Placing additional elements for SW9
13:38:51: [INFO] Placing additional elements for SW8
13:38:51: [INFO] Placing additional elements for SW7
13:38:51: [INFO] Placing additional elements for SW6
13:38:51: [INFO] Placing additional elements for SW5
13:38:51: [INFO] Placing additional elements for SW4
13:38:51: [INFO] Placing additional elements for SW3
13:38:51: [INFO] Placing additional elements for SW2
13:38:51: [INFO] Placing additional elements for SW1
13:38:51: [INFO] Routing SW90 with D90
13:38:51: [INFO] Using internal autorouter method
13:38:51: [INFO] Routing pad 'SW90:2' at (59690000, 33020000) with pad 'D90:2' at (62230000, 40700000) using coordinate system rotated by 0 degree(s)
13:38:51: [INFO] Adding track segment (B.Cu): [(59690000, 33020000), (59690000, 38160000)]
13:38:51: [INFO] Adding track segment (B.Cu): [(59690000, 38160000), (62230000, 40700000)]
13:38:51: [INFO] Routing SW89 with D89
13:38:51: [INFO] Using internal autorouter method
13:38:51: [INFO] Routing pad 'SW89:2' at (397827500, 137795000) with pad 'D89:2' at (400367500, 145475000) using coordinate system rotated by 0 degree(s)
13:38:51: [INFO] Adding track segment (B.Cu): [(397827500, 137795000), (397827500, 142935000)]
13:38:51: [INFO] Adding track segment (B.Cu): [(397827500, 142935000), (400367500, 145475000)]
13:38:51: [INFO] Routing SW88 with D88
13:38:51: [INFO] Using internal autorouter method
13:38:51: [INFO] Routing pad 'SW88:2' at (378777500, 137795000) with pad 'D88:2' at (381317500, 145475000) using coordinate system rotated by 0 degree(s)
13:38:51: [INFO] Adding track segment (B.Cu): [(378777500, 137795000), (378777500, 142935000)]
13:38:51: [INFO] Adding track segment (B.Cu): [(378777500, 142935000), (381317500, 145475000)]
13:38:51: [INFO] Routing SW87 with D87
13:38:51: [INFO] Using internal autorouter method
13:38:51: [INFO] Routing pad 'SW87:2' at (359727500, 137795000) with pad 'D87:2' at (362267500, 145475000) using coordinate system rotated by 0 degree(s)
13:38:51: [INFO] Adding track segment (B.Cu): [(359727500, 137795000), (359727500, 142935000)]
13:38:51: [INFO] Adding track segment (B.Cu): [(359727500, 142935000), (362267500, 145475000)]
13:38:51: [INFO] Routing SW86 with D86
13:38:51: [INFO] Using internal autorouter method
13:38:51: [INFO] Routing pad 'SW86:2' at (333533750, 133032500) with pad 'D86:2' at (336073750, 140712500) using coordinate system rotated by 0 degree(s)
13:38:51: [INFO] Adding track segment (B.Cu): [(333533750, 133032500), (333533750, 138172500)]
13:38:51: [INFO] Adding track segment (B.Cu): [(333533750, 138172500), (336073750, 140712500)]
13:38:51: [INFO] Routing SW85 with D85
13:38:51: [INFO] Using internal autorouter method
13:38:51: [INFO] Routing pad 'SW85:2' at (309721250, 133032500) with pad 'D85:2' at (312261250, 140712500) using coordinate system rotated by 0 degree(s)
13:38:51: [INFO] Adding track segment (B.Cu): [(309721250, 133032500), (309721250, 138172500)]
13:38:51: [INFO] Adding track segment (B.Cu): [(309721250, 138172500), (312261250, 140712500)]
13:38:51: [INFO] Routing SW84 with D84
13:38:51: [INFO] Using internal autorouter method
13:38:51: [INFO] Routing pad 'SW84:2' at (273079013, 138077378) with pad 'D84:2' at (277401523, 144914767) using coordinate system rotated by 346.0 degree(s)
13:38:51: [INFO] Adding track segment (B.Cu): [(273079013, 138077378), (274322491, 143064697)]
13:38:51: [INFO] Adding track segment (B.Cu): [(274322491, 143064697), (277401523, 144914767)]
13:38:51: [INFO] Routing SW83 with D83
13:38:51: [INFO] Using internal autorouter method
13:38:51: [INFO] Routing pad 'SW83:2' at (236709866, 149697540) with pad 'D83:2' at (241032376, 156534929) using coordinate system rotated by 346.0 degree(s)
13:38:51: [INFO] Adding track segment (B.Cu): [(236709866, 149697540), (237953343, 154684859)]
13:38:51: [INFO] Adding track segment (B.Cu): [(237953343, 154684859), (241032376, 156534929)]
13:38:51: [INFO] Routing SW82 with D82
13:38:51: [INFO] Using internal autorouter method
13:38:51: [INFO] Routing pad 'SW82:2' at (215927637, 135245942) with pad 'D82:2' at (220250147, 142083331) using coordinate system rotated by 346.0 degree(s)
13:38:51: [INFO] Adding track segment (B.Cu): [(215927637, 135245942), (217171114, 140233261)]
13:38:51: [INFO] Adding track segment (B.Cu): [(217171114, 140233261), (220250147, 142083331)]
13:38:51: [INFO] Routing SW81 with D81
13:38:51: [INFO] Using internal autorouter method
13:38:51: [INFO] Routing pad 'SW81:2' at (184288965, 136474905) with pad 'D81:2' at (184895556, 144541258) using coordinate system rotated by 14.0 degree(s)
13:38:51: [INFO] Adding track segment (B.Cu): [(184288965, 136474905), (183045485, 141462224)]
13:38:51: [INFO] Adding track segment (B.Cu): [(183045485, 141462224), (184895556, 144541258)]
13:38:51: [INFO] Routing SW80 with D80
13:38:51: [INFO] Using internal autorouter method
13:38:51: [INFO] Routing pad 'SW80:2' at (170438286, 152654732) with pad 'D80:2' at (171044877, 160721085) using coordinate system rotated by 14.0 degree(s)
13:38:52: [INFO] Adding track segment (B.Cu): [(170438286, 152654732), (169194806, 157642052)]
13:38:52: [INFO] Adding track segment (B.Cu): [(169194806, 157642052), (171044877, 160721085)]
13:38:52: [INFO] Routing SW79 with D79
13:38:52: [INFO] Using internal autorouter method
13:38:52: [INFO] Routing pad 'SW79:2' at (141000689, 142762800) with pad 'D79:2' at (141607280, 150829153) using coordinate system rotated by 14.0 degree(s)
13:38:52: [INFO] Adding track segment (B.Cu): [(141000689, 142762800), (139757210, 147750119)]
13:38:52: [INFO] Adding track segment (B.Cu): [(139757210, 147750119), (141607280, 150829153)]
13:38:52: [INFO] Routing SW78 with D78
13:38:52: [INFO] Using internal autorouter method
13:38:52: [INFO] Routing pad 'SW78:2' at (117895522, 137002035) with pad 'D78:2' at (118502113, 145068388) using coordinate system rotated by 14.0 degree(s)
13:38:52: [INFO] Adding track segment (B.Cu): [(117895522, 137002035), (116652043, 141989355)]
13:38:52: [INFO] Adding track segment (B.Cu): [(116652043, 141989355), (118502113, 145068388)]
13:38:52: [INFO] Routing SW77 with D77
13:38:52: [INFO] Using internal autorouter method
13:38:52: [INFO] Routing pad 'SW77:2' at (81121250, 133032500) with pad 'D77:2' at (83661250, 140712500) using coordinate system rotated by 0 degree(s)
13:38:52: [INFO] Adding track segment (B.Cu): [(81121250, 133032500), (81121250, 138172500)]
13:38:52: [INFO] Adding track segment (B.Cu): [(81121250, 138172500), (83661250, 140712500)]
13:38:52: [INFO] Routing SW76 with D76
13:38:52: [INFO] Using internal autorouter method
13:38:52: [INFO] Routing pad 'SW76:2' at (57308750, 133032500) with pad 'D76:2' at (59848750, 140712500) using coordinate system rotated by 0 degree(s)
13:38:52: [INFO] Adding track segment (B.Cu): [(57308750, 133032500), (57308750, 138172500)]
13:38:52: [INFO] Adding track segment (B.Cu): [(57308750, 138172500), (59848750, 140712500)]
13:38:52: [INFO] Routing SW75 with D75
13:38:52: [INFO] Using internal autorouter method
13:38:52: [INFO] Routing pad 'SW75:2' at (47783750, 113982500) with pad 'D75:2' at (50323750, 121662500) using coordinate system rotated by 0 degree(s)
13:38:52: [INFO] Adding track segment (B.Cu): [(47783750, 113982500), (47783750, 119122500)]
13:38:52: [INFO] Adding track segment (B.Cu): [(47783750, 119122500), (50323750, 121662500)]
13:38:52: [INFO] Routing SW74 with D74
13:38:52: [INFO] Using internal autorouter method
13:38:52: [INFO] Routing pad 'SW74:2' at (378777500, 118745000) with pad 'D74:2' at (381317500, 126425000) using coordinate system rotated by 0 degree(s)
13:38:52: [INFO] Adding track segment (B.Cu): [(378777500, 118745000), (378777500, 123885000)]
13:38:52: [INFO] Adding track segment (B.Cu): [(378777500, 123885000), (381317500, 126425000)]
13:38:52: [INFO] Routing SW73a with D73
13:38:52: [INFO] Using internal autorouter method
13:38:52: [INFO] Routing pad 'SW73a:2' at (352583750, 113982500) with pad 'D73:2' at (345598750, 121662500) using coordinate system rotated by 0 degree(s)
13:38:52: [INFO] Routing SW73 with D73
13:38:52: [INFO] Using internal autorouter method
13:38:52: [INFO] Routing pad 'SW73:2' at (343058750, 113982500) with pad 'D73:2' at (345598750, 121662500) using coordinate system rotated by 0 degree(s)
13:38:52: [INFO] Adding track segment (B.Cu): [(343058750, 113982500), (343058750, 119122500)]
13:38:52: [INFO] Adding track segment (B.Cu): [(343058750, 119122500), (345598750, 121662500)]
13:38:52: [INFO] Routing SW72 with D72
13:38:52: [INFO] Using internal autorouter method
13:38:52: [INFO] Routing pad 'SW72:2' at (331152500, 113982500) with pad 'D72:2' at (333692500, 121662500) using coordinate system rotated by 0 degree(s)
13:38:52: [INFO] Adding track segment (B.Cu): [(331152500, 113982500), (331152500, 119122500)]
13:38:52: [INFO] Adding track segment (B.Cu): [(331152500, 119122500), (333692500, 121662500)]
13:38:52: [INFO] Routing SW71 with D71
13:38:52: [INFO] Using internal autorouter method
13:38:52: [INFO] Routing pad 'SW71:2' at (312102500, 113982500) with pad 'D71:2' at (314642500, 121662500) using coordinate system rotated by 0 degree(s)
13:38:52: [INFO] Adding track segment (B.Cu): [(312102500, 113982500), (312102500, 119122500)]
13:38:52: [INFO] Adding track segment (B.Cu): [(312102500, 119122500), (314642500, 121662500)]
13:38:52: [INFO] Routing SW70 with D70
13:38:52: [INFO] Using internal autorouter method
13:38:52: [INFO] Routing pad 'SW70:2' at (289265051, 114408556) with pad 'D70:2' at (293587561, 121245945) using coordinate system rotated by 346.0 degree(s)
13:38:52: [INFO] Adding track segment (B.Cu): [(289265051, 114408556), (290508529, 119395876)]
13:38:52: [INFO] Adding track segment (B.Cu): [(290508529, 119395876), (293587561, 121245945)]
13:38:52: [INFO] Routing SW69 with D69
13:38:52: [INFO] Using internal autorouter method
13:38:52: [INFO] Routing pad 'SW69:2' at (270227884, 116799072) with pad 'D69:2' at (274550394, 123636461) using coordinate system rotated by 346.0 degree(s)
13:38:52: [INFO] Adding track segment (B.Cu): [(270227884, 116799072), (271471362, 121786392)]
13:38:52: [INFO] Adding track segment (B.Cu): [(271471362, 121786392), (274550394, 123636461)]
13:38:52: [INFO] Routing SW68 with D68
13:38:52: [INFO] Using internal autorouter method
13:38:52: [INFO] Routing pad 'SW68:2' at (252296784, 123625780) with pad 'D68:2' at (256619294, 130463169) using coordinate system rotated by 346.0 degree(s)
13:38:52: [INFO] Adding track segment (B.Cu): [(252296784, 123625780), (253540262, 128613099)]
13:38:52: [INFO] Adding track segment (B.Cu): [(253540262, 128613099), (256619294, 130463169)]
13:38:52: [INFO] Routing SW67 with D67
13:38:52: [INFO] Using internal autorouter method
13:38:52: [INFO] Routing pad 'SW67:2' at (234411770, 130637330) with pad 'D67:2' at (238734280, 137474719) using coordinate system rotated by 346.0 degree(s)
13:38:52: [INFO] Adding track segment (B.Cu): [(234411770, 130637330), (235655248, 135624650)]
13:38:52: [INFO] Adding track segment (B.Cu): [(235655248, 135624650), (238734280, 137474719)]
13:38:52: [INFO] Routing SW66 with D66
13:38:52: [INFO] Using internal autorouter method
13:38:52: [INFO] Routing pad 'SW66:2' at (165804832, 131866293) with pad 'D66:2' at (166411423, 139932646) using coordinate system rotated by 14.0 degree(s)
13:38:52: [INFO] Adding track segment (B.Cu): [(165804832, 131866293), (164561353, 136853612)]
13:38:52: [INFO] Adding track segment (B.Cu): [(164561353, 136853612), (166411423, 139932646)]
13:38:52: [INFO] Routing SW65 with D65
13:38:52: [INFO] Using internal autorouter method
13:38:52: [INFO] Routing pad 'SW65:2' at (147919818, 124854743) with pad 'D65:2' at (148526409, 132921096) using coordinate system rotated by 14.0 degree(s)
13:38:52: [INFO] Adding track segment (B.Cu): [(147919818, 124854743), (146676339, 129842062)]
13:38:52: [INFO] Adding track segment (B.Cu): [(146676339, 129842062), (148526409, 132921096)]
13:38:52: [INFO] Routing SW64 with D64
13:38:52: [INFO] Using internal autorouter method
13:38:52: [INFO] Routing pad 'SW64:2' at (129988718, 118028035) with pad 'D64:2' at (130595309, 126094388) using coordinate system rotated by 14.0 degree(s)
13:38:52: [INFO] Adding track segment (B.Cu): [(129988718, 118028035), (128745238, 123015355)]
13:38:52: [INFO] Adding track segment (B.Cu): [(128745238, 123015355), (130595309, 126094388)]
13:38:52: [INFO] Routing SW63 with D63
13:38:52: [INFO] Using internal autorouter method
13:38:52: [INFO] Routing pad 'SW63:2' at (110951551, 115637519) with pad 'D63:2' at (111558142, 123703872) using coordinate system rotated by 14.0 degree(s)
13:38:52: [INFO] Adding track segment (B.Cu): [(110951551, 115637519), (109708071, 120624838)]
13:38:52: [INFO] Adding track segment (B.Cu): [(109708071, 120624838), (111558142, 123703872)]
13:38:52: [INFO] Routing SW62 with D62
13:38:52: [INFO] Using internal autorouter method
13:38:52: [INFO] Routing pad 'SW62:2' at (88265000, 113982500) with pad 'D62:2' at (90805000, 121662500) using coordinate system rotated by 0 degree(s)
13:38:52: [INFO] Adding track segment (B.Cu): [(88265000, 113982500), (88265000, 119122500)]
13:38:52: [INFO] Adding track segment (B.Cu): [(88265000, 119122500), (90805000, 121662500)]
13:38:52: [INFO] Routing SW61a with D61
13:38:52: [INFO] Using internal autorouter method
13:38:52: [INFO] Routing pad 'SW61a:2' at (69215000, 113982500) with pad 'D61:2' at (59848750, 121662500) using coordinate system rotated by 0 degree(s)
13:38:52: [INFO] Routing SW61 with D61
13:38:52: [INFO] Using internal autorouter method
13:38:52: [INFO] Routing pad 'SW61:2' at (57308750, 113982500) with pad 'D61:2' at (59848750, 121662500) using coordinate system rotated by 0 degree(s)
13:38:52: [INFO] Adding track segment (B.Cu): [(57308750, 113982500), (57308750, 119122500)]
13:38:52: [INFO] Adding track segment (B.Cu): [(57308750, 119122500), (59848750, 121662500)]
13:38:52: [INFO] Routing SW60 with D60
13:38:52: [INFO] Using internal autorouter method
13:38:52: [INFO] Routing pad 'SW60:2' at (393065000, 94932500) with pad 'D60:2' at (395605000, 102612500) using coordinate system rotated by 0 degree(s)
13:38:52: [INFO] Adding track segment (B.Cu): [(393065000, 94932500), (393065000, 100072500)]
13:38:52: [INFO] Adding track segment (B.Cu): [(393065000, 100072500), (395605000, 102612500)]
13:38:52: [INFO] Routing SW59 with D59
13:38:52: [INFO] Using internal autorouter method
13:38:52: [INFO] Routing pad 'SW59:2' at (397827500, 75882500) with pad 'D59:2' at (400367500, 83562500) using coordinate system rotated by 0 degree(s)
13:38:52: [INFO] Adding track segment (B.Cu): [(397827500, 75882500), (397827500, 81022500)]
13:38:52: [INFO] Adding track segment (B.Cu): [(397827500, 81022500), (400367500, 83562500)]
13:38:52: [INFO] Routing SW58a with D58
13:38:52: [INFO] Using internal autorouter method
13:38:52: [INFO] Routing pad 'SW58a:2' at (366871250, 85407500) with pad 'D58:2' at (359886250, 102612500) using coordinate system rotated by 0 degree(s)
13:38:52: [INFO] Routing SW58 with D58
13:38:52: [INFO] Using internal autorouter method
13:38:52: [INFO] Routing pad 'SW58:2' at (357346250, 94932500) with pad 'D58:2' at (359886250, 102612500) using coordinate system rotated by 0 degree(s)
13:38:52: [INFO] Adding track segment (B.Cu): [(357346250, 94932500), (357346250, 100072500)]
13:38:52: [INFO] Adding track segment (B.Cu): [(357346250, 100072500), (359886250, 102612500)]
13:38:52: [INFO] Routing SW57 with D57
13:38:52: [INFO] Using internal autorouter method
13:38:52: [INFO] Routing pad 'SW57:2' at (326390000, 94932500) with pad 'D57:2' at (328930000, 102612500) using coordinate system rotated by 0 degree(s)
13:38:52: [INFO] Adding track segment (B.Cu): [(326390000, 94932500), (326390000, 100072500)]
13:38:52: [INFO] Adding track segment (B.Cu): [(326390000, 100072500), (328930000, 102612500)]
13:38:52: [INFO] Routing SW56 with D56
13:38:52: [INFO] Using internal autorouter method
13:38:52: [INFO] Routing pad 'SW56:2' at (307340000, 94932500) with pad 'D56:2' at (309880000, 102612500) using coordinate system rotated by 0 degree(s)
13:38:52: [INFO] Adding track segment (B.Cu): [(307340000, 94932500), (307340000, 100072500)]
13:38:52: [INFO] Adding track segment (B.Cu): [(307340000, 100072500), (309880000, 102612500)]
13:38:52: [INFO] Routing SW55 with D55
13:38:52: [INFO] Using internal autorouter method
13:38:52: [INFO] Routing pad 'SW55:2' at (284656439, 95924422) with pad 'D55:2' at (288978949, 102761811) using coordinate system rotated by 346.0 degree(s)
13:38:52: [INFO] Adding track segment (B.Cu): [(284656439, 95924422), (285899917, 100911742)]
13:38:52: [INFO] Adding track segment (B.Cu): [(285899917, 100911742), (288978949, 102761811)]
13:38:52: [INFO] Routing SW54 with D54
13:38:52: [INFO] Using internal autorouter method
13:38:52: [INFO] Routing pad 'SW54:2' at (265619272, 98314939) with pad 'D54:2' at (269941782, 105152328) using coordinate system rotated by 346.0 degree(s)
13:38:52: [INFO] Adding track segment (B.Cu): [(265619272, 98314939), (266862750, 103302260)]
13:38:52: [INFO] Adding track segment (B.Cu): [(266862750, 103302260), (269941782, 105152328)]
13:38:52: [INFO] Routing SW53 with D53
13:38:52: [INFO] Using internal autorouter method
13:38:52: [INFO] Routing pad 'SW53:2' at (247688172, 105141647) with pad 'D53:2' at (252010682, 111979036) using coordinate system rotated by 346.0 degree(s)
13:38:52: [INFO] Adding track segment (B.Cu): [(247688172, 105141647), (248931650, 110128966)]
13:38:52: [INFO] Adding track segment (B.Cu): [(248931650, 110128966), (252010682, 111979036)]
13:38:52: [INFO] Routing SW52 with D52
13:38:52: [INFO] Using internal autorouter method
13:38:52: [INFO] Routing pad 'SW52:2' at (229803158, 112153196) with pad 'D52:2' at (234125668, 118990585) using coordinate system rotated by 346.0 degree(s)
13:38:52: [INFO] Adding track segment (B.Cu): [(229803158, 112153196), (231046636, 117140515)]
13:38:52: [INFO] Adding track segment (B.Cu): [(231046636, 117140515), (234125668, 118990585)]
13:38:52: [INFO] Routing SW51 with D51
13:38:52: [INFO] Using internal autorouter method
13:38:52: [INFO] Routing pad 'SW51:2' at (170413444, 113382159) with pad 'D51:2' at (171020035, 121448512) using coordinate system rotated by 14.0 degree(s)
13:38:52: [INFO] Adding track segment (B.Cu): [(170413444, 113382159), (169169965, 118369479)]
13:38:52: [INFO] Adding track segment (B.Cu): [(169169965, 118369479), (171020035, 121448512)]
13:38:52: [INFO] Routing SW50 with D50
13:38:52: [INFO] Using internal autorouter method
13:38:52: [INFO] Routing pad 'SW50:2' at (152528430, 106370610) with pad 'D50:2' at (153135021, 114436963) using coordinate system rotated by 14.0 degree(s)
13:38:52: [INFO] Adding track segment (B.Cu): [(152528430, 106370610), (151284951, 111357929)]
13:38:52: [INFO] Adding track segment (B.Cu): [(151284951, 111357929), (153135021, 114436963)]
13:38:52: [INFO] Routing SW49 with D49
13:38:52: [INFO] Using internal autorouter method
13:38:52: [INFO] Routing pad 'SW49:2' at (134597330, 99543902) with pad 'D49:2' at (135203921, 107610255) using coordinate system rotated by 14.0 degree(s)
13:38:52: [INFO] Adding track segment (B.Cu): [(134597330, 99543902), (133353851, 104531221)]
13:38:52: [INFO] Adding track segment (B.Cu): [(133353851, 104531221), (135203921, 107610255)]
13:38:52: [INFO] Routing SW48 with D48
13:38:52: [INFO] Using internal autorouter method
13:38:52: [INFO] Routing pad 'SW48:2' at (115560163, 97153385) with pad 'D48:2' at (116166754, 105219738) using coordinate system rotated by 14.0 degree(s)
13:38:52: [INFO] Adding track segment (B.Cu): [(115560163, 97153385), (114316684, 102140704)]
13:38:52: [INFO] Adding track segment (B.Cu): [(114316684, 102140704), (116166754, 105219738)]
13:38:52: [INFO] Routing SW47 with D47
13:38:52: [INFO] Using internal autorouter method
13:38:52: [INFO] Routing pad 'SW47:2' at (93027500, 94932500) with pad 'D47:2' at (95567500, 102612500) using coordinate system rotated by 0 degree(s)
13:38:52: [INFO] Adding track segment (B.Cu): [(93027500, 94932500), (93027500, 100072500)]
13:38:52: [INFO] Adding track segment (B.Cu): [(93027500, 100072500), (95567500, 102612500)]
13:38:52: [INFO] Routing SW46 with D46
13:38:52: [INFO] Using internal autorouter method
13:38:52: [INFO] Routing pad 'SW46:2' at (66833750, 94932500) with pad 'D46:2' at (69373750, 102612500) using coordinate system rotated by 0 degree(s)
13:38:52: [INFO] Adding track segment (B.Cu): [(66833750, 94932500), (66833750, 100072500)]
13:38:52: [INFO] Adding track segment (B.Cu): [(66833750, 100072500), (69373750, 102612500)]
13:38:52: [INFO] Routing SW45 with D45
13:38:52: [INFO] Using internal autorouter method
13:38:52: [INFO] Routing pad 'SW45:2' at (402590000, 56832500) with pad 'D45:2' at (405130000, 64512500) using coordinate system rotated by 0 degree(s)
13:38:52: [INFO] Adding track segment (B.Cu): [(402590000, 56832500), (402590000, 61972500)]
13:38:52: [INFO] Adding track segment (B.Cu): [(402590000, 61972500), (405130000, 64512500)]
13:38:52: [INFO] Routing SW44a with D44
13:38:52: [INFO] Using internal autorouter method
13:38:52: [INFO] Routing pad 'SW44a:2' at (345440000, 94932500) with pad 'D44:2' at (367030000, 83562500) using coordinate system rotated by 0 degree(s)
13:38:52: [INFO] Adding track segment (B.Cu): [(345440000, 94932500), (356810000, 83562500)]
13:38:52: [INFO] Adding track segment (B.Cu): [(356810000, 83562500), (367030000, 83562500)]
13:38:52: [INFO] Routing SW44 with D44
13:38:52: [INFO] Using internal autorouter method
13:38:52: [INFO] Routing pad 'SW44:2' at (364490000, 75882500) with pad 'D44:2' at (367030000, 83562500) using coordinate system rotated by 0 degree(s)
13:38:52: [INFO] Adding track segment (B.Cu): [(364490000, 75882500), (364490000, 81022500)]
13:38:52: [INFO] Adding track segment (B.Cu): [(364490000, 81022500), (367030000, 83562500)]
13:38:52: [INFO] Routing SW43 with D43
13:38:52: [INFO] Using internal autorouter method
13:38:52: [INFO] Routing pad 'SW43:2' at (340677500, 75882500) with pad 'D43:2' at (343217500, 83562500) using coordinate system rotated by 0 degree(s)
13:38:52: [INFO] Adding track segment (B.Cu): [(340677500, 75882500), (340677500, 81022500)]
13:38:52: [INFO] Adding track segment (B.Cu): [(340677500, 81022500), (343217500, 83562500)]
13:38:52: [INFO] Routing SW42 with D42
13:38:52: [INFO] Using internal autorouter method
13:38:52: [INFO] Routing pad 'SW42:2' at (321627500, 75882500) with pad 'D42:2' at (324167500, 83562500) using coordinate system rotated by 0 degree(s)
13:38:52: [INFO] Adding track segment (B.Cu): [(321627500, 75882500), (321627500, 81022500)]
13:38:52: [INFO] Adding track segment (B.Cu): [(321627500, 81022500), (324167500, 83562500)]
13:38:52: [INFO] Routing SW41 with D41
13:38:52: [INFO] Using internal autorouter method
13:38:52: [INFO] Routing pad 'SW41:2' at (302577500, 75882500) with pad 'D41:2' at (305117500, 83562500) using coordinate system rotated by 0 degree(s)
13:38:52: [INFO] Adding track segment (B.Cu): [(302577500, 75882500), (302577500, 81022500)]
13:38:52: [INFO] Adding track segment (B.Cu): [(302577500, 81022500), (305117500, 83562500)]
13:38:52: [INFO] Routing SW40 with D40
13:38:52: [INFO] Using internal autorouter method
13:38:52: [INFO] Routing pad 'SW40:2' at (280047827, 77440289) with pad 'D40:2' at (284370337, 84277678) using coordinate system rotated by 346.0 degree(s)
13:38:52: [INFO] Adding track segment (B.Cu): [(280047827, 77440289), (281291305, 82427608)]
13:38:52: [INFO] Adding track segment (B.Cu): [(281291305, 82427608), (284370337, 84277678)]
13:38:52: [INFO] Routing SW39 with D39
13:38:52: [INFO] Using internal autorouter method
13:38:52: [INFO] Routing pad 'SW39:2' at (261010660, 79830805) with pad 'D39:2' at (265333170, 86668194) using coordinate system rotated by 346.0 degree(s)
13:38:52: [INFO] Adding track segment (B.Cu): [(261010660, 79830805), (262254138, 84818124)]
13:38:52: [INFO] Adding track segment (B.Cu): [(262254138, 84818124), (265333170, 86668194)]
13:38:52: [INFO] Routing SW38 with D38
13:38:52: [INFO] Using internal autorouter method
13:38:52: [INFO] Routing pad 'SW38:2' at (243079560, 86657513) with pad 'D38:2' at (247402070, 93494902) using coordinate system rotated by 346.0 degree(s)
13:38:52: [INFO] Adding track segment (B.Cu): [(243079560, 86657513), (244323038, 91644832)]
13:38:52: [INFO] Adding track segment (B.Cu): [(244323038, 91644832), (247402070, 93494902)]
13:38:52: [INFO] Routing SW37 with D37
13:38:52: [INFO] Using internal autorouter method
13:38:52: [INFO] Routing pad 'SW37:2' at (225194546, 93669063) with pad 'D37:2' at (229517056, 100506452) using coordinate system rotated by 346.0 degree(s)
13:38:52: [INFO] Adding track segment (B.Cu): [(225194546, 93669063), (226438024, 98656383)]
13:38:52: [INFO] Adding track segment (B.Cu): [(226438024, 98656383), (229517056, 100506452)]
13:38:52: [INFO] Routing SW36 with D36
13:38:52: [INFO] Using internal autorouter method
13:38:52: [INFO] Routing pad 'SW36:2' at (175022056, 94898026) with pad 'D36:2' at (175628647, 102964379) using coordinate system rotated by 14.0 degree(s)
13:38:52: [INFO] Adding track segment (B.Cu): [(175022056, 94898026), (173778577, 99885345)]
13:38:53: [INFO] Adding track segment (B.Cu): [(173778577, 99885345), (175628647, 102964379)]
13:38:53: [INFO] Routing SW35 with D35
13:38:53: [INFO] Using internal autorouter method
13:38:53: [INFO] Routing pad 'SW35:2' at (157137042, 87886476) with pad 'D35:2' at (157743633, 95952829) using coordinate system rotated by 14.0 degree(s)
13:38:53: [INFO] Adding track segment (B.Cu): [(157137042, 87886476), (155893563, 92873796)]
13:38:53: [INFO] Adding track segment (B.Cu): [(155893563, 92873796), (157743633, 95952829)]
13:38:53: [INFO] Routing SW34 with D34
13:38:53: [INFO] Using internal autorouter method
13:38:53: [INFO] Routing pad 'SW34:2' at (139205942, 81059768) with pad 'D34:2' at (139812533, 89126121) using coordinate system rotated by 14.0 degree(s)
13:38:53: [INFO] Adding track segment (B.Cu): [(139205942, 81059768), (137962463, 86047087)]
13:38:53: [INFO] Adding track segment (B.Cu): [(137962463, 86047087), (139812533, 89126121)]
13:38:53: [INFO] Routing SW33 with D33
13:38:53: [INFO] Using internal autorouter method
13:38:53: [INFO] Routing pad 'SW33:2' at (120168775, 78669252) with pad 'D33:2' at (120775366, 86735605) using coordinate system rotated by 14.0 degree(s)
13:38:53: [INFO] Adding track segment (B.Cu): [(120168775, 78669252), (118925296, 83656571)]
13:38:53: [INFO] Adding track segment (B.Cu): [(118925296, 83656571), (120775366, 86735605)]
13:38:53: [INFO] Routing SW32 with D32
13:38:53: [INFO] Using internal autorouter method
13:38:53: [INFO] Routing pad 'SW32:2' at (97790000, 75882500) with pad 'D32:2' at (100330000, 83562500) using coordinate system rotated by 0 degree(s)
13:38:53: [INFO] Adding track segment (B.Cu): [(97790000, 75882500), (97790000, 81022500)]
13:38:53: [INFO] Adding track segment (B.Cu): [(97790000, 81022500), (100330000, 83562500)]
13:38:53: [INFO] Routing SW31 with D31
13:38:53: [INFO] Using internal autorouter method
13:38:53: [INFO] Routing pad 'SW31:2' at (73977500, 75882500) with pad 'D31:2' at (76517500, 83562500) using coordinate system rotated by 0 degree(s)
13:38:53: [INFO] Adding track segment (B.Cu): [(73977500, 75882500), (73977500, 81022500)]
13:38:53: [INFO] Adding track segment (B.Cu): [(73977500, 81022500), (76517500, 83562500)]
13:38:53: [INFO] Routing SW30a with D30
13:38:53: [INFO] Using internal autorouter method
13:38:53: [INFO] Routing pad 'SW30a:2' at (374015000, 56832500) with pad 'D30:2' at (367030000, 64512500) using coordinate system rotated by 0 degree(s)
13:38:53: [INFO] Routing SW30 with D30
13:38:53: [INFO] Using internal autorouter method
13:38:53: [INFO] Routing pad 'SW30:2' at (364490000, 56832500) with pad 'D30:2' at (367030000, 64512500) using coordinate system rotated by 0 degree(s)
13:38:53: [INFO] Adding track segment (B.Cu): [(364490000, 56832500), (364490000, 61972500)]
13:38:53: [INFO] Adding track segment (B.Cu): [(364490000, 61972500), (367030000, 64512500)]
13:38:53: [INFO] Routing SW29 with D29
13:38:53: [INFO] Using internal autorouter method
13:38:53: [INFO] Routing pad 'SW29:2' at (354965000, 56832500) with pad 'D29:2' at (357505000, 64512500) using coordinate system rotated by 0 degree(s)
13:38:53: [INFO] Adding track segment (B.Cu): [(354965000, 56832500), (354965000, 61972500)]
13:38:53: [INFO] Adding track segment (B.Cu): [(354965000, 61972500), (357505000, 64512500)]
13:38:53: [INFO] Routing SW28 with D28
13:38:53: [INFO] Using internal autorouter method
13:38:53: [INFO] Routing pad 'SW28:2' at (335915000, 56832500) with pad 'D28:2' at (338455000, 64512500) using coordinate system rotated by 0 degree(s)
13:38:53: [INFO] Adding track segment (B.Cu): [(335915000, 56832500), (335915000, 61972500)]
13:38:53: [INFO] Adding track segment (B.Cu): [(335915000, 61972500), (338455000, 64512500)]
13:38:53: [INFO] Routing SW27 with D27
13:38:53: [INFO] Using internal autorouter method
13:38:53: [INFO] Routing pad 'SW27:2' at (316865000, 56832500) with pad 'D27:2' at (319405000, 64512500) using coordinate system rotated by 0 degree(s)
13:38:53: [INFO] Adding track segment (B.Cu): [(316865000, 56832500), (316865000, 61972500)]
13:38:53: [INFO] Adding track segment (B.Cu): [(316865000, 61972500), (319405000, 64512500)]
13:38:53: [INFO] Routing SW26 with D26
13:38:53: [INFO] Using internal autorouter method
13:38:53: [INFO] Routing pad 'SW26:2' at (297815000, 56832500) with pad 'D26:2' at (300355000, 64512500) using coordinate system rotated by 0 degree(s)
13:38:53: [INFO] Adding track segment (B.Cu): [(297815000, 56832500), (297815000, 61972500)]
13:38:53: [INFO] Adding track segment (B.Cu): [(297815000, 61972500), (300355000, 64512500)]
13:38:53: [INFO] Routing SW25 with D25
13:38:53: [INFO] Using internal autorouter method
13:38:53: [INFO] Routing pad 'SW25:2' at (275439215, 58956155) with pad 'D25:2' at (279761725, 65793544) using coordinate system rotated by 346.0 degree(s)
13:38:53: [INFO] Adding track segment (B.Cu): [(275439215, 58956155), (276682693, 63943474)]
13:38:53: [INFO] Adding track segment (B.Cu): [(276682693, 63943474), (279761725, 65793544)]
13:38:53: [INFO] Routing SW24 with D24
13:38:53: [INFO] Using internal autorouter method
13:38:53: [INFO] Routing pad 'SW24:2' at (256402048, 61346671) with pad 'D24:2' at (260724558, 68184060) using coordinate system rotated by 346.0 degree(s)
13:38:53: [INFO] Adding track segment (B.Cu): [(256402048, 61346671), (257645526, 66333990)]
13:38:53: [INFO] Adding track segment (B.Cu): [(257645526, 66333990), (260724558, 68184060)]
13:38:53: [INFO] Routing SW23 with D23
13:38:53: [INFO] Using internal autorouter method
13:38:53: [INFO] Routing pad 'SW23:2' at (238470948, 68173379) with pad 'D23:2' at (242793458, 75010768) using coordinate system rotated by 346.0 degree(s)
13:38:53: [INFO] Adding track segment (B.Cu): [(238470948, 68173379), (239714425, 73160699)]
13:38:53: [INFO] Adding track segment (B.Cu): [(239714425, 73160699), (242793458, 75010768)]
13:38:53: [INFO] Routing SW22 with D22
13:38:53: [INFO] Using internal autorouter method
13:38:53: [INFO] Routing pad 'SW22:2' at (220585934, 75184929) with pad 'D22:2' at (224908444, 82022318) using coordinate system rotated by 346.0 degree(s)
13:38:53: [INFO] Adding track segment (B.Cu): [(220585934, 75184929), (221829411, 80172248)]
13:38:53: [INFO] Adding track segment (B.Cu): [(221829411, 80172248), (224908444, 82022318)]
13:38:53: [INFO] Routing SW21 with D21
13:38:53: [INFO] Using internal autorouter method
13:38:53: [INFO] Routing pad 'SW21:2' at (179630668, 76413892) with pad 'D21:2' at (180237259, 84480245) using coordinate system rotated by 14.0 degree(s)
13:38:53: [INFO] Adding track segment (B.Cu): [(179630668, 76413892), (178387189, 81401211)]
13:38:53: [INFO] Adding track segment (B.Cu): [(178387189, 81401211), (180237259, 84480245)]
13:38:53: [INFO] Routing SW20 with D20
13:38:53: [INFO] Using internal autorouter method
13:38:53: [INFO] Routing pad 'SW20:2' at (161745654, 69402342) with pad 'D20:2' at (162352245, 77468695) using coordinate system rotated by 14.0 degree(s)
13:38:53: [INFO] Adding track segment (B.Cu): [(161745654, 69402342), (160502174, 74389660)]
13:38:53: [INFO] Adding track segment (B.Cu): [(160502174, 74389660), (162352245, 77468695)]
13:38:53: [INFO] Routing SW19 with D19
13:38:53: [INFO] Using internal autorouter method
13:38:53: [INFO] Routing pad 'SW19:2' at (143814554, 62575634) with pad 'D19:2' at (144421145, 70641987) using coordinate system rotated by 14.0 degree(s)
13:38:53: [INFO] Adding track segment (B.Cu): [(143814554, 62575634), (142571075, 67562953)]
13:38:53: [INFO] Adding track segment (B.Cu): [(142571075, 67562953), (144421145, 70641987)]
13:38:53: [INFO] Routing SW18 with D18
13:38:53: [INFO] Using internal autorouter method
13:38:53: [INFO] Routing pad 'SW18:2' at (124777387, 60185118) with pad 'D18:2' at (125383978, 68251471) using coordinate system rotated by 14.0 degree(s)
13:38:53: [INFO] Adding track segment (B.Cu): [(124777387, 60185118), (123533908, 65172437)]
13:38:53: [INFO] Adding track segment (B.Cu): [(123533908, 65172437), (125383978, 68251471)]
13:38:53: [INFO] Routing SW17 with D17
13:38:53: [INFO] Using internal autorouter method
13:38:53: [INFO] Routing pad 'SW17:2' at (102552500, 56832500) with pad 'D17:2' at (105092500, 64512500) using coordinate system rotated by 0 degree(s)
13:38:53: [INFO] Adding track segment (B.Cu): [(102552500, 56832500), (102552500, 61972500)]
13:38:53: [INFO] Adding track segment (B.Cu): [(102552500, 61972500), (105092500, 64512500)]
13:38:53: [INFO] Routing SW16 with D16
13:38:53: [INFO] Using internal autorouter method
13:38:53: [INFO] Routing pad 'SW16:2' at (83502500, 56832500) with pad 'D16:2' at (86042500, 64512500) using coordinate system rotated by 0 degree(s)
13:38:53: [INFO] Adding track segment (B.Cu): [(83502500, 56832500), (83502500, 61972500)]
13:38:53: [INFO] Adding track segment (B.Cu): [(83502500, 61972500), (86042500, 64512500)]
13:38:53: [INFO] Routing SW15 with D15
13:38:53: [INFO] Using internal autorouter method
13:38:53: [INFO] Routing pad 'SW15:S2' at (392762500, 35600000) with pad 'D15:2' at (383342500, 38200000) using coordinate system rotated by 0 degree(s)
13:38:53: [INFO] Adding track segment (B.Cu): [(392762500, 35600000), (385942500, 35600000)]
13:38:53: [INFO] Adding track segment (B.Cu): [(385942500, 35600000), (383342500, 38200000)]
13:38:53: [INFO] Routing SW14 with D14
13:38:53: [INFO] Using internal autorouter method
13:38:53: [INFO] Routing pad 'SW14:2' at (352679000, 33020000) with pad 'D14:2' at (355219000, 40700000) using coordinate system rotated by 0 degree(s)
13:38:53: [INFO] Adding track segment (B.Cu): [(352679000, 33020000), (352679000, 38160000)]
13:38:53: [INFO] Adding track segment (B.Cu): [(352679000, 38160000), (355219000, 40700000)]
13:38:53: [INFO] Routing SW13 with D13
13:38:53: [INFO] Using internal autorouter method
13:38:53: [INFO] Routing pad 'SW13:2' at (333629000, 33020000) with pad 'D13:2' at (336169000, 40700000) using coordinate system rotated by 0 degree(s)
13:38:53: [INFO] Adding track segment (B.Cu): [(333629000, 33020000), (333629000, 38160000)]
13:38:53: [INFO] Adding track segment (B.Cu): [(333629000, 38160000), (336169000, 40700000)]
13:38:53: [INFO] Routing SW12 with D12
13:38:53: [INFO] Using internal autorouter method
13:38:53: [INFO] Routing pad 'SW12:2' at (312102500, 33020000) with pad 'D12:2' at (314642500, 40700000) using coordinate system rotated by 0 degree(s)
13:38:53: [INFO] Adding track segment (B.Cu): [(312102500, 33020000), (312102500, 38160000)]
13:38:53: [INFO] Adding track segment (B.Cu): [(312102500, 38160000), (314642500, 40700000)]
13:38:53: [INFO] Routing SW11 with D11
13:38:53: [INFO] Using internal autorouter method
13:38:53: [INFO] Routing pad 'SW11:2' at (293052500, 33020000) with pad 'D11:2' at (295592500, 40700000) using coordinate system rotated by 0 degree(s)
13:38:53: [INFO] Adding track segment (B.Cu): [(293052500, 33020000), (293052500, 38160000)]
13:38:53: [INFO] Adding track segment (B.Cu): [(293052500, 38160000), (295592500, 40700000)]
13:38:53: [INFO] Routing SW10 with D10
13:38:53: [INFO] Using internal autorouter method
13:38:53: [INFO] Routing pad 'SW10:2' at (269678450, 35850988) with pad 'D10:2' at (274000960, 42688377) using coordinate system rotated by 346.0 degree(s)
13:38:53: [INFO] Adding track segment (B.Cu): [(269678450, 35850988), (270921927, 40838307)]
13:38:53: [INFO] Adding track segment (B.Cu): [(270921927, 40838307), (274000960, 42688377)]
13:38:53: [INFO] Routing SW9 with D9
13:38:53: [INFO] Using internal autorouter method
13:38:53: [INFO] Routing pad 'SW9:2' at (250641283, 38241504) with pad 'D9:2' at (254963793, 45078893) using coordinate system rotated by 346.0 degree(s)
13:38:53: [INFO] Adding track segment (B.Cu): [(250641283, 38241504), (251884760, 43228823)]
13:38:53: [INFO] Adding track segment (B.Cu): [(251884760, 43228823), (254963793, 45078893)]
13:38:53: [INFO] Routing SW8 with D8
13:38:53: [INFO] Using internal autorouter method
13:38:53: [INFO] Routing pad 'SW8:2' at (232710183, 45068213) with pad 'D8:2' at (237032693, 51905602) using coordinate system rotated by 346.0 degree(s)
13:38:53: [INFO] Adding track segment (B.Cu): [(232710183, 45068213), (233953661, 50055533)]
13:38:53: [INFO] Adding track segment (B.Cu): [(233953661, 50055533), (237032693, 51905602)]
13:38:53: [INFO] Routing SW7 with D7
13:38:53: [INFO] Using internal autorouter method
13:38:53: [INFO] Routing pad 'SW7:2' at (214825169, 52079762) with pad 'D7:2' at (219147679, 58917151) using coordinate system rotated by 346.0 degree(s)
13:38:53: [INFO] Adding track segment (B.Cu): [(214825169, 52079762), (216068646, 57067081)]
13:38:53: [INFO] Adding track segment (B.Cu): [(216068646, 57067081), (219147679, 58917151)]
13:38:53: [INFO] Routing SW6 with D6
13:38:53: [INFO] Using internal autorouter method
13:38:53: [INFO] Routing pad 'SW6:2' at (185391433, 53308725) with pad 'D6:2' at (185998024, 61375078) using coordinate system rotated by 14.0 degree(s)
13:38:53: [INFO] Adding track segment (B.Cu): [(185391433, 53308725), (184147953, 58296044)]
13:38:53: [INFO] Adding track segment (B.Cu): [(184147953, 58296044), (185998024, 61375078)]
13:38:53: [INFO] Routing SW5 with D5
13:38:53: [INFO] Using internal autorouter method
13:38:53: [INFO] Routing pad 'SW5:2' at (167506419, 46297176) with pad 'D5:2' at (168113010, 54363529) using coordinate system rotated by 14.0 degree(s)
13:38:53: [INFO] Adding track segment (B.Cu): [(167506419, 46297176), (166262940, 51284495)]
13:38:53: [INFO] Adding track segment (B.Cu): [(166262940, 51284495), (168113010, 54363529)]
13:38:53: [INFO] Routing SW4 with D4
13:38:53: [INFO] Using internal autorouter method
13:38:53: [INFO] Routing pad 'SW4:2' at (149575319, 39470467) with pad 'D4:2' at (150181910, 47536820) using coordinate system rotated by 14.0 degree(s)
13:38:53: [INFO] Adding track segment (B.Cu): [(149575319, 39470467), (148331839, 44457785)]
13:38:53: [INFO] Adding track segment (B.Cu): [(148331839, 44457785), (150181910, 47536820)]
13:38:53: [INFO] Routing SW3 with D3
13:38:53: [INFO] Using internal autorouter method
13:38:53: [INFO] Routing pad 'SW3:2' at (130538152, 37079951) with pad 'D3:2' at (131144743, 45146304) using coordinate system rotated by 14.0 degree(s)
13:38:53: [INFO] Adding track segment (B.Cu): [(130538152, 37079951), (129294673, 42067271)]
13:38:53: [INFO] Adding track segment (B.Cu): [(129294673, 42067271), (131144743, 45146304)]
13:38:53: [INFO] Routing SW2 with D2
13:38:53: [INFO] Using internal autorouter method
13:38:53: [INFO] Routing pad 'SW2:2' at (107315000, 33020000) with pad 'D2:2' at (109855000, 40700000) using coordinate system rotated by 0 degree(s)
13:38:53: [INFO] Adding track segment (B.Cu): [(107315000, 33020000), (107315000, 38160000)]
13:38:53: [INFO] Adding track segment (B.Cu): [(107315000, 38160000), (109855000, 40700000)]
13:38:53: [INFO] Routing SW1 with D1
13:38:53: [INFO] Using internal autorouter method
13:38:53: [INFO] Routing pad 'SW1:2' at (88265000, 33020000) with pad 'D1:2' at (90805000, 40700000) using coordinate system rotated by 0 degree(s)
13:38:53: [INFO] Adding track segment (B.Cu): [(88265000, 33020000), (88265000, 38160000)]
13:38:53: [INFO] Adding track segment (B.Cu): [(88265000, 38160000), (90805000, 40700000)]
13:38:53: [INFO] Routing ROW3 pads
13:38:53: [INFO] Routing pad 'D46:1' at (69373750, 105412500) with pad 'D47:1' at (95567500, 105412500) using coordinate system rotated by 0 degree(s)
13:38:53: [INFO] Adding track segment (B.Cu): [(69373750, 105412500), (95567500, 105412500)]
13:38:53: [WARNING] Could not route pads when parent footprints not rotated the same, footprint1: D47 at 90.0 degree(s) and footprint2: D48 at 76.0 degree(s)
13:38:53: [INFO] Routing pad 'D48:1' at (115489372, 107936566) with pad 'D49:1' at (134526539, 110327083) using coordinate system rotated by 284.0 degree(s)
13:38:53: [INFO] Adding track segment (B.Cu): [(115489372, 107936566), (131755410, 111992143)]
13:38:53: [INFO] Adding track segment (B.Cu): [(131755410, 111992143), (134526539, 110327083)]
13:38:53: [INFO] Routing pad 'D49:1' at (134526539, 110327083) with pad 'D50:1' at (152457639, 117153791) using coordinate system rotated by 284.0 degree(s)
13:38:53: [INFO] Adding track segment (B.Cu): [(134526539, 110327083), (150792575, 114382660)]
13:38:53: [INFO] Adding track segment (B.Cu): [(150792575, 114382660), (152457639, 117153791)]
13:38:53: [INFO] Routing pad 'D50:1' at (152457639, 117153791) with pad 'D51:1' at (170342653, 124165340) using coordinate system rotated by 284.0 degree(s)
13:38:53: [INFO] Adding track segment (B.Cu): [(152457639, 117153791), (168538834, 121163282)]
13:38:53: [INFO] Adding track segment (B.Cu): [(168538834, 121163282), (170342653, 124165340)]
13:38:53: [WARNING] Could not route pads when parent footprints not rotated the same, footprint1: D51 at 76.0 degree(s) and footprint2: D52 at 104.0 degree(s)
13:38:53: [INFO] Routing pad 'D52:1' at (234803050, 121707413) with pad 'D53:1' at (252688064, 114695864) using coordinate system rotated by 256.0 degree(s)
13:38:53: [INFO] Adding track segment (B.Cu): [(234803050, 121707413), (250884246, 117697919)]
13:38:53: [INFO] Adding track segment (B.Cu): [(250884246, 117697919), (252688064, 114695864)]
13:38:53: [INFO] Routing pad 'D53:1' at (252688064, 114695864) with pad 'D54:1' at (270619164, 107869156) using coordinate system rotated by 256.0 degree(s)
13:38:53: [INFO] Adding track segment (B.Cu): [(252688064, 114695864), (268954100, 110640285)]
13:38:53: [INFO] Adding track segment (B.Cu): [(268954100, 110640285), (270619164, 107869156)]
13:38:53: [INFO] Routing pad 'D54:1' at (270619164, 107869156) with pad 'D55:1' at (289656331, 105478639) using coordinate system rotated by 256.0 degree(s)
13:38:54: [INFO] Adding track segment (B.Cu): [(270619164, 107869156), (286885201, 103813577)]
13:38:54: [INFO] Adding track segment (B.Cu): [(286885201, 103813577), (289656331, 105478639)]
13:38:54: [WARNING] Could not route pads when parent footprints not rotated the same, footprint1: D55 at 104.0 degree(s) and footprint2: D56 at 90.0 degree(s)
13:38:54: [INFO] Routing pad 'D56:1' at (309880000, 105412500) with pad 'D57:1' at (328930000, 105412500) using coordinate system rotated by 0 degree(s)
13:38:54: [INFO] Adding track segment (B.Cu): [(309880000, 105412500), (328930000, 105412500)]
13:38:54: [INFO] Routing pad 'D57:1' at (328930000, 105412500) with pad 'D58:1' at (359886250, 105412500) using coordinate system rotated by 0 degree(s)
13:38:54: [INFO] Adding track segment (B.Cu): [(328930000, 105412500), (359886250, 105412500)]
13:38:54: [INFO] Routing pad 'D58:1' at (359886250, 105412500) with pad 'D60:1' at (395605000, 105412500) using coordinate system rotated by 0 degree(s)
13:38:54: [INFO] Adding track segment (B.Cu): [(359886250, 105412500), (395605000, 105412500)]
13:38:54: [INFO] Routing pad 'D60:1' at (395605000, 105412500) with pad 'D59:1' at (400367500, 86362500) using coordinate system rotated by 0 degree(s)
13:38:54: [INFO] Adding track segment (B.Cu): [(395605000, 105412500), (400367500, 100650000)]
13:38:54: [INFO] Adding track segment (B.Cu): [(400367500, 100650000), (400367500, 86362500)]
13:38:54: [INFO] Routing COL9 pads
13:38:54: [INFO] Routing pad 'SW10:1' at (264131554, 39851743) with pad 'SW25:1' at (269892319, 62956910) using coordinate system rotated by 346.0 degree(s)
13:38:54: [INFO] Adding track segment (F.Cu): [(264131554, 39851743), (269892318, 62956910)]
13:38:54: [INFO] Adding track segment (F.Cu): [(269892318, 62956910), (269892319, 62956910)]
13:38:54: [INFO] Routing pad 'SW25:1' at (269892319, 62956910) with pad 'SW40:1' at (274500931, 81441044) using coordinate system rotated by 346.0 degree(s)
13:38:54: [INFO] Adding track segment (F.Cu): [(269892319, 62956910), (274500930, 81441043)]
13:38:54: [INFO] Adding track segment (F.Cu): [(274500930, 81441043), (274500931, 81441044)]
13:38:54: [INFO] Routing pad 'SW40:1' at (274500931, 81441044) with pad 'SW55:1' at (279109543, 99925177) using coordinate system rotated by 346.0 degree(s)
13:38:54: [INFO] Adding track segment (F.Cu): [(274500931, 81441044), (279109542, 99925176)]
13:38:54: [INFO] Adding track segment (F.Cu): [(279109542, 99925176), (279109543, 99925177)]
13:38:54: [INFO] Routing pad 'SW55:1' at (279109543, 99925177) with pad 'SW70:1' at (283718155, 118409311) using coordinate system rotated by 346.0 degree(s)
13:38:54: [INFO] Adding track segment (F.Cu): [(279109543, 99925177), (283718154, 118409310)]
13:38:54: [INFO] Adding track segment (F.Cu): [(283718154, 118409310), (283718155, 118409311)]
13:38:54: [WARNING] Could not route pads when parent footprints not rotated the same, footprint1: SW70 at 14.0 degree(s) and footprint2: SW85 at 0.0 degree(s)
13:38:54: [INFO] Routing COL2 pads
13:38:54: [INFO] Routing pad 'SW63:1' at (104175692, 116565866) with pad 'SW48:1' at (108784304, 98081732) using coordinate system rotated by 14.0 degree(s)
13:38:54: [INFO] Adding track segment (F.Cu): [(104175692, 116565866), (108784303, 98081731)]
13:38:54: [INFO] Adding track segment (F.Cu): [(108784303, 98081731), (108784304, 98081732)]
13:38:54: [INFO] Routing pad 'SW63:1' at (104175692, 116565866) with pad 'SW78:1' at (111119663, 137930382) using coordinate system rotated by 14.0 degree(s)
13:38:54: [INFO] Adding track segment (F.Cu): [(104175692, 116565866), (102447461, 123497415)]
13:38:54: [INFO] Adding track segment (F.Cu): [(102447461, 123497415), (111119663, 137930382)]
13:38:54: [INFO] Routing pad 'SW48:1' at (108784304, 98081732) with pad 'SW33:1' at (113392916, 79597599) using coordinate system rotated by 14.0 degree(s)
13:38:54: [INFO] Adding track segment (F.Cu): [(108784304, 98081732), (113392915, 79597597)]
13:38:54: [INFO] Adding track segment (F.Cu): [(113392915, 79597597), (113392916, 79597599)]
13:38:54: [INFO] Routing pad 'SW33:1' at (113392916, 79597599) with pad 'SW18:1' at (118001528, 61113465) using coordinate system rotated by 14.0 degree(s)
13:38:54: [INFO] Adding track segment (F.Cu): [(113392916, 79597599), (118001527, 61113464)]
13:38:54: [INFO] Adding track segment (F.Cu): [(118001527, 61113464), (118001528, 61113465)]
13:38:54: [INFO] Routing pad 'SW18:1' at (118001528, 61113465) with pad 'SW3:1' at (123762293, 38008298) using coordinate system rotated by 14.0 degree(s)
13:38:54: [INFO] Adding track segment (F.Cu): [(118001528, 61113465), (123762292, 38008297)]
13:38:54: [INFO] Adding track segment (F.Cu): [(123762292, 38008297), (123762293, 38008298)]
13:38:54: [INFO] Routing COL4 pads
13:38:54: [INFO] Routing pad 'SW65:1' at (141143959, 125783090) with pad 'SW50:1' at (145752571, 107298957) using coordinate system rotated by 14.0 degree(s)
13:38:54: [INFO] Adding track segment (F.Cu): [(141143959, 125783090), (145752570, 107298956)]
13:38:54: [INFO] Adding track segment (F.Cu): [(145752570, 107298956), (145752571, 107298957)]
13:38:54: [INFO] Routing pad 'SW50:1' at (145752571, 107298957) with pad 'SW35:1' at (150361183, 88814823) using coordinate system rotated by 14.0 degree(s)
13:38:54: [INFO] Adding track segment (F.Cu): [(145752571, 107298957), (150361182, 88814822)]
13:38:54: [INFO] Adding track segment (F.Cu): [(150361182, 88814822), (150361183, 88814823)]
13:38:54: [INFO] Routing pad 'SW35:1' at (150361183, 88814823) with pad 'SW20:1' at (154969795, 70330689) using coordinate system rotated by 14.0 degree(s)
13:38:54: [INFO] Adding track segment (F.Cu): [(150361183, 88814823), (154969794, 70330688)]
13:38:54: [INFO] Adding track segment (F.Cu): [(154969794, 70330688), (154969795, 70330689)]
13:38:54: [INFO] Routing pad 'SW20:1' at (154969795, 70330689) with pad 'SW5:1' at (160730560, 47225523) using coordinate system rotated by 14.0 degree(s)
13:38:54: [INFO] Adding track segment (F.Cu): [(154969795, 70330689), (160730559, 47225522)]
13:38:54: [INFO] Adding track segment (F.Cu): [(160730559, 47225522), (160730560, 47225523)]
13:38:54: [INFO] Routing pad 'SW65:1' at (141143959, 125783090) with pad 'SW80:1' at (163662427, 153583079) using coordinate system rotated by 14.0 degree(s)
13:38:54: [INFO] Routing COL14 pads
13:38:54: [INFO] Routing pad 'SW75:1' at (41433750, 116522500) with pad 'SW90:1' at (53340000, 35560000) using coordinate system rotated by 0 degree(s)
13:38:54: [INFO] Adding track segment (F.Cu): [(41433750, 116522500), (53340000, 104616250)]
13:38:54: [INFO] Adding track segment (F.Cu): [(53340000, 104616250), (53340000, 35560000)]
13:38:54: [INFO] Routing pad 'SW90:1' at (53340000, 35560000) with pad 'SW30:1' at (358140000, 59372500) using coordinate system rotated by 0 degree(s)
13:38:54: [INFO] Routing pad 'SW30:1' at (358140000, 59372500) with pad 'SW30a:1' at (367665000, 59372500) using coordinate system rotated by 0 degree(s)
13:38:54: [INFO] Adding track segment (F.Cu): [(358140000, 59372500), (367665000, 59372500)]
13:38:54: [INFO] Routing pad 'SW45:1' at (396240000, 59372500) with pad 'SW60:1' at (386715000, 97472500) using coordinate system rotated by 0 degree(s)
13:38:54: [INFO] Routing pad 'SW45:1' at (396240000, 59372500) with pad 'SW15:S1' at (392762500, 40600000) using coordinate system rotated by 0 degree(s)
13:38:54: [INFO] Adding track segment (F.Cu): [(396240000, 59372500), (396240000, 44077500)]
13:38:54: [INFO] Adding track segment (F.Cu): [(396240000, 44077500), (392762500, 40600000)]
13:38:54: [INFO] Routing pad 'SW30a:1' at (367665000, 59372500) with pad 'SW45:1' at (396240000, 59372500) using coordinate system rotated by 0 degree(s)
13:38:54: [INFO] Adding track segment (F.Cu): [(367665000, 59372500), (396240000, 59372500)]
13:38:54: [INFO] Routing COL7 pads
13:38:54: [INFO] Routing pad 'SW68:1' at (246749888, 127626535) with pad 'SW83:1' at (231162970, 153698295) using coordinate system rotated by 346.0 degree(s)
13:38:54: [INFO] Routing pad 'SW8:1' at (227163287, 49068968) with pad 'SW23:1' at (232924052, 72174134) using coordinate system rotated by 346.0 degree(s)
13:38:54: [INFO] Adding track segment (F.Cu): [(227163287, 49068968), (232924050, 72174133)]
13:38:54: [INFO] Adding track segment (F.Cu): [(232924050, 72174133), (232924052, 72174134)]
13:38:54: [INFO] Routing pad 'SW23:1' at (232924052, 72174134) with pad 'SW38:1' at (237532664, 90658268) using coordinate system rotated by 346.0 degree(s)
13:38:54: [INFO] Adding track segment (F.Cu): [(232924052, 72174134), (237532663, 90658267)]
13:38:54: [INFO] Adding track segment (F.Cu): [(237532663, 90658267), (237532664, 90658268)]
13:38:54: [INFO] Routing pad 'SW38:1' at (237532664, 90658268) with pad 'SW53:1' at (242141276, 109142402) using coordinate system rotated by 346.0 degree(s)
13:38:54: [INFO] Adding track segment (F.Cu): [(237532664, 90658268), (242141275, 109142401)]
13:38:54: [INFO] Adding track segment (F.Cu): [(242141275, 109142401), (242141276, 109142402)]
13:38:54: [INFO] Routing pad 'SW53:1' at (242141276, 109142402) with pad 'SW68:1' at (246749888, 127626535) using coordinate system rotated by 346.0 degree(s)
13:38:54: [INFO] Adding track segment (F.Cu): [(242141276, 109142402), (246749887, 127626535)]
13:38:54: [INFO] Adding track segment (F.Cu): [(246749887, 127626535), (246749888, 127626535)]
13:38:54: [INFO] Routing ROW2 pads
13:38:54: [INFO] Routing pad 'D31:1' at (76517500, 86362500) with pad 'D32:1' at (100330000, 86362500) using coordinate system rotated by 0 degree(s)
13:38:54: [INFO] Adding track segment (B.Cu): [(76517500, 86362500), (100330000, 86362500)]
13:38:54: [WARNING] Could not route pads when parent footprints not rotated the same, footprint1: D32 at 90.0 degree(s) and footprint2: D33 at 76.0 degree(s)
13:38:54: [INFO] Routing pad 'D33:1' at (120097984, 89452433) with pad 'D34:1' at (139135151, 91842949) using coordinate system rotated by 284.0 degree(s)
13:38:54: [INFO] Adding track segment (B.Cu): [(120097984, 89452433), (136364020, 93508010)]
13:38:54: [INFO] Adding track segment (B.Cu): [(136364020, 93508010), (139135151, 91842949)]
13:38:54: [INFO] Routing pad 'D34:1' at (139135151, 91842949) with pad 'D35:1' at (157066251, 98669657) using coordinate system rotated by 284.0 degree(s)
13:38:54: [INFO] Adding track segment (B.Cu): [(139135151, 91842949), (155401187, 95898527)]
13:38:54: [INFO] Adding track segment (B.Cu): [(155401187, 95898527), (157066251, 98669657)]
13:38:54: [INFO] Routing pad 'D35:1' at (157066251, 98669657) with pad 'D36:1' at (174951265, 105681207) using coordinate system rotated by 284.0 degree(s)
13:38:54: [INFO] Adding track segment (B.Cu): [(157066251, 98669657), (173147446, 102679149)]
13:38:54: [INFO] Adding track segment (B.Cu): [(173147446, 102679149), (174951265, 105681207)]
13:38:54: [WARNING] Could not route pads when parent footprints not rotated the same, footprint1: D36 at 76.0 degree(s) and footprint2: D37 at 104.0 degree(s)
13:38:54: [INFO] Routing pad 'D37:1' at (230194438, 103223280) with pad 'D38:1' at (248079452, 96211730) using coordinate system rotated by 256.0 degree(s)
13:38:54: [INFO] Adding track segment (B.Cu): [(230194438, 103223280), (246275632, 99213787)]
13:38:54: [INFO] Adding track segment (B.Cu): [(246275632, 99213787), (248079452, 96211730)]
13:38:54: [INFO] Routing pad 'D38:1' at (248079452, 96211730) with pad 'D39:1' at (266010552, 89385022) using coordinate system rotated by 256.0 degree(s)
13:38:54: [INFO] Adding track segment (B.Cu): [(248079452, 96211730), (264345488, 92156150)]
13:38:54: [INFO] Adding track segment (B.Cu): [(264345488, 92156150), (266010552, 89385022)]
13:38:54: [INFO] Routing pad 'D39:1' at (266010552, 89385022) with pad 'D40:1' at (285047719, 86994506) using coordinate system rotated by 256.0 degree(s)
13:38:54: [INFO] Adding track segment (B.Cu): [(266010552, 89385022), (282276588, 85329442)]
13:38:54: [INFO] Adding track segment (B.Cu): [(282276588, 85329442), (285047719, 86994506)]
13:38:54: [WARNING] Could not route pads when parent footprints not rotated the same, footprint1: D40 at 104.0 degree(s) and footprint2: D41 at 90.0 degree(s)
13:38:54: [INFO] Routing pad 'D41:1' at (305117500, 86362500) with pad 'D42:1' at (324167500, 86362500) using coordinate system rotated by 0 degree(s)
13:38:54: [INFO] Adding track segment (B.Cu): [(305117500, 86362500), (324167500, 86362500)]
13:38:54: [INFO] Routing pad 'D42:1' at (324167500, 86362500) with pad 'D43:1' at (343217500, 86362500) using coordinate system rotated by 0 degree(s)
13:38:54: [INFO] Adding track segment (B.Cu): [(324167500, 86362500), (343217500, 86362500)]
13:38:54: [INFO] Routing pad 'D43:1' at (343217500, 86362500) with pad 'D44:1' at (367030000, 86362500) using coordinate system rotated by 0 degree(s)
13:38:54: [INFO] Adding track segment (B.Cu): [(343217500, 86362500), (367030000, 86362500)]
13:38:54: [INFO] Could not add track segment due to detected collision
13:38:54: [INFO] Routing pad 'D44:1' at (367030000, 86362500) with pad 'D45:1' at (405130000, 67312500) using coordinate system rotated by 0 degree(s)
13:38:54: [INFO] Routing COL0 pads
13:38:54: [INFO] Routing pad 'SW61:1' at (50958750, 116522500) with pad 'SW76:1' at (50958750, 135572500) using coordinate system rotated by 0 degree(s)
13:38:54: [INFO] Adding track segment (F.Cu): [(50958750, 116522500), (50958750, 135572500)]
13:38:54: [INFO] Could not add track segment due to detected collision
13:38:54: [INFO] Routing pad 'SW61a:1' at (62865000, 116522500) with pad 'SW46:1' at (60483750, 97472500) using coordinate system rotated by 0 degree(s)
13:38:54: [INFO] Adding track segment (F.Cu): [(62865000, 116522500), (60483750, 114141250)]
13:38:54: [INFO] Adding track segment (F.Cu): [(60483750, 114141250), (60483750, 97472500)]
13:38:54: [INFO] Routing pad 'SW61:1' at (50958750, 116522500) with pad 'SW61a:1' at (62865000, 116522500) using coordinate system rotated by 0 degree(s)
13:38:54: [INFO] Adding track segment (F.Cu): [(50958750, 116522500), (62865000, 116522500)]
13:38:54: [INFO] Routing pad 'SW46:1' at (60483750, 97472500) with pad 'SW31:1' at (67627500, 78422500) using coordinate system rotated by 0 degree(s)
13:38:54: [INFO] Adding track segment (F.Cu): [(60483750, 97472500), (67627500, 90328750)]
13:38:54: [INFO] Adding track segment (F.Cu): [(67627500, 90328750), (67627500, 78422500)]
13:38:54: [INFO] Routing pad 'SW31:1' at (67627500, 78422500) with pad 'SW16:1' at (77152500, 59372500) using coordinate system rotated by 0 degree(s)
13:38:54: [INFO] Adding track segment (F.Cu): [(67627500, 78422500), (77152500, 68897500)]
13:38:54: [INFO] Adding track segment (F.Cu): [(77152500, 68897500), (77152500, 59372500)]
13:38:54: [INFO] Routing pad 'SW16:1' at (77152500, 59372500) with pad 'SW1:1' at (81915000, 35560000) using coordinate system rotated by 0 degree(s)
13:38:54: [INFO] Adding track segment (F.Cu): [(77152500, 59372500), (81915000, 54610000)]
13:38:54: [INFO] Adding track segment (F.Cu): [(81915000, 54610000), (81915000, 35560000)]
13:38:54: [INFO] Routing COL10 pads
13:38:54: [INFO] Routing pad 'SW11:1' at (286702500, 35560000) with pad 'SW26:1' at (291465000, 59372500) using coordinate system rotated by 0 degree(s)
13:38:54: [INFO] Adding track segment (F.Cu): [(286702500, 35560000), (286702500, 54610000)]
13:38:54: [INFO] Adding track segment (F.Cu): [(286702500, 54610000), (291465000, 59372500)]
13:38:54: [INFO] Routing pad 'SW26:1' at (291465000, 59372500) with pad 'SW41:1' at (296227500, 78422500) using coordinate system rotated by 0 degree(s)
13:38:54: [INFO] Adding track segment (F.Cu): [(291465000, 59372500), (291465000, 73660000)]
13:38:55: [INFO] Adding track segment (F.Cu): [(291465000, 73660000), (296227500, 78422500)]
13:38:55: [INFO] Routing pad 'SW41:1' at (296227500, 78422500) with pad 'SW56:1' at (300990000, 97472500) using coordinate system rotated by 0 degree(s)
13:38:55: [INFO] Adding track segment (F.Cu): [(296227500, 78422500), (296227500, 92710000)]
13:38:55: [INFO] Adding track segment (F.Cu): [(296227500, 92710000), (300990000, 97472500)]
13:38:55: [INFO] Routing pad 'SW56:1' at (300990000, 97472500) with pad 'SW71:1' at (305752500, 116522500) using coordinate system rotated by 0 degree(s)
13:38:55: [INFO] Adding track segment (F.Cu): [(300990000, 97472500), (300990000, 111760000)]
13:38:55: [INFO] Adding track segment (F.Cu): [(300990000, 111760000), (305752500, 116522500)]
13:38:55: [INFO] Routing pad 'SW71:1' at (305752500, 116522500) with pad 'SW86:1' at (327183750, 135572500) using coordinate system rotated by 0 degree(s)
13:38:55: [INFO] Routing COL8 pads
13:38:55: [INFO] Routing pad 'SW9:1' at (245094387, 42242259) with pad 'SW24:1' at (250855152, 65347426) using coordinate system rotated by 346.0 degree(s)
13:38:55: [INFO] Adding track segment (F.Cu): [(245094387, 42242259), (250855151, 65347426)]
13:38:55: [INFO] Adding track segment (F.Cu): [(250855151, 65347426), (250855152, 65347426)]
13:38:55: [INFO] Routing pad 'SW24:1' at (250855152, 65347426) with pad 'SW39:1' at (255463764, 83831560) using coordinate system rotated by 346.0 degree(s)
13:38:55: [INFO] Adding track segment (F.Cu): [(250855152, 65347426), (255463763, 83831559)]
13:38:55: [INFO] Adding track segment (F.Cu): [(255463763, 83831559), (255463764, 83831560)]
13:38:55: [INFO] Routing pad 'SW39:1' at (255463764, 83831560) with pad 'SW54:1' at (260072376, 102315694) using coordinate system rotated by 346.0 degree(s)
13:38:55: [INFO] Adding track segment (F.Cu): [(255463764, 83831560), (260072375, 102315693)]
13:38:55: [INFO] Adding track segment (F.Cu): [(260072375, 102315693), (260072376, 102315694)]
13:38:55: [INFO] Routing pad 'SW54:1' at (260072376, 102315694) with pad 'SW69:1' at (264680988, 120799827) using coordinate system rotated by 346.0 degree(s)
13:38:55: [INFO] Adding track segment (F.Cu): [(260072376, 102315694), (264680987, 120799826)]
13:38:55: [INFO] Adding track segment (F.Cu): [(264680987, 120799826), (264680988, 120799827)]
13:38:55: [INFO] Routing pad 'SW69:1' at (264680988, 120799827) with pad 'SW84:1' at (267532117, 142078133) using coordinate system rotated by 346.0 degree(s)
13:38:55: [INFO] Adding track segment (F.Cu): [(264680988, 120799827), (269266556, 139191539)]
13:38:55: [INFO] Adding track segment (F.Cu): [(269266556, 139191539), (267532117, 142078133)]
13:38:55: [INFO] Routing ROW4 pads
13:38:55: [INFO] Routing pad 'D75:1' at (50323750, 124462500) with pad 'D61:1' at (59848750, 124462500) using coordinate system rotated by 0 degree(s)
13:38:55: [INFO] Adding track segment (B.Cu): [(50323750, 124462500), (59848750, 124462500)]
13:38:55: [INFO] Routing pad 'D61:1' at (59848750, 124462500) with pad 'D62:1' at (90805000, 124462500) using coordinate system rotated by 0 degree(s)
13:38:55: [INFO] Adding track segment (B.Cu): [(59848750, 124462500), (90805000, 124462500)]
13:38:55: [WARNING] Could not route pads when parent footprints not rotated the same, footprint1: D62 at 90.0 degree(s) and footprint2: D63 at 76.0 degree(s)
13:38:55: [INFO] Routing pad 'D63:1' at (110880760, 126420700) with pad 'D64:1' at (129917927, 128811216) using coordinate system rotated by 284.0 degree(s)
13:38:55: [INFO] Adding track segment (B.Cu): [(110880760, 126420700), (127146796, 130476278)]
13:38:55: [INFO] Adding track segment (B.Cu): [(127146796, 130476278), (129917927, 128811216)]
13:38:55: [INFO] Routing pad 'D64:1' at (129917927, 128811216) with pad 'D65:1' at (147849027, 135637924) using coordinate system rotated by 284.0 degree(s)
13:38:55: [INFO] Adding track segment (B.Cu): [(129917927, 128811216), (146183963, 132866794)]
13:38:55: [INFO] Adding track segment (B.Cu): [(146183963, 132866794), (147849027, 135637924)]
13:38:55: [INFO] Routing pad 'D65:1' at (147849027, 135637924) with pad 'D66:1' at (165734041, 142649474) using coordinate system rotated by 284.0 degree(s)
13:38:55: [INFO] Adding track segment (B.Cu): [(147849027, 135637924), (163930222, 139647416)]
13:38:55: [INFO] Adding track segment (B.Cu): [(163930222, 139647416), (165734041, 142649474)]
13:38:55: [WARNING] Could not route pads when parent footprints not rotated the same, footprint1: D66 at 76.0 degree(s) and footprint2: D67 at 104.0 degree(s)
13:38:55: [INFO] Routing pad 'D67:1' at (239411662, 140191547) with pad 'D68:1' at (257296676, 133179997) using coordinate system rotated by 256.0 degree(s)
13:38:55: [INFO] Adding track segment (B.Cu): [(239411662, 140191547), (255492856, 136182054)]
13:38:55: [INFO] Adding track segment (B.Cu): [(255492856, 136182054), (257296676, 133179997)]
13:38:55: [INFO] Routing pad 'D68:1' at (257296676, 133179997) with pad 'D69:1' at (275227776, 126353289) using coordinate system rotated by 256.0 degree(s)
13:38:55: [INFO] Adding track segment (B.Cu): [(257296676, 133179997), (273562712, 129124418)]
13:38:55: [INFO] Adding track segment (B.Cu): [(273562712, 129124418), (275227776, 126353289)]
13:38:55: [INFO] Routing pad 'D69:1' at (275227776, 126353289) with pad 'D70:1' at (294264943, 123962773) using coordinate system rotated by 256.0 degree(s)
13:38:55: [INFO] Adding track segment (B.Cu): [(275227776, 126353289), (291493812, 122297709)]
13:38:55: [INFO] Adding track segment (B.Cu): [(291493812, 122297709), (294264943, 123962773)]
13:38:55: [WARNING] Could not route pads when parent footprints not rotated the same, footprint1: D70 at 104.0 degree(s) and footprint2: D71 at 90.0 degree(s)
13:38:55: [INFO] Routing pad 'D71:1' at (314642500, 124462500) with pad 'D72:1' at (333692500, 124462500) using coordinate system rotated by 0 degree(s)
13:38:55: [INFO] Adding track segment (B.Cu): [(314642500, 124462500), (333692500, 124462500)]
13:38:55: [INFO] Routing pad 'D72:1' at (333692500, 124462500) with pad 'D73:1' at (345598750, 124462500) using coordinate system rotated by 0 degree(s)
13:38:55: [INFO] Adding track segment (B.Cu): [(333692500, 124462500), (345598750, 124462500)]
13:38:55: [INFO] Routing pad 'D73:1' at (345598750, 124462500) with pad 'D74:1' at (381317500, 129225000) using coordinate system rotated by 0 degree(s)
13:38:55: [INFO] Routing COL11 pads
13:38:55: [INFO] Routing pad 'SW12:1' at (305752500, 35560000) with pad 'SW27:1' at (310515000, 59372500) using coordinate system rotated by 0 degree(s)
13:38:55: [INFO] Adding track segment (F.Cu): [(305752500, 35560000), (305752500, 54610000)]
13:38:55: [INFO] Adding track segment (F.Cu): [(305752500, 54610000), (310515000, 59372500)]
13:38:55: [INFO] Routing pad 'SW27:1' at (310515000, 59372500) with pad 'SW42:1' at (315277500, 78422500) using coordinate system rotated by 0 degree(s)
13:38:55: [INFO] Adding track segment (F.Cu): [(310515000, 59372500), (310515000, 73660000)]
13:38:55: [INFO] Adding track segment (F.Cu): [(310515000, 73660000), (315277500, 78422500)]
13:38:55: [INFO] Routing pad 'SW42:1' at (315277500, 78422500) with pad 'SW57:1' at (320040000, 97472500) using coordinate system rotated by 0 degree(s)
13:38:55: [INFO] Adding track segment (F.Cu): [(315277500, 78422500), (315277500, 92710000)]
13:38:55: [INFO] Adding track segment (F.Cu): [(315277500, 92710000), (320040000, 97472500)]
13:38:55: [INFO] Routing pad 'SW57:1' at (320040000, 97472500) with pad 'SW72:1' at (324802500, 116522500) using coordinate system rotated by 0 degree(s)
13:38:55: [INFO] Adding track segment (F.Cu): [(320040000, 97472500), (320040000, 111760000)]
13:38:55: [INFO] Adding track segment (F.Cu): [(320040000, 111760000), (324802500, 116522500)]
13:38:55: [INFO] Routing pad 'SW72:1' at (324802500, 116522500) with pad 'SW87:1' at (353377500, 140335000) using coordinate system rotated by 0 degree(s)
13:38:55: [INFO] Adding track segment (F.Cu): [(324802500, 116522500), (329565000, 116522500)]
13:38:55: [INFO] Adding track segment (F.Cu): [(329565000, 116522500), (353377500, 140335000)]
13:38:55: [INFO] Routing COL6 pads
13:38:55: [INFO] Routing pad 'SW67:1' at (228864874, 134638085) with pad 'SW82:1' at (210380741, 139246697) using coordinate system rotated by 346.0 degree(s)
13:38:55: [INFO] Adding track segment (F.Cu): [(228864874, 134638085), (210380739, 139246696)]
13:38:55: [INFO] Adding track segment (F.Cu): [(210380739, 139246696), (210380741, 139246697)]
13:38:55: [INFO] Routing pad 'SW7:1' at (209278273, 56080517) with pad 'SW22:1' at (215039038, 79185684) using coordinate system rotated by 346.0 degree(s)
13:38:55: [INFO] Adding track segment (F.Cu): [(209278273, 56080517), (215039037, 79185683)]
13:38:55: [INFO] Adding track segment (F.Cu): [(215039037, 79185683), (215039038, 79185684)]
13:38:55: [INFO] Routing pad 'SW22:1' at (215039038, 79185684) with pad 'SW37:1' at (219647650, 97669818) using coordinate system rotated by 346.0 degree(s)
13:38:55: [INFO] Adding track segment (F.Cu): [(215039038, 79185684), (219647649, 97669817)]
13:38:55: [INFO] Adding track segment (F.Cu): [(219647649, 97669817), (219647650, 97669818)]
13:38:55: [INFO] Routing pad 'SW37:1' at (219647650, 97669818) with pad 'SW52:1' at (224256262, 116153951) using coordinate system rotated by 346.0 degree(s)
13:38:55: [INFO] Adding track segment (F.Cu): [(219647650, 97669818), (224256261, 116153950)]
13:38:55: [INFO] Adding track segment (F.Cu): [(224256261, 116153950), (224256262, 116153951)]
13:38:55: [INFO] Routing pad 'SW52:1' at (224256262, 116153951) with pad 'SW67:1' at (228864874, 134638085) using coordinate system rotated by 346.0 degree(s)
13:38:55: [INFO] Adding track segment (F.Cu): [(224256262, 116153951), (228864873, 134638084)]
13:38:55: [INFO] Adding track segment (F.Cu): [(228864873, 134638084), (228864874, 134638085)]
13:38:55: [INFO] Routing ROW0 pads
13:38:55: [INFO] Routing pad 'D1:1' at (90805000, 43500000) with pad 'D2:1' at (109855000, 43500000) using coordinate system rotated by 0 degree(s)
13:38:55: [INFO] Adding track segment (B.Cu): [(90805000, 43500000), (109855000, 43500000)]
13:38:55: [WARNING] Could not route pads when parent footprints not rotated the same, footprint1: D2 at 90.0 degree(s) and footprint2: D3 at 76.0 degree(s)
13:38:55: [INFO] Routing pad 'D3:1' at (130467361, 47863132) with pad 'D4:1' at (149504528, 50253648) using coordinate system rotated by 284.0 degree(s)
13:38:55: [INFO] Adding track segment (B.Cu): [(130467361, 47863132), (146733398, 51918710)]
13:38:55: [INFO] Adding track segment (B.Cu): [(146733398, 51918710), (149504528, 50253648)]
13:38:55: [INFO] Routing pad 'D4:1' at (149504528, 50253648) with pad 'D5:1' at (167435628, 57080357) using coordinate system rotated by 284.0 degree(s)
13:38:55: [INFO] Adding track segment (B.Cu): [(149504528, 50253648), (165770565, 54309226)]
13:38:55: [INFO] Adding track segment (B.Cu): [(165770565, 54309226), (167435628, 57080357)]
13:38:55: [INFO] Routing pad 'D5:1' at (167435628, 57080357) with pad 'D6:1' at (185320642, 64091906) using coordinate system rotated by 284.0 degree(s)
13:38:55: [INFO] Adding track segment (B.Cu): [(167435628, 57080357), (183516824, 61089848)]
13:38:55: [INFO] Adding track segment (B.Cu): [(183516824, 61089848), (185320642, 64091906)]
13:38:55: [WARNING] Could not route pads when parent footprints not rotated the same, footprint1: D6 at 76.0 degree(s) and footprint2: D7 at 104.0 degree(s)
13:38:55: [INFO] Routing pad 'D7:1' at (219825061, 61633979) with pad 'D8:1' at (237710075, 54622430) using coordinate system rotated by 256.0 degree(s)
13:38:55: [INFO] Adding track segment (B.Cu): [(219825061, 61633979), (235906257, 57624485)]
13:38:55: [INFO] Adding track segment (B.Cu): [(235906257, 57624485), (237710075, 54622430)]
13:38:55: [INFO] Routing pad 'D8:1' at (237710075, 54622430) with pad 'D9:1' at (255641175, 47795721) using coordinate system rotated by 256.0 degree(s)
13:38:55: [INFO] Adding track segment (B.Cu): [(237710075, 54622430), (253976111, 50566851)]
13:38:55: [INFO] Adding track segment (B.Cu): [(253976111, 50566851), (255641175, 47795721)]
13:38:55: [INFO] Routing pad 'D9:1' at (255641175, 47795721) with pad 'D10:1' at (274678342, 45405205) using coordinate system rotated by 256.0 degree(s)
13:38:55: [INFO] Adding track segment (B.Cu): [(255641175, 47795721), (271907212, 43740141)]
13:38:55: [INFO] Adding track segment (B.Cu): [(271907212, 43740141), (274678342, 45405205)]
13:38:55: [WARNING] Could not route pads when parent footprints not rotated the same, footprint1: D10 at 104.0 degree(s) and footprint2: D11 at 90.0 degree(s)
13:38:55: [INFO] Routing pad 'D11:1' at (295592500, 43500000) with pad 'D12:1' at (314642500, 43500000) using coordinate system rotated by 0 degree(s)
13:38:55: [INFO] Adding track segment (B.Cu): [(295592500, 43500000), (314642500, 43500000)]
13:38:55: [INFO] Routing pad 'D12:1' at (314642500, 43500000) with pad 'D13:1' at (336169000, 43500000) using coordinate system rotated by 0 degree(s)
13:38:55: [INFO] Adding track segment (B.Cu): [(314642500, 43500000), (336169000, 43500000)]
13:38:55: [INFO] Routing pad 'D13:1' at (336169000, 43500000) with pad 'D14:1' at (355219000, 43500000) using coordinate system rotated by 0 degree(s)
13:38:55: [INFO] Adding track segment (B.Cu): [(336169000, 43500000), (355219000, 43500000)]
13:38:55: [INFO] Routing pad 'D14:1' at (355219000, 43500000) with pad 'D15:1' at (383342500, 41000000) using coordinate system rotated by 0 degree(s)
13:38:55: [INFO] Adding track segment (B.Cu): [(355219000, 43500000), (380842500, 43500000)]
13:38:55: [INFO] Adding track segment (B.Cu): [(380842500, 43500000), (383342500, 41000000)]
13:38:55: [INFO] Routing COL12 pads
13:38:55: [INFO] Routing pad 'SW13:1' at (327279000, 35560000) with pad 'SW28:1' at (329565000, 59372500) using coordinate system rotated by 0 degree(s)
13:38:55: [INFO] Adding track segment (F.Cu): [(327279000, 35560000), (327279000, 57086500)]
13:38:55: [INFO] Adding track segment (F.Cu): [(327279000, 57086500), (329565000, 59372500)]
13:38:55: [INFO] Routing pad 'SW28:1' at (329565000, 59372500) with pad 'SW43:1' at (334327500, 78422500) using coordinate system rotated by 0 degree(s)
13:38:55: [INFO] Adding track segment (F.Cu): [(329565000, 59372500), (329565000, 73660000)]
13:38:55: [INFO] Adding track segment (F.Cu): [(329565000, 73660000), (334327500, 78422500)]
13:38:55: [INFO] Routing pad 'SW73a:1' at (346233750, 116522500) with pad 'SW73:1' at (336708750, 116522500) using coordinate system rotated by 0 degree(s)
13:38:55: [INFO] Adding track segment (F.Cu): [(346233750, 116522500), (336708750, 116522500)]
13:38:55: [INFO] Routing pad 'SW58:1' at (350996250, 97472500) with pad 'SW73a:1' at (346233750, 116522500) using coordinate system rotated by 0 degree(s)
13:38:56: [INFO] Routing pad 'SW43:1' at (334327500, 78422500) with pad 'SW58:1' at (350996250, 97472500) using coordinate system rotated by 0 degree(s)
13:38:56: [INFO] Adding track segment (F.Cu): [(334327500, 78422500), (334327500, 80803750)]
13:38:56: [INFO] Adding track segment (F.Cu): [(334327500, 80803750), (350996250, 97472500)]
13:38:56: [INFO] Routing pad 'SW58:1' at (350996250, 97472500) with pad 'SW58a:1' at (360521250, 87947500) using coordinate system rotated by 0 degree(s)
13:38:56: [INFO] Routing pad 'SW73a:1' at (346233750, 116522500) with pad 'SW88:1' at (372427500, 140335000) using coordinate system rotated by 0 degree(s)
13:38:56: [INFO] Routing COL1 pads
13:38:56: [INFO] Routing pad 'SW77:1' at (74771250, 135572500) with pad 'SW62:1' at (81915000, 116522500) using coordinate system rotated by 0 degree(s)
13:38:56: [INFO] Adding track segment (F.Cu): [(74771250, 135572500), (81915000, 128428750)]
13:38:56: [INFO] Adding track segment (F.Cu): [(81915000, 128428750), (81915000, 116522500)]
13:38:56: [INFO] Routing pad 'SW62:1' at (81915000, 116522500) with pad 'SW47:1' at (86677500, 97472500) using coordinate system rotated by 0 degree(s)
13:38:56: [INFO] Adding track segment (F.Cu): [(81915000, 116522500), (86677500, 111760000)]
13:38:56: [INFO] Adding track segment (F.Cu): [(86677500, 111760000), (86677500, 97472500)]
13:38:56: [INFO] Routing pad 'SW47:1' at (86677500, 97472500) with pad 'SW32:1' at (91440000, 78422500) using coordinate system rotated by 0 degree(s)
13:38:56: [INFO] Adding track segment (F.Cu): [(86677500, 97472500), (91440000, 92710000)]
13:38:56: [INFO] Adding track segment (F.Cu): [(91440000, 92710000), (91440000, 78422500)]
13:38:56: [INFO] Routing pad 'SW32:1' at (91440000, 78422500) with pad 'SW17:1' at (96202500, 59372500) using coordinate system rotated by 0 degree(s)
13:38:56: [INFO] Adding track segment (F.Cu): [(91440000, 78422500), (96202500, 73660000)]
13:38:56: [INFO] Adding track segment (F.Cu): [(96202500, 73660000), (96202500, 59372500)]
13:38:56: [INFO] Routing pad 'SW17:1' at (96202500, 59372500) with pad 'SW2:1' at (100965000, 35560000) using coordinate system rotated by 0 degree(s)
13:38:56: [INFO] Adding track segment (F.Cu): [(96202500, 59372500), (100965000, 54610000)]
13:38:56: [INFO] Adding track segment (F.Cu): [(100965000, 54610000), (100965000, 35560000)]
13:38:56: [INFO] Routing COL13 pads
13:38:56: [INFO] Routing pad 'SW29:1' at (348615000, 59372500) with pad 'SW14:1' at (346329000, 35560000) using coordinate system rotated by 0 degree(s)
13:38:56: [INFO] Adding track segment (F.Cu): [(348615000, 59372500), (346329000, 57086500)]
13:38:56: [INFO] Adding track segment (F.Cu): [(346329000, 57086500), (346329000, 35560000)]
13:38:56: [INFO] Routing pad 'SW44:1' at (358140000, 78422500) with pad 'SW29:1' at (348615000, 59372500) using coordinate system rotated by 0 degree(s)
13:38:56: [INFO] Routing pad 'SW44a:1' at (339090000, 97472500) with pad 'SW44:1' at (358140000, 78422500) using coordinate system rotated by 0 degree(s)
13:38:56: [INFO] Routing pad 'SW44a:1' at (339090000, 97472500) with pad 'SW74:1' at (372427500, 121285000) using coordinate system rotated by 0 degree(s)
13:38:56: [INFO] Routing pad 'SW44:1' at (358140000, 78422500) with pad 'SW59:1' at (391477500, 78422500) using coordinate system rotated by 0 degree(s)
13:38:56: [INFO] Adding track segment (F.Cu): [(358140000, 78422500), (391477500, 78422500)]
13:38:56: [INFO] Could not add track segment due to detected collision
13:38:56: [INFO] Routing pad 'SW74:1' at (372427500, 121285000) with pad 'SW89:1' at (391477500, 140335000) using coordinate system rotated by 0 degree(s)
13:38:56: [INFO] Routing COL5 pads
13:38:56: [INFO] Routing pad 'SW66:1' at (159028973, 132794640) with pad 'SW51:1' at (163637585, 114310506) using coordinate system rotated by 14.0 degree(s)
13:38:56: [INFO] Adding track segment (F.Cu): [(159028973, 132794640), (163637584, 114310505)]
13:38:56: [INFO] Adding track segment (F.Cu): [(163637584, 114310505), (163637585, 114310506)]
13:38:56: [INFO] Routing pad 'SW51:1' at (163637585, 114310506) with pad 'SW36:1' at (168246197, 95826373) using coordinate system rotated by 14.0 degree(s)
13:38:56: [INFO] Adding track segment (F.Cu): [(163637585, 114310506), (168246196, 95826372)]
13:38:56: [INFO] Adding track segment (F.Cu): [(168246196, 95826372), (168246197, 95826373)]
13:38:56: [INFO] Routing pad 'SW36:1' at (168246197, 95826373) with pad 'SW21:1' at (172854809, 77342239) using coordinate system rotated by 14.0 degree(s)
13:38:56: [INFO] Adding track segment (F.Cu): [(168246197, 95826373), (172854808, 77342237)]
13:38:56: [INFO] Adding track segment (F.Cu): [(172854808, 77342237), (172854809, 77342239)]
13:38:56: [INFO] Routing pad 'SW66:1' at (159028973, 132794640) with pad 'SW81:1' at (177513106, 137403252) using coordinate system rotated by 14.0 degree(s)
13:38:56: [INFO] Adding track segment (F.Cu): [(159028973, 132794640), (177513105, 137403251)]
13:38:56: [INFO] Adding track segment (F.Cu): [(177513105, 137403251), (177513106, 137403252)]
13:38:56: [INFO] Routing pad 'SW21:1' at (172854809, 77342239) with pad 'SW6:1' at (178615574, 54237072) using coordinate system rotated by 14.0 degree(s)
13:38:56: [INFO] Adding track segment (F.Cu): [(172854809, 77342239), (178615573, 54237071)]
13:38:56: [INFO] Adding track segment (F.Cu): [(178615573, 54237071), (178615574, 54237072)]
13:38:56: [INFO] Routing COL3 pads
13:38:56: [INFO] Routing pad 'SW64:1' at (123212859, 118956382) with pad 'SW49:1' at (127821471, 100472249) using coordinate system rotated by 14.0 degree(s)
13:38:56: [INFO] Adding track segment (F.Cu): [(123212859, 118956382), (127821470, 100472248)]
13:38:56: [INFO] Adding track segment (F.Cu): [(127821470, 100472248), (127821471, 100472249)]
13:38:56: [INFO] Routing pad 'SW49:1' at (127821471, 100472249) with pad 'SW34:1' at (132430083, 81988115) using coordinate system rotated by 14.0 degree(s)
13:38:56: [INFO] Adding track segment (F.Cu): [(127821471, 100472249), (132430082, 81988113)]
13:38:56: [INFO] Adding track segment (F.Cu): [(132430082, 81988113), (132430083, 81988115)]
13:38:56: [INFO] Routing pad 'SW64:1' at (123212859, 118956382) with pad 'SW79:1' at (134224830, 143691147) using coordinate system rotated by 14.0 degree(s)
13:38:56: [INFO] Adding track segment (F.Cu): [(123212859, 118956382), (122083748, 123484993)]
13:38:56: [INFO] Adding track segment (F.Cu): [(122083748, 123484993), (134224830, 143691147)]
13:38:56: [INFO] Routing pad 'SW34:1' at (132430083, 81988115) with pad 'SW19:1' at (137038695, 63503981) using coordinate system rotated by 14.0 degree(s)
13:38:56: [INFO] Adding track segment (F.Cu): [(132430083, 81988115), (137038694, 63503980)]
13:38:56: [INFO] Adding track segment (F.Cu): [(137038694, 63503980), (137038695, 63503981)]
13:38:56: [INFO] Routing pad 'SW19:1' at (137038695, 63503981) with pad 'SW4:1' at (142799460, 40398814) using coordinate system rotated by 14.0 degree(s)
13:38:56: [INFO] Adding track segment (F.Cu): [(137038695, 63503981), (142799459, 40398813)]
13:38:56: [INFO] Adding track segment (F.Cu): [(142799459, 40398813), (142799460, 40398814)]
13:38:56: [INFO] Routing ROW5 pads
13:38:56: [INFO] Routing pad 'D76:1' at (59848750, 143512500) with pad 'D90:1' at (62230000, 43500000) using coordinate system rotated by 0 degree(s)
13:38:56: [INFO] Routing pad 'D76:1' at (59848750, 143512500) with pad 'D77:1' at (83661250, 143512500) using coordinate system rotated by 0 degree(s)
13:38:56: [INFO] Adding track segment (B.Cu): [(59848750, 143512500), (83661250, 143512500)]
13:38:56: [WARNING] Could not route pads when parent footprints not rotated the same, footprint1: D77 at 90.0 degree(s) and footprint2: D78 at 76.0 degree(s)
13:38:56: [INFO] Routing pad 'D78:1' at (117824731, 147785216) with pad 'D79:1' at (140929898, 153545981) using coordinate system rotated by 284.0 degree(s)
13:38:56: [INFO] Adding track segment (B.Cu): [(117824731, 147785216), (140929897, 153545980)]
13:38:56: [INFO] Adding track segment (B.Cu): [(140929897, 153545980), (140929898, 153545981)]
13:38:56: [INFO] Routing pad 'D79:1' at (140929898, 153545981) with pad 'D80:1' at (170367495, 163437913) using coordinate system rotated by 284.0 degree(s)
13:38:56: [INFO] Adding track segment (B.Cu): [(140929898, 153545981), (168563677, 160435855)]
13:38:56: [INFO] Adding track segment (B.Cu): [(168563677, 160435855), (170367495, 163437913)]
13:38:56: [INFO] Routing pad 'D80:1' at (170367495, 163437913) with pad 'D81:1' at (184218174, 147258086) using coordinate system rotated by 284.0 degree(s)
13:38:56: [INFO] Adding track segment (B.Cu): [(170367495, 163437913), (181913867, 156500152)]
13:38:56: [INFO] Adding track segment (B.Cu): [(181913867, 156500152), (184218174, 147258086)]
13:38:56: [WARNING] Could not route pads when parent footprints not rotated the same, footprint1: D81 at 76.0 degree(s) and footprint2: D82 at 104.0 degree(s)
13:38:56: [INFO] Routing pad 'D82:1' at (220927529, 144800159) with pad 'D83:1' at (241709758, 159251757) using coordinate system rotated by 256.0 degree(s)
13:38:56: [INFO] Routing pad 'D83:1' at (241709758, 159251757) with pad 'D84:1' at (278078905, 147631595) using coordinate system rotated by 256.0 degree(s)
13:38:56: [INFO] Adding track segment (B.Cu): [(241709758, 159251757), (276275085, 150633652)]
13:38:56: [INFO] Adding track segment (B.Cu): [(276275085, 150633652), (278078905, 147631595)]
13:38:56: [WARNING] Could not route pads when parent footprints not rotated the same, footprint1: D84 at 104.0 degree(s) and footprint2: D85 at 90.0 degree(s)
13:38:56: [INFO] Routing pad 'D85:1' at (312261250, 143512500) with pad 'D86:1' at (336073750, 143512500) using coordinate system rotated by 0 degree(s)
13:38:56: [INFO] Adding track segment (B.Cu): [(312261250, 143512500), (336073750, 143512500)]
13:38:56: [INFO] Routing pad 'D86:1' at (336073750, 143512500) with pad 'D87:1' at (362267500, 148275000) using coordinate system rotated by 0 degree(s)
13:38:56: [INFO] Adding track segment (B.Cu): [(336073750, 143512500), (340836250, 148275000)]
13:38:56: [INFO] Adding track segment (B.Cu): [(340836250, 148275000), (362267500, 148275000)]
13:38:56: [INFO] Routing pad 'D87:1' at (362267500, 148275000) with pad 'D88:1' at (381317500, 148275000) using coordinate system rotated by 0 degree(s)
13:38:56: [INFO] Adding track segment (B.Cu): [(362267500, 148275000), (381317500, 148275000)]
13:38:56: [INFO] Routing pad 'D88:1' at (381317500, 148275000) with pad 'D89:1' at (400367500, 148275000) using coordinate system rotated by 0 degree(s)
13:38:56: [INFO] Adding track segment (B.Cu): [(381317500, 148275000), (400367500, 148275000)]
13:38:56: [INFO] Routing ROW1 pads
13:38:56: [INFO] Routing pad 'D16:1' at (86042500, 67312500) with pad 'D17:1' at (105092500, 67312500) using coordinate system rotated by 0 degree(s)
13:38:56: [INFO] Adding track segment (B.Cu): [(86042500, 67312500), (105092500, 67312500)]
13:38:56: [WARNING] Could not route pads when parent footprints not rotated the same, footprint1: D17 at 90.0 degree(s) and footprint2: D18 at 76.0 degree(s)
13:38:56: [INFO] Routing pad 'D18:1' at (124706596, 70968299) with pad 'D19:1' at (143743763, 73358815) using coordinate system rotated by 284.0 degree(s)
13:38:56: [INFO] Adding track segment (B.Cu): [(124706596, 70968299), (140972633, 75023877)]
13:38:56: [INFO] Adding track segment (B.Cu): [(140972633, 75023877), (143743763, 73358815)]
13:38:56: [INFO] Routing pad 'D19:1' at (143743763, 73358815) with pad 'D20:1' at (161674863, 80185523) using coordinate system rotated by 284.0 degree(s)
13:38:56: [INFO] Adding track segment (B.Cu): [(143743763, 73358815), (160009801, 77414393)]
13:38:56: [INFO] Adding track segment (B.Cu): [(160009801, 77414393), (161674863, 80185523)]
13:38:56: [INFO] Routing pad 'D20:1' at (161674863, 80185523) with pad 'D21:1' at (179559877, 87197073) using coordinate system rotated by 284.0 degree(s)
13:38:56: [INFO] Adding track segment (B.Cu): [(161674863, 80185523), (177756058, 84195014)]
13:38:56: [INFO] Adding track segment (B.Cu): [(177756058, 84195014), (179559877, 87197073)]
13:38:56: [WARNING] Could not route pads when parent footprints not rotated the same, footprint1: D21 at 76.0 degree(s) and footprint2: D22 at 104.0 degree(s)
13:38:56: [INFO] Routing pad 'D22:1' at (225585826, 84739146) with pad 'D23:1' at (243470840, 77727596) using coordinate system rotated by 256.0 degree(s)
13:38:56: [INFO] Adding track segment (B.Cu): [(225585826, 84739146), (241667021, 80729652)]
13:38:56: [INFO] Adding track segment (B.Cu): [(241667021, 80729652), (243470840, 77727596)]
13:38:56: [INFO] Routing pad 'D23:1' at (243470840, 77727596) with pad 'D24:1' at (261401940, 70900888) using coordinate system rotated by 256.0 degree(s)
13:38:57: [INFO] Adding track segment (B.Cu): [(243470840, 77727596), (259736876, 73672017)]
13:38:57: [INFO] Adding track segment (B.Cu): [(259736876, 73672017), (261401940, 70900888)]
13:38:57: [INFO] Routing pad 'D24:1' at (261401940, 70900888) with pad 'D25:1' at (280439107, 68510372) using coordinate system rotated by 256.0 degree(s)
13:38:57: [INFO] Adding track segment (B.Cu): [(261401940, 70900888), (277667976, 66845309)]
13:38:57: [INFO] Adding track segment (B.Cu): [(277667976, 66845309), (280439107, 68510372)]
13:38:57: [WARNING] Could not route pads when parent footprints not rotated the same, footprint1: D25 at 104.0 degree(s) and footprint2: D26 at 90.0 degree(s)
13:38:57: [INFO] Routing pad 'D26:1' at (300355000, 67312500) with pad 'D27:1' at (319405000, 67312500) using coordinate system rotated by 0 degree(s)
13:38:57: [INFO] Adding track segment (B.Cu): [(300355000, 67312500), (319405000, 67312500)]
13:38:57: [INFO] Routing pad 'D27:1' at (319405000, 67312500) with pad 'D28:1' at (338455000, 67312500) using coordinate system rotated by 0 degree(s)
13:38:57: [INFO] Adding track segment (B.Cu): [(319405000, 67312500), (338455000, 67312500)]
13:38:57: [INFO] Routing pad 'D28:1' at (338455000, 67312500) with pad 'D29:1' at (357505000, 67312500) using coordinate system rotated by 0 degree(s)
13:38:57: [INFO] Adding track segment (B.Cu): [(338455000, 67312500), (357505000, 67312500)]
13:38:57: [INFO] Routing pad 'D29:1' at (357505000, 67312500) with pad 'D30:1' at (367030000, 67312500) using coordinate system rotated by 0 degree(s)
13:38:57: [INFO] Adding track segment (B.Cu): [(357505000, 67312500), (367030000, 67312500)]
13:38:57: [INFO] Removing dangling tracks
