=== kbplacer.kle_serial ===
=== layout2image.py ===
=== kbplacer ===
13:30:01: [INFO] User layout: https://editor.keyboard-tools.xyz/#share=NrDeCIA9wLgAgIwGYC+AaO4FuQHQHYEEAMO4G4SOALEYfqQuALpoBQYUsiSAdAOwBWCgGNu4AMT9pM8pgDu3BLwBMwzAAtuKivJVLe68Bv3xsmSKbgBaYqsHpMOvPQLYmrDhGhmVAo2LwkiIhoeCOlDhIdG5knpw+iH5qouISAIaZWXLgimb+EdRRMfjOOUUItK6lceycAJ7cdimYgZhSMtLhFKTEct5KqUEZWZndmKT6PWhIOaTUc2iC-Vzwdg7TAGyL-IsAHIsAnCuJ6xGMTNMIUxNRi5UnTYbnOMtX21e78RCNa4ZD7VCYQi2D6FHcOWwNywM0haAW4KWcI+mGwu0RB0Rx0RCDBqJwl3x1xWbUkozGum0IOK1V6jz+GyJbyJKJhCC+dQgeUQzwoOjxEFJEiBIXG4DKfLQ0J0s0lCKcSMlrJ06IVmIV2IVuJyzkJ4pwNy5BkZ+pcdFB9Lg6wBZPJYuczNNypwHK8uQMQgiVAF4CFIrEXrIFCo0KosswVHlkUdVFZVFVkXVkU1kW1wYJJLSnS6lPgyRNVDN9At319aXJ6Ry3PzhTQPr9IrFFXKUpb4fARSjRUdRVZRQTRSTRRTFXr5btubgfk9FAq0Wq-MtygCWezTZw21LQorVYMagiwmIJW9K25yn3FGECGPddPe5NwhUN7Hw39u-gm3sB7Qm2fmeGO6TueD5oIcf4YEa+QXpgV5HtUJ4Qe6UEgdc4FwJBPLQeAV5VHQCHoasVr-K0q6dGKV6OlerJXq6DRPC0ZYAROCjGt+cF4UGME4DehIYcu35PvBnGCmkb6Tvw36-kJvGMe0gEsfkKHsfQhY5FegkcTJZ68lxlQ8SwzBAA
13:30:01: [INFO] Labels prefixes: for rows: 'ROW', for columns: 'COL'
13:30:01: [INFO] Matrix size: 5x17
13:30:02: [WARNING] No stabilizer footprint for width 2.25u, using 2u as fallback
13:30:02: [WARNING] No stabilizer footprint for width 2.25u, using 2u as fallback
13:30:02: [WARNING] No stabilizer footprint for width 2.75u, using 2u as fallback
13:30:02: [INFO] Add COL0 net
13:30:02: [INFO] Add COL1 net
13:30:02: [INFO] Add COL10 net
13:30:02: [INFO] Add COL11 net
13:30:02: [INFO] Add COL12 net
13:30:02: [INFO] Add COL13 net
13:30:02: [INFO] Add COL14 net
13:30:02: [INFO] Add COL15 net
13:30:02: [INFO] Add COL16 net
13:30:02: [INFO] Add COL17 net
13:30:02: [INFO] Add COL2 net
13:30:02: [INFO] Add COL3 net
13:30:02: [INFO] Add COL4 net
13:30:02: [INFO] Add COL5 net
13:30:02: [INFO] Add COL6 net
13:30:02: [INFO] Add COL7 net
13:30:02: [INFO] Add COL8 net
13:30:02: [INFO] Add COL9 net
13:30:02: [INFO] Add Net-(D1-A) net
13:30:02: [INFO] Add Net-(D10-A) net
13:30:02: [INFO] Add Net-(D11-A) net
13:30:02: [INFO] Add Net-(D12-A) net
13:30:02: [INFO] Add Net-(D13-A) net
13:30:02: [INFO] Add Net-(D14-A) net
13:30:02: [INFO] Add Net-(D15-A) net
13:30:02: [INFO] Add Net-(D16-A) net
13:30:02: [INFO] Add Net-(D17-A) net
13:30:02: [INFO] Add Net-(D18-A) net
13:30:02: [INFO] Add Net-(D19-A) net
13:30:02: [INFO] Add Net-(D2-A) net
13:30:02: [INFO] Add Net-(D20-A) net
13:30:02: [INFO] Add Net-(D21-A) net
13:30:02: [INFO] Add Net-(D22-A) net
13:30:02: [INFO] Add Net-(D23-A) net
13:30:02: [INFO] Add Net-(D24-A) net
13:30:02: [INFO] Add Net-(D25-A) net
13:30:02: [INFO] Add Net-(D26-A) net
13:30:02: [INFO] Add Net-(D27-A) net
13:30:02: [INFO] Add Net-(D28-A) net
13:30:02: [INFO] Add Net-(D29-A) net
13:30:02: [INFO] Add Net-(D3-A) net
13:30:02: [INFO] Add Net-(D30-A) net
13:30:02: [INFO] Add Net-(D31-A) net
13:30:02: [INFO] Add Net-(D32-A) net
13:30:02: [INFO] Add Net-(D33-A) net
13:30:02: [INFO] Add Net-(D34-A) net
13:30:02: [INFO] Add Net-(D35-A) net
13:30:02: [INFO] Add Net-(D36-A) net
13:30:02: [INFO] Add Net-(D37-A) net
13:30:02: [INFO] Add Net-(D38-A) net
13:30:02: [INFO] Add Net-(D39-A) net
13:30:02: [INFO] Add Net-(D4-A) net
13:30:02: [INFO] Add Net-(D40-A) net
13:30:02: [INFO] Add Net-(D41-A) net
13:30:02: [INFO] Add Net-(D42-A) net
13:30:02: [INFO] Add Net-(D43-A) net
13:30:02: [INFO] Add Net-(D44-A) net
13:30:02: [INFO] Add Net-(D45-A) net
13:30:02: [INFO] Add Net-(D46-A) net
13:30:02: [INFO] Add Net-(D47-A) net
13:30:02: [INFO] Add Net-(D48-A) net
13:30:02: [INFO] Add Net-(D49-A) net
13:30:02: [INFO] Add Net-(D5-A) net
13:30:02: [INFO] Add Net-(D50-A) net
13:30:02: [INFO] Add Net-(D51-A) net
13:30:02: [INFO] Add Net-(D52-A) net
13:30:02: [INFO] Add Net-(D53-A) net
13:30:02: [INFO] Add Net-(D54-A) net
13:30:02: [INFO] Add Net-(D55-A) net
13:30:02: [INFO] Add Net-(D56-A) net
13:30:02: [INFO] Add Net-(D57-A) net
13:30:02: [INFO] Add Net-(D58-A) net
13:30:02: [INFO] Add Net-(D59-A) net
13:30:02: [INFO] Add Net-(D6-A) net
13:30:02: [INFO] Add Net-(D60-A) net
13:30:02: [INFO] Add Net-(D61-A) net
13:30:02: [INFO] Add Net-(D62-A) net
13:30:02: [INFO] Add Net-(D63-A) net
13:30:02: [INFO] Add Net-(D64-A) net
13:30:02: [INFO] Add Net-(D65-A) net
13:30:02: [INFO] Add Net-(D66-A) net
13:30:02: [INFO] Add Net-(D67-A) net
13:30:02: [INFO] Add Net-(D68-A) net
13:30:02: [INFO] Add Net-(D69-A) net
13:30:02: [INFO] Add Net-(D7-A) net
13:30:02: [INFO] Add Net-(D70-A) net
13:30:02: [INFO] Add Net-(D71-A) net
13:30:02: [INFO] Add Net-(D72-A) net
13:30:02: [INFO] Add Net-(D73-A) net
13:30:02: [INFO] Add Net-(D74-A) net
13:30:02: [INFO] Add Net-(D75-A) net
13:30:02: [INFO] Add Net-(D76-A) net
13:30:02: [INFO] Add Net-(D77-A) net
13:30:02: [INFO] Add Net-(D78-A) net
13:30:02: [INFO] Add Net-(D79-A) net
13:30:02: [INFO] Add Net-(D8-A) net
13:30:02: [INFO] Add Net-(D80-A) net
13:30:02: [INFO] Add Net-(D81-A) net
13:30:02: [INFO] Add Net-(D82-A) net
13:30:02: [INFO] Add Net-(D83-A) net
13:30:02: [INFO] Add Net-(D84-A) net
13:30:02: [INFO] Add Net-(D85-A) net
13:30:02: [INFO] Add Net-(D86-A) net
13:30:02: [INFO] Add Net-(D87-A) net
13:30:02: [INFO] Add Net-(D88-A) net
13:30:02: [INFO] Add Net-(D89-A) net
13:30:02: [INFO] Add Net-(D9-A) net
13:30:02: [INFO] Add ROW0 net
13:30:02: [INFO] Add ROW1 net
13:30:02: [INFO] Add ROW2 net
13:30:02: [INFO] Add ROW3 net
13:30:02: [INFO] Add ROW4 net
13:30:02: [INFO] Add ROW5 net
13:30:02: [INFO] Add SW1 footprint
13:30:02: [INFO] Add D1 footprint
13:30:02: [INFO] Add SW2 footprint
13:30:02: [INFO] Add D2 footprint
13:30:02: [INFO] Add SW3 footprint
13:30:02: [INFO] Add D3 footprint
13:30:02: [INFO] Add SW4 footprint
13:30:02: [INFO] Add D4 footprint
13:30:02: [INFO] Add SW5 footprint
13:30:02: [INFO] Add D5 footprint
13:30:02: [INFO] Add SW6 footprint
13:30:02: [INFO] Add D6 footprint
13:30:02: [INFO] Add SW7 footprint
13:30:02: [INFO] Add D7 footprint
13:30:03: [INFO] Add SW8 footprint
13:30:03: [INFO] Add D8 footprint
13:30:03: [INFO] Add SW9 footprint
13:30:03: [INFO] Add D9 footprint
13:30:03: [INFO] Add SW10 footprint
13:30:03: [INFO] Add D10 footprint
13:30:03: [INFO] Add SW11 footprint
13:30:03: [INFO] Add D11 footprint
13:30:03: [INFO] Add SW12 footprint
13:30:03: [INFO] Add D12 footprint
13:30:03: [INFO] Add SW13 footprint
13:30:03: [INFO] Add D13 footprint
13:30:03: [INFO] Add SW14 footprint
13:30:03: [INFO] Add D14 footprint
13:30:03: [INFO] Add SW15 footprint
13:30:03: [INFO] Add D15 footprint
13:30:03: [INFO] Add SW16 footprint
13:30:03: [INFO] Add D16 footprint
13:30:03: [INFO] Add SW17 footprint
13:30:03: [INFO] Add D17 footprint
13:30:03: [INFO] Add SW18 footprint
13:30:03: [INFO] Add D18 footprint
13:30:03: [INFO] Add SW19 footprint
13:30:03: [INFO] Add D19 footprint
13:30:03: [INFO] Add SW20 footprint
13:30:03: [INFO] Add D20 footprint
13:30:03: [INFO] Add SW21 footprint
13:30:03: [INFO] Add D21 footprint
13:30:03: [INFO] Add SW22 footprint
13:30:03: [INFO] Add D22 footprint
13:30:03: [INFO] Add SW23 footprint
13:30:04: [INFO] Add D23 footprint
13:30:04: [INFO] Add SW24 footprint
13:30:04: [INFO] Add D24 footprint
13:30:04: [INFO] Add SW25 footprint
13:30:04: [INFO] Add D25 footprint
13:30:04: [INFO] Add SW26 footprint
13:30:04: [INFO] Add D26 footprint
13:30:04: [INFO] Add SW27 footprint
13:30:04: [INFO] Add D27 footprint
13:30:04: [INFO] Add SW28 footprint
13:30:04: [INFO] Add D28 footprint
13:30:04: [INFO] Add SW29 footprint
13:30:04: [INFO] Add D29 footprint
13:30:04: [INFO] Add SW30 footprint
13:30:04: [INFO] Add D30 footprint
13:30:04: [INFO] Add ST30 footprint
13:30:04: [INFO] Add SW30a footprint
13:30:04: [INFO] Add SW31 footprint
13:30:04: [INFO] Add D31 footprint
13:30:04: [INFO] Add SW32 footprint
13:30:04: [INFO] Add D32 footprint
13:30:04: [INFO] Add SW33 footprint
13:30:04: [INFO] Add D33 footprint
13:30:04: [INFO] Add SW34 footprint
13:30:04: [INFO] Add D34 footprint
13:30:04: [INFO] Add SW35 footprint
13:30:04: [INFO] Add D35 footprint
13:30:04: [INFO] Add SW36 footprint
13:30:04: [INFO] Add D36 footprint
13:30:04: [INFO] Add SW37 footprint
13:30:04: [INFO] Add D37 footprint
13:30:04: [INFO] Add SW38 footprint
13:30:04: [INFO] Add D38 footprint
13:30:05: [INFO] Add SW39 footprint
13:30:05: [INFO] Add D39 footprint
13:30:05: [INFO] Add SW40 footprint
13:30:05: [INFO] Add D40 footprint
13:30:05: [INFO] Add SW41 footprint
13:30:05: [INFO] Add D41 footprint
13:30:05: [INFO] Add SW42 footprint
13:30:05: [INFO] Add D42 footprint
13:30:05: [INFO] Add SW43 footprint
13:30:05: [INFO] Add D43 footprint
13:30:05: [INFO] Add SW44 footprint
13:30:05: [INFO] Add D44 footprint
13:30:05: [INFO] Add SW45 footprint
13:30:05: [INFO] Add D45 footprint
13:30:05: [INFO] Add SW46 footprint
13:30:05: [INFO] Add D46 footprint
13:30:05: [INFO] Add SW47 footprint
13:30:05: [INFO] Add D47 footprint
13:30:05: [INFO] Add SW47a footprint
13:30:05: [INFO] Add ST47a footprint
13:30:05: [INFO] Add SW48 footprint
13:30:05: [INFO] Add D48 footprint
13:30:05: [INFO] Add SW49 footprint
13:30:05: [INFO] Add D49 footprint
13:30:05: [INFO] Add SW50 footprint
13:30:05: [INFO] Add D50 footprint
13:30:05: [INFO] Add SW51 footprint
13:30:05: [INFO] Add D51 footprint
13:30:05: [INFO] Add SW52 footprint
13:30:05: [INFO] Add D52 footprint
13:30:05: [INFO] Add SW53 footprint
13:30:05: [INFO] Add D53 footprint
13:30:05: [INFO] Add SW54 footprint
13:30:05: [INFO] Add D54 footprint
13:30:05: [INFO] Add SW55 footprint
13:30:06: [INFO] Add D55 footprint
13:30:06: [INFO] Add SW56 footprint
13:30:06: [INFO] Add D56 footprint
13:30:06: [INFO] Add SW57 footprint
13:30:06: [INFO] Add D57 footprint
13:30:06: [INFO] Add SW58 footprint
13:30:06: [INFO] Add D58 footprint
13:30:06: [INFO] Add SW59 footprint
13:30:06: [INFO] Add D59 footprint
13:30:06: [INFO] Add SW60 footprint
13:30:06: [INFO] Add D60 footprint
13:30:06: [INFO] Add SW61 footprint
13:30:06: [INFO] Add D61 footprint
13:30:06: [INFO] Add SW62 footprint
13:30:06: [INFO] Add D62 footprint
13:30:06: [INFO] Add SW63 footprint
13:30:06: [INFO] Add D63 footprint
13:30:06: [WARNING] No stabilizer footprint for width 2.25u, using 2u as fallback
13:30:06: [INFO] Add ST63 footprint
13:30:06: [INFO] Add SW63a footprint
13:30:06: [INFO] Add SW64 footprint
13:30:06: [INFO] Add D64 footprint
13:30:06: [INFO] Add SW65 footprint
13:30:06: [INFO] Add D65 footprint
13:30:06: [WARNING] No stabilizer footprint for width 2.25u, using 2u as fallback
13:30:06: [INFO] Add ST65 footprint
13:30:06: [INFO] Add SW66 footprint
13:30:06: [INFO] Add D66 footprint
13:30:06: [INFO] Add SW67 footprint
13:30:06: [INFO] Add D67 footprint
13:30:06: [INFO] Add SW68 footprint
13:30:06: [INFO] Add D68 footprint
13:30:06: [INFO] Add SW69 footprint
13:30:06: [INFO] Add D69 footprint
13:30:06: [INFO] Add SW70 footprint
13:30:06: [INFO] Add D70 footprint
13:30:06: [INFO] Add SW71 footprint
13:30:07: [INFO] Add D71 footprint
13:30:07: [INFO] Add SW72 footprint
13:30:07: [INFO] Add D72 footprint
13:30:07: [INFO] Add SW73 footprint
13:30:07: [INFO] Add D73 footprint
13:30:07: [INFO] Add SW74 footprint
13:30:07: [INFO] Add D74 footprint
13:30:07: [INFO] Add SW75 footprint
13:30:07: [INFO] Add D75 footprint
13:30:07: [INFO] Add SW76 footprint
13:30:07: [INFO] Add D76 footprint
13:30:07: [WARNING] No stabilizer footprint for width 2.75u, using 2u as fallback
13:30:07: [INFO] Add ST76 footprint
13:30:07: [INFO] Add SW76a footprint
13:30:07: [INFO] Add SW77 footprint
13:30:07: [INFO] Add D77 footprint
13:30:07: [INFO] Add SW78 footprint
13:30:07: [INFO] Add D78 footprint
13:30:07: [INFO] Add SW79 footprint
13:30:07: [INFO] Add D79 footprint
13:30:07: [INFO] Add SW79a footprint
13:30:07: [INFO] Add SW80 footprint
13:30:07: [INFO] Add D80 footprint
13:30:07: [INFO] Add SW80a footprint
13:30:07: [INFO] Add SW81 footprint
13:30:07: [INFO] Add D81 footprint
13:30:07: [INFO] Add SW81a footprint
13:30:07: [INFO] Add SW82 footprint
13:30:07: [INFO] Add D82 footprint
13:30:07: [INFO] Add ST82 footprint
13:30:07: [INFO] Add SW82a footprint
13:30:07: [INFO] Add ST82a footprint
13:30:07: [INFO] Add SW83 footprint
13:30:07: [INFO] Add D83 footprint
13:30:07: [INFO] Add SW84 footprint
13:30:07: [INFO] Add D84 footprint
13:30:07: [INFO] Add SW84a footprint
13:30:07: [INFO] Add SW85 footprint
13:30:07: [INFO] Add D85 footprint
13:30:08: [INFO] Add SW85a footprint
13:30:08: [INFO] Add SW86 footprint
13:30:08: [INFO] Add D86 footprint
13:30:08: [INFO] Add SW86a footprint
13:30:08: [INFO] Add SW87 footprint
13:30:08: [INFO] Add D87 footprint
13:30:08: [INFO] Add SW88 footprint
13:30:08: [INFO] Add D88 footprint
13:30:08: [INFO] Add SW89 footprint
13:30:08: [INFO] Add D89 footprint
13:30:08: [INFO] Detected layout convertible to matrix annotated keyboard
13:30:08: [INFO] Using key 1U distance: (19.05, 19.05) mm
13:30:08: [INFO] Layout offset: (28575000, 23812500)
13:30:08: [INFO] Diode info: [ElementInfo(annotation_format='D{}', position_option=<PositionOption.CUSTOM: 'Custom'>, position=ElementPosition(x=5.08, y=4.0, orientation=90.0, side=<Side.BACK: 'Back'>), template_path='', start_index=-1)]
13:30:08: [INFO] Placing additional elements for SW89
13:30:08: [INFO] Placing additional elements for SW88
13:30:08: [INFO] Placing additional elements for SW87
13:30:08: [INFO] Placing additional elements for SW86a
13:30:08: [INFO] Placing additional elements for SW86
13:30:08: [INFO] Placing additional elements for SW85a
13:30:08: [INFO] Placing additional elements for SW85
13:30:08: [INFO] Placing additional elements for SW84a
13:30:08: [INFO] Placing additional elements for SW84
13:30:08: [INFO] Placing additional elements for SW83
13:30:08: [INFO] Placing additional elements for SW82a
13:30:08: [INFO] Placing additional elements for SW82
13:30:08: [INFO] Placing additional elements for SW81a
13:30:08: [INFO] Placing additional elements for SW81
13:30:08: [INFO] Placing additional elements for SW80a
13:30:08: [INFO] Placing additional elements for SW80
13:30:08: [INFO] Placing additional elements for SW79a
13:30:08: [INFO] Placing additional elements for SW79
13:30:08: [INFO] Placing additional elements for SW78
13:30:08: [INFO] Placing additional elements for SW77
13:30:08: [INFO] Placing additional elements for SW76a
13:30:08: [INFO] Placing additional elements for SW76
13:30:08: [INFO] Placing additional elements for SW75
13:30:08: [INFO] Placing additional elements for SW74
13:30:08: [INFO] Placing additional elements for SW73
13:30:08: [INFO] Placing additional elements for SW72
13:30:08: [INFO] Placing additional elements for SW71
13:30:08: [INFO] Placing additional elements for SW70
13:30:08: [INFO] Placing additional elements for SW69
13:30:08: [INFO] Placing additional elements for SW68
13:30:08: [INFO] Placing additional elements for SW67
13:30:08: [INFO] Placing additional elements for SW66
13:30:08: [INFO] Placing additional elements for SW65
13:30:08: [INFO] Placing additional elements for SW64
13:30:08: [INFO] Placing additional elements for SW63a
13:30:08: [INFO] Placing additional elements for SW63
13:30:08: [INFO] Placing additional elements for SW62
13:30:08: [INFO] Placing additional elements for SW61
13:30:08: [INFO] Placing additional elements for SW60
13:30:08: [INFO] Placing additional elements for SW59
13:30:08: [INFO] Placing additional elements for SW58
13:30:08: [INFO] Placing additional elements for SW57
13:30:08: [INFO] Placing additional elements for SW56
13:30:08: [INFO] Placing additional elements for SW55
13:30:08: [INFO] Placing additional elements for SW54
13:30:08: [INFO] Placing additional elements for SW53
13:30:08: [INFO] Placing additional elements for SW52
13:30:08: [INFO] Placing additional elements for SW51
13:30:08: [INFO] Placing additional elements for SW50
13:30:08: [INFO] Placing additional elements for SW49
13:30:08: [INFO] Placing additional elements for SW48
13:30:08: [INFO] Placing additional elements for SW47a
13:30:08: [INFO] Placing additional elements for SW47
13:30:08: [INFO] Placing additional elements for SW46
13:30:08: [INFO] Placing additional elements for SW45
13:30:08: [INFO] Placing additional elements for SW44
13:30:08: [INFO] Placing additional elements for SW43
13:30:08: [INFO] Placing additional elements for SW42
13:30:08: [INFO] Placing additional elements for SW41
13:30:08: [INFO] Placing additional elements for SW40
13:30:08: [INFO] Placing additional elements for SW39
13:30:08: [INFO] Placing additional elements for SW38
13:30:08: [INFO] Placing additional elements for SW37
13:30:08: [INFO] Placing additional elements for SW36
13:30:08: [INFO] Placing additional elements for SW35
13:30:08: [INFO] Placing additional elements for SW34
13:30:08: [INFO] Placing additional elements for SW33
13:30:08: [INFO] Placing additional elements for SW32
13:30:08: [INFO] Placing additional elements for SW31
13:30:08: [INFO] Placing additional elements for SW30a
13:30:08: [INFO] Placing additional elements for SW30
13:30:08: [INFO] Placing additional elements for SW29
13:30:08: [INFO] Placing additional elements for SW28
13:30:08: [INFO] Placing additional elements for SW27
13:30:08: [INFO] Placing additional elements for SW26
13:30:08: [INFO] Placing additional elements for SW25
13:30:08: [INFO] Placing additional elements for SW24
13:30:08: [INFO] Placing additional elements for SW23
13:30:08: [INFO] Placing additional elements for SW22
13:30:08: [INFO] Placing additional elements for SW21
13:30:08: [INFO] Placing additional elements for SW20
13:30:08: [INFO] Placing additional elements for SW19
13:30:08: [INFO] Placing additional elements for SW18
13:30:08: [INFO] Placing additional elements for SW17
13:30:08: [INFO] Placing additional elements for SW16
13:30:08: [INFO] Placing additional elements for SW15
13:30:08: [INFO] Placing additional elements for SW14
13:30:08: [INFO] Placing additional elements for SW13
13:30:08: [INFO] Placing additional elements for SW12
13:30:08: [INFO] Placing additional elements for SW11
13:30:08: [INFO] Placing additional elements for SW10
13:30:08: [INFO] Placing additional elements for SW9
13:30:08: [INFO] Placing additional elements for SW8
13:30:08: [INFO] Placing additional elements for SW7
13:30:08: [INFO] Placing additional elements for SW6
13:30:08: [INFO] Placing additional elements for SW5
13:30:08: [INFO] Placing additional elements for SW4
13:30:08: [INFO] Placing additional elements for SW3
13:30:08: [INFO] Placing additional elements for SW2
13:30:08: [INFO] Placing additional elements for SW1
13:30:08: [INFO] Routing SW89 with D89
13:30:08: [INFO] Using internal autorouter method
13:30:08: [INFO] Routing pad 'SW89:2' at (374015000, 213995000) with pad 'D89:2' at (376555000, 221675000) using coordinate system rotated by 0 degree(s)
13:30:08: [INFO] Adding track segment (B.Cu): [(374015000, 213995000), (374015000, 219135000)]
13:30:08: [INFO] Adding track segment (B.Cu): [(374015000, 219135000), (376555000, 221675000)]
13:30:08: [INFO] Routing SW88 with D88
13:30:08: [INFO] Using internal autorouter method
13:30:08: [INFO] Routing pad 'SW88:2' at (354965000, 213995000) with pad 'D88:2' at (357505000, 221675000) using coordinate system rotated by 0 degree(s)
13:30:08: [INFO] Adding track segment (B.Cu): [(354965000, 213995000), (354965000, 219135000)]
13:30:08: [INFO] Adding track segment (B.Cu): [(354965000, 219135000), (357505000, 221675000)]
13:30:08: [INFO] Routing SW87 with D87
13:30:08: [INFO] Using internal autorouter method
13:30:08: [INFO] Routing pad 'SW87:2' at (335915000, 213995000) with pad 'D87:2' at (338455000, 221675000) using coordinate system rotated by 0 degree(s)
13:30:08: [INFO] Adding track segment (B.Cu): [(335915000, 213995000), (335915000, 219135000)]
13:30:08: [INFO] Adding track segment (B.Cu): [(335915000, 219135000), (338455000, 221675000)]
13:30:08: [INFO] Routing SW86a with D86
13:30:08: [INFO] Using internal autorouter method
13:30:08: [INFO] Routing pad 'SW86a:2' at (302577500, 213995000) with pad 'D86:2' at (307498750, 221675000) using coordinate system rotated by 0 degree(s)
13:30:08: [INFO] Routing SW86 with D86
13:30:08: [INFO] Using internal autorouter method
13:30:08: [INFO] Routing pad 'SW86:2' at (304958750, 213995000) with pad 'D86:2' at (307498750, 221675000) using coordinate system rotated by 0 degree(s)
13:30:08: [INFO] Routing SW85a with D85
13:30:08: [INFO] Using internal autorouter method
13:30:08: [INFO] Routing pad 'SW85a:2' at (278765000, 213995000) with pad 'D85:2' at (283686250, 221675000) using coordinate system rotated by 0 degree(s)
13:30:08: [INFO] Routing SW85 with D85
13:30:08: [INFO] Using internal autorouter method
13:30:08: [INFO] Routing pad 'SW85:2' at (281146250, 213995000) with pad 'D85:2' at (283686250, 221675000) using coordinate system rotated by 0 degree(s)
13:30:08: [INFO] Routing SW84a with D84
13:30:08: [INFO] Using internal autorouter method
13:30:08: [INFO] Routing pad 'SW84a:2' at (254952500, 213995000) with pad 'D84:2' at (259873750, 221675000) using coordinate system rotated by 0 degree(s)
13:30:08: [INFO] Routing SW84 with D84
13:30:08: [INFO] Using internal autorouter method
13:30:08: [INFO] Routing pad 'SW84:2' at (257333750, 213995000) with pad 'D84:2' at (259873750, 221675000) using coordinate system rotated by 0 degree(s)
13:30:08: [INFO] Routing SW83 with D83
13:30:08: [INFO] Using internal autorouter method
13:30:08: [INFO] Routing pad 'SW83:2' at (233521250, 213995000) with pad 'D83:2' at (236061250, 221675000) using coordinate system rotated by 0 degree(s)
13:30:08: [INFO] Adding track segment (B.Cu): [(233521250, 213995000), (233521250, 219135000)]
13:30:08: [INFO] Adding track segment (B.Cu): [(233521250, 219135000), (236061250, 221675000)]
13:30:08: [INFO] Routing SW82a with D82
13:30:08: [INFO] Using internal autorouter method
13:30:08: [INFO] Routing pad 'SW82a:2' at (173990000, 213995000) with pad 'D82:2' at (164623750, 221675000) using coordinate system rotated by 0 degree(s)
13:30:08: [INFO] Routing SW82 with D82
13:30:08: [INFO] Using internal autorouter method
13:30:08: [INFO] Routing pad 'SW82:2' at (162083750, 213995000) with pad 'D82:2' at (164623750, 221675000) using coordinate system rotated by 0 degree(s)
13:30:08: [INFO] Adding track segment (B.Cu): [(162083750, 213995000), (162083750, 219135000)]
13:30:08: [INFO] Adding track segment (B.Cu): [(162083750, 219135000), (164623750, 221675000)]
13:30:08: [INFO] Routing SW81a with D81
13:30:08: [INFO] Using internal autorouter method
13:30:08: [INFO] Routing pad 'SW81a:2' at (93027500, 213995000) with pad 'D81:2' at (93186250, 221675000) using coordinate system rotated by 0 degree(s)
13:30:08: [INFO] Routing SW81 with D81
13:30:08: [INFO] Using internal autorouter method
13:30:08: [INFO] Routing pad 'SW81:2' at (90646250, 213995000) with pad 'D81:2' at (93186250, 221675000) using coordinate system rotated by 0 degree(s)
13:30:08: [INFO] Routing SW80a with D80
13:30:08: [INFO] Using internal autorouter method
13:30:08: [INFO] Routing pad 'SW80a:2' at (69215000, 213995000) with pad 'D80:2' at (69373750, 221675000) using coordinate system rotated by 0 degree(s)
13:30:08: [INFO] Routing SW80 with D80
13:30:08: [INFO] Using internal autorouter method
13:30:08: [INFO] Routing pad 'SW80:2' at (66833750, 213995000) with pad 'D80:2' at (69373750, 221675000) using coordinate system rotated by 0 degree(s)
13:30:08: [INFO] Routing SW79a with D79
13:30:08: [INFO] Using internal autorouter method
13:30:08: [INFO] Routing pad 'SW79a:2' at (45402500, 213995000) with pad 'D79:2' at (45561250, 221675000) using coordinate system rotated by 0 degree(s)
13:30:08: [INFO] Routing SW79 with D79
13:30:08: [INFO] Using internal autorouter method
13:30:08: [INFO] Routing pad 'SW79:2' at (43021250, 213995000) with pad 'D79:2' at (45561250, 221675000) using coordinate system rotated by 0 degree(s)
13:30:08: [INFO] Routing SW78 with D78
13:30:08: [INFO] Using internal autorouter method
13:30:08: [INFO] Routing pad 'SW78:2' at (354965000, 194945000) with pad 'D78:2' at (357505000, 202625000) using coordinate system rotated by 0 degree(s)
13:30:08: [INFO] Adding track segment (B.Cu): [(354965000, 194945000), (354965000, 200085000)]
13:30:08: [INFO] Adding track segment (B.Cu): [(354965000, 200085000), (357505000, 202625000)]
13:30:08: [INFO] Routing SW77 with D77
13:30:08: [INFO] Using internal autorouter method
13:30:08: [INFO] Routing pad 'SW77:2' at (307340000, 194945000) with pad 'D77:2' at (309880000, 202625000) using coordinate system rotated by 0 degree(s)
13:30:08: [INFO] Adding track segment (B.Cu): [(307340000, 194945000), (307340000, 200085000)]
13:30:08: [INFO] Adding track segment (B.Cu): [(307340000, 200085000), (309880000, 202625000)]
13:30:08: [INFO] Routing SW76a with D76
13:30:08: [INFO] Using internal autorouter method
13:30:08: [INFO] Routing pad 'SW76a:2' at (281146250, 194945000) with pad 'D76:2' at (293211250, 202625000) using coordinate system rotated by 0 degree(s)
13:30:08: [INFO] Routing SW76 with D76
13:30:08: [INFO] Using internal autorouter method
13:30:08: [INFO] Routing pad 'SW76:2' at (290671250, 194945000) with pad 'D76:2' at (293211250, 202625000) using coordinate system rotated by 0 degree(s)
13:30:08: [INFO] Adding track segment (B.Cu): [(290671250, 194945000), (290671250, 200085000)]
13:30:08: [INFO] Adding track segment (B.Cu): [(290671250, 200085000), (293211250, 202625000)]
13:30:08: [INFO] Routing SW75 with D75
13:30:08: [INFO] Using internal autorouter method
13:30:08: [INFO] Routing pad 'SW75:2' at (254952500, 194945000) with pad 'D75:2' at (257492500, 202625000) using coordinate system rotated by 0 degree(s)
13:30:08: [INFO] Adding track segment (B.Cu): [(254952500, 194945000), (254952500, 200085000)]
13:30:08: [INFO] Adding track segment (B.Cu): [(254952500, 200085000), (257492500, 202625000)]
13:30:08: [INFO] Routing SW74 with D74
13:30:08: [INFO] Using internal autorouter method
13:30:08: [INFO] Routing pad 'SW74:2' at (235902500, 194945000) with pad 'D74:2' at (238442500, 202625000) using coordinate system rotated by 0 degree(s)
13:30:08: [INFO] Adding track segment (B.Cu): [(235902500, 194945000), (235902500, 200085000)]
13:30:08: [INFO] Adding track segment (B.Cu): [(235902500, 200085000), (238442500, 202625000)]
13:30:08: [INFO] Routing SW73 with D73
13:30:08: [INFO] Using internal autorouter method
13:30:08: [INFO] Routing pad 'SW73:2' at (216852500, 194945000) with pad 'D73:2' at (219392500, 202625000) using coordinate system rotated by 0 degree(s)
13:30:08: [INFO] Adding track segment (B.Cu): [(216852500, 194945000), (216852500, 200085000)]
13:30:08: [INFO] Adding track segment (B.Cu): [(216852500, 200085000), (219392500, 202625000)]
13:30:08: [INFO] Routing SW72 with D72
13:30:08: [INFO] Using internal autorouter method
13:30:08: [INFO] Routing pad 'SW72:2' at (197802500, 194945000) with pad 'D72:2' at (200342500, 202625000) using coordinate system rotated by 0 degree(s)
13:30:08: [INFO] Adding track segment (B.Cu): [(197802500, 194945000), (197802500, 200085000)]
13:30:08: [INFO] Adding track segment (B.Cu): [(197802500, 200085000), (200342500, 202625000)]
13:30:08: [INFO] Routing SW71 with D71
13:30:08: [INFO] Using internal autorouter method
13:30:08: [INFO] Routing pad 'SW71:2' at (178752500, 194945000) with pad 'D71:2' at (181292500, 202625000) using coordinate system rotated by 0 degree(s)
13:30:08: [INFO] Adding track segment (B.Cu): [(178752500, 194945000), (178752500, 200085000)]
13:30:08: [INFO] Adding track segment (B.Cu): [(178752500, 200085000), (181292500, 202625000)]
13:30:08: [INFO] Routing SW70 with D70
13:30:08: [INFO] Using internal autorouter method
13:30:08: [INFO] Routing pad 'SW70:2' at (159702500, 194945000) with pad 'D70:2' at (162242500, 202625000) using coordinate system rotated by 0 degree(s)
13:30:08: [INFO] Adding track segment (B.Cu): [(159702500, 194945000), (159702500, 200085000)]
13:30:08: [INFO] Adding track segment (B.Cu): [(159702500, 200085000), (162242500, 202625000)]
13:30:08: [INFO] Routing SW69 with D69
13:30:08: [INFO] Using internal autorouter method
13:30:08: [INFO] Routing pad 'SW69:2' at (140652500, 194945000) with pad 'D69:2' at (143192500, 202625000) using coordinate system rotated by 0 degree(s)
13:30:08: [INFO] Adding track segment (B.Cu): [(140652500, 194945000), (140652500, 200085000)]
13:30:08: [INFO] Adding track segment (B.Cu): [(140652500, 200085000), (143192500, 202625000)]
13:30:08: [INFO] Routing SW68 with D68
13:30:08: [INFO] Using internal autorouter method
13:30:08: [INFO] Routing pad 'SW68:2' at (121602500, 194945000) with pad 'D68:2' at (124142500, 202625000) using coordinate system rotated by 0 degree(s)
13:30:08: [INFO] Adding track segment (B.Cu): [(121602500, 194945000), (121602500, 200085000)]
13:30:08: [INFO] Adding track segment (B.Cu): [(121602500, 200085000), (124142500, 202625000)]
13:30:08: [INFO] Routing SW67 with D67
13:30:08: [INFO] Using internal autorouter method
13:30:08: [INFO] Routing pad 'SW67:2' at (102552500, 194945000) with pad 'D67:2' at (105092500, 202625000) using coordinate system rotated by 0 degree(s)
13:30:08: [INFO] Adding track segment (B.Cu): [(102552500, 194945000), (102552500, 200085000)]
13:30:08: [INFO] Adding track segment (B.Cu): [(102552500, 200085000), (105092500, 202625000)]
13:30:09: [INFO] Routing SW66 with D66
13:30:09: [INFO] Using internal autorouter method
13:30:09: [INFO] Routing pad 'SW66:2' at (83502500, 194945000) with pad 'D66:2' at (86042500, 202625000) using coordinate system rotated by 0 degree(s)
13:30:09: [INFO] Adding track segment (B.Cu): [(83502500, 194945000), (83502500, 200085000)]
13:30:09: [INFO] Adding track segment (B.Cu): [(83502500, 200085000), (86042500, 202625000)]
13:30:09: [INFO] Routing SW65 with D65
13:30:09: [INFO] Using internal autorouter method
13:30:09: [INFO] Routing pad 'SW65:2' at (52546250, 194945000) with pad 'D65:2' at (55086250, 202625000) using coordinate system rotated by 0 degree(s)
13:30:09: [INFO] Adding track segment (B.Cu): [(52546250, 194945000), (52546250, 200085000)]
13:30:09: [INFO] Adding track segment (B.Cu): [(52546250, 200085000), (55086250, 202625000)]
13:30:09: [INFO] Routing SW64 with D64
13:30:09: [INFO] Using internal autorouter method
13:30:09: [INFO] Routing pad 'SW64:2' at (307340000, 137795000) with pad 'D64:2' at (309880000, 145475000) using coordinate system rotated by 0 degree(s)
13:30:09: [INFO] Adding track segment (B.Cu): [(307340000, 137795000), (307340000, 142935000)]
13:30:09: [INFO] Adding track segment (B.Cu): [(307340000, 142935000), (309880000, 145475000)]
13:30:09: [INFO] Routing SW63a with D63
13:30:09: [INFO] Using internal autorouter method
13:30:09: [INFO] Routing pad 'SW63a:2' at (283527500, 175895000) with pad 'D63:2' at (297973750, 183575000) using coordinate system rotated by 0 degree(s)
13:30:09: [INFO] Routing SW63 with D63
13:30:09: [INFO] Using internal autorouter method
13:30:09: [INFO] Routing pad 'SW63:2' at (295433750, 175895000) with pad 'D63:2' at (297973750, 183575000) using coordinate system rotated by 0 degree(s)
13:30:09: [INFO] Adding track segment (B.Cu): [(295433750, 175895000), (295433750, 181035000)]
13:30:09: [INFO] Adding track segment (B.Cu): [(295433750, 181035000), (297973750, 183575000)]
13:30:09: [INFO] Routing SW62 with D62
13:30:09: [INFO] Using internal autorouter method
13:30:09: [INFO] Routing pad 'SW62:2' at (264477500, 175895000) with pad 'D62:2' at (267017500, 183575000) using coordinate system rotated by 0 degree(s)
13:30:09: [INFO] Adding track segment (B.Cu): [(264477500, 175895000), (264477500, 181035000)]
13:30:09: [INFO] Adding track segment (B.Cu): [(264477500, 181035000), (267017500, 183575000)]
13:30:09: [INFO] Routing SW61 with D61
13:30:09: [INFO] Using internal autorouter method
13:30:09: [INFO] Routing pad 'SW61:2' at (245427500, 175895000) with pad 'D61:2' at (247967500, 183575000) using coordinate system rotated by 0 degree(s)
13:30:09: [INFO] Adding track segment (B.Cu): [(245427500, 175895000), (245427500, 181035000)]
13:30:09: [INFO] Adding track segment (B.Cu): [(245427500, 181035000), (247967500, 183575000)]
13:30:09: [INFO] Routing SW60 with D60
13:30:09: [INFO] Using internal autorouter method
13:30:09: [INFO] Routing pad 'SW60:2' at (226377500, 175895000) with pad 'D60:2' at (228917500, 183575000) using coordinate system rotated by 0 degree(s)
13:30:09: [INFO] Adding track segment (B.Cu): [(226377500, 175895000), (226377500, 181035000)]
13:30:09: [INFO] Adding track segment (B.Cu): [(226377500, 181035000), (228917500, 183575000)]
13:30:09: [INFO] Routing SW59 with D59
13:30:09: [INFO] Using internal autorouter method
13:30:09: [INFO] Routing pad 'SW59:2' at (207327500, 175895000) with pad 'D59:2' at (209867500, 183575000) using coordinate system rotated by 0 degree(s)
13:30:09: [INFO] Adding track segment (B.Cu): [(207327500, 175895000), (207327500, 181035000)]
13:30:09: [INFO] Adding track segment (B.Cu): [(207327500, 181035000), (209867500, 183575000)]
13:30:09: [INFO] Routing SW58 with D58
13:30:09: [INFO] Using internal autorouter method
13:30:09: [INFO] Routing pad 'SW58:2' at (188277500, 175895000) with pad 'D58:2' at (190817500, 183575000) using coordinate system rotated by 0 degree(s)
13:30:09: [INFO] Adding track segment (B.Cu): [(188277500, 175895000), (188277500, 181035000)]
13:30:09: [INFO] Adding track segment (B.Cu): [(188277500, 181035000), (190817500, 183575000)]
13:30:09: [INFO] Routing SW57 with D57
13:30:09: [INFO] Using internal autorouter method
13:30:09: [INFO] Routing pad 'SW57:2' at (169227500, 175895000) with pad 'D57:2' at (171767500, 183575000) using coordinate system rotated by 0 degree(s)
13:30:09: [INFO] Adding track segment (B.Cu): [(169227500, 175895000), (169227500, 181035000)]
13:30:09: [INFO] Adding track segment (B.Cu): [(169227500, 181035000), (171767500, 183575000)]
13:30:09: [INFO] Routing SW56 with D56
13:30:09: [INFO] Using internal autorouter method
13:30:09: [INFO] Routing pad 'SW56:2' at (150177500, 175895000) with pad 'D56:2' at (152717500, 183575000) using coordinate system rotated by 0 degree(s)
13:30:09: [INFO] Adding track segment (B.Cu): [(150177500, 175895000), (150177500, 181035000)]
13:30:09: [INFO] Adding track segment (B.Cu): [(150177500, 181035000), (152717500, 183575000)]
13:30:09: [INFO] Routing SW55 with D55
13:30:09: [INFO] Using internal autorouter method
13:30:09: [INFO] Routing pad 'SW55:2' at (131127500, 175895000) with pad 'D55:2' at (133667500, 183575000) using coordinate system rotated by 0 degree(s)
13:30:09: [INFO] Adding track segment (B.Cu): [(131127500, 175895000), (131127500, 181035000)]
13:30:09: [INFO] Adding track segment (B.Cu): [(131127500, 181035000), (133667500, 183575000)]
13:30:09: [INFO] Routing SW54 with D54
13:30:09: [INFO] Using internal autorouter method
13:30:09: [INFO] Routing pad 'SW54:2' at (112077500, 175895000) with pad 'D54:2' at (114617500, 183575000) using coordinate system rotated by 0 degree(s)
13:30:09: [INFO] Adding track segment (B.Cu): [(112077500, 175895000), (112077500, 181035000)]
13:30:09: [INFO] Adding track segment (B.Cu): [(112077500, 181035000), (114617500, 183575000)]
13:30:09: [INFO] Routing SW53 with D53
13:30:09: [INFO] Using internal autorouter method
13:30:09: [INFO] Routing pad 'SW53:2' at (93027500, 175895000) with pad 'D53:2' at (95567500, 183575000) using coordinate system rotated by 0 degree(s)
13:30:09: [INFO] Adding track segment (B.Cu): [(93027500, 175895000), (93027500, 181035000)]
13:30:09: [INFO] Adding track segment (B.Cu): [(93027500, 181035000), (95567500, 183575000)]
13:30:09: [INFO] Routing SW52 with D52
13:30:09: [INFO] Using internal autorouter method
13:30:09: [INFO] Routing pad 'SW52:2' at (73977500, 175895000) with pad 'D52:2' at (76517500, 183575000) using coordinate system rotated by 0 degree(s)
13:30:09: [INFO] Adding track segment (B.Cu): [(73977500, 175895000), (73977500, 181035000)]
13:30:09: [INFO] Adding track segment (B.Cu): [(73977500, 181035000), (76517500, 183575000)]
13:30:09: [INFO] Routing SW51 with D51
13:30:09: [INFO] Using internal autorouter method
13:30:09: [INFO] Routing pad 'SW51:2' at (47783750, 175895000) with pad 'D51:2' at (50323750, 183575000) using coordinate system rotated by 0 degree(s)
13:30:09: [INFO] Adding track segment (B.Cu): [(47783750, 175895000), (47783750, 181035000)]
13:30:09: [INFO] Adding track segment (B.Cu): [(47783750, 181035000), (50323750, 183575000)]
13:30:09: [INFO] Routing SW50 with D50
13:30:09: [INFO] Using internal autorouter method
13:30:09: [INFO] Routing pad 'SW50:2' at (374015000, 156845000) with pad 'D50:2' at (376555000, 164525000) using coordinate system rotated by 0 degree(s)
13:30:09: [INFO] Adding track segment (B.Cu): [(374015000, 156845000), (374015000, 161985000)]
13:30:09: [INFO] Adding track segment (B.Cu): [(374015000, 161985000), (376555000, 164525000)]
13:30:09: [INFO] Routing SW49 with D49
13:30:09: [INFO] Using internal autorouter method
13:30:09: [INFO] Routing pad 'SW49:2' at (354965000, 156845000) with pad 'D49:2' at (357505000, 164525000) using coordinate system rotated by 0 degree(s)
13:30:09: [INFO] Adding track segment (B.Cu): [(354965000, 156845000), (354965000, 161985000)]
13:30:09: [INFO] Adding track segment (B.Cu): [(354965000, 161985000), (357505000, 164525000)]
13:30:09: [INFO] Routing SW48 with D48
13:30:09: [INFO] Using internal autorouter method
13:30:09: [INFO] Routing pad 'SW48:2' at (335915000, 156845000) with pad 'D48:2' at (338455000, 164525000) using coordinate system rotated by 0 degree(s)
13:30:09: [INFO] Adding track segment (B.Cu): [(335915000, 156845000), (335915000, 161985000)]
13:30:09: [INFO] Adding track segment (B.Cu): [(335915000, 161985000), (338455000, 164525000)]
13:30:09: [INFO] Routing SW47a with D47
13:30:09: [INFO] Using internal autorouter method
13:30:09: [INFO] Routing pad 'SW47a:2' at (304958750, 166370000) with pad 'D47:2' at (305117500, 164525000) using coordinate system rotated by 0 degree(s)
13:30:09: [INFO] Adding track segment (B.Cu): [(304958750, 166370000), (304958750, 164683750)]
13:30:09: [INFO] Adding track segment (B.Cu): [(304958750, 164683750), (305117500, 164525000)]
13:30:09: [INFO] Routing SW47 with D47
13:30:09: [INFO] Using internal autorouter method
13:30:09: [INFO] Routing pad 'SW47:2' at (302577500, 156845000) with pad 'D47:2' at (305117500, 164525000) using coordinate system rotated by 0 degree(s)
13:30:09: [INFO] Adding track segment (B.Cu): [(302577500, 156845000), (302577500, 161985000)]
13:30:09: [INFO] Adding track segment (B.Cu): [(302577500, 161985000), (305117500, 164525000)]
13:30:09: [INFO] Routing SW46 with D46
13:30:09: [INFO] Using internal autorouter method
13:30:09: [INFO] Routing pad 'SW46:2' at (278765000, 156845000) with pad 'D46:2' at (281305000, 164525000) using coordinate system rotated by 0 degree(s)
13:30:09: [INFO] Adding track segment (B.Cu): [(278765000, 156845000), (278765000, 161985000)]
13:30:09: [INFO] Adding track segment (B.Cu): [(278765000, 161985000), (281305000, 164525000)]
13:30:09: [INFO] Routing SW45 with D45
13:30:09: [INFO] Using internal autorouter method
13:30:09: [INFO] Routing pad 'SW45:2' at (259715000, 156845000) with pad 'D45:2' at (262255000, 164525000) using coordinate system rotated by 0 degree(s)
13:30:09: [INFO] Adding track segment (B.Cu): [(259715000, 156845000), (259715000, 161985000)]
13:30:09: [INFO] Adding track segment (B.Cu): [(259715000, 161985000), (262255000, 164525000)]
13:30:09: [INFO] Routing SW44 with D44
13:30:09: [INFO] Using internal autorouter method
13:30:09: [INFO] Routing pad 'SW44:2' at (240665000, 156845000) with pad 'D44:2' at (243205000, 164525000) using coordinate system rotated by 0 degree(s)
13:30:09: [INFO] Adding track segment (B.Cu): [(240665000, 156845000), (240665000, 161985000)]
13:30:09: [INFO] Adding track segment (B.Cu): [(240665000, 161985000), (243205000, 164525000)]
13:30:09: [INFO] Routing SW43 with D43
13:30:09: [INFO] Using internal autorouter method
13:30:09: [INFO] Routing pad 'SW43:2' at (221615000, 156845000) with pad 'D43:2' at (224155000, 164525000) using coordinate system rotated by 0 degree(s)
13:30:09: [INFO] Adding track segment (B.Cu): [(221615000, 156845000), (221615000, 161985000)]
13:30:09: [INFO] Adding track segment (B.Cu): [(221615000, 161985000), (224155000, 164525000)]
13:30:09: [INFO] Routing SW42 with D42
13:30:09: [INFO] Using internal autorouter method
13:30:09: [INFO] Routing pad 'SW42:2' at (202565000, 156845000) with pad 'D42:2' at (205105000, 164525000) using coordinate system rotated by 0 degree(s)
13:30:09: [INFO] Adding track segment (B.Cu): [(202565000, 156845000), (202565000, 161985000)]
13:30:09: [INFO] Adding track segment (B.Cu): [(202565000, 161985000), (205105000, 164525000)]
13:30:09: [INFO] Routing SW41 with D41
13:30:09: [INFO] Using internal autorouter method
13:30:09: [INFO] Routing pad 'SW41:2' at (183515000, 156845000) with pad 'D41:2' at (186055000, 164525000) using coordinate system rotated by 0 degree(s)
13:30:09: [INFO] Adding track segment (B.Cu): [(183515000, 156845000), (183515000, 161985000)]
13:30:09: [INFO] Adding track segment (B.Cu): [(183515000, 161985000), (186055000, 164525000)]
13:30:09: [INFO] Routing SW40 with D40
13:30:09: [INFO] Using internal autorouter method
13:30:09: [INFO] Routing pad 'SW40:2' at (164465000, 156845000) with pad 'D40:2' at (167005000, 164525000) using coordinate system rotated by 0 degree(s)
13:30:09: [INFO] Adding track segment (B.Cu): [(164465000, 156845000), (164465000, 161985000)]
13:30:09: [INFO] Adding track segment (B.Cu): [(164465000, 161985000), (167005000, 164525000)]
13:30:09: [INFO] Routing SW39 with D39
13:30:09: [INFO] Using internal autorouter method
13:30:09: [INFO] Routing pad 'SW39:2' at (145415000, 156845000) with pad 'D39:2' at (147955000, 164525000) using coordinate system rotated by 0 degree(s)
13:30:09: [INFO] Adding track segment (B.Cu): [(145415000, 156845000), (145415000, 161985000)]
13:30:09: [INFO] Adding track segment (B.Cu): [(145415000, 161985000), (147955000, 164525000)]
13:30:09: [INFO] Routing SW38 with D38
13:30:09: [INFO] Using internal autorouter method
13:30:09: [INFO] Routing pad 'SW38:2' at (126365000, 156845000) with pad 'D38:2' at (128905000, 164525000) using coordinate system rotated by 0 degree(s)
13:30:09: [INFO] Adding track segment (B.Cu): [(126365000, 156845000), (126365000, 161985000)]
13:30:09: [INFO] Adding track segment (B.Cu): [(126365000, 161985000), (128905000, 164525000)]
13:30:09: [INFO] Routing SW37 with D37
13:30:09: [INFO] Using internal autorouter method
13:30:09: [INFO] Routing pad 'SW37:2' at (107315000, 156845000) with pad 'D37:2' at (109855000, 164525000) using coordinate system rotated by 0 degree(s)
13:30:09: [INFO] Adding track segment (B.Cu): [(107315000, 156845000), (107315000, 161985000)]
13:30:09: [INFO] Adding track segment (B.Cu): [(107315000, 161985000), (109855000, 164525000)]
13:30:09: [INFO] Routing SW36 with D36
13:30:09: [INFO] Using internal autorouter method
13:30:09: [INFO] Routing pad 'SW36:2' at (88265000, 156845000) with pad 'D36:2' at (90805000, 164525000) using coordinate system rotated by 0 degree(s)
13:30:09: [INFO] Adding track segment (B.Cu): [(88265000, 156845000), (88265000, 161985000)]
13:30:09: [INFO] Adding track segment (B.Cu): [(88265000, 161985000), (90805000, 164525000)]
13:30:09: [INFO] Routing SW35 with D35
13:30:09: [INFO] Using internal autorouter method
13:30:09: [INFO] Routing pad 'SW35:2' at (69215000, 156845000) with pad 'D35:2' at (71755000, 164525000) using coordinate system rotated by 0 degree(s)
13:30:09: [INFO] Adding track segment (B.Cu): [(69215000, 156845000), (69215000, 161985000)]
13:30:09: [INFO] Adding track segment (B.Cu): [(69215000, 161985000), (71755000, 164525000)]
13:30:09: [INFO] Routing SW34 with D34
13:30:09: [INFO] Using internal autorouter method
13:30:09: [INFO] Routing pad 'SW34:2' at (45402500, 156845000) with pad 'D34:2' at (47942500, 164525000) using coordinate system rotated by 0 degree(s)
13:30:09: [INFO] Adding track segment (B.Cu): [(45402500, 156845000), (45402500, 161985000)]
13:30:09: [INFO] Adding track segment (B.Cu): [(45402500, 161985000), (47942500, 164525000)]
13:30:09: [INFO] Routing SW33 with D33
13:30:09: [INFO] Using internal autorouter method
13:30:09: [INFO] Routing pad 'SW33:2' at (374015000, 137795000) with pad 'D33:2' at (376555000, 145475000) using coordinate system rotated by 0 degree(s)
13:30:09: [INFO] Adding track segment (B.Cu): [(374015000, 137795000), (374015000, 142935000)]
13:30:09: [INFO] Adding track segment (B.Cu): [(374015000, 142935000), (376555000, 145475000)]
13:30:09: [INFO] Routing SW32 with D32
13:30:09: [INFO] Using internal autorouter method
13:30:09: [INFO] Routing pad 'SW32:2' at (354965000, 137795000) with pad 'D32:2' at (357505000, 145475000) using coordinate system rotated by 0 degree(s)
13:30:09: [INFO] Adding track segment (B.Cu): [(354965000, 137795000), (354965000, 142935000)]
13:30:09: [INFO] Adding track segment (B.Cu): [(354965000, 142935000), (357505000, 145475000)]
13:30:09: [INFO] Routing SW31 with D31
13:30:09: [INFO] Using internal autorouter method
13:30:09: [INFO] Routing pad 'SW31:2' at (335915000, 137795000) with pad 'D31:2' at (338455000, 145475000) using coordinate system rotated by 0 degree(s)
13:30:09: [INFO] Adding track segment (B.Cu): [(335915000, 137795000), (335915000, 142935000)]
13:30:09: [INFO] Adding track segment (B.Cu): [(335915000, 142935000), (338455000, 145475000)]
13:30:09: [INFO] Routing SW30a with D30
13:30:09: [INFO] Using internal autorouter method
13:30:09: [INFO] Routing pad 'SW30a:2' at (288290000, 137795000) with pad 'D30:2' at (300355000, 145475000) using coordinate system rotated by 0 degree(s)
13:30:09: [INFO] Routing SW30 with D30
13:30:09: [INFO] Using internal autorouter method
13:30:09: [INFO] Routing pad 'SW30:2' at (297815000, 137795000) with pad 'D30:2' at (300355000, 145475000) using coordinate system rotated by 0 degree(s)
13:30:09: [INFO] Adding track segment (B.Cu): [(297815000, 137795000), (297815000, 142935000)]
13:30:09: [INFO] Adding track segment (B.Cu): [(297815000, 142935000), (300355000, 145475000)]
13:30:09: [INFO] Routing SW29 with D29
13:30:09: [INFO] Using internal autorouter method
13:30:09: [INFO] Routing pad 'SW29:2' at (269240000, 137795000) with pad 'D29:2' at (271780000, 145475000) using coordinate system rotated by 0 degree(s)
13:30:09: [INFO] Adding track segment (B.Cu): [(269240000, 137795000), (269240000, 142935000)]
13:30:09: [INFO] Adding track segment (B.Cu): [(269240000, 142935000), (271780000, 145475000)]
13:30:09: [INFO] Routing SW28 with D28
13:30:09: [INFO] Using internal autorouter method
13:30:09: [INFO] Routing pad 'SW28:2' at (250190000, 137795000) with pad 'D28:2' at (252730000, 145475000) using coordinate system rotated by 0 degree(s)
13:30:09: [INFO] Adding track segment (B.Cu): [(250190000, 137795000), (250190000, 142935000)]
13:30:09: [INFO] Adding track segment (B.Cu): [(250190000, 142935000), (252730000, 145475000)]
13:30:09: [INFO] Routing SW27 with D27
13:30:09: [INFO] Using internal autorouter method
13:30:09: [INFO] Routing pad 'SW27:2' at (231140000, 137795000) with pad 'D27:2' at (233680000, 145475000) using coordinate system rotated by 0 degree(s)
13:30:09: [INFO] Adding track segment (B.Cu): [(231140000, 137795000), (231140000, 142935000)]
13:30:09: [INFO] Adding track segment (B.Cu): [(231140000, 142935000), (233680000, 145475000)]
13:30:10: [INFO] Routing SW26 with D26
13:30:10: [INFO] Using internal autorouter method
13:30:10: [INFO] Routing pad 'SW26:2' at (212090000, 137795000) with pad 'D26:2' at (214630000, 145475000) using coordinate system rotated by 0 degree(s)
13:30:10: [INFO] Adding track segment (B.Cu): [(212090000, 137795000), (212090000, 142935000)]
13:30:10: [INFO] Adding track segment (B.Cu): [(212090000, 142935000), (214630000, 145475000)]
13:30:10: [INFO] Routing SW25 with D25
13:30:10: [INFO] Using internal autorouter method
13:30:10: [INFO] Routing pad 'SW25:2' at (193040000, 137795000) with pad 'D25:2' at (195580000, 145475000) using coordinate system rotated by 0 degree(s)
13:30:10: [INFO] Adding track segment (B.Cu): [(193040000, 137795000), (193040000, 142935000)]
13:30:10: [INFO] Adding track segment (B.Cu): [(193040000, 142935000), (195580000, 145475000)]
13:30:10: [INFO] Routing SW24 with D24
13:30:10: [INFO] Using internal autorouter method
13:30:10: [INFO] Routing pad 'SW24:2' at (173990000, 137795000) with pad 'D24:2' at (176530000, 145475000) using coordinate system rotated by 0 degree(s)
13:30:10: [INFO] Adding track segment (B.Cu): [(173990000, 137795000), (173990000, 142935000)]
13:30:10: [INFO] Adding track segment (B.Cu): [(173990000, 142935000), (176530000, 145475000)]
13:30:10: [INFO] Routing SW23 with D23
13:30:10: [INFO] Using internal autorouter method
13:30:10: [INFO] Routing pad 'SW23:2' at (154940000, 137795000) with pad 'D23:2' at (157480000, 145475000) using coordinate system rotated by 0 degree(s)
13:30:10: [INFO] Adding track segment (B.Cu): [(154940000, 137795000), (154940000, 142935000)]
13:30:10: [INFO] Adding track segment (B.Cu): [(154940000, 142935000), (157480000, 145475000)]
13:30:10: [INFO] Routing SW22 with D22
13:30:10: [INFO] Using internal autorouter method
13:30:10: [INFO] Routing pad 'SW22:2' at (135890000, 137795000) with pad 'D22:2' at (138430000, 145475000) using coordinate system rotated by 0 degree(s)
13:30:10: [INFO] Adding track segment (B.Cu): [(135890000, 137795000), (135890000, 142935000)]
13:30:10: [INFO] Adding track segment (B.Cu): [(135890000, 142935000), (138430000, 145475000)]
13:30:10: [INFO] Routing SW21 with D21
13:30:10: [INFO] Using internal autorouter method
13:30:10: [INFO] Routing pad 'SW21:2' at (116840000, 137795000) with pad 'D21:2' at (119380000, 145475000) using coordinate system rotated by 0 degree(s)
13:30:10: [INFO] Adding track segment (B.Cu): [(116840000, 137795000), (116840000, 142935000)]
13:30:10: [INFO] Adding track segment (B.Cu): [(116840000, 142935000), (119380000, 145475000)]
13:30:10: [INFO] Routing SW20 with D20
13:30:10: [INFO] Using internal autorouter method
13:30:10: [INFO] Routing pad 'SW20:2' at (97790000, 137795000) with pad 'D20:2' at (100330000, 145475000) using coordinate system rotated by 0 degree(s)
13:30:10: [INFO] Adding track segment (B.Cu): [(97790000, 137795000), (97790000, 142935000)]
13:30:10: [INFO] Adding track segment (B.Cu): [(97790000, 142935000), (100330000, 145475000)]
13:30:10: [INFO] Routing SW19 with D19
13:30:10: [INFO] Using internal autorouter method
13:30:10: [INFO] Routing pad 'SW19:2' at (78740000, 137795000) with pad 'D19:2' at (81280000, 145475000) using coordinate system rotated by 0 degree(s)
13:30:10: [INFO] Adding track segment (B.Cu): [(78740000, 137795000), (78740000, 142935000)]
13:30:10: [INFO] Adding track segment (B.Cu): [(78740000, 142935000), (81280000, 145475000)]
13:30:10: [INFO] Routing SW18 with D18
13:30:10: [INFO] Using internal autorouter method
13:30:10: [INFO] Routing pad 'SW18:2' at (59690000, 137795000) with pad 'D18:2' at (62230000, 145475000) using coordinate system rotated by 0 degree(s)
13:30:10: [INFO] Adding track segment (B.Cu): [(59690000, 137795000), (59690000, 142935000)]
13:30:10: [INFO] Adding track segment (B.Cu): [(59690000, 142935000), (62230000, 145475000)]
13:30:10: [INFO] Routing SW17 with D17
13:30:10: [INFO] Using internal autorouter method
13:30:10: [INFO] Routing pad 'SW17:2' at (40640000, 137795000) with pad 'D17:2' at (43180000, 145475000) using coordinate system rotated by 0 degree(s)
13:30:10: [INFO] Adding track segment (B.Cu): [(40640000, 137795000), (40640000, 142935000)]
13:30:10: [INFO] Adding track segment (B.Cu): [(40640000, 142935000), (43180000, 145475000)]
13:30:10: [INFO] Routing SW16 with D16
13:30:10: [INFO] Using internal autorouter method
13:30:10: [INFO] Routing pad 'SW16:2' at (374015000, 109220000) with pad 'D16:2' at (376555000, 116900000) using coordinate system rotated by 0 degree(s)
13:30:10: [INFO] Adding track segment (B.Cu): [(374015000, 109220000), (374015000, 114360000)]
13:30:10: [INFO] Adding track segment (B.Cu): [(374015000, 114360000), (376555000, 116900000)]
13:30:10: [INFO] Routing SW15 with D15
13:30:10: [INFO] Using internal autorouter method
13:30:10: [INFO] Routing pad 'SW15:2' at (354965000, 109220000) with pad 'D15:2' at (357505000, 116900000) using coordinate system rotated by 0 degree(s)
13:30:10: [INFO] Adding track segment (B.Cu): [(354965000, 109220000), (354965000, 114360000)]
13:30:10: [INFO] Adding track segment (B.Cu): [(354965000, 114360000), (357505000, 116900000)]
13:30:10: [INFO] Routing SW14 with D14
13:30:10: [INFO] Using internal autorouter method
13:30:10: [INFO] Routing pad 'SW14:2' at (335915000, 109220000) with pad 'D14:2' at (338455000, 116900000) using coordinate system rotated by 0 degree(s)
13:30:10: [INFO] Adding track segment (B.Cu): [(335915000, 109220000), (335915000, 114360000)]
13:30:10: [INFO] Adding track segment (B.Cu): [(335915000, 114360000), (338455000, 116900000)]
13:30:10: [INFO] Routing SW13 with D13
13:30:10: [INFO] Using internal autorouter method
13:30:10: [INFO] Routing pad 'SW13:2' at (307340000, 109220000) with pad 'D13:2' at (309880000, 116900000) using coordinate system rotated by 0 degree(s)
13:30:10: [INFO] Adding track segment (B.Cu): [(307340000, 109220000), (307340000, 114360000)]
13:30:10: [INFO] Adding track segment (B.Cu): [(307340000, 114360000), (309880000, 116900000)]
13:30:10: [INFO] Routing SW12 with D12
13:30:10: [INFO] Using internal autorouter method
13:30:10: [INFO] Routing pad 'SW12:2' at (288290000, 109220000) with pad 'D12:2' at (290830000, 116900000) using coordinate system rotated by 0 degree(s)
13:30:10: [INFO] Adding track segment (B.Cu): [(288290000, 109220000), (288290000, 114360000)]
13:30:10: [INFO] Adding track segment (B.Cu): [(288290000, 114360000), (290830000, 116900000)]
13:30:10: [INFO] Routing SW11 with D11
13:30:10: [INFO] Using internal autorouter method
13:30:10: [INFO] Routing pad 'SW11:2' at (269240000, 109220000) with pad 'D11:2' at (271780000, 116900000) using coordinate system rotated by 0 degree(s)
13:30:10: [INFO] Adding track segment (B.Cu): [(269240000, 109220000), (269240000, 114360000)]
13:30:10: [INFO] Adding track segment (B.Cu): [(269240000, 114360000), (271780000, 116900000)]
13:30:10: [INFO] Routing SW10 with D10
13:30:10: [INFO] Using internal autorouter method
13:30:10: [INFO] Routing pad 'SW10:2' at (250190000, 109220000) with pad 'D10:2' at (252730000, 116900000) using coordinate system rotated by 0 degree(s)
13:30:10: [INFO] Adding track segment (B.Cu): [(250190000, 109220000), (250190000, 114360000)]
13:30:10: [INFO] Adding track segment (B.Cu): [(250190000, 114360000), (252730000, 116900000)]
13:30:10: [INFO] Routing SW9 with D9
13:30:10: [INFO] Using internal autorouter method
13:30:10: [INFO] Routing pad 'SW9:2' at (221615000, 109220000) with pad 'D9:2' at (224155000, 116900000) using coordinate system rotated by 0 degree(s)
13:30:10: [INFO] Adding track segment (B.Cu): [(221615000, 109220000), (221615000, 114360000)]
13:30:10: [INFO] Adding track segment (B.Cu): [(221615000, 114360000), (224155000, 116900000)]
13:30:10: [INFO] Routing SW8 with D8
13:30:10: [INFO] Using internal autorouter method
13:30:10: [INFO] Routing pad 'SW8:2' at (202565000, 109220000) with pad 'D8:2' at (205105000, 116900000) using coordinate system rotated by 0 degree(s)
13:30:10: [INFO] Adding track segment (B.Cu): [(202565000, 109220000), (202565000, 114360000)]
13:30:10: [INFO] Adding track segment (B.Cu): [(202565000, 114360000), (205105000, 116900000)]
13:30:10: [INFO] Routing SW7 with D7
13:30:10: [INFO] Using internal autorouter method
13:30:10: [INFO] Routing pad 'SW7:2' at (183515000, 109220000) with pad 'D7:2' at (186055000, 116900000) using coordinate system rotated by 0 degree(s)
13:30:10: [INFO] Adding track segment (B.Cu): [(183515000, 109220000), (183515000, 114360000)]
13:30:10: [INFO] Adding track segment (B.Cu): [(183515000, 114360000), (186055000, 116900000)]
13:30:10: [INFO] Routing SW6 with D6
13:30:10: [INFO] Using internal autorouter method
13:30:10: [INFO] Routing pad 'SW6:2' at (164465000, 109220000) with pad 'D6:2' at (167005000, 116900000) using coordinate system rotated by 0 degree(s)
13:30:10: [INFO] Adding track segment (B.Cu): [(164465000, 109220000), (164465000, 114360000)]
13:30:10: [INFO] Adding track segment (B.Cu): [(164465000, 114360000), (167005000, 116900000)]
13:30:10: [INFO] Routing SW5 with D5
13:30:10: [INFO] Using internal autorouter method
13:30:10: [INFO] Routing pad 'SW5:2' at (135890000, 109220000) with pad 'D5:2' at (138430000, 116900000) using coordinate system rotated by 0 degree(s)
13:30:10: [INFO] Adding track segment (B.Cu): [(135890000, 109220000), (135890000, 114360000)]
13:30:10: [INFO] Adding track segment (B.Cu): [(135890000, 114360000), (138430000, 116900000)]
13:30:10: [INFO] Routing SW4 with D4
13:30:10: [INFO] Using internal autorouter method
13:30:10: [INFO] Routing pad 'SW4:2' at (116840000, 109220000) with pad 'D4:2' at (119380000, 116900000) using coordinate system rotated by 0 degree(s)
13:30:10: [INFO] Adding track segment (B.Cu): [(116840000, 109220000), (116840000, 114360000)]
13:30:10: [INFO] Adding track segment (B.Cu): [(116840000, 114360000), (119380000, 116900000)]
13:30:10: [INFO] Routing SW3 with D3
13:30:10: [INFO] Using internal autorouter method
13:30:10: [INFO] Routing pad 'SW3:2' at (97790000, 109220000) with pad 'D3:2' at (100330000, 116900000) using coordinate system rotated by 0 degree(s)
13:30:10: [INFO] Adding track segment (B.Cu): [(97790000, 109220000), (97790000, 114360000)]
13:30:10: [INFO] Adding track segment (B.Cu): [(97790000, 114360000), (100330000, 116900000)]
13:30:10: [INFO] Routing SW2 with D2
13:30:10: [INFO] Using internal autorouter method
13:30:10: [INFO] Routing pad 'SW2:2' at (78740000, 109220000) with pad 'D2:2' at (81280000, 116900000) using coordinate system rotated by 0 degree(s)
13:30:10: [INFO] Adding track segment (B.Cu): [(78740000, 109220000), (78740000, 114360000)]
13:30:10: [INFO] Adding track segment (B.Cu): [(78740000, 114360000), (81280000, 116900000)]
13:30:10: [INFO] Routing SW1 with D1
13:30:10: [INFO] Using internal autorouter method
13:30:10: [INFO] Routing pad 'SW1:2' at (40640000, 109220000) with pad 'D1:2' at (43180000, 116900000) using coordinate system rotated by 0 degree(s)
13:30:10: [INFO] Adding track segment (B.Cu): [(40640000, 109220000), (40640000, 114360000)]
13:30:10: [INFO] Adding track segment (B.Cu): [(40640000, 114360000), (43180000, 116900000)]
13:30:10: [INFO] Routing ROW5 pads
13:30:10: [INFO] Routing pad 'D79:1' at (45561250, 224475000) with pad 'D80:1' at (69373750, 224475000) using coordinate system rotated by 0 degree(s)
13:30:10: [INFO] Adding track segment (B.Cu): [(45561250, 224475000), (69373750, 224475000)]
13:30:10: [INFO] Routing pad 'D80:1' at (69373750, 224475000) with pad 'D81:1' at (93186250, 224475000) using coordinate system rotated by 0 degree(s)
13:30:10: [INFO] Adding track segment (B.Cu): [(69373750, 224475000), (93186250, 224475000)]
13:30:10: [INFO] Routing pad 'D81:1' at (93186250, 224475000) with pad 'D82:1' at (164623750, 224475000) using coordinate system rotated by 0 degree(s)
13:30:10: [INFO] Adding track segment (B.Cu): [(93186250, 224475000), (164623750, 224475000)]
13:30:10: [INFO] Routing pad 'D82:1' at (164623750, 224475000) with pad 'D83:1' at (236061250, 224475000) using coordinate system rotated by 0 degree(s)
13:30:10: [INFO] Adding track segment (B.Cu): [(164623750, 224475000), (236061250, 224475000)]
13:30:10: [INFO] Routing pad 'D83:1' at (236061250, 224475000) with pad 'D84:1' at (259873750, 224475000) using coordinate system rotated by 0 degree(s)
13:30:10: [INFO] Adding track segment (B.Cu): [(236061250, 224475000), (259873750, 224475000)]
13:30:10: [INFO] Routing pad 'D84:1' at (259873750, 224475000) with pad 'D85:1' at (283686250, 224475000) using coordinate system rotated by 0 degree(s)
13:30:10: [INFO] Adding track segment (B.Cu): [(259873750, 224475000), (283686250, 224475000)]
13:30:10: [INFO] Routing pad 'D85:1' at (283686250, 224475000) with pad 'D86:1' at (307498750, 224475000) using coordinate system rotated by 0 degree(s)
13:30:10: [INFO] Adding track segment (B.Cu): [(283686250, 224475000), (307498750, 224475000)]
13:30:10: [INFO] Routing pad 'D86:1' at (307498750, 224475000) with pad 'D87:1' at (338455000, 224475000) using coordinate system rotated by 0 degree(s)
13:30:10: [INFO] Adding track segment (B.Cu): [(307498750, 224475000), (338455000, 224475000)]
13:30:10: [INFO] Routing pad 'D87:1' at (338455000, 224475000) with pad 'D88:1' at (357505000, 224475000) using coordinate system rotated by 0 degree(s)
13:30:10: [INFO] Adding track segment (B.Cu): [(338455000, 224475000), (357505000, 224475000)]
13:30:10: [INFO] Routing pad 'D88:1' at (357505000, 224475000) with pad 'D89:1' at (376555000, 224475000) using coordinate system rotated by 0 degree(s)
13:30:10: [INFO] Adding track segment (B.Cu): [(357505000, 224475000), (376555000, 224475000)]
13:30:10: [INFO] Routing COL0 pads
13:30:10: [INFO] Routing pad 'SW1:1' at (34290000, 111760000) with pad 'SW17:1' at (34290000, 140335000) using coordinate system rotated by 0 degree(s)
13:30:10: [INFO] Adding track segment (F.Cu): [(34290000, 111760000), (34290000, 140335000)]
13:30:10: [INFO] Routing pad 'SW79a:1' at (39052500, 216535000) with pad 'SW79:1' at (36671250, 216535000) using coordinate system rotated by 0 degree(s)
13:30:10: [INFO] Adding track segment (F.Cu): [(39052500, 216535000), (36671250, 216535000)]
13:30:10: [INFO] Routing pad 'SW17:1' at (34290000, 140335000) with pad 'SW34:1' at (39052500, 159385000) using coordinate system rotated by 0 degree(s)
13:30:10: [INFO] Adding track segment (F.Cu): [(34290000, 140335000), (34290000, 154622500)]
13:30:10: [INFO] Adding track segment (F.Cu): [(34290000, 154622500), (39052500, 159385000)]
13:30:10: [INFO] Routing pad 'SW65:1' at (46196250, 197485000) with pad 'SW79a:1' at (39052500, 216535000) using coordinate system rotated by 0 degree(s)
13:30:10: [INFO] Routing pad 'SW34:1' at (39052500, 159385000) with pad 'SW51:1' at (41433750, 178435000) using coordinate system rotated by 0 degree(s)
13:30:10: [INFO] Adding track segment (F.Cu): [(39052500, 159385000), (39052500, 176053750)]
13:30:10: [INFO] Adding track segment (F.Cu): [(39052500, 176053750), (41433750, 178435000)]
13:30:10: [INFO] Routing pad 'SW51:1' at (41433750, 178435000) with pad 'SW65:1' at (46196250, 197485000) using coordinate system rotated by 0 degree(s)
13:30:10: [INFO] Adding track segment (F.Cu): [(41433750, 178435000), (41433750, 192722500)]
13:30:10: [INFO] Adding track segment (F.Cu): [(41433750, 192722500), (46196250, 197485000)]
13:30:10: [INFO] Routing COL17 pads
13:30:10: [INFO] Routing pad 'SW16:1' at (367665000, 111760000) with pad 'SW33:1' at (367665000, 140335000) using coordinate system rotated by 0 degree(s)
13:30:10: [INFO] Adding track segment (F.Cu): [(367665000, 111760000), (367665000, 140335000)]
13:30:10: [INFO] Routing pad 'SW33:1' at (367665000, 140335000) with pad 'SW50:1' at (367665000, 159385000) using coordinate system rotated by 0 degree(s)
13:30:10: [INFO] Adding track segment (F.Cu): [(367665000, 140335000), (367665000, 159385000)]
13:30:10: [INFO] Routing pad 'SW50:1' at (367665000, 159385000) with pad 'SW89:1' at (367665000, 216535000) using coordinate system rotated by 0 degree(s)
13:30:10: [INFO] Adding track segment (F.Cu): [(367665000, 159385000), (367665000, 216535000)]
13:30:10: [INFO] Routing COL5 pads
13:30:10: [INFO] Routing pad 'SW5:1' at (129540000, 111760000) with pad 'SW22:1' at (129540000, 140335000) using coordinate system rotated by 0 degree(s)
13:30:10: [INFO] Adding track segment (F.Cu): [(129540000, 111760000), (129540000, 140335000)]
13:30:10: [INFO] Routing pad 'SW22:1' at (129540000, 140335000) with pad 'SW39:1' at (139065000, 159385000) using coordinate system rotated by 0 degree(s)
13:30:10: [INFO] Adding track segment (F.Cu): [(129540000, 140335000), (129540000, 149860000)]
13:30:10: [INFO] Adding track segment (F.Cu): [(129540000, 149860000), (139065000, 159385000)]
13:30:11: [INFO] Routing pad 'SW39:1' at (139065000, 159385000) with pad 'SW56:1' at (143827500, 178435000) using coordinate system rotated by 0 degree(s)
13:30:11: [INFO] Adding track segment (F.Cu): [(139065000, 159385000), (139065000, 173672500)]
13:30:11: [INFO] Adding track segment (F.Cu): [(139065000, 173672500), (143827500, 178435000)]
13:30:11: [INFO] Routing pad 'SW56:1' at (143827500, 178435000) with pad 'SW70:1' at (153352500, 197485000) using coordinate system rotated by 0 degree(s)
13:30:11: [INFO] Adding track segment (F.Cu): [(143827500, 178435000), (143827500, 187960000)]
13:30:11: [INFO] Adding track segment (F.Cu): [(143827500, 187960000), (153352500, 197485000)]
13:30:11: [INFO] Routing COL4 pads
13:30:11: [INFO] Routing pad 'SW4:1' at (110490000, 111760000) with pad 'SW21:1' at (110490000, 140335000) using coordinate system rotated by 0 degree(s)
13:30:11: [INFO] Adding track segment (F.Cu): [(110490000, 111760000), (110490000, 140335000)]
13:30:11: [INFO] Routing pad 'SW21:1' at (110490000, 140335000) with pad 'SW38:1' at (120015000, 159385000) using coordinate system rotated by 0 degree(s)
13:30:11: [INFO] Adding track segment (F.Cu): [(110490000, 140335000), (110490000, 149860000)]
13:30:11: [INFO] Adding track segment (F.Cu): [(110490000, 149860000), (120015000, 159385000)]
13:30:11: [INFO] Routing pad 'SW38:1' at (120015000, 159385000) with pad 'SW55:1' at (124777500, 178435000) using coordinate system rotated by 0 degree(s)
13:30:11: [INFO] Adding track segment (F.Cu): [(120015000, 159385000), (120015000, 173672500)]
13:30:11: [INFO] Adding track segment (F.Cu): [(120015000, 173672500), (124777500, 178435000)]
13:30:11: [INFO] Routing pad 'SW55:1' at (124777500, 178435000) with pad 'SW69:1' at (134302500, 197485000) using coordinate system rotated by 0 degree(s)
13:30:11: [INFO] Adding track segment (F.Cu): [(124777500, 178435000), (124777500, 187960000)]
13:30:11: [INFO] Adding track segment (F.Cu): [(124777500, 187960000), (134302500, 197485000)]
13:30:11: [INFO] Routing COL11 pads
13:30:11: [INFO] Routing pad 'SW10:1' at (243840000, 111760000) with pad 'SW28:1' at (243840000, 140335000) using coordinate system rotated by 0 degree(s)
13:30:11: [INFO] Adding track segment (F.Cu): [(243840000, 111760000), (243840000, 140335000)]
13:30:11: [INFO] Routing pad 'SW28:1' at (243840000, 140335000) with pad 'SW45:1' at (253365000, 159385000) using coordinate system rotated by 0 degree(s)
13:30:11: [INFO] Adding track segment (F.Cu): [(243840000, 140335000), (243840000, 149860000)]
13:30:11: [INFO] Adding track segment (F.Cu): [(243840000, 149860000), (253365000, 159385000)]
13:30:11: [INFO] Routing pad 'SW45:1' at (253365000, 159385000) with pad 'SW62:1' at (258127500, 178435000) using coordinate system rotated by 0 degree(s)
13:30:11: [INFO] Adding track segment (F.Cu): [(253365000, 159385000), (253365000, 173672500)]
13:30:11: [INFO] Adding track segment (F.Cu): [(253365000, 173672500), (258127500, 178435000)]
13:30:11: [INFO] Routing COL3 pads
13:30:11: [INFO] Routing pad 'SW3:1' at (91440000, 111760000) with pad 'SW20:1' at (91440000, 140335000) using coordinate system rotated by 0 degree(s)
13:30:11: [INFO] Adding track segment (F.Cu): [(91440000, 111760000), (91440000, 140335000)]
13:30:11: [INFO] Routing pad 'SW20:1' at (91440000, 140335000) with pad 'SW37:1' at (100965000, 159385000) using coordinate system rotated by 0 degree(s)
13:30:11: [INFO] Adding track segment (F.Cu): [(91440000, 140335000), (91440000, 149860000)]
13:30:11: [INFO] Adding track segment (F.Cu): [(91440000, 149860000), (100965000, 159385000)]
13:30:11: [INFO] Routing pad 'SW37:1' at (100965000, 159385000) with pad 'SW54:1' at (105727500, 178435000) using coordinate system rotated by 0 degree(s)
13:30:11: [INFO] Adding track segment (F.Cu): [(100965000, 159385000), (100965000, 173672500)]
13:30:11: [INFO] Adding track segment (F.Cu): [(100965000, 173672500), (105727500, 178435000)]
13:30:11: [INFO] Routing pad 'SW54:1' at (105727500, 178435000) with pad 'SW68:1' at (115252500, 197485000) using coordinate system rotated by 0 degree(s)
13:30:11: [INFO] Adding track segment (F.Cu): [(105727500, 178435000), (105727500, 187960000)]
13:30:11: [INFO] Adding track segment (F.Cu): [(105727500, 187960000), (115252500, 197485000)]
13:30:11: [INFO] Routing COL14 pads
13:30:11: [INFO] Routing pad 'SW86a:1' at (296227500, 216535000) with pad 'SW86:1' at (298608750, 216535000) using coordinate system rotated by 0 degree(s)
13:30:11: [INFO] Adding track segment (F.Cu): [(296227500, 216535000), (298608750, 216535000)]
13:30:11: [INFO] Routing pad 'SW64:1' at (300990000, 140335000) with pad 'SW13:1' at (300990000, 111760000) using coordinate system rotated by 0 degree(s)
13:30:11: [INFO] Adding track segment (F.Cu): [(300990000, 140335000), (300990000, 111760000)]
13:30:11: [INFO] Routing pad 'SW77:1' at (300990000, 197485000) with pad 'SW64:1' at (300990000, 140335000) using coordinate system rotated by 0 degree(s)
13:30:11: [INFO] Adding track segment (F.Cu): [(300990000, 197485000), (300990000, 140335000)]
13:30:11: [INFO] Could not add track segment due to detected collision
13:30:11: [INFO] Routing pad 'SW86:1' at (298608750, 216535000) with pad 'SW77:1' at (300990000, 197485000) using coordinate system rotated by 0 degree(s)
13:30:11: [INFO] Routing COL9 pads
13:30:11: [INFO] Routing pad 'SW26:1' at (205740000, 140335000) with pad 'SW9:1' at (215265000, 111760000) using coordinate system rotated by 0 degree(s)
13:30:11: [INFO] Adding track segment (F.Cu): [(205740000, 140335000), (215265000, 130810000)]
13:30:11: [INFO] Adding track segment (F.Cu): [(215265000, 130810000), (215265000, 111760000)]
13:30:11: [INFO] Routing pad 'SW26:1' at (205740000, 140335000) with pad 'SW43:1' at (215265000, 159385000) using coordinate system rotated by 0 degree(s)
13:30:11: [INFO] Adding track segment (F.Cu): [(205740000, 140335000), (205740000, 149860000)]
13:30:11: [INFO] Adding track segment (F.Cu): [(205740000, 149860000), (215265000, 159385000)]
13:30:11: [INFO] Routing pad 'SW43:1' at (215265000, 159385000) with pad 'SW60:1' at (220027500, 178435000) using coordinate system rotated by 0 degree(s)
13:30:11: [INFO] Adding track segment (F.Cu): [(215265000, 159385000), (215265000, 173672500)]
13:30:11: [INFO] Adding track segment (F.Cu): [(215265000, 173672500), (220027500, 178435000)]
13:30:11: [INFO] Routing pad 'SW74:1' at (229552500, 197485000) with pad 'SW83:1' at (227171250, 216535000) using coordinate system rotated by 0 degree(s)
13:30:11: [INFO] Routing pad 'SW60:1' at (220027500, 178435000) with pad 'SW74:1' at (229552500, 197485000) using coordinate system rotated by 0 degree(s)
13:30:11: [INFO] Adding track segment (F.Cu): [(220027500, 178435000), (220027500, 187960000)]
13:30:11: [INFO] Adding track segment (F.Cu): [(220027500, 187960000), (229552500, 197485000)]
13:30:11: [INFO] Routing COL1 pads
13:30:11: [INFO] Routing pad 'SW80a:1' at (62865000, 216535000) with pad 'SW80:1' at (60483750, 216535000) using coordinate system rotated by 0 degree(s)
13:30:11: [INFO] Adding track segment (F.Cu): [(62865000, 216535000), (60483750, 216535000)]
13:30:11: [INFO] Routing pad 'SW18:1' at (53340000, 140335000) with pad 'SW35:1' at (62865000, 159385000) using coordinate system rotated by 0 degree(s)
13:30:11: [INFO] Adding track segment (F.Cu): [(53340000, 140335000), (53340000, 149860000)]
13:30:11: [INFO] Adding track segment (F.Cu): [(53340000, 149860000), (62865000, 159385000)]
13:30:11: [INFO] Routing pad 'SW66:1' at (77152500, 197485000) with pad 'SW80a:1' at (62865000, 216535000) using coordinate system rotated by 0 degree(s)
13:30:11: [INFO] Routing pad 'SW35:1' at (62865000, 159385000) with pad 'SW52:1' at (67627500, 178435000) using coordinate system rotated by 0 degree(s)
13:30:11: [INFO] Adding track segment (F.Cu): [(62865000, 159385000), (62865000, 173672500)]
13:30:11: [INFO] Adding track segment (F.Cu): [(62865000, 173672500), (67627500, 178435000)]
13:30:11: [INFO] Routing pad 'SW52:1' at (67627500, 178435000) with pad 'SW66:1' at (77152500, 197485000) using coordinate system rotated by 0 degree(s)
13:30:11: [INFO] Adding track segment (F.Cu): [(67627500, 178435000), (67627500, 187960000)]
13:30:11: [INFO] Adding track segment (F.Cu): [(67627500, 187960000), (77152500, 197485000)]
13:30:11: [INFO] Routing COL7 pads
13:30:11: [INFO] Routing pad 'SW24:1' at (167640000, 140335000) with pad 'SW7:1' at (177165000, 111760000) using coordinate system rotated by 0 degree(s)
13:30:11: [INFO] Adding track segment (F.Cu): [(167640000, 140335000), (177165000, 130810000)]
13:30:11: [INFO] Adding track segment (F.Cu): [(177165000, 130810000), (177165000, 111760000)]
13:30:11: [INFO] Routing pad 'SW24:1' at (167640000, 140335000) with pad 'SW41:1' at (177165000, 159385000) using coordinate system rotated by 0 degree(s)
13:30:11: [INFO] Adding track segment (F.Cu): [(167640000, 140335000), (167640000, 149860000)]
13:30:11: [INFO] Adding track segment (F.Cu): [(167640000, 149860000), (177165000, 159385000)]
13:30:11: [INFO] Routing pad 'SW41:1' at (177165000, 159385000) with pad 'SW58:1' at (181927500, 178435000) using coordinate system rotated by 0 degree(s)
13:30:11: [INFO] Adding track segment (F.Cu): [(177165000, 159385000), (177165000, 173672500)]
13:30:11: [INFO] Adding track segment (F.Cu): [(177165000, 173672500), (181927500, 178435000)]
13:30:11: [INFO] Routing pad 'SW58:1' at (181927500, 178435000) with pad 'SW72:1' at (191452500, 197485000) using coordinate system rotated by 0 degree(s)
13:30:11: [INFO] Adding track segment (F.Cu): [(181927500, 178435000), (181927500, 187960000)]
13:30:11: [INFO] Adding track segment (F.Cu): [(181927500, 187960000), (191452500, 197485000)]
13:30:11: [INFO] Routing ROW4 pads
13:30:11: [INFO] Routing pad 'D65:1' at (55086250, 205425000) with pad 'D66:1' at (86042500, 205425000) using coordinate system rotated by 0 degree(s)
13:30:11: [INFO] Adding track segment (B.Cu): [(55086250, 205425000), (86042500, 205425000)]
13:30:11: [INFO] Routing pad 'D66:1' at (86042500, 205425000) with pad 'D67:1' at (105092500, 205425000) using coordinate system rotated by 0 degree(s)
13:30:11: [INFO] Adding track segment (B.Cu): [(86042500, 205425000), (105092500, 205425000)]
13:30:11: [INFO] Routing pad 'D67:1' at (105092500, 205425000) with pad 'D68:1' at (124142500, 205425000) using coordinate system rotated by 0 degree(s)
13:30:11: [INFO] Adding track segment (B.Cu): [(105092500, 205425000), (124142500, 205425000)]
13:30:11: [INFO] Routing pad 'D68:1' at (124142500, 205425000) with pad 'D69:1' at (143192500, 205425000) using coordinate system rotated by 0 degree(s)
13:30:11: [INFO] Adding track segment (B.Cu): [(124142500, 205425000), (143192500, 205425000)]
13:30:11: [INFO] Routing pad 'D69:1' at (143192500, 205425000) with pad 'D70:1' at (162242500, 205425000) using coordinate system rotated by 0 degree(s)
13:30:11: [INFO] Adding track segment (B.Cu): [(143192500, 205425000), (162242500, 205425000)]
13:30:11: [INFO] Routing pad 'D70:1' at (162242500, 205425000) with pad 'D71:1' at (181292500, 205425000) using coordinate system rotated by 0 degree(s)
13:30:11: [INFO] Adding track segment (B.Cu): [(162242500, 205425000), (181292500, 205425000)]
13:30:11: [INFO] Routing pad 'D71:1' at (181292500, 205425000) with pad 'D72:1' at (200342500, 205425000) using coordinate system rotated by 0 degree(s)
13:30:11: [INFO] Adding track segment (B.Cu): [(181292500, 205425000), (200342500, 205425000)]
13:30:11: [INFO] Routing pad 'D72:1' at (200342500, 205425000) with pad 'D73:1' at (219392500, 205425000) using coordinate system rotated by 0 degree(s)
13:30:11: [INFO] Adding track segment (B.Cu): [(200342500, 205425000), (219392500, 205425000)]
13:30:11: [INFO] Routing pad 'D73:1' at (219392500, 205425000) with pad 'D74:1' at (238442500, 205425000) using coordinate system rotated by 0 degree(s)
13:30:11: [INFO] Adding track segment (B.Cu): [(219392500, 205425000), (238442500, 205425000)]
13:30:11: [INFO] Routing pad 'D74:1' at (238442500, 205425000) with pad 'D75:1' at (257492500, 205425000) using coordinate system rotated by 0 degree(s)
13:30:11: [INFO] Adding track segment (B.Cu): [(238442500, 205425000), (257492500, 205425000)]
13:30:11: [INFO] Routing pad 'D75:1' at (257492500, 205425000) with pad 'D76:1' at (293211250, 205425000) using coordinate system rotated by 0 degree(s)
13:30:11: [INFO] Adding track segment (B.Cu): [(257492500, 205425000), (293211250, 205425000)]
13:30:11: [INFO] Routing pad 'D76:1' at (293211250, 205425000) with pad 'D77:1' at (309880000, 205425000) using coordinate system rotated by 0 degree(s)
13:30:11: [INFO] Adding track segment (B.Cu): [(293211250, 205425000), (309880000, 205425000)]
13:30:11: [INFO] Routing pad 'D77:1' at (309880000, 205425000) with pad 'D78:1' at (357505000, 205425000) using coordinate system rotated by 0 degree(s)
13:30:11: [INFO] Adding track segment (B.Cu): [(309880000, 205425000), (357505000, 205425000)]
13:30:11: [INFO] Routing COL8 pads
13:30:11: [INFO] Routing pad 'SW25:1' at (186690000, 140335000) with pad 'SW8:1' at (196215000, 111760000) using coordinate system rotated by 0 degree(s)
13:30:11: [INFO] Adding track segment (F.Cu): [(186690000, 140335000), (196215000, 130810000)]
13:30:11: [INFO] Adding track segment (F.Cu): [(196215000, 130810000), (196215000, 111760000)]
13:30:11: [INFO] Routing pad 'SW25:1' at (186690000, 140335000) with pad 'SW42:1' at (196215000, 159385000) using coordinate system rotated by 0 degree(s)
13:30:11: [INFO] Adding track segment (F.Cu): [(186690000, 140335000), (186690000, 149860000)]
13:30:11: [INFO] Adding track segment (F.Cu): [(186690000, 149860000), (196215000, 159385000)]
13:30:11: [INFO] Routing pad 'SW42:1' at (196215000, 159385000) with pad 'SW59:1' at (200977500, 178435000) using coordinate system rotated by 0 degree(s)
13:30:11: [INFO] Adding track segment (F.Cu): [(196215000, 159385000), (196215000, 173672500)]
13:30:11: [INFO] Adding track segment (F.Cu): [(196215000, 173672500), (200977500, 178435000)]
13:30:11: [INFO] Routing pad 'SW59:1' at (200977500, 178435000) with pad 'SW73:1' at (210502500, 197485000) using coordinate system rotated by 0 degree(s)
13:30:11: [INFO] Adding track segment (F.Cu): [(200977500, 178435000), (200977500, 187960000)]
13:30:11: [INFO] Adding track segment (F.Cu): [(200977500, 187960000), (210502500, 197485000)]
13:30:11: [INFO] Routing COL15 pads
13:30:11: [INFO] Routing pad 'SW14:1' at (329565000, 111760000) with pad 'SW31:1' at (329565000, 140335000) using coordinate system rotated by 0 degree(s)
13:30:11: [INFO] Adding track segment (F.Cu): [(329565000, 111760000), (329565000, 140335000)]
13:30:11: [INFO] Routing pad 'SW31:1' at (329565000, 140335000) with pad 'SW48:1' at (329565000, 159385000) using coordinate system rotated by 0 degree(s)
13:30:11: [INFO] Adding track segment (F.Cu): [(329565000, 140335000), (329565000, 159385000)]
13:30:11: [INFO] Routing pad 'SW48:1' at (329565000, 159385000) with pad 'SW87:1' at (329565000, 216535000) using coordinate system rotated by 0 degree(s)
13:30:11: [INFO] Adding track segment (F.Cu): [(329565000, 159385000), (329565000, 216535000)]
13:30:12: [INFO] Routing COL16 pads
13:30:12: [INFO] Routing pad 'SW15:1' at (348615000, 111760000) with pad 'SW32:1' at (348615000, 140335000) using coordinate system rotated by 0 degree(s)
13:30:12: [INFO] Adding track segment (F.Cu): [(348615000, 111760000), (348615000, 140335000)]
13:30:12: [INFO] Routing pad 'SW32:1' at (348615000, 140335000) with pad 'SW49:1' at (348615000, 159385000) using coordinate system rotated by 0 degree(s)
13:30:12: [INFO] Adding track segment (F.Cu): [(348615000, 140335000), (348615000, 159385000)]
13:30:12: [INFO] Routing pad 'SW49:1' at (348615000, 159385000) with pad 'SW78:1' at (348615000, 197485000) using coordinate system rotated by 0 degree(s)
13:30:12: [INFO] Adding track segment (F.Cu): [(348615000, 159385000), (348615000, 197485000)]
13:30:12: [INFO] Routing pad 'SW78:1' at (348615000, 197485000) with pad 'SW88:1' at (348615000, 216535000) using coordinate system rotated by 0 degree(s)
13:30:12: [INFO] Adding track segment (F.Cu): [(348615000, 197485000), (348615000, 216535000)]
13:30:12: [INFO] Routing COL10 pads
13:30:12: [INFO] Routing pad 'SW27:1' at (224790000, 140335000) with pad 'SW44:1' at (234315000, 159385000) using coordinate system rotated by 0 degree(s)
13:30:12: [INFO] Adding track segment (F.Cu): [(224790000, 140335000), (224790000, 149860000)]
13:30:12: [INFO] Adding track segment (F.Cu): [(224790000, 149860000), (234315000, 159385000)]
13:30:12: [INFO] Routing pad 'SW44:1' at (234315000, 159385000) with pad 'SW61:1' at (239077500, 178435000) using coordinate system rotated by 0 degree(s)
13:30:12: [INFO] Adding track segment (F.Cu): [(234315000, 159385000), (234315000, 173672500)]
13:30:12: [INFO] Adding track segment (F.Cu): [(234315000, 173672500), (239077500, 178435000)]
13:30:12: [INFO] Routing pad 'SW61:1' at (239077500, 178435000) with pad 'SW75:1' at (248602500, 197485000) using coordinate system rotated by 0 degree(s)
13:30:12: [INFO] Adding track segment (F.Cu): [(239077500, 178435000), (239077500, 187960000)]
13:30:12: [INFO] Adding track segment (F.Cu): [(239077500, 187960000), (248602500, 197485000)]
13:30:12: [INFO] Routing pad 'SW75:1' at (248602500, 197485000) with pad 'SW84a:1' at (248602500, 216535000) using coordinate system rotated by 0 degree(s)
13:30:12: [INFO] Adding track segment (F.Cu): [(248602500, 197485000), (248602500, 216535000)]
13:30:12: [INFO] Routing pad 'SW84a:1' at (248602500, 216535000) with pad 'SW84:1' at (250983750, 216535000) using coordinate system rotated by 0 degree(s)
13:30:12: [INFO] Adding track segment (F.Cu): [(248602500, 216535000), (250983750, 216535000)]
13:30:12: [INFO] Routing COL6 pads
13:30:12: [INFO] Routing pad 'SW82a:1' at (167640000, 216535000) with pad 'SW82:1' at (155733750, 216535000) using coordinate system rotated by 0 degree(s)
13:30:12: [INFO] Adding track segment (F.Cu): [(167640000, 216535000), (155733750, 216535000)]
13:30:12: [INFO] Routing pad 'SW23:1' at (148590000, 140335000) with pad 'SW6:1' at (158115000, 111760000) using coordinate system rotated by 0 degree(s)
13:30:12: [INFO] Adding track segment (F.Cu): [(148590000, 140335000), (158115000, 130810000)]
13:30:12: [INFO] Adding track segment (F.Cu): [(158115000, 130810000), (158115000, 111760000)]
13:30:12: [INFO] Routing pad 'SW23:1' at (148590000, 140335000) with pad 'SW40:1' at (158115000, 159385000) using coordinate system rotated by 0 degree(s)
13:30:12: [INFO] Adding track segment (F.Cu): [(148590000, 140335000), (148590000, 149860000)]
13:30:12: [INFO] Adding track segment (F.Cu): [(148590000, 149860000), (158115000, 159385000)]
13:30:12: [INFO] Routing pad 'SW40:1' at (158115000, 159385000) with pad 'SW57:1' at (162877500, 178435000) using coordinate system rotated by 0 degree(s)
13:30:12: [INFO] Adding track segment (F.Cu): [(158115000, 159385000), (158115000, 173672500)]
13:30:12: [INFO] Adding track segment (F.Cu): [(158115000, 173672500), (162877500, 178435000)]
13:30:12: [INFO] Routing pad 'SW71:1' at (172402500, 197485000) with pad 'SW82a:1' at (167640000, 216535000) using coordinate system rotated by 0 degree(s)
13:30:12: [INFO] Adding track segment (F.Cu): [(172402500, 197485000), (172402500, 211772500)]
13:30:12: [INFO] Adding track segment (F.Cu): [(172402500, 211772500), (167640000, 216535000)]
13:30:12: [INFO] Routing pad 'SW57:1' at (162877500, 178435000) with pad 'SW71:1' at (172402500, 197485000) using coordinate system rotated by 0 degree(s)
13:30:12: [INFO] Adding track segment (F.Cu): [(162877500, 178435000), (162877500, 187960000)]
13:30:12: [INFO] Adding track segment (F.Cu): [(162877500, 187960000), (172402500, 197485000)]
13:30:12: [INFO] Routing ROW0 pads
13:30:12: [INFO] Routing pad 'D1:1' at (43180000, 119700000) with pad 'D2:1' at (81280000, 119700000) using coordinate system rotated by 0 degree(s)
13:30:12: [INFO] Adding track segment (B.Cu): [(43180000, 119700000), (81280000, 119700000)]
13:30:12: [INFO] Routing pad 'D2:1' at (81280000, 119700000) with pad 'D3:1' at (100330000, 119700000) using coordinate system rotated by 0 degree(s)
13:30:12: [INFO] Adding track segment (B.Cu): [(81280000, 119700000), (100330000, 119700000)]
13:30:12: [INFO] Routing pad 'D3:1' at (100330000, 119700000) with pad 'D4:1' at (119380000, 119700000) using coordinate system rotated by 0 degree(s)
13:30:12: [INFO] Adding track segment (B.Cu): [(100330000, 119700000), (119380000, 119700000)]
13:30:12: [INFO] Routing pad 'D4:1' at (119380000, 119700000) with pad 'D5:1' at (138430000, 119700000) using coordinate system rotated by 0 degree(s)
13:30:12: [INFO] Adding track segment (B.Cu): [(119380000, 119700000), (138430000, 119700000)]
13:30:12: [INFO] Routing pad 'D5:1' at (138430000, 119700000) with pad 'D6:1' at (167005000, 119700000) using coordinate system rotated by 0 degree(s)
13:30:12: [INFO] Adding track segment (B.Cu): [(138430000, 119700000), (167005000, 119700000)]
13:30:12: [INFO] Routing pad 'D6:1' at (167005000, 119700000) with pad 'D7:1' at (186055000, 119700000) using coordinate system rotated by 0 degree(s)
13:30:12: [INFO] Adding track segment (B.Cu): [(167005000, 119700000), (186055000, 119700000)]
13:30:12: [INFO] Routing pad 'D7:1' at (186055000, 119700000) with pad 'D8:1' at (205105000, 119700000) using coordinate system rotated by 0 degree(s)
13:30:12: [INFO] Adding track segment (B.Cu): [(186055000, 119700000), (205105000, 119700000)]
13:30:12: [INFO] Routing pad 'D8:1' at (205105000, 119700000) with pad 'D9:1' at (224155000, 119700000) using coordinate system rotated by 0 degree(s)
13:30:12: [INFO] Adding track segment (B.Cu): [(205105000, 119700000), (224155000, 119700000)]
13:30:12: [INFO] Routing pad 'D9:1' at (224155000, 119700000) with pad 'D10:1' at (252730000, 119700000) using coordinate system rotated by 0 degree(s)
13:30:12: [INFO] Adding track segment (B.Cu): [(224155000, 119700000), (252730000, 119700000)]
13:30:12: [INFO] Routing pad 'D10:1' at (252730000, 119700000) with pad 'D11:1' at (271780000, 119700000) using coordinate system rotated by 0 degree(s)
13:30:12: [INFO] Adding track segment (B.Cu): [(252730000, 119700000), (271780000, 119700000)]
13:30:12: [INFO] Routing pad 'D11:1' at (271780000, 119700000) with pad 'D12:1' at (290830000, 119700000) using coordinate system rotated by 0 degree(s)
13:30:12: [INFO] Adding track segment (B.Cu): [(271780000, 119700000), (290830000, 119700000)]
13:30:12: [INFO] Routing pad 'D12:1' at (290830000, 119700000) with pad 'D13:1' at (309880000, 119700000) using coordinate system rotated by 0 degree(s)
13:30:12: [INFO] Adding track segment (B.Cu): [(290830000, 119700000), (309880000, 119700000)]
13:30:12: [INFO] Routing pad 'D13:1' at (309880000, 119700000) with pad 'D14:1' at (338455000, 119700000) using coordinate system rotated by 0 degree(s)
13:30:12: [INFO] Adding track segment (B.Cu): [(309880000, 119700000), (338455000, 119700000)]
13:30:12: [INFO] Routing pad 'D14:1' at (338455000, 119700000) with pad 'D15:1' at (357505000, 119700000) using coordinate system rotated by 0 degree(s)
13:30:12: [INFO] Adding track segment (B.Cu): [(338455000, 119700000), (357505000, 119700000)]
13:30:12: [INFO] Routing pad 'D15:1' at (357505000, 119700000) with pad 'D16:1' at (376555000, 119700000) using coordinate system rotated by 0 degree(s)
13:30:12: [INFO] Adding track segment (B.Cu): [(357505000, 119700000), (376555000, 119700000)]
13:30:12: [INFO] Routing COL2 pads
13:30:12: [INFO] Routing pad 'SW2:1' at (72390000, 111760000) with pad 'SW19:1' at (72390000, 140335000) using coordinate system rotated by 0 degree(s)
13:30:12: [INFO] Adding track segment (F.Cu): [(72390000, 111760000), (72390000, 140335000)]
13:30:12: [INFO] Routing pad 'SW19:1' at (72390000, 140335000) with pad 'SW36:1' at (81915000, 159385000) using coordinate system rotated by 0 degree(s)
13:30:12: [INFO] Adding track segment (F.Cu): [(72390000, 140335000), (72390000, 149860000)]
13:30:12: [INFO] Adding track segment (F.Cu): [(72390000, 149860000), (81915000, 159385000)]
13:30:12: [INFO] Routing pad 'SW81a:1' at (86677500, 216535000) with pad 'SW81:1' at (84296250, 216535000) using coordinate system rotated by 0 degree(s)
13:30:12: [INFO] Adding track segment (F.Cu): [(86677500, 216535000), (84296250, 216535000)]
13:30:12: [INFO] Routing pad 'SW36:1' at (81915000, 159385000) with pad 'SW53:1' at (86677500, 178435000) using coordinate system rotated by 0 degree(s)
13:30:12: [INFO] Adding track segment (F.Cu): [(81915000, 159385000), (81915000, 173672500)]
13:30:12: [INFO] Adding track segment (F.Cu): [(81915000, 173672500), (86677500, 178435000)]
13:30:12: [INFO] Routing pad 'SW67:1' at (96202500, 197485000) with pad 'SW81a:1' at (86677500, 216535000) using coordinate system rotated by 0 degree(s)
13:30:12: [INFO] Routing pad 'SW53:1' at (86677500, 178435000) with pad 'SW67:1' at (96202500, 197485000) using coordinate system rotated by 0 degree(s)
13:30:12: [INFO] Adding track segment (F.Cu): [(86677500, 178435000), (86677500, 187960000)]
13:30:12: [INFO] Adding track segment (F.Cu): [(86677500, 187960000), (96202500, 197485000)]
13:30:12: [INFO] Routing ROW2 pads
13:30:12: [INFO] Routing pad 'D34:1' at (47942500, 167325000) with pad 'D35:1' at (71755000, 167325000) using coordinate system rotated by 0 degree(s)
13:30:12: [INFO] Adding track segment (B.Cu): [(47942500, 167325000), (71755000, 167325000)]
13:30:12: [INFO] Routing pad 'D35:1' at (71755000, 167325000) with pad 'D36:1' at (90805000, 167325000) using coordinate system rotated by 0 degree(s)
13:30:12: [INFO] Adding track segment (B.Cu): [(71755000, 167325000), (90805000, 167325000)]
13:30:12: [INFO] Routing pad 'D36:1' at (90805000, 167325000) with pad 'D37:1' at (109855000, 167325000) using coordinate system rotated by 0 degree(s)
13:30:12: [INFO] Adding track segment (B.Cu): [(90805000, 167325000), (109855000, 167325000)]
13:30:12: [INFO] Routing pad 'D37:1' at (109855000, 167325000) with pad 'D38:1' at (128905000, 167325000) using coordinate system rotated by 0 degree(s)
13:30:12: [INFO] Adding track segment (B.Cu): [(109855000, 167325000), (128905000, 167325000)]
13:30:12: [INFO] Routing pad 'D38:1' at (128905000, 167325000) with pad 'D39:1' at (147955000, 167325000) using coordinate system rotated by 0 degree(s)
13:30:12: [INFO] Adding track segment (B.Cu): [(128905000, 167325000), (147955000, 167325000)]
13:30:12: [INFO] Routing pad 'D39:1' at (147955000, 167325000) with pad 'D40:1' at (167005000, 167325000) using coordinate system rotated by 0 degree(s)
13:30:12: [INFO] Adding track segment (B.Cu): [(147955000, 167325000), (167005000, 167325000)]
13:30:12: [INFO] Routing pad 'D40:1' at (167005000, 167325000) with pad 'D41:1' at (186055000, 167325000) using coordinate system rotated by 0 degree(s)
13:30:12: [INFO] Adding track segment (B.Cu): [(167005000, 167325000), (186055000, 167325000)]
13:30:12: [INFO] Routing pad 'D41:1' at (186055000, 167325000) with pad 'D42:1' at (205105000, 167325000) using coordinate system rotated by 0 degree(s)
13:30:12: [INFO] Adding track segment (B.Cu): [(186055000, 167325000), (205105000, 167325000)]
13:30:12: [INFO] Routing pad 'D42:1' at (205105000, 167325000) with pad 'D43:1' at (224155000, 167325000) using coordinate system rotated by 0 degree(s)
13:30:12: [INFO] Adding track segment (B.Cu): [(205105000, 167325000), (224155000, 167325000)]
13:30:12: [INFO] Routing pad 'D43:1' at (224155000, 167325000) with pad 'D44:1' at (243205000, 167325000) using coordinate system rotated by 0 degree(s)
13:30:12: [INFO] Adding track segment (B.Cu): [(224155000, 167325000), (243205000, 167325000)]
13:30:12: [INFO] Routing pad 'D44:1' at (243205000, 167325000) with pad 'D45:1' at (262255000, 167325000) using coordinate system rotated by 0 degree(s)
13:30:12: [INFO] Adding track segment (B.Cu): [(243205000, 167325000), (262255000, 167325000)]
13:30:12: [INFO] Routing pad 'D45:1' at (262255000, 167325000) with pad 'D46:1' at (281305000, 167325000) using coordinate system rotated by 0 degree(s)
13:30:12: [INFO] Adding track segment (B.Cu): [(262255000, 167325000), (281305000, 167325000)]
13:30:12: [INFO] Routing pad 'D46:1' at (281305000, 167325000) with pad 'D47:1' at (305117500, 167325000) using coordinate system rotated by 0 degree(s)
13:30:12: [INFO] Adding track segment (B.Cu): [(281305000, 167325000), (305117500, 167325000)]
13:30:12: [INFO] Could not add track segment due to detected collision
13:30:12: [INFO] Routing pad 'D47:1' at (305117500, 167325000) with pad 'D48:1' at (338455000, 167325000) using coordinate system rotated by 0 degree(s)
13:30:12: [INFO] Adding track segment (B.Cu): [(305117500, 167325000), (338455000, 167325000)]
13:30:12: [INFO] Could not add track segment due to detected collision
13:30:12: [INFO] Routing pad 'D48:1' at (338455000, 167325000) with pad 'D49:1' at (357505000, 167325000) using coordinate system rotated by 0 degree(s)
13:30:12: [INFO] Adding track segment (B.Cu): [(338455000, 167325000), (357505000, 167325000)]
13:30:12: [INFO] Routing pad 'D49:1' at (357505000, 167325000) with pad 'D50:1' at (376555000, 167325000) using coordinate system rotated by 0 degree(s)
13:30:12: [INFO] Adding track segment (B.Cu): [(357505000, 167325000), (376555000, 167325000)]
13:30:12: [INFO] Routing COL13 pads
13:30:12: [INFO] Routing pad 'SW76a:1' at (274796250, 197485000) with pad 'SW63a:1' at (277177500, 178435000) using coordinate system rotated by 0 degree(s)
13:30:12: [INFO] Routing pad 'SW30a:1' at (281940000, 140335000) with pad 'SW12:1' at (281940000, 111760000) using coordinate system rotated by 0 degree(s)
13:30:12: [INFO] Adding track segment (F.Cu): [(281940000, 140335000), (281940000, 111760000)]
13:30:12: [INFO] Could not add track segment due to detected collision
13:30:12: [INFO] Routing pad 'SW30:1' at (291465000, 140335000) with pad 'SW30a:1' at (281940000, 140335000) using coordinate system rotated by 0 degree(s)
13:30:12: [INFO] Adding track segment (F.Cu): [(291465000, 140335000), (281940000, 140335000)]
13:30:12: [INFO] Routing pad 'SW76a:1' at (274796250, 197485000) with pad 'SW76:1' at (284321250, 197485000) using coordinate system rotated by 0 degree(s)
13:30:12: [INFO] Adding track segment (F.Cu): [(274796250, 197485000), (284321250, 197485000)]
13:30:12: [INFO] Routing pad 'SW63a:1' at (277177500, 178435000) with pad 'SW63:1' at (289083750, 178435000) using coordinate system rotated by 0 degree(s)
13:30:12: [INFO] Adding track segment (F.Cu): [(277177500, 178435000), (289083750, 178435000)]
13:30:12: [INFO] Routing pad 'SW47:1' at (296227500, 159385000) with pad 'SW30:1' at (291465000, 140335000) using coordinate system rotated by 0 degree(s)
13:30:12: [INFO] Routing pad 'SW47a:1' at (298608750, 168910000) with pad 'SW47:1' at (296227500, 159385000) using coordinate system rotated by 0 degree(s)
13:30:12: [INFO] Routing pad 'SW63:1' at (289083750, 178435000) with pad 'SW47a:1' at (298608750, 168910000) using coordinate system rotated by 0 degree(s)
13:30:12: [INFO] Routing ROW3 pads
13:30:12: [INFO] Routing pad 'D51:1' at (50323750, 186375000) with pad 'D52:1' at (76517500, 186375000) using coordinate system rotated by 0 degree(s)
13:30:12: [INFO] Adding track segment (B.Cu): [(50323750, 186375000), (76517500, 186375000)]
13:30:12: [INFO] Routing pad 'D52:1' at (76517500, 186375000) with pad 'D53:1' at (95567500, 186375000) using coordinate system rotated by 0 degree(s)
13:30:12: [INFO] Adding track segment (B.Cu): [(76517500, 186375000), (95567500, 186375000)]
13:30:12: [INFO] Routing pad 'D53:1' at (95567500, 186375000) with pad 'D54:1' at (114617500, 186375000) using coordinate system rotated by 0 degree(s)
13:30:12: [INFO] Adding track segment (B.Cu): [(95567500, 186375000), (114617500, 186375000)]
13:30:12: [INFO] Routing pad 'D54:1' at (114617500, 186375000) with pad 'D55:1' at (133667500, 186375000) using coordinate system rotated by 0 degree(s)
13:30:12: [INFO] Adding track segment (B.Cu): [(114617500, 186375000), (133667500, 186375000)]
13:30:12: [INFO] Routing pad 'D55:1' at (133667500, 186375000) with pad 'D56:1' at (152717500, 186375000) using coordinate system rotated by 0 degree(s)
13:30:12: [INFO] Adding track segment (B.Cu): [(133667500, 186375000), (152717500, 186375000)]
13:30:12: [INFO] Routing pad 'D56:1' at (152717500, 186375000) with pad 'D57:1' at (171767500, 186375000) using coordinate system rotated by 0 degree(s)
13:30:12: [INFO] Adding track segment (B.Cu): [(152717500, 186375000), (171767500, 186375000)]
13:30:12: [INFO] Routing pad 'D57:1' at (171767500, 186375000) with pad 'D58:1' at (190817500, 186375000) using coordinate system rotated by 0 degree(s)
13:30:12: [INFO] Adding track segment (B.Cu): [(171767500, 186375000), (190817500, 186375000)]
13:30:12: [INFO] Routing pad 'D58:1' at (190817500, 186375000) with pad 'D59:1' at (209867500, 186375000) using coordinate system rotated by 0 degree(s)
13:30:12: [INFO] Adding track segment (B.Cu): [(190817500, 186375000), (209867500, 186375000)]
13:30:12: [INFO] Routing pad 'D59:1' at (209867500, 186375000) with pad 'D60:1' at (228917500, 186375000) using coordinate system rotated by 0 degree(s)
13:30:12: [INFO] Adding track segment (B.Cu): [(209867500, 186375000), (228917500, 186375000)]
13:30:12: [INFO] Routing pad 'D60:1' at (228917500, 186375000) with pad 'D61:1' at (247967500, 186375000) using coordinate system rotated by 0 degree(s)
13:30:12: [INFO] Adding track segment (B.Cu): [(228917500, 186375000), (247967500, 186375000)]
13:30:12: [INFO] Routing pad 'D61:1' at (247967500, 186375000) with pad 'D62:1' at (267017500, 186375000) using coordinate system rotated by 0 degree(s)
13:30:12: [INFO] Adding track segment (B.Cu): [(247967500, 186375000), (267017500, 186375000)]
13:30:12: [INFO] Routing pad 'D62:1' at (267017500, 186375000) with pad 'D63:1' at (297973750, 186375000) using coordinate system rotated by 0 degree(s)
13:30:12: [INFO] Adding track segment (B.Cu): [(267017500, 186375000), (297973750, 186375000)]
13:30:12: [INFO] Routing pad 'D63:1' at (297973750, 186375000) with pad 'D64:1' at (309880000, 148275000) using coordinate system rotated by 0 degree(s)
13:30:12: [INFO] Routing ROW1 pads
13:30:12: [INFO] Routing pad 'D17:1' at (43180000, 148275000) with pad 'D18:1' at (62230000, 148275000) using coordinate system rotated by 0 degree(s)
13:30:12: [INFO] Adding track segment (B.Cu): [(43180000, 148275000), (62230000, 148275000)]
13:30:12: [INFO] Routing pad 'D18:1' at (62230000, 148275000) with pad 'D19:1' at (81280000, 148275000) using coordinate system rotated by 0 degree(s)
13:30:12: [INFO] Adding track segment (B.Cu): [(62230000, 148275000), (81280000, 148275000)]
13:30:12: [INFO] Routing pad 'D19:1' at (81280000, 148275000) with pad 'D20:1' at (100330000, 148275000) using coordinate system rotated by 0 degree(s)
13:30:12: [INFO] Adding track segment (B.Cu): [(81280000, 148275000), (100330000, 148275000)]
13:30:12: [INFO] Routing pad 'D20:1' at (100330000, 148275000) with pad 'D21:1' at (119380000, 148275000) using coordinate system rotated by 0 degree(s)
13:30:12: [INFO] Adding track segment (B.Cu): [(100330000, 148275000), (119380000, 148275000)]
13:30:12: [INFO] Routing pad 'D21:1' at (119380000, 148275000) with pad 'D22:1' at (138430000, 148275000) using coordinate system rotated by 0 degree(s)
13:30:12: [INFO] Adding track segment (B.Cu): [(119380000, 148275000), (138430000, 148275000)]
13:30:12: [INFO] Routing pad 'D22:1' at (138430000, 148275000) with pad 'D23:1' at (157480000, 148275000) using coordinate system rotated by 0 degree(s)
13:30:12: [INFO] Adding track segment (B.Cu): [(138430000, 148275000), (157480000, 148275000)]
13:30:12: [INFO] Routing pad 'D23:1' at (157480000, 148275000) with pad 'D24:1' at (176530000, 148275000) using coordinate system rotated by 0 degree(s)
13:30:12: [INFO] Adding track segment (B.Cu): [(157480000, 148275000), (176530000, 148275000)]
13:30:12: [INFO] Routing pad 'D24:1' at (176530000, 148275000) with pad 'D25:1' at (195580000, 148275000) using coordinate system rotated by 0 degree(s)
13:30:12: [INFO] Adding track segment (B.Cu): [(176530000, 148275000), (195580000, 148275000)]
13:30:12: [INFO] Routing pad 'D25:1' at (195580000, 148275000) with pad 'D26:1' at (214630000, 148275000) using coordinate system rotated by 0 degree(s)
13:30:12: [INFO] Adding track segment (B.Cu): [(195580000, 148275000), (214630000, 148275000)]
13:30:12: [INFO] Routing pad 'D26:1' at (214630000, 148275000) with pad 'D27:1' at (233680000, 148275000) using coordinate system rotated by 0 degree(s)
13:30:12: [INFO] Adding track segment (B.Cu): [(214630000, 148275000), (233680000, 148275000)]
13:30:12: [INFO] Routing pad 'D27:1' at (233680000, 148275000) with pad 'D28:1' at (252730000, 148275000) using coordinate system rotated by 0 degree(s)
13:30:12: [INFO] Adding track segment (B.Cu): [(233680000, 148275000), (252730000, 148275000)]
13:30:12: [INFO] Routing pad 'D28:1' at (252730000, 148275000) with pad 'D29:1' at (271780000, 148275000) using coordinate system rotated by 0 degree(s)
13:30:12: [INFO] Adding track segment (B.Cu): [(252730000, 148275000), (271780000, 148275000)]
13:30:12: [INFO] Routing pad 'D29:1' at (271780000, 148275000) with pad 'D30:1' at (300355000, 148275000) using coordinate system rotated by 0 degree(s)
13:30:12: [INFO] Adding track segment (B.Cu): [(271780000, 148275000), (300355000, 148275000)]
13:30:12: [INFO] Routing pad 'D30:1' at (300355000, 148275000) with pad 'D31:1' at (338455000, 148275000) using coordinate system rotated by 0 degree(s)
13:30:12: [INFO] Adding track segment (B.Cu): [(300355000, 148275000), (338455000, 148275000)]
13:30:13: [INFO] Could not add track segment due to detected collision
13:30:13: [INFO] Routing pad 'D31:1' at (338455000, 148275000) with pad 'D32:1' at (357505000, 148275000) using coordinate system rotated by 0 degree(s)
13:30:13: [INFO] Adding track segment (B.Cu): [(338455000, 148275000), (357505000, 148275000)]
13:30:13: [INFO] Routing pad 'D32:1' at (357505000, 148275000) with pad 'D33:1' at (376555000, 148275000) using coordinate system rotated by 0 degree(s)
13:30:13: [INFO] Adding track segment (B.Cu): [(357505000, 148275000), (376555000, 148275000)]
13:30:13: [INFO] Routing COL12 pads
13:30:13: [INFO] Routing pad 'SW11:1' at (262890000, 111760000) with pad 'SW29:1' at (262890000, 140335000) using coordinate system rotated by 0 degree(s)
13:30:13: [INFO] Adding track segment (F.Cu): [(262890000, 111760000), (262890000, 140335000)]
13:30:13: [INFO] Routing pad 'SW29:1' at (262890000, 140335000) with pad 'SW46:1' at (272415000, 159385000) using coordinate system rotated by 0 degree(s)
13:30:13: [INFO] Adding track segment (F.Cu): [(262890000, 140335000), (262890000, 149860000)]
13:30:13: [INFO] Adding track segment (F.Cu): [(262890000, 149860000), (272415000, 159385000)]
13:30:13: [INFO] Routing pad 'SW46:1' at (272415000, 159385000) with pad 'SW85a:1' at (272415000, 216535000) using coordinate system rotated by 0 degree(s)
13:30:13: [INFO] Adding track segment (F.Cu): [(272415000, 159385000), (272415000, 216535000)]
13:30:13: [INFO] Routing pad 'SW85a:1' at (272415000, 216535000) with pad 'SW85:1' at (274796250, 216535000) using coordinate system rotated by 0 degree(s)
13:30:13: [INFO] Adding track segment (F.Cu): [(272415000, 216535000), (274796250, 216535000)]
13:30:13: [INFO] Removing dangling tracks
