=== kbplacer.kle_serial ===
=== layout2image.py ===
=== kbplacer ===
13:33:48: [INFO] User layout: https://editor.keyboard-tools.xyz/#share=NrDeCIGNwLgAnAYgOyreAvgGgQBi7uDhNPEpBZZjuPgIxFwmwIpqrV5YBMjtWAZj74ALMKwBWcQDZxycQA5GEAB4sJ2BNIJ9tDGtt4HBurGONTjs4-ONKAulgBQwcHR3EoLcpQqc3WPoI7kbBJjTu5mGWYdZhtmFKnmrwGjTIHggZQeAZobnhWWZ8GTEFcQUJzGRs7P4ZDs6u3JnVrACGnV3+LTktoW0+vj2F4C1RY5J8LRUtCZNJTOApcGkICpngGzkb+RtCNBsTG2UbFRvzG40ug7XomuACrV41Xd0PTzlPAy+svn4fUZPCZPMpPCpPeZPRaqdQPACcm0ROUR+URBwQiImiLKiLit3YHARWHmiOurhEm0pQVub06-kpP1If3+DNGlImlLKlIqlPmlJhyzhEXwhBFgT4dHw+Slo1lE1lMVpdP8svxvyQhPkD1lVQ1iH+0B1+HJBMJ-gkm0tNP1hotPGU+rp7XtGPAlomlqVttZD0tFUteuZmvNfqwgpWazc7jFS2DBt9EXcOToIUd8edqvcbtTxSTU088a1WawFVz81zDnsQA
13:33:48: [INFO] Labels prefixes: for rows: 'ROW', for columns: 'COL'
13:33:48: [INFO] Matrix size: 11x8
13:33:50: [INFO] Add COL0 net
13:33:50: [INFO] Add COL1 net
13:33:50: [INFO] Add COL2 net
13:33:50: [INFO] Add COL3 net
13:33:50: [INFO] Add COL4 net
13:33:50: [INFO] Add COL5 net
13:33:50: [INFO] Add COL6 net
13:33:50: [INFO] Add COL7 net
13:33:50: [INFO] Add COL8 net
13:33:50: [INFO] Add Net-(D1-A) net
13:33:50: [INFO] Add Net-(D10-A) net
13:33:50: [INFO] Add Net-(D100-A) net
13:33:50: [INFO] Add Net-(D101-A) net
13:33:50: [INFO] Add Net-(D102-A) net
13:33:50: [INFO] Add Net-(D103-A) net
13:33:50: [INFO] Add Net-(D104-A) net
13:33:50: [INFO] Add Net-(D105-A) net
13:33:50: [INFO] Add Net-(D106-A) net
13:33:50: [INFO] Add Net-(D107-A) net
13:33:50: [INFO] Add Net-(D108-A) net
13:33:50: [INFO] Add Net-(D11-A) net
13:33:50: [INFO] Add Net-(D12-A) net
13:33:50: [INFO] Add Net-(D13-A) net
13:33:50: [INFO] Add Net-(D14-A) net
13:33:50: [INFO] Add Net-(D15-A) net
13:33:50: [INFO] Add Net-(D16-A) net
13:33:50: [INFO] Add Net-(D17-A) net
13:33:50: [INFO] Add Net-(D18-A) net
13:33:50: [INFO] Add Net-(D19-A) net
13:33:50: [INFO] Add Net-(D2-A) net
13:33:50: [INFO] Add Net-(D20-A) net
13:33:50: [INFO] Add Net-(D21-A) net
13:33:50: [INFO] Add Net-(D22-A) net
13:33:50: [INFO] Add Net-(D23-A) net
13:33:50: [INFO] Add Net-(D24-A) net
13:33:50: [INFO] Add Net-(D25-A) net
13:33:50: [INFO] Add Net-(D26-A) net
13:33:50: [INFO] Add Net-(D27-A) net
13:33:50: [INFO] Add Net-(D28-A) net
13:33:50: [INFO] Add Net-(D29-A) net
13:33:50: [INFO] Add Net-(D3-A) net
13:33:50: [INFO] Add Net-(D30-A) net
13:33:50: [INFO] Add Net-(D31-A) net
13:33:50: [INFO] Add Net-(D32-A) net
13:33:50: [INFO] Add Net-(D33-A) net
13:33:50: [INFO] Add Net-(D34-A) net
13:33:50: [INFO] Add Net-(D35-A) net
13:33:50: [INFO] Add Net-(D36-A) net
13:33:50: [INFO] Add Net-(D37-A) net
13:33:50: [INFO] Add Net-(D38-A) net
13:33:50: [INFO] Add Net-(D39-A) net
13:33:50: [INFO] Add Net-(D4-A) net
13:33:50: [INFO] Add Net-(D40-A) net
13:33:50: [INFO] Add Net-(D41-A) net
13:33:50: [INFO] Add Net-(D42-A) net
13:33:50: [INFO] Add Net-(D43-A) net
13:33:50: [INFO] Add Net-(D44-A) net
13:33:50: [INFO] Add Net-(D45-A) net
13:33:50: [INFO] Add Net-(D46-A) net
13:33:50: [INFO] Add Net-(D47-A) net
13:33:50: [INFO] Add Net-(D48-A) net
13:33:50: [INFO] Add Net-(D49-A) net
13:33:50: [INFO] Add Net-(D5-A) net
13:33:50: [INFO] Add Net-(D50-A) net
13:33:50: [INFO] Add Net-(D51-A) net
13:33:50: [INFO] Add Net-(D52-A) net
13:33:50: [INFO] Add Net-(D53-A) net
13:33:50: [INFO] Add Net-(D54-A) net
13:33:50: [INFO] Add Net-(D55-A) net
13:33:50: [INFO] Add Net-(D56-A) net
13:33:50: [INFO] Add Net-(D57-A) net
13:33:50: [INFO] Add Net-(D58-A) net
13:33:50: [INFO] Add Net-(D59-A) net
13:33:50: [INFO] Add Net-(D6-A) net
13:33:50: [INFO] Add Net-(D60-A) net
13:33:50: [INFO] Add Net-(D61-A) net
13:33:50: [INFO] Add Net-(D62-A) net
13:33:50: [INFO] Add Net-(D63-A) net
13:33:50: [INFO] Add Net-(D64-A) net
13:33:50: [INFO] Add Net-(D65-A) net
13:33:50: [INFO] Add Net-(D66-A) net
13:33:50: [INFO] Add Net-(D67-A) net
13:33:50: [INFO] Add Net-(D68-A) net
13:33:50: [INFO] Add Net-(D69-A) net
13:33:50: [INFO] Add Net-(D7-A) net
13:33:50: [INFO] Add Net-(D70-A) net
13:33:50: [INFO] Add Net-(D71-A) net
13:33:50: [INFO] Add Net-(D72-A) net
13:33:50: [INFO] Add Net-(D73-A) net
13:33:50: [INFO] Add Net-(D74-A) net
13:33:50: [INFO] Add Net-(D75-A) net
13:33:50: [INFO] Add Net-(D76-A) net
13:33:50: [INFO] Add Net-(D77-A) net
13:33:50: [INFO] Add Net-(D78-A) net
13:33:50: [INFO] Add Net-(D79-A) net
13:33:50: [INFO] Add Net-(D8-A) net
13:33:50: [INFO] Add Net-(D80-A) net
13:33:50: [INFO] Add Net-(D81-A) net
13:33:50: [INFO] Add Net-(D82-A) net
13:33:50: [INFO] Add Net-(D83-A) net
13:33:50: [INFO] Add Net-(D84-A) net
13:33:50: [INFO] Add Net-(D85-A) net
13:33:50: [INFO] Add Net-(D86-A) net
13:33:50: [INFO] Add Net-(D87-A) net
13:33:50: [INFO] Add Net-(D88-A) net
13:33:50: [INFO] Add Net-(D89-A) net
13:33:50: [INFO] Add Net-(D9-A) net
13:33:50: [INFO] Add Net-(D90-A) net
13:33:50: [INFO] Add Net-(D91-A) net
13:33:50: [INFO] Add Net-(D92-A) net
13:33:50: [INFO] Add Net-(D93-A) net
13:33:50: [INFO] Add Net-(D94-A) net
13:33:50: [INFO] Add Net-(D95-A) net
13:33:50: [INFO] Add Net-(D96-A) net
13:33:50: [INFO] Add Net-(D97-A) net
13:33:50: [INFO] Add Net-(D98-A) net
13:33:50: [INFO] Add Net-(D99-A) net
13:33:50: [INFO] Add ROW0 net
13:33:50: [INFO] Add ROW1 net
13:33:50: [INFO] Add ROW10 net
13:33:50: [INFO] Add ROW11 net
13:33:50: [INFO] Add ROW2 net
13:33:50: [INFO] Add ROW3 net
13:33:50: [INFO] Add ROW4 net
13:33:50: [INFO] Add ROW5 net
13:33:50: [INFO] Add ROW6 net
13:33:50: [INFO] Add ROW7 net
13:33:50: [INFO] Add ROW8 net
13:33:50: [INFO] Add ROW9 net
13:33:50: [INFO] Add SW1 footprint
13:33:50: [INFO] Add D1 footprint
13:33:50: [INFO] Add SW2 footprint
13:33:50: [INFO] Add D2 footprint
13:33:50: [INFO] Add SW3 footprint
13:33:50: [INFO] Add D3 footprint
13:33:50: [INFO] Add SW4 footprint
13:33:50: [INFO] Add D4 footprint
13:33:50: [INFO] Add SW5 footprint
13:33:50: [INFO] Add D5 footprint
13:33:50: [INFO] Add SW6 footprint
13:33:50: [INFO] Add D6 footprint
13:33:50: [INFO] Add SW7 footprint
13:33:50: [INFO] Add D7 footprint
13:33:50: [INFO] Add SW8 footprint
13:33:50: [INFO] Add D8 footprint
13:33:50: [INFO] Add SW9 footprint
13:33:50: [INFO] Add D9 footprint
13:33:50: [INFO] Add SW10 footprint
13:33:50: [INFO] Add D10 footprint
13:33:50: [INFO] Add SW11 footprint
13:33:50: [INFO] Add D11 footprint
13:33:50: [INFO] Add SW12 footprint
13:33:50: [INFO] Add D12 footprint
13:33:50: [INFO] Add SW13 footprint
13:33:50: [INFO] Add D13 footprint
13:33:50: [INFO] Add SW14 footprint
13:33:50: [INFO] Add D14 footprint
13:33:50: [INFO] Add SW15 footprint
13:33:50: [INFO] Add D15 footprint
13:33:50: [INFO] Add SW16 footprint
13:33:50: [INFO] Add D16 footprint
13:33:50: [INFO] Add SW17 footprint
13:33:51: [INFO] Add D17 footprint
13:33:51: [INFO] Add SW18 footprint
13:33:51: [INFO] Add D18 footprint
13:33:51: [INFO] Add SW19 footprint
13:33:51: [INFO] Add D19 footprint
13:33:51: [INFO] Add SW20 footprint
13:33:51: [INFO] Add D20 footprint
13:33:51: [INFO] Add SW21 footprint
13:33:51: [INFO] Add D21 footprint
13:33:51: [INFO] Add SW22 footprint
13:33:51: [INFO] Add D22 footprint
13:33:51: [INFO] Add SW23 footprint
13:33:51: [INFO] Add D23 footprint
13:33:51: [INFO] Add SW24 footprint
13:33:51: [INFO] Add D24 footprint
13:33:51: [INFO] Add SW25 footprint
13:33:51: [INFO] Add D25 footprint
13:33:51: [INFO] Add SW26 footprint
13:33:51: [INFO] Add D26 footprint
13:33:51: [INFO] Add SW27 footprint
13:33:51: [INFO] Add D27 footprint
13:33:51: [INFO] Add SW28 footprint
13:33:51: [INFO] Add D28 footprint
13:33:51: [INFO] Add SW29 footprint
13:33:51: [INFO] Add D29 footprint
13:33:51: [INFO] Add SW30 footprint
13:33:51: [INFO] Add D30 footprint
13:33:51: [INFO] Add SW31 footprint
13:33:51: [INFO] Add D31 footprint
13:33:51: [INFO] Add SW32 footprint
13:33:51: [INFO] Add D32 footprint
13:33:51: [INFO] Add SW33 footprint
13:33:51: [INFO] Add D33 footprint
13:33:51: [INFO] Add SW34 footprint
13:33:52: [INFO] Add D34 footprint
13:33:52: [INFO] Add SW35 footprint
13:33:52: [INFO] Add D35 footprint
13:33:52: [INFO] Add SW36 footprint
13:33:52: [INFO] Add D36 footprint
13:33:52: [INFO] Add SW37 footprint
13:33:52: [INFO] Add D37 footprint
13:33:52: [INFO] Add SW38 footprint
13:33:52: [INFO] Add D38 footprint
13:33:52: [INFO] Add SW39 footprint
13:33:52: [INFO] Add D39 footprint
13:33:52: [INFO] Add SW40 footprint
13:33:52: [INFO] Add D40 footprint
13:33:52: [INFO] Add SW41 footprint
13:33:52: [INFO] Add D41 footprint
13:33:52: [INFO] Add SW42 footprint
13:33:52: [INFO] Add D42 footprint
13:33:52: [INFO] Add SW43 footprint
13:33:52: [INFO] Add D43 footprint
13:33:52: [INFO] Add SW44 footprint
13:33:52: [INFO] Add D44 footprint
13:33:52: [INFO] Add SW45 footprint
13:33:52: [INFO] Add D45 footprint
13:33:52: [INFO] Add SW46 footprint
13:33:52: [INFO] Add D46 footprint
13:33:52: [INFO] Add SW47 footprint
13:33:52: [INFO] Add D47 footprint
13:33:52: [INFO] Add SW48 footprint
13:33:52: [INFO] Add D48 footprint
13:33:52: [INFO] Add SW49 footprint
13:33:52: [INFO] Add D49 footprint
13:33:52: [INFO] Add SW50 footprint
13:33:52: [INFO] Add D50 footprint
13:33:52: [INFO] Add SW51 footprint
13:33:53: [INFO] Add D51 footprint
13:33:53: [INFO] Add SW52 footprint
13:33:53: [INFO] Add D52 footprint
13:33:53: [INFO] Add SW53 footprint
13:33:53: [INFO] Add D53 footprint
13:33:53: [INFO] Add SW54 footprint
13:33:53: [INFO] Add D54 footprint
13:33:53: [INFO] Add SW55 footprint
13:33:53: [INFO] Add D55 footprint
13:33:53: [INFO] Add SW56 footprint
13:33:53: [INFO] Add D56 footprint
13:33:53: [INFO] Add SW57 footprint
13:33:53: [INFO] Add D57 footprint
13:33:53: [INFO] Add SW58 footprint
13:33:53: [INFO] Add D58 footprint
13:33:53: [INFO] Add SW59 footprint
13:33:53: [INFO] Add D59 footprint
13:33:53: [INFO] Add SW60 footprint
13:33:53: [INFO] Add D60 footprint
13:33:53: [INFO] Add SW61 footprint
13:33:53: [INFO] Add D61 footprint
13:33:53: [INFO] Add SW62 footprint
13:33:53: [INFO] Add D62 footprint
13:33:53: [INFO] Add SW63 footprint
13:33:53: [INFO] Add D63 footprint
13:33:53: [INFO] Add SW64 footprint
13:33:53: [INFO] Add D64 footprint
13:33:53: [INFO] Add SW65 footprint
13:33:53: [INFO] Add D65 footprint
13:33:53: [INFO] Add SW66 footprint
13:33:53: [INFO] Add D66 footprint
13:33:53: [INFO] Add SW67 footprint
13:33:53: [INFO] Add D67 footprint
13:33:54: [INFO] Add SW68 footprint
13:33:54: [INFO] Add D68 footprint
13:33:54: [INFO] Add SW69 footprint
13:33:54: [INFO] Add D69 footprint
13:33:54: [INFO] Add SW70 footprint
13:33:54: [INFO] Add D70 footprint
13:33:54: [INFO] Add SW71 footprint
13:33:54: [INFO] Add D71 footprint
13:33:54: [INFO] Add SW72 footprint
13:33:54: [INFO] Add D72 footprint
13:33:54: [INFO] Add SW73 footprint
13:33:54: [INFO] Add D73 footprint
13:33:54: [INFO] Add SW74 footprint
13:33:54: [INFO] Add D74 footprint
13:33:54: [INFO] Add SW75 footprint
13:33:54: [INFO] Add D75 footprint
13:33:54: [INFO] Add SW76 footprint
13:33:54: [INFO] Add D76 footprint
13:33:54: [INFO] Add SW77 footprint
13:33:54: [INFO] Add D77 footprint
13:33:54: [INFO] Add SW78 footprint
13:33:54: [INFO] Add D78 footprint
13:33:54: [INFO] Add SW79 footprint
13:33:54: [INFO] Add D79 footprint
13:33:54: [INFO] Add SW80 footprint
13:33:54: [INFO] Add D80 footprint
13:33:54: [INFO] Add SW81 footprint
13:33:54: [INFO] Add D81 footprint
13:33:54: [INFO] Add SW82 footprint
13:33:54: [INFO] Add D82 footprint
13:33:54: [INFO] Add SW83 footprint
13:33:54: [INFO] Add D83 footprint
13:33:55: [INFO] Add SW84 footprint
13:33:55: [INFO] Add D84 footprint
13:33:55: [INFO] Add SW85 footprint
13:33:55: [INFO] Add D85 footprint
13:33:55: [INFO] Add SW86 footprint
13:33:55: [INFO] Add D86 footprint
13:33:55: [INFO] Add SW87 footprint
13:33:55: [INFO] Add D87 footprint
13:33:55: [INFO] Add SW88 footprint
13:33:55: [INFO] Add D88 footprint
13:33:55: [INFO] Add SW89 footprint
13:33:55: [INFO] Add D89 footprint
13:33:55: [INFO] Add SW90 footprint
13:33:55: [INFO] Add D90 footprint
13:33:55: [INFO] Add SW91 footprint
13:33:55: [INFO] Add D91 footprint
13:33:55: [INFO] Add SW92 footprint
13:33:55: [INFO] Add D92 footprint
13:33:55: [INFO] Add SW93 footprint
13:33:55: [INFO] Add D93 footprint
13:33:55: [INFO] Add SW94 footprint
13:33:55: [INFO] Add D94 footprint
13:33:55: [INFO] Add SW95 footprint
13:33:55: [INFO] Add D95 footprint
13:33:55: [INFO] Add SW96 footprint
13:33:55: [INFO] Add D96 footprint
13:33:55: [INFO] Add SW97 footprint
13:33:55: [INFO] Add D97 footprint
13:33:55: [INFO] Add SW98 footprint
13:33:55: [INFO] Add D98 footprint
13:33:55: [INFO] Add SW99 footprint
13:33:56: [INFO] Add D99 footprint
13:33:56: [INFO] Add SW100 footprint
13:33:56: [INFO] Add D100 footprint
13:33:56: [INFO] Add SW101 footprint
13:33:56: [INFO] Add D101 footprint
13:33:56: [INFO] Add SW102 footprint
13:33:56: [INFO] Add D102 footprint
13:33:56: [INFO] Add SW103 footprint
13:33:56: [INFO] Add D103 footprint
13:33:56: [INFO] Add SW104 footprint
13:33:56: [INFO] Add D104 footprint
13:33:56: [INFO] Add SW105 footprint
13:33:56: [INFO] Add D105 footprint
13:33:56: [INFO] Add SW106 footprint
13:33:56: [INFO] Add D106 footprint
13:33:56: [INFO] Add SW107 footprint
13:33:56: [INFO] Add D107 footprint
13:33:56: [INFO] Add SW108 footprint
13:33:56: [INFO] Add D108 footprint
13:33:56: [INFO] Detected layout convertible to matrix annotated keyboard
13:33:56: [INFO] Using key 1U distance: (19.05, 19.05) mm
13:33:56: [INFO] Layout offset: (28575000, 28575000)
13:33:56: [INFO] Diode info: [ElementInfo(annotation_format='D{}', position_option=<PositionOption.CUSTOM: 'Custom'>, position=ElementPosition(x=5.08, y=4.0, orientation=90.0, side=<Side.BACK: 'Back'>), template_path='', start_index=-1)]
13:33:56: [INFO] Placing additional elements for SW108
13:33:56: [INFO] Placing additional elements for SW107
13:33:56: [INFO] Placing additional elements for SW106
13:33:56: [INFO] Placing additional elements for SW105
13:33:56: [INFO] Placing additional elements for SW104
13:33:56: [INFO] Placing additional elements for SW103
13:33:56: [INFO] Placing additional elements for SW102
13:33:56: [INFO] Placing additional elements for SW101
13:33:56: [INFO] Placing additional elements for SW100
13:33:56: [INFO] Placing additional elements for SW99
13:33:56: [INFO] Placing additional elements for SW98
13:33:56: [INFO] Placing additional elements for SW97
13:33:56: [INFO] Placing additional elements for SW96
13:33:56: [INFO] Placing additional elements for SW95
13:33:56: [INFO] Placing additional elements for SW94
13:33:56: [INFO] Placing additional elements for SW93
13:33:56: [INFO] Placing additional elements for SW92
13:33:56: [INFO] Placing additional elements for SW91
13:33:56: [INFO] Placing additional elements for SW90
13:33:56: [INFO] Placing additional elements for SW89
13:33:56: [INFO] Placing additional elements for SW88
13:33:56: [INFO] Placing additional elements for SW87
13:33:56: [INFO] Placing additional elements for SW86
13:33:56: [INFO] Placing additional elements for SW85
13:33:56: [INFO] Placing additional elements for SW84
13:33:56: [INFO] Placing additional elements for SW83
13:33:56: [INFO] Placing additional elements for SW82
13:33:56: [INFO] Placing additional elements for SW81
13:33:56: [INFO] Placing additional elements for SW80
13:33:56: [INFO] Placing additional elements for SW79
13:33:56: [INFO] Placing additional elements for SW78
13:33:56: [INFO] Placing additional elements for SW77
13:33:56: [INFO] Placing additional elements for SW76
13:33:56: [INFO] Placing additional elements for SW75
13:33:56: [INFO] Placing additional elements for SW74
13:33:56: [INFO] Placing additional elements for SW73
13:33:56: [INFO] Placing additional elements for SW72
13:33:56: [INFO] Placing additional elements for SW71
13:33:56: [INFO] Placing additional elements for SW70
13:33:56: [INFO] Placing additional elements for SW69
13:33:56: [INFO] Placing additional elements for SW68
13:33:56: [INFO] Placing additional elements for SW67
13:33:56: [INFO] Placing additional elements for SW66
13:33:56: [INFO] Placing additional elements for SW65
13:33:56: [INFO] Placing additional elements for SW64
13:33:56: [INFO] Placing additional elements for SW63
13:33:56: [INFO] Placing additional elements for SW62
13:33:56: [INFO] Placing additional elements for SW61
13:33:56: [INFO] Placing additional elements for SW60
13:33:56: [INFO] Placing additional elements for SW59
13:33:56: [INFO] Placing additional elements for SW58
13:33:56: [INFO] Placing additional elements for SW57
13:33:56: [INFO] Placing additional elements for SW56
13:33:56: [INFO] Placing additional elements for SW55
13:33:56: [INFO] Placing additional elements for SW54
13:33:56: [INFO] Placing additional elements for SW53
13:33:56: [INFO] Placing additional elements for SW52
13:33:56: [INFO] Placing additional elements for SW51
13:33:56: [INFO] Placing additional elements for SW50
13:33:56: [INFO] Placing additional elements for SW49
13:33:56: [INFO] Placing additional elements for SW48
13:33:56: [INFO] Placing additional elements for SW47
13:33:56: [INFO] Placing additional elements for SW46
13:33:56: [INFO] Placing additional elements for SW45
13:33:56: [INFO] Placing additional elements for SW44
13:33:56: [INFO] Placing additional elements for SW43
13:33:56: [INFO] Placing additional elements for SW42
13:33:56: [INFO] Placing additional elements for SW41
13:33:56: [INFO] Placing additional elements for SW40
13:33:56: [INFO] Placing additional elements for SW39
13:33:56: [INFO] Placing additional elements for SW38
13:33:56: [INFO] Placing additional elements for SW37
13:33:56: [INFO] Placing additional elements for SW36
13:33:56: [INFO] Placing additional elements for SW35
13:33:56: [INFO] Placing additional elements for SW34
13:33:56: [INFO] Placing additional elements for SW33
13:33:56: [INFO] Placing additional elements for SW32
13:33:56: [INFO] Placing additional elements for SW31
13:33:56: [INFO] Placing additional elements for SW30
13:33:56: [INFO] Placing additional elements for SW29
13:33:56: [INFO] Placing additional elements for SW28
13:33:56: [INFO] Placing additional elements for SW27
13:33:56: [INFO] Placing additional elements for SW26
13:33:56: [INFO] Placing additional elements for SW25
13:33:56: [INFO] Placing additional elements for SW24
13:33:56: [INFO] Placing additional elements for SW23
13:33:56: [INFO] Placing additional elements for SW22
13:33:56: [INFO] Placing additional elements for SW21
13:33:56: [INFO] Placing additional elements for SW20
13:33:56: [INFO] Placing additional elements for SW19
13:33:56: [INFO] Placing additional elements for SW18
13:33:56: [INFO] Placing additional elements for SW17
13:33:56: [INFO] Placing additional elements for SW16
13:33:56: [INFO] Placing additional elements for SW15
13:33:56: [INFO] Placing additional elements for SW14
13:33:56: [INFO] Placing additional elements for SW13
13:33:56: [INFO] Placing additional elements for SW12
13:33:56: [INFO] Placing additional elements for SW11
13:33:56: [INFO] Placing additional elements for SW10
13:33:56: [INFO] Placing additional elements for SW9
13:33:56: [INFO] Placing additional elements for SW8
13:33:56: [INFO] Placing additional elements for SW7
13:33:56: [INFO] Placing additional elements for SW6
13:33:56: [INFO] Placing additional elements for SW5
13:33:56: [INFO] Placing additional elements for SW4
13:33:56: [INFO] Placing additional elements for SW3
13:33:56: [INFO] Placing additional elements for SW2
13:33:56: [INFO] Placing additional elements for SW1
13:33:56: [INFO] Routing SW108 with D108
13:33:56: [INFO] Using internal autorouter method
13:33:56: [INFO] Routing pad 'SW108:2' at (459740000, 128270000) with pad 'D108:2' at (462280000, 135950000) using coordinate system rotated by 0 degree(s)
13:33:56: [INFO] Adding track segment (B.Cu): [(459740000, 128270000), (459740000, 133410000)]
13:33:56: [INFO] Adding track segment (B.Cu): [(459740000, 133410000), (462280000, 135950000)]
13:33:56: [INFO] Routing SW107 with D107
13:33:56: [INFO] Using internal autorouter method
13:33:56: [INFO] Routing pad 'SW107:2' at (440690000, 128270000) with pad 'D107:2' at (443230000, 135950000) using coordinate system rotated by 0 degree(s)
13:33:56: [INFO] Adding track segment (B.Cu): [(440690000, 128270000), (440690000, 133410000)]
13:33:56: [INFO] Adding track segment (B.Cu): [(440690000, 133410000), (443230000, 135950000)]
13:33:56: [INFO] Routing SW106 with D106
13:33:56: [INFO] Using internal autorouter method
13:33:56: [INFO] Routing pad 'SW106:2' at (421640000, 128270000) with pad 'D106:2' at (424180000, 135950000) using coordinate system rotated by 0 degree(s)
13:33:56: [INFO] Adding track segment (B.Cu): [(421640000, 128270000), (421640000, 133410000)]
13:33:56: [INFO] Adding track segment (B.Cu): [(421640000, 133410000), (424180000, 135950000)]
13:33:56: [INFO] Routing SW105 with D105
13:33:56: [INFO] Using internal autorouter method
13:33:56: [INFO] Routing pad 'SW105:2' at (402590000, 128270000) with pad 'D105:2' at (405130000, 135950000) using coordinate system rotated by 0 degree(s)
13:33:56: [INFO] Adding track segment (B.Cu): [(402590000, 128270000), (402590000, 133410000)]
13:33:56: [INFO] Adding track segment (B.Cu): [(402590000, 133410000), (405130000, 135950000)]
13:33:56: [INFO] Routing SW104 with D104
13:33:56: [INFO] Using internal autorouter method
13:33:56: [INFO] Routing pad 'SW104:2' at (383540000, 128270000) with pad 'D104:2' at (386080000, 135950000) using coordinate system rotated by 0 degree(s)
13:33:56: [INFO] Adding track segment (B.Cu): [(383540000, 128270000), (383540000, 133410000)]
13:33:56: [INFO] Adding track segment (B.Cu): [(383540000, 133410000), (386080000, 135950000)]
13:33:56: [INFO] Routing SW103 with D103
13:33:56: [INFO] Using internal autorouter method
13:33:56: [INFO] Routing pad 'SW103:2' at (364490000, 128270000) with pad 'D103:2' at (367030000, 135950000) using coordinate system rotated by 0 degree(s)
13:33:56: [INFO] Adding track segment (B.Cu): [(364490000, 128270000), (364490000, 133410000)]
13:33:56: [INFO] Adding track segment (B.Cu): [(364490000, 133410000), (367030000, 135950000)]
13:33:56: [INFO] Routing SW102 with D102
13:33:56: [INFO] Using internal autorouter method
13:33:56: [INFO] Routing pad 'SW102:2' at (345440000, 128270000) with pad 'D102:2' at (347980000, 135950000) using coordinate system rotated by 0 degree(s)
13:33:56: [INFO] Adding track segment (B.Cu): [(345440000, 128270000), (345440000, 133410000)]
13:33:56: [INFO] Adding track segment (B.Cu): [(345440000, 133410000), (347980000, 135950000)]
13:33:56: [INFO] Routing SW101 with D101
13:33:56: [INFO] Using internal autorouter method
13:33:56: [INFO] Routing pad 'SW101:2' at (326390000, 128270000) with pad 'D101:2' at (328930000, 135950000) using coordinate system rotated by 0 degree(s)
13:33:56: [INFO] Adding track segment (B.Cu): [(326390000, 128270000), (326390000, 133410000)]
13:33:56: [INFO] Adding track segment (B.Cu): [(326390000, 133410000), (328930000, 135950000)]
13:33:56: [INFO] Routing SW100 with D100
13:33:56: [INFO] Using internal autorouter method
13:33:56: [INFO] Routing pad 'SW100:2' at (307340000, 128270000) with pad 'D100:2' at (309880000, 135950000) using coordinate system rotated by 0 degree(s)
13:33:56: [INFO] Adding track segment (B.Cu): [(307340000, 128270000), (307340000, 133410000)]
13:33:57: [INFO] Adding track segment (B.Cu): [(307340000, 133410000), (309880000, 135950000)]
13:33:57: [INFO] Routing SW99 with D99
13:33:57: [INFO] Using internal autorouter method
13:33:57: [INFO] Routing pad 'SW99:2' at (459740000, 109220000) with pad 'D99:2' at (462280000, 116900000) using coordinate system rotated by 0 degree(s)
13:33:57: [INFO] Adding track segment (B.Cu): [(459740000, 109220000), (459740000, 114360000)]
13:33:57: [INFO] Adding track segment (B.Cu): [(459740000, 114360000), (462280000, 116900000)]
13:33:57: [INFO] Routing SW98 with D98
13:33:57: [INFO] Using internal autorouter method
13:33:57: [INFO] Routing pad 'SW98:2' at (440690000, 109220000) with pad 'D98:2' at (443230000, 116900000) using coordinate system rotated by 0 degree(s)
13:33:57: [INFO] Adding track segment (B.Cu): [(440690000, 109220000), (440690000, 114360000)]
13:33:57: [INFO] Adding track segment (B.Cu): [(440690000, 114360000), (443230000, 116900000)]
13:33:57: [INFO] Routing SW97 with D97
13:33:57: [INFO] Using internal autorouter method
13:33:57: [INFO] Routing pad 'SW97:2' at (421640000, 109220000) with pad 'D97:2' at (424180000, 116900000) using coordinate system rotated by 0 degree(s)
13:33:57: [INFO] Adding track segment (B.Cu): [(421640000, 109220000), (421640000, 114360000)]
13:33:57: [INFO] Adding track segment (B.Cu): [(421640000, 114360000), (424180000, 116900000)]
13:33:57: [INFO] Routing SW96 with D96
13:33:57: [INFO] Using internal autorouter method
13:33:57: [INFO] Routing pad 'SW96:2' at (402590000, 109220000) with pad 'D96:2' at (405130000, 116900000) using coordinate system rotated by 0 degree(s)
13:33:57: [INFO] Adding track segment (B.Cu): [(402590000, 109220000), (402590000, 114360000)]
13:33:57: [INFO] Adding track segment (B.Cu): [(402590000, 114360000), (405130000, 116900000)]
13:33:57: [INFO] Routing SW95 with D95
13:33:57: [INFO] Using internal autorouter method
13:33:57: [INFO] Routing pad 'SW95:2' at (383540000, 109220000) with pad 'D95:2' at (386080000, 116900000) using coordinate system rotated by 0 degree(s)
13:33:57: [INFO] Adding track segment (B.Cu): [(383540000, 109220000), (383540000, 114360000)]
13:33:57: [INFO] Adding track segment (B.Cu): [(383540000, 114360000), (386080000, 116900000)]
13:33:57: [INFO] Routing SW94 with D94
13:33:57: [INFO] Using internal autorouter method
13:33:57: [INFO] Routing pad 'SW94:2' at (364490000, 109220000) with pad 'D94:2' at (367030000, 116900000) using coordinate system rotated by 0 degree(s)
13:33:57: [INFO] Adding track segment (B.Cu): [(364490000, 109220000), (364490000, 114360000)]
13:33:57: [INFO] Adding track segment (B.Cu): [(364490000, 114360000), (367030000, 116900000)]
13:33:57: [INFO] Routing SW93 with D93
13:33:57: [INFO] Using internal autorouter method
13:33:57: [INFO] Routing pad 'SW93:2' at (345440000, 109220000) with pad 'D93:2' at (347980000, 116900000) using coordinate system rotated by 0 degree(s)
13:33:57: [INFO] Adding track segment (B.Cu): [(345440000, 109220000), (345440000, 114360000)]
13:33:57: [INFO] Adding track segment (B.Cu): [(345440000, 114360000), (347980000, 116900000)]
13:33:57: [INFO] Routing SW92 with D92
13:33:57: [INFO] Using internal autorouter method
13:33:57: [INFO] Routing pad 'SW92:2' at (326390000, 109220000) with pad 'D92:2' at (328930000, 116900000) using coordinate system rotated by 0 degree(s)
13:33:57: [INFO] Adding track segment (B.Cu): [(326390000, 109220000), (326390000, 114360000)]
13:33:57: [INFO] Adding track segment (B.Cu): [(326390000, 114360000), (328930000, 116900000)]
13:33:57: [INFO] Routing SW91 with D91
13:33:57: [INFO] Using internal autorouter method
13:33:57: [INFO] Routing pad 'SW91:2' at (307340000, 109220000) with pad 'D91:2' at (309880000, 116900000) using coordinate system rotated by 0 degree(s)
13:33:57: [INFO] Adding track segment (B.Cu): [(307340000, 109220000), (307340000, 114360000)]
13:33:57: [INFO] Adding track segment (B.Cu): [(307340000, 114360000), (309880000, 116900000)]
13:33:57: [INFO] Routing SW90 with D90
13:33:57: [INFO] Using internal autorouter method
13:33:57: [INFO] Routing pad 'SW90:2' at (459740000, 90170000) with pad 'D90:2' at (462280000, 97850000) using coordinate system rotated by 0 degree(s)
13:33:57: [INFO] Adding track segment (B.Cu): [(459740000, 90170000), (459740000, 95310000)]
13:33:57: [INFO] Adding track segment (B.Cu): [(459740000, 95310000), (462280000, 97850000)]
13:33:57: [INFO] Routing SW89 with D89
13:33:57: [INFO] Using internal autorouter method
13:33:57: [INFO] Routing pad 'SW89:2' at (440690000, 90170000) with pad 'D89:2' at (443230000, 97850000) using coordinate system rotated by 0 degree(s)
13:33:57: [INFO] Adding track segment (B.Cu): [(440690000, 90170000), (440690000, 95310000)]
13:33:57: [INFO] Adding track segment (B.Cu): [(440690000, 95310000), (443230000, 97850000)]
13:33:57: [INFO] Routing SW88 with D88
13:33:57: [INFO] Using internal autorouter method
13:33:57: [INFO] Routing pad 'SW88:2' at (421640000, 90170000) with pad 'D88:2' at (424180000, 97850000) using coordinate system rotated by 0 degree(s)
13:33:57: [INFO] Adding track segment (B.Cu): [(421640000, 90170000), (421640000, 95310000)]
13:33:57: [INFO] Adding track segment (B.Cu): [(421640000, 95310000), (424180000, 97850000)]
13:33:57: [INFO] Routing SW87 with D87
13:33:57: [INFO] Using internal autorouter method
13:33:57: [INFO] Routing pad 'SW87:2' at (402590000, 90170000) with pad 'D87:2' at (405130000, 97850000) using coordinate system rotated by 0 degree(s)
13:33:57: [INFO] Adding track segment (B.Cu): [(402590000, 90170000), (402590000, 95310000)]
13:33:57: [INFO] Adding track segment (B.Cu): [(402590000, 95310000), (405130000, 97850000)]
13:33:57: [INFO] Routing SW86 with D86
13:33:57: [INFO] Using internal autorouter method
13:33:57: [INFO] Routing pad 'SW86:2' at (383540000, 90170000) with pad 'D86:2' at (386080000, 97850000) using coordinate system rotated by 0 degree(s)
13:33:57: [INFO] Adding track segment (B.Cu): [(383540000, 90170000), (383540000, 95310000)]
13:33:57: [INFO] Adding track segment (B.Cu): [(383540000, 95310000), (386080000, 97850000)]
13:33:57: [INFO] Routing SW85 with D85
13:33:57: [INFO] Using internal autorouter method
13:33:57: [INFO] Routing pad 'SW85:2' at (364490000, 90170000) with pad 'D85:2' at (367030000, 97850000) using coordinate system rotated by 0 degree(s)
13:33:57: [INFO] Adding track segment (B.Cu): [(364490000, 90170000), (364490000, 95310000)]
13:33:57: [INFO] Adding track segment (B.Cu): [(364490000, 95310000), (367030000, 97850000)]
13:33:57: [INFO] Routing SW84 with D84
13:33:57: [INFO] Using internal autorouter method
13:33:57: [INFO] Routing pad 'SW84:2' at (345440000, 90170000) with pad 'D84:2' at (347980000, 97850000) using coordinate system rotated by 0 degree(s)
13:33:57: [INFO] Adding track segment (B.Cu): [(345440000, 90170000), (345440000, 95310000)]
13:33:57: [INFO] Adding track segment (B.Cu): [(345440000, 95310000), (347980000, 97850000)]
13:33:57: [INFO] Routing SW83 with D83
13:33:57: [INFO] Using internal autorouter method
13:33:57: [INFO] Routing pad 'SW83:2' at (326390000, 90170000) with pad 'D83:2' at (328930000, 97850000) using coordinate system rotated by 0 degree(s)
13:33:57: [INFO] Adding track segment (B.Cu): [(326390000, 90170000), (326390000, 95310000)]
13:33:57: [INFO] Adding track segment (B.Cu): [(326390000, 95310000), (328930000, 97850000)]
13:33:57: [INFO] Routing SW82 with D82
13:33:57: [INFO] Using internal autorouter method
13:33:57: [INFO] Routing pad 'SW82:2' at (307340000, 90170000) with pad 'D82:2' at (309880000, 97850000) using coordinate system rotated by 0 degree(s)
13:33:57: [INFO] Adding track segment (B.Cu): [(307340000, 90170000), (307340000, 95310000)]
13:33:57: [INFO] Adding track segment (B.Cu): [(307340000, 95310000), (309880000, 97850000)]
13:33:57: [INFO] Routing SW81 with D81
13:33:57: [INFO] Using internal autorouter method
13:33:57: [INFO] Routing pad 'SW81:2' at (459740000, 71120000) with pad 'D81:2' at (462280000, 78800000) using coordinate system rotated by 0 degree(s)
13:33:57: [INFO] Adding track segment (B.Cu): [(459740000, 71120000), (459740000, 76260000)]
13:33:57: [INFO] Adding track segment (B.Cu): [(459740000, 76260000), (462280000, 78800000)]
13:33:57: [INFO] Routing SW80 with D80
13:33:57: [INFO] Using internal autorouter method
13:33:57: [INFO] Routing pad 'SW80:2' at (440690000, 71120000) with pad 'D80:2' at (443230000, 78800000) using coordinate system rotated by 0 degree(s)
13:33:57: [INFO] Adding track segment (B.Cu): [(440690000, 71120000), (440690000, 76260000)]
13:33:57: [INFO] Adding track segment (B.Cu): [(440690000, 76260000), (443230000, 78800000)]
13:33:57: [INFO] Routing SW79 with D79
13:33:57: [INFO] Using internal autorouter method
13:33:57: [INFO] Routing pad 'SW79:2' at (421640000, 71120000) with pad 'D79:2' at (424180000, 78800000) using coordinate system rotated by 0 degree(s)
13:33:57: [INFO] Adding track segment (B.Cu): [(421640000, 71120000), (421640000, 76260000)]
13:33:57: [INFO] Adding track segment (B.Cu): [(421640000, 76260000), (424180000, 78800000)]
13:33:57: [INFO] Routing SW78 with D78
13:33:57: [INFO] Using internal autorouter method
13:33:57: [INFO] Routing pad 'SW78:2' at (402590000, 71120000) with pad 'D78:2' at (405130000, 78800000) using coordinate system rotated by 0 degree(s)
13:33:57: [INFO] Adding track segment (B.Cu): [(402590000, 71120000), (402590000, 76260000)]
13:33:57: [INFO] Adding track segment (B.Cu): [(402590000, 76260000), (405130000, 78800000)]
13:33:57: [INFO] Routing SW77 with D77
13:33:57: [INFO] Using internal autorouter method
13:33:57: [INFO] Routing pad 'SW77:2' at (383540000, 71120000) with pad 'D77:2' at (386080000, 78800000) using coordinate system rotated by 0 degree(s)
13:33:57: [INFO] Adding track segment (B.Cu): [(383540000, 71120000), (383540000, 76260000)]
13:33:57: [INFO] Adding track segment (B.Cu): [(383540000, 76260000), (386080000, 78800000)]
13:33:57: [INFO] Routing SW76 with D76
13:33:57: [INFO] Using internal autorouter method
13:33:57: [INFO] Routing pad 'SW76:2' at (364490000, 71120000) with pad 'D76:2' at (367030000, 78800000) using coordinate system rotated by 0 degree(s)
13:33:57: [INFO] Adding track segment (B.Cu): [(364490000, 71120000), (364490000, 76260000)]
13:33:57: [INFO] Adding track segment (B.Cu): [(364490000, 76260000), (367030000, 78800000)]
13:33:57: [INFO] Routing SW75 with D75
13:33:57: [INFO] Using internal autorouter method
13:33:57: [INFO] Routing pad 'SW75:2' at (345440000, 71120000) with pad 'D75:2' at (347980000, 78800000) using coordinate system rotated by 0 degree(s)
13:33:57: [INFO] Adding track segment (B.Cu): [(345440000, 71120000), (345440000, 76260000)]
13:33:57: [INFO] Adding track segment (B.Cu): [(345440000, 76260000), (347980000, 78800000)]
13:33:57: [INFO] Routing SW74 with D74
13:33:57: [INFO] Using internal autorouter method
13:33:57: [INFO] Routing pad 'SW74:2' at (326390000, 71120000) with pad 'D74:2' at (328930000, 78800000) using coordinate system rotated by 0 degree(s)
13:33:57: [INFO] Adding track segment (B.Cu): [(326390000, 71120000), (326390000, 76260000)]
13:33:57: [INFO] Adding track segment (B.Cu): [(326390000, 76260000), (328930000, 78800000)]
13:33:57: [INFO] Routing SW73 with D73
13:33:57: [INFO] Using internal autorouter method
13:33:57: [INFO] Routing pad 'SW73:2' at (307340000, 71120000) with pad 'D73:2' at (309880000, 78800000) using coordinate system rotated by 0 degree(s)
13:33:57: [INFO] Adding track segment (B.Cu): [(307340000, 71120000), (307340000, 76260000)]
13:33:57: [INFO] Adding track segment (B.Cu): [(307340000, 76260000), (309880000, 78800000)]
13:33:57: [INFO] Routing SW72 with D72
13:33:57: [INFO] Using internal autorouter method
13:33:57: [INFO] Routing pad 'SW72:2' at (459740000, 52070000) with pad 'D72:2' at (462280000, 59750000) using coordinate system rotated by 0 degree(s)
13:33:57: [INFO] Adding track segment (B.Cu): [(459740000, 52070000), (459740000, 57210000)]
13:33:57: [INFO] Adding track segment (B.Cu): [(459740000, 57210000), (462280000, 59750000)]
13:33:57: [INFO] Routing SW71 with D71
13:33:57: [INFO] Using internal autorouter method
13:33:57: [INFO] Routing pad 'SW71:2' at (440690000, 52070000) with pad 'D71:2' at (443230000, 59750000) using coordinate system rotated by 0 degree(s)
13:33:57: [INFO] Adding track segment (B.Cu): [(440690000, 52070000), (440690000, 57210000)]
13:33:57: [INFO] Adding track segment (B.Cu): [(440690000, 57210000), (443230000, 59750000)]
13:33:57: [INFO] Routing SW70 with D70
13:33:57: [INFO] Using internal autorouter method
13:33:57: [INFO] Routing pad 'SW70:2' at (421640000, 52070000) with pad 'D70:2' at (424180000, 59750000) using coordinate system rotated by 0 degree(s)
13:33:57: [INFO] Adding track segment (B.Cu): [(421640000, 52070000), (421640000, 57210000)]
13:33:57: [INFO] Adding track segment (B.Cu): [(421640000, 57210000), (424180000, 59750000)]
13:33:57: [INFO] Routing SW69 with D69
13:33:57: [INFO] Using internal autorouter method
13:33:57: [INFO] Routing pad 'SW69:2' at (402590000, 52070000) with pad 'D69:2' at (405130000, 59750000) using coordinate system rotated by 0 degree(s)
13:33:57: [INFO] Adding track segment (B.Cu): [(402590000, 52070000), (402590000, 57210000)]
13:33:57: [INFO] Adding track segment (B.Cu): [(402590000, 57210000), (405130000, 59750000)]
13:33:57: [INFO] Routing SW68 with D68
13:33:57: [INFO] Using internal autorouter method
13:33:57: [INFO] Routing pad 'SW68:2' at (383540000, 52070000) with pad 'D68:2' at (386080000, 59750000) using coordinate system rotated by 0 degree(s)
13:33:57: [INFO] Adding track segment (B.Cu): [(383540000, 52070000), (383540000, 57210000)]
13:33:57: [INFO] Adding track segment (B.Cu): [(383540000, 57210000), (386080000, 59750000)]
13:33:57: [INFO] Routing SW67 with D67
13:33:57: [INFO] Using internal autorouter method
13:33:57: [INFO] Routing pad 'SW67:2' at (364490000, 52070000) with pad 'D67:2' at (367030000, 59750000) using coordinate system rotated by 0 degree(s)
13:33:57: [INFO] Adding track segment (B.Cu): [(364490000, 52070000), (364490000, 57210000)]
13:33:57: [INFO] Adding track segment (B.Cu): [(364490000, 57210000), (367030000, 59750000)]
13:33:57: [INFO] Routing SW66 with D66
13:33:57: [INFO] Using internal autorouter method
13:33:57: [INFO] Routing pad 'SW66:2' at (345440000, 52070000) with pad 'D66:2' at (347980000, 59750000) using coordinate system rotated by 0 degree(s)
13:33:57: [INFO] Adding track segment (B.Cu): [(345440000, 52070000), (345440000, 57210000)]
13:33:57: [INFO] Adding track segment (B.Cu): [(345440000, 57210000), (347980000, 59750000)]
13:33:57: [INFO] Routing SW65 with D65
13:33:57: [INFO] Using internal autorouter method
13:33:57: [INFO] Routing pad 'SW65:2' at (326390000, 52070000) with pad 'D65:2' at (328930000, 59750000) using coordinate system rotated by 0 degree(s)
13:33:57: [INFO] Adding track segment (B.Cu): [(326390000, 52070000), (326390000, 57210000)]
13:33:57: [INFO] Adding track segment (B.Cu): [(326390000, 57210000), (328930000, 59750000)]
13:33:57: [INFO] Routing SW64 with D64
13:33:57: [INFO] Using internal autorouter method
13:33:57: [INFO] Routing pad 'SW64:2' at (307340000, 52070000) with pad 'D64:2' at (309880000, 59750000) using coordinate system rotated by 0 degree(s)
13:33:57: [INFO] Adding track segment (B.Cu): [(307340000, 52070000), (307340000, 57210000)]
13:33:57: [INFO] Adding track segment (B.Cu): [(307340000, 57210000), (309880000, 59750000)]
13:33:57: [INFO] Routing SW63 with D63
13:33:57: [INFO] Using internal autorouter method
13:33:57: [INFO] Routing pad 'SW63:2' at (459740000, 33020000) with pad 'D63:2' at (462280000, 40700000) using coordinate system rotated by 0 degree(s)
13:33:57: [INFO] Adding track segment (B.Cu): [(459740000, 33020000), (459740000, 38160000)]
13:33:57: [INFO] Adding track segment (B.Cu): [(459740000, 38160000), (462280000, 40700000)]
13:33:57: [INFO] Routing SW62 with D62
13:33:57: [INFO] Using internal autorouter method
13:33:57: [INFO] Routing pad 'SW62:2' at (440690000, 33020000) with pad 'D62:2' at (443230000, 40700000) using coordinate system rotated by 0 degree(s)
13:33:57: [INFO] Adding track segment (B.Cu): [(440690000, 33020000), (440690000, 38160000)]
13:33:57: [INFO] Adding track segment (B.Cu): [(440690000, 38160000), (443230000, 40700000)]
13:33:57: [INFO] Routing SW61 with D61
13:33:57: [INFO] Using internal autorouter method
13:33:57: [INFO] Routing pad 'SW61:2' at (421640000, 33020000) with pad 'D61:2' at (424180000, 40700000) using coordinate system rotated by 0 degree(s)
13:33:57: [INFO] Adding track segment (B.Cu): [(421640000, 33020000), (421640000, 38160000)]
13:33:57: [INFO] Adding track segment (B.Cu): [(421640000, 38160000), (424180000, 40700000)]
13:33:57: [INFO] Routing SW60 with D60
13:33:57: [INFO] Using internal autorouter method
13:33:57: [INFO] Routing pad 'SW60:2' at (402590000, 33020000) with pad 'D60:2' at (405130000, 40700000) using coordinate system rotated by 0 degree(s)
13:33:57: [INFO] Adding track segment (B.Cu): [(402590000, 33020000), (402590000, 38160000)]
13:33:57: [INFO] Adding track segment (B.Cu): [(402590000, 38160000), (405130000, 40700000)]
13:33:58: [INFO] Routing SW59 with D59
13:33:58: [INFO] Using internal autorouter method
13:33:58: [INFO] Routing pad 'SW59:2' at (383540000, 33020000) with pad 'D59:2' at (386080000, 40700000) using coordinate system rotated by 0 degree(s)
13:33:58: [INFO] Adding track segment (B.Cu): [(383540000, 33020000), (383540000, 38160000)]
13:33:58: [INFO] Adding track segment (B.Cu): [(383540000, 38160000), (386080000, 40700000)]
13:33:58: [INFO] Routing SW58 with D58
13:33:58: [INFO] Using internal autorouter method
13:33:58: [INFO] Routing pad 'SW58:2' at (364490000, 33020000) with pad 'D58:2' at (367030000, 40700000) using coordinate system rotated by 0 degree(s)
13:33:58: [INFO] Adding track segment (B.Cu): [(364490000, 33020000), (364490000, 38160000)]
13:33:58: [INFO] Adding track segment (B.Cu): [(364490000, 38160000), (367030000, 40700000)]
13:33:58: [INFO] Routing SW57 with D57
13:33:58: [INFO] Using internal autorouter method
13:33:58: [INFO] Routing pad 'SW57:2' at (345440000, 33020000) with pad 'D57:2' at (347980000, 40700000) using coordinate system rotated by 0 degree(s)
13:33:58: [INFO] Adding track segment (B.Cu): [(345440000, 33020000), (345440000, 38160000)]
13:33:58: [INFO] Adding track segment (B.Cu): [(345440000, 38160000), (347980000, 40700000)]
13:33:58: [INFO] Routing SW56 with D56
13:33:58: [INFO] Using internal autorouter method
13:33:58: [INFO] Routing pad 'SW56:2' at (326390000, 33020000) with pad 'D56:2' at (328930000, 40700000) using coordinate system rotated by 0 degree(s)
13:33:58: [INFO] Adding track segment (B.Cu): [(326390000, 33020000), (326390000, 38160000)]
13:33:58: [INFO] Adding track segment (B.Cu): [(326390000, 38160000), (328930000, 40700000)]
13:33:58: [INFO] Routing SW55 with D55
13:33:58: [INFO] Using internal autorouter method
13:33:58: [INFO] Routing pad 'SW55:2' at (307340000, 33020000) with pad 'D55:2' at (309880000, 40700000) using coordinate system rotated by 0 degree(s)
13:33:58: [INFO] Adding track segment (B.Cu): [(307340000, 33020000), (307340000, 38160000)]
13:33:58: [INFO] Adding track segment (B.Cu): [(307340000, 38160000), (309880000, 40700000)]
13:33:58: [INFO] Routing SW54 with D54
13:33:58: [INFO] Using internal autorouter method
13:33:58: [INFO] Routing pad 'SW54:2' at (193040000, 128270000) with pad 'D54:2' at (195580000, 135950000) using coordinate system rotated by 0 degree(s)
13:33:58: [INFO] Adding track segment (B.Cu): [(193040000, 128270000), (193040000, 133410000)]
13:33:58: [INFO] Adding track segment (B.Cu): [(193040000, 133410000), (195580000, 135950000)]
13:33:58: [INFO] Routing SW53 with D53
13:33:58: [INFO] Using internal autorouter method
13:33:58: [INFO] Routing pad 'SW53:2' at (173990000, 128270000) with pad 'D53:2' at (176530000, 135950000) using coordinate system rotated by 0 degree(s)
13:33:58: [INFO] Adding track segment (B.Cu): [(173990000, 128270000), (173990000, 133410000)]
13:33:58: [INFO] Adding track segment (B.Cu): [(173990000, 133410000), (176530000, 135950000)]
13:33:58: [INFO] Routing SW52 with D52
13:33:58: [INFO] Using internal autorouter method
13:33:58: [INFO] Routing pad 'SW52:2' at (154940000, 128270000) with pad 'D52:2' at (157480000, 135950000) using coordinate system rotated by 0 degree(s)
13:33:58: [INFO] Adding track segment (B.Cu): [(154940000, 128270000), (154940000, 133410000)]
13:33:58: [INFO] Adding track segment (B.Cu): [(154940000, 133410000), (157480000, 135950000)]
13:33:58: [INFO] Routing SW51 with D51
13:33:58: [INFO] Using internal autorouter method
13:33:58: [INFO] Routing pad 'SW51:2' at (135890000, 128270000) with pad 'D51:2' at (138430000, 135950000) using coordinate system rotated by 0 degree(s)
13:33:58: [INFO] Adding track segment (B.Cu): [(135890000, 128270000), (135890000, 133410000)]
13:33:58: [INFO] Adding track segment (B.Cu): [(135890000, 133410000), (138430000, 135950000)]
13:33:58: [INFO] Routing SW50 with D50
13:33:58: [INFO] Using internal autorouter method
13:33:58: [INFO] Routing pad 'SW50:2' at (116840000, 128270000) with pad 'D50:2' at (119380000, 135950000) using coordinate system rotated by 0 degree(s)
13:33:58: [INFO] Adding track segment (B.Cu): [(116840000, 128270000), (116840000, 133410000)]
13:33:58: [INFO] Adding track segment (B.Cu): [(116840000, 133410000), (119380000, 135950000)]
13:33:58: [INFO] Routing SW49 with D49
13:33:58: [INFO] Using internal autorouter method
13:33:58: [INFO] Routing pad 'SW49:2' at (97790000, 128270000) with pad 'D49:2' at (100330000, 135950000) using coordinate system rotated by 0 degree(s)
13:33:58: [INFO] Adding track segment (B.Cu): [(97790000, 128270000), (97790000, 133410000)]
13:33:58: [INFO] Adding track segment (B.Cu): [(97790000, 133410000), (100330000, 135950000)]
13:33:58: [INFO] Routing SW48 with D48
13:33:58: [INFO] Using internal autorouter method
13:33:58: [INFO] Routing pad 'SW48:2' at (78740000, 128270000) with pad 'D48:2' at (81280000, 135950000) using coordinate system rotated by 0 degree(s)
13:33:58: [INFO] Adding track segment (B.Cu): [(78740000, 128270000), (78740000, 133410000)]
13:33:58: [INFO] Adding track segment (B.Cu): [(78740000, 133410000), (81280000, 135950000)]
13:33:58: [INFO] Routing SW47 with D47
13:33:58: [INFO] Using internal autorouter method
13:33:58: [INFO] Routing pad 'SW47:2' at (59690000, 128270000) with pad 'D47:2' at (62230000, 135950000) using coordinate system rotated by 0 degree(s)
13:33:58: [INFO] Adding track segment (B.Cu): [(59690000, 128270000), (59690000, 133410000)]
13:33:58: [INFO] Adding track segment (B.Cu): [(59690000, 133410000), (62230000, 135950000)]
13:33:58: [INFO] Routing SW46 with D46
13:33:58: [INFO] Using internal autorouter method
13:33:58: [INFO] Routing pad 'SW46:2' at (40640000, 128270000) with pad 'D46:2' at (43180000, 135950000) using coordinate system rotated by 0 degree(s)
13:33:58: [INFO] Adding track segment (B.Cu): [(40640000, 128270000), (40640000, 133410000)]
13:33:58: [INFO] Adding track segment (B.Cu): [(40640000, 133410000), (43180000, 135950000)]
13:33:58: [INFO] Routing SW45 with D45
13:33:58: [INFO] Using internal autorouter method
13:33:58: [INFO] Routing pad 'SW45:2' at (193040000, 109220000) with pad 'D45:2' at (195580000, 116900000) using coordinate system rotated by 0 degree(s)
13:33:58: [INFO] Adding track segment (B.Cu): [(193040000, 109220000), (193040000, 114360000)]
13:33:58: [INFO] Adding track segment (B.Cu): [(193040000, 114360000), (195580000, 116900000)]
13:33:58: [INFO] Routing SW44 with D44
13:33:58: [INFO] Using internal autorouter method
13:33:58: [INFO] Routing pad 'SW44:2' at (173990000, 109220000) with pad 'D44:2' at (176530000, 116900000) using coordinate system rotated by 0 degree(s)
13:33:58: [INFO] Adding track segment (B.Cu): [(173990000, 109220000), (173990000, 114360000)]
13:33:58: [INFO] Adding track segment (B.Cu): [(173990000, 114360000), (176530000, 116900000)]
13:33:58: [INFO] Routing SW43 with D43
13:33:58: [INFO] Using internal autorouter method
13:33:58: [INFO] Routing pad 'SW43:2' at (154940000, 109220000) with pad 'D43:2' at (157480000, 116900000) using coordinate system rotated by 0 degree(s)
13:33:58: [INFO] Adding track segment (B.Cu): [(154940000, 109220000), (154940000, 114360000)]
13:33:58: [INFO] Adding track segment (B.Cu): [(154940000, 114360000), (157480000, 116900000)]
13:33:58: [INFO] Routing SW42 with D42
13:33:58: [INFO] Using internal autorouter method
13:33:58: [INFO] Routing pad 'SW42:2' at (135890000, 109220000) with pad 'D42:2' at (138430000, 116900000) using coordinate system rotated by 0 degree(s)
13:33:58: [INFO] Adding track segment (B.Cu): [(135890000, 109220000), (135890000, 114360000)]
13:33:58: [INFO] Adding track segment (B.Cu): [(135890000, 114360000), (138430000, 116900000)]
13:33:58: [INFO] Routing SW41 with D41
13:33:58: [INFO] Using internal autorouter method
13:33:58: [INFO] Routing pad 'SW41:2' at (116840000, 109220000) with pad 'D41:2' at (119380000, 116900000) using coordinate system rotated by 0 degree(s)
13:33:58: [INFO] Adding track segment (B.Cu): [(116840000, 109220000), (116840000, 114360000)]
13:33:58: [INFO] Adding track segment (B.Cu): [(116840000, 114360000), (119380000, 116900000)]
13:33:58: [INFO] Routing SW40 with D40
13:33:58: [INFO] Using internal autorouter method
13:33:58: [INFO] Routing pad 'SW40:2' at (97790000, 109220000) with pad 'D40:2' at (100330000, 116900000) using coordinate system rotated by 0 degree(s)
13:33:58: [INFO] Adding track segment (B.Cu): [(97790000, 109220000), (97790000, 114360000)]
13:33:58: [INFO] Adding track segment (B.Cu): [(97790000, 114360000), (100330000, 116900000)]
13:33:58: [INFO] Routing SW39 with D39
13:33:58: [INFO] Using internal autorouter method
13:33:58: [INFO] Routing pad 'SW39:2' at (78740000, 109220000) with pad 'D39:2' at (81280000, 116900000) using coordinate system rotated by 0 degree(s)
13:33:58: [INFO] Adding track segment (B.Cu): [(78740000, 109220000), (78740000, 114360000)]
13:33:58: [INFO] Adding track segment (B.Cu): [(78740000, 114360000), (81280000, 116900000)]
13:33:58: [INFO] Routing SW38 with D38
13:33:58: [INFO] Using internal autorouter method
13:33:58: [INFO] Routing pad 'SW38:2' at (59690000, 109220000) with pad 'D38:2' at (62230000, 116900000) using coordinate system rotated by 0 degree(s)
13:33:58: [INFO] Adding track segment (B.Cu): [(59690000, 109220000), (59690000, 114360000)]
13:33:58: [INFO] Adding track segment (B.Cu): [(59690000, 114360000), (62230000, 116900000)]
13:33:58: [INFO] Routing SW37 with D37
13:33:58: [INFO] Using internal autorouter method
13:33:58: [INFO] Routing pad 'SW37:2' at (40640000, 109220000) with pad 'D37:2' at (43180000, 116900000) using coordinate system rotated by 0 degree(s)
13:33:58: [INFO] Adding track segment (B.Cu): [(40640000, 109220000), (40640000, 114360000)]
13:33:58: [INFO] Adding track segment (B.Cu): [(40640000, 114360000), (43180000, 116900000)]
13:33:58: [INFO] Routing SW36 with D36
13:33:58: [INFO] Using internal autorouter method
13:33:58: [INFO] Routing pad 'SW36:2' at (193040000, 90170000) with pad 'D36:2' at (195580000, 97850000) using coordinate system rotated by 0 degree(s)
13:33:58: [INFO] Adding track segment (B.Cu): [(193040000, 90170000), (193040000, 95310000)]
13:33:58: [INFO] Adding track segment (B.Cu): [(193040000, 95310000), (195580000, 97850000)]
13:33:58: [INFO] Routing SW35 with D35
13:33:58: [INFO] Using internal autorouter method
13:33:58: [INFO] Routing pad 'SW35:2' at (173990000, 90170000) with pad 'D35:2' at (176530000, 97850000) using coordinate system rotated by 0 degree(s)
13:33:58: [INFO] Adding track segment (B.Cu): [(173990000, 90170000), (173990000, 95310000)]
13:33:58: [INFO] Adding track segment (B.Cu): [(173990000, 95310000), (176530000, 97850000)]
13:33:58: [INFO] Routing SW34 with D34
13:33:58: [INFO] Using internal autorouter method
13:33:58: [INFO] Routing pad 'SW34:2' at (154940000, 90170000) with pad 'D34:2' at (157480000, 97850000) using coordinate system rotated by 0 degree(s)
13:33:58: [INFO] Adding track segment (B.Cu): [(154940000, 90170000), (154940000, 95310000)]
13:33:58: [INFO] Adding track segment (B.Cu): [(154940000, 95310000), (157480000, 97850000)]
13:33:58: [INFO] Routing SW33 with D33
13:33:58: [INFO] Using internal autorouter method
13:33:58: [INFO] Routing pad 'SW33:2' at (135890000, 90170000) with pad 'D33:2' at (138430000, 97850000) using coordinate system rotated by 0 degree(s)
13:33:58: [INFO] Adding track segment (B.Cu): [(135890000, 90170000), (135890000, 95310000)]
13:33:58: [INFO] Adding track segment (B.Cu): [(135890000, 95310000), (138430000, 97850000)]
13:33:58: [INFO] Routing SW32 with D32
13:33:58: [INFO] Using internal autorouter method
13:33:58: [INFO] Routing pad 'SW32:2' at (116840000, 90170000) with pad 'D32:2' at (119380000, 97850000) using coordinate system rotated by 0 degree(s)
13:33:58: [INFO] Adding track segment (B.Cu): [(116840000, 90170000), (116840000, 95310000)]
13:33:58: [INFO] Adding track segment (B.Cu): [(116840000, 95310000), (119380000, 97850000)]
13:33:58: [INFO] Routing SW31 with D31
13:33:58: [INFO] Using internal autorouter method
13:33:58: [INFO] Routing pad 'SW31:2' at (97790000, 90170000) with pad 'D31:2' at (100330000, 97850000) using coordinate system rotated by 0 degree(s)
13:33:58: [INFO] Adding track segment (B.Cu): [(97790000, 90170000), (97790000, 95310000)]
13:33:58: [INFO] Adding track segment (B.Cu): [(97790000, 95310000), (100330000, 97850000)]
13:33:58: [INFO] Routing SW30 with D30
13:33:58: [INFO] Using internal autorouter method
13:33:58: [INFO] Routing pad 'SW30:2' at (78740000, 90170000) with pad 'D30:2' at (81280000, 97850000) using coordinate system rotated by 0 degree(s)
13:33:58: [INFO] Adding track segment (B.Cu): [(78740000, 90170000), (78740000, 95310000)]
13:33:58: [INFO] Adding track segment (B.Cu): [(78740000, 95310000), (81280000, 97850000)]
13:33:58: [INFO] Routing SW29 with D29
13:33:58: [INFO] Using internal autorouter method
13:33:58: [INFO] Routing pad 'SW29:2' at (59690000, 90170000) with pad 'D29:2' at (62230000, 97850000) using coordinate system rotated by 0 degree(s)
13:33:58: [INFO] Adding track segment (B.Cu): [(59690000, 90170000), (59690000, 95310000)]
13:33:58: [INFO] Adding track segment (B.Cu): [(59690000, 95310000), (62230000, 97850000)]
13:33:58: [INFO] Routing SW28 with D28
13:33:58: [INFO] Using internal autorouter method
13:33:58: [INFO] Routing pad 'SW28:2' at (40640000, 90170000) with pad 'D28:2' at (43180000, 97850000) using coordinate system rotated by 0 degree(s)
13:33:58: [INFO] Adding track segment (B.Cu): [(40640000, 90170000), (40640000, 95310000)]
13:33:58: [INFO] Adding track segment (B.Cu): [(40640000, 95310000), (43180000, 97850000)]
13:33:58: [INFO] Routing SW27 with D27
13:33:58: [INFO] Using internal autorouter method
13:33:58: [INFO] Routing pad 'SW27:2' at (193040000, 71120000) with pad 'D27:2' at (195580000, 78800000) using coordinate system rotated by 0 degree(s)
13:33:58: [INFO] Adding track segment (B.Cu): [(193040000, 71120000), (193040000, 76260000)]
13:33:58: [INFO] Adding track segment (B.Cu): [(193040000, 76260000), (195580000, 78800000)]
13:33:58: [INFO] Routing SW26 with D26
13:33:58: [INFO] Using internal autorouter method
13:33:58: [INFO] Routing pad 'SW26:2' at (173990000, 71120000) with pad 'D26:2' at (176530000, 78800000) using coordinate system rotated by 0 degree(s)
13:33:58: [INFO] Adding track segment (B.Cu): [(173990000, 71120000), (173990000, 76260000)]
13:33:58: [INFO] Adding track segment (B.Cu): [(173990000, 76260000), (176530000, 78800000)]
13:33:58: [INFO] Routing SW25 with D25
13:33:58: [INFO] Using internal autorouter method
13:33:58: [INFO] Routing pad 'SW25:2' at (154940000, 71120000) with pad 'D25:2' at (157480000, 78800000) using coordinate system rotated by 0 degree(s)
13:33:59: [INFO] Adding track segment (B.Cu): [(154940000, 71120000), (154940000, 76260000)]
13:33:59: [INFO] Adding track segment (B.Cu): [(154940000, 76260000), (157480000, 78800000)]
13:33:59: [INFO] Routing SW24 with D24
13:33:59: [INFO] Using internal autorouter method
13:33:59: [INFO] Routing pad 'SW24:2' at (135890000, 71120000) with pad 'D24:2' at (138430000, 78800000) using coordinate system rotated by 0 degree(s)
13:33:59: [INFO] Adding track segment (B.Cu): [(135890000, 71120000), (135890000, 76260000)]
13:33:59: [INFO] Adding track segment (B.Cu): [(135890000, 76260000), (138430000, 78800000)]
13:33:59: [INFO] Routing SW23 with D23
13:33:59: [INFO] Using internal autorouter method
13:33:59: [INFO] Routing pad 'SW23:2' at (116840000, 71120000) with pad 'D23:2' at (119380000, 78800000) using coordinate system rotated by 0 degree(s)
13:33:59: [INFO] Adding track segment (B.Cu): [(116840000, 71120000), (116840000, 76260000)]
13:33:59: [INFO] Adding track segment (B.Cu): [(116840000, 76260000), (119380000, 78800000)]
13:33:59: [INFO] Routing SW22 with D22
13:33:59: [INFO] Using internal autorouter method
13:33:59: [INFO] Routing pad 'SW22:2' at (97790000, 71120000) with pad 'D22:2' at (100330000, 78800000) using coordinate system rotated by 0 degree(s)
13:33:59: [INFO] Adding track segment (B.Cu): [(97790000, 71120000), (97790000, 76260000)]
13:33:59: [INFO] Adding track segment (B.Cu): [(97790000, 76260000), (100330000, 78800000)]
13:33:59: [INFO] Routing SW21 with D21
13:33:59: [INFO] Using internal autorouter method
13:33:59: [INFO] Routing pad 'SW21:2' at (78740000, 71120000) with pad 'D21:2' at (81280000, 78800000) using coordinate system rotated by 0 degree(s)
13:33:59: [INFO] Adding track segment (B.Cu): [(78740000, 71120000), (78740000, 76260000)]
13:33:59: [INFO] Adding track segment (B.Cu): [(78740000, 76260000), (81280000, 78800000)]
13:33:59: [INFO] Routing SW20 with D20
13:33:59: [INFO] Using internal autorouter method
13:33:59: [INFO] Routing pad 'SW20:2' at (59690000, 71120000) with pad 'D20:2' at (62230000, 78800000) using coordinate system rotated by 0 degree(s)
13:33:59: [INFO] Adding track segment (B.Cu): [(59690000, 71120000), (59690000, 76260000)]
13:33:59: [INFO] Adding track segment (B.Cu): [(59690000, 76260000), (62230000, 78800000)]
13:33:59: [INFO] Routing SW19 with D19
13:33:59: [INFO] Using internal autorouter method
13:33:59: [INFO] Routing pad 'SW19:2' at (40640000, 71120000) with pad 'D19:2' at (43180000, 78800000) using coordinate system rotated by 0 degree(s)
13:33:59: [INFO] Adding track segment (B.Cu): [(40640000, 71120000), (40640000, 76260000)]
13:33:59: [INFO] Adding track segment (B.Cu): [(40640000, 76260000), (43180000, 78800000)]
13:33:59: [INFO] Routing SW18 with D18
13:33:59: [INFO] Using internal autorouter method
13:33:59: [INFO] Routing pad 'SW18:2' at (193040000, 52070000) with pad 'D18:2' at (195580000, 59750000) using coordinate system rotated by 0 degree(s)
13:33:59: [INFO] Adding track segment (B.Cu): [(193040000, 52070000), (193040000, 57210000)]
13:33:59: [INFO] Adding track segment (B.Cu): [(193040000, 57210000), (195580000, 59750000)]
13:33:59: [INFO] Routing SW17 with D17
13:33:59: [INFO] Using internal autorouter method
13:33:59: [INFO] Routing pad 'SW17:2' at (173990000, 52070000) with pad 'D17:2' at (176530000, 59750000) using coordinate system rotated by 0 degree(s)
13:33:59: [INFO] Adding track segment (B.Cu): [(173990000, 52070000), (173990000, 57210000)]
13:33:59: [INFO] Adding track segment (B.Cu): [(173990000, 57210000), (176530000, 59750000)]
13:33:59: [INFO] Routing SW16 with D16
13:33:59: [INFO] Using internal autorouter method
13:33:59: [INFO] Routing pad 'SW16:2' at (154940000, 52070000) with pad 'D16:2' at (157480000, 59750000) using coordinate system rotated by 0 degree(s)
13:33:59: [INFO] Adding track segment (B.Cu): [(154940000, 52070000), (154940000, 57210000)]
13:33:59: [INFO] Adding track segment (B.Cu): [(154940000, 57210000), (157480000, 59750000)]
13:33:59: [INFO] Routing SW15 with D15
13:33:59: [INFO] Using internal autorouter method
13:33:59: [INFO] Routing pad 'SW15:2' at (135890000, 52070000) with pad 'D15:2' at (138430000, 59750000) using coordinate system rotated by 0 degree(s)
13:33:59: [INFO] Adding track segment (B.Cu): [(135890000, 52070000), (135890000, 57210000)]
13:33:59: [INFO] Adding track segment (B.Cu): [(135890000, 57210000), (138430000, 59750000)]
13:33:59: [INFO] Routing SW14 with D14
13:33:59: [INFO] Using internal autorouter method
13:33:59: [INFO] Routing pad 'SW14:2' at (116840000, 52070000) with pad 'D14:2' at (119380000, 59750000) using coordinate system rotated by 0 degree(s)
13:33:59: [INFO] Adding track segment (B.Cu): [(116840000, 52070000), (116840000, 57210000)]
13:33:59: [INFO] Adding track segment (B.Cu): [(116840000, 57210000), (119380000, 59750000)]
13:33:59: [INFO] Routing SW13 with D13
13:33:59: [INFO] Using internal autorouter method
13:33:59: [INFO] Routing pad 'SW13:2' at (97790000, 52070000) with pad 'D13:2' at (100330000, 59750000) using coordinate system rotated by 0 degree(s)
13:33:59: [INFO] Adding track segment (B.Cu): [(97790000, 52070000), (97790000, 57210000)]
13:33:59: [INFO] Adding track segment (B.Cu): [(97790000, 57210000), (100330000, 59750000)]
13:33:59: [INFO] Routing SW12 with D12
13:33:59: [INFO] Using internal autorouter method
13:33:59: [INFO] Routing pad 'SW12:2' at (78740000, 52070000) with pad 'D12:2' at (81280000, 59750000) using coordinate system rotated by 0 degree(s)
13:33:59: [INFO] Adding track segment (B.Cu): [(78740000, 52070000), (78740000, 57210000)]
13:33:59: [INFO] Adding track segment (B.Cu): [(78740000, 57210000), (81280000, 59750000)]
13:33:59: [INFO] Routing SW11 with D11
13:33:59: [INFO] Using internal autorouter method
13:33:59: [INFO] Routing pad 'SW11:2' at (59690000, 52070000) with pad 'D11:2' at (62230000, 59750000) using coordinate system rotated by 0 degree(s)
13:33:59: [INFO] Adding track segment (B.Cu): [(59690000, 52070000), (59690000, 57210000)]
13:33:59: [INFO] Adding track segment (B.Cu): [(59690000, 57210000), (62230000, 59750000)]
13:33:59: [INFO] Routing SW10 with D10
13:33:59: [INFO] Using internal autorouter method
13:33:59: [INFO] Routing pad 'SW10:2' at (40640000, 52070000) with pad 'D10:2' at (43180000, 59750000) using coordinate system rotated by 0 degree(s)
13:33:59: [INFO] Adding track segment (B.Cu): [(40640000, 52070000), (40640000, 57210000)]
13:33:59: [INFO] Adding track segment (B.Cu): [(40640000, 57210000), (43180000, 59750000)]
13:33:59: [INFO] Routing SW9 with D9
13:33:59: [INFO] Using internal autorouter method
13:33:59: [INFO] Routing pad 'SW9:2' at (193040000, 33020000) with pad 'D9:2' at (195580000, 40700000) using coordinate system rotated by 0 degree(s)
13:33:59: [INFO] Adding track segment (B.Cu): [(193040000, 33020000), (193040000, 38160000)]
13:33:59: [INFO] Adding track segment (B.Cu): [(193040000, 38160000), (195580000, 40700000)]
13:33:59: [INFO] Routing SW8 with D8
13:33:59: [INFO] Using internal autorouter method
13:33:59: [INFO] Routing pad 'SW8:2' at (173990000, 33020000) with pad 'D8:2' at (176530000, 40700000) using coordinate system rotated by 0 degree(s)
13:33:59: [INFO] Adding track segment (B.Cu): [(173990000, 33020000), (173990000, 38160000)]
13:33:59: [INFO] Adding track segment (B.Cu): [(173990000, 38160000), (176530000, 40700000)]
13:33:59: [INFO] Routing SW7 with D7
13:33:59: [INFO] Using internal autorouter method
13:33:59: [INFO] Routing pad 'SW7:2' at (154940000, 33020000) with pad 'D7:2' at (157480000, 40700000) using coordinate system rotated by 0 degree(s)
13:33:59: [INFO] Adding track segment (B.Cu): [(154940000, 33020000), (154940000, 38160000)]
13:33:59: [INFO] Adding track segment (B.Cu): [(154940000, 38160000), (157480000, 40700000)]
13:33:59: [INFO] Routing SW6 with D6
13:33:59: [INFO] Using internal autorouter method
13:33:59: [INFO] Routing pad 'SW6:2' at (135890000, 33020000) with pad 'D6:2' at (138430000, 40700000) using coordinate system rotated by 0 degree(s)
13:33:59: [INFO] Adding track segment (B.Cu): [(135890000, 33020000), (135890000, 38160000)]
13:33:59: [INFO] Adding track segment (B.Cu): [(135890000, 38160000), (138430000, 40700000)]
13:33:59: [INFO] Routing SW5 with D5
13:33:59: [INFO] Using internal autorouter method
13:33:59: [INFO] Routing pad 'SW5:2' at (116840000, 33020000) with pad 'D5:2' at (119380000, 40700000) using coordinate system rotated by 0 degree(s)
13:33:59: [INFO] Adding track segment (B.Cu): [(116840000, 33020000), (116840000, 38160000)]
13:33:59: [INFO] Adding track segment (B.Cu): [(116840000, 38160000), (119380000, 40700000)]
13:33:59: [INFO] Routing SW4 with D4
13:33:59: [INFO] Using internal autorouter method
13:33:59: [INFO] Routing pad 'SW4:2' at (97790000, 33020000) with pad 'D4:2' at (100330000, 40700000) using coordinate system rotated by 0 degree(s)
13:33:59: [INFO] Adding track segment (B.Cu): [(97790000, 33020000), (97790000, 38160000)]
13:33:59: [INFO] Adding track segment (B.Cu): [(97790000, 38160000), (100330000, 40700000)]
13:33:59: [INFO] Routing SW3 with D3
13:33:59: [INFO] Using internal autorouter method
13:33:59: [INFO] Routing pad 'SW3:2' at (78740000, 33020000) with pad 'D3:2' at (81280000, 40700000) using coordinate system rotated by 0 degree(s)
13:33:59: [INFO] Adding track segment (B.Cu): [(78740000, 33020000), (78740000, 38160000)]
13:33:59: [INFO] Adding track segment (B.Cu): [(78740000, 38160000), (81280000, 40700000)]
13:33:59: [INFO] Routing SW2 with D2
13:33:59: [INFO] Using internal autorouter method
13:33:59: [INFO] Routing pad 'SW2:2' at (59690000, 33020000) with pad 'D2:2' at (62230000, 40700000) using coordinate system rotated by 0 degree(s)
13:33:59: [INFO] Adding track segment (B.Cu): [(59690000, 33020000), (59690000, 38160000)]
13:33:59: [INFO] Adding track segment (B.Cu): [(59690000, 38160000), (62230000, 40700000)]
13:33:59: [INFO] Routing SW1 with D1
13:33:59: [INFO] Using internal autorouter method
13:33:59: [INFO] Routing pad 'SW1:2' at (40640000, 33020000) with pad 'D1:2' at (43180000, 40700000) using coordinate system rotated by 0 degree(s)
13:33:59: [INFO] Adding track segment (B.Cu): [(40640000, 33020000), (40640000, 38160000)]
13:33:59: [INFO] Adding track segment (B.Cu): [(40640000, 38160000), (43180000, 40700000)]
13:33:59: [INFO] Routing COL4 pads
13:33:59: [INFO] Routing pad 'SW5:1' at (110490000, 35560000) with pad 'SW14:1' at (110490000, 54610000) using coordinate system rotated by 0 degree(s)
13:33:59: [INFO] Adding track segment (F.Cu): [(110490000, 35560000), (110490000, 54610000)]
13:33:59: [INFO] Routing pad 'SW14:1' at (110490000, 54610000) with pad 'SW23:1' at (110490000, 73660000) using coordinate system rotated by 0 degree(s)
13:33:59: [INFO] Adding track segment (F.Cu): [(110490000, 54610000), (110490000, 73660000)]
13:33:59: [INFO] Routing pad 'SW23:1' at (110490000, 73660000) with pad 'SW32:1' at (110490000, 92710000) using coordinate system rotated by 0 degree(s)
13:33:59: [INFO] Adding track segment (F.Cu): [(110490000, 73660000), (110490000, 92710000)]
13:33:59: [INFO] Routing pad 'SW32:1' at (110490000, 92710000) with pad 'SW41:1' at (110490000, 111760000) using coordinate system rotated by 0 degree(s)
13:33:59: [INFO] Adding track segment (F.Cu): [(110490000, 92710000), (110490000, 111760000)]
13:33:59: [INFO] Routing pad 'SW41:1' at (110490000, 111760000) with pad 'SW50:1' at (110490000, 130810000) using coordinate system rotated by 0 degree(s)
13:33:59: [INFO] Adding track segment (F.Cu): [(110490000, 111760000), (110490000, 130810000)]
13:33:59: [INFO] Routing pad 'SW5:1' at (110490000, 35560000) with pad 'SW59:1' at (377190000, 35560000) using coordinate system rotated by 0 degree(s)
13:33:59: [INFO] Adding track segment (F.Cu): [(110490000, 35560000), (377190000, 35560000)]
13:33:59: [INFO] Could not add track segment due to detected collision
13:33:59: [INFO] Routing pad 'SW59:1' at (377190000, 35560000) with pad 'SW68:1' at (377190000, 54610000) using coordinate system rotated by 0 degree(s)
13:33:59: [INFO] Adding track segment (F.Cu): [(377190000, 35560000), (377190000, 54610000)]
13:33:59: [INFO] Routing pad 'SW68:1' at (377190000, 54610000) with pad 'SW77:1' at (377190000, 73660000) using coordinate system rotated by 0 degree(s)
13:33:59: [INFO] Adding track segment (F.Cu): [(377190000, 54610000), (377190000, 73660000)]
13:33:59: [INFO] Routing pad 'SW77:1' at (377190000, 73660000) with pad 'SW86:1' at (377190000, 92710000) using coordinate system rotated by 0 degree(s)
13:33:59: [INFO] Adding track segment (F.Cu): [(377190000, 73660000), (377190000, 92710000)]
13:33:59: [INFO] Routing pad 'SW86:1' at (377190000, 92710000) with pad 'SW95:1' at (377190000, 111760000) using coordinate system rotated by 0 degree(s)
13:33:59: [INFO] Adding track segment (F.Cu): [(377190000, 92710000), (377190000, 111760000)]
13:33:59: [INFO] Routing pad 'SW95:1' at (377190000, 111760000) with pad 'SW104:1' at (377190000, 130810000) using coordinate system rotated by 0 degree(s)
13:33:59: [INFO] Adding track segment (F.Cu): [(377190000, 111760000), (377190000, 130810000)]
13:33:59: [INFO] Routing ROW1 pads
13:33:59: [INFO] Routing pad 'D10:1' at (43180000, 62550000) with pad 'D11:1' at (62230000, 62550000) using coordinate system rotated by 0 degree(s)
13:33:59: [INFO] Adding track segment (B.Cu): [(43180000, 62550000), (62230000, 62550000)]
13:33:59: [INFO] Routing pad 'D11:1' at (62230000, 62550000) with pad 'D12:1' at (81280000, 62550000) using coordinate system rotated by 0 degree(s)
13:33:59: [INFO] Adding track segment (B.Cu): [(62230000, 62550000), (81280000, 62550000)]
13:33:59: [INFO] Routing pad 'D12:1' at (81280000, 62550000) with pad 'D13:1' at (100330000, 62550000) using coordinate system rotated by 0 degree(s)
13:33:59: [INFO] Adding track segment (B.Cu): [(81280000, 62550000), (100330000, 62550000)]
13:33:59: [INFO] Routing pad 'D13:1' at (100330000, 62550000) with pad 'D14:1' at (119380000, 62550000) using coordinate system rotated by 0 degree(s)
13:33:59: [INFO] Adding track segment (B.Cu): [(100330000, 62550000), (119380000, 62550000)]
13:33:59: [INFO] Routing pad 'D14:1' at (119380000, 62550000) with pad 'D15:1' at (138430000, 62550000) using coordinate system rotated by 0 degree(s)
13:33:59: [INFO] Adding track segment (B.Cu): [(119380000, 62550000), (138430000, 62550000)]
13:33:59: [INFO] Routing pad 'D15:1' at (138430000, 62550000) with pad 'D16:1' at (157480000, 62550000) using coordinate system rotated by 0 degree(s)
13:33:59: [INFO] Adding track segment (B.Cu): [(138430000, 62550000), (157480000, 62550000)]
13:33:59: [INFO] Routing pad 'D16:1' at (157480000, 62550000) with pad 'D17:1' at (176530000, 62550000) using coordinate system rotated by 0 degree(s)
13:33:59: [INFO] Adding track segment (B.Cu): [(157480000, 62550000), (176530000, 62550000)]
13:33:59: [INFO] Routing pad 'D17:1' at (176530000, 62550000) with pad 'D18:1' at (195580000, 62550000) using coordinate system rotated by 0 degree(s)
13:33:59: [INFO] Adding track segment (B.Cu): [(176530000, 62550000), (195580000, 62550000)]
13:33:59: [INFO] Routing ROW4 pads
13:33:59: [INFO] Routing pad 'D37:1' at (43180000, 119700000) with pad 'D38:1' at (62230000, 119700000) using coordinate system rotated by 0 degree(s)
13:33:59: [INFO] Adding track segment (B.Cu): [(43180000, 119700000), (62230000, 119700000)]
13:33:59: [INFO] Routing pad 'D38:1' at (62230000, 119700000) with pad 'D39:1' at (81280000, 119700000) using coordinate system rotated by 0 degree(s)
13:33:59: [INFO] Adding track segment (B.Cu): [(62230000, 119700000), (81280000, 119700000)]
13:34:00: [INFO] Routing pad 'D39:1' at (81280000, 119700000) with pad 'D40:1' at (100330000, 119700000) using coordinate system rotated by 0 degree(s)
13:34:00: [INFO] Adding track segment (B.Cu): [(81280000, 119700000), (100330000, 119700000)]
13:34:00: [INFO] Routing pad 'D40:1' at (100330000, 119700000) with pad 'D41:1' at (119380000, 119700000) using coordinate system rotated by 0 degree(s)
13:34:00: [INFO] Adding track segment (B.Cu): [(100330000, 119700000), (119380000, 119700000)]
13:34:00: [INFO] Routing pad 'D41:1' at (119380000, 119700000) with pad 'D42:1' at (138430000, 119700000) using coordinate system rotated by 0 degree(s)
13:34:00: [INFO] Adding track segment (B.Cu): [(119380000, 119700000), (138430000, 119700000)]
13:34:00: [INFO] Routing pad 'D42:1' at (138430000, 119700000) with pad 'D43:1' at (157480000, 119700000) using coordinate system rotated by 0 degree(s)
13:34:00: [INFO] Adding track segment (B.Cu): [(138430000, 119700000), (157480000, 119700000)]
13:34:00: [INFO] Routing pad 'D43:1' at (157480000, 119700000) with pad 'D44:1' at (176530000, 119700000) using coordinate system rotated by 0 degree(s)
13:34:00: [INFO] Adding track segment (B.Cu): [(157480000, 119700000), (176530000, 119700000)]
13:34:00: [INFO] Routing pad 'D44:1' at (176530000, 119700000) with pad 'D45:1' at (195580000, 119700000) using coordinate system rotated by 0 degree(s)
13:34:00: [INFO] Adding track segment (B.Cu): [(176530000, 119700000), (195580000, 119700000)]
13:34:00: [INFO] Routing COL7 pads
13:34:00: [INFO] Routing pad 'SW8:1' at (167640000, 35560000) with pad 'SW17:1' at (167640000, 54610000) using coordinate system rotated by 0 degree(s)
13:34:00: [INFO] Adding track segment (F.Cu): [(167640000, 35560000), (167640000, 54610000)]
13:34:00: [INFO] Routing pad 'SW17:1' at (167640000, 54610000) with pad 'SW26:1' at (167640000, 73660000) using coordinate system rotated by 0 degree(s)
13:34:00: [INFO] Adding track segment (F.Cu): [(167640000, 54610000), (167640000, 73660000)]
13:34:00: [INFO] Routing pad 'SW26:1' at (167640000, 73660000) with pad 'SW35:1' at (167640000, 92710000) using coordinate system rotated by 0 degree(s)
13:34:00: [INFO] Adding track segment (F.Cu): [(167640000, 73660000), (167640000, 92710000)]
13:34:00: [INFO] Routing pad 'SW35:1' at (167640000, 92710000) with pad 'SW44:1' at (167640000, 111760000) using coordinate system rotated by 0 degree(s)
13:34:00: [INFO] Adding track segment (F.Cu): [(167640000, 92710000), (167640000, 111760000)]
13:34:00: [INFO] Routing pad 'SW44:1' at (167640000, 111760000) with pad 'SW53:1' at (167640000, 130810000) using coordinate system rotated by 0 degree(s)
13:34:00: [INFO] Adding track segment (F.Cu): [(167640000, 111760000), (167640000, 130810000)]
13:34:00: [INFO] Routing pad 'SW8:1' at (167640000, 35560000) with pad 'SW62:1' at (434340000, 35560000) using coordinate system rotated by 0 degree(s)
13:34:00: [INFO] Adding track segment (F.Cu): [(167640000, 35560000), (434340000, 35560000)]
13:34:00: [INFO] Could not add track segment due to detected collision
13:34:00: [INFO] Routing pad 'SW62:1' at (434340000, 35560000) with pad 'SW71:1' at (434340000, 54610000) using coordinate system rotated by 0 degree(s)
13:34:00: [INFO] Adding track segment (F.Cu): [(434340000, 35560000), (434340000, 54610000)]
13:34:00: [INFO] Routing pad 'SW71:1' at (434340000, 54610000) with pad 'SW80:1' at (434340000, 73660000) using coordinate system rotated by 0 degree(s)
13:34:00: [INFO] Adding track segment (F.Cu): [(434340000, 54610000), (434340000, 73660000)]
13:34:00: [INFO] Routing pad 'SW80:1' at (434340000, 73660000) with pad 'SW89:1' at (434340000, 92710000) using coordinate system rotated by 0 degree(s)
13:34:00: [INFO] Adding track segment (F.Cu): [(434340000, 73660000), (434340000, 92710000)]
13:34:00: [INFO] Routing pad 'SW89:1' at (434340000, 92710000) with pad 'SW98:1' at (434340000, 111760000) using coordinate system rotated by 0 degree(s)
13:34:00: [INFO] Adding track segment (F.Cu): [(434340000, 92710000), (434340000, 111760000)]
13:34:00: [INFO] Routing pad 'SW98:1' at (434340000, 111760000) with pad 'SW107:1' at (434340000, 130810000) using coordinate system rotated by 0 degree(s)
13:34:00: [INFO] Adding track segment (F.Cu): [(434340000, 111760000), (434340000, 130810000)]
13:34:00: [INFO] Routing ROW5 pads
13:34:00: [INFO] Routing pad 'D46:1' at (43180000, 138750000) with pad 'D47:1' at (62230000, 138750000) using coordinate system rotated by 0 degree(s)
13:34:00: [INFO] Adding track segment (B.Cu): [(43180000, 138750000), (62230000, 138750000)]
13:34:00: [INFO] Routing pad 'D47:1' at (62230000, 138750000) with pad 'D48:1' at (81280000, 138750000) using coordinate system rotated by 0 degree(s)
13:34:00: [INFO] Adding track segment (B.Cu): [(62230000, 138750000), (81280000, 138750000)]
13:34:00: [INFO] Routing pad 'D48:1' at (81280000, 138750000) with pad 'D49:1' at (100330000, 138750000) using coordinate system rotated by 0 degree(s)
13:34:00: [INFO] Adding track segment (B.Cu): [(81280000, 138750000), (100330000, 138750000)]
13:34:00: [INFO] Routing pad 'D49:1' at (100330000, 138750000) with pad 'D50:1' at (119380000, 138750000) using coordinate system rotated by 0 degree(s)
13:34:00: [INFO] Adding track segment (B.Cu): [(100330000, 138750000), (119380000, 138750000)]
13:34:00: [INFO] Routing pad 'D50:1' at (119380000, 138750000) with pad 'D51:1' at (138430000, 138750000) using coordinate system rotated by 0 degree(s)
13:34:00: [INFO] Adding track segment (B.Cu): [(119380000, 138750000), (138430000, 138750000)]
13:34:00: [INFO] Routing pad 'D51:1' at (138430000, 138750000) with pad 'D52:1' at (157480000, 138750000) using coordinate system rotated by 0 degree(s)
13:34:00: [INFO] Adding track segment (B.Cu): [(138430000, 138750000), (157480000, 138750000)]
13:34:00: [INFO] Routing pad 'D52:1' at (157480000, 138750000) with pad 'D53:1' at (176530000, 138750000) using coordinate system rotated by 0 degree(s)
13:34:00: [INFO] Adding track segment (B.Cu): [(157480000, 138750000), (176530000, 138750000)]
13:34:00: [INFO] Routing pad 'D53:1' at (176530000, 138750000) with pad 'D54:1' at (195580000, 138750000) using coordinate system rotated by 0 degree(s)
13:34:00: [INFO] Adding track segment (B.Cu): [(176530000, 138750000), (195580000, 138750000)]
13:34:00: [INFO] Routing COL2 pads
13:34:00: [INFO] Routing pad 'SW3:1' at (72390000, 35560000) with pad 'SW12:1' at (72390000, 54610000) using coordinate system rotated by 0 degree(s)
13:34:00: [INFO] Adding track segment (F.Cu): [(72390000, 35560000), (72390000, 54610000)]
13:34:00: [INFO] Routing pad 'SW12:1' at (72390000, 54610000) with pad 'SW21:1' at (72390000, 73660000) using coordinate system rotated by 0 degree(s)
13:34:00: [INFO] Adding track segment (F.Cu): [(72390000, 54610000), (72390000, 73660000)]
13:34:00: [INFO] Routing pad 'SW21:1' at (72390000, 73660000) with pad 'SW30:1' at (72390000, 92710000) using coordinate system rotated by 0 degree(s)
13:34:00: [INFO] Adding track segment (F.Cu): [(72390000, 73660000), (72390000, 92710000)]
13:34:00: [INFO] Routing pad 'SW30:1' at (72390000, 92710000) with pad 'SW39:1' at (72390000, 111760000) using coordinate system rotated by 0 degree(s)
13:34:00: [INFO] Adding track segment (F.Cu): [(72390000, 92710000), (72390000, 111760000)]
13:34:00: [INFO] Routing pad 'SW39:1' at (72390000, 111760000) with pad 'SW48:1' at (72390000, 130810000) using coordinate system rotated by 0 degree(s)
13:34:00: [INFO] Adding track segment (F.Cu): [(72390000, 111760000), (72390000, 130810000)]
13:34:00: [INFO] Routing pad 'SW3:1' at (72390000, 35560000) with pad 'SW57:1' at (339090000, 35560000) using coordinate system rotated by 0 degree(s)
13:34:00: [INFO] Adding track segment (F.Cu): [(72390000, 35560000), (339090000, 35560000)]
13:34:00: [INFO] Could not add track segment due to detected collision
13:34:00: [INFO] Routing pad 'SW57:1' at (339090000, 35560000) with pad 'SW66:1' at (339090000, 54610000) using coordinate system rotated by 0 degree(s)
13:34:00: [INFO] Adding track segment (F.Cu): [(339090000, 35560000), (339090000, 54610000)]
13:34:00: [INFO] Routing pad 'SW66:1' at (339090000, 54610000) with pad 'SW75:1' at (339090000, 73660000) using coordinate system rotated by 0 degree(s)
13:34:00: [INFO] Adding track segment (F.Cu): [(339090000, 54610000), (339090000, 73660000)]
13:34:00: [INFO] Routing pad 'SW75:1' at (339090000, 73660000) with pad 'SW84:1' at (339090000, 92710000) using coordinate system rotated by 0 degree(s)
13:34:00: [INFO] Adding track segment (F.Cu): [(339090000, 73660000), (339090000, 92710000)]
13:34:00: [INFO] Routing pad 'SW84:1' at (339090000, 92710000) with pad 'SW93:1' at (339090000, 111760000) using coordinate system rotated by 0 degree(s)
13:34:00: [INFO] Adding track segment (F.Cu): [(339090000, 92710000), (339090000, 111760000)]
13:34:00: [INFO] Routing pad 'SW93:1' at (339090000, 111760000) with pad 'SW102:1' at (339090000, 130810000) using coordinate system rotated by 0 degree(s)
13:34:00: [INFO] Adding track segment (F.Cu): [(339090000, 111760000), (339090000, 130810000)]
13:34:00: [INFO] Routing ROW2 pads
13:34:00: [INFO] Routing pad 'D19:1' at (43180000, 81600000) with pad 'D20:1' at (62230000, 81600000) using coordinate system rotated by 0 degree(s)
13:34:00: [INFO] Adding track segment (B.Cu): [(43180000, 81600000), (62230000, 81600000)]
13:34:00: [INFO] Routing pad 'D20:1' at (62230000, 81600000) with pad 'D21:1' at (81280000, 81600000) using coordinate system rotated by 0 degree(s)
13:34:00: [INFO] Adding track segment (B.Cu): [(62230000, 81600000), (81280000, 81600000)]
13:34:00: [INFO] Routing pad 'D21:1' at (81280000, 81600000) with pad 'D22:1' at (100330000, 81600000) using coordinate system rotated by 0 degree(s)
13:34:00: [INFO] Adding track segment (B.Cu): [(81280000, 81600000), (100330000, 81600000)]
13:34:00: [INFO] Routing pad 'D22:1' at (100330000, 81600000) with pad 'D23:1' at (119380000, 81600000) using coordinate system rotated by 0 degree(s)
13:34:00: [INFO] Adding track segment (B.Cu): [(100330000, 81600000), (119380000, 81600000)]
13:34:00: [INFO] Routing pad 'D23:1' at (119380000, 81600000) with pad 'D24:1' at (138430000, 81600000) using coordinate system rotated by 0 degree(s)
13:34:00: [INFO] Adding track segment (B.Cu): [(119380000, 81600000), (138430000, 81600000)]
13:34:00: [INFO] Routing pad 'D24:1' at (138430000, 81600000) with pad 'D25:1' at (157480000, 81600000) using coordinate system rotated by 0 degree(s)
13:34:00: [INFO] Adding track segment (B.Cu): [(138430000, 81600000), (157480000, 81600000)]
13:34:00: [INFO] Routing pad 'D25:1' at (157480000, 81600000) with pad 'D26:1' at (176530000, 81600000) using coordinate system rotated by 0 degree(s)
13:34:00: [INFO] Adding track segment (B.Cu): [(157480000, 81600000), (176530000, 81600000)]
13:34:00: [INFO] Routing pad 'D26:1' at (176530000, 81600000) with pad 'D27:1' at (195580000, 81600000) using coordinate system rotated by 0 degree(s)
13:34:00: [INFO] Adding track segment (B.Cu): [(176530000, 81600000), (195580000, 81600000)]
13:34:00: [INFO] Routing ROW0 pads
13:34:00: [INFO] Routing pad 'D1:1' at (43180000, 43500000) with pad 'D2:1' at (62230000, 43500000) using coordinate system rotated by 0 degree(s)
13:34:00: [INFO] Adding track segment (B.Cu): [(43180000, 43500000), (62230000, 43500000)]
13:34:00: [INFO] Routing pad 'D2:1' at (62230000, 43500000) with pad 'D3:1' at (81280000, 43500000) using coordinate system rotated by 0 degree(s)
13:34:00: [INFO] Adding track segment (B.Cu): [(62230000, 43500000), (81280000, 43500000)]
13:34:00: [INFO] Routing pad 'D3:1' at (81280000, 43500000) with pad 'D4:1' at (100330000, 43500000) using coordinate system rotated by 0 degree(s)
13:34:00: [INFO] Adding track segment (B.Cu): [(81280000, 43500000), (100330000, 43500000)]
13:34:00: [INFO] Routing pad 'D4:1' at (100330000, 43500000) with pad 'D5:1' at (119380000, 43500000) using coordinate system rotated by 0 degree(s)
13:34:00: [INFO] Adding track segment (B.Cu): [(100330000, 43500000), (119380000, 43500000)]
13:34:00: [INFO] Routing pad 'D5:1' at (119380000, 43500000) with pad 'D6:1' at (138430000, 43500000) using coordinate system rotated by 0 degree(s)
13:34:00: [INFO] Adding track segment (B.Cu): [(119380000, 43500000), (138430000, 43500000)]
13:34:00: [INFO] Routing pad 'D6:1' at (138430000, 43500000) with pad 'D7:1' at (157480000, 43500000) using coordinate system rotated by 0 degree(s)
13:34:00: [INFO] Adding track segment (B.Cu): [(138430000, 43500000), (157480000, 43500000)]
13:34:00: [INFO] Routing pad 'D7:1' at (157480000, 43500000) with pad 'D8:1' at (176530000, 43500000) using coordinate system rotated by 0 degree(s)
13:34:00: [INFO] Adding track segment (B.Cu): [(157480000, 43500000), (176530000, 43500000)]
13:34:00: [INFO] Routing pad 'D8:1' at (176530000, 43500000) with pad 'D9:1' at (195580000, 43500000) using coordinate system rotated by 0 degree(s)
13:34:00: [INFO] Adding track segment (B.Cu): [(176530000, 43500000), (195580000, 43500000)]
13:34:00: [INFO] Routing ROW11 pads
13:34:00: [INFO] Routing pad 'D100:1' at (309880000, 138750000) with pad 'D101:1' at (328930000, 138750000) using coordinate system rotated by 0 degree(s)
13:34:00: [INFO] Adding track segment (B.Cu): [(309880000, 138750000), (328930000, 138750000)]
13:34:00: [INFO] Routing pad 'D101:1' at (328930000, 138750000) with pad 'D102:1' at (347980000, 138750000) using coordinate system rotated by 0 degree(s)
13:34:00: [INFO] Adding track segment (B.Cu): [(328930000, 138750000), (347980000, 138750000)]
13:34:00: [INFO] Routing pad 'D102:1' at (347980000, 138750000) with pad 'D103:1' at (367030000, 138750000) using coordinate system rotated by 0 degree(s)
13:34:00: [INFO] Adding track segment (B.Cu): [(347980000, 138750000), (367030000, 138750000)]
13:34:00: [INFO] Routing pad 'D103:1' at (367030000, 138750000) with pad 'D104:1' at (386080000, 138750000) using coordinate system rotated by 0 degree(s)
13:34:00: [INFO] Adding track segment (B.Cu): [(367030000, 138750000), (386080000, 138750000)]
13:34:00: [INFO] Routing pad 'D104:1' at (386080000, 138750000) with pad 'D105:1' at (405130000, 138750000) using coordinate system rotated by 0 degree(s)
13:34:00: [INFO] Adding track segment (B.Cu): [(386080000, 138750000), (405130000, 138750000)]
13:34:00: [INFO] Routing pad 'D105:1' at (405130000, 138750000) with pad 'D106:1' at (424180000, 138750000) using coordinate system rotated by 0 degree(s)
13:34:00: [INFO] Adding track segment (B.Cu): [(405130000, 138750000), (424180000, 138750000)]
13:34:00: [INFO] Routing pad 'D106:1' at (424180000, 138750000) with pad 'D107:1' at (443230000, 138750000) using coordinate system rotated by 0 degree(s)
13:34:00: [INFO] Adding track segment (B.Cu): [(424180000, 138750000), (443230000, 138750000)]
13:34:00: [INFO] Routing pad 'D107:1' at (443230000, 138750000) with pad 'D108:1' at (462280000, 138750000) using coordinate system rotated by 0 degree(s)
13:34:00: [INFO] Adding track segment (B.Cu): [(443230000, 138750000), (462280000, 138750000)]
13:34:00: [INFO] Routing ROW3 pads
13:34:00: [INFO] Routing pad 'D28:1' at (43180000, 100650000) with pad 'D29:1' at (62230000, 100650000) using coordinate system rotated by 0 degree(s)
13:34:00: [INFO] Adding track segment (B.Cu): [(43180000, 100650000), (62230000, 100650000)]
13:34:00: [INFO] Routing pad 'D29:1' at (62230000, 100650000) with pad 'D30:1' at (81280000, 100650000) using coordinate system rotated by 0 degree(s)
13:34:00: [INFO] Adding track segment (B.Cu): [(62230000, 100650000), (81280000, 100650000)]
13:34:00: [INFO] Routing pad 'D30:1' at (81280000, 100650000) with pad 'D31:1' at (100330000, 100650000) using coordinate system rotated by 0 degree(s)
13:34:00: [INFO] Adding track segment (B.Cu): [(81280000, 100650000), (100330000, 100650000)]
13:34:00: [INFO] Routing pad 'D31:1' at (100330000, 100650000) with pad 'D32:1' at (119380000, 100650000) using coordinate system rotated by 0 degree(s)
13:34:00: [INFO] Adding track segment (B.Cu): [(100330000, 100650000), (119380000, 100650000)]
13:34:00: [INFO] Routing pad 'D32:1' at (119380000, 100650000) with pad 'D33:1' at (138430000, 100650000) using coordinate system rotated by 0 degree(s)
13:34:00: [INFO] Adding track segment (B.Cu): [(119380000, 100650000), (138430000, 100650000)]
13:34:00: [INFO] Routing pad 'D33:1' at (138430000, 100650000) with pad 'D34:1' at (157480000, 100650000) using coordinate system rotated by 0 degree(s)
13:34:00: [INFO] Adding track segment (B.Cu): [(138430000, 100650000), (157480000, 100650000)]
13:34:00: [INFO] Routing pad 'D34:1' at (157480000, 100650000) with pad 'D35:1' at (176530000, 100650000) using coordinate system rotated by 0 degree(s)
13:34:00: [INFO] Adding track segment (B.Cu): [(157480000, 100650000), (176530000, 100650000)]
13:34:00: [INFO] Routing pad 'D35:1' at (176530000, 100650000) with pad 'D36:1' at (195580000, 100650000) using coordinate system rotated by 0 degree(s)
13:34:00: [INFO] Adding track segment (B.Cu): [(176530000, 100650000), (195580000, 100650000)]
13:34:00: [INFO] Routing ROW10 pads
13:34:00: [INFO] Routing pad 'D91:1' at (309880000, 119700000) with pad 'D92:1' at (328930000, 119700000) using coordinate system rotated by 0 degree(s)
13:34:00: [INFO] Adding track segment (B.Cu): [(309880000, 119700000), (328930000, 119700000)]
13:34:00: [INFO] Routing pad 'D92:1' at (328930000, 119700000) with pad 'D93:1' at (347980000, 119700000) using coordinate system rotated by 0 degree(s)
13:34:00: [INFO] Adding track segment (B.Cu): [(328930000, 119700000), (347980000, 119700000)]
13:34:00: [INFO] Routing pad 'D93:1' at (347980000, 119700000) with pad 'D94:1' at (367030000, 119700000) using coordinate system rotated by 0 degree(s)
13:34:00: [INFO] Adding track segment (B.Cu): [(347980000, 119700000), (367030000, 119700000)]
13:34:00: [INFO] Routing pad 'D94:1' at (367030000, 119700000) with pad 'D95:1' at (386080000, 119700000) using coordinate system rotated by 0 degree(s)
13:34:00: [INFO] Adding track segment (B.Cu): [(367030000, 119700000), (386080000, 119700000)]
13:34:00: [INFO] Routing pad 'D95:1' at (386080000, 119700000) with pad 'D96:1' at (405130000, 119700000) using coordinate system rotated by 0 degree(s)
13:34:00: [INFO] Adding track segment (B.Cu): [(386080000, 119700000), (405130000, 119700000)]
13:34:00: [INFO] Routing pad 'D96:1' at (405130000, 119700000) with pad 'D97:1' at (424180000, 119700000) using coordinate system rotated by 0 degree(s)
13:34:00: [INFO] Adding track segment (B.Cu): [(405130000, 119700000), (424180000, 119700000)]
13:34:00: [INFO] Routing pad 'D97:1' at (424180000, 119700000) with pad 'D98:1' at (443230000, 119700000) using coordinate system rotated by 0 degree(s)
13:34:00: [INFO] Adding track segment (B.Cu): [(424180000, 119700000), (443230000, 119700000)]
13:34:00: [INFO] Routing pad 'D98:1' at (443230000, 119700000) with pad 'D99:1' at (462280000, 119700000) using coordinate system rotated by 0 degree(s)
13:34:00: [INFO] Adding track segment (B.Cu): [(443230000, 119700000), (462280000, 119700000)]
13:34:00: [INFO] Routing COL6 pads
13:34:00: [INFO] Routing pad 'SW7:1' at (148590000, 35560000) with pad 'SW16:1' at (148590000, 54610000) using coordinate system rotated by 0 degree(s)
13:34:00: [INFO] Adding track segment (F.Cu): [(148590000, 35560000), (148590000, 54610000)]
13:34:00: [INFO] Routing pad 'SW16:1' at (148590000, 54610000) with pad 'SW25:1' at (148590000, 73660000) using coordinate system rotated by 0 degree(s)
13:34:00: [INFO] Adding track segment (F.Cu): [(148590000, 54610000), (148590000, 73660000)]
13:34:00: [INFO] Routing pad 'SW25:1' at (148590000, 73660000) with pad 'SW34:1' at (148590000, 92710000) using coordinate system rotated by 0 degree(s)
13:34:00: [INFO] Adding track segment (F.Cu): [(148590000, 73660000), (148590000, 92710000)]
13:34:00: [INFO] Routing pad 'SW34:1' at (148590000, 92710000) with pad 'SW43:1' at (148590000, 111760000) using coordinate system rotated by 0 degree(s)
13:34:00: [INFO] Adding track segment (F.Cu): [(148590000, 92710000), (148590000, 111760000)]
13:34:00: [INFO] Routing pad 'SW43:1' at (148590000, 111760000) with pad 'SW52:1' at (148590000, 130810000) using coordinate system rotated by 0 degree(s)
13:34:00: [INFO] Adding track segment (F.Cu): [(148590000, 111760000), (148590000, 130810000)]
13:34:00: [INFO] Routing pad 'SW7:1' at (148590000, 35560000) with pad 'SW61:1' at (415290000, 35560000) using coordinate system rotated by 0 degree(s)
13:34:00: [INFO] Adding track segment (F.Cu): [(148590000, 35560000), (415290000, 35560000)]
13:34:00: [INFO] Could not add track segment due to detected collision
13:34:00: [INFO] Routing pad 'SW61:1' at (415290000, 35560000) with pad 'SW70:1' at (415290000, 54610000) using coordinate system rotated by 0 degree(s)
13:34:00: [INFO] Adding track segment (F.Cu): [(415290000, 35560000), (415290000, 54610000)]
13:34:00: [INFO] Routing pad 'SW70:1' at (415290000, 54610000) with pad 'SW79:1' at (415290000, 73660000) using coordinate system rotated by 0 degree(s)
13:34:00: [INFO] Adding track segment (F.Cu): [(415290000, 54610000), (415290000, 73660000)]
13:34:00: [INFO] Routing pad 'SW79:1' at (415290000, 73660000) with pad 'SW88:1' at (415290000, 92710000) using coordinate system rotated by 0 degree(s)
13:34:00: [INFO] Adding track segment (F.Cu): [(415290000, 73660000), (415290000, 92710000)]
13:34:00: [INFO] Routing pad 'SW88:1' at (415290000, 92710000) with pad 'SW97:1' at (415290000, 111760000) using coordinate system rotated by 0 degree(s)
13:34:00: [INFO] Adding track segment (F.Cu): [(415290000, 92710000), (415290000, 111760000)]
13:34:00: [INFO] Routing pad 'SW97:1' at (415290000, 111760000) with pad 'SW106:1' at (415290000, 130810000) using coordinate system rotated by 0 degree(s)
13:34:00: [INFO] Adding track segment (F.Cu): [(415290000, 111760000), (415290000, 130810000)]
13:34:00: [INFO] Routing ROW6 pads
13:34:00: [INFO] Routing pad 'D55:1' at (309880000, 43500000) with pad 'D56:1' at (328930000, 43500000) using coordinate system rotated by 0 degree(s)
13:34:00: [INFO] Adding track segment (B.Cu): [(309880000, 43500000), (328930000, 43500000)]
13:34:00: [INFO] Routing pad 'D56:1' at (328930000, 43500000) with pad 'D57:1' at (347980000, 43500000) using coordinate system rotated by 0 degree(s)
13:34:00: [INFO] Adding track segment (B.Cu): [(328930000, 43500000), (347980000, 43500000)]
13:34:00: [INFO] Routing pad 'D57:1' at (347980000, 43500000) with pad 'D58:1' at (367030000, 43500000) using coordinate system rotated by 0 degree(s)
13:34:00: [INFO] Adding track segment (B.Cu): [(347980000, 43500000), (367030000, 43500000)]
13:34:00: [INFO] Routing pad 'D58:1' at (367030000, 43500000) with pad 'D59:1' at (386080000, 43500000) using coordinate system rotated by 0 degree(s)
13:34:00: [INFO] Adding track segment (B.Cu): [(367030000, 43500000), (386080000, 43500000)]
13:34:00: [INFO] Routing pad 'D59:1' at (386080000, 43500000) with pad 'D60:1' at (405130000, 43500000) using coordinate system rotated by 0 degree(s)
13:34:00: [INFO] Adding track segment (B.Cu): [(386080000, 43500000), (405130000, 43500000)]
13:34:00: [INFO] Routing pad 'D60:1' at (405130000, 43500000) with pad 'D61:1' at (424180000, 43500000) using coordinate system rotated by 0 degree(s)
13:34:00: [INFO] Adding track segment (B.Cu): [(405130000, 43500000), (424180000, 43500000)]
13:34:00: [INFO] Routing pad 'D61:1' at (424180000, 43500000) with pad 'D62:1' at (443230000, 43500000) using coordinate system rotated by 0 degree(s)
13:34:00: [INFO] Adding track segment (B.Cu): [(424180000, 43500000), (443230000, 43500000)]
13:34:00: [INFO] Routing pad 'D62:1' at (443230000, 43500000) with pad 'D63:1' at (462280000, 43500000) using coordinate system rotated by 0 degree(s)
13:34:00: [INFO] Adding track segment (B.Cu): [(443230000, 43500000), (462280000, 43500000)]
13:34:00: [INFO] Routing COL5 pads
13:34:00: [INFO] Routing pad 'SW6:1' at (129540000, 35560000) with pad 'SW15:1' at (129540000, 54610000) using coordinate system rotated by 0 degree(s)
13:34:00: [INFO] Adding track segment (F.Cu): [(129540000, 35560000), (129540000, 54610000)]
13:34:00: [INFO] Routing pad 'SW15:1' at (129540000, 54610000) with pad 'SW24:1' at (129540000, 73660000) using coordinate system rotated by 0 degree(s)
13:34:00: [INFO] Adding track segment (F.Cu): [(129540000, 54610000), (129540000, 73660000)]
13:34:00: [INFO] Routing pad 'SW24:1' at (129540000, 73660000) with pad 'SW33:1' at (129540000, 92710000) using coordinate system rotated by 0 degree(s)
13:34:00: [INFO] Adding track segment (F.Cu): [(129540000, 73660000), (129540000, 92710000)]
13:34:00: [INFO] Routing pad 'SW33:1' at (129540000, 92710000) with pad 'SW42:1' at (129540000, 111760000) using coordinate system rotated by 0 degree(s)
13:34:00: [INFO] Adding track segment (F.Cu): [(129540000, 92710000), (129540000, 111760000)]
13:34:00: [INFO] Routing pad 'SW42:1' at (129540000, 111760000) with pad 'SW51:1' at (129540000, 130810000) using coordinate system rotated by 0 degree(s)
13:34:00: [INFO] Adding track segment (F.Cu): [(129540000, 111760000), (129540000, 130810000)]
13:34:00: [INFO] Routing pad 'SW6:1' at (129540000, 35560000) with pad 'SW60:1' at (396240000, 35560000) using coordinate system rotated by 0 degree(s)
13:34:00: [INFO] Adding track segment (F.Cu): [(129540000, 35560000), (396240000, 35560000)]
13:34:00: [INFO] Could not add track segment due to detected collision
13:34:00: [INFO] Routing pad 'SW60:1' at (396240000, 35560000) with pad 'SW69:1' at (396240000, 54610000) using coordinate system rotated by 0 degree(s)
13:34:00: [INFO] Adding track segment (F.Cu): [(396240000, 35560000), (396240000, 54610000)]
13:34:00: [INFO] Routing pad 'SW69:1' at (396240000, 54610000) with pad 'SW78:1' at (396240000, 73660000) using coordinate system rotated by 0 degree(s)
13:34:00: [INFO] Adding track segment (F.Cu): [(396240000, 54610000), (396240000, 73660000)]
13:34:00: [INFO] Routing pad 'SW78:1' at (396240000, 73660000) with pad 'SW87:1' at (396240000, 92710000) using coordinate system rotated by 0 degree(s)
13:34:00: [INFO] Adding track segment (F.Cu): [(396240000, 73660000), (396240000, 92710000)]
13:34:00: [INFO] Routing pad 'SW87:1' at (396240000, 92710000) with pad 'SW96:1' at (396240000, 111760000) using coordinate system rotated by 0 degree(s)
13:34:00: [INFO] Adding track segment (F.Cu): [(396240000, 92710000), (396240000, 111760000)]
13:34:00: [INFO] Routing pad 'SW96:1' at (396240000, 111760000) with pad 'SW105:1' at (396240000, 130810000) using coordinate system rotated by 0 degree(s)
13:34:00: [INFO] Adding track segment (F.Cu): [(396240000, 111760000), (396240000, 130810000)]
13:34:00: [INFO] Routing ROW9 pads
13:34:00: [INFO] Routing pad 'D82:1' at (309880000, 100650000) with pad 'D83:1' at (328930000, 100650000) using coordinate system rotated by 0 degree(s)
13:34:00: [INFO] Adding track segment (B.Cu): [(309880000, 100650000), (328930000, 100650000)]
13:34:00: [INFO] Routing pad 'D83:1' at (328930000, 100650000) with pad 'D84:1' at (347980000, 100650000) using coordinate system rotated by 0 degree(s)
13:34:00: [INFO] Adding track segment (B.Cu): [(328930000, 100650000), (347980000, 100650000)]
13:34:00: [INFO] Routing pad 'D84:1' at (347980000, 100650000) with pad 'D85:1' at (367030000, 100650000) using coordinate system rotated by 0 degree(s)
13:34:00: [INFO] Adding track segment (B.Cu): [(347980000, 100650000), (367030000, 100650000)]
13:34:00: [INFO] Routing pad 'D85:1' at (367030000, 100650000) with pad 'D86:1' at (386080000, 100650000) using coordinate system rotated by 0 degree(s)
13:34:00: [INFO] Adding track segment (B.Cu): [(367030000, 100650000), (386080000, 100650000)]
13:34:00: [INFO] Routing pad 'D86:1' at (386080000, 100650000) with pad 'D87:1' at (405130000, 100650000) using coordinate system rotated by 0 degree(s)
13:34:00: [INFO] Adding track segment (B.Cu): [(386080000, 100650000), (405130000, 100650000)]
13:34:00: [INFO] Routing pad 'D87:1' at (405130000, 100650000) with pad 'D88:1' at (424180000, 100650000) using coordinate system rotated by 0 degree(s)
13:34:00: [INFO] Adding track segment (B.Cu): [(405130000, 100650000), (424180000, 100650000)]
13:34:00: [INFO] Routing pad 'D88:1' at (424180000, 100650000) with pad 'D89:1' at (443230000, 100650000) using coordinate system rotated by 0 degree(s)
13:34:00: [INFO] Adding track segment (B.Cu): [(424180000, 100650000), (443230000, 100650000)]
13:34:00: [INFO] Routing pad 'D89:1' at (443230000, 100650000) with pad 'D90:1' at (462280000, 100650000) using coordinate system rotated by 0 degree(s)
13:34:00: [INFO] Adding track segment (B.Cu): [(443230000, 100650000), (462280000, 100650000)]
13:34:00: [INFO] Routing ROW7 pads
13:34:00: [INFO] Routing pad 'D64:1' at (309880000, 62550000) with pad 'D65:1' at (328930000, 62550000) using coordinate system rotated by 0 degree(s)
13:34:00: [INFO] Adding track segment (B.Cu): [(309880000, 62550000), (328930000, 62550000)]
13:34:00: [INFO] Routing pad 'D65:1' at (328930000, 62550000) with pad 'D66:1' at (347980000, 62550000) using coordinate system rotated by 0 degree(s)
13:34:00: [INFO] Adding track segment (B.Cu): [(328930000, 62550000), (347980000, 62550000)]
13:34:00: [INFO] Routing pad 'D66:1' at (347980000, 62550000) with pad 'D67:1' at (367030000, 62550000) using coordinate system rotated by 0 degree(s)
13:34:00: [INFO] Adding track segment (B.Cu): [(347980000, 62550000), (367030000, 62550000)]
13:34:01: [INFO] Routing pad 'D67:1' at (367030000, 62550000) with pad 'D68:1' at (386080000, 62550000) using coordinate system rotated by 0 degree(s)
13:34:01: [INFO] Adding track segment (B.Cu): [(367030000, 62550000), (386080000, 62550000)]
13:34:01: [INFO] Routing pad 'D68:1' at (386080000, 62550000) with pad 'D69:1' at (405130000, 62550000) using coordinate system rotated by 0 degree(s)
13:34:01: [INFO] Adding track segment (B.Cu): [(386080000, 62550000), (405130000, 62550000)]
13:34:01: [INFO] Routing pad 'D69:1' at (405130000, 62550000) with pad 'D70:1' at (424180000, 62550000) using coordinate system rotated by 0 degree(s)
13:34:01: [INFO] Adding track segment (B.Cu): [(405130000, 62550000), (424180000, 62550000)]
13:34:01: [INFO] Routing pad 'D70:1' at (424180000, 62550000) with pad 'D71:1' at (443230000, 62550000) using coordinate system rotated by 0 degree(s)
13:34:01: [INFO] Adding track segment (B.Cu): [(424180000, 62550000), (443230000, 62550000)]
13:34:01: [INFO] Routing pad 'D71:1' at (443230000, 62550000) with pad 'D72:1' at (462280000, 62550000) using coordinate system rotated by 0 degree(s)
13:34:01: [INFO] Adding track segment (B.Cu): [(443230000, 62550000), (462280000, 62550000)]
13:34:01: [INFO] Routing COL8 pads
13:34:01: [INFO] Routing pad 'SW9:1' at (186690000, 35560000) with pad 'SW18:1' at (186690000, 54610000) using coordinate system rotated by 0 degree(s)
13:34:01: [INFO] Adding track segment (F.Cu): [(186690000, 35560000), (186690000, 54610000)]
13:34:01: [INFO] Routing pad 'SW18:1' at (186690000, 54610000) with pad 'SW27:1' at (186690000, 73660000) using coordinate system rotated by 0 degree(s)
13:34:01: [INFO] Adding track segment (F.Cu): [(186690000, 54610000), (186690000, 73660000)]
13:34:01: [INFO] Routing pad 'SW27:1' at (186690000, 73660000) with pad 'SW36:1' at (186690000, 92710000) using coordinate system rotated by 0 degree(s)
13:34:01: [INFO] Adding track segment (F.Cu): [(186690000, 73660000), (186690000, 92710000)]
13:34:01: [INFO] Routing pad 'SW36:1' at (186690000, 92710000) with pad 'SW45:1' at (186690000, 111760000) using coordinate system rotated by 0 degree(s)
13:34:01: [INFO] Adding track segment (F.Cu): [(186690000, 92710000), (186690000, 111760000)]
13:34:01: [INFO] Routing pad 'SW45:1' at (186690000, 111760000) with pad 'SW54:1' at (186690000, 130810000) using coordinate system rotated by 0 degree(s)
13:34:01: [INFO] Adding track segment (F.Cu): [(186690000, 111760000), (186690000, 130810000)]
13:34:01: [INFO] Routing pad 'SW9:1' at (186690000, 35560000) with pad 'SW63:1' at (453390000, 35560000) using coordinate system rotated by 0 degree(s)
13:34:01: [INFO] Adding track segment (F.Cu): [(186690000, 35560000), (453390000, 35560000)]
13:34:01: [INFO] Could not add track segment due to detected collision
13:34:01: [INFO] Routing pad 'SW63:1' at (453390000, 35560000) with pad 'SW72:1' at (453390000, 54610000) using coordinate system rotated by 0 degree(s)
13:34:01: [INFO] Adding track segment (F.Cu): [(453390000, 35560000), (453390000, 54610000)]
13:34:01: [INFO] Routing pad 'SW72:1' at (453390000, 54610000) with pad 'SW81:1' at (453390000, 73660000) using coordinate system rotated by 0 degree(s)
13:34:01: [INFO] Adding track segment (F.Cu): [(453390000, 54610000), (453390000, 73660000)]
13:34:01: [INFO] Routing pad 'SW81:1' at (453390000, 73660000) with pad 'SW90:1' at (453390000, 92710000) using coordinate system rotated by 0 degree(s)
13:34:01: [INFO] Adding track segment (F.Cu): [(453390000, 73660000), (453390000, 92710000)]
13:34:01: [INFO] Routing pad 'SW90:1' at (453390000, 92710000) with pad 'SW99:1' at (453390000, 111760000) using coordinate system rotated by 0 degree(s)
13:34:01: [INFO] Adding track segment (F.Cu): [(453390000, 92710000), (453390000, 111760000)]
13:34:01: [INFO] Routing pad 'SW99:1' at (453390000, 111760000) with pad 'SW108:1' at (453390000, 130810000) using coordinate system rotated by 0 degree(s)
13:34:01: [INFO] Adding track segment (F.Cu): [(453390000, 111760000), (453390000, 130810000)]
13:34:01: [INFO] Routing COL1 pads
13:34:01: [INFO] Routing pad 'SW2:1' at (53340000, 35560000) with pad 'SW11:1' at (53340000, 54610000) using coordinate system rotated by 0 degree(s)
13:34:01: [INFO] Adding track segment (F.Cu): [(53340000, 35560000), (53340000, 54610000)]
13:34:01: [INFO] Routing pad 'SW11:1' at (53340000, 54610000) with pad 'SW20:1' at (53340000, 73660000) using coordinate system rotated by 0 degree(s)
13:34:01: [INFO] Adding track segment (F.Cu): [(53340000, 54610000), (53340000, 73660000)]
13:34:01: [INFO] Routing pad 'SW20:1' at (53340000, 73660000) with pad 'SW29:1' at (53340000, 92710000) using coordinate system rotated by 0 degree(s)
13:34:01: [INFO] Adding track segment (F.Cu): [(53340000, 73660000), (53340000, 92710000)]
13:34:01: [INFO] Routing pad 'SW29:1' at (53340000, 92710000) with pad 'SW38:1' at (53340000, 111760000) using coordinate system rotated by 0 degree(s)
13:34:01: [INFO] Adding track segment (F.Cu): [(53340000, 92710000), (53340000, 111760000)]
13:34:01: [INFO] Routing pad 'SW38:1' at (53340000, 111760000) with pad 'SW47:1' at (53340000, 130810000) using coordinate system rotated by 0 degree(s)
13:34:01: [INFO] Adding track segment (F.Cu): [(53340000, 111760000), (53340000, 130810000)]
13:34:01: [INFO] Routing pad 'SW2:1' at (53340000, 35560000) with pad 'SW56:1' at (320040000, 35560000) using coordinate system rotated by 0 degree(s)
13:34:01: [INFO] Adding track segment (F.Cu): [(53340000, 35560000), (320040000, 35560000)]
13:34:01: [INFO] Could not add track segment due to detected collision
13:34:01: [INFO] Routing pad 'SW56:1' at (320040000, 35560000) with pad 'SW65:1' at (320040000, 54610000) using coordinate system rotated by 0 degree(s)
13:34:01: [INFO] Adding track segment (F.Cu): [(320040000, 35560000), (320040000, 54610000)]
13:34:01: [INFO] Routing pad 'SW65:1' at (320040000, 54610000) with pad 'SW74:1' at (320040000, 73660000) using coordinate system rotated by 0 degree(s)
13:34:01: [INFO] Adding track segment (F.Cu): [(320040000, 54610000), (320040000, 73660000)]
13:34:01: [INFO] Routing pad 'SW74:1' at (320040000, 73660000) with pad 'SW83:1' at (320040000, 92710000) using coordinate system rotated by 0 degree(s)
13:34:01: [INFO] Adding track segment (F.Cu): [(320040000, 73660000), (320040000, 92710000)]
13:34:01: [INFO] Routing pad 'SW83:1' at (320040000, 92710000) with pad 'SW92:1' at (320040000, 111760000) using coordinate system rotated by 0 degree(s)
13:34:01: [INFO] Adding track segment (F.Cu): [(320040000, 92710000), (320040000, 111760000)]
13:34:01: [INFO] Routing pad 'SW92:1' at (320040000, 111760000) with pad 'SW101:1' at (320040000, 130810000) using coordinate system rotated by 0 degree(s)
13:34:01: [INFO] Adding track segment (F.Cu): [(320040000, 111760000), (320040000, 130810000)]
13:34:01: [INFO] Routing COL3 pads
13:34:01: [INFO] Routing pad 'SW4:1' at (91440000, 35560000) with pad 'SW13:1' at (91440000, 54610000) using coordinate system rotated by 0 degree(s)
13:34:01: [INFO] Adding track segment (F.Cu): [(91440000, 35560000), (91440000, 54610000)]
13:34:01: [INFO] Routing pad 'SW13:1' at (91440000, 54610000) with pad 'SW22:1' at (91440000, 73660000) using coordinate system rotated by 0 degree(s)
13:34:01: [INFO] Adding track segment (F.Cu): [(91440000, 54610000), (91440000, 73660000)]
13:34:01: [INFO] Routing pad 'SW22:1' at (91440000, 73660000) with pad 'SW31:1' at (91440000, 92710000) using coordinate system rotated by 0 degree(s)
13:34:01: [INFO] Adding track segment (F.Cu): [(91440000, 73660000), (91440000, 92710000)]
13:34:01: [INFO] Routing pad 'SW31:1' at (91440000, 92710000) with pad 'SW40:1' at (91440000, 111760000) using coordinate system rotated by 0 degree(s)
13:34:01: [INFO] Adding track segment (F.Cu): [(91440000, 92710000), (91440000, 111760000)]
13:34:01: [INFO] Routing pad 'SW40:1' at (91440000, 111760000) with pad 'SW49:1' at (91440000, 130810000) using coordinate system rotated by 0 degree(s)
13:34:01: [INFO] Adding track segment (F.Cu): [(91440000, 111760000), (91440000, 130810000)]
13:34:01: [INFO] Routing pad 'SW4:1' at (91440000, 35560000) with pad 'SW58:1' at (358140000, 35560000) using coordinate system rotated by 0 degree(s)
13:34:01: [INFO] Adding track segment (F.Cu): [(91440000, 35560000), (358140000, 35560000)]
13:34:01: [INFO] Could not add track segment due to detected collision
13:34:01: [INFO] Routing pad 'SW58:1' at (358140000, 35560000) with pad 'SW67:1' at (358140000, 54610000) using coordinate system rotated by 0 degree(s)
13:34:01: [INFO] Adding track segment (F.Cu): [(358140000, 35560000), (358140000, 54610000)]
13:34:01: [INFO] Routing pad 'SW67:1' at (358140000, 54610000) with pad 'SW76:1' at (358140000, 73660000) using coordinate system rotated by 0 degree(s)
13:34:01: [INFO] Adding track segment (F.Cu): [(358140000, 54610000), (358140000, 73660000)]
13:34:01: [INFO] Routing pad 'SW76:1' at (358140000, 73660000) with pad 'SW85:1' at (358140000, 92710000) using coordinate system rotated by 0 degree(s)
13:34:01: [INFO] Adding track segment (F.Cu): [(358140000, 73660000), (358140000, 92710000)]
13:34:01: [INFO] Routing pad 'SW85:1' at (358140000, 92710000) with pad 'SW94:1' at (358140000, 111760000) using coordinate system rotated by 0 degree(s)
13:34:01: [INFO] Adding track segment (F.Cu): [(358140000, 92710000), (358140000, 111760000)]
13:34:01: [INFO] Routing pad 'SW94:1' at (358140000, 111760000) with pad 'SW103:1' at (358140000, 130810000) using coordinate system rotated by 0 degree(s)
13:34:01: [INFO] Adding track segment (F.Cu): [(358140000, 111760000), (358140000, 130810000)]
13:34:01: [INFO] Routing ROW8 pads
13:34:01: [INFO] Routing pad 'D73:1' at (309880000, 81600000) with pad 'D74:1' at (328930000, 81600000) using coordinate system rotated by 0 degree(s)
13:34:01: [INFO] Adding track segment (B.Cu): [(309880000, 81600000), (328930000, 81600000)]
13:34:01: [INFO] Routing pad 'D74:1' at (328930000, 81600000) with pad 'D75:1' at (347980000, 81600000) using coordinate system rotated by 0 degree(s)
13:34:01: [INFO] Adding track segment (B.Cu): [(328930000, 81600000), (347980000, 81600000)]
13:34:01: [INFO] Routing pad 'D75:1' at (347980000, 81600000) with pad 'D76:1' at (367030000, 81600000) using coordinate system rotated by 0 degree(s)
13:34:01: [INFO] Adding track segment (B.Cu): [(347980000, 81600000), (367030000, 81600000)]
13:34:01: [INFO] Routing pad 'D76:1' at (367030000, 81600000) with pad 'D77:1' at (386080000, 81600000) using coordinate system rotated by 0 degree(s)
13:34:01: [INFO] Adding track segment (B.Cu): [(367030000, 81600000), (386080000, 81600000)]
13:34:01: [INFO] Routing pad 'D77:1' at (386080000, 81600000) with pad 'D78:1' at (405130000, 81600000) using coordinate system rotated by 0 degree(s)
13:34:01: [INFO] Adding track segment (B.Cu): [(386080000, 81600000), (405130000, 81600000)]
13:34:01: [INFO] Routing pad 'D78:1' at (405130000, 81600000) with pad 'D79:1' at (424180000, 81600000) using coordinate system rotated by 0 degree(s)
13:34:01: [INFO] Adding track segment (B.Cu): [(405130000, 81600000), (424180000, 81600000)]
13:34:01: [INFO] Routing pad 'D79:1' at (424180000, 81600000) with pad 'D80:1' at (443230000, 81600000) using coordinate system rotated by 0 degree(s)
13:34:01: [INFO] Adding track segment (B.Cu): [(424180000, 81600000), (443230000, 81600000)]
13:34:01: [INFO] Routing pad 'D80:1' at (443230000, 81600000) with pad 'D81:1' at (462280000, 81600000) using coordinate system rotated by 0 degree(s)
13:34:01: [INFO] Adding track segment (B.Cu): [(443230000, 81600000), (462280000, 81600000)]
13:34:01: [INFO] Routing COL0 pads
13:34:01: [INFO] Routing pad 'SW1:1' at (34290000, 35560000) with pad 'SW10:1' at (34290000, 54610000) using coordinate system rotated by 0 degree(s)
13:34:01: [INFO] Adding track segment (F.Cu): [(34290000, 35560000), (34290000, 54610000)]
13:34:01: [INFO] Routing pad 'SW10:1' at (34290000, 54610000) with pad 'SW19:1' at (34290000, 73660000) using coordinate system rotated by 0 degree(s)
13:34:01: [INFO] Adding track segment (F.Cu): [(34290000, 54610000), (34290000, 73660000)]
13:34:01: [INFO] Routing pad 'SW19:1' at (34290000, 73660000) with pad 'SW28:1' at (34290000, 92710000) using coordinate system rotated by 0 degree(s)
13:34:01: [INFO] Adding track segment (F.Cu): [(34290000, 73660000), (34290000, 92710000)]
13:34:01: [INFO] Routing pad 'SW28:1' at (34290000, 92710000) with pad 'SW37:1' at (34290000, 111760000) using coordinate system rotated by 0 degree(s)
13:34:01: [INFO] Adding track segment (F.Cu): [(34290000, 92710000), (34290000, 111760000)]
13:34:01: [INFO] Routing pad 'SW37:1' at (34290000, 111760000) with pad 'SW46:1' at (34290000, 130810000) using coordinate system rotated by 0 degree(s)
13:34:01: [INFO] Adding track segment (F.Cu): [(34290000, 111760000), (34290000, 130810000)]
13:34:01: [INFO] Routing pad 'SW1:1' at (34290000, 35560000) with pad 'SW55:1' at (300990000, 35560000) using coordinate system rotated by 0 degree(s)
13:34:01: [INFO] Adding track segment (F.Cu): [(34290000, 35560000), (300990000, 35560000)]
13:34:01: [INFO] Could not add track segment due to detected collision
13:34:01: [INFO] Routing pad 'SW55:1' at (300990000, 35560000) with pad 'SW64:1' at (300990000, 54610000) using coordinate system rotated by 0 degree(s)
13:34:01: [INFO] Adding track segment (F.Cu): [(300990000, 35560000), (300990000, 54610000)]
13:34:01: [INFO] Routing pad 'SW64:1' at (300990000, 54610000) with pad 'SW73:1' at (300990000, 73660000) using coordinate system rotated by 0 degree(s)
13:34:01: [INFO] Adding track segment (F.Cu): [(300990000, 54610000), (300990000, 73660000)]
13:34:01: [INFO] Routing pad 'SW73:1' at (300990000, 73660000) with pad 'SW82:1' at (300990000, 92710000) using coordinate system rotated by 0 degree(s)
13:34:01: [INFO] Adding track segment (F.Cu): [(300990000, 73660000), (300990000, 92710000)]
13:34:01: [INFO] Routing pad 'SW82:1' at (300990000, 92710000) with pad 'SW91:1' at (300990000, 111760000) using coordinate system rotated by 0 degree(s)
13:34:01: [INFO] Adding track segment (F.Cu): [(300990000, 92710000), (300990000, 111760000)]
13:34:01: [INFO] Routing pad 'SW91:1' at (300990000, 111760000) with pad 'SW100:1' at (300990000, 130810000) using coordinate system rotated by 0 degree(s)
13:34:01: [INFO] Adding track segment (F.Cu): [(300990000, 111760000), (300990000, 130810000)]
13:34:01: [INFO] Removing dangling tracks
