=== kbplacer.kle_serial ===
=== layout2image.py ===
=== kbplacer ===
13:38:55: [INFO] User layout: https://editor.keyboard-tools.xyz/#share=NrDeCIA9wLgAgAwDoCsAaO4DOBbWmAnAewBcB9AUwGMBGG8AXw3ATQQB0A7Ln7v3rhQTgMEaPGTpMVfOADEAdiXKRmXLMbNWNLgFEAygGFVY-MgBMU8DPjyAhg8ebMrc6pZoAzCaj4AnEieKEwuaDRuWmHeor4SSJYhHjQALD7iiPHBkTQo4AC6aABQYLEZClYAnmaZzDaYclSNTc7gNGxp1VZ19o4OLW30Md0NTY39aBGYbdFwpvAAHEgAbFlTYZOtUT7DvX3MAO745okDqTHpyEsnYbkFxXMZXbIjoy3m7eedtc+7du6H8BoqES70Gs2sz1GYxBEw6gOQQRh4XcoJmDwsT1simUSn++CBlmYAAsjgc3IDUMTyXA2phINSALQYpFncEXQLfLG-N43fJFErswnSSFQlqeD5sr7Crm7PEU8qJcVgiDDKEyRWwz7wAJXZhKjZKmbgJWsh5A8qc+rcjU5Pn3CFYtUtZIS9GU6VW2UHfGZRIu5UO+pOv2azAutGlAJ+Vbgf0RnZezAAmlIBXMf2pO4C-EKVPMKrwJmpzH1HG4kO2rMQAtwItCwPyYPMdDCLWPS09XpylMJZthHzJgkx9BuKulGhLPOYGtFi0e+RlhQtdA0I0r1ngFe3fkQAj4JbMdIoJAu6f4Bm5hAlztORKsDesXJt5mRJbuVhLsdH1CVar11WitcG5tE+axvswbSfjupTJEgfgwka7wbu8oHgO8b5fvgMbika4obuKqHihh0Hfoi6ZoBuLqoS64FhmgUH2qR15yNy3oUr2mDoPGIqvGxcDmL6famg2LGyok6AMSUe6FgedL4sgV75uesEcR48zvmgfhwhkqnaK2oR0Ha2baieSlxP+PHNNc6kQZp7gDPpmyGZhCxwTCS7MO8NmYO8WmeWEjmgvQLlwAEyQat5xp2XqAXuEqwUkfgizzDGLqRS6fl0TQjn+mCsbrEZDzJVYyYCSgw5oN5Ko-GJfZaXkeRAA
13:38:55: [INFO] Labels prefixes: for rows: 'ROW', for columns: 'COL'
13:38:55: [INFO] Matrix size: 5x15
13:38:55: [WARNING] Requested width 2.55u not available for SW_Cherry_MX_PCB, using 1.0u fallback
13:38:55: [WARNING] No stabilizer footprint for width 2.25u, using 2u as fallback
13:38:55: [WARNING] Unexpected stabilizer width 2.55u, no footprint will be set
13:38:56: [INFO] Add COL0 net
13:38:56: [INFO] Add COL1 net
13:38:56: [INFO] Add COL10 net
13:38:56: [INFO] Add COL11 net
13:38:56: [INFO] Add COL12 net
13:38:56: [INFO] Add COL13 net
13:38:56: [INFO] Add COL14 net
13:38:56: [INFO] Add COL15 net
13:38:56: [INFO] Add COL2 net
13:38:56: [INFO] Add COL3 net
13:38:56: [INFO] Add COL4 net
13:38:56: [INFO] Add COL5 net
13:38:56: [INFO] Add COL6 net
13:38:56: [INFO] Add COL7 net
13:38:56: [INFO] Add COL8 net
13:38:56: [INFO] Add COL9 net
13:38:56: [INFO] Add Net-(D1-A) net
13:38:56: [INFO] Add Net-(D10-A) net
13:38:56: [INFO] Add Net-(D11-A) net
13:38:56: [INFO] Add Net-(D12-A) net
13:38:56: [INFO] Add Net-(D13-A) net
13:38:56: [INFO] Add Net-(D14-A) net
13:38:56: [INFO] Add Net-(D15-A) net
13:38:56: [INFO] Add Net-(D16-A) net
13:38:56: [INFO] Add Net-(D17-A) net
13:38:56: [INFO] Add Net-(D18-A) net
13:38:56: [INFO] Add Net-(D19-A) net
13:38:56: [INFO] Add Net-(D2-A) net
13:38:56: [INFO] Add Net-(D20-A) net
13:38:56: [INFO] Add Net-(D21-A) net
13:38:56: [INFO] Add Net-(D22-A) net
13:38:56: [INFO] Add Net-(D23-A) net
13:38:56: [INFO] Add Net-(D24-A) net
13:38:56: [INFO] Add Net-(D25-A) net
13:38:56: [INFO] Add Net-(D26-A) net
13:38:56: [INFO] Add Net-(D27-A) net
13:38:56: [INFO] Add Net-(D28-A) net
13:38:56: [INFO] Add Net-(D29-A) net
13:38:56: [INFO] Add Net-(D3-A) net
13:38:56: [INFO] Add Net-(D30-A) net
13:38:56: [INFO] Add Net-(D31-A) net
13:38:56: [INFO] Add Net-(D32-A) net
13:38:56: [INFO] Add Net-(D33-A) net
13:38:56: [INFO] Add Net-(D34-A) net
13:38:56: [INFO] Add Net-(D35-A) net
13:38:56: [INFO] Add Net-(D36-A) net
13:38:56: [INFO] Add Net-(D37-A) net
13:38:56: [INFO] Add Net-(D38-A) net
13:38:56: [INFO] Add Net-(D39-A) net
13:38:56: [INFO] Add Net-(D4-A) net
13:38:56: [INFO] Add Net-(D40-A) net
13:38:56: [INFO] Add Net-(D41-A) net
13:38:56: [INFO] Add Net-(D42-A) net
13:38:56: [INFO] Add Net-(D43-A) net
13:38:56: [INFO] Add Net-(D44-A) net
13:38:56: [INFO] Add Net-(D45-A) net
13:38:56: [INFO] Add Net-(D46-A) net
13:38:56: [INFO] Add Net-(D47-A) net
13:38:56: [INFO] Add Net-(D48-A) net
13:38:56: [INFO] Add Net-(D49-A) net
13:38:56: [INFO] Add Net-(D5-A) net
13:38:56: [INFO] Add Net-(D50-A) net
13:38:56: [INFO] Add Net-(D51-A) net
13:38:56: [INFO] Add Net-(D52-A) net
13:38:56: [INFO] Add Net-(D53-A) net
13:38:56: [INFO] Add Net-(D54-A) net
13:38:56: [INFO] Add Net-(D55-A) net
13:38:56: [INFO] Add Net-(D56-A) net
13:38:56: [INFO] Add Net-(D57-A) net
13:38:56: [INFO] Add Net-(D58-A) net
13:38:56: [INFO] Add Net-(D59-A) net
13:38:56: [INFO] Add Net-(D6-A) net
13:38:56: [INFO] Add Net-(D60-A) net
13:38:56: [INFO] Add Net-(D61-A) net
13:38:56: [INFO] Add Net-(D62-A) net
13:38:56: [INFO] Add Net-(D63-A) net
13:38:56: [INFO] Add Net-(D64-A) net
13:38:56: [INFO] Add Net-(D65-A) net
13:38:56: [INFO] Add Net-(D66-A) net
13:38:56: [INFO] Add Net-(D67-A) net
13:38:56: [INFO] Add Net-(D68-A) net
13:38:56: [INFO] Add Net-(D69-A) net
13:38:56: [INFO] Add Net-(D7-A) net
13:38:56: [INFO] Add Net-(D70-A) net
13:38:56: [INFO] Add Net-(D71-A) net
13:38:56: [INFO] Add Net-(D72-A) net
13:38:56: [INFO] Add Net-(D73-A) net
13:38:56: [INFO] Add Net-(D74-A) net
13:38:56: [INFO] Add Net-(D75-A) net
13:38:56: [INFO] Add Net-(D76-A) net
13:38:56: [INFO] Add Net-(D77-A) net
13:38:56: [INFO] Add Net-(D78-A) net
13:38:56: [INFO] Add Net-(D79-A) net
13:38:56: [INFO] Add Net-(D8-A) net
13:38:56: [INFO] Add Net-(D80-A) net
13:38:56: [INFO] Add Net-(D81-A) net
13:38:56: [INFO] Add Net-(D82-A) net
13:38:56: [INFO] Add Net-(D83-A) net
13:38:56: [INFO] Add Net-(D84-A) net
13:38:56: [INFO] Add Net-(D85-A) net
13:38:56: [INFO] Add Net-(D86-A) net
13:38:56: [INFO] Add Net-(D87-A) net
13:38:56: [INFO] Add Net-(D88-A) net
13:38:56: [INFO] Add Net-(D89-A) net
13:38:56: [INFO] Add Net-(D9-A) net
13:38:56: [INFO] Add Net-(D90-A) net
13:38:56: [INFO] Add ROW0 net
13:38:56: [INFO] Add ROW1 net
13:38:56: [INFO] Add ROW2 net
13:38:56: [INFO] Add ROW3 net
13:38:56: [INFO] Add ROW4 net
13:38:56: [INFO] Add ROW5 net
13:38:56: [INFO] Add SW1 footprint
13:38:56: [INFO] Add D1 footprint
13:38:56: [INFO] Add SW2 footprint
13:38:56: [INFO] Add D2 footprint
13:38:56: [INFO] Add SW3 footprint
13:38:56: [INFO] Add D3 footprint
13:38:56: [INFO] Add SW4 footprint
13:38:56: [INFO] Add D4 footprint
13:38:56: [INFO] Add SW5 footprint
13:38:56: [INFO] Add D5 footprint
13:38:56: [INFO] Add SW6 footprint
13:38:56: [INFO] Add D6 footprint
13:38:56: [INFO] Add SW7 footprint
13:38:56: [INFO] Add D7 footprint
13:38:56: [INFO] Add SW8 footprint
13:38:56: [INFO] Add D8 footprint
13:38:56: [INFO] Add SW9 footprint
13:38:56: [INFO] Add D9 footprint
13:38:56: [INFO] Add SW10 footprint
13:38:56: [INFO] Add D10 footprint
13:38:56: [INFO] Add SW11 footprint
13:38:56: [INFO] Add D11 footprint
13:38:56: [INFO] Add SW12 footprint
13:38:56: [INFO] Add D12 footprint
13:38:56: [INFO] Add SW13 footprint
13:38:56: [INFO] Add D13 footprint
13:38:56: [INFO] Add SW14 footprint
13:38:56: [INFO] Add D14 footprint
13:38:57: [INFO] Add SW15 footprint
13:38:57: [INFO] Add D15 footprint
13:38:57: [INFO] Add SW16 footprint
13:38:57: [INFO] Add D16 footprint
13:38:57: [INFO] Add SW17 footprint
13:38:57: [INFO] Add D17 footprint
13:38:57: [INFO] Add SW18 footprint
13:38:57: [INFO] Add D18 footprint
13:38:57: [INFO] Add SW19 footprint
13:38:57: [INFO] Add D19 footprint
13:38:57: [INFO] Add SW20 footprint
13:38:57: [INFO] Add D20 footprint
13:38:57: [INFO] Add SW21 footprint
13:38:57: [INFO] Add D21 footprint
13:38:57: [INFO] Add SW22 footprint
13:38:57: [INFO] Add D22 footprint
13:38:57: [INFO] Add SW23 footprint
13:38:57: [INFO] Add D23 footprint
13:38:57: [INFO] Add SW24 footprint
13:38:57: [INFO] Add D24 footprint
13:38:57: [INFO] Add SW25 footprint
13:38:57: [INFO] Add D25 footprint
13:38:57: [INFO] Add SW26 footprint
13:38:57: [INFO] Add D26 footprint
13:38:57: [INFO] Add SW27 footprint
13:38:57: [INFO] Add D27 footprint
13:38:57: [INFO] Add SW28 footprint
13:38:57: [INFO] Add D28 footprint
13:38:57: [INFO] Add SW29 footprint
13:38:57: [INFO] Add D29 footprint
13:38:57: [INFO] Add SW30 footprint
13:38:57: [INFO] Add D30 footprint
13:38:57: [INFO] Add SW31 footprint
13:38:57: [INFO] Add D31 footprint
13:38:57: [INFO] Add ST31 footprint
13:38:57: [INFO] Add SW32 footprint
13:38:57: [INFO] Add D32 footprint
13:38:58: [INFO] Add SW33 footprint
13:38:58: [INFO] Add D33 footprint
13:38:58: [INFO] Add SW34 footprint
13:38:58: [INFO] Add D34 footprint
13:38:58: [INFO] Add SW35 footprint
13:38:58: [INFO] Add D35 footprint
13:38:58: [INFO] Add SW36 footprint
13:38:58: [INFO] Add D36 footprint
13:38:58: [INFO] Add SW37 footprint
13:38:58: [INFO] Add D37 footprint
13:38:58: [INFO] Add SW38 footprint
13:38:58: [INFO] Add D38 footprint
13:38:58: [INFO] Add SW39 footprint
13:38:58: [INFO] Add D39 footprint
13:38:58: [INFO] Add SW40 footprint
13:38:58: [INFO] Add D40 footprint
13:38:58: [INFO] Add SW41 footprint
13:38:58: [INFO] Add D41 footprint
13:38:58: [INFO] Add SW42 footprint
13:38:58: [INFO] Add D42 footprint
13:38:58: [INFO] Add SW43 footprint
13:38:58: [INFO] Add D43 footprint
13:38:58: [INFO] Add SW44 footprint
13:38:58: [INFO] Add D44 footprint
13:38:58: [INFO] Add SW45 footprint
13:38:58: [INFO] Add D45 footprint
13:38:58: [INFO] Add SW46 footprint
13:38:58: [INFO] Add D46 footprint
13:38:58: [INFO] Add SW47 footprint
13:38:58: [INFO] Add D47 footprint
13:38:58: [INFO] Add ST47 footprint
13:38:58: [INFO] Add SW48 footprint
13:38:58: [INFO] Add D48 footprint
13:38:58: [INFO] Add SW49 footprint
13:38:58: [INFO] Add D49 footprint
13:38:58: [INFO] Add SW50 footprint
13:38:59: [INFO] Add D50 footprint
13:38:59: [INFO] Add SW51 footprint
13:38:59: [INFO] Add D51 footprint
13:38:59: [INFO] Add SW52 footprint
13:38:59: [INFO] Add D52 footprint
13:38:59: [INFO] Add SW53 footprint
13:38:59: [INFO] Add D53 footprint
13:38:59: [INFO] Add SW54 footprint
13:38:59: [INFO] Add D54 footprint
13:38:59: [INFO] Add SW55 footprint
13:38:59: [INFO] Add D55 footprint
13:38:59: [INFO] Add SW56 footprint
13:38:59: [INFO] Add D56 footprint
13:38:59: [INFO] Add SW57 footprint
13:38:59: [INFO] Add D57 footprint
13:38:59: [INFO] Add SW58 footprint
13:38:59: [INFO] Add D58 footprint
13:38:59: [INFO] Add SW59 footprint
13:38:59: [INFO] Add D59 footprint
13:38:59: [INFO] Add SW60 footprint
13:38:59: [INFO] Add D60 footprint
13:38:59: [INFO] Add SW61 footprint
13:38:59: [INFO] Add D61 footprint
13:38:59: [INFO] Add SW62 footprint
13:38:59: [INFO] Add D62 footprint
13:38:59: [INFO] Add SW63 footprint
13:38:59: [INFO] Add D63 footprint
13:38:59: [INFO] Add SW64 footprint
13:38:59: [INFO] Add D64 footprint
13:38:59: [INFO] Add SW65 footprint
13:38:59: [INFO] Add D65 footprint
13:38:59: [INFO] Add SW66 footprint
13:39:00: [INFO] Add D66 footprint
13:39:00: [INFO] Add SW67 footprint
13:39:00: [INFO] Add D67 footprint
13:39:00: [INFO] Add SW68 footprint
13:39:00: [INFO] Add D68 footprint
13:39:00: [INFO] Add SW69 footprint
13:39:00: [INFO] Add D69 footprint
13:39:00: [INFO] Add SW70 footprint
13:39:00: [INFO] Add D70 footprint
13:39:00: [INFO] Add SW71 footprint
13:39:00: [INFO] Add D71 footprint
13:39:00: [INFO] Add SW72 footprint
13:39:00: [INFO] Add D72 footprint
13:39:00: [INFO] Add SW73 footprint
13:39:00: [INFO] Add D73 footprint
13:39:00: [INFO] Add SW74 footprint
13:39:00: [INFO] Add D74 footprint
13:39:00: [INFO] Add SW75 footprint
13:39:00: [INFO] Add D75 footprint
13:39:00: [INFO] Add SW76 footprint
13:39:00: [INFO] Add D76 footprint
13:39:00: [INFO] Add SW77 footprint
13:39:00: [INFO] Add D77 footprint
13:39:00: [INFO] Add SW78 footprint
13:39:00: [INFO] Add D78 footprint
13:39:00: [INFO] Add SW79 footprint
13:39:00: [INFO] Add D79 footprint
13:39:00: [INFO] Add SW80 footprint
13:39:00: [INFO] Add D80 footprint
13:39:00: [INFO] Add SW81 footprint
13:39:00: [INFO] Add D81 footprint
13:39:00: [INFO] Add SW82 footprint
13:39:01: [INFO] Add D82 footprint
13:39:01: [INFO] Add SW83 footprint
13:39:01: [INFO] Add D83 footprint
13:39:01: [INFO] Add SW84 footprint
13:39:01: [INFO] Add D84 footprint
13:39:01: [WARNING] No stabilizer footprint for width 2.25u, using 2u as fallback
13:39:01: [INFO] Add ST84 footprint
13:39:01: [INFO] Add SW85 footprint
13:39:01: [INFO] Add D85 footprint
13:39:01: [WARNING] Requested width 2.55u not available for SW_Cherry_MX_PCB, using 1.0u fallback
13:39:01: [INFO] Add SW86 footprint
13:39:01: [INFO] Add D86 footprint
13:39:01: [WARNING] Unexpected stabilizer width 2.55u, no footprint will be set
13:39:01: [INFO] Add SW87 footprint
13:39:01: [INFO] Add D87 footprint
13:39:01: [INFO] Add SW88 footprint
13:39:01: [INFO] Add D88 footprint
13:39:01: [INFO] Add SW89 footprint
13:39:01: [INFO] Add D89 footprint
13:39:01: [INFO] Add SW90 footprint
13:39:01: [INFO] Add D90 footprint
13:39:01: [INFO] Detected layout convertible to matrix annotated keyboard
13:39:01: [INFO] Using key 1U distance: (19.05, 19.05) mm
13:39:01: [INFO] Layout offset: (38100000, 28575000)
13:39:01: [INFO] Diode info: [ElementInfo(annotation_format='D{}', position_option=<PositionOption.CUSTOM: 'Custom'>, position=ElementPosition(x=5.08, y=4.0, orientation=90.0, side=<Side.BACK: 'Back'>), template_path='', start_index=-1)]
13:39:01: [INFO] Placing additional elements for SW90
13:39:01: [INFO] Placing additional elements for SW89
13:39:01: [INFO] Placing additional elements for SW88
13:39:01: [INFO] Placing additional elements for SW87
13:39:01: [INFO] Placing additional elements for SW86
13:39:01: [INFO] Placing additional elements for SW85
13:39:01: [INFO] Placing additional elements for SW84
13:39:01: [INFO] Placing additional elements for SW83
13:39:01: [INFO] Placing additional elements for SW82
13:39:01: [INFO] Placing additional elements for SW81
13:39:01: [INFO] Placing additional elements for SW80
13:39:01: [INFO] Placing additional elements for SW79
13:39:01: [INFO] Placing additional elements for SW78
13:39:01: [INFO] Placing additional elements for SW77
13:39:01: [INFO] Placing additional elements for SW76
13:39:01: [INFO] Placing additional elements for SW75
13:39:01: [INFO] Placing additional elements for SW74
13:39:01: [INFO] Placing additional elements for SW73
13:39:01: [INFO] Placing additional elements for SW72
13:39:01: [INFO] Placing additional elements for SW71
13:39:01: [INFO] Placing additional elements for SW70
13:39:01: [INFO] Placing additional elements for SW69
13:39:01: [INFO] Placing additional elements for SW68
13:39:01: [INFO] Placing additional elements for SW67
13:39:01: [INFO] Placing additional elements for SW66
13:39:01: [INFO] Placing additional elements for SW65
13:39:01: [INFO] Placing additional elements for SW64
13:39:01: [INFO] Placing additional elements for SW63
13:39:01: [INFO] Placing additional elements for SW62
13:39:01: [INFO] Placing additional elements for SW61
13:39:01: [INFO] Placing additional elements for SW60
13:39:01: [INFO] Placing additional elements for SW59
13:39:01: [INFO] Placing additional elements for SW58
13:39:01: [INFO] Placing additional elements for SW57
13:39:01: [INFO] Placing additional elements for SW56
13:39:01: [INFO] Placing additional elements for SW55
13:39:01: [INFO] Placing additional elements for SW54
13:39:01: [INFO] Placing additional elements for SW53
13:39:01: [INFO] Placing additional elements for SW52
13:39:01: [INFO] Placing additional elements for SW51
13:39:01: [INFO] Placing additional elements for SW50
13:39:01: [INFO] Placing additional elements for SW49
13:39:01: [INFO] Placing additional elements for SW48
13:39:01: [INFO] Placing additional elements for SW47
13:39:01: [INFO] Placing additional elements for SW46
13:39:01: [INFO] Placing additional elements for SW45
13:39:01: [INFO] Placing additional elements for SW44
13:39:01: [INFO] Placing additional elements for SW43
13:39:01: [INFO] Placing additional elements for SW42
13:39:01: [INFO] Placing additional elements for SW41
13:39:01: [INFO] Placing additional elements for SW40
13:39:01: [INFO] Placing additional elements for SW39
13:39:01: [INFO] Placing additional elements for SW38
13:39:01: [INFO] Placing additional elements for SW37
13:39:01: [INFO] Placing additional elements for SW36
13:39:01: [INFO] Placing additional elements for SW35
13:39:01: [INFO] Placing additional elements for SW34
13:39:01: [INFO] Placing additional elements for SW33
13:39:01: [INFO] Placing additional elements for SW32
13:39:01: [INFO] Placing additional elements for SW31
13:39:01: [INFO] Placing additional elements for SW30
13:39:01: [INFO] Placing additional elements for SW29
13:39:01: [INFO] Placing additional elements for SW28
13:39:01: [INFO] Placing additional elements for SW27
13:39:01: [INFO] Placing additional elements for SW26
13:39:01: [INFO] Placing additional elements for SW25
13:39:01: [INFO] Placing additional elements for SW24
13:39:01: [INFO] Placing additional elements for SW23
13:39:01: [INFO] Placing additional elements for SW22
13:39:01: [INFO] Placing additional elements for SW21
13:39:01: [INFO] Placing additional elements for SW20
13:39:01: [INFO] Placing additional elements for SW19
13:39:01: [INFO] Placing additional elements for SW18
13:39:01: [INFO] Placing additional elements for SW17
13:39:01: [INFO] Placing additional elements for SW16
13:39:01: [INFO] Placing additional elements for SW15
13:39:01: [INFO] Placing additional elements for SW14
13:39:01: [INFO] Placing additional elements for SW13
13:39:01: [INFO] Placing additional elements for SW12
13:39:01: [INFO] Placing additional elements for SW11
13:39:01: [INFO] Placing additional elements for SW10
13:39:01: [INFO] Placing additional elements for SW9
13:39:01: [INFO] Placing additional elements for SW8
13:39:01: [INFO] Placing additional elements for SW7
13:39:01: [INFO] Placing additional elements for SW6
13:39:01: [INFO] Placing additional elements for SW5
13:39:01: [INFO] Placing additional elements for SW4
13:39:01: [INFO] Placing additional elements for SW3
13:39:01: [INFO] Placing additional elements for SW2
13:39:01: [INFO] Placing additional elements for SW1
13:39:01: [INFO] Routing SW90 with D90
13:39:01: [INFO] Using internal autorouter method
13:39:01: [INFO] Routing pad 'SW90:2' at (406400000, 137795000) with pad 'D90:2' at (408940000, 145475000) using coordinate system rotated by 0 degree(s)
13:39:01: [INFO] Adding track segment (B.Cu): [(406400000, 137795000), (406400000, 142935000)]
13:39:01: [INFO] Adding track segment (B.Cu): [(406400000, 142935000), (408940000, 145475000)]
13:39:01: [INFO] Routing SW89 with D89
13:39:01: [INFO] Using internal autorouter method
13:39:01: [INFO] Routing pad 'SW89:2' at (387350000, 137795000) with pad 'D89:2' at (389890000, 145475000) using coordinate system rotated by 0 degree(s)
13:39:01: [INFO] Adding track segment (B.Cu): [(387350000, 137795000), (387350000, 142935000)]
13:39:01: [INFO] Adding track segment (B.Cu): [(387350000, 142935000), (389890000, 145475000)]
13:39:01: [INFO] Routing SW88 with D88
13:39:01: [INFO] Using internal autorouter method
13:39:01: [INFO] Routing pad 'SW88:2' at (368300000, 137795000) with pad 'D88:2' at (370840000, 145475000) using coordinate system rotated by 0 degree(s)
13:39:01: [INFO] Adding track segment (B.Cu): [(368300000, 137795000), (368300000, 142935000)]
13:39:01: [INFO] Adding track segment (B.Cu): [(368300000, 142935000), (370840000, 145475000)]
13:39:01: [INFO] Routing SW87 with D87
13:39:01: [INFO] Using internal autorouter method
13:39:01: [INFO] Routing pad 'SW87:2' at (279885346, 135969869) with pad 'D87:2' at (283214210, 143342294) using coordinate system rotated by 354.0 degree(s)
13:39:01: [INFO] Adding track segment (B.Cu): [(279885346, 135969869), (280422621, 141081710)]
13:39:01: [INFO] Adding track segment (B.Cu): [(280422621, 141081710), (283214210, 143342294)]
13:39:01: [INFO] Routing SW86 with D86
13:39:01: [INFO] Using internal autorouter method
13:39:01: [INFO] Routing pad 'SW86:2' at (246256831, 139504369) with pad 'D86:2' at (249585695, 146876794) using coordinate system rotated by 354.0 degree(s)
13:39:01: [INFO] Adding track segment (B.Cu): [(246256831, 139504369), (246794107, 144616210)]
13:39:01: [INFO] Adding track segment (B.Cu): [(246794107, 144616210), (249585695, 146876794)]
13:39:01: [INFO] Routing SW85 with D85
13:39:01: [INFO] Using internal autorouter method
13:39:01: [INFO] Routing pad 'SW85:2' at (207944254, 140924019) with pad 'D85:2' at (209667561, 148827449) using coordinate system rotated by 6.0 degree(s)
13:39:01: [INFO] Adding track segment (B.Cu): [(207944254, 140924019), (207406977, 146035860)]
13:39:01: [INFO] Adding track segment (B.Cu): [(207406977, 146035860), (209667561, 148827449)]
13:39:01: [INFO] Routing SW84 with D84
13:39:01: [INFO] Using internal autorouter method
13:39:01: [INFO] Routing pad 'SW84:2' at (177157586, 137688209) with pad 'D84:2' at (178880893, 145591639) using coordinate system rotated by 6.0 degree(s)
13:39:01: [INFO] Adding track segment (B.Cu): [(177157586, 137688209), (176620309, 142800050)]
13:39:01: [INFO] Adding track segment (B.Cu): [(176620309, 142800050), (178880893, 145591639)]
13:39:01: [INFO] Routing SW83 with D83
13:39:01: [INFO] Using internal autorouter method
13:39:01: [INFO] Routing pad 'SW83:2' at (144002712, 134203492) with pad 'D83:2' at (145726019, 142106922) using coordinate system rotated by 6.0 degree(s)
13:39:01: [INFO] Adding track segment (B.Cu): [(144002712, 134203492), (143465434, 139315333)]
13:39:01: [INFO] Adding track segment (B.Cu): [(143465434, 139315333), (145726019, 142106922)]
13:39:01: [INFO] Routing SW82 with D82
13:39:01: [INFO] Using internal autorouter method
13:39:01: [INFO] Routing pad 'SW82:2' at (104933750, 133032500) with pad 'D82:2' at (107473750, 140712500) using coordinate system rotated by 0 degree(s)
13:39:01: [INFO] Adding track segment (B.Cu): [(104933750, 133032500), (104933750, 138172500)]
13:39:01: [INFO] Adding track segment (B.Cu): [(104933750, 138172500), (107473750, 140712500)]
13:39:01: [INFO] Routing SW81 with D81
13:39:01: [INFO] Using internal autorouter method
13:39:01: [INFO] Routing pad 'SW81:2' at (81121250, 133032500) with pad 'D81:2' at (83661250, 140712500) using coordinate system rotated by 0 degree(s)
13:39:01: [INFO] Adding track segment (B.Cu): [(81121250, 133032500), (81121250, 138172500)]
13:39:01: [INFO] Adding track segment (B.Cu): [(81121250, 138172500), (83661250, 140712500)]
13:39:01: [INFO] Routing SW80 with D80
13:39:01: [INFO] Using internal autorouter method
13:39:01: [INFO] Routing pad 'SW80:2' at (50165000, 133032500) with pad 'D80:2' at (52705000, 140712500) using coordinate system rotated by 0 degree(s)
13:39:01: [INFO] Adding track segment (B.Cu): [(50165000, 133032500), (50165000, 138172500)]
13:39:01: [INFO] Adding track segment (B.Cu): [(50165000, 138172500), (52705000, 140712500)]
13:39:01: [INFO] Routing SW79 with D79
13:39:01: [INFO] Using internal autorouter method
13:39:01: [INFO] Routing pad 'SW79:2' at (387350000, 118745000) with pad 'D79:2' at (389890000, 126425000) using coordinate system rotated by 0 degree(s)
13:39:01: [INFO] Adding track segment (B.Cu): [(387350000, 118745000), (387350000, 123885000)]
13:39:01: [INFO] Adding track segment (B.Cu): [(387350000, 123885000), (389890000, 126425000)]
13:39:01: [INFO] Routing SW78 with D78
13:39:01: [INFO] Using internal autorouter method
13:39:01: [INFO] Routing pad 'SW78:2' at (356393750, 113982500) with pad 'D78:2' at (358933750, 121662500) using coordinate system rotated by 0 degree(s)
13:39:01: [INFO] Adding track segment (B.Cu): [(356393750, 113982500), (356393750, 119122500)]
13:39:01: [INFO] Adding track segment (B.Cu): [(356393750, 119122500), (358933750, 121662500)]
13:39:01: [INFO] Routing SW77 with D77
13:39:01: [INFO] Using internal autorouter method
13:39:01: [INFO] Routing pad 'SW77:2' at (330200000, 113982500) with pad 'D77:2' at (332740000, 121662500) using coordinate system rotated by 0 degree(s)
13:39:02: [INFO] Adding track segment (B.Cu): [(330200000, 113982500), (330200000, 119122500)]
13:39:02: [INFO] Adding track segment (B.Cu): [(330200000, 119122500), (332740000, 121662500)]
13:39:02: [INFO] Routing SW76 with D76
13:39:02: [INFO] Using internal autorouter method
13:39:02: [INFO] Routing pad 'SW76:2' at (305365260, 114136890) with pad 'D76:2' at (308694124, 121509315) using coordinate system rotated by 354.0 degree(s)
13:39:02: [INFO] Adding track segment (B.Cu): [(305365260, 114136890), (305902535, 119248731)]
13:39:02: [INFO] Adding track segment (B.Cu): [(305902535, 119248731), (308694124, 121509315)]
13:39:02: [INFO] Routing SW75 with D75
13:39:02: [INFO] Using internal autorouter method
13:39:02: [INFO] Routing pad 'SW75:2' at (286419618, 116128157) with pad 'D75:2' at (289748482, 123500582) using coordinate system rotated by 354.0 degree(s)
13:39:02: [INFO] Adding track segment (B.Cu): [(286419618, 116128157), (286956893, 121239998)]
13:39:02: [INFO] Adding track segment (B.Cu): [(286956893, 121239998), (289748482, 123500582)]
13:39:02: [INFO] Routing SW74 with D74
13:39:02: [INFO] Using internal autorouter method
13:39:02: [INFO] Routing pad 'SW74:2' at (267473976, 118119424) with pad 'D74:2' at (270802840, 125491849) using coordinate system rotated by 354.0 degree(s)
13:39:02: [INFO] Adding track segment (B.Cu): [(267473976, 118119424), (268011251, 123231265)]
13:39:02: [INFO] Adding track segment (B.Cu): [(268011251, 123231265), (270802840, 125491849)]
13:39:02: [INFO] Routing SW73 with D73
13:39:02: [INFO] Using internal autorouter method
13:39:02: [INFO] Routing pad 'SW73:2' at (248528334, 120110691) with pad 'D73:2' at (251857198, 127483116) using coordinate system rotated by 354.0 degree(s)
13:39:02: [INFO] Adding track segment (B.Cu): [(248528334, 120110691), (249065609, 125222532)]
13:39:02: [INFO] Adding track segment (B.Cu): [(249065609, 125222532), (251857198, 127483116)]
13:39:02: [INFO] Routing SW72 with D72
13:39:02: [INFO] Using internal autorouter method
13:39:02: [INFO] Routing pad 'SW72:2' at (229582691, 122101959) with pad 'D72:2' at (232911555, 129474384) using coordinate system rotated by 354.0 degree(s)
13:39:02: [INFO] Adding track segment (B.Cu): [(229582691, 122101959), (230119966, 127213800)]
13:39:02: [INFO] Adding track segment (B.Cu): [(230119966, 127213800), (232911555, 129474384)]
13:39:02: [INFO] Routing SW71 with D71
13:39:02: [INFO] Using internal autorouter method
13:39:02: [INFO] Routing pad 'SW71:2' at (200462700, 120982743) with pad 'D71:2' at (202186007, 128886173) using coordinate system rotated by 6.0 degree(s)
13:39:02: [INFO] Adding track segment (B.Cu): [(200462700, 120982743), (199925423, 126094584)]
13:39:02: [INFO] Adding track segment (B.Cu): [(199925423, 126094584), (202186007, 128886173)]
13:39:02: [INFO] Routing SW70 with D70
13:39:02: [INFO] Using internal autorouter method
13:39:02: [INFO] Routing pad 'SW70:2' at (181517058, 118991476) with pad 'D70:2' at (183240365, 126894906) using coordinate system rotated by 6.0 degree(s)
13:39:02: [INFO] Adding track segment (B.Cu): [(181517058, 118991476), (180979781, 124103317)]
13:39:02: [INFO] Adding track segment (B.Cu): [(180979781, 124103317), (183240365, 126894906)]
13:39:02: [INFO] Routing SW69 with D69
13:39:02: [INFO] Using internal autorouter method
13:39:02: [INFO] Routing pad 'SW69:2' at (162571416, 117000208) with pad 'D69:2' at (164294723, 124903638) using coordinate system rotated by 6.0 degree(s)
13:39:02: [INFO] Adding track segment (B.Cu): [(162571416, 117000208), (162034139, 122112049)]
13:39:02: [INFO] Adding track segment (B.Cu): [(162034139, 122112049), (164294723, 124903638)]
13:39:02: [INFO] Routing SW68 with D68
13:39:02: [INFO] Using internal autorouter method
13:39:02: [INFO] Routing pad 'SW68:2' at (143625774, 115008941) with pad 'D68:2' at (145349081, 122912371) using coordinate system rotated by 6.0 degree(s)
13:39:02: [INFO] Adding track segment (B.Cu): [(143625774, 115008941), (143088496, 120120782)]
13:39:02: [INFO] Adding track segment (B.Cu): [(143088496, 120120782), (145349081, 122912371)]
13:39:02: [INFO] Routing SW67 with D67
13:39:02: [INFO] Using internal autorouter method
13:39:02: [INFO] Routing pad 'SW67:2' at (121602500, 113982500) with pad 'D67:2' at (124142500, 121662500) using coordinate system rotated by 0 degree(s)
13:39:02: [INFO] Adding track segment (B.Cu): [(121602500, 113982500), (121602500, 119122500)]
13:39:02: [INFO] Adding track segment (B.Cu): [(121602500, 119122500), (124142500, 121662500)]
13:39:02: [INFO] Routing SW66 with D66
13:39:02: [INFO] Using internal autorouter method
13:39:02: [INFO] Routing pad 'SW66:2' at (102552500, 113982500) with pad 'D66:2' at (105092500, 121662500) using coordinate system rotated by 0 degree(s)
13:39:02: [INFO] Adding track segment (B.Cu): [(102552500, 113982500), (102552500, 119122500)]
13:39:02: [INFO] Adding track segment (B.Cu): [(102552500, 119122500), (105092500, 121662500)]
13:39:02: [INFO] Routing SW65 with D65
13:39:02: [INFO] Using internal autorouter method
13:39:02: [INFO] Routing pad 'SW65:2' at (81121250, 113982500) with pad 'D65:2' at (83661250, 121662500) using coordinate system rotated by 0 degree(s)
13:39:02: [INFO] Adding track segment (B.Cu): [(81121250, 113982500), (81121250, 119122500)]
13:39:02: [INFO] Adding track segment (B.Cu): [(81121250, 119122500), (83661250, 121662500)]
13:39:02: [INFO] Routing SW64 with D64
13:39:02: [INFO] Using internal autorouter method
13:39:02: [INFO] Routing pad 'SW64:2' at (50165000, 113982500) with pad 'D64:2' at (52705000, 121662500) using coordinate system rotated by 0 degree(s)
13:39:02: [INFO] Adding track segment (B.Cu): [(50165000, 113982500), (50165000, 119122500)]
13:39:02: [INFO] Adding track segment (B.Cu): [(50165000, 119122500), (52705000, 121662500)]
13:39:02: [INFO] Routing SW63 with D63
13:39:02: [INFO] Using internal autorouter method
13:39:02: [INFO] Routing pad 'SW63:2' at (409257500, 94932500) with pad 'D63:2' at (411797500, 102612500) using coordinate system rotated by 0 degree(s)
13:39:02: [INFO] Adding track segment (B.Cu): [(409257500, 94932500), (409257500, 100072500)]
13:39:02: [INFO] Adding track segment (B.Cu): [(409257500, 100072500), (411797500, 102612500)]
13:39:02: [INFO] Routing SW62 with D62
13:39:02: [INFO] Using internal autorouter method
13:39:02: [INFO] Routing pad 'SW62:2' at (356870000, 94932500) with pad 'D62:2' at (359410000, 102612500) using coordinate system rotated by 0 degree(s)
13:39:02: [INFO] Adding track segment (B.Cu): [(356870000, 94932500), (356870000, 100072500)]
13:39:02: [INFO] Adding track segment (B.Cu): [(356870000, 100072500), (359410000, 102612500)]
13:39:02: [INFO] Routing SW61 with D61
13:39:02: [INFO] Using internal autorouter method
13:39:02: [INFO] Routing pad 'SW61:2' at (337820000, 94932500) with pad 'D61:2' at (340360000, 102612500) using coordinate system rotated by 0 degree(s)
13:39:02: [INFO] Adding track segment (B.Cu): [(337820000, 94932500), (337820000, 100072500)]
13:39:02: [INFO] Adding track segment (B.Cu): [(337820000, 100072500), (340360000, 102612500)]
13:39:02: [INFO] Routing SW60 with D60
13:39:02: [INFO] Using internal autorouter method
13:39:02: [INFO] Routing pad 'SW60:2' at (318770000, 94932500) with pad 'D60:2' at (321310000, 102612500) using coordinate system rotated by 0 degree(s)
13:39:02: [INFO] Adding track segment (B.Cu): [(318770000, 94932500), (318770000, 100072500)]
13:39:02: [INFO] Adding track segment (B.Cu): [(318770000, 100072500), (321310000, 102612500)]
13:39:02: [INFO] Routing SW59 with D59
13:39:02: [INFO] Using internal autorouter method
13:39:02: [INFO] Routing pad 'SW59:2' at (294848454, 96087318) with pad 'D59:2' at (298177318, 103459743) using coordinate system rotated by 354.0 degree(s)
13:39:02: [INFO] Adding track segment (B.Cu): [(294848454, 96087318), (295385729, 101199159)]
13:39:02: [INFO] Adding track segment (B.Cu): [(295385729, 101199159), (298177318, 103459743)]
13:39:02: [INFO] Routing SW58 with D58
13:39:02: [INFO] Using internal autorouter method
13:39:02: [INFO] Routing pad 'SW58:2' at (275902812, 98078585) with pad 'D58:2' at (279231676, 105451010) using coordinate system rotated by 354.0 degree(s)
13:39:02: [INFO] Adding track segment (B.Cu): [(275902812, 98078585), (276440087, 103190426)]
13:39:02: [INFO] Adding track segment (B.Cu): [(276440087, 103190426), (279231676, 105451010)]
13:39:02: [INFO] Routing SW57 with D57
13:39:02: [INFO] Using internal autorouter method
13:39:02: [INFO] Routing pad 'SW57:2' at (256957170, 100069852) with pad 'D57:2' at (260286034, 107442277) using coordinate system rotated by 354.0 degree(s)
13:39:02: [INFO] Adding track segment (B.Cu): [(256957170, 100069852), (257494445, 105181693)]
13:39:02: [INFO] Adding track segment (B.Cu): [(257494445, 105181693), (260286034, 107442277)]
13:39:02: [INFO] Routing SW56 with D56
13:39:02: [INFO] Using internal autorouter method
13:39:02: [INFO] Routing pad 'SW56:2' at (238011527, 102061119) with pad 'D56:2' at (241340391, 109433544) using coordinate system rotated by 354.0 degree(s)
13:39:02: [INFO] Adding track segment (B.Cu): [(238011527, 102061119), (238548803, 107172960)]
13:39:02: [INFO] Adding track segment (B.Cu): [(238548803, 107172960), (241340391, 109433544)]
13:39:02: [INFO] Routing SW55 with D55
13:39:02: [INFO] Using internal autorouter method
13:39:02: [INFO] Routing pad 'SW55:2' at (195822993, 101340157) with pad 'D55:2' at (197546300, 109243587) using coordinate system rotated by 6.0 degree(s)
13:39:02: [INFO] Adding track segment (B.Cu): [(195822993, 101340157), (195285716, 106452000)]
13:39:02: [INFO] Adding track segment (B.Cu): [(195285716, 106452000), (197546300, 109243587)]
13:39:02: [INFO] Routing SW54 with D54
13:39:02: [INFO] Using internal autorouter method
13:39:02: [INFO] Routing pad 'SW54:2' at (176877351, 99348890) with pad 'D54:2' at (178600658, 107252320) using coordinate system rotated by 6.0 degree(s)
13:39:02: [INFO] Adding track segment (B.Cu): [(176877351, 99348890), (176340074, 104460731)]
13:39:02: [INFO] Adding track segment (B.Cu): [(176340074, 104460731), (178600658, 107252320)]
13:39:02: [INFO] Routing SW53 with D53
13:39:02: [INFO] Using internal autorouter method
13:39:02: [INFO] Routing pad 'SW53:2' at (157931709, 97357623) with pad 'D53:2' at (159655016, 105261053) using coordinate system rotated by 6.0 degree(s)
13:39:02: [INFO] Adding track segment (B.Cu): [(157931709, 97357623), (157394432, 102469464)]
13:39:02: [INFO] Adding track segment (B.Cu): [(157394432, 102469464), (159655016, 105261053)]
13:39:02: [INFO] Routing SW52 with D52
13:39:02: [INFO] Using internal autorouter method
13:39:02: [INFO] Routing pad 'SW52:2' at (138986066, 95366355) with pad 'D52:2' at (140709373, 103269785) using coordinate system rotated by 6.0 degree(s)
13:39:02: [INFO] Adding track segment (B.Cu): [(138986066, 95366355), (138448789, 100478196)]
13:39:02: [INFO] Adding track segment (B.Cu): [(138448789, 100478196), (140709373, 103269785)]
13:39:02: [INFO] Routing SW51 with D51
13:39:02: [INFO] Using internal autorouter method
13:39:02: [INFO] Routing pad 'SW51:2' at (116840000, 94932500) with pad 'D51:2' at (119380000, 102612500) using coordinate system rotated by 0 degree(s)
13:39:02: [INFO] Adding track segment (B.Cu): [(116840000, 94932500), (116840000, 100072500)]
13:39:02: [INFO] Adding track segment (B.Cu): [(116840000, 100072500), (119380000, 102612500)]
13:39:02: [INFO] Routing SW50 with D50
13:39:02: [INFO] Using internal autorouter method
13:39:02: [INFO] Routing pad 'SW50:2' at (90646250, 94932500) with pad 'D50:2' at (93186250, 102612500) using coordinate system rotated by 0 degree(s)
13:39:02: [INFO] Adding track segment (B.Cu): [(90646250, 94932500), (90646250, 100072500)]
13:39:02: [INFO] Adding track segment (B.Cu): [(90646250, 100072500), (93186250, 102612500)]
13:39:02: [INFO] Routing SW49 with D49
13:39:02: [INFO] Using internal autorouter method
13:39:02: [INFO] Routing pad 'SW49:2' at (54927500, 94932500) with pad 'D49:2' at (57467500, 102612500) using coordinate system rotated by 0 degree(s)
13:39:02: [INFO] Adding track segment (B.Cu): [(54927500, 94932500), (54927500, 100072500)]
13:39:02: [INFO] Adding track segment (B.Cu): [(54927500, 100072500), (57467500, 102612500)]
13:39:02: [INFO] Routing SW48 with D48
13:39:02: [INFO] Using internal autorouter method
13:39:02: [INFO] Routing pad 'SW48:2' at (405447500, 75882500) with pad 'D48:2' at (407987500, 83562500) using coordinate system rotated by 0 degree(s)
13:39:02: [INFO] Adding track segment (B.Cu): [(405447500, 75882500), (405447500, 81022500)]
13:39:02: [INFO] Adding track segment (B.Cu): [(405447500, 81022500), (407987500, 83562500)]
13:39:02: [INFO] Routing SW47 with D47
13:39:02: [INFO] Using internal autorouter method
13:39:02: [INFO] Routing pad 'SW47:2' at (378301250, 85407500) with pad 'D47:2' at (380841250, 93087500) using coordinate system rotated by 0 degree(s)
13:39:02: [INFO] Adding track segment (B.Cu): [(378301250, 85407500), (378301250, 90547500)]
13:39:02: [INFO] Adding track segment (B.Cu): [(378301250, 90547500), (380841250, 93087500)]
13:39:02: [INFO] Routing SW46 with D46
13:39:02: [INFO] Using internal autorouter method
13:39:02: [INFO] Routing pad 'SW46:2' at (352107500, 75882500) with pad 'D46:2' at (354647500, 83562500) using coordinate system rotated by 0 degree(s)
13:39:02: [INFO] Adding track segment (B.Cu): [(352107500, 75882500), (352107500, 81022500)]
13:39:02: [INFO] Adding track segment (B.Cu): [(352107500, 81022500), (354647500, 83562500)]
13:39:02: [INFO] Routing SW45 with D45
13:39:02: [INFO] Using internal autorouter method
13:39:02: [INFO] Routing pad 'SW45:2' at (333057500, 75882500) with pad 'D45:2' at (335597500, 83562500) using coordinate system rotated by 0 degree(s)
13:39:02: [INFO] Adding track segment (B.Cu): [(333057500, 75882500), (333057500, 81022500)]
13:39:02: [INFO] Adding track segment (B.Cu): [(333057500, 81022500), (335597500, 83562500)]
13:39:02: [INFO] Routing SW44 with D44
13:39:02: [INFO] Using internal autorouter method
13:39:02: [INFO] Routing pad 'SW44:2' at (302330008, 76146042) with pad 'D44:2' at (305658872, 83518467) using coordinate system rotated by 354.0 degree(s)
13:39:02: [INFO] Adding track segment (B.Cu): [(302330008, 76146042), (302867283, 81257883)]
13:39:02: [INFO] Adding track segment (B.Cu): [(302867283, 81257883), (305658872, 83518467)]
13:39:02: [INFO] Routing SW43 with D43
13:39:02: [INFO] Using internal autorouter method
13:39:02: [INFO] Routing pad 'SW43:2' at (283384365, 78137309) with pad 'D43:2' at (286713229, 85509734) using coordinate system rotated by 354.0 degree(s)
13:39:02: [INFO] Adding track segment (B.Cu): [(283384365, 78137309), (283921640, 83249149)]
13:39:02: [INFO] Adding track segment (B.Cu): [(283921640, 83249149), (286713229, 85509734)]
13:39:02: [INFO] Routing SW42 with D42
13:39:02: [INFO] Using internal autorouter method
13:39:02: [INFO] Routing pad 'SW42:2' at (264438723, 80128576) with pad 'D42:2' at (267767587, 87501001) using coordinate system rotated by 354.0 degree(s)
13:39:02: [INFO] Adding track segment (B.Cu): [(264438723, 80128576), (264975999, 85240417)]
13:39:02: [INFO] Adding track segment (B.Cu): [(264975999, 85240417), (267767587, 87501001)]
13:39:02: [INFO] Routing SW41 with D41
13:39:02: [INFO] Using internal autorouter method
13:39:02: [INFO] Routing pad 'SW41:2' at (245493081, 82119844) with pad 'D41:2' at (248821945, 89492269) using coordinate system rotated by 354.0 degree(s)
13:39:02: [INFO] Adding track segment (B.Cu): [(245493081, 82119844), (246030357, 87231686)]
13:39:02: [INFO] Adding track segment (B.Cu): [(246030357, 87231686), (248821945, 89492269)]
13:39:02: [INFO] Routing SW40 with D40
13:39:02: [INFO] Using internal autorouter method
13:39:02: [INFO] Routing pad 'SW40:2' at (226547439, 84111111) with pad 'D40:2' at (229876303, 91483536) using coordinate system rotated by 354.0 degree(s)
13:39:02: [INFO] Adding track segment (B.Cu): [(226547439, 84111111), (227084714, 89222952)]
13:39:02: [INFO] Adding track segment (B.Cu): [(227084714, 89222952), (229876303, 91483536)]
13:39:02: [INFO] Routing SW39 with D39
13:39:02: [INFO] Using internal autorouter method
13:39:02: [INFO] Routing pad 'SW39:2' at (195919696, 82195388) with pad 'D39:2' at (197643003, 90098818) using coordinate system rotated by 6.0 degree(s)
13:39:02: [INFO] Adding track segment (B.Cu): [(195919696, 82195388), (195382419, 87307230)]
13:39:02: [INFO] Adding track segment (B.Cu): [(195382419, 87307230), (197643003, 90098818)]
13:39:02: [INFO] Routing SW38 with D38
13:39:02: [INFO] Using internal autorouter method
13:39:02: [INFO] Routing pad 'SW38:2' at (176974054, 80204121) with pad 'D38:2' at (178697361, 88107551) using coordinate system rotated by 6.0 degree(s)
13:39:02: [INFO] Adding track segment (B.Cu): [(176974054, 80204121), (176436777, 85315963)]
13:39:02: [INFO] Adding track segment (B.Cu): [(176436777, 85315963), (178697361, 88107551)]
13:39:02: [INFO] Routing SW37 with D37
13:39:02: [INFO] Using internal autorouter method
13:39:02: [INFO] Routing pad 'SW37:2' at (158028412, 78212854) with pad 'D37:2' at (159751719, 86116284) using coordinate system rotated by 6.0 degree(s)
13:39:02: [INFO] Adding track segment (B.Cu): [(158028412, 78212854), (157491135, 83324695)]
13:39:02: [INFO] Adding track segment (B.Cu): [(157491135, 83324695), (159751719, 86116284)]
13:39:02: [INFO] Routing SW36 with D36
13:39:02: [INFO] Using internal autorouter method
13:39:02: [INFO] Routing pad 'SW36:2' at (139082769, 76221587) with pad 'D36:2' at (140806076, 84125017) using coordinate system rotated by 6.0 degree(s)
13:39:02: [INFO] Adding track segment (B.Cu): [(139082769, 76221587), (138545492, 81333428)]
13:39:02: [INFO] Adding track segment (B.Cu): [(138545492, 81333428), (140806076, 84125017)]
13:39:02: [INFO] Routing SW35 with D35
13:39:02: [INFO] Using internal autorouter method
13:39:02: [INFO] Routing pad 'SW35:2' at (116840000, 75882500) with pad 'D35:2' at (119380000, 83562500) using coordinate system rotated by 0 degree(s)
13:39:02: [INFO] Adding track segment (B.Cu): [(116840000, 75882500), (116840000, 81022500)]
13:39:02: [INFO] Adding track segment (B.Cu): [(116840000, 81022500), (119380000, 83562500)]
13:39:02: [INFO] Routing SW34 with D34
13:39:02: [INFO] Using internal autorouter method
13:39:02: [INFO] Routing pad 'SW34:2' at (93027500, 75882500) with pad 'D34:2' at (95567500, 83562500) using coordinate system rotated by 0 degree(s)
13:39:03: [INFO] Adding track segment (B.Cu): [(93027500, 75882500), (93027500, 81022500)]
13:39:03: [INFO] Adding track segment (B.Cu): [(93027500, 81022500), (95567500, 83562500)]
13:39:03: [INFO] Routing SW33 with D33
13:39:03: [INFO] Using internal autorouter method
13:39:03: [INFO] Routing pad 'SW33:2' at (59690000, 75882500) with pad 'D33:2' at (62230000, 83562500) using coordinate system rotated by 0 degree(s)
13:39:03: [INFO] Adding track segment (B.Cu): [(59690000, 75882500), (59690000, 81022500)]
13:39:03: [INFO] Adding track segment (B.Cu): [(59690000, 81022500), (62230000, 83562500)]
13:39:03: [INFO] Routing SW32 with D32
13:39:03: [INFO] Using internal autorouter method
13:39:03: [INFO] Routing pad 'SW32:2' at (402590000, 56832500) with pad 'D32:2' at (405130000, 64512500) using coordinate system rotated by 0 degree(s)
13:39:03: [INFO] Adding track segment (B.Cu): [(402590000, 56832500), (402590000, 61972500)]
13:39:03: [INFO] Adding track segment (B.Cu): [(402590000, 61972500), (405130000, 64512500)]
13:39:03: [INFO] Routing SW31 with D31
13:39:03: [INFO] Using internal autorouter method
13:39:03: [INFO] Routing pad 'SW31:2' at (362585000, 56832500) with pad 'D31:2' at (365125000, 64512500) using coordinate system rotated by 0 degree(s)
13:39:03: [INFO] Adding track segment (B.Cu): [(362585000, 56832500), (362585000, 61972500)]
13:39:03: [INFO] Adding track segment (B.Cu): [(362585000, 61972500), (365125000, 64512500)]
13:39:03: [INFO] Routing SW30 with D30
13:39:03: [INFO] Using internal autorouter method
13:39:03: [INFO] Routing pad 'SW30:2' at (334010000, 56832500) with pad 'D30:2' at (336550000, 64512500) using coordinate system rotated by 0 degree(s)
13:39:03: [INFO] Adding track segment (B.Cu): [(334010000, 56832500), (334010000, 61972500)]
13:39:03: [INFO] Adding track segment (B.Cu): [(334010000, 61972500), (336550000, 64512500)]
13:39:03: [INFO] Routing SW29 with D29
13:39:03: [INFO] Using internal autorouter method
13:39:03: [INFO] Routing pad 'SW29:2' at (314960000, 56832500) with pad 'D29:2' at (317500000, 64512500) using coordinate system rotated by 0 degree(s)
13:39:03: [INFO] Adding track segment (B.Cu): [(314960000, 56832500), (314960000, 61972500)]
13:39:03: [INFO] Adding track segment (B.Cu): [(314960000, 61972500), (317500000, 64512500)]
13:39:03: [INFO] Routing SW28 with D28
13:39:03: [INFO] Using internal autorouter method
13:39:03: [INFO] Routing pad 'SW28:2' at (290865919, 58196034) with pad 'D28:2' at (294194783, 65568459) using coordinate system rotated by 354.0 degree(s)
13:39:03: [INFO] Adding track segment (B.Cu): [(290865919, 58196034), (291403195, 63307875)]
13:39:03: [INFO] Adding track segment (B.Cu): [(291403195, 63307875), (294194783, 65568459)]
13:39:03: [INFO] Routing SW27 with D27
13:39:03: [INFO] Using internal autorouter method
13:39:03: [INFO] Routing pad 'SW27:2' at (271920277, 60187301) with pad 'D27:2' at (275249141, 67559726) using coordinate system rotated by 354.0 degree(s)
13:39:03: [INFO] Adding track segment (B.Cu): [(271920277, 60187301), (272457552, 65299142)]
13:39:03: [INFO] Adding track segment (B.Cu): [(272457552, 65299142), (275249141, 67559726)]
13:39:03: [INFO] Routing SW26 with D26
13:39:03: [INFO] Using internal autorouter method
13:39:03: [INFO] Routing pad 'SW26:2' at (252974635, 62178568) with pad 'D26:2' at (256303499, 69550993) using coordinate system rotated by 354.0 degree(s)
13:39:03: [INFO] Adding track segment (B.Cu): [(252974635, 62178568), (253511910, 67290409)]
13:39:03: [INFO] Adding track segment (B.Cu): [(253511910, 67290409), (256303499, 69550993)]
13:39:03: [INFO] Routing SW25 with D25
13:39:03: [INFO] Using internal autorouter method
13:39:03: [INFO] Routing pad 'SW25:2' at (234028993, 64169835) with pad 'D25:2' at (237357857, 71542260) using coordinate system rotated by 354.0 degree(s)
13:39:03: [INFO] Adding track segment (B.Cu): [(234028993, 64169835), (234566268, 69281676)]
13:39:03: [INFO] Adding track segment (B.Cu): [(234566268, 69281676), (237357857, 71542260)]
13:39:03: [INFO] Routing SW24 with D24
13:39:03: [INFO] Using internal autorouter method
13:39:03: [INFO] Routing pad 'SW24:2' at (210225630, 64544070) with pad 'D24:2' at (211948937, 72447500) using coordinate system rotated by 6.0 degree(s)
13:39:03: [INFO] Adding track segment (B.Cu): [(210225630, 64544070), (209688353, 69655911)]
13:39:03: [INFO] Adding track segment (B.Cu): [(209688353, 69655911), (211948937, 72447500)]
13:39:03: [INFO] Routing SW23 with D23
13:39:03: [INFO] Using internal autorouter method
13:39:03: [INFO] Routing pad 'SW23:2' at (191279988, 62552803) with pad 'D23:2' at (193003295, 70456233) using coordinate system rotated by 6.0 degree(s)
13:39:03: [INFO] Adding track segment (B.Cu): [(191279988, 62552803), (190742711, 67664644)]
13:39:03: [INFO] Adding track segment (B.Cu): [(190742711, 67664644), (193003295, 70456233)]
13:39:03: [INFO] Routing SW22 with D22
13:39:03: [INFO] Using internal autorouter method
13:39:03: [INFO] Routing pad 'SW22:2' at (172334346, 60561535) with pad 'D22:2' at (174057653, 68464965) using coordinate system rotated by 6.0 degree(s)
13:39:03: [INFO] Adding track segment (B.Cu): [(172334346, 60561535), (171797069, 65673376)]
13:39:03: [INFO] Adding track segment (B.Cu): [(171797069, 65673376), (174057653, 68464965)]
13:39:03: [INFO] Routing SW21 with D21
13:39:03: [INFO] Using internal autorouter method
13:39:03: [INFO] Routing pad 'SW21:2' at (153388704, 58570268) with pad 'D21:2' at (155112011, 66473698) using coordinate system rotated by 6.0 degree(s)
13:39:03: [INFO] Adding track segment (B.Cu): [(153388704, 58570268), (152851427, 63682109)]
13:39:03: [INFO] Adding track segment (B.Cu): [(152851427, 63682109), (155112011, 66473698)]
13:39:03: [INFO] Routing SW20 with D20
13:39:03: [INFO] Using internal autorouter method
13:39:03: [INFO] Routing pad 'SW20:2' at (131127500, 56832500) with pad 'D20:2' at (133667500, 64512500) using coordinate system rotated by 0 degree(s)
13:39:03: [INFO] Adding track segment (B.Cu): [(131127500, 56832500), (131127500, 61972500)]
13:39:03: [INFO] Adding track segment (B.Cu): [(131127500, 61972500), (133667500, 64512500)]
13:39:03: [INFO] Routing SW19 with D19
13:39:03: [INFO] Using internal autorouter method
13:39:03: [INFO] Routing pad 'SW19:2' at (112077500, 56832500) with pad 'D19:2' at (114617500, 64512500) using coordinate system rotated by 0 degree(s)
13:39:03: [INFO] Adding track segment (B.Cu): [(112077500, 56832500), (112077500, 61972500)]
13:39:03: [INFO] Adding track segment (B.Cu): [(112077500, 61972500), (114617500, 64512500)]
13:39:03: [INFO] Routing SW18 with D18
13:39:03: [INFO] Using internal autorouter method
13:39:03: [INFO] Routing pad 'SW18:2' at (93027500, 56832500) with pad 'D18:2' at (95567500, 64512500) using coordinate system rotated by 0 degree(s)
13:39:03: [INFO] Adding track segment (B.Cu): [(93027500, 56832500), (93027500, 61972500)]
13:39:03: [INFO] Adding track segment (B.Cu): [(93027500, 61972500), (95567500, 64512500)]
13:39:03: [INFO] Routing SW17 with D17
13:39:03: [INFO] Using internal autorouter method
13:39:03: [INFO] Routing pad 'SW17:2' at (64452500, 56832500) with pad 'D17:2' at (66992500, 64512500) using coordinate system rotated by 0 degree(s)
13:39:03: [INFO] Adding track segment (B.Cu): [(64452500, 56832500), (64452500, 61972500)]
13:39:03: [INFO] Adding track segment (B.Cu): [(64452500, 61972500), (66992500, 64512500)]
13:39:03: [INFO] Routing SW16 with D16
13:39:03: [INFO] Using internal autorouter method
13:39:03: [INFO] Routing pad 'SW16:2' at (394970000, 33020000) with pad 'D16:2' at (397510000, 40700000) using coordinate system rotated by 0 degree(s)
13:39:03: [INFO] Adding track segment (B.Cu): [(394970000, 33020000), (394970000, 38160000)]
13:39:03: [INFO] Adding track segment (B.Cu): [(394970000, 38160000), (397510000, 40700000)]
13:39:03: [INFO] Routing SW15 with D15
13:39:03: [INFO] Using internal autorouter method
13:39:03: [INFO] Routing pad 'SW15:2' at (371157500, 33020000) with pad 'D15:2' at (373697500, 40700000) using coordinate system rotated by 0 degree(s)
13:39:03: [INFO] Adding track segment (B.Cu): [(371157500, 33020000), (371157500, 38160000)]
13:39:03: [INFO] Adding track segment (B.Cu): [(371157500, 38160000), (373697500, 40700000)]
13:39:03: [INFO] Routing SW14 with D14
13:39:03: [INFO] Using internal autorouter method
13:39:03: [INFO] Routing pad 'SW14:2' at (347345000, 33020000) with pad 'D14:2' at (349885000, 40700000) using coordinate system rotated by 0 degree(s)
13:39:03: [INFO] Adding track segment (B.Cu): [(347345000, 33020000), (347345000, 38160000)]
13:39:03: [INFO] Adding track segment (B.Cu): [(347345000, 38160000), (349885000, 40700000)]
13:39:03: [INFO] Routing SW13 with D13
13:39:03: [INFO] Using internal autorouter method
13:39:03: [INFO] Routing pad 'SW13:2' at (328295000, 33020000) with pad 'D13:2' at (330835000, 40700000) using coordinate system rotated by 0 degree(s)
13:39:03: [INFO] Adding track segment (B.Cu): [(328295000, 33020000), (328295000, 38160000)]
13:39:03: [INFO] Adding track segment (B.Cu): [(328295000, 38160000), (330835000, 40700000)]
13:39:03: [INFO] Routing SW12 with D12
13:39:03: [INFO] Using internal autorouter method
13:39:03: [INFO] Routing pad 'SW12:2' at (305427913, 32721840) with pad 'D12:2' at (308756777, 40094265) using coordinate system rotated by 354.0 degree(s)
13:39:03: [INFO] Adding track segment (B.Cu): [(305427913, 32721840), (305965188, 37833680)]
13:39:03: [INFO] Adding track segment (B.Cu): [(305965188, 37833680), (308756777, 40094265)]
13:39:03: [INFO] Routing SW11 with D11
13:39:03: [INFO] Using internal autorouter method
13:39:03: [INFO] Routing pad 'SW11:2' at (286482271, 34713108) with pad 'D11:2' at (289811135, 42085533) using coordinate system rotated by 354.0 degree(s)
13:39:03: [INFO] Adding track segment (B.Cu): [(286482271, 34713108), (287019546, 39824949)]
13:39:03: [INFO] Adding track segment (B.Cu): [(287019546, 39824949), (289811135, 42085533)]
13:39:03: [INFO] Routing SW10 with D10
13:39:03: [INFO] Using internal autorouter method
13:39:03: [INFO] Routing pad 'SW10:2' at (262800218, 37202192) with pad 'D10:2' at (266129082, 44574617) using coordinate system rotated by 354.0 degree(s)
13:39:03: [INFO] Adding track segment (B.Cu): [(262800218, 37202192), (263337493, 42314033)]
13:39:03: [INFO] Adding track segment (B.Cu): [(263337493, 42314033), (266129082, 44574617)]
13:39:03: [INFO] Routing SW9 with D9
13:39:03: [INFO] Using internal autorouter method
13:39:03: [INFO] Routing pad 'SW9:2' at (243854576, 39193459) with pad 'D9:2' at (247183440, 46565884) using coordinate system rotated by 354.0 degree(s)
13:39:03: [INFO] Adding track segment (B.Cu): [(243854576, 39193459), (244391852, 44305301)]
13:39:03: [INFO] Adding track segment (B.Cu): [(244391852, 44305301), (247183440, 46565884)]
13:39:03: [INFO] Routing SW8 with D8
13:39:03: [INFO] Using internal autorouter method
13:39:03: [INFO] Routing pad 'SW8:2' at (214609279, 41061144) with pad 'D8:2' at (216332586, 48964574) using coordinate system rotated by 6.0 degree(s)
13:39:03: [INFO] Adding track segment (B.Cu): [(214609279, 41061144), (214072002, 46172985)]
13:39:03: [INFO] Adding track segment (B.Cu): [(214072002, 46172985), (216332586, 48964574)]
13:39:03: [INFO] Routing SW7 with D7
13:39:03: [INFO] Using internal autorouter method
13:39:03: [INFO] Routing pad 'SW7:2' at (195663637, 39069877) with pad 'D7:2' at (197386944, 46973307) using coordinate system rotated by 6.0 degree(s)
13:39:03: [INFO] Adding track segment (B.Cu): [(195663637, 39069877), (195126360, 44181718)]
13:39:03: [INFO] Adding track segment (B.Cu): [(195126360, 44181718), (197386944, 46973307)]
13:39:03: [INFO] Routing SW6 with D6
13:39:03: [INFO] Using internal autorouter method
13:39:03: [INFO] Routing pad 'SW6:2' at (171981584, 36580793) with pad 'D6:2' at (173704891, 44484223) using coordinate system rotated by 6.0 degree(s)
13:39:03: [INFO] Adding track segment (B.Cu): [(171981584, 36580793), (171444306, 41692634)]
13:39:03: [INFO] Adding track segment (B.Cu): [(171444306, 41692634), (173704891, 44484223)]
13:39:03: [INFO] Routing SW5 with D5
13:39:03: [INFO] Using internal autorouter method
13:39:03: [INFO] Routing pad 'SW5:2' at (153035942, 34589526) with pad 'D5:2' at (154759249, 42492956) using coordinate system rotated by 6.0 degree(s)
13:39:03: [INFO] Adding track segment (B.Cu): [(153035942, 34589526), (152498665, 39701367)]
13:39:03: [INFO] Adding track segment (B.Cu): [(152498665, 39701367), (154759249, 42492956)]
13:39:03: [INFO] Routing SW4 with D4
13:39:03: [INFO] Using internal autorouter method
13:39:03: [INFO] Routing pad 'SW4:2' at (131127500, 33020000) with pad 'D4:2' at (133667500, 40700000) using coordinate system rotated by 0 degree(s)
13:39:03: [INFO] Adding track segment (B.Cu): [(131127500, 33020000), (131127500, 38160000)]
13:39:03: [INFO] Adding track segment (B.Cu): [(131127500, 38160000), (133667500, 40700000)]
13:39:03: [INFO] Routing SW3 with D3
13:39:03: [INFO] Using internal autorouter method
13:39:03: [INFO] Routing pad 'SW3:2' at (112077500, 33020000) with pad 'D3:2' at (114617500, 40700000) using coordinate system rotated by 0 degree(s)
13:39:03: [INFO] Adding track segment (B.Cu): [(112077500, 33020000), (112077500, 38160000)]
13:39:03: [INFO] Adding track segment (B.Cu): [(112077500, 38160000), (114617500, 40700000)]
13:39:03: [INFO] Routing SW2 with D2
13:39:03: [INFO] Using internal autorouter method
13:39:03: [INFO] Routing pad 'SW2:2' at (88265000, 33020000) with pad 'D2:2' at (90805000, 40700000) using coordinate system rotated by 0 degree(s)
13:39:03: [INFO] Adding track segment (B.Cu): [(88265000, 33020000), (88265000, 38160000)]
13:39:03: [INFO] Adding track segment (B.Cu): [(88265000, 38160000), (90805000, 40700000)]
13:39:03: [INFO] Routing SW1 with D1
13:39:03: [INFO] Using internal autorouter method
13:39:03: [INFO] Routing pad 'SW1:S2' at (64150000, 35600000) with pad 'D1:2' at (54730000, 38200000) using coordinate system rotated by 0 degree(s)
13:39:03: [INFO] Adding track segment (B.Cu): [(64150000, 35600000), (57330000, 35600000)]
13:39:03: [INFO] Adding track segment (B.Cu): [(57330000, 35600000), (54730000, 38200000)]
13:39:03: [INFO] Routing COL14 pads
13:39:03: [INFO] Routing pad 'SW78:1' at (350043750, 116522500) with pad 'SW62:1' at (350520000, 97472500) using coordinate system rotated by 0 degree(s)
13:39:03: [INFO] Adding track segment (F.Cu): [(350043750, 116522500), (350520000, 116046250)]
13:39:03: [INFO] Adding track segment (F.Cu): [(350520000, 116046250), (350520000, 97472500)]
13:39:03: [INFO] Routing pad 'SW47:1' at (371951250, 87947500) with pad 'SW31:1' at (356235000, 59372500) using coordinate system rotated by 0 degree(s)
13:39:03: [INFO] Adding track segment (F.Cu): [(371951250, 87947500), (356235000, 72231250)]
13:39:03: [INFO] Adding track segment (F.Cu): [(356235000, 72231250), (356235000, 59372500)]
13:39:03: [INFO] Routing pad 'SW31:1' at (356235000, 59372500) with pad 'SW15:1' at (364807500, 35560000) using coordinate system rotated by 0 degree(s)
13:39:03: [INFO] Adding track segment (F.Cu): [(356235000, 59372500), (364807500, 50800000)]
13:39:03: [INFO] Adding track segment (F.Cu): [(364807500, 50800000), (364807500, 35560000)]
13:39:03: [INFO] Routing pad 'SW62:1' at (350520000, 97472500) with pad 'SW47:1' at (371951250, 87947500) using coordinate system rotated by 0 degree(s)
13:39:03: [INFO] Adding track segment (F.Cu): [(350520000, 97472500), (362426250, 97472500)]
13:39:03: [INFO] Adding track segment (F.Cu): [(362426250, 97472500), (371951250, 87947500)]
13:39:03: [INFO] Routing pad 'SW78:1' at (350043750, 116522500) with pad 'SW89:1' at (381000000, 140335000) using coordinate system rotated by 0 degree(s)
13:39:03: [INFO] Routing COL10 pads
13:39:03: [INFO] Routing pad 'SW43:1' at (277334653, 81327151) with pad 'SW27:1' at (265870565, 63377143) using coordinate system rotated by 354.0 degree(s)
13:39:03: [INFO] Adding track segment (F.Cu): [(277334653, 81327151), (266866197, 72849963)]
13:39:03: [INFO] Adding track segment (F.Cu): [(266866197, 72849963), (265870565, 63377143)]
13:39:04: [INFO] Routing pad 'SW74:1' at (261424264, 121309266) with pad 'SW58:1' at (269853100, 101268427) using coordinate system rotated by 354.0 degree(s)
13:39:04: [INFO] Adding track segment (F.Cu): [(261424264, 121309266), (270749169, 109793965)]
13:39:04: [INFO] Adding track segment (F.Cu): [(270749169, 109793965), (269853100, 101268427)]
13:39:04: [INFO] Routing pad 'SW58:1' at (269853100, 101268427) with pad 'SW43:1' at (277334653, 81327151) using coordinate system rotated by 354.0 degree(s)
13:39:04: [INFO] Adding track segment (F.Cu): [(269853100, 101268427), (278330286, 90799972)]
13:39:04: [INFO] Adding track segment (F.Cu): [(278330286, 90799972), (277334653, 81327151)]
13:39:04: [INFO] Routing pad 'SW27:1' at (265870565, 63377143) with pad 'SW11:1' at (280432559, 37902950) using coordinate system rotated by 354.0 degree(s)
13:39:04: [INFO] Adding track segment (F.Cu): [(265870565, 63377143), (281129501, 44533923)]
13:39:04: [INFO] Adding track segment (F.Cu): [(281129501, 44533923), (280432559, 37902950)]
13:39:04: [INFO] Routing COL5 pads
13:39:04: [INFO] Routing pad 'SW22:1' at (165753630, 62423865) with pad 'SW6:1' at (165400868, 38443123) using coordinate system rotated by 6.0 degree(s)
13:39:04: [INFO] Adding track segment (F.Cu): [(165753630, 62423865), (163210473, 59283329)]
13:39:04: [INFO] Adding track segment (F.Cu): [(163210473, 59283329), (165400868, 38443123)]
13:39:04: [INFO] Routing pad 'SW38:1' at (170393338, 82066451) with pad 'SW22:1' at (165753630, 62423865) using coordinate system rotated by 6.0 degree(s)
13:39:04: [INFO] Adding track segment (F.Cu): [(170393338, 82066451), (164459305, 74738530)]
13:39:04: [INFO] Adding track segment (F.Cu): [(164459305, 74738530), (165753630, 62423865)]
13:39:04: [INFO] Routing pad 'SW69:1' at (155990700, 118862538) with pad 'SW54:1' at (170296635, 101211220) using coordinate system rotated by 6.0 degree(s)
13:39:04: [INFO] Adding track segment (F.Cu): [(155990700, 118862538), (169599691, 107842193)]
13:39:04: [INFO] Adding track segment (F.Cu): [(169599691, 107842193), (170296635, 101211220)]
13:39:04: [INFO] Routing pad 'SW54:1' at (170296635, 101211220) with pad 'SW38:1' at (170393338, 82066451) using coordinate system rotated by 6.0 degree(s)
13:39:04: [INFO] Adding track segment (F.Cu): [(170296635, 101211220), (168601197, 99117528)]
13:39:04: [INFO] Adding track segment (F.Cu): [(168601197, 99117528), (170393338, 82066451)]
13:39:04: [INFO] Routing ROW0 pads
13:39:04: [INFO] Routing pad 'D1:1' at (54730000, 41000000) with pad 'D2:1' at (90805000, 43500000) using coordinate system rotated by 0 degree(s)
13:39:04: [INFO] Routing pad 'D2:1' at (90805000, 43500000) with pad 'D3:1' at (114617500, 43500000) using coordinate system rotated by 0 degree(s)
13:39:04: [INFO] Adding track segment (B.Cu): [(90805000, 43500000), (114617500, 43500000)]
13:39:04: [INFO] Routing pad 'D3:1' at (114617500, 43500000) with pad 'D4:1' at (133667500, 43500000) using coordinate system rotated by 0 degree(s)
13:39:04: [INFO] Adding track segment (B.Cu): [(114617500, 43500000), (133667500, 43500000)]
13:39:04: [WARNING] Could not route pads when parent footprints not rotated the same, footprint1: D4 at 90.0 degree(s) and footprint2: D5 at 84.0 degree(s)
13:39:04: [INFO] Routing pad 'D5:1' at (154466569, 45277618) with pad 'D6:1' at (173412211, 47268885) using coordinate system rotated by 276.0 degree(s)
13:39:04: [INFO] Adding track segment (B.Cu): [(154466569, 45277618), (173412210, 47268884)]
13:39:04: [INFO] Adding track segment (B.Cu): [(173412210, 47268884), (173412211, 47268885)]
13:39:04: [INFO] Routing pad 'D6:1' at (173412211, 47268885) with pad 'D7:1' at (197094264, 49757969) using coordinate system rotated by 276.0 degree(s)
13:39:04: [INFO] Adding track segment (B.Cu): [(173412211, 47268885), (197094263, 49757968)]
13:39:04: [INFO] Adding track segment (B.Cu): [(197094263, 49757968), (197094264, 49757969)]
13:39:04: [INFO] Routing pad 'D7:1' at (197094264, 49757969) with pad 'D8:1' at (216039906, 51749236) using coordinate system rotated by 276.0 degree(s)
13:39:04: [INFO] Adding track segment (B.Cu): [(197094264, 49757969), (216039904, 51749235)]
13:39:04: [INFO] Adding track segment (B.Cu): [(216039904, 51749235), (216039906, 51749236)]
13:39:04: [WARNING] Could not route pads when parent footprints not rotated the same, footprint1: D8 at 84.0 degree(s) and footprint2: D9 at 96.0 degree(s)
13:39:04: [INFO] Routing pad 'D9:1' at (247476120, 49350546) with pad 'D10:1' at (266421762, 47359279) using coordinate system rotated by 264.0 degree(s)
13:39:04: [INFO] Adding track segment (B.Cu): [(247476120, 49350546), (266421761, 47359278)]
13:39:04: [INFO] Adding track segment (B.Cu): [(266421761, 47359278), (266421762, 47359279)]
13:39:04: [INFO] Routing pad 'D10:1' at (266421762, 47359279) with pad 'D11:1' at (290103815, 44870195) using coordinate system rotated by 264.0 degree(s)
13:39:04: [INFO] Adding track segment (B.Cu): [(266421762, 47359279), (290103814, 44870194)]
13:39:04: [INFO] Adding track segment (B.Cu): [(290103814, 44870194), (290103815, 44870195)]
13:39:04: [INFO] Routing pad 'D11:1' at (290103815, 44870195) with pad 'D12:1' at (309049457, 42878927) using coordinate system rotated by 264.0 degree(s)
13:39:04: [INFO] Adding track segment (B.Cu): [(290103815, 44870195), (309049455, 42878927)]
13:39:04: [INFO] Adding track segment (B.Cu): [(309049455, 42878927), (309049457, 42878927)]
13:39:04: [WARNING] Could not route pads when parent footprints not rotated the same, footprint1: D12 at 96.0 degree(s) and footprint2: D13 at 90.0 degree(s)
13:39:04: [INFO] Routing pad 'D13:1' at (330835000, 43500000) with pad 'D14:1' at (349885000, 43500000) using coordinate system rotated by 0 degree(s)
13:39:04: [INFO] Adding track segment (B.Cu): [(330835000, 43500000), (349885000, 43500000)]
13:39:04: [INFO] Routing pad 'D14:1' at (349885000, 43500000) with pad 'D15:1' at (373697500, 43500000) using coordinate system rotated by 0 degree(s)
13:39:04: [INFO] Adding track segment (B.Cu): [(349885000, 43500000), (373697500, 43500000)]
13:39:04: [INFO] Routing pad 'D15:1' at (373697500, 43500000) with pad 'D16:1' at (397510000, 43500000) using coordinate system rotated by 0 degree(s)
13:39:04: [INFO] Adding track segment (B.Cu): [(373697500, 43500000), (397510000, 43500000)]
13:39:04: [INFO] Routing ROW5 pads
13:39:04: [INFO] Routing pad 'D80:1' at (52705000, 143512500) with pad 'D81:1' at (83661250, 143512500) using coordinate system rotated by 0 degree(s)
13:39:04: [INFO] Adding track segment (B.Cu): [(52705000, 143512500), (83661250, 143512500)]
13:39:04: [INFO] Routing pad 'D81:1' at (83661250, 143512500) with pad 'D82:1' at (107473750, 143512500) using coordinate system rotated by 0 degree(s)
13:39:04: [INFO] Adding track segment (B.Cu): [(83661250, 143512500), (107473750, 143512500)]
13:39:04: [WARNING] Could not route pads when parent footprints not rotated the same, footprint1: D82 at 90.0 degree(s) and footprint2: D83 at 84.0 degree(s)
13:39:04: [INFO] Routing pad 'D83:1' at (145433339, 144891584) with pad 'D84:1' at (178588213, 148376301) using coordinate system rotated by 276.0 degree(s)
13:39:04: [INFO] Adding track segment (B.Cu): [(145433339, 144891584), (178588211, 148376301)]
13:39:04: [INFO] Adding track segment (B.Cu): [(178588211, 148376301), (178588213, 148376301)]
13:39:04: [INFO] Routing pad 'D84:1' at (178588213, 148376301) with pad 'D85:1' at (209374881, 151612111) using coordinate system rotated by 276.0 degree(s)
13:39:04: [INFO] Adding track segment (B.Cu): [(178588213, 148376301), (209374879, 151612109)]
13:39:04: [INFO] Adding track segment (B.Cu): [(209374879, 151612109), (209374881, 151612111)]
13:39:04: [WARNING] Could not route pads when parent footprints not rotated the same, footprint1: D85 at 84.0 degree(s) and footprint2: D86 at 96.0 degree(s)
13:39:04: [INFO] Routing pad 'D86:1' at (249878375, 149661456) with pad 'D87:1' at (283506890, 146126956) using coordinate system rotated by 264.0 degree(s)
13:39:04: [INFO] Adding track segment (B.Cu): [(249878375, 149661456), (283506888, 146126956)]
13:39:04: [INFO] Adding track segment (B.Cu): [(283506888, 146126956), (283506890, 146126956)]
13:39:04: [WARNING] Could not route pads when parent footprints not rotated the same, footprint1: D87 at 96.0 degree(s) and footprint2: D88 at 90.0 degree(s)
13:39:04: [INFO] Routing pad 'D88:1' at (370840000, 148275000) with pad 'D89:1' at (389890000, 148275000) using coordinate system rotated by 0 degree(s)
13:39:04: [INFO] Adding track segment (B.Cu): [(370840000, 148275000), (389890000, 148275000)]
13:39:04: [INFO] Routing pad 'D89:1' at (389890000, 148275000) with pad 'D90:1' at (408940000, 148275000) using coordinate system rotated by 0 degree(s)
13:39:04: [INFO] Adding track segment (B.Cu): [(389890000, 148275000), (408940000, 148275000)]
13:39:04: [INFO] Routing COL13 pads
13:39:04: [INFO] Routing pad 'SW46:1' at (345757500, 78422500) with pad 'SW30:1' at (327660000, 59372500) using coordinate system rotated by 0 degree(s)
13:39:04: [INFO] Routing pad 'SW77:1' at (323850000, 116522500) with pad 'SW61:1' at (331470000, 97472500) using coordinate system rotated by 0 degree(s)
13:39:04: [INFO] Adding track segment (F.Cu): [(323850000, 116522500), (331470000, 108902500)]
13:39:04: [INFO] Adding track segment (F.Cu): [(331470000, 108902500), (331470000, 97472500)]
13:39:04: [INFO] Routing pad 'SW30:1' at (327660000, 59372500) with pad 'SW14:1' at (340995000, 35560000) using coordinate system rotated by 0 degree(s)
13:39:04: [INFO] Adding track segment (F.Cu): [(327660000, 59372500), (340995000, 46037500)]
13:39:04: [INFO] Adding track segment (F.Cu): [(340995000, 46037500), (340995000, 35560000)]
13:39:04: [INFO] Routing pad 'SW61:1' at (331470000, 97472500) with pad 'SW46:1' at (345757500, 78422500) using coordinate system rotated by 0 degree(s)
13:39:04: [INFO] Adding track segment (F.Cu): [(331470000, 97472500), (345757500, 83185000)]
13:39:04: [INFO] Adding track segment (F.Cu): [(345757500, 83185000), (345757500, 78422500)]
13:39:04: [INFO] Routing pad 'SW77:1' at (323850000, 116522500) with pad 'SW88:1' at (361950000, 140335000) using coordinate system rotated by 0 degree(s)
13:39:04: [INFO] Adding track segment (F.Cu): [(323850000, 116522500), (338137500, 116522500)]
13:39:04: [INFO] Adding track segment (F.Cu): [(338137500, 116522500), (361950000, 140335000)]
13:39:04: [INFO] Routing ROW3 pads
13:39:04: [INFO] Routing pad 'D49:1' at (57467500, 105412500) with pad 'D50:1' at (93186250, 105412500) using coordinate system rotated by 0 degree(s)
13:39:04: [INFO] Adding track segment (B.Cu): [(57467500, 105412500), (93186250, 105412500)]
13:39:04: [INFO] Routing pad 'D50:1' at (93186250, 105412500) with pad 'D51:1' at (119380000, 105412500) using coordinate system rotated by 0 degree(s)
13:39:04: [INFO] Adding track segment (B.Cu): [(93186250, 105412500), (119380000, 105412500)]
13:39:04: [WARNING] Could not route pads when parent footprints not rotated the same, footprint1: D51 at 90.0 degree(s) and footprint2: D52 at 84.0 degree(s)
13:39:04: [INFO] Routing pad 'D52:1' at (140416693, 106054447) with pad 'D53:1' at (159362336, 108045715) using coordinate system rotated by 276.0 degree(s)
13:39:04: [INFO] Adding track segment (B.Cu): [(140416693, 106054447), (159362335, 108045713)]
13:39:04: [INFO] Adding track segment (B.Cu): [(159362335, 108045713), (159362336, 108045715)]
13:39:04: [INFO] Routing pad 'D53:1' at (159362336, 108045715) with pad 'D54:1' at (178307978, 110036982) using coordinate system rotated by 276.0 degree(s)
13:39:04: [INFO] Adding track segment (B.Cu): [(159362336, 108045715), (178307976, 110036981)]
13:39:04: [INFO] Adding track segment (B.Cu): [(178307976, 110036981), (178307978, 110036982)]
13:39:04: [INFO] Routing pad 'D54:1' at (178307978, 110036982) with pad 'D55:1' at (197253620, 112028249) using coordinate system rotated by 276.0 degree(s)
13:39:04: [INFO] Adding track segment (B.Cu): [(178307978, 110036982), (197253619, 112028248)]
13:39:04: [INFO] Adding track segment (B.Cu): [(197253619, 112028248), (197253620, 112028249)]
13:39:04: [WARNING] Could not route pads when parent footprints not rotated the same, footprint1: D55 at 84.0 degree(s) and footprint2: D56 at 96.0 degree(s)
13:39:04: [INFO] Routing pad 'D56:1' at (241633071, 112218206) with pad 'D57:1' at (260578714, 110226939) using coordinate system rotated by 264.0 degree(s)
13:39:04: [INFO] Adding track segment (B.Cu): [(241633071, 112218206), (260578712, 110226938)]
13:39:04: [INFO] Adding track segment (B.Cu): [(260578712, 110226938), (260578714, 110226939)]
13:39:04: [INFO] Routing pad 'D57:1' at (260578714, 110226939) with pad 'D58:1' at (279524356, 108235672) using coordinate system rotated by 264.0 degree(s)
13:39:04: [INFO] Adding track segment (B.Cu): [(260578714, 110226939), (279524354, 108235671)]
13:39:04: [INFO] Adding track segment (B.Cu): [(279524354, 108235671), (279524356, 108235672)]
13:39:04: [INFO] Routing pad 'D58:1' at (279524356, 108235672) with pad 'D59:1' at (298469998, 106244405) using coordinate system rotated by 264.0 degree(s)
13:39:04: [INFO] Adding track segment (B.Cu): [(279524356, 108235672), (298469997, 106244404)]
13:39:04: [INFO] Adding track segment (B.Cu): [(298469997, 106244404), (298469998, 106244405)]
13:39:04: [WARNING] Could not route pads when parent footprints not rotated the same, footprint1: D59 at 96.0 degree(s) and footprint2: D60 at 90.0 degree(s)
13:39:04: [INFO] Routing pad 'D60:1' at (321310000, 105412500) with pad 'D61:1' at (340360000, 105412500) using coordinate system rotated by 0 degree(s)
13:39:04: [INFO] Adding track segment (B.Cu): [(321310000, 105412500), (340360000, 105412500)]
13:39:04: [INFO] Routing pad 'D61:1' at (340360000, 105412500) with pad 'D62:1' at (359410000, 105412500) using coordinate system rotated by 0 degree(s)
13:39:04: [INFO] Adding track segment (B.Cu): [(340360000, 105412500), (359410000, 105412500)]
13:39:04: [INFO] Routing pad 'D62:1' at (359410000, 105412500) with pad 'D63:1' at (411797500, 105412500) using coordinate system rotated by 0 degree(s)
13:39:04: [INFO] Adding track segment (B.Cu): [(359410000, 105412500), (411797500, 105412500)]
13:39:04: [INFO] Routing ROW2 pads
13:39:04: [INFO] Routing pad 'D33:1' at (62230000, 86362500) with pad 'D34:1' at (95567500, 86362500) using coordinate system rotated by 0 degree(s)
13:39:04: [INFO] Adding track segment (B.Cu): [(62230000, 86362500), (95567500, 86362500)]
13:39:04: [INFO] Routing pad 'D34:1' at (95567500, 86362500) with pad 'D35:1' at (119380000, 86362500) using coordinate system rotated by 0 degree(s)
13:39:04: [INFO] Adding track segment (B.Cu): [(95567500, 86362500), (119380000, 86362500)]
13:39:04: [WARNING] Could not route pads when parent footprints not rotated the same, footprint1: D35 at 90.0 degree(s) and footprint2: D36 at 84.0 degree(s)
13:39:04: [INFO] Routing pad 'D36:1' at (140513396, 86909679) with pad 'D37:1' at (159459039, 88900946) using coordinate system rotated by 276.0 degree(s)
13:39:04: [INFO] Adding track segment (B.Cu): [(140513396, 86909679), (159459038, 88900945)]
13:39:04: [INFO] Adding track segment (B.Cu): [(159459038, 88900945), (159459039, 88900946)]
13:39:04: [INFO] Routing pad 'D37:1' at (159459039, 88900946) with pad 'D38:1' at (178404681, 90892213) using coordinate system rotated by 276.0 degree(s)
13:39:04: [INFO] Adding track segment (B.Cu): [(159459039, 88900946), (178404679, 90892213)]
13:39:04: [INFO] Adding track segment (B.Cu): [(178404679, 90892213), (178404681, 90892213)]
13:39:04: [INFO] Routing pad 'D38:1' at (178404681, 90892213) with pad 'D39:1' at (197350323, 92883480) using coordinate system rotated by 276.0 degree(s)
13:39:04: [INFO] Adding track segment (B.Cu): [(178404681, 90892213), (197350322, 92883479)]
13:39:04: [INFO] Adding track segment (B.Cu): [(197350322, 92883479), (197350323, 92883480)]
13:39:04: [WARNING] Could not route pads when parent footprints not rotated the same, footprint1: D39 at 84.0 degree(s) and footprint2: D40 at 96.0 degree(s)
13:39:04: [INFO] Routing pad 'D40:1' at (230168983, 94268198) with pad 'D41:1' at (249114625, 92276931) using coordinate system rotated by 264.0 degree(s)
13:39:05: [INFO] Adding track segment (B.Cu): [(230168983, 94268198), (249114624, 92276930)]
13:39:05: [INFO] Adding track segment (B.Cu): [(249114624, 92276930), (249114625, 92276931)]
13:39:05: [INFO] Routing pad 'D41:1' at (249114625, 92276931) with pad 'D42:1' at (268060267, 90285663) using coordinate system rotated by 264.0 degree(s)
13:39:05: [INFO] Adding track segment (B.Cu): [(249114625, 92276931), (268060265, 90285663)]
13:39:05: [INFO] Adding track segment (B.Cu): [(268060265, 90285663), (268060267, 90285663)]
13:39:05: [INFO] Routing pad 'D42:1' at (268060267, 90285663) with pad 'D43:1' at (287005909, 88294396) using coordinate system rotated by 264.0 degree(s)
13:39:05: [INFO] Adding track segment (B.Cu): [(268060267, 90285663), (287005908, 88294395)]
13:39:05: [INFO] Adding track segment (B.Cu): [(287005908, 88294395), (287005909, 88294396)]
13:39:05: [INFO] Routing pad 'D43:1' at (287005909, 88294396) with pad 'D44:1' at (305951552, 86303129) using coordinate system rotated by 264.0 degree(s)
13:39:05: [INFO] Adding track segment (B.Cu): [(287005909, 88294396), (305951550, 86303128)]
13:39:05: [INFO] Adding track segment (B.Cu): [(305951550, 86303128), (305951552, 86303129)]
13:39:05: [WARNING] Could not route pads when parent footprints not rotated the same, footprint1: D44 at 96.0 degree(s) and footprint2: D45 at 90.0 degree(s)
13:39:05: [INFO] Routing pad 'D45:1' at (335597500, 86362500) with pad 'D46:1' at (354647500, 86362500) using coordinate system rotated by 0 degree(s)
13:39:05: [INFO] Adding track segment (B.Cu): [(335597500, 86362500), (354647500, 86362500)]
13:39:05: [INFO] Routing pad 'D46:1' at (354647500, 86362500) with pad 'D47:1' at (380841250, 95887500) using coordinate system rotated by 0 degree(s)
13:39:05: [INFO] Adding track segment (B.Cu): [(354647500, 86362500), (364172500, 95887500)]
13:39:05: [INFO] Adding track segment (B.Cu): [(364172500, 95887500), (380841250, 95887500)]
13:39:05: [INFO] Routing pad 'D47:1' at (380841250, 95887500) with pad 'D48:1' at (407987500, 86362500) using coordinate system rotated by 0 degree(s)
13:39:05: [INFO] Adding track segment (B.Cu): [(380841250, 95887500), (398462500, 95887500)]
13:39:05: [INFO] Adding track segment (B.Cu): [(398462500, 95887500), (407987500, 86362500)]
13:39:05: [INFO] Routing COL6 pads
13:39:05: [INFO] Routing pad 'SW39:1' at (189338980, 84057718) with pad 'SW23:1' at (184699272, 64415133) using coordinate system rotated by 6.0 degree(s)
13:39:05: [INFO] Adding track segment (F.Cu): [(189338980, 84057718), (183404947, 76729798)]
13:39:05: [INFO] Adding track segment (F.Cu): [(183404947, 76729798), (184699272, 64415133)]
13:39:05: [INFO] Routing pad 'SW23:1' at (184699272, 64415133) with pad 'SW7:1' at (189082921, 40932207) using coordinate system rotated by 6.0 degree(s)
13:39:05: [INFO] Adding track segment (F.Cu): [(184699272, 64415133), (186792963, 62719694)]
13:39:05: [INFO] Adding track segment (F.Cu): [(186792963, 62719694), (189082921, 40932207)]
13:39:05: [INFO] Routing pad 'SW70:1' at (174936342, 120853806) with pad 'SW55:1' at (189242277, 103202487) using coordinate system rotated by 6.0 degree(s)
13:39:05: [INFO] Adding track segment (F.Cu): [(174936342, 120853806), (188545333, 109833462)]
13:39:05: [INFO] Adding track segment (F.Cu): [(188545333, 109833462), (189242277, 103202487)]
13:39:05: [INFO] Routing pad 'SW55:1' at (189242277, 103202487) with pad 'SW39:1' at (189338980, 84057718) using coordinate system rotated by 6.0 degree(s)
13:39:05: [INFO] Adding track segment (F.Cu): [(189242277, 103202487), (187546839, 101108795)]
13:39:05: [INFO] Adding track segment (F.Cu): [(187546839, 101108795), (189338980, 84057718)]
13:39:05: [INFO] Routing COL8 pads
13:39:05: [INFO] Routing pad 'SW41:1' at (239443369, 85309686) with pad 'SW25:1' at (227979281, 67359677) using coordinate system rotated by 354.0 degree(s)
13:39:05: [INFO] Adding track segment (F.Cu): [(239443369, 85309686), (228974914, 76832499)]
13:39:05: [INFO] Adding track segment (F.Cu): [(228974914, 76832499), (227979281, 67359677)]
13:39:05: [INFO] Routing pad 'SW72:1' at (223532979, 125291801) with pad 'SW56:1' at (231961815, 105250961) using coordinate system rotated by 354.0 degree(s)
13:39:05: [INFO] Adding track segment (F.Cu): [(223532979, 125291801), (232857884, 113776500)]
13:39:05: [INFO] Adding track segment (F.Cu): [(232857884, 113776500), (231961815, 105250961)]
13:39:05: [INFO] Routing pad 'SW25:1' at (227979281, 67359677) with pad 'SW9:1' at (237804864, 42383301) using coordinate system rotated by 354.0 degree(s)
13:39:05: [INFO] Adding track segment (F.Cu): [(227979281, 67359677), (238999623, 53750686)]
13:39:05: [INFO] Adding track segment (F.Cu): [(238999623, 53750686), (237804864, 42383301)]
13:39:05: [INFO] Routing pad 'SW56:1' at (231961815, 105250961) with pad 'SW41:1' at (239443369, 85309686) using coordinate system rotated by 354.0 degree(s)
13:39:05: [INFO] Adding track segment (F.Cu): [(231961815, 105250961), (240439001, 94782506)]
13:39:05: [INFO] Adding track segment (F.Cu): [(240439001, 94782506), (239443369, 85309686)]
13:39:05: [INFO] Routing pad 'SW72:1' at (223532979, 125291801) with pad 'SW86:1' at (240207119, 142694211) using coordinate system rotated by 354.0 degree(s)
13:39:05: [INFO] Adding track segment (F.Cu): [(223532979, 125291801), (223981013, 129554570)]
13:39:05: [INFO] Adding track segment (F.Cu): [(223981013, 129554570), (240207119, 142694211)]
13:39:05: [INFO] Routing COL1 pads
13:39:05: [INFO] Routing pad 'SW65:1' at (74771250, 116522500) with pad 'SW81:1' at (74771250, 135572500) using coordinate system rotated by 0 degree(s)
13:39:05: [INFO] Adding track segment (F.Cu): [(74771250, 116522500), (74771250, 135572500)]
13:39:05: [INFO] Routing pad 'SW18:1' at (86677500, 59372500) with pad 'SW2:1' at (81915000, 35560000) using coordinate system rotated by 0 degree(s)
13:39:05: [INFO] Adding track segment (F.Cu): [(86677500, 59372500), (81915000, 54610000)]
13:39:05: [INFO] Adding track segment (F.Cu): [(81915000, 54610000), (81915000, 35560000)]
13:39:05: [INFO] Routing pad 'SW65:1' at (74771250, 116522500) with pad 'SW50:1' at (84296250, 97472500) using coordinate system rotated by 0 degree(s)
13:39:05: [INFO] Adding track segment (F.Cu): [(74771250, 116522500), (84296250, 106997500)]
13:39:05: [INFO] Adding track segment (F.Cu): [(84296250, 106997500), (84296250, 97472500)]
13:39:05: [INFO] Routing pad 'SW34:1' at (86677500, 78422500) with pad 'SW18:1' at (86677500, 59372500) using coordinate system rotated by 0 degree(s)
13:39:05: [INFO] Adding track segment (F.Cu): [(86677500, 78422500), (86677500, 59372500)]
13:39:05: [INFO] Routing pad 'SW50:1' at (84296250, 97472500) with pad 'SW34:1' at (86677500, 78422500) using coordinate system rotated by 0 degree(s)
13:39:05: [INFO] Adding track segment (F.Cu): [(84296250, 97472500), (86677500, 95091250)]
13:39:05: [INFO] Adding track segment (F.Cu): [(86677500, 95091250), (86677500, 78422500)]
13:39:05: [INFO] Routing ROW4 pads
13:39:05: [INFO] Routing pad 'D64:1' at (52705000, 124462500) with pad 'D65:1' at (83661250, 124462500) using coordinate system rotated by 0 degree(s)
13:39:05: [INFO] Adding track segment (B.Cu): [(52705000, 124462500), (83661250, 124462500)]
13:39:05: [INFO] Routing pad 'D65:1' at (83661250, 124462500) with pad 'D66:1' at (105092500, 124462500) using coordinate system rotated by 0 degree(s)
13:39:05: [INFO] Adding track segment (B.Cu): [(83661250, 124462500), (105092500, 124462500)]
13:39:05: [INFO] Routing pad 'D66:1' at (105092500, 124462500) with pad 'D67:1' at (124142500, 124462500) using coordinate system rotated by 0 degree(s)
13:39:05: [INFO] Adding track segment (B.Cu): [(105092500, 124462500), (124142500, 124462500)]
13:39:05: [WARNING] Could not route pads when parent footprints not rotated the same, footprint1: D67 at 90.0 degree(s) and footprint2: D68 at 84.0 degree(s)
13:39:05: [INFO] Routing pad 'D68:1' at (145056401, 125697033) with pad 'D69:1' at (164002043, 127688300) using coordinate system rotated by 276.0 degree(s)
13:39:05: [INFO] Adding track segment (B.Cu): [(145056401, 125697033), (164002042, 127688299)]
13:39:05: [INFO] Adding track segment (B.Cu): [(164002042, 127688299), (164002043, 127688300)]
13:39:05: [INFO] Routing pad 'D69:1' at (164002043, 127688300) with pad 'D70:1' at (182947685, 129679568) using coordinate system rotated by 276.0 degree(s)
13:39:05: [INFO] Adding track segment (B.Cu): [(164002043, 127688300), (182947683, 129679566)]
13:39:05: [INFO] Adding track segment (B.Cu): [(182947683, 129679566), (182947685, 129679568)]
13:39:05: [INFO] Routing pad 'D70:1' at (182947685, 129679568) with pad 'D71:1' at (201893327, 131670835) using coordinate system rotated by 276.0 degree(s)
13:39:05: [INFO] Adding track segment (B.Cu): [(182947685, 129679568), (201893326, 131670834)]
13:39:05: [INFO] Adding track segment (B.Cu): [(201893326, 131670834), (201893327, 131670835)]
13:39:05: [WARNING] Could not route pads when parent footprints not rotated the same, footprint1: D71 at 84.0 degree(s) and footprint2: D72 at 96.0 degree(s)
13:39:05: [INFO] Routing pad 'D72:1' at (233204235, 132259046) with pad 'D73:1' at (252149878, 130267778) using coordinate system rotated by 264.0 degree(s)
13:39:05: [INFO] Adding track segment (B.Cu): [(233204235, 132259046), (252149876, 130267778)]
13:39:05: [INFO] Adding track segment (B.Cu): [(252149876, 130267778), (252149878, 130267778)]
13:39:05: [INFO] Routing pad 'D73:1' at (252149878, 130267778) with pad 'D74:1' at (271095520, 128276511) using coordinate system rotated by 264.0 degree(s)
13:39:05: [INFO] Adding track segment (B.Cu): [(252149878, 130267778), (271095519, 128276510)]
13:39:05: [INFO] Adding track segment (B.Cu): [(271095519, 128276510), (271095520, 128276511)]
13:39:05: [INFO] Routing pad 'D74:1' at (271095520, 128276511) with pad 'D75:1' at (290041162, 126285244) using coordinate system rotated by 264.0 degree(s)
13:39:05: [INFO] Adding track segment (B.Cu): [(271095520, 128276511), (290041160, 126285243)]
13:39:05: [INFO] Adding track segment (B.Cu): [(290041160, 126285243), (290041162, 126285244)]
13:39:05: [INFO] Routing pad 'D75:1' at (290041162, 126285244) with pad 'D76:1' at (308986804, 124293977) using coordinate system rotated by 264.0 degree(s)
13:39:05: [INFO] Adding track segment (B.Cu): [(290041162, 126285244), (308986803, 124293976)]
13:39:05: [INFO] Adding track segment (B.Cu): [(308986803, 124293976), (308986804, 124293977)]
13:39:05: [WARNING] Could not route pads when parent footprints not rotated the same, footprint1: D76 at 96.0 degree(s) and footprint2: D77 at 90.0 degree(s)
13:39:05: [INFO] Routing pad 'D77:1' at (332740000, 124462500) with pad 'D78:1' at (358933750, 124462500) using coordinate system rotated by 0 degree(s)
13:39:05: [INFO] Adding track segment (B.Cu): [(332740000, 124462500), (358933750, 124462500)]
13:39:05: [INFO] Routing pad 'D78:1' at (358933750, 124462500) with pad 'D79:1' at (389890000, 129225000) using coordinate system rotated by 0 degree(s)
13:39:05: [INFO] Adding track segment (B.Cu): [(358933750, 124462500), (363696250, 129225000)]
13:39:05: [INFO] Adding track segment (B.Cu): [(363696250, 129225000), (389890000, 129225000)]
13:39:05: [INFO] Routing COL9 pads
13:39:05: [INFO] Routing pad 'SW42:1' at (258389011, 83318418) with pad 'SW26:1' at (246924923, 65368410) using coordinate system rotated by 354.0 degree(s)
13:39:06: [INFO] Adding track segment (F.Cu): [(258389011, 83318418), (247920555, 74841230)]
13:39:06: [INFO] Adding track segment (F.Cu): [(247920555, 74841230), (246924923, 65368410)]
13:39:06: [INFO] Routing pad 'SW73:1' at (242478622, 123300533) with pad 'SW57:1' at (250907458, 103259694) using coordinate system rotated by 354.0 degree(s)
13:39:06: [INFO] Adding track segment (F.Cu): [(242478622, 123300533), (251803527, 111785232)]
13:39:06: [INFO] Adding track segment (F.Cu): [(251803527, 111785232), (250907458, 103259694)]
13:39:06: [INFO] Routing pad 'SW26:1' at (246924923, 65368410) with pad 'SW10:1' at (256750506, 40392034) using coordinate system rotated by 354.0 degree(s)
13:39:06: [INFO] Adding track segment (F.Cu): [(246924923, 65368410), (257945265, 51759418)]
13:39:06: [INFO] Adding track segment (F.Cu): [(257945265, 51759418), (256750506, 40392034)]
13:39:06: [INFO] Routing pad 'SW57:1' at (250907458, 103259694) with pad 'SW42:1' at (258389011, 83318418) using coordinate system rotated by 354.0 degree(s)
13:39:06: [INFO] Adding track segment (F.Cu): [(250907458, 103259694), (259384643, 92791239)]
13:39:06: [INFO] Adding track segment (F.Cu): [(259384643, 92791239), (258389011, 83318418)]
13:39:06: [INFO] Routing pad 'SW73:1' at (242478622, 123300533) with pad 'SW87:1' at (273835634, 139159711) using coordinate system rotated by 354.0 degree(s)
13:39:06: [INFO] Adding track segment (F.Cu): [(242478622, 123300533), (252898724, 122205335)]
13:39:06: [INFO] Adding track segment (F.Cu): [(252898724, 122205335), (273835634, 139159711)]
13:39:06: [INFO] Routing COL12 pads
13:39:06: [INFO] Routing pad 'SW45:1' at (326707500, 78422500) with pad 'SW29:1' at (308610000, 59372500) using coordinate system rotated by 0 degree(s)
13:39:06: [WARNING] Could not route pads when parent footprints not rotated the same, footprint1: SW76 at 6.0 degree(s) and footprint2: SW60 at 0.0 degree(s)
13:39:06: [INFO] Routing pad 'SW29:1' at (308610000, 59372500) with pad 'SW13:1' at (321945000, 35560000) using coordinate system rotated by 0 degree(s)
13:39:06: [INFO] Adding track segment (F.Cu): [(308610000, 59372500), (321945000, 46037500)]
13:39:06: [INFO] Adding track segment (F.Cu): [(321945000, 46037500), (321945000, 35560000)]
13:39:06: [INFO] Routing pad 'SW60:1' at (312420000, 97472500) with pad 'SW45:1' at (326707500, 78422500) using coordinate system rotated by 0 degree(s)
13:39:06: [INFO] Adding track segment (F.Cu): [(312420000, 97472500), (326707500, 83185000)]
13:39:06: [INFO] Adding track segment (F.Cu): [(326707500, 83185000), (326707500, 78422500)]
13:39:06: [INFO] Routing COL11 pads
13:39:06: [INFO] Routing pad 'SW44:1' at (296280296, 79335884) with pad 'SW28:1' at (284816207, 61385876) using coordinate system rotated by 354.0 degree(s)
13:39:06: [INFO] Adding track segment (F.Cu): [(296280296, 79335884), (285811839, 70858694)]
13:39:06: [INFO] Adding track segment (F.Cu): [(285811839, 70858694), (284816207, 61385876)]
13:39:06: [INFO] Routing pad 'SW75:1' at (280369906, 119317999) with pad 'SW59:1' at (288798742, 99277160) using coordinate system rotated by 354.0 degree(s)
13:39:06: [INFO] Adding track segment (F.Cu): [(280369906, 119317999), (289694811, 107802697)]
13:39:06: [INFO] Adding track segment (F.Cu): [(289694811, 107802697), (288798742, 99277160)]
13:39:06: [INFO] Routing pad 'SW59:1' at (288798742, 99277160) with pad 'SW44:1' at (296280296, 79335884) using coordinate system rotated by 354.0 degree(s)
13:39:06: [INFO] Adding track segment (F.Cu): [(288798742, 99277160), (297275929, 88808705)]
13:39:06: [INFO] Adding track segment (F.Cu): [(297275929, 88808705), (296280296, 79335884)]
13:39:06: [INFO] Routing pad 'SW28:1' at (284816207, 61385876) with pad 'SW12:1' at (299378201, 35911682) using coordinate system rotated by 354.0 degree(s)
13:39:06: [INFO] Adding track segment (F.Cu): [(284816207, 61385876), (300075143, 42542657)]
13:39:06: [INFO] Adding track segment (F.Cu): [(300075143, 42542657), (299378201, 35911682)]
13:39:06: [INFO] Routing COL7 pads
13:39:06: [INFO] Routing pad 'SW71:1' at (193881984, 122845073) with pad 'SW85:1' at (201363538, 142786349) using coordinate system rotated by 6.0 degree(s)
13:39:06: [INFO] Adding track segment (F.Cu): [(193881984, 122845073), (192886349, 132317892)]
13:39:06: [INFO] Adding track segment (F.Cu): [(192886349, 132317892), (201363538, 142786349)]
13:39:06: [WARNING] Could not route pads when parent footprints not rotated the same, footprint1: SW40 at 6.0 degree(s) and footprint2: SW24 at -6.0 degree(s)
13:39:06: [INFO] Routing pad 'SW24:1' at (203644914, 66406400) with pad 'SW8:1' at (208028563, 42923474) using coordinate system rotated by 6.0 degree(s)
13:39:06: [INFO] Adding track segment (F.Cu): [(203644914, 66406400), (205738605, 64710960)]
13:39:06: [INFO] Adding track segment (F.Cu): [(205738605, 64710960), (208028563, 42923474)]
13:39:06: [WARNING] Could not route pads when parent footprints not rotated the same, footprint1: SW71 at -6.0 degree(s) and footprint2: SW40 at 6.0 degree(s)
13:39:06: [INFO] Routing COL2 pads
13:39:06: [INFO] Routing pad 'SW66:1' at (96202500, 116522500) with pad 'SW82:1' at (98583750, 135572500) using coordinate system rotated by 0 degree(s)
13:39:06: [INFO] Adding track segment (F.Cu): [(96202500, 116522500), (96202500, 133191250)]
13:39:06: [INFO] Adding track segment (F.Cu): [(96202500, 133191250), (98583750, 135572500)]
13:39:06: [INFO] Routing pad 'SW19:1' at (105727500, 59372500) with pad 'SW3:1' at (105727500, 35560000) using coordinate system rotated by 0 degree(s)
13:39:06: [INFO] Adding track segment (F.Cu): [(105727500, 59372500), (105727500, 35560000)]
13:39:06: [INFO] Routing pad 'SW35:1' at (110490000, 78422500) with pad 'SW19:1' at (105727500, 59372500) using coordinate system rotated by 0 degree(s)
13:39:06: [INFO] Adding track segment (F.Cu): [(110490000, 78422500), (105727500, 73660000)]
13:39:06: [INFO] Adding track segment (F.Cu): [(105727500, 73660000), (105727500, 59372500)]
13:39:06: [INFO] Routing pad 'SW51:1' at (110490000, 97472500) with pad 'SW35:1' at (110490000, 78422500) using coordinate system rotated by 0 degree(s)
13:39:06: [INFO] Adding track segment (F.Cu): [(110490000, 97472500), (110490000, 78422500)]
13:39:06: [INFO] Routing pad 'SW66:1' at (96202500, 116522500) with pad 'SW51:1' at (110490000, 97472500) using coordinate system rotated by 0 degree(s)
13:39:06: [INFO] Adding track segment (F.Cu): [(96202500, 116522500), (110490000, 102235000)]
13:39:06: [INFO] Adding track segment (F.Cu): [(110490000, 102235000), (110490000, 97472500)]
13:39:06: [INFO] Routing COL3 pads
13:39:06: [INFO] Routing pad 'SW20:1' at (124777500, 59372500) with pad 'SW4:1' at (124777500, 35560000) using coordinate system rotated by 0 degree(s)
13:39:06: [INFO] Adding track segment (F.Cu): [(124777500, 59372500), (124777500, 35560000)]
13:39:06: [WARNING] Could not route pads when parent footprints not rotated the same, footprint1: SW36 at -6.0 degree(s) and footprint2: SW20 at 0.0 degree(s)
13:39:06: [WARNING] Could not route pads when parent footprints not rotated the same, footprint1: SW67 at 0.0 degree(s) and footprint2: SW52 at -6.0 degree(s)
13:39:06: [INFO] Routing pad 'SW52:1' at (132405350, 97228685) with pad 'SW36:1' at (132502053, 78083917) using coordinate system rotated by 6.0 degree(s)
13:39:06: [INFO] Adding track segment (F.Cu): [(132405350, 97228685), (130709911, 95134993)]
13:39:06: [INFO] Adding track segment (F.Cu): [(130709911, 95134993), (132502053, 78083917)]
13:39:06: [WARNING] Could not route pads when parent footprints not rotated the same, footprint1: SW67 at 0.0 degree(s) and footprint2: SW83 at -6.0 degree(s)
13:39:06: [INFO] Routing COL15 pads
13:39:06: [INFO] Routing pad 'SW32:1' at (396240000, 59372500) with pad 'SW16:1' at (388620000, 35560000) using coordinate system rotated by 0 degree(s)
13:39:06: [INFO] Adding track segment (F.Cu): [(396240000, 59372500), (388620000, 51752500)]
13:39:06: [INFO] Adding track segment (F.Cu): [(388620000, 51752500), (388620000, 35560000)]
13:39:06: [INFO] Routing pad 'SW48:1' at (399097500, 78422500) with pad 'SW32:1' at (396240000, 59372500) using coordinate system rotated by 0 degree(s)
13:39:06: [INFO] Adding track segment (F.Cu): [(399097500, 78422500), (396240000, 75565000)]
13:39:06: [INFO] Adding track segment (F.Cu): [(396240000, 75565000), (396240000, 59372500)]
13:39:06: [INFO] Routing pad 'SW63:1' at (402907500, 97472500) with pad 'SW48:1' at (399097500, 78422500) using coordinate system rotated by 0 degree(s)
13:39:06: [INFO] Adding track segment (F.Cu): [(402907500, 97472500), (399097500, 93662500)]
13:39:06: [INFO] Adding track segment (F.Cu): [(399097500, 93662500), (399097500, 78422500)]
13:39:06: [INFO] Routing pad 'SW79:1' at (381000000, 121285000) with pad 'SW90:1' at (400050000, 140335000) using coordinate system rotated by 0 degree(s)
13:39:06: [INFO] Routing pad 'SW79:1' at (381000000, 121285000) with pad 'SW63:1' at (402907500, 97472500) using coordinate system rotated by 0 degree(s)
13:39:06: [INFO] Routing ROW1 pads
13:39:06: [INFO] Routing pad 'D17:1' at (66992500, 67312500) with pad 'D18:1' at (95567500, 67312500) using coordinate system rotated by 0 degree(s)
13:39:06: [INFO] Adding track segment (B.Cu): [(66992500, 67312500), (95567500, 67312500)]
13:39:06: [INFO] Routing pad 'D18:1' at (95567500, 67312500) with pad 'D19:1' at (114617500, 67312500) using coordinate system rotated by 0 degree(s)
13:39:06: [INFO] Adding track segment (B.Cu): [(95567500, 67312500), (114617500, 67312500)]
13:39:06: [INFO] Routing pad 'D19:1' at (114617500, 67312500) with pad 'D20:1' at (133667500, 67312500) using coordinate system rotated by 0 degree(s)
13:39:06: [INFO] Adding track segment (B.Cu): [(114617500, 67312500), (133667500, 67312500)]
13:39:06: [WARNING] Could not route pads when parent footprints not rotated the same, footprint1: D20 at 90.0 degree(s) and footprint2: D21 at 84.0 degree(s)
13:39:06: [INFO] Routing pad 'D21:1' at (154819331, 69258360) with pad 'D22:1' at (173764973, 71249627) using coordinate system rotated by 276.0 degree(s)
13:39:06: [INFO] Adding track segment (B.Cu): [(154819331, 69258360), (173764972, 71249626)]
13:39:06: [INFO] Adding track segment (B.Cu): [(173764972, 71249626), (173764973, 71249627)]
13:39:06: [INFO] Routing pad 'D22:1' at (173764973, 71249627) with pad 'D23:1' at (192710615, 73240895) using coordinate system rotated by 276.0 degree(s)
13:39:06: [INFO] Adding track segment (B.Cu): [(173764973, 71249627), (192710613, 73240893)]
13:39:06: [INFO] Adding track segment (B.Cu): [(192710613, 73240893), (192710615, 73240895)]
13:39:06: [INFO] Routing pad 'D23:1' at (192710615, 73240895) with pad 'D24:1' at (211656257, 75232162) using coordinate system rotated by 276.0 degree(s)
13:39:06: [INFO] Adding track segment (B.Cu): [(192710615, 73240895), (211656256, 75232161)]
13:39:06: [INFO] Adding track segment (B.Cu): [(211656256, 75232161), (211656257, 75232162)]
13:39:06: [WARNING] Could not route pads when parent footprints not rotated the same, footprint1: D24 at 84.0 degree(s) and footprint2: D25 at 96.0 degree(s)
13:39:06: [INFO] Routing pad 'D25:1' at (237650537, 74326922) with pad 'D26:1' at (256596179, 72335655) using coordinate system rotated by 264.0 degree(s)
13:39:06: [INFO] Adding track segment (B.Cu): [(237650537, 74326922), (256596178, 72335654)]
13:39:07: [INFO] Adding track segment (B.Cu): [(256596178, 72335654), (256596179, 72335655)]
13:39:07: [INFO] Routing pad 'D26:1' at (256596179, 72335655) with pad 'D27:1' at (275541821, 70344388) using coordinate system rotated by 264.0 degree(s)
13:39:07: [INFO] Adding track segment (B.Cu): [(256596179, 72335655), (275541819, 70344386)]
13:39:07: [INFO] Adding track segment (B.Cu): [(275541819, 70344386), (275541821, 70344388)]
13:39:07: [INFO] Routing pad 'D27:1' at (275541821, 70344388) with pad 'D28:1' at (294487463, 68353121) using coordinate system rotated by 264.0 degree(s)
13:39:07: [INFO] Adding track segment (B.Cu): [(275541821, 70344388), (294487462, 68353120)]
13:39:07: [INFO] Adding track segment (B.Cu): [(294487462, 68353120), (294487463, 68353121)]
13:39:07: [WARNING] Could not route pads when parent footprints not rotated the same, footprint1: D28 at 96.0 degree(s) and footprint2: D29 at 90.0 degree(s)
13:39:07: [INFO] Routing pad 'D29:1' at (317500000, 67312500) with pad 'D30:1' at (336550000, 67312500) using coordinate system rotated by 0 degree(s)
13:39:07: [INFO] Adding track segment (B.Cu): [(317500000, 67312500), (336550000, 67312500)]
13:39:07: [INFO] Routing pad 'D30:1' at (336550000, 67312500) with pad 'D31:1' at (365125000, 67312500) using coordinate system rotated by 0 degree(s)
13:39:07: [INFO] Adding track segment (B.Cu): [(336550000, 67312500), (365125000, 67312500)]
13:39:07: [INFO] Routing pad 'D31:1' at (365125000, 67312500) with pad 'D32:1' at (405130000, 67312500) using coordinate system rotated by 0 degree(s)
13:39:07: [INFO] Adding track segment (B.Cu): [(365125000, 67312500), (405130000, 67312500)]
13:39:07: [INFO] Routing COL4 pads
13:39:07: [INFO] Routing pad 'SW21:1' at (146807988, 60432598) with pad 'SW5:1' at (146455226, 36451856) using coordinate system rotated by 6.0 degree(s)
13:39:07: [INFO] Adding track segment (F.Cu): [(146807988, 60432598), (144264831, 57292061)]
13:39:07: [INFO] Adding track segment (F.Cu): [(144264831, 57292061), (146455226, 36451856)]
13:39:07: [INFO] Routing pad 'SW37:1' at (151447696, 80075184) with pad 'SW21:1' at (146807988, 60432598) using coordinate system rotated by 6.0 degree(s)
13:39:07: [INFO] Adding track segment (F.Cu): [(151447696, 80075184), (145513664, 72747264)]
13:39:07: [INFO] Adding track segment (F.Cu): [(145513664, 72747264), (146807988, 60432598)]
13:39:07: [INFO] Routing pad 'SW68:1' at (137045058, 116871271) with pad 'SW53:1' at (151350993, 99219953) using coordinate system rotated by 6.0 degree(s)
13:39:07: [INFO] Adding track segment (F.Cu): [(137045058, 116871271), (150654048, 105850926)]
13:39:07: [INFO] Adding track segment (F.Cu): [(150654048, 105850926), (151350993, 99219953)]
13:39:07: [INFO] Routing pad 'SW53:1' at (151350993, 99219953) with pad 'SW37:1' at (151447696, 80075184) using coordinate system rotated by 6.0 degree(s)
13:39:07: [INFO] Adding track segment (F.Cu): [(151350993, 99219953), (149655554, 97126261)]
13:39:07: [INFO] Adding track segment (F.Cu): [(149655554, 97126261), (151447696, 80075184)]
13:39:07: [INFO] Routing pad 'SW68:1' at (137045058, 116871271) with pad 'SW84:1' at (170576870, 139550539) using coordinate system rotated by 6.0 degree(s)
13:39:07: [INFO] Adding track segment (F.Cu): [(137045058, 116871271), (153622494, 118613629)]
13:39:07: [INFO] Adding track segment (F.Cu): [(153622494, 118613629), (170576870, 139550539)]
13:39:07: [INFO] Routing COL0 pads
13:39:07: [INFO] Routing pad 'SW64:1' at (43815000, 116522500) with pad 'SW80:1' at (43815000, 135572500) using coordinate system rotated by 0 degree(s)
13:39:07: [INFO] Adding track segment (F.Cu): [(43815000, 116522500), (43815000, 135572500)]
13:39:07: [INFO] Routing pad 'SW64:1' at (43815000, 116522500) with pad 'SW49:1' at (48577500, 97472500) using coordinate system rotated by 0 degree(s)
13:39:07: [INFO] Adding track segment (F.Cu): [(43815000, 116522500), (48577500, 111760000)]
13:39:07: [INFO] Adding track segment (F.Cu): [(48577500, 111760000), (48577500, 97472500)]
13:39:07: [INFO] Routing pad 'SW49:1' at (48577500, 97472500) with pad 'SW33:1' at (53340000, 78422500) using coordinate system rotated by 0 degree(s)
13:39:07: [INFO] Adding track segment (F.Cu): [(48577500, 97472500), (53340000, 92710000)]
13:39:07: [INFO] Adding track segment (F.Cu): [(53340000, 92710000), (53340000, 78422500)]
13:39:07: [INFO] Routing pad 'SW33:1' at (53340000, 78422500) with pad 'SW17:1' at (58102500, 59372500) using coordinate system rotated by 0 degree(s)
13:39:07: [INFO] Adding track segment (F.Cu): [(53340000, 78422500), (58102500, 73660000)]
13:39:07: [INFO] Adding track segment (F.Cu): [(58102500, 73660000), (58102500, 59372500)]
13:39:07: [INFO] Routing pad 'SW17:1' at (58102500, 59372500) with pad 'SW1:S1' at (64150000, 40600000) using coordinate system rotated by 0 degree(s)
13:39:07: [INFO] Adding track segment (F.Cu): [(58102500, 59372500), (58102500, 46647500)]
13:39:07: [INFO] Adding track segment (F.Cu): [(58102500, 46647500), (64150000, 40600000)]
13:39:07: [INFO] Removing dangling tracks
