=== kbplacer.kle_serial ===
=== layout2image.py ===
=== kbplacer ===
13:41:34: [INFO] User layout: https://editor.keyboard-tools.xyz/#share=NrDeCIA9wLgAgEwDoCsAaO4DGtMGIBDI48AXw3AAY1LwMJp5KkF1Md5w8B2XvsigEYadOA1zNWFDvmIlymaoNHhhyitQQrhW+lAmoFVNAGZtpldQAs5m3sZxmKI9RTm3GtADZzP+wdYjYW5LNAAOcwiAXTQAKDB9eEEAThZnCgRwgB0AO1zc6loKE2y8ssLRcXgTVGlcLixGppUAd1xMzAALALZwABNcABcAJwBXAFMjfPK0ZRj4qsRazABPXABaZm5emS45IgFMTKKxRMc0us48JuajEpPwTPVMEufHtF0Xj5VMs2KLDJoOxfYHvDxfcHvPxfaEQXaEfatdpGTLcaa5YQnRY1dJHNBosoY2YqEoE6ZqSpnJwo0rTJQk2kzOZxBIOFIXVYbSQ7erXG44ChteAdcDdJgc-pDMaTCjonIVeas9rLcBreCbJDbS6yRFGKwifziqSYIVwQSGCjoLHYXn8nB64mWx2YfWfcDoN36v6YdDe8D60HoUH6yHoSH66Hu7yU03m3H+-Fy46Uhzc7V7XUUfVhOUVPTwu1Io29MWICgDeAjCZTQnyg2neH7AiHKM52t505slXwvj8QW4c3G0XtQVaJIqzpjs0USBTjWBCheRO1p4pnrpvk3IvnIelkUVuBVmWYXPOxZp9i8pst7Ont7oNt04mKxbIeNL62piWxzXx7j1uFbX5Fslzef83iXN1-zdJc-X-P0l1Bf9QSXSF-0hJdYRtK5e14bdkAXTAlzJMpk0NHceSua8jCXR8Zk-HojH-OiCgAqlfw3QsmO8JMzzOc0tUvKjMyIxlWLAsS62ZBZwB-QjwGSGg5VeSkC2AowwlmZS+K-IdGxE8BNIY4t+2FNIjEUyhtOtNStws51DO+ChFLdTS-UUv1NNBRTQU0yFFMhTSsP0uRtwE+NFK8OV9QeTSSNyGK13HCLJI7c9v2VbZ7Ki2t9WeRY43slipPAF9+MUzl1S2eNNOiFlXxVNU4HneNBDS9ihx-VrMW0ek9C6oIKXzICt1MuAvEGgEGyvRExsKoRXG0YRwQgAaFujMq2U0yrmuqoJqBCIRgl68JSqiIA
13:41:34: [INFO] Labels prefixes: for rows: 'ROW', for columns: 'COL'
13:41:34: [INFO] Matrix size: 11x8
13:41:35: [WARNING] No stabilizer footprint for width 2.25u, using 2u as fallback
13:41:35: [WARNING] No stabilizer footprint for width 2.25u, using 2u as fallback
13:41:35: [WARNING] No stabilizer footprint for width 2.75u, using 2u as fallback
13:41:35: [INFO] Add COL0 net
13:41:35: [INFO] Add COL1 net
13:41:35: [INFO] Add COL2 net
13:41:35: [INFO] Add COL3 net
13:41:35: [INFO] Add COL4 net
13:41:35: [INFO] Add COL5 net
13:41:35: [INFO] Add COL6 net
13:41:35: [INFO] Add COL7 net
13:41:35: [INFO] Add COL8 net
13:41:35: [INFO] Add Net-(D1-A) net
13:41:35: [INFO] Add Net-(D10-A) net
13:41:35: [INFO] Add Net-(D11-A) net
13:41:35: [INFO] Add Net-(D12-A) net
13:41:35: [INFO] Add Net-(D13-A) net
13:41:35: [INFO] Add Net-(D14-A) net
13:41:35: [INFO] Add Net-(D15-A) net
13:41:35: [INFO] Add Net-(D16-A) net
13:41:35: [INFO] Add Net-(D17-A) net
13:41:35: [INFO] Add Net-(D18-A) net
13:41:35: [INFO] Add Net-(D19-A) net
13:41:35: [INFO] Add Net-(D2-A) net
13:41:35: [INFO] Add Net-(D20-A) net
13:41:35: [INFO] Add Net-(D21-A) net
13:41:35: [INFO] Add Net-(D22-A) net
13:41:35: [INFO] Add Net-(D23-A) net
13:41:35: [INFO] Add Net-(D24-A) net
13:41:35: [INFO] Add Net-(D25-A) net
13:41:35: [INFO] Add Net-(D26-A) net
13:41:35: [INFO] Add Net-(D27-A) net
13:41:35: [INFO] Add Net-(D28-A) net
13:41:35: [INFO] Add Net-(D29-A) net
13:41:35: [INFO] Add Net-(D3-A) net
13:41:35: [INFO] Add Net-(D30-A) net
13:41:35: [INFO] Add Net-(D31-A) net
13:41:35: [INFO] Add Net-(D32-A) net
13:41:35: [INFO] Add Net-(D33-A) net
13:41:35: [INFO] Add Net-(D34-A) net
13:41:35: [INFO] Add Net-(D35-A) net
13:41:35: [INFO] Add Net-(D36-A) net
13:41:35: [INFO] Add Net-(D37-A) net
13:41:35: [INFO] Add Net-(D38-A) net
13:41:35: [INFO] Add Net-(D39-A) net
13:41:35: [INFO] Add Net-(D4-A) net
13:41:35: [INFO] Add Net-(D40-A) net
13:41:35: [INFO] Add Net-(D41-A) net
13:41:35: [INFO] Add Net-(D42-A) net
13:41:35: [INFO] Add Net-(D43-A) net
13:41:35: [INFO] Add Net-(D44-A) net
13:41:35: [INFO] Add Net-(D45-A) net
13:41:35: [INFO] Add Net-(D46-A) net
13:41:35: [INFO] Add Net-(D47-A) net
13:41:35: [INFO] Add Net-(D48-A) net
13:41:35: [INFO] Add Net-(D49-A) net
13:41:35: [INFO] Add Net-(D5-A) net
13:41:35: [INFO] Add Net-(D50-A) net
13:41:35: [INFO] Add Net-(D51-A) net
13:41:35: [INFO] Add Net-(D52-A) net
13:41:35: [INFO] Add Net-(D53-A) net
13:41:35: [INFO] Add Net-(D54-A) net
13:41:35: [INFO] Add Net-(D55-A) net
13:41:35: [INFO] Add Net-(D56-A) net
13:41:35: [INFO] Add Net-(D57-A) net
13:41:35: [INFO] Add Net-(D58-A) net
13:41:35: [INFO] Add Net-(D59-A) net
13:41:35: [INFO] Add Net-(D6-A) net
13:41:35: [INFO] Add Net-(D60-A) net
13:41:35: [INFO] Add Net-(D61-A) net
13:41:35: [INFO] Add Net-(D62-A) net
13:41:35: [INFO] Add Net-(D63-A) net
13:41:35: [INFO] Add Net-(D64-A) net
13:41:35: [INFO] Add Net-(D65-A) net
13:41:35: [INFO] Add Net-(D66-A) net
13:41:35: [INFO] Add Net-(D67-A) net
13:41:35: [INFO] Add Net-(D68-A) net
13:41:35: [INFO] Add Net-(D69-A) net
13:41:35: [INFO] Add Net-(D7-A) net
13:41:35: [INFO] Add Net-(D70-A) net
13:41:35: [INFO] Add Net-(D71-A) net
13:41:35: [INFO] Add Net-(D72-A) net
13:41:35: [INFO] Add Net-(D73-A) net
13:41:35: [INFO] Add Net-(D74-A) net
13:41:35: [INFO] Add Net-(D75-A) net
13:41:35: [INFO] Add Net-(D76-A) net
13:41:35: [INFO] Add Net-(D77-A) net
13:41:35: [INFO] Add Net-(D78-A) net
13:41:35: [INFO] Add Net-(D79-A) net
13:41:35: [INFO] Add Net-(D8-A) net
13:41:35: [INFO] Add Net-(D80-A) net
13:41:35: [INFO] Add Net-(D81-A) net
13:41:35: [INFO] Add Net-(D82-A) net
13:41:35: [INFO] Add Net-(D83-A) net
13:41:35: [INFO] Add Net-(D84-A) net
13:41:35: [INFO] Add Net-(D85-A) net
13:41:35: [INFO] Add Net-(D86-A) net
13:41:35: [INFO] Add Net-(D87-A) net
13:41:35: [INFO] Add Net-(D88-A) net
13:41:35: [INFO] Add Net-(D89-A) net
13:41:35: [INFO] Add Net-(D9-A) net
13:41:35: [INFO] Add Net-(D90-A) net
13:41:35: [INFO] Add Net-(D91-A) net
13:41:35: [INFO] Add Net-(D92-A) net
13:41:35: [INFO] Add Net-(D93-A) net
13:41:35: [INFO] Add Net-(D94-A) net
13:41:35: [INFO] Add Net-(D95-A) net
13:41:35: [INFO] Add Net-(D96-A) net
13:41:35: [INFO] Add Net-(D97-A) net
13:41:35: [INFO] Add ROW0 net
13:41:35: [INFO] Add ROW1 net
13:41:35: [INFO] Add ROW10 net
13:41:35: [INFO] Add ROW11 net
13:41:35: [INFO] Add ROW2 net
13:41:35: [INFO] Add ROW3 net
13:41:35: [INFO] Add ROW4 net
13:41:35: [INFO] Add ROW5 net
13:41:35: [INFO] Add ROW6 net
13:41:35: [INFO] Add ROW7 net
13:41:35: [INFO] Add ROW8 net
13:41:35: [INFO] Add ROW9 net
13:41:35: [INFO] Add SW1 footprint
13:41:35: [INFO] Add D1 footprint
13:41:35: [INFO] Add SW2 footprint
13:41:35: [INFO] Add D2 footprint
13:41:36: [INFO] Add SW3 footprint
13:41:36: [INFO] Add D3 footprint
13:41:36: [INFO] Add SW4 footprint
13:41:36: [INFO] Add D4 footprint
13:41:36: [INFO] Add SW5 footprint
13:41:36: [INFO] Add D5 footprint
13:41:36: [INFO] Add SW6 footprint
13:41:36: [INFO] Add D6 footprint
13:41:36: [INFO] Add SW7 footprint
13:41:36: [INFO] Add D7 footprint
13:41:36: [INFO] Add SW8 footprint
13:41:36: [INFO] Add D8 footprint
13:41:36: [INFO] Add SW9 footprint
13:41:36: [INFO] Add D9 footprint
13:41:36: [INFO] Add SW10 footprint
13:41:36: [INFO] Add D10 footprint
13:41:36: [INFO] Add SW11 footprint
13:41:36: [INFO] Add D11 footprint
13:41:36: [INFO] Add SW12 footprint
13:41:36: [INFO] Add D12 footprint
13:41:36: [INFO] Add SW13 footprint
13:41:36: [INFO] Add D13 footprint
13:41:36: [INFO] Add SW14 footprint
13:41:36: [INFO] Add D14 footprint
13:41:36: [INFO] Add SW15 footprint
13:41:36: [INFO] Add D15 footprint
13:41:36: [INFO] Add SW16 footprint
13:41:36: [INFO] Add D16 footprint
13:41:36: [INFO] Add SW17 footprint
13:41:36: [INFO] Add D17 footprint
13:41:36: [INFO] Add SW18 footprint
13:41:37: [INFO] Add D18 footprint
13:41:37: [INFO] Add SW19 footprint
13:41:37: [INFO] Add D19 footprint
13:41:37: [INFO] Add SW20 footprint
13:41:37: [INFO] Add D20 footprint
13:41:37: [INFO] Add SW21 footprint
13:41:37: [INFO] Add D21 footprint
13:41:37: [INFO] Add SW22 footprint
13:41:37: [INFO] Add D22 footprint
13:41:37: [INFO] Add SW23 footprint
13:41:37: [INFO] Add D23 footprint
13:41:37: [INFO] Add SW24 footprint
13:41:37: [INFO] Add D24 footprint
13:41:37: [INFO] Add SW25 footprint
13:41:37: [INFO] Add D25 footprint
13:41:37: [INFO] Add ST25 footprint
13:41:37: [INFO] Add SW25a footprint
13:41:37: [INFO] Add SW26 footprint
13:41:37: [INFO] Add D26 footprint
13:41:37: [INFO] Add SW26a footprint
13:41:37: [INFO] Add SW27 footprint
13:41:37: [INFO] Add D27 footprint
13:41:37: [INFO] Add SW28 footprint
13:41:37: [INFO] Add D28 footprint
13:41:37: [INFO] Add SW29 footprint
13:41:37: [INFO] Add D29 footprint
13:41:37: [INFO] Add SW30 footprint
13:41:37: [INFO] Add D30 footprint
13:41:37: [INFO] Add SW31 footprint
13:41:37: [INFO] Add D31 footprint
13:41:37: [INFO] Add SW32 footprint
13:41:37: [INFO] Add D32 footprint
13:41:37: [INFO] Add SW33 footprint
13:41:38: [INFO] Add D33 footprint
13:41:38: [INFO] Add SW34 footprint
13:41:38: [INFO] Add D34 footprint
13:41:38: [INFO] Add SW35 footprint
13:41:38: [INFO] Add D35 footprint
13:41:38: [INFO] Add SW35a footprint
13:41:38: [INFO] Add SW36 footprint
13:41:38: [INFO] Add D36 footprint
13:41:38: [INFO] Add SW37 footprint
13:41:38: [INFO] Add D37 footprint
13:41:38: [INFO] Add SW38 footprint
13:41:38: [INFO] Add D38 footprint
13:41:38: [INFO] Add SW39 footprint
13:41:38: [INFO] Add D39 footprint
13:41:38: [INFO] Add SW40 footprint
13:41:38: [INFO] Add D40 footprint
13:41:38: [INFO] Add SW41 footprint
13:41:38: [INFO] Add D41 footprint
13:41:38: [INFO] Add SW42 footprint
13:41:38: [INFO] Add D42 footprint
13:41:38: [INFO] Add SW43 footprint
13:41:38: [INFO] Add D43 footprint
13:41:38: [INFO] Add SW44 footprint
13:41:38: [INFO] Add D44 footprint
13:41:38: [INFO] Add SW44a footprint
13:41:38: [INFO] Add SW45 footprint
13:41:38: [INFO] Add D45 footprint
13:41:38: [INFO] Add SW46 footprint
13:41:38: [INFO] Add D46 footprint
13:41:39: [INFO] Add SW47 footprint
13:41:39: [INFO] Add D47 footprint
13:41:39: [INFO] Add SW48 footprint
13:41:39: [INFO] Add D48 footprint
13:41:39: [INFO] Add SW49 footprint
13:41:39: [INFO] Add D49 footprint
13:41:39: [INFO] Add SW50 footprint
13:41:39: [INFO] Add D50 footprint
13:41:39: [INFO] Add SW51 footprint
13:41:39: [INFO] Add D51 footprint
13:41:39: [INFO] Add SW52 footprint
13:41:39: [INFO] Add D52 footprint
13:41:39: [INFO] Add SW52a footprint
13:41:39: [INFO] Add SW53 footprint
13:41:39: [INFO] Add D53 footprint
13:41:39: [INFO] Add SW54 footprint
13:41:39: [INFO] Add D54 footprint
13:41:39: [INFO] Add SW55 footprint
13:41:39: [INFO] Add D55 footprint
13:41:39: [INFO] Add SW56 footprint
13:41:39: [INFO] Add D56 footprint
13:41:39: [INFO] Add SW57 footprint
13:41:39: [INFO] Add D57 footprint
13:41:39: [INFO] Add SW58 footprint
13:41:39: [INFO] Add D58 footprint
13:41:39: [INFO] Add SW59 footprint
13:41:39: [INFO] Add D59 footprint
13:41:39: [INFO] Add SW60 footprint
13:41:39: [INFO] Add D60 footprint
13:41:39: [WARNING] No stabilizer footprint for width 2.25u, using 2u as fallback
13:41:39: [INFO] Add ST60 footprint
13:41:39: [INFO] Add SW60a footprint
13:41:39: [INFO] Add ST60a footprint
13:41:39: [INFO] Add SW61 footprint
13:41:39: [INFO] Add D61 footprint
13:41:39: [INFO] Add SW61a footprint
13:41:40: [INFO] Add SW62 footprint
13:41:40: [INFO] Add D62 footprint
13:41:40: [INFO] Add SW63 footprint
13:41:40: [INFO] Add D63 footprint
13:41:40: [INFO] Add SW64 footprint
13:41:40: [INFO] Add D64 footprint
13:41:40: [INFO] Add SW65 footprint
13:41:40: [INFO] Add D65 footprint
13:41:40: [INFO] Add SW66 footprint
13:41:40: [INFO] Add D66 footprint
13:41:40: [INFO] Add SW67 footprint
13:41:40: [INFO] Add D67 footprint
13:41:40: [INFO] Add SW68 footprint
13:41:40: [INFO] Add D68 footprint
13:41:40: [INFO] Add SW69 footprint
13:41:40: [INFO] Add D69 footprint
13:41:40: [INFO] Add SW69a footprint
13:41:40: [INFO] Add SW70 footprint
13:41:40: [INFO] Add D70 footprint
13:41:40: [INFO] Add SW71 footprint
13:41:40: [INFO] Add D71 footprint
13:41:40: [INFO] Add SW72 footprint
13:41:40: [INFO] Add D72 footprint
13:41:40: [INFO] Add SW73 footprint
13:41:40: [INFO] Add D73 footprint
13:41:40: [INFO] Add SW74 footprint
13:41:40: [INFO] Add D74 footprint
13:41:40: [INFO] Add SW75 footprint
13:41:40: [INFO] Add D75 footprint
13:41:40: [INFO] Add SW76 footprint
13:41:40: [INFO] Add D76 footprint
13:41:40: [INFO] Add SW77 footprint
13:41:40: [INFO] Add D77 footprint
13:41:40: [INFO] Add SW78 footprint
13:41:41: [INFO] Add D78 footprint
13:41:41: [INFO] Add SW79 footprint
13:41:41: [INFO] Add D79 footprint
13:41:41: [WARNING] No stabilizer footprint for width 2.25u, using 2u as fallback
13:41:41: [INFO] Add ST79 footprint
13:41:41: [INFO] Add SW79a footprint
13:41:41: [INFO] Add SW80 footprint
13:41:41: [INFO] Add D80 footprint
13:41:41: [INFO] Add SW81 footprint
13:41:41: [INFO] Add D81 footprint
13:41:41: [INFO] Add SW82 footprint
13:41:41: [INFO] Add D82 footprint
13:41:41: [INFO] Add SW83 footprint
13:41:41: [INFO] Add D83 footprint
13:41:41: [INFO] Add SW84 footprint
13:41:41: [INFO] Add D84 footprint
13:41:41: [INFO] Add SW85 footprint
13:41:41: [INFO] Add D85 footprint
13:41:41: [INFO] Add SW85a footprint
13:41:41: [WARNING] No stabilizer footprint for width 2.75u, using 2u as fallback
13:41:41: [INFO] Add ST85a footprint
13:41:41: [INFO] Add SW86 footprint
13:41:41: [INFO] Add D86 footprint
13:41:41: [INFO] Add SW86a footprint
13:41:41: [INFO] Add SW87 footprint
13:41:41: [INFO] Add D87 footprint
13:41:41: [INFO] Add SW88 footprint
13:41:41: [INFO] Add D88 footprint
13:41:41: [INFO] Add SW89 footprint
13:41:41: [INFO] Add D89 footprint
13:41:41: [INFO] Add SW90 footprint
13:41:41: [INFO] Add D90 footprint
13:41:41: [INFO] Add SW91 footprint
13:41:41: [INFO] Add D91 footprint
13:41:41: [INFO] Add SW92 footprint
13:41:41: [INFO] Add D92 footprint
13:41:41: [INFO] Add SW93 footprint
13:41:42: [INFO] Add D93 footprint
13:41:42: [INFO] Add SW94 footprint
13:41:42: [INFO] Add D94 footprint
13:41:42: [INFO] Add SW95 footprint
13:41:42: [INFO] Add D95 footprint
13:41:42: [INFO] Add ST95 footprint
13:41:42: [INFO] Add SW96 footprint
13:41:42: [INFO] Add D96 footprint
13:41:42: [INFO] Add SW97 footprint
13:41:42: [INFO] Add D97 footprint
13:41:42: [INFO] Detected layout convertible to matrix annotated keyboard
13:41:42: [INFO] Using key 1U distance: (19.05, 19.05) mm
13:41:42: [INFO] Layout offset: (38100000, 28575000)
13:41:42: [INFO] Diode info: [ElementInfo(annotation_format='D{}', position_option=<PositionOption.CUSTOM: 'Custom'>, position=ElementPosition(x=5.08, y=4.0, orientation=90.0, side=<Side.BACK: 'Back'>), template_path='', start_index=-1)]
13:41:42: [INFO] Placing additional elements for SW97
13:41:42: [INFO] Placing additional elements for SW96
13:41:42: [INFO] Placing additional elements for SW95
13:41:42: [INFO] Placing additional elements for SW94
13:41:42: [INFO] Placing additional elements for SW93
13:41:42: [INFO] Placing additional elements for SW92
13:41:42: [INFO] Placing additional elements for SW91
13:41:42: [INFO] Placing additional elements for SW90
13:41:42: [INFO] Placing additional elements for SW89
13:41:42: [INFO] Placing additional elements for SW88
13:41:42: [INFO] Placing additional elements for SW87
13:41:42: [INFO] Placing additional elements for SW86a
13:41:42: [INFO] Placing additional elements for SW86
13:41:42: [INFO] Placing additional elements for SW85a
13:41:42: [INFO] Placing additional elements for SW85
13:41:42: [INFO] Placing additional elements for SW84
13:41:42: [INFO] Placing additional elements for SW83
13:41:42: [INFO] Placing additional elements for SW82
13:41:42: [INFO] Placing additional elements for SW81
13:41:42: [INFO] Placing additional elements for SW80
13:41:42: [INFO] Placing additional elements for SW79a
13:41:42: [INFO] Placing additional elements for SW79
13:41:42: [INFO] Placing additional elements for SW78
13:41:42: [INFO] Placing additional elements for SW77
13:41:42: [INFO] Placing additional elements for SW76
13:41:42: [INFO] Placing additional elements for SW75
13:41:42: [INFO] Placing additional elements for SW74
13:41:42: [INFO] Placing additional elements for SW73
13:41:42: [INFO] Placing additional elements for SW72
13:41:42: [INFO] Placing additional elements for SW71
13:41:42: [INFO] Placing additional elements for SW70
13:41:42: [INFO] Placing additional elements for SW69a
13:41:42: [INFO] Placing additional elements for SW69
13:41:42: [INFO] Placing additional elements for SW68
13:41:42: [INFO] Placing additional elements for SW67
13:41:42: [INFO] Placing additional elements for SW66
13:41:42: [INFO] Placing additional elements for SW65
13:41:42: [INFO] Placing additional elements for SW64
13:41:42: [INFO] Placing additional elements for SW63
13:41:42: [INFO] Placing additional elements for SW62
13:41:42: [INFO] Placing additional elements for SW61a
13:41:42: [INFO] Placing additional elements for SW61
13:41:42: [INFO] Placing additional elements for SW60a
13:41:42: [INFO] Placing additional elements for SW60
13:41:42: [INFO] Placing additional elements for SW59
13:41:42: [INFO] Placing additional elements for SW58
13:41:42: [INFO] Placing additional elements for SW57
13:41:42: [INFO] Placing additional elements for SW56
13:41:42: [INFO] Placing additional elements for SW55
13:41:42: [INFO] Placing additional elements for SW54
13:41:42: [INFO] Placing additional elements for SW53
13:41:42: [INFO] Placing additional elements for SW52a
13:41:42: [INFO] Placing additional elements for SW52
13:41:42: [INFO] Placing additional elements for SW51
13:41:42: [INFO] Placing additional elements for SW50
13:41:42: [INFO] Placing additional elements for SW49
13:41:42: [INFO] Placing additional elements for SW48
13:41:42: [INFO] Placing additional elements for SW47
13:41:42: [INFO] Placing additional elements for SW46
13:41:42: [INFO] Placing additional elements for SW45
13:41:42: [INFO] Placing additional elements for SW44a
13:41:42: [INFO] Placing additional elements for SW44
13:41:42: [INFO] Placing additional elements for SW43
13:41:42: [INFO] Placing additional elements for SW42
13:41:42: [INFO] Placing additional elements for SW41
13:41:42: [INFO] Placing additional elements for SW40
13:41:42: [INFO] Placing additional elements for SW39
13:41:42: [INFO] Placing additional elements for SW38
13:41:42: [INFO] Placing additional elements for SW37
13:41:42: [INFO] Placing additional elements for SW36
13:41:42: [INFO] Placing additional elements for SW35a
13:41:42: [INFO] Placing additional elements for SW35
13:41:42: [INFO] Placing additional elements for SW34
13:41:42: [INFO] Placing additional elements for SW33
13:41:42: [INFO] Placing additional elements for SW32
13:41:42: [INFO] Placing additional elements for SW31
13:41:42: [INFO] Placing additional elements for SW30
13:41:42: [INFO] Placing additional elements for SW29
13:41:42: [INFO] Placing additional elements for SW28
13:41:42: [INFO] Placing additional elements for SW27
13:41:42: [INFO] Placing additional elements for SW26a
13:41:42: [INFO] Placing additional elements for SW26
13:41:42: [INFO] Placing additional elements for SW25a
13:41:42: [INFO] Placing additional elements for SW25
13:41:42: [INFO] Placing additional elements for SW24
13:41:42: [INFO] Placing additional elements for SW23
13:41:42: [INFO] Placing additional elements for SW22
13:41:42: [INFO] Placing additional elements for SW21
13:41:42: [INFO] Placing additional elements for SW20
13:41:42: [INFO] Placing additional elements for SW19
13:41:42: [INFO] Placing additional elements for SW18
13:41:42: [INFO] Placing additional elements for SW17
13:41:42: [INFO] Placing additional elements for SW16
13:41:42: [INFO] Placing additional elements for SW15
13:41:42: [INFO] Placing additional elements for SW14
13:41:42: [INFO] Placing additional elements for SW13
13:41:42: [INFO] Placing additional elements for SW12
13:41:42: [INFO] Placing additional elements for SW11
13:41:42: [INFO] Placing additional elements for SW10
13:41:42: [INFO] Placing additional elements for SW9
13:41:42: [INFO] Placing additional elements for SW8
13:41:42: [INFO] Placing additional elements for SW7
13:41:42: [INFO] Placing additional elements for SW6
13:41:42: [INFO] Placing additional elements for SW5
13:41:42: [INFO] Placing additional elements for SW4
13:41:42: [INFO] Placing additional elements for SW3
13:41:42: [INFO] Placing additional elements for SW2
13:41:42: [INFO] Placing additional elements for SW1
13:41:42: [INFO] Routing SW97 with D97
13:41:42: [INFO] Using internal autorouter method
13:41:42: [INFO] Routing pad 'SW97:2' at (412115000, 137795000) with pad 'D97:2' at (414655000, 145475000) using coordinate system rotated by 0 degree(s)
13:41:42: [INFO] Adding track segment (B.Cu): [(412115000, 137795000), (412115000, 142935000)]
13:41:42: [INFO] Adding track segment (B.Cu): [(412115000, 142935000), (414655000, 145475000)]
13:41:42: [INFO] Routing SW96 with D96
13:41:42: [INFO] Using internal autorouter method
13:41:42: [INFO] Routing pad 'SW96:2' at (340677500, 133032500) with pad 'D96:2' at (343217500, 140712500) using coordinate system rotated by 0 degree(s)
13:41:42: [INFO] Adding track segment (B.Cu): [(340677500, 133032500), (340677500, 138172500)]
13:41:42: [INFO] Adding track segment (B.Cu): [(340677500, 138172500), (343217500, 140712500)]
13:41:42: [INFO] Routing SW95 with D95
13:41:42: [INFO] Using internal autorouter method
13:41:42: [INFO] Routing pad 'SW95:2' at (245427500, 133032500) with pad 'D95:2' at (247967500, 140712500) using coordinate system rotated by 0 degree(s)
13:41:42: [INFO] Adding track segment (B.Cu): [(245427500, 133032500), (245427500, 138172500)]
13:41:42: [INFO] Adding track segment (B.Cu): [(245427500, 138172500), (247967500, 140712500)]
13:41:42: [INFO] Routing SW94 with D94
13:41:42: [INFO] Using internal autorouter method
13:41:42: [INFO] Routing pad 'SW94:2' at (173990000, 133032500) with pad 'D94:2' at (176530000, 140712500) using coordinate system rotated by 0 degree(s)
13:41:42: [INFO] Adding track segment (B.Cu): [(173990000, 133032500), (173990000, 138172500)]
13:41:42: [INFO] Adding track segment (B.Cu): [(173990000, 138172500), (176530000, 140712500)]
13:41:42: [INFO] Routing SW93 with D93
13:41:42: [INFO] Using internal autorouter method
13:41:42: [INFO] Routing pad 'SW93:2' at (126365000, 133032500) with pad 'D93:2' at (128905000, 140712500) using coordinate system rotated by 0 degree(s)
13:41:42: [INFO] Adding track segment (B.Cu): [(126365000, 133032500), (126365000, 138172500)]
13:41:42: [INFO] Adding track segment (B.Cu): [(126365000, 138172500), (128905000, 140712500)]
13:41:42: [INFO] Routing SW92 with D92
13:41:42: [INFO] Using internal autorouter method
13:41:42: [INFO] Routing pad 'SW92:2' at (431165000, 137795000) with pad 'D92:2' at (433705000, 145475000) using coordinate system rotated by 0 degree(s)
13:41:42: [INFO] Adding track segment (B.Cu): [(431165000, 137795000), (431165000, 142935000)]
13:41:42: [INFO] Adding track segment (B.Cu): [(431165000, 142935000), (433705000, 145475000)]
13:41:42: [INFO] Routing SW91 with D91
13:41:42: [INFO] Using internal autorouter method
13:41:42: [INFO] Routing pad 'SW91:2' at (393065000, 137795000) with pad 'D91:2' at (395605000, 145475000) using coordinate system rotated by 0 degree(s)
13:41:42: [INFO] Adding track segment (B.Cu): [(393065000, 137795000), (393065000, 142935000)]
13:41:42: [INFO] Adding track segment (B.Cu): [(393065000, 142935000), (395605000, 145475000)]
13:41:42: [INFO] Routing SW90 with D90
13:41:42: [INFO] Using internal autorouter method
13:41:42: [INFO] Routing pad 'SW90:2' at (364490000, 133032500) with pad 'D90:2' at (367030000, 140712500) using coordinate system rotated by 0 degree(s)
13:41:42: [INFO] Adding track segment (B.Cu): [(364490000, 133032500), (364490000, 138172500)]
13:41:42: [INFO] Adding track segment (B.Cu): [(364490000, 138172500), (367030000, 140712500)]
13:41:42: [INFO] Routing SW89 with D89
13:41:42: [INFO] Using internal autorouter method
13:41:42: [INFO] Routing pad 'SW89:2' at (316865000, 133032500) with pad 'D89:2' at (319405000, 140712500) using coordinate system rotated by 0 degree(s)
13:41:42: [INFO] Adding track segment (B.Cu): [(316865000, 133032500), (316865000, 138172500)]
13:41:42: [INFO] Adding track segment (B.Cu): [(316865000, 138172500), (319405000, 140712500)]
13:41:42: [INFO] Routing SW88 with D88
13:41:42: [INFO] Using internal autorouter method
13:41:42: [INFO] Routing pad 'SW88:2' at (150177500, 133032500) with pad 'D88:2' at (152717500, 140712500) using coordinate system rotated by 0 degree(s)
13:41:42: [INFO] Adding track segment (B.Cu): [(150177500, 133032500), (150177500, 138172500)]
13:41:42: [INFO] Adding track segment (B.Cu): [(150177500, 138172500), (152717500, 140712500)]
13:41:42: [INFO] Routing SW87 with D87
13:41:42: [INFO] Using internal autorouter method
13:41:42: [INFO] Routing pad 'SW87:2' at (97790000, 133032500) with pad 'D87:2' at (100330000, 140712500) using coordinate system rotated by 0 degree(s)
13:41:42: [INFO] Adding track segment (B.Cu): [(97790000, 133032500), (97790000, 138172500)]
13:41:42: [INFO] Adding track segment (B.Cu): [(97790000, 138172500), (100330000, 140712500)]
13:41:42: [INFO] Routing SW86a with D86
13:41:42: [INFO] Using internal autorouter method
13:41:42: [INFO] Routing pad 'SW86a:2' at (440690000, 113982500) with pad 'D86:2' at (438467500, 121662500) using coordinate system rotated by 0 degree(s)
13:41:42: [INFO] Routing SW86 with D86
13:41:42: [INFO] Using internal autorouter method
13:41:42: [INFO] Routing pad 'SW86:2' at (435927500, 113982500) with pad 'D86:2' at (438467500, 121662500) using coordinate system rotated by 0 degree(s)
13:41:42: [INFO] Routing SW85a with D85
13:41:42: [INFO] Using internal autorouter method
13:41:42: [INFO] Routing pad 'SW85a:2' at (371633750, 113982500) with pad 'D85:2' at (364648750, 121662500) using coordinate system rotated by 0 degree(s)
13:41:42: [INFO] Routing SW85 with D85
13:41:42: [INFO] Using internal autorouter method
13:41:42: [INFO] Routing pad 'SW85:2' at (362108750, 113982500) with pad 'D85:2' at (364648750, 121662500) using coordinate system rotated by 0 degree(s)
13:41:42: [INFO] Adding track segment (B.Cu): [(362108750, 113982500), (362108750, 119122500)]
13:41:42: [INFO] Adding track segment (B.Cu): [(362108750, 119122500), (364648750, 121662500)]
13:41:42: [INFO] Routing SW84 with D84
13:41:42: [INFO] Using internal autorouter method
13:41:42: [INFO] Routing pad 'SW84:2' at (316865000, 113982500) with pad 'D84:2' at (319405000, 121662500) using coordinate system rotated by 0 degree(s)
13:41:42: [INFO] Adding track segment (B.Cu): [(316865000, 113982500), (316865000, 119122500)]
13:41:42: [INFO] Adding track segment (B.Cu): [(316865000, 119122500), (319405000, 121662500)]
13:41:42: [INFO] Routing SW83 with D83
13:41:42: [INFO] Using internal autorouter method
13:41:42: [INFO] Routing pad 'SW83:2' at (278765000, 113982500) with pad 'D83:2' at (281305000, 121662500) using coordinate system rotated by 0 degree(s)
13:41:42: [INFO] Adding track segment (B.Cu): [(278765000, 113982500), (278765000, 119122500)]
13:41:42: [INFO] Adding track segment (B.Cu): [(278765000, 119122500), (281305000, 121662500)]
13:41:42: [INFO] Routing SW82 with D82
13:41:42: [INFO] Using internal autorouter method
13:41:42: [INFO] Routing pad 'SW82:2' at (240665000, 113982500) with pad 'D82:2' at (243205000, 121662500) using coordinate system rotated by 0 degree(s)
13:41:42: [INFO] Adding track segment (B.Cu): [(240665000, 113982500), (240665000, 119122500)]
13:41:42: [INFO] Adding track segment (B.Cu): [(240665000, 119122500), (243205000, 121662500)]
13:41:42: [INFO] Routing SW81 with D81
13:41:42: [INFO] Using internal autorouter method
13:41:42: [INFO] Routing pad 'SW81:2' at (202565000, 113982500) with pad 'D81:2' at (205105000, 121662500) using coordinate system rotated by 0 degree(s)
13:41:42: [INFO] Adding track segment (B.Cu): [(202565000, 113982500), (202565000, 119122500)]
13:41:42: [INFO] Adding track segment (B.Cu): [(202565000, 119122500), (205105000, 121662500)]
13:41:42: [INFO] Routing SW80 with D80
13:41:42: [INFO] Using internal autorouter method
13:41:42: [INFO] Routing pad 'SW80:2' at (164465000, 113982500) with pad 'D80:2' at (167005000, 121662500) using coordinate system rotated by 0 degree(s)
13:41:42: [INFO] Adding track segment (B.Cu): [(164465000, 113982500), (164465000, 119122500)]
13:41:42: [INFO] Adding track segment (B.Cu): [(164465000, 119122500), (167005000, 121662500)]
13:41:42: [INFO] Routing SW79a with D79
13:41:42: [INFO] Using internal autorouter method
13:41:42: [INFO] Routing pad 'SW79a:2' at (123983750, 113982500) with pad 'D79:2' at (136048750, 121662500) using coordinate system rotated by 0 degree(s)
13:41:42: [INFO] Routing SW79 with D79
13:41:42: [INFO] Using internal autorouter method
13:41:42: [INFO] Routing pad 'SW79:2' at (133508750, 113982500) with pad 'D79:2' at (136048750, 121662500) using coordinate system rotated by 0 degree(s)
13:41:42: [INFO] Adding track segment (B.Cu): [(133508750, 113982500), (133508750, 119122500)]
13:41:42: [INFO] Adding track segment (B.Cu): [(133508750, 119122500), (136048750, 121662500)]
13:41:42: [INFO] Routing SW78 with D78
13:41:42: [INFO] Using internal autorouter method
13:41:42: [INFO] Routing pad 'SW78:2' at (412115000, 118745000) with pad 'D78:2' at (414655000, 126425000) using coordinate system rotated by 0 degree(s)
13:41:42: [INFO] Adding track segment (B.Cu): [(412115000, 118745000), (412115000, 123885000)]
13:41:42: [INFO] Adding track segment (B.Cu): [(412115000, 123885000), (414655000, 126425000)]
13:41:43: [INFO] Routing SW77 with D77
13:41:43: [INFO] Using internal autorouter method
13:41:43: [INFO] Routing pad 'SW77:2' at (388302500, 113982500) with pad 'D77:2' at (390842500, 121662500) using coordinate system rotated by 0 degree(s)
13:41:43: [INFO] Adding track segment (B.Cu): [(388302500, 113982500), (388302500, 119122500)]
13:41:43: [INFO] Adding track segment (B.Cu): [(388302500, 119122500), (390842500, 121662500)]
13:41:43: [INFO] Routing SW76 with D76
13:41:43: [INFO] Using internal autorouter method
13:41:43: [INFO] Routing pad 'SW76:2' at (335915000, 113982500) with pad 'D76:2' at (338455000, 121662500) using coordinate system rotated by 0 degree(s)
13:41:43: [INFO] Adding track segment (B.Cu): [(335915000, 113982500), (335915000, 119122500)]
13:41:43: [INFO] Adding track segment (B.Cu): [(335915000, 119122500), (338455000, 121662500)]
13:41:43: [INFO] Routing SW75 with D75
13:41:43: [INFO] Using internal autorouter method
13:41:43: [INFO] Routing pad 'SW75:2' at (297815000, 113982500) with pad 'D75:2' at (300355000, 121662500) using coordinate system rotated by 0 degree(s)
13:41:43: [INFO] Adding track segment (B.Cu): [(297815000, 113982500), (297815000, 119122500)]
13:41:43: [INFO] Adding track segment (B.Cu): [(297815000, 119122500), (300355000, 121662500)]
13:41:43: [INFO] Routing SW74 with D74
13:41:43: [INFO] Using internal autorouter method
13:41:43: [INFO] Routing pad 'SW74:2' at (259715000, 113982500) with pad 'D74:2' at (262255000, 121662500) using coordinate system rotated by 0 degree(s)
13:41:43: [INFO] Adding track segment (B.Cu): [(259715000, 113982500), (259715000, 119122500)]
13:41:43: [INFO] Adding track segment (B.Cu): [(259715000, 119122500), (262255000, 121662500)]
13:41:43: [INFO] Routing SW73 with D73
13:41:43: [INFO] Using internal autorouter method
13:41:43: [INFO] Routing pad 'SW73:2' at (221615000, 113982500) with pad 'D73:2' at (224155000, 121662500) using coordinate system rotated by 0 degree(s)
13:41:43: [INFO] Adding track segment (B.Cu): [(221615000, 113982500), (221615000, 119122500)]
13:41:43: [INFO] Adding track segment (B.Cu): [(221615000, 119122500), (224155000, 121662500)]
13:41:43: [INFO] Routing SW72 with D72
13:41:43: [INFO] Using internal autorouter method
13:41:43: [INFO] Routing pad 'SW72:2' at (183515000, 113982500) with pad 'D72:2' at (186055000, 121662500) using coordinate system rotated by 0 degree(s)
13:41:43: [INFO] Adding track segment (B.Cu): [(183515000, 113982500), (183515000, 119122500)]
13:41:43: [INFO] Adding track segment (B.Cu): [(183515000, 119122500), (186055000, 121662500)]
13:41:43: [INFO] Routing SW71 with D71
13:41:43: [INFO] Using internal autorouter method
13:41:43: [INFO] Routing pad 'SW71:2' at (145415000, 113982500) with pad 'D71:2' at (147955000, 121662500) using coordinate system rotated by 0 degree(s)
13:41:43: [INFO] Adding track segment (B.Cu): [(145415000, 113982500), (145415000, 119122500)]
13:41:43: [INFO] Adding track segment (B.Cu): [(145415000, 119122500), (147955000, 121662500)]
13:41:43: [INFO] Routing SW70 with D70
13:41:43: [INFO] Using internal autorouter method
13:41:43: [INFO] Routing pad 'SW70:2' at (97790000, 113982500) with pad 'D70:2' at (100330000, 121662500) using coordinate system rotated by 0 degree(s)
13:41:43: [INFO] Adding track segment (B.Cu): [(97790000, 113982500), (97790000, 119122500)]
13:41:43: [INFO] Adding track segment (B.Cu): [(97790000, 119122500), (100330000, 121662500)]
13:41:43: [INFO] Routing SW69a with D69
13:41:43: [INFO] Using internal autorouter method
13:41:43: [INFO] Routing pad 'SW69a:2' at (440690000, 94932500) with pad 'D69:2' at (438467500, 102612500) using coordinate system rotated by 0 degree(s)
13:41:43: [INFO] Routing SW69 with D69
13:41:43: [INFO] Using internal autorouter method
13:41:43: [INFO] Routing pad 'SW69:2' at (435927500, 94932500) with pad 'D69:2' at (438467500, 102612500) using coordinate system rotated by 0 degree(s)
13:41:43: [INFO] Routing SW68 with D68
13:41:43: [INFO] Using internal autorouter method
13:41:43: [INFO] Routing pad 'SW68:2' at (364490000, 94932500) with pad 'D68:2' at (367030000, 102612500) using coordinate system rotated by 0 degree(s)
13:41:43: [INFO] Adding track segment (B.Cu): [(364490000, 94932500), (364490000, 100072500)]
13:41:43: [INFO] Adding track segment (B.Cu): [(364490000, 100072500), (367030000, 102612500)]
13:41:43: [INFO] Routing SW67 with D67
13:41:43: [INFO] Using internal autorouter method
13:41:43: [INFO] Routing pad 'SW67:2' at (326390000, 94932500) with pad 'D67:2' at (328930000, 102612500) using coordinate system rotated by 0 degree(s)
13:41:43: [INFO] Adding track segment (B.Cu): [(326390000, 94932500), (326390000, 100072500)]
13:41:43: [INFO] Adding track segment (B.Cu): [(326390000, 100072500), (328930000, 102612500)]
13:41:43: [INFO] Routing SW66 with D66
13:41:43: [INFO] Using internal autorouter method
13:41:43: [INFO] Routing pad 'SW66:2' at (288290000, 94932500) with pad 'D66:2' at (290830000, 102612500) using coordinate system rotated by 0 degree(s)
13:41:43: [INFO] Adding track segment (B.Cu): [(288290000, 94932500), (288290000, 100072500)]
13:41:43: [INFO] Adding track segment (B.Cu): [(288290000, 100072500), (290830000, 102612500)]
13:41:43: [INFO] Routing SW65 with D65
13:41:43: [INFO] Using internal autorouter method
13:41:43: [INFO] Routing pad 'SW65:2' at (250190000, 94932500) with pad 'D65:2' at (252730000, 102612500) using coordinate system rotated by 0 degree(s)
13:41:43: [INFO] Adding track segment (B.Cu): [(250190000, 94932500), (250190000, 100072500)]
13:41:43: [INFO] Adding track segment (B.Cu): [(250190000, 100072500), (252730000, 102612500)]
13:41:43: [INFO] Routing SW64 with D64
13:41:43: [INFO] Using internal autorouter method
13:41:43: [INFO] Routing pad 'SW64:2' at (212090000, 94932500) with pad 'D64:2' at (214630000, 102612500) using coordinate system rotated by 0 degree(s)
13:41:43: [INFO] Adding track segment (B.Cu): [(212090000, 94932500), (212090000, 100072500)]
13:41:43: [INFO] Adding track segment (B.Cu): [(212090000, 100072500), (214630000, 102612500)]
13:41:43: [INFO] Routing SW63 with D63
13:41:43: [INFO] Using internal autorouter method
13:41:43: [INFO] Routing pad 'SW63:2' at (173990000, 94932500) with pad 'D63:2' at (176530000, 102612500) using coordinate system rotated by 0 degree(s)
13:41:43: [INFO] Adding track segment (B.Cu): [(173990000, 94932500), (173990000, 100072500)]
13:41:43: [INFO] Adding track segment (B.Cu): [(173990000, 100072500), (176530000, 102612500)]
13:41:43: [INFO] Routing SW62 with D62
13:41:43: [INFO] Using internal autorouter method
13:41:43: [INFO] Routing pad 'SW62:2' at (128746250, 94932500) with pad 'D62:2' at (131286250, 102612500) using coordinate system rotated by 0 degree(s)
13:41:43: [INFO] Adding track segment (B.Cu): [(128746250, 94932500), (128746250, 100072500)]
13:41:43: [INFO] Adding track segment (B.Cu): [(128746250, 100072500), (131286250, 102612500)]
13:41:43: [INFO] Routing SW61a with D61
13:41:43: [INFO] Using internal autorouter method
13:41:43: [INFO] Routing pad 'SW61a:2' at (421640000, 94932500) with pad 'D61:2' at (414655000, 102612500) using coordinate system rotated by 0 degree(s)
13:41:43: [INFO] Routing SW61 with D61
13:41:43: [INFO] Using internal autorouter method
13:41:43: [INFO] Routing pad 'SW61:2' at (412115000, 94932500) with pad 'D61:2' at (414655000, 102612500) using coordinate system rotated by 0 degree(s)
13:41:43: [INFO] Adding track segment (B.Cu): [(412115000, 94932500), (412115000, 100072500)]
13:41:43: [INFO] Adding track segment (B.Cu): [(412115000, 100072500), (414655000, 102612500)]
13:41:43: [INFO] Routing SW60a with D60
13:41:43: [INFO] Using internal autorouter method
13:41:43: [INFO] Routing pad 'SW60a:2' at (381158750, 85407500) with pad 'D60:2' at (378936250, 102612500) using coordinate system rotated by 0 degree(s)
13:41:43: [INFO] Adding track segment (B.Cu): [(381158750, 85407500), (381158750, 100390000)]
13:41:43: [INFO] Adding track segment (B.Cu): [(381158750, 100390000), (378936250, 102612500)]
13:41:43: [INFO] Routing SW60 with D60
13:41:43: [INFO] Using internal autorouter method
13:41:43: [INFO] Routing pad 'SW60:2' at (376396250, 94932500) with pad 'D60:2' at (378936250, 102612500) using coordinate system rotated by 0 degree(s)
13:41:43: [INFO] Adding track segment (B.Cu): [(376396250, 94932500), (376396250, 100072500)]
13:41:43: [INFO] Adding track segment (B.Cu): [(376396250, 100072500), (378936250, 102612500)]
13:41:43: [INFO] Routing SW59 with D59
13:41:43: [INFO] Using internal autorouter method
13:41:43: [INFO] Routing pad 'SW59:2' at (345440000, 94932500) with pad 'D59:2' at (347980000, 102612500) using coordinate system rotated by 0 degree(s)
13:41:43: [INFO] Adding track segment (B.Cu): [(345440000, 94932500), (345440000, 100072500)]
13:41:43: [INFO] Adding track segment (B.Cu): [(345440000, 100072500), (347980000, 102612500)]
13:41:43: [INFO] Routing SW58 with D58
13:41:43: [INFO] Using internal autorouter method
13:41:43: [INFO] Routing pad 'SW58:2' at (307340000, 94932500) with pad 'D58:2' at (309880000, 102612500) using coordinate system rotated by 0 degree(s)
13:41:43: [INFO] Adding track segment (B.Cu): [(307340000, 94932500), (307340000, 100072500)]
13:41:43: [INFO] Adding track segment (B.Cu): [(307340000, 100072500), (309880000, 102612500)]
13:41:43: [INFO] Routing SW57 with D57
13:41:43: [INFO] Using internal autorouter method
13:41:43: [INFO] Routing pad 'SW57:2' at (269240000, 94932500) with pad 'D57:2' at (271780000, 102612500) using coordinate system rotated by 0 degree(s)
13:41:43: [INFO] Adding track segment (B.Cu): [(269240000, 94932500), (269240000, 100072500)]
13:41:43: [INFO] Adding track segment (B.Cu): [(269240000, 100072500), (271780000, 102612500)]
13:41:43: [INFO] Routing SW56 with D56
13:41:43: [INFO] Using internal autorouter method
13:41:43: [INFO] Routing pad 'SW56:2' at (231140000, 94932500) with pad 'D56:2' at (233680000, 102612500) using coordinate system rotated by 0 degree(s)
13:41:43: [INFO] Adding track segment (B.Cu): [(231140000, 94932500), (231140000, 100072500)]
13:41:43: [INFO] Adding track segment (B.Cu): [(231140000, 100072500), (233680000, 102612500)]
13:41:43: [INFO] Routing SW55 with D55
13:41:43: [INFO] Using internal autorouter method
13:41:43: [INFO] Routing pad 'SW55:2' at (193040000, 94932500) with pad 'D55:2' at (195580000, 102612500) using coordinate system rotated by 0 degree(s)
13:41:43: [INFO] Adding track segment (B.Cu): [(193040000, 94932500), (193040000, 100072500)]
13:41:43: [INFO] Adding track segment (B.Cu): [(193040000, 100072500), (195580000, 102612500)]
13:41:43: [INFO] Routing SW54 with D54
13:41:43: [INFO] Using internal autorouter method
13:41:43: [INFO] Routing pad 'SW54:2' at (154940000, 94932500) with pad 'D54:2' at (157480000, 102612500) using coordinate system rotated by 0 degree(s)
13:41:43: [INFO] Adding track segment (B.Cu): [(154940000, 94932500), (154940000, 100072500)]
13:41:43: [INFO] Adding track segment (B.Cu): [(154940000, 100072500), (157480000, 102612500)]
13:41:43: [INFO] Routing SW53 with D53
13:41:43: [INFO] Using internal autorouter method
13:41:43: [INFO] Routing pad 'SW53:2' at (97790000, 94932500) with pad 'D53:2' at (100330000, 102612500) using coordinate system rotated by 0 degree(s)
13:41:43: [INFO] Adding track segment (B.Cu): [(97790000, 94932500), (97790000, 100072500)]
13:41:43: [INFO] Adding track segment (B.Cu): [(97790000, 100072500), (100330000, 102612500)]
13:41:43: [INFO] Routing SW52a with D52
13:41:43: [INFO] Using internal autorouter method
13:41:43: [INFO] Routing pad 'SW52a:2' at (440690000, 75882500) with pad 'D52:2' at (438467500, 83562500) using coordinate system rotated by 0 degree(s)
13:41:43: [INFO] Routing SW52 with D52
13:41:43: [INFO] Using internal autorouter method
13:41:43: [INFO] Routing pad 'SW52:2' at (435927500, 75882500) with pad 'D52:2' at (438467500, 83562500) using coordinate system rotated by 0 degree(s)
13:41:43: [INFO] Routing SW51 with D51
13:41:43: [INFO] Using internal autorouter method
13:41:43: [INFO] Routing pad 'SW51:2' at (359727500, 75882500) with pad 'D51:2' at (362267500, 83562500) using coordinate system rotated by 0 degree(s)
13:41:43: [INFO] Adding track segment (B.Cu): [(359727500, 75882500), (359727500, 81022500)]
13:41:43: [INFO] Adding track segment (B.Cu): [(359727500, 81022500), (362267500, 83562500)]
13:41:43: [INFO] Routing SW50 with D50
13:41:43: [INFO] Using internal autorouter method
13:41:43: [INFO] Routing pad 'SW50:2' at (321627500, 75882500) with pad 'D50:2' at (324167500, 83562500) using coordinate system rotated by 0 degree(s)
13:41:43: [INFO] Adding track segment (B.Cu): [(321627500, 75882500), (321627500, 81022500)]
13:41:43: [INFO] Adding track segment (B.Cu): [(321627500, 81022500), (324167500, 83562500)]
13:41:43: [INFO] Routing SW49 with D49
13:41:43: [INFO] Using internal autorouter method
13:41:43: [INFO] Routing pad 'SW49:2' at (283527500, 75882500) with pad 'D49:2' at (286067500, 83562500) using coordinate system rotated by 0 degree(s)
13:41:43: [INFO] Adding track segment (B.Cu): [(283527500, 75882500), (283527500, 81022500)]
13:41:43: [INFO] Adding track segment (B.Cu): [(283527500, 81022500), (286067500, 83562500)]
13:41:43: [INFO] Routing SW48 with D48
13:41:43: [INFO] Using internal autorouter method
13:41:43: [INFO] Routing pad 'SW48:2' at (245427500, 75882500) with pad 'D48:2' at (247967500, 83562500) using coordinate system rotated by 0 degree(s)
13:41:43: [INFO] Adding track segment (B.Cu): [(245427500, 75882500), (245427500, 81022500)]
13:41:43: [INFO] Adding track segment (B.Cu): [(245427500, 81022500), (247967500, 83562500)]
13:41:43: [INFO] Routing SW47 with D47
13:41:43: [INFO] Using internal autorouter method
13:41:43: [INFO] Routing pad 'SW47:2' at (207327500, 75882500) with pad 'D47:2' at (209867500, 83562500) using coordinate system rotated by 0 degree(s)
13:41:43: [INFO] Adding track segment (B.Cu): [(207327500, 75882500), (207327500, 81022500)]
13:41:43: [INFO] Adding track segment (B.Cu): [(207327500, 81022500), (209867500, 83562500)]
13:41:43: [INFO] Routing SW46 with D46
13:41:43: [INFO] Using internal autorouter method
13:41:43: [INFO] Routing pad 'SW46:2' at (169227500, 75882500) with pad 'D46:2' at (171767500, 83562500) using coordinate system rotated by 0 degree(s)
13:41:43: [INFO] Adding track segment (B.Cu): [(169227500, 75882500), (169227500, 81022500)]
13:41:43: [INFO] Adding track segment (B.Cu): [(169227500, 81022500), (171767500, 83562500)]
13:41:43: [INFO] Routing SW45 with D45
13:41:43: [INFO] Using internal autorouter method
13:41:43: [INFO] Routing pad 'SW45:2' at (126365000, 75882500) with pad 'D45:2' at (128905000, 83562500) using coordinate system rotated by 0 degree(s)
13:41:43: [INFO] Adding track segment (B.Cu): [(126365000, 75882500), (126365000, 81022500)]
13:41:43: [INFO] Adding track segment (B.Cu): [(126365000, 81022500), (128905000, 83562500)]
13:41:44: [INFO] Routing SW44a with D44
13:41:44: [INFO] Using internal autorouter method
13:41:44: [INFO] Routing pad 'SW44a:2' at (421640000, 75882500) with pad 'D44:2' at (414655000, 83562500) using coordinate system rotated by 0 degree(s)
13:41:44: [INFO] Routing SW44 with D44
13:41:44: [INFO] Using internal autorouter method
13:41:44: [INFO] Routing pad 'SW44:2' at (412115000, 75882500) with pad 'D44:2' at (414655000, 83562500) using coordinate system rotated by 0 degree(s)
13:41:44: [INFO] Adding track segment (B.Cu): [(412115000, 75882500), (412115000, 81022500)]
13:41:44: [INFO] Adding track segment (B.Cu): [(412115000, 81022500), (414655000, 83562500)]
13:41:44: [INFO] Routing SW43 with D43
13:41:44: [INFO] Using internal autorouter method
13:41:44: [INFO] Routing pad 'SW43:2' at (383540000, 75882500) with pad 'D43:2' at (386080000, 83562500) using coordinate system rotated by 0 degree(s)
13:41:44: [INFO] Adding track segment (B.Cu): [(383540000, 75882500), (383540000, 81022500)]
13:41:44: [INFO] Adding track segment (B.Cu): [(383540000, 81022500), (386080000, 83562500)]
13:41:44: [INFO] Routing SW42 with D42
13:41:44: [INFO] Using internal autorouter method
13:41:44: [INFO] Routing pad 'SW42:2' at (340677500, 75882500) with pad 'D42:2' at (343217500, 83562500) using coordinate system rotated by 0 degree(s)
13:41:44: [INFO] Adding track segment (B.Cu): [(340677500, 75882500), (340677500, 81022500)]
13:41:44: [INFO] Adding track segment (B.Cu): [(340677500, 81022500), (343217500, 83562500)]
13:41:44: [INFO] Routing SW41 with D41
13:41:44: [INFO] Using internal autorouter method
13:41:44: [INFO] Routing pad 'SW41:2' at (302577500, 75882500) with pad 'D41:2' at (305117500, 83562500) using coordinate system rotated by 0 degree(s)
13:41:44: [INFO] Adding track segment (B.Cu): [(302577500, 75882500), (302577500, 81022500)]
13:41:44: [INFO] Adding track segment (B.Cu): [(302577500, 81022500), (305117500, 83562500)]
13:41:44: [INFO] Routing SW40 with D40
13:41:44: [INFO] Using internal autorouter method
13:41:44: [INFO] Routing pad 'SW40:2' at (264477500, 75882500) with pad 'D40:2' at (267017500, 83562500) using coordinate system rotated by 0 degree(s)
13:41:44: [INFO] Adding track segment (B.Cu): [(264477500, 75882500), (264477500, 81022500)]
13:41:44: [INFO] Adding track segment (B.Cu): [(264477500, 81022500), (267017500, 83562500)]
13:41:44: [INFO] Routing SW39 with D39
13:41:44: [INFO] Using internal autorouter method
13:41:44: [INFO] Routing pad 'SW39:2' at (226377500, 75882500) with pad 'D39:2' at (228917500, 83562500) using coordinate system rotated by 0 degree(s)
13:41:44: [INFO] Adding track segment (B.Cu): [(226377500, 75882500), (226377500, 81022500)]
13:41:44: [INFO] Adding track segment (B.Cu): [(226377500, 81022500), (228917500, 83562500)]
13:41:44: [INFO] Routing SW38 with D38
13:41:44: [INFO] Using internal autorouter method
13:41:44: [INFO] Routing pad 'SW38:2' at (188277500, 75882500) with pad 'D38:2' at (190817500, 83562500) using coordinate system rotated by 0 degree(s)
13:41:44: [INFO] Adding track segment (B.Cu): [(188277500, 75882500), (188277500, 81022500)]
13:41:44: [INFO] Adding track segment (B.Cu): [(188277500, 81022500), (190817500, 83562500)]
13:41:44: [INFO] Routing SW37 with D37
13:41:44: [INFO] Using internal autorouter method
13:41:44: [INFO] Routing pad 'SW37:2' at (150177500, 75882500) with pad 'D37:2' at (152717500, 83562500) using coordinate system rotated by 0 degree(s)
13:41:44: [INFO] Adding track segment (B.Cu): [(150177500, 75882500), (150177500, 81022500)]
13:41:44: [INFO] Adding track segment (B.Cu): [(150177500, 81022500), (152717500, 83562500)]
13:41:44: [INFO] Routing SW36 with D36
13:41:44: [INFO] Using internal autorouter method
13:41:44: [INFO] Routing pad 'SW36:2' at (97790000, 75882500) with pad 'D36:2' at (100330000, 83562500) using coordinate system rotated by 0 degree(s)
13:41:44: [INFO] Adding track segment (B.Cu): [(97790000, 75882500), (97790000, 81022500)]
13:41:44: [INFO] Adding track segment (B.Cu): [(97790000, 81022500), (100330000, 83562500)]
13:41:44: [INFO] Routing SW35a with D35
13:41:44: [INFO] Using internal autorouter method
13:41:44: [INFO] Routing pad 'SW35a:2' at (440690000, 56832500) with pad 'D35:2' at (438467500, 59750000) using coordinate system rotated by 0 degree(s)
13:41:44: [INFO] Adding track segment (B.Cu): [(440690000, 56832500), (440690000, 57527500)]
13:41:44: [INFO] Adding track segment (B.Cu): [(440690000, 57527500), (438467500, 59750000)]
13:41:44: [INFO] Routing SW35 with D35
13:41:44: [INFO] Using internal autorouter method
13:41:44: [INFO] Routing pad 'SW35:2' at (435927500, 52070000) with pad 'D35:2' at (438467500, 59750000) using coordinate system rotated by 0 degree(s)
13:41:44: [INFO] Adding track segment (B.Cu): [(435927500, 52070000), (435927500, 57210000)]
13:41:44: [INFO] Adding track segment (B.Cu): [(435927500, 57210000), (438467500, 59750000)]
13:41:44: [INFO] Routing SW34 with D34
13:41:44: [INFO] Using internal autorouter method
13:41:44: [INFO] Routing pad 'SW34:2' at (388302500, 56832500) with pad 'D34:2' at (390842500, 64512500) using coordinate system rotated by 0 degree(s)
13:41:44: [INFO] Adding track segment (B.Cu): [(388302500, 56832500), (388302500, 61972500)]
13:41:44: [INFO] Adding track segment (B.Cu): [(388302500, 61972500), (390842500, 64512500)]
13:41:44: [INFO] Routing SW33 with D33
13:41:44: [INFO] Using internal autorouter method
13:41:44: [INFO] Routing pad 'SW33:2' at (350202500, 56832500) with pad 'D33:2' at (352742500, 64512500) using coordinate system rotated by 0 degree(s)
13:41:44: [INFO] Adding track segment (B.Cu): [(350202500, 56832500), (350202500, 61972500)]
13:41:44: [INFO] Adding track segment (B.Cu): [(350202500, 61972500), (352742500, 64512500)]
13:41:44: [INFO] Routing SW32 with D32
13:41:44: [INFO] Using internal autorouter method
13:41:44: [INFO] Routing pad 'SW32:2' at (312102500, 56832500) with pad 'D32:2' at (314642500, 64512500) using coordinate system rotated by 0 degree(s)
13:41:44: [INFO] Adding track segment (B.Cu): [(312102500, 56832500), (312102500, 61972500)]
13:41:44: [INFO] Adding track segment (B.Cu): [(312102500, 61972500), (314642500, 64512500)]
13:41:44: [INFO] Routing SW31 with D31
13:41:44: [INFO] Using internal autorouter method
13:41:44: [INFO] Routing pad 'SW31:2' at (274002500, 56832500) with pad 'D31:2' at (276542500, 64512500) using coordinate system rotated by 0 degree(s)
13:41:44: [INFO] Adding track segment (B.Cu): [(274002500, 56832500), (274002500, 61972500)]
13:41:44: [INFO] Adding track segment (B.Cu): [(274002500, 61972500), (276542500, 64512500)]
13:41:44: [INFO] Routing SW30 with D30
13:41:44: [INFO] Using internal autorouter method
13:41:44: [INFO] Routing pad 'SW30:2' at (235902500, 56832500) with pad 'D30:2' at (238442500, 64512500) using coordinate system rotated by 0 degree(s)
13:41:44: [INFO] Adding track segment (B.Cu): [(235902500, 56832500), (235902500, 61972500)]
13:41:44: [INFO] Adding track segment (B.Cu): [(235902500, 61972500), (238442500, 64512500)]
13:41:44: [INFO] Routing SW29 with D29
13:41:44: [INFO] Using internal autorouter method
13:41:44: [INFO] Routing pad 'SW29:2' at (197802500, 56832500) with pad 'D29:2' at (200342500, 64512500) using coordinate system rotated by 0 degree(s)
13:41:44: [INFO] Adding track segment (B.Cu): [(197802500, 56832500), (197802500, 61972500)]
13:41:44: [INFO] Adding track segment (B.Cu): [(197802500, 61972500), (200342500, 64512500)]
13:41:44: [INFO] Routing SW28 with D28
13:41:44: [INFO] Using internal autorouter method
13:41:44: [INFO] Routing pad 'SW28:2' at (159702500, 56832500) with pad 'D28:2' at (162242500, 64512500) using coordinate system rotated by 0 degree(s)
13:41:44: [INFO] Adding track segment (B.Cu): [(159702500, 56832500), (159702500, 61972500)]
13:41:44: [INFO] Adding track segment (B.Cu): [(159702500, 61972500), (162242500, 64512500)]
13:41:44: [INFO] Routing SW27 with D27
13:41:44: [INFO] Using internal autorouter method
13:41:44: [INFO] Routing pad 'SW27:2' at (121602500, 56832500) with pad 'D27:2' at (124142500, 64512500) using coordinate system rotated by 0 degree(s)
13:41:44: [INFO] Adding track segment (B.Cu): [(121602500, 56832500), (121602500, 61972500)]
13:41:44: [INFO] Adding track segment (B.Cu): [(121602500, 61972500), (124142500, 64512500)]
13:41:44: [INFO] Routing SW26a with D26
13:41:44: [INFO] Using internal autorouter method
13:41:44: [INFO] Routing pad 'SW26a:2' at (421640000, 56832500) with pad 'D26:2' at (419417500, 59750000) using coordinate system rotated by 0 degree(s)
13:41:44: [INFO] Adding track segment (B.Cu): [(421640000, 56832500), (421640000, 57527500)]
13:41:44: [INFO] Adding track segment (B.Cu): [(421640000, 57527500), (419417500, 59750000)]
13:41:44: [INFO] Routing SW26 with D26
13:41:44: [INFO] Using internal autorouter method
13:41:44: [INFO] Routing pad 'SW26:2' at (416877500, 52070000) with pad 'D26:2' at (419417500, 59750000) using coordinate system rotated by 0 degree(s)
13:41:44: [INFO] Adding track segment (B.Cu): [(416877500, 52070000), (416877500, 57210000)]
13:41:44: [INFO] Adding track segment (B.Cu): [(416877500, 57210000), (419417500, 59750000)]
13:41:44: [INFO] Routing SW25a with D25
13:41:44: [INFO] Using internal autorouter method
13:41:44: [INFO] Routing pad 'SW25a:2' at (369252500, 56832500) with pad 'D25:2' at (381317500, 64512500) using coordinate system rotated by 0 degree(s)
13:41:44: [INFO] Routing SW25 with D25
13:41:44: [INFO] Using internal autorouter method
13:41:44: [INFO] Routing pad 'SW25:2' at (378777500, 56832500) with pad 'D25:2' at (381317500, 64512500) using coordinate system rotated by 0 degree(s)
13:41:44: [INFO] Adding track segment (B.Cu): [(378777500, 56832500), (378777500, 61972500)]
13:41:44: [INFO] Adding track segment (B.Cu): [(378777500, 61972500), (381317500, 64512500)]
13:41:44: [INFO] Routing SW24 with D24
13:41:44: [INFO] Using internal autorouter method
13:41:44: [INFO] Routing pad 'SW24:2' at (331152500, 56832500) with pad 'D24:2' at (333692500, 64512500) using coordinate system rotated by 0 degree(s)
13:41:44: [INFO] Adding track segment (B.Cu): [(331152500, 56832500), (331152500, 61972500)]
13:41:44: [INFO] Adding track segment (B.Cu): [(331152500, 61972500), (333692500, 64512500)]
13:41:44: [INFO] Routing SW23 with D23
13:41:44: [INFO] Using internal autorouter method
13:41:44: [INFO] Routing pad 'SW23:2' at (293052500, 56832500) with pad 'D23:2' at (295592500, 64512500) using coordinate system rotated by 0 degree(s)
13:41:44: [INFO] Adding track segment (B.Cu): [(293052500, 56832500), (293052500, 61972500)]
13:41:44: [INFO] Adding track segment (B.Cu): [(293052500, 61972500), (295592500, 64512500)]
13:41:44: [INFO] Routing SW22 with D22
13:41:44: [INFO] Using internal autorouter method
13:41:44: [INFO] Routing pad 'SW22:2' at (254952500, 56832500) with pad 'D22:2' at (257492500, 64512500) using coordinate system rotated by 0 degree(s)
13:41:44: [INFO] Adding track segment (B.Cu): [(254952500, 56832500), (254952500, 61972500)]
13:41:44: [INFO] Adding track segment (B.Cu): [(254952500, 61972500), (257492500, 64512500)]
13:41:44: [INFO] Routing SW21 with D21
13:41:44: [INFO] Using internal autorouter method
13:41:44: [INFO] Routing pad 'SW21:2' at (216852500, 56832500) with pad 'D21:2' at (219392500, 64512500) using coordinate system rotated by 0 degree(s)
13:41:44: [INFO] Adding track segment (B.Cu): [(216852500, 56832500), (216852500, 61972500)]
13:41:44: [INFO] Adding track segment (B.Cu): [(216852500, 61972500), (219392500, 64512500)]
13:41:44: [INFO] Routing SW20 with D20
13:41:44: [INFO] Using internal autorouter method
13:41:44: [INFO] Routing pad 'SW20:2' at (178752500, 56832500) with pad 'D20:2' at (181292500, 64512500) using coordinate system rotated by 0 degree(s)
13:41:44: [INFO] Adding track segment (B.Cu): [(178752500, 56832500), (178752500, 61972500)]
13:41:44: [INFO] Adding track segment (B.Cu): [(178752500, 61972500), (181292500, 64512500)]
13:41:44: [INFO] Routing SW19 with D19
13:41:44: [INFO] Using internal autorouter method
13:41:44: [INFO] Routing pad 'SW19:2' at (140652500, 56832500) with pad 'D19:2' at (143192500, 64512500) using coordinate system rotated by 0 degree(s)
13:41:44: [INFO] Adding track segment (B.Cu): [(140652500, 56832500), (140652500, 61972500)]
13:41:44: [INFO] Adding track segment (B.Cu): [(140652500, 61972500), (143192500, 64512500)]
13:41:44: [INFO] Routing SW18 with D18
13:41:44: [INFO] Using internal autorouter method
13:41:44: [INFO] Routing pad 'SW18:2' at (97790000, 56832500) with pad 'D18:2' at (100330000, 64512500) using coordinate system rotated by 0 degree(s)
13:41:44: [INFO] Adding track segment (B.Cu): [(97790000, 56832500), (97790000, 61972500)]
13:41:44: [INFO] Adding track segment (B.Cu): [(97790000, 61972500), (100330000, 64512500)]
13:41:44: [INFO] Routing SW17 with D17
13:41:44: [INFO] Using internal autorouter method
13:41:44: [INFO] Routing pad 'SW17:2' at (435927500, 33020000) with pad 'D17:2' at (438467500, 40700000) using coordinate system rotated by 0 degree(s)
13:41:44: [INFO] Adding track segment (B.Cu): [(435927500, 33020000), (435927500, 38160000)]
13:41:44: [INFO] Adding track segment (B.Cu): [(435927500, 38160000), (438467500, 40700000)]
13:41:44: [INFO] Routing SW16 with D16
13:41:44: [INFO] Using internal autorouter method
13:41:44: [INFO] Routing pad 'SW16:2' at (397827500, 33020000) with pad 'D16:2' at (400367500, 40700000) using coordinate system rotated by 0 degree(s)
13:41:44: [INFO] Adding track segment (B.Cu): [(397827500, 33020000), (397827500, 38160000)]
13:41:44: [INFO] Adding track segment (B.Cu): [(397827500, 38160000), (400367500, 40700000)]
13:41:44: [INFO] Routing SW15 with D15
13:41:44: [INFO] Using internal autorouter method
13:41:44: [INFO] Routing pad 'SW15:2' at (374015000, 33020000) with pad 'D15:2' at (376555000, 40700000) using coordinate system rotated by 0 degree(s)
13:41:44: [INFO] Adding track segment (B.Cu): [(374015000, 33020000), (374015000, 38160000)]
13:41:44: [INFO] Adding track segment (B.Cu): [(374015000, 38160000), (376555000, 40700000)]
13:41:44: [INFO] Routing SW14 with D14
13:41:44: [INFO] Using internal autorouter method
13:41:44: [INFO] Routing pad 'SW14:2' at (335915000, 33020000) with pad 'D14:2' at (338455000, 40700000) using coordinate system rotated by 0 degree(s)
13:41:44: [INFO] Adding track segment (B.Cu): [(335915000, 33020000), (335915000, 38160000)]
13:41:45: [INFO] Adding track segment (B.Cu): [(335915000, 38160000), (338455000, 40700000)]
13:41:45: [INFO] Routing SW13 with D13
13:41:45: [INFO] Using internal autorouter method
13:41:45: [INFO] Routing pad 'SW13:2' at (288290000, 33020000) with pad 'D13:2' at (290830000, 40700000) using coordinate system rotated by 0 degree(s)
13:41:45: [INFO] Adding track segment (B.Cu): [(288290000, 33020000), (288290000, 38160000)]
13:41:45: [INFO] Adding track segment (B.Cu): [(288290000, 38160000), (290830000, 40700000)]
13:41:45: [INFO] Routing SW12 with D12
13:41:45: [INFO] Using internal autorouter method
13:41:45: [INFO] Routing pad 'SW12:2' at (250190000, 33020000) with pad 'D12:2' at (252730000, 40700000) using coordinate system rotated by 0 degree(s)
13:41:45: [INFO] Adding track segment (B.Cu): [(250190000, 33020000), (250190000, 38160000)]
13:41:45: [INFO] Adding track segment (B.Cu): [(250190000, 38160000), (252730000, 40700000)]
13:41:45: [INFO] Routing SW11 with D11
13:41:45: [INFO] Using internal autorouter method
13:41:45: [INFO] Routing pad 'SW11:2' at (202565000, 33020000) with pad 'D11:2' at (205105000, 40700000) using coordinate system rotated by 0 degree(s)
13:41:45: [INFO] Adding track segment (B.Cu): [(202565000, 33020000), (202565000, 38160000)]
13:41:45: [INFO] Adding track segment (B.Cu): [(202565000, 38160000), (205105000, 40700000)]
13:41:45: [INFO] Routing SW10 with D10
13:41:45: [INFO] Using internal autorouter method
13:41:45: [INFO] Routing pad 'SW10:2' at (164465000, 33020000) with pad 'D10:2' at (167005000, 40700000) using coordinate system rotated by 0 degree(s)
13:41:45: [INFO] Adding track segment (B.Cu): [(164465000, 33020000), (164465000, 38160000)]
13:41:45: [INFO] Adding track segment (B.Cu): [(164465000, 38160000), (167005000, 40700000)]
13:41:45: [INFO] Routing SW9 with D9
13:41:45: [INFO] Using internal autorouter method
13:41:45: [INFO] Routing pad 'SW9:2' at (121602500, 33020000) with pad 'D9:2' at (124142500, 40700000) using coordinate system rotated by 0 degree(s)
13:41:45: [INFO] Adding track segment (B.Cu): [(121602500, 33020000), (121602500, 38160000)]
13:41:45: [INFO] Adding track segment (B.Cu): [(121602500, 38160000), (124142500, 40700000)]
13:41:45: [INFO] Routing SW8 with D8
13:41:45: [INFO] Using internal autorouter method
13:41:45: [INFO] Routing pad 'SW8:2' at (416877500, 33020000) with pad 'D8:2' at (419417500, 40700000) using coordinate system rotated by 0 degree(s)
13:41:45: [INFO] Adding track segment (B.Cu): [(416877500, 33020000), (416877500, 38160000)]
13:41:45: [INFO] Adding track segment (B.Cu): [(416877500, 38160000), (419417500, 40700000)]
13:41:45: [INFO] Routing SW7 with D7
13:41:45: [INFO] Using internal autorouter method
13:41:45: [INFO] Routing pad 'SW7:2' at (354965000, 33020000) with pad 'D7:2' at (357505000, 40700000) using coordinate system rotated by 0 degree(s)
13:41:45: [INFO] Adding track segment (B.Cu): [(354965000, 33020000), (354965000, 38160000)]
13:41:45: [INFO] Adding track segment (B.Cu): [(354965000, 38160000), (357505000, 40700000)]
13:41:45: [INFO] Routing SW6 with D6
13:41:45: [INFO] Using internal autorouter method
13:41:45: [INFO] Routing pad 'SW6:2' at (316865000, 33020000) with pad 'D6:2' at (319405000, 40700000) using coordinate system rotated by 0 degree(s)
13:41:45: [INFO] Adding track segment (B.Cu): [(316865000, 33020000), (316865000, 38160000)]
13:41:45: [INFO] Adding track segment (B.Cu): [(316865000, 38160000), (319405000, 40700000)]
13:41:45: [INFO] Routing SW5 with D5
13:41:45: [INFO] Using internal autorouter method
13:41:45: [INFO] Routing pad 'SW5:2' at (269240000, 33020000) with pad 'D5:2' at (271780000, 40700000) using coordinate system rotated by 0 degree(s)
13:41:45: [INFO] Adding track segment (B.Cu): [(269240000, 33020000), (269240000, 38160000)]
13:41:45: [INFO] Adding track segment (B.Cu): [(269240000, 38160000), (271780000, 40700000)]
13:41:45: [INFO] Routing SW4 with D4
13:41:45: [INFO] Using internal autorouter method
13:41:45: [INFO] Routing pad 'SW4:2' at (231140000, 33020000) with pad 'D4:2' at (233680000, 40700000) using coordinate system rotated by 0 degree(s)
13:41:45: [INFO] Adding track segment (B.Cu): [(231140000, 33020000), (231140000, 38160000)]
13:41:45: [INFO] Adding track segment (B.Cu): [(231140000, 38160000), (233680000, 40700000)]
13:41:45: [INFO] Routing SW3 with D3
13:41:45: [INFO] Using internal autorouter method
13:41:45: [INFO] Routing pad 'SW3:2' at (183515000, 33020000) with pad 'D3:2' at (186055000, 40700000) using coordinate system rotated by 0 degree(s)
13:41:45: [INFO] Adding track segment (B.Cu): [(183515000, 33020000), (183515000, 38160000)]
13:41:45: [INFO] Adding track segment (B.Cu): [(183515000, 38160000), (186055000, 40700000)]
13:41:45: [INFO] Routing SW2 with D2
13:41:45: [INFO] Using internal autorouter method
13:41:45: [INFO] Routing pad 'SW2:2' at (145415000, 33020000) with pad 'D2:2' at (147955000, 40700000) using coordinate system rotated by 0 degree(s)
13:41:45: [INFO] Adding track segment (B.Cu): [(145415000, 33020000), (145415000, 38160000)]
13:41:45: [INFO] Adding track segment (B.Cu): [(145415000, 38160000), (147955000, 40700000)]
13:41:45: [INFO] Routing SW1 with D1
13:41:45: [INFO] Using internal autorouter method
13:41:45: [INFO] Routing pad 'SW1:2' at (97790000, 33020000) with pad 'D1:2' at (100330000, 40700000) using coordinate system rotated by 0 degree(s)
13:41:45: [INFO] Adding track segment (B.Cu): [(97790000, 33020000), (97790000, 38160000)]
13:41:45: [INFO] Adding track segment (B.Cu): [(97790000, 38160000), (100330000, 40700000)]
13:41:45: [INFO] Routing COL8 pads
13:41:45: [INFO] Routing pad 'SW44:1' at (405765000, 78422500) with pad 'SW61:1' at (405765000, 97472500) using coordinate system rotated by 0 degree(s)
13:41:45: [INFO] Adding track segment (F.Cu): [(405765000, 78422500), (405765000, 97472500)]
13:41:45: [INFO] Routing pad 'SW61:1' at (405765000, 97472500) with pad 'SW78:1' at (405765000, 121285000) using coordinate system rotated by 0 degree(s)
13:41:45: [INFO] Adding track segment (F.Cu): [(405765000, 97472500), (405765000, 121285000)]
13:41:45: [INFO] Routing pad 'SW26:1' at (410527500, 54610000) with pad 'SW8:1' at (410527500, 35560000) using coordinate system rotated by 0 degree(s)
13:41:45: [INFO] Adding track segment (F.Cu): [(410527500, 54610000), (410527500, 35560000)]
13:41:45: [INFO] Routing pad 'SW26a:1' at (415290000, 59372500) with pad 'SW26:1' at (410527500, 54610000) using coordinate system rotated by 0 degree(s)
13:41:45: [INFO] Routing pad 'SW44a:1' at (415290000, 78422500) with pad 'SW26a:1' at (415290000, 59372500) using coordinate system rotated by 0 degree(s)
13:41:45: [INFO] Adding track segment (F.Cu): [(415290000, 78422500), (415290000, 59372500)]
13:41:45: [INFO] Routing pad 'SW44:1' at (405765000, 78422500) with pad 'SW44a:1' at (415290000, 78422500) using coordinate system rotated by 0 degree(s)
13:41:45: [INFO] Adding track segment (F.Cu): [(405765000, 78422500), (415290000, 78422500)]
13:41:45: [INFO] Routing pad 'SW61:1' at (405765000, 97472500) with pad 'SW61a:1' at (415290000, 97472500) using coordinate system rotated by 0 degree(s)
13:41:45: [INFO] Adding track segment (F.Cu): [(405765000, 97472500), (415290000, 97472500)]
13:41:45: [INFO] Routing pad 'SW86:1' at (429577500, 116522500) with pad 'SW92:1' at (424815000, 140335000) using coordinate system rotated by 0 degree(s)
13:41:45: [INFO] Adding track segment (F.Cu): [(429577500, 116522500), (429577500, 135572500)]
13:41:45: [INFO] Adding track segment (F.Cu): [(429577500, 135572500), (424815000, 140335000)]
13:41:45: [INFO] Routing pad 'SW35:1' at (429577500, 54610000) with pad 'SW17:1' at (429577500, 35560000) using coordinate system rotated by 0 degree(s)
13:41:45: [INFO] Adding track segment (F.Cu): [(429577500, 54610000), (429577500, 35560000)]
13:41:45: [INFO] Routing pad 'SW26a:1' at (415290000, 59372500) with pad 'SW35:1' at (429577500, 54610000) using coordinate system rotated by 0 degree(s)
13:41:45: [INFO] Adding track segment (F.Cu): [(415290000, 59372500), (420052500, 54610000)]
13:41:45: [INFO] Adding track segment (F.Cu): [(420052500, 54610000), (429577500, 54610000)]
13:41:45: [INFO] Routing pad 'SW44a:1' at (415290000, 78422500) with pad 'SW52:1' at (429577500, 78422500) using coordinate system rotated by 0 degree(s)
13:41:45: [INFO] Adding track segment (F.Cu): [(415290000, 78422500), (429577500, 78422500)]
13:41:45: [INFO] Routing pad 'SW61a:1' at (415290000, 97472500) with pad 'SW69:1' at (429577500, 97472500) using coordinate system rotated by 0 degree(s)
13:41:45: [INFO] Adding track segment (F.Cu): [(415290000, 97472500), (429577500, 97472500)]
13:41:45: [INFO] Routing pad 'SW69:1' at (429577500, 97472500) with pad 'SW86:1' at (429577500, 116522500) using coordinate system rotated by 0 degree(s)
13:41:45: [INFO] Adding track segment (F.Cu): [(429577500, 97472500), (429577500, 116522500)]
13:41:45: [INFO] Routing pad 'SW35:1' at (429577500, 54610000) with pad 'SW35a:1' at (434340000, 59372500) using coordinate system rotated by 0 degree(s)
13:41:45: [INFO] Routing pad 'SW52:1' at (429577500, 78422500) with pad 'SW52a:1' at (434340000, 78422500) using coordinate system rotated by 0 degree(s)
13:41:45: [INFO] Adding track segment (F.Cu): [(429577500, 78422500), (434340000, 78422500)]
13:41:45: [INFO] Routing pad 'SW69:1' at (429577500, 97472500) with pad 'SW69a:1' at (434340000, 97472500) using coordinate system rotated by 0 degree(s)
13:41:45: [INFO] Adding track segment (F.Cu): [(429577500, 97472500), (434340000, 97472500)]
13:41:45: [INFO] Routing pad 'SW86:1' at (429577500, 116522500) with pad 'SW86a:1' at (434340000, 116522500) using coordinate system rotated by 0 degree(s)
13:41:45: [INFO] Adding track segment (F.Cu): [(429577500, 116522500), (434340000, 116522500)]
13:41:45: [INFO] Routing ROW10 pads
13:41:45: [INFO] Routing pad 'D87:1' at (100330000, 143512500) with pad 'D88:1' at (152717500, 143512500) using coordinate system rotated by 0 degree(s)
13:41:45: [INFO] Adding track segment (B.Cu): [(100330000, 143512500), (152717500, 143512500)]
13:41:45: [INFO] Could not add track segment due to detected collision
13:41:45: [INFO] Routing pad 'D88:1' at (152717500, 143512500) with pad 'D89:1' at (319405000, 143512500) using coordinate system rotated by 0 degree(s)
13:41:45: [INFO] Adding track segment (B.Cu): [(152717500, 143512500), (319405000, 143512500)]
13:41:45: [INFO] Could not add track segment due to detected collision
13:41:45: [INFO] Routing pad 'D89:1' at (319405000, 143512500) with pad 'D90:1' at (367030000, 143512500) using coordinate system rotated by 0 degree(s)
13:41:45: [INFO] Adding track segment (B.Cu): [(319405000, 143512500), (367030000, 143512500)]
13:41:45: [INFO] Could not add track segment due to detected collision
13:41:45: [INFO] Routing pad 'D90:1' at (367030000, 143512500) with pad 'D91:1' at (395605000, 148275000) using coordinate system rotated by 0 degree(s)
13:41:45: [INFO] Adding track segment (B.Cu): [(367030000, 143512500), (371792500, 148275000)]
13:41:45: [INFO] Adding track segment (B.Cu): [(371792500, 148275000), (395605000, 148275000)]
13:41:45: [INFO] Routing pad 'D91:1' at (395605000, 148275000) with pad 'D92:1' at (433705000, 148275000) using coordinate system rotated by 0 degree(s)
13:41:45: [INFO] Adding track segment (B.Cu): [(395605000, 148275000), (433705000, 148275000)]
13:41:45: [INFO] Could not add track segment due to detected collision
13:41:45: [INFO] Routing COL7 pads
13:41:45: [INFO] Routing pad 'SW60a:1' at (374808750, 87947500) with pad 'SW60:1' at (370046250, 97472500) using coordinate system rotated by 0 degree(s)
13:41:45: [INFO] Adding track segment (F.Cu): [(374808750, 87947500), (374808750, 92710000)]
13:41:45: [INFO] Adding track segment (F.Cu): [(374808750, 92710000), (370046250, 97472500)]
13:41:45: [INFO] Routing pad 'SW25a:1' at (362902500, 59372500) with pad 'SW25:1' at (372427500, 59372500) using coordinate system rotated by 0 degree(s)
13:41:45: [INFO] Adding track segment (F.Cu): [(362902500, 59372500), (372427500, 59372500)]
13:41:45: [INFO] Routing pad 'SW43:1' at (377190000, 78422500) with pad 'SW60a:1' at (374808750, 87947500) using coordinate system rotated by 0 degree(s)
13:41:45: [INFO] Adding track segment (F.Cu): [(377190000, 78422500), (377190000, 85566250)]
13:41:45: [INFO] Adding track segment (F.Cu): [(377190000, 85566250), (374808750, 87947500)]
13:41:45: [INFO] Routing pad 'SW25:1' at (372427500, 59372500) with pad 'SW43:1' at (377190000, 78422500) using coordinate system rotated by 0 degree(s)
13:41:45: [INFO] Routing pad 'SW25:1' at (372427500, 59372500) with pad 'SW34:1' at (381952500, 59372500) using coordinate system rotated by 0 degree(s)
13:41:45: [INFO] Adding track segment (F.Cu): [(372427500, 59372500), (381952500, 59372500)]
13:41:45: [INFO] Routing pad 'SW60:1' at (370046250, 97472500) with pad 'SW77:1' at (381952500, 116522500) using coordinate system rotated by 0 degree(s)
13:41:45: [INFO] Routing pad 'SW77:1' at (381952500, 116522500) with pad 'SW91:1' at (386715000, 140335000) using coordinate system rotated by 0 degree(s)
13:41:45: [INFO] Routing pad 'SW34:1' at (381952500, 59372500) with pad 'SW16:1' at (391477500, 35560000) using coordinate system rotated by 0 degree(s)
13:41:45: [INFO] Routing pad 'SW91:1' at (386715000, 140335000) with pad 'SW97:1' at (405765000, 140335000) using coordinate system rotated by 0 degree(s)
13:41:45: [INFO] Adding track segment (F.Cu): [(386715000, 140335000), (405765000, 140335000)]
13:41:45: [INFO] Routing COL2 pads
13:41:45: [INFO] Routing pad 'SW20:1' at (172402500, 59372500) with pad 'SW3:1' at (177165000, 35560000) using coordinate system rotated by 0 degree(s)
13:41:45: [INFO] Adding track segment (F.Cu): [(172402500, 59372500), (177165000, 54610000)]
13:41:45: [INFO] Adding track segment (F.Cu): [(177165000, 54610000), (177165000, 35560000)]
13:41:45: [INFO] Routing pad 'SW55:1' at (186690000, 97472500) with pad 'SW72:1' at (177165000, 116522500) using coordinate system rotated by 0 degree(s)
13:41:45: [INFO] Adding track segment (F.Cu): [(186690000, 97472500), (186690000, 106997500)]
13:41:45: [INFO] Adding track segment (F.Cu): [(186690000, 106997500), (177165000, 116522500)]
13:41:45: [INFO] Routing pad 'SW20:1' at (172402500, 59372500) with pad 'SW38:1' at (181927500, 78422500) using coordinate system rotated by 0 degree(s)
13:41:45: [INFO] Adding track segment (F.Cu): [(172402500, 59372500), (172402500, 68897500)]
13:41:45: [INFO] Adding track segment (F.Cu): [(172402500, 68897500), (181927500, 78422500)]
13:41:45: [INFO] Routing pad 'SW38:1' at (181927500, 78422500) with pad 'SW55:1' at (186690000, 97472500) using coordinate system rotated by 0 degree(s)
13:41:45: [INFO] Adding track segment (F.Cu): [(181927500, 78422500), (181927500, 92710000)]
13:41:45: [INFO] Adding track segment (F.Cu): [(181927500, 92710000), (186690000, 97472500)]
13:41:45: [INFO] Routing pad 'SW20:1' at (172402500, 59372500) with pad 'SW29:1' at (191452500, 59372500) using coordinate system rotated by 0 degree(s)
13:41:45: [INFO] Adding track segment (F.Cu): [(172402500, 59372500), (191452500, 59372500)]
13:41:45: [INFO] Routing pad 'SW3:1' at (177165000, 35560000) with pad 'SW11:1' at (196215000, 35560000) using coordinate system rotated by 0 degree(s)
13:41:45: [INFO] Adding track segment (F.Cu): [(177165000, 35560000), (196215000, 35560000)]
13:41:45: [INFO] Routing pad 'SW72:1' at (177165000, 116522500) with pad 'SW81:1' at (196215000, 116522500) using coordinate system rotated by 0 degree(s)
13:41:45: [INFO] Adding track segment (F.Cu): [(177165000, 116522500), (196215000, 116522500)]
13:41:45: [INFO] Routing pad 'SW38:1' at (181927500, 78422500) with pad 'SW47:1' at (200977500, 78422500) using coordinate system rotated by 0 degree(s)
13:41:45: [INFO] Adding track segment (F.Cu): [(181927500, 78422500), (200977500, 78422500)]
13:41:45: [INFO] Routing pad 'SW55:1' at (186690000, 97472500) with pad 'SW64:1' at (205740000, 97472500) using coordinate system rotated by 0 degree(s)
13:41:45: [INFO] Adding track segment (F.Cu): [(186690000, 97472500), (205740000, 97472500)]
13:41:45: [INFO] Routing ROW7 pads
13:41:45: [INFO] Routing pad 'D62:1' at (131286250, 105412500) with pad 'D63:1' at (176530000, 105412500) using coordinate system rotated by 0 degree(s)
13:41:45: [INFO] Adding track segment (B.Cu): [(131286250, 105412500), (176530000, 105412500)]
13:41:45: [INFO] Could not add track segment due to detected collision
13:41:45: [INFO] Routing pad 'D63:1' at (176530000, 105412500) with pad 'D64:1' at (214630000, 105412500) using coordinate system rotated by 0 degree(s)
13:41:45: [INFO] Adding track segment (B.Cu): [(176530000, 105412500), (214630000, 105412500)]
13:41:45: [INFO] Could not add track segment due to detected collision
13:41:45: [INFO] Routing pad 'D64:1' at (214630000, 105412500) with pad 'D65:1' at (252730000, 105412500) using coordinate system rotated by 0 degree(s)
13:41:45: [INFO] Adding track segment (B.Cu): [(214630000, 105412500), (252730000, 105412500)]
13:41:45: [INFO] Could not add track segment due to detected collision
13:41:45: [INFO] Routing pad 'D65:1' at (252730000, 105412500) with pad 'D66:1' at (290830000, 105412500) using coordinate system rotated by 0 degree(s)
13:41:45: [INFO] Adding track segment (B.Cu): [(252730000, 105412500), (290830000, 105412500)]
13:41:46: [INFO] Could not add track segment due to detected collision
13:41:46: [INFO] Routing pad 'D66:1' at (290830000, 105412500) with pad 'D67:1' at (328930000, 105412500) using coordinate system rotated by 0 degree(s)
13:41:46: [INFO] Adding track segment (B.Cu): [(290830000, 105412500), (328930000, 105412500)]
13:41:46: [INFO] Could not add track segment due to detected collision
13:41:46: [INFO] Routing pad 'D67:1' at (328930000, 105412500) with pad 'D68:1' at (367030000, 105412500) using coordinate system rotated by 0 degree(s)
13:41:46: [INFO] Adding track segment (B.Cu): [(328930000, 105412500), (367030000, 105412500)]
13:41:46: [INFO] Could not add track segment due to detected collision
13:41:46: [INFO] Routing pad 'D68:1' at (367030000, 105412500) with pad 'D69:1' at (438467500, 105412500) using coordinate system rotated by 0 degree(s)
13:41:46: [INFO] Adding track segment (B.Cu): [(367030000, 105412500), (438467500, 105412500)]
13:41:46: [INFO] Could not add track segment due to detected collision
13:41:46: [INFO] Routing ROW6 pads
13:41:46: [INFO] Routing pad 'D53:1' at (100330000, 105412500) with pad 'D54:1' at (157480000, 105412500) using coordinate system rotated by 0 degree(s)
13:41:46: [INFO] Adding track segment (B.Cu): [(100330000, 105412500), (157480000, 105412500)]
13:41:46: [INFO] Could not add track segment due to detected collision
13:41:46: [INFO] Routing pad 'D54:1' at (157480000, 105412500) with pad 'D55:1' at (195580000, 105412500) using coordinate system rotated by 0 degree(s)
13:41:46: [INFO] Adding track segment (B.Cu): [(157480000, 105412500), (195580000, 105412500)]
13:41:46: [INFO] Could not add track segment due to detected collision
13:41:46: [INFO] Routing pad 'D55:1' at (195580000, 105412500) with pad 'D56:1' at (233680000, 105412500) using coordinate system rotated by 0 degree(s)
13:41:46: [INFO] Adding track segment (B.Cu): [(195580000, 105412500), (233680000, 105412500)]
13:41:46: [INFO] Could not add track segment due to detected collision
13:41:46: [INFO] Routing pad 'D56:1' at (233680000, 105412500) with pad 'D57:1' at (271780000, 105412500) using coordinate system rotated by 0 degree(s)
13:41:46: [INFO] Adding track segment (B.Cu): [(233680000, 105412500), (271780000, 105412500)]
13:41:46: [INFO] Could not add track segment due to detected collision
13:41:46: [INFO] Routing pad 'D57:1' at (271780000, 105412500) with pad 'D58:1' at (309880000, 105412500) using coordinate system rotated by 0 degree(s)
13:41:46: [INFO] Adding track segment (B.Cu): [(271780000, 105412500), (309880000, 105412500)]
13:41:46: [INFO] Could not add track segment due to detected collision
13:41:46: [INFO] Routing pad 'D58:1' at (309880000, 105412500) with pad 'D59:1' at (347980000, 105412500) using coordinate system rotated by 0 degree(s)
13:41:46: [INFO] Adding track segment (B.Cu): [(309880000, 105412500), (347980000, 105412500)]
13:41:46: [INFO] Could not add track segment due to detected collision
13:41:46: [INFO] Routing pad 'D59:1' at (347980000, 105412500) with pad 'D60:1' at (378936250, 105412500) using coordinate system rotated by 0 degree(s)
13:41:46: [INFO] Adding track segment (B.Cu): [(347980000, 105412500), (378936250, 105412500)]
13:41:46: [INFO] Could not add track segment due to detected collision
13:41:46: [INFO] Routing pad 'D60:1' at (378936250, 105412500) with pad 'D61:1' at (414655000, 105412500) using coordinate system rotated by 0 degree(s)
13:41:46: [INFO] Adding track segment (B.Cu): [(378936250, 105412500), (414655000, 105412500)]
13:41:46: [INFO] Routing ROW2 pads
13:41:46: [INFO] Routing pad 'D18:1' at (100330000, 67312500) with pad 'D19:1' at (143192500, 67312500) using coordinate system rotated by 0 degree(s)
13:41:46: [INFO] Adding track segment (B.Cu): [(100330000, 67312500), (143192500, 67312500)]
13:41:46: [INFO] Could not add track segment due to detected collision
13:41:46: [INFO] Routing pad 'D19:1' at (143192500, 67312500) with pad 'D20:1' at (181292500, 67312500) using coordinate system rotated by 0 degree(s)
13:41:46: [INFO] Adding track segment (B.Cu): [(143192500, 67312500), (181292500, 67312500)]
13:41:46: [INFO] Could not add track segment due to detected collision
13:41:46: [INFO] Routing pad 'D20:1' at (181292500, 67312500) with pad 'D21:1' at (219392500, 67312500) using coordinate system rotated by 0 degree(s)
13:41:46: [INFO] Adding track segment (B.Cu): [(181292500, 67312500), (219392500, 67312500)]
13:41:46: [INFO] Could not add track segment due to detected collision
13:41:46: [INFO] Routing pad 'D21:1' at (219392500, 67312500) with pad 'D22:1' at (257492500, 67312500) using coordinate system rotated by 0 degree(s)
13:41:46: [INFO] Adding track segment (B.Cu): [(219392500, 67312500), (257492500, 67312500)]
13:41:46: [INFO] Could not add track segment due to detected collision
13:41:46: [INFO] Routing pad 'D22:1' at (257492500, 67312500) with pad 'D23:1' at (295592500, 67312500) using coordinate system rotated by 0 degree(s)
13:41:46: [INFO] Adding track segment (B.Cu): [(257492500, 67312500), (295592500, 67312500)]
13:41:46: [INFO] Could not add track segment due to detected collision
13:41:46: [INFO] Routing pad 'D23:1' at (295592500, 67312500) with pad 'D24:1' at (333692500, 67312500) using coordinate system rotated by 0 degree(s)
13:41:46: [INFO] Adding track segment (B.Cu): [(295592500, 67312500), (333692500, 67312500)]
13:41:46: [INFO] Could not add track segment due to detected collision
13:41:46: [INFO] Routing pad 'D24:1' at (333692500, 67312500) with pad 'D25:1' at (381317500, 67312500) using coordinate system rotated by 0 degree(s)
13:41:46: [INFO] Adding track segment (B.Cu): [(333692500, 67312500), (381317500, 67312500)]
13:41:46: [INFO] Could not add track segment due to detected collision
13:41:46: [INFO] Routing pad 'D25:1' at (381317500, 67312500) with pad 'D26:1' at (419417500, 62550000) using coordinate system rotated by 0 degree(s)
13:41:46: [INFO] Routing ROW1 pads
13:41:46: [INFO] Routing pad 'D9:1' at (124142500, 43500000) with pad 'D10:1' at (167005000, 43500000) using coordinate system rotated by 0 degree(s)
13:41:46: [INFO] Adding track segment (B.Cu): [(124142500, 43500000), (167005000, 43500000)]
13:41:46: [INFO] Could not add track segment due to detected collision
13:41:46: [INFO] Routing pad 'D10:1' at (167005000, 43500000) with pad 'D11:1' at (205105000, 43500000) using coordinate system rotated by 0 degree(s)
13:41:46: [INFO] Adding track segment (B.Cu): [(167005000, 43500000), (205105000, 43500000)]
13:41:46: [INFO] Could not add track segment due to detected collision
13:41:46: [INFO] Routing pad 'D11:1' at (205105000, 43500000) with pad 'D12:1' at (252730000, 43500000) using coordinate system rotated by 0 degree(s)
13:41:46: [INFO] Adding track segment (B.Cu): [(205105000, 43500000), (252730000, 43500000)]
13:41:46: [INFO] Could not add track segment due to detected collision
13:41:46: [INFO] Routing pad 'D12:1' at (252730000, 43500000) with pad 'D13:1' at (290830000, 43500000) using coordinate system rotated by 0 degree(s)
13:41:46: [INFO] Adding track segment (B.Cu): [(252730000, 43500000), (290830000, 43500000)]
13:41:46: [INFO] Could not add track segment due to detected collision
13:41:46: [INFO] Routing pad 'D13:1' at (290830000, 43500000) with pad 'D14:1' at (338455000, 43500000) using coordinate system rotated by 0 degree(s)
13:41:46: [INFO] Adding track segment (B.Cu): [(290830000, 43500000), (338455000, 43500000)]
13:41:46: [INFO] Could not add track segment due to detected collision
13:41:46: [INFO] Routing pad 'D14:1' at (338455000, 43500000) with pad 'D15:1' at (376555000, 43500000) using coordinate system rotated by 0 degree(s)
13:41:46: [INFO] Adding track segment (B.Cu): [(338455000, 43500000), (376555000, 43500000)]
13:41:46: [INFO] Could not add track segment due to detected collision
13:41:46: [INFO] Routing pad 'D15:1' at (376555000, 43500000) with pad 'D16:1' at (400367500, 43500000) using coordinate system rotated by 0 degree(s)
13:41:46: [INFO] Adding track segment (B.Cu): [(376555000, 43500000), (400367500, 43500000)]
13:41:46: [INFO] Routing pad 'D16:1' at (400367500, 43500000) with pad 'D17:1' at (438467500, 43500000) using coordinate system rotated by 0 degree(s)
13:41:46: [INFO] Adding track segment (B.Cu): [(400367500, 43500000), (438467500, 43500000)]
13:41:46: [INFO] Could not add track segment due to detected collision
13:41:46: [INFO] Routing COL6 pads
13:41:46: [INFO] Routing pad 'SW59:1' at (339090000, 97472500) with pad 'SW76:1' at (329565000, 116522500) using coordinate system rotated by 0 degree(s)
13:41:46: [INFO] Adding track segment (F.Cu): [(339090000, 97472500), (339090000, 106997500)]
13:41:46: [INFO] Adding track segment (F.Cu): [(339090000, 106997500), (329565000, 116522500)]
13:41:46: [INFO] Routing pad 'SW24:1' at (324802500, 59372500) with pad 'SW42:1' at (334327500, 78422500) using coordinate system rotated by 0 degree(s)
13:41:46: [INFO] Adding track segment (F.Cu): [(324802500, 59372500), (324802500, 68897500)]
13:41:46: [INFO] Adding track segment (F.Cu): [(324802500, 68897500), (334327500, 78422500)]
13:41:46: [INFO] Routing pad 'SW42:1' at (334327500, 78422500) with pad 'SW59:1' at (339090000, 97472500) using coordinate system rotated by 0 degree(s)
13:41:46: [INFO] Adding track segment (F.Cu): [(334327500, 78422500), (334327500, 92710000)]
13:41:46: [INFO] Adding track segment (F.Cu): [(334327500, 92710000), (339090000, 97472500)]
13:41:46: [INFO] Routing pad 'SW24:1' at (324802500, 59372500) with pad 'SW33:1' at (343852500, 59372500) using coordinate system rotated by 0 degree(s)
13:41:46: [INFO] Adding track segment (F.Cu): [(324802500, 59372500), (343852500, 59372500)]
13:41:46: [INFO] Routing pad 'SW33:1' at (343852500, 59372500) with pad 'SW7:1' at (348615000, 35560000) using coordinate system rotated by 0 degree(s)
13:41:46: [INFO] Adding track segment (F.Cu): [(343852500, 59372500), (348615000, 54610000)]
13:41:46: [INFO] Adding track segment (F.Cu): [(348615000, 54610000), (348615000, 35560000)]
13:41:46: [INFO] Routing pad 'SW42:1' at (334327500, 78422500) with pad 'SW51:1' at (353377500, 78422500) using coordinate system rotated by 0 degree(s)
13:41:46: [INFO] Adding track segment (F.Cu): [(334327500, 78422500), (353377500, 78422500)]
13:41:46: [INFO] Routing pad 'SW68:1' at (358140000, 97472500) with pad 'SW85:1' at (355758750, 116522500) using coordinate system rotated by 0 degree(s)
13:41:46: [INFO] Routing pad 'SW59:1' at (339090000, 97472500) with pad 'SW68:1' at (358140000, 97472500) using coordinate system rotated by 0 degree(s)
13:41:46: [INFO] Adding track segment (F.Cu): [(339090000, 97472500), (358140000, 97472500)]
13:41:46: [INFO] Routing pad 'SW85:1' at (355758750, 116522500) with pad 'SW90:1' at (358140000, 135572500) using coordinate system rotated by 0 degree(s)
13:41:46: [INFO] Routing pad 'SW85:1' at (355758750, 116522500) with pad 'SW85a:1' at (365283750, 116522500) using coordinate system rotated by 0 degree(s)
13:41:46: [INFO] Adding track segment (F.Cu): [(355758750, 116522500), (365283750, 116522500)]
13:41:46: [INFO] Routing pad 'SW7:1' at (348615000, 35560000) with pad 'SW15:1' at (367665000, 35560000) using coordinate system rotated by 0 degree(s)
13:41:46: [INFO] Adding track segment (F.Cu): [(348615000, 35560000), (367665000, 35560000)]
13:41:46: [INFO] Routing COL4 pads
13:41:46: [INFO] Routing pad 'SW57:1' at (262890000, 97472500) with pad 'SW74:1' at (253365000, 116522500) using coordinate system rotated by 0 degree(s)
13:41:46: [INFO] Adding track segment (F.Cu): [(262890000, 97472500), (262890000, 106997500)]
13:41:46: [INFO] Adding track segment (F.Cu): [(262890000, 106997500), (253365000, 116522500)]
13:41:46: [INFO] Routing pad 'SW22:1' at (248602500, 59372500) with pad 'SW40:1' at (258127500, 78422500) using coordinate system rotated by 0 degree(s)
13:41:46: [INFO] Adding track segment (F.Cu): [(248602500, 59372500), (248602500, 68897500)]
13:41:46: [INFO] Adding track segment (F.Cu): [(248602500, 68897500), (258127500, 78422500)]
13:41:46: [INFO] Routing pad 'SW31:1' at (267652500, 59372500) with pad 'SW5:1' at (262890000, 35560000) using coordinate system rotated by 0 degree(s)
13:41:46: [INFO] Adding track segment (F.Cu): [(267652500, 59372500), (262890000, 54610000)]
13:41:46: [INFO] Adding track segment (F.Cu): [(262890000, 54610000), (262890000, 35560000)]
13:41:46: [INFO] Routing pad 'SW40:1' at (258127500, 78422500) with pad 'SW57:1' at (262890000, 97472500) using coordinate system rotated by 0 degree(s)
13:41:46: [INFO] Adding track segment (F.Cu): [(258127500, 78422500), (258127500, 92710000)]
13:41:46: [INFO] Adding track segment (F.Cu): [(258127500, 92710000), (262890000, 97472500)]
13:41:46: [INFO] Routing pad 'SW22:1' at (248602500, 59372500) with pad 'SW31:1' at (267652500, 59372500) using coordinate system rotated by 0 degree(s)
13:41:46: [INFO] Adding track segment (F.Cu): [(248602500, 59372500), (267652500, 59372500)]
13:41:46: [INFO] Routing pad 'SW74:1' at (253365000, 116522500) with pad 'SW83:1' at (272415000, 116522500) using coordinate system rotated by 0 degree(s)
13:41:46: [INFO] Adding track segment (F.Cu): [(253365000, 116522500), (272415000, 116522500)]
13:41:46: [INFO] Routing pad 'SW40:1' at (258127500, 78422500) with pad 'SW49:1' at (277177500, 78422500) using coordinate system rotated by 0 degree(s)
13:41:46: [INFO] Adding track segment (F.Cu): [(258127500, 78422500), (277177500, 78422500)]
13:41:46: [INFO] Routing pad 'SW5:1' at (262890000, 35560000) with pad 'SW13:1' at (281940000, 35560000) using coordinate system rotated by 0 degree(s)
13:41:46: [INFO] Adding track segment (F.Cu): [(262890000, 35560000), (281940000, 35560000)]
13:41:46: [INFO] Routing pad 'SW57:1' at (262890000, 97472500) with pad 'SW66:1' at (281940000, 97472500) using coordinate system rotated by 0 degree(s)
13:41:46: [INFO] Adding track segment (F.Cu): [(262890000, 97472500), (281940000, 97472500)]
13:41:46: [INFO] Routing ROW3 pads
13:41:46: [INFO] Routing pad 'D27:1' at (124142500, 67312500) with pad 'D28:1' at (162242500, 67312500) using coordinate system rotated by 0 degree(s)
13:41:46: [INFO] Adding track segment (B.Cu): [(124142500, 67312500), (162242500, 67312500)]
13:41:46: [INFO] Could not add track segment due to detected collision
13:41:46: [INFO] Routing pad 'D28:1' at (162242500, 67312500) with pad 'D29:1' at (200342500, 67312500) using coordinate system rotated by 0 degree(s)
13:41:46: [INFO] Adding track segment (B.Cu): [(162242500, 67312500), (200342500, 67312500)]
13:41:46: [INFO] Could not add track segment due to detected collision
13:41:46: [INFO] Routing pad 'D29:1' at (200342500, 67312500) with pad 'D30:1' at (238442500, 67312500) using coordinate system rotated by 0 degree(s)
13:41:46: [INFO] Adding track segment (B.Cu): [(200342500, 67312500), (238442500, 67312500)]
13:41:46: [INFO] Could not add track segment due to detected collision
13:41:46: [INFO] Routing pad 'D30:1' at (238442500, 67312500) with pad 'D31:1' at (276542500, 67312500) using coordinate system rotated by 0 degree(s)
13:41:46: [INFO] Adding track segment (B.Cu): [(238442500, 67312500), (276542500, 67312500)]
13:41:46: [INFO] Could not add track segment due to detected collision
13:41:46: [INFO] Routing pad 'D31:1' at (276542500, 67312500) with pad 'D32:1' at (314642500, 67312500) using coordinate system rotated by 0 degree(s)
13:41:46: [INFO] Adding track segment (B.Cu): [(276542500, 67312500), (314642500, 67312500)]
13:41:46: [INFO] Could not add track segment due to detected collision
13:41:46: [INFO] Routing pad 'D32:1' at (314642500, 67312500) with pad 'D33:1' at (352742500, 67312500) using coordinate system rotated by 0 degree(s)
13:41:46: [INFO] Adding track segment (B.Cu): [(314642500, 67312500), (352742500, 67312500)]
13:41:46: [INFO] Could not add track segment due to detected collision
13:41:46: [INFO] Routing pad 'D33:1' at (352742500, 67312500) with pad 'D34:1' at (390842500, 67312500) using coordinate system rotated by 0 degree(s)
13:41:46: [INFO] Adding track segment (B.Cu): [(352742500, 67312500), (390842500, 67312500)]
13:41:46: [INFO] Could not add track segment due to detected collision
13:41:46: [INFO] Routing pad 'D34:1' at (390842500, 67312500) with pad 'D35:1' at (438467500, 62550000) using coordinate system rotated by 0 degree(s)
13:41:46: [INFO] Routing ROW5 pads
13:41:46: [INFO] Routing pad 'D45:1' at (128905000, 86362500) with pad 'D46:1' at (171767500, 86362500) using coordinate system rotated by 0 degree(s)
13:41:46: [INFO] Adding track segment (B.Cu): [(128905000, 86362500), (171767500, 86362500)]
13:41:46: [INFO] Could not add track segment due to detected collision
13:41:46: [INFO] Routing pad 'D46:1' at (171767500, 86362500) with pad 'D47:1' at (209867500, 86362500) using coordinate system rotated by 0 degree(s)
13:41:46: [INFO] Adding track segment (B.Cu): [(171767500, 86362500), (209867500, 86362500)]
13:41:46: [INFO] Could not add track segment due to detected collision
13:41:46: [INFO] Routing pad 'D47:1' at (209867500, 86362500) with pad 'D48:1' at (247967500, 86362500) using coordinate system rotated by 0 degree(s)
13:41:46: [INFO] Adding track segment (B.Cu): [(209867500, 86362500), (247967500, 86362500)]
13:41:46: [INFO] Could not add track segment due to detected collision
13:41:46: [INFO] Routing pad 'D48:1' at (247967500, 86362500) with pad 'D49:1' at (286067500, 86362500) using coordinate system rotated by 0 degree(s)
13:41:46: [INFO] Adding track segment (B.Cu): [(247967500, 86362500), (286067500, 86362500)]
13:41:46: [INFO] Could not add track segment due to detected collision
13:41:46: [INFO] Routing pad 'D49:1' at (286067500, 86362500) with pad 'D50:1' at (324167500, 86362500) using coordinate system rotated by 0 degree(s)
13:41:46: [INFO] Adding track segment (B.Cu): [(286067500, 86362500), (324167500, 86362500)]
13:41:46: [INFO] Could not add track segment due to detected collision
13:41:46: [INFO] Routing pad 'D50:1' at (324167500, 86362500) with pad 'D51:1' at (362267500, 86362500) using coordinate system rotated by 0 degree(s)
13:41:46: [INFO] Adding track segment (B.Cu): [(324167500, 86362500), (362267500, 86362500)]
13:41:46: [INFO] Could not add track segment due to detected collision
13:41:46: [INFO] Routing pad 'D51:1' at (362267500, 86362500) with pad 'D52:1' at (438467500, 86362500) using coordinate system rotated by 0 degree(s)
13:41:46: [INFO] Adding track segment (B.Cu): [(362267500, 86362500), (438467500, 86362500)]
13:41:46: [INFO] Could not add track segment due to detected collision
13:41:46: [INFO] Routing COL5 pads
13:41:46: [INFO] Routing pad 'SW58:1' at (300990000, 97472500) with pad 'SW75:1' at (291465000, 116522500) using coordinate system rotated by 0 degree(s)
13:41:46: [INFO] Adding track segment (F.Cu): [(300990000, 97472500), (300990000, 106997500)]
13:41:46: [INFO] Adding track segment (F.Cu): [(300990000, 106997500), (291465000, 116522500)]
13:41:46: [INFO] Routing pad 'SW23:1' at (286702500, 59372500) with pad 'SW41:1' at (296227500, 78422500) using coordinate system rotated by 0 degree(s)
13:41:46: [INFO] Adding track segment (F.Cu): [(286702500, 59372500), (286702500, 68897500)]
13:41:46: [INFO] Adding track segment (F.Cu): [(286702500, 68897500), (296227500, 78422500)]
13:41:46: [INFO] Routing pad 'SW41:1' at (296227500, 78422500) with pad 'SW58:1' at (300990000, 97472500) using coordinate system rotated by 0 degree(s)
13:41:46: [INFO] Adding track segment (F.Cu): [(296227500, 78422500), (296227500, 92710000)]
13:41:46: [INFO] Adding track segment (F.Cu): [(296227500, 92710000), (300990000, 97472500)]
13:41:46: [INFO] Routing pad 'SW23:1' at (286702500, 59372500) with pad 'SW32:1' at (305752500, 59372500) using coordinate system rotated by 0 degree(s)
13:41:46: [INFO] Adding track segment (F.Cu): [(286702500, 59372500), (305752500, 59372500)]
13:41:46: [INFO] Routing pad 'SW32:1' at (305752500, 59372500) with pad 'SW6:1' at (310515000, 35560000) using coordinate system rotated by 0 degree(s)
13:41:46: [INFO] Adding track segment (F.Cu): [(305752500, 59372500), (310515000, 54610000)]
13:41:46: [INFO] Adding track segment (F.Cu): [(310515000, 54610000), (310515000, 35560000)]
13:41:46: [INFO] Routing pad 'SW75:1' at (291465000, 116522500) with pad 'SW84:1' at (310515000, 116522500) using coordinate system rotated by 0 degree(s)
13:41:46: [INFO] Adding track segment (F.Cu): [(291465000, 116522500), (310515000, 116522500)]
13:41:46: [INFO] Routing pad 'SW84:1' at (310515000, 116522500) with pad 'SW89:1' at (310515000, 135572500) using coordinate system rotated by 0 degree(s)
13:41:46: [INFO] Adding track segment (F.Cu): [(310515000, 116522500), (310515000, 135572500)]
13:41:46: [INFO] Routing pad 'SW41:1' at (296227500, 78422500) with pad 'SW50:1' at (315277500, 78422500) using coordinate system rotated by 0 degree(s)
13:41:46: [INFO] Adding track segment (F.Cu): [(296227500, 78422500), (315277500, 78422500)]
13:41:46: [INFO] Routing pad 'SW58:1' at (300990000, 97472500) with pad 'SW67:1' at (320040000, 97472500) using coordinate system rotated by 0 degree(s)
13:41:46: [INFO] Adding track segment (F.Cu): [(300990000, 97472500), (320040000, 97472500)]
13:41:46: [INFO] Routing pad 'SW6:1' at (310515000, 35560000) with pad 'SW14:1' at (329565000, 35560000) using coordinate system rotated by 0 degree(s)
13:41:46: [INFO] Adding track segment (F.Cu): [(310515000, 35560000), (329565000, 35560000)]
13:41:46: [INFO] Routing pad 'SW89:1' at (310515000, 135572500) with pad 'SW96:1' at (334327500, 135572500) using coordinate system rotated by 0 degree(s)
13:41:46: [INFO] Adding track segment (F.Cu): [(310515000, 135572500), (334327500, 135572500)]
13:41:46: [INFO] Routing COL3 pads
13:41:46: [INFO] Routing pad 'SW56:1' at (224790000, 97472500) with pad 'SW73:1' at (215265000, 116522500) using coordinate system rotated by 0 degree(s)
13:41:46: [INFO] Adding track segment (F.Cu): [(224790000, 97472500), (224790000, 106997500)]
13:41:46: [INFO] Adding track segment (F.Cu): [(224790000, 106997500), (215265000, 116522500)]
13:41:46: [INFO] Routing pad 'SW21:1' at (210502500, 59372500) with pad 'SW39:1' at (220027500, 78422500) using coordinate system rotated by 0 degree(s)
13:41:46: [INFO] Adding track segment (F.Cu): [(210502500, 59372500), (210502500, 68897500)]
13:41:46: [INFO] Adding track segment (F.Cu): [(210502500, 68897500), (220027500, 78422500)]
13:41:46: [INFO] Routing pad 'SW30:1' at (229552500, 59372500) with pad 'SW4:1' at (224790000, 35560000) using coordinate system rotated by 0 degree(s)
13:41:46: [INFO] Adding track segment (F.Cu): [(229552500, 59372500), (224790000, 54610000)]
13:41:46: [INFO] Adding track segment (F.Cu): [(224790000, 54610000), (224790000, 35560000)]
13:41:46: [INFO] Routing pad 'SW39:1' at (220027500, 78422500) with pad 'SW56:1' at (224790000, 97472500) using coordinate system rotated by 0 degree(s)
13:41:46: [INFO] Adding track segment (F.Cu): [(220027500, 78422500), (220027500, 92710000)]
13:41:46: [INFO] Adding track segment (F.Cu): [(220027500, 92710000), (224790000, 97472500)]
13:41:46: [INFO] Routing pad 'SW21:1' at (210502500, 59372500) with pad 'SW30:1' at (229552500, 59372500) using coordinate system rotated by 0 degree(s)
13:41:46: [INFO] Adding track segment (F.Cu): [(210502500, 59372500), (229552500, 59372500)]
13:41:46: [INFO] Routing pad 'SW73:1' at (215265000, 116522500) with pad 'SW82:1' at (234315000, 116522500) using coordinate system rotated by 0 degree(s)
13:41:46: [INFO] Adding track segment (F.Cu): [(215265000, 116522500), (234315000, 116522500)]
13:41:46: [INFO] Routing pad 'SW39:1' at (220027500, 78422500) with pad 'SW48:1' at (239077500, 78422500) using coordinate system rotated by 0 degree(s)
13:41:46: [INFO] Adding track segment (F.Cu): [(220027500, 78422500), (239077500, 78422500)]
13:41:46: [INFO] Routing pad 'SW82:1' at (234315000, 116522500) with pad 'SW95:1' at (239077500, 135572500) using coordinate system rotated by 0 degree(s)
13:41:47: [INFO] Adding track segment (F.Cu): [(234315000, 116522500), (234315000, 130810000)]
13:41:47: [INFO] Adding track segment (F.Cu): [(234315000, 130810000), (239077500, 135572500)]
13:41:47: [INFO] Routing pad 'SW4:1' at (224790000, 35560000) with pad 'SW12:1' at (243840000, 35560000) using coordinate system rotated by 0 degree(s)
13:41:47: [INFO] Adding track segment (F.Cu): [(224790000, 35560000), (243840000, 35560000)]
13:41:47: [INFO] Routing pad 'SW56:1' at (224790000, 97472500) with pad 'SW65:1' at (243840000, 97472500) using coordinate system rotated by 0 degree(s)
13:41:47: [INFO] Adding track segment (F.Cu): [(224790000, 97472500), (243840000, 97472500)]
13:41:47: [INFO] Routing ROW0 pads
13:41:47: [INFO] Routing pad 'D1:1' at (100330000, 43500000) with pad 'D2:1' at (147955000, 43500000) using coordinate system rotated by 0 degree(s)
13:41:47: [INFO] Adding track segment (B.Cu): [(100330000, 43500000), (147955000, 43500000)]
13:41:47: [INFO] Could not add track segment due to detected collision
13:41:47: [INFO] Routing pad 'D2:1' at (147955000, 43500000) with pad 'D3:1' at (186055000, 43500000) using coordinate system rotated by 0 degree(s)
13:41:47: [INFO] Adding track segment (B.Cu): [(147955000, 43500000), (186055000, 43500000)]
13:41:47: [INFO] Could not add track segment due to detected collision
13:41:47: [INFO] Routing pad 'D3:1' at (186055000, 43500000) with pad 'D4:1' at (233680000, 43500000) using coordinate system rotated by 0 degree(s)
13:41:47: [INFO] Adding track segment (B.Cu): [(186055000, 43500000), (233680000, 43500000)]
13:41:47: [INFO] Could not add track segment due to detected collision
13:41:47: [INFO] Routing pad 'D4:1' at (233680000, 43500000) with pad 'D5:1' at (271780000, 43500000) using coordinate system rotated by 0 degree(s)
13:41:47: [INFO] Adding track segment (B.Cu): [(233680000, 43500000), (271780000, 43500000)]
13:41:47: [INFO] Could not add track segment due to detected collision
13:41:47: [INFO] Routing pad 'D5:1' at (271780000, 43500000) with pad 'D6:1' at (319405000, 43500000) using coordinate system rotated by 0 degree(s)
13:41:47: [INFO] Adding track segment (B.Cu): [(271780000, 43500000), (319405000, 43500000)]
13:41:47: [INFO] Could not add track segment due to detected collision
13:41:47: [INFO] Routing pad 'D6:1' at (319405000, 43500000) with pad 'D7:1' at (357505000, 43500000) using coordinate system rotated by 0 degree(s)
13:41:47: [INFO] Adding track segment (B.Cu): [(319405000, 43500000), (357505000, 43500000)]
13:41:47: [INFO] Could not add track segment due to detected collision
13:41:47: [INFO] Routing pad 'D7:1' at (357505000, 43500000) with pad 'D8:1' at (419417500, 43500000) using coordinate system rotated by 0 degree(s)
13:41:47: [INFO] Adding track segment (B.Cu): [(357505000, 43500000), (419417500, 43500000)]
13:41:47: [INFO] Could not add track segment due to detected collision
13:41:47: [INFO] Routing COL0 pads
13:41:47: [INFO] Routing pad 'SW1:1' at (91440000, 35560000) with pad 'SW18:1' at (91440000, 59372500) using coordinate system rotated by 0 degree(s)
13:41:47: [INFO] Adding track segment (F.Cu): [(91440000, 35560000), (91440000, 59372500)]
13:41:47: [INFO] Routing pad 'SW18:1' at (91440000, 59372500) with pad 'SW36:1' at (91440000, 78422500) using coordinate system rotated by 0 degree(s)
13:41:47: [INFO] Adding track segment (F.Cu): [(91440000, 59372500), (91440000, 78422500)]
13:41:47: [INFO] Routing pad 'SW36:1' at (91440000, 78422500) with pad 'SW53:1' at (91440000, 97472500) using coordinate system rotated by 0 degree(s)
13:41:47: [INFO] Adding track segment (F.Cu): [(91440000, 78422500), (91440000, 97472500)]
13:41:47: [INFO] Routing pad 'SW53:1' at (91440000, 97472500) with pad 'SW70:1' at (91440000, 116522500) using coordinate system rotated by 0 degree(s)
13:41:47: [INFO] Adding track segment (F.Cu): [(91440000, 97472500), (91440000, 116522500)]
13:41:47: [INFO] Routing pad 'SW70:1' at (91440000, 116522500) with pad 'SW87:1' at (91440000, 135572500) using coordinate system rotated by 0 degree(s)
13:41:47: [INFO] Adding track segment (F.Cu): [(91440000, 116522500), (91440000, 135572500)]
13:41:47: [INFO] Routing pad 'SW1:1' at (91440000, 35560000) with pad 'SW9:1' at (115252500, 35560000) using coordinate system rotated by 0 degree(s)
13:41:47: [INFO] Adding track segment (F.Cu): [(91440000, 35560000), (115252500, 35560000)]
13:41:47: [INFO] Routing pad 'SW18:1' at (91440000, 59372500) with pad 'SW27:1' at (115252500, 59372500) using coordinate system rotated by 0 degree(s)
13:41:47: [INFO] Adding track segment (F.Cu): [(91440000, 59372500), (115252500, 59372500)]
13:41:47: [INFO] Routing pad 'SW62:1' at (122396250, 97472500) with pad 'SW79a:1' at (117633750, 116522500) using coordinate system rotated by 0 degree(s)
13:41:47: [INFO] Adding track segment (F.Cu): [(122396250, 97472500), (122396250, 111760000)]
13:41:47: [INFO] Adding track segment (F.Cu): [(122396250, 111760000), (117633750, 116522500)]
13:41:47: [INFO] Routing pad 'SW27:1' at (115252500, 59372500) with pad 'SW45:1' at (120015000, 78422500) using coordinate system rotated by 0 degree(s)
13:41:47: [INFO] Adding track segment (F.Cu): [(115252500, 59372500), (115252500, 73660000)]
13:41:47: [INFO] Adding track segment (F.Cu): [(115252500, 73660000), (120015000, 78422500)]
13:41:47: [INFO] Routing pad 'SW79a:1' at (117633750, 116522500) with pad 'SW93:1' at (120015000, 135572500) using coordinate system rotated by 0 degree(s)
13:41:47: [INFO] Routing pad 'SW45:1' at (120015000, 78422500) with pad 'SW62:1' at (122396250, 97472500) using coordinate system rotated by 0 degree(s)
13:41:47: [INFO] Adding track segment (F.Cu): [(120015000, 78422500), (120015000, 95091250)]
13:41:47: [INFO] Adding track segment (F.Cu): [(120015000, 95091250), (122396250, 97472500)]
13:41:47: [INFO] Routing pad 'SW79a:1' at (117633750, 116522500) with pad 'SW79:1' at (127158750, 116522500) using coordinate system rotated by 0 degree(s)
13:41:47: [INFO] Adding track segment (F.Cu): [(117633750, 116522500), (127158750, 116522500)]
13:41:47: [INFO] Routing ROW8 pads
13:41:47: [INFO] Routing pad 'D70:1' at (100330000, 124462500) with pad 'D71:1' at (147955000, 124462500) using coordinate system rotated by 0 degree(s)
13:41:47: [INFO] Adding track segment (B.Cu): [(100330000, 124462500), (147955000, 124462500)]
13:41:47: [INFO] Could not add track segment due to detected collision
13:41:47: [INFO] Routing pad 'D71:1' at (147955000, 124462500) with pad 'D72:1' at (186055000, 124462500) using coordinate system rotated by 0 degree(s)
13:41:47: [INFO] Adding track segment (B.Cu): [(147955000, 124462500), (186055000, 124462500)]
13:41:47: [INFO] Could not add track segment due to detected collision
13:41:47: [INFO] Routing pad 'D72:1' at (186055000, 124462500) with pad 'D73:1' at (224155000, 124462500) using coordinate system rotated by 0 degree(s)
13:41:47: [INFO] Adding track segment (B.Cu): [(186055000, 124462500), (224155000, 124462500)]
13:41:47: [INFO] Could not add track segment due to detected collision
13:41:47: [INFO] Routing pad 'D73:1' at (224155000, 124462500) with pad 'D74:1' at (262255000, 124462500) using coordinate system rotated by 0 degree(s)
13:41:47: [INFO] Adding track segment (B.Cu): [(224155000, 124462500), (262255000, 124462500)]
13:41:47: [INFO] Could not add track segment due to detected collision
13:41:47: [INFO] Routing pad 'D74:1' at (262255000, 124462500) with pad 'D75:1' at (300355000, 124462500) using coordinate system rotated by 0 degree(s)
13:41:47: [INFO] Adding track segment (B.Cu): [(262255000, 124462500), (300355000, 124462500)]
13:41:47: [INFO] Could not add track segment due to detected collision
13:41:47: [INFO] Routing pad 'D75:1' at (300355000, 124462500) with pad 'D76:1' at (338455000, 124462500) using coordinate system rotated by 0 degree(s)
13:41:47: [INFO] Adding track segment (B.Cu): [(300355000, 124462500), (338455000, 124462500)]
13:41:47: [INFO] Could not add track segment due to detected collision
13:41:47: [INFO] Routing pad 'D76:1' at (338455000, 124462500) with pad 'D77:1' at (390842500, 124462500) using coordinate system rotated by 0 degree(s)
13:41:47: [INFO] Adding track segment (B.Cu): [(338455000, 124462500), (390842500, 124462500)]
13:41:47: [INFO] Could not add track segment due to detected collision
13:41:47: [INFO] Routing pad 'D77:1' at (390842500, 124462500) with pad 'D78:1' at (414655000, 129225000) using coordinate system rotated by 0 degree(s)
13:41:47: [INFO] Adding track segment (B.Cu): [(390842500, 124462500), (395605000, 129225000)]
13:41:47: [INFO] Adding track segment (B.Cu): [(395605000, 129225000), (414655000, 129225000)]
13:41:47: [INFO] Routing ROW4 pads
13:41:47: [INFO] Routing pad 'D36:1' at (100330000, 86362500) with pad 'D37:1' at (152717500, 86362500) using coordinate system rotated by 0 degree(s)
13:41:47: [INFO] Adding track segment (B.Cu): [(100330000, 86362500), (152717500, 86362500)]
13:41:47: [INFO] Could not add track segment due to detected collision
13:41:47: [INFO] Routing pad 'D37:1' at (152717500, 86362500) with pad 'D38:1' at (190817500, 86362500) using coordinate system rotated by 0 degree(s)
13:41:47: [INFO] Adding track segment (B.Cu): [(152717500, 86362500), (190817500, 86362500)]
13:41:47: [INFO] Could not add track segment due to detected collision
13:41:47: [INFO] Routing pad 'D38:1' at (190817500, 86362500) with pad 'D39:1' at (228917500, 86362500) using coordinate system rotated by 0 degree(s)
13:41:47: [INFO] Adding track segment (B.Cu): [(190817500, 86362500), (228917500, 86362500)]
13:41:47: [INFO] Could not add track segment due to detected collision
13:41:47: [INFO] Routing pad 'D39:1' at (228917500, 86362500) with pad 'D40:1' at (267017500, 86362500) using coordinate system rotated by 0 degree(s)
13:41:47: [INFO] Adding track segment (B.Cu): [(228917500, 86362500), (267017500, 86362500)]
13:41:47: [INFO] Could not add track segment due to detected collision
13:41:47: [INFO] Routing pad 'D40:1' at (267017500, 86362500) with pad 'D41:1' at (305117500, 86362500) using coordinate system rotated by 0 degree(s)
13:41:47: [INFO] Adding track segment (B.Cu): [(267017500, 86362500), (305117500, 86362500)]
13:41:47: [INFO] Could not add track segment due to detected collision
13:41:47: [INFO] Routing pad 'D41:1' at (305117500, 86362500) with pad 'D42:1' at (343217500, 86362500) using coordinate system rotated by 0 degree(s)
13:41:47: [INFO] Adding track segment (B.Cu): [(305117500, 86362500), (343217500, 86362500)]
13:41:47: [INFO] Could not add track segment due to detected collision
13:41:47: [INFO] Routing pad 'D42:1' at (343217500, 86362500) with pad 'D43:1' at (386080000, 86362500) using coordinate system rotated by 0 degree(s)
13:41:47: [INFO] Adding track segment (B.Cu): [(343217500, 86362500), (386080000, 86362500)]
13:41:47: [INFO] Could not add track segment due to detected collision
13:41:47: [INFO] Routing pad 'D43:1' at (386080000, 86362500) with pad 'D44:1' at (414655000, 86362500) using coordinate system rotated by 0 degree(s)
13:41:47: [INFO] Adding track segment (B.Cu): [(386080000, 86362500), (414655000, 86362500)]
13:41:47: [INFO] Routing ROW9 pads
13:41:47: [INFO] Routing pad 'D79:1' at (136048750, 124462500) with pad 'D80:1' at (167005000, 124462500) using coordinate system rotated by 0 degree(s)
13:41:47: [INFO] Adding track segment (B.Cu): [(136048750, 124462500), (167005000, 124462500)]
13:41:47: [INFO] Could not add track segment due to detected collision
13:41:47: [INFO] Routing pad 'D80:1' at (167005000, 124462500) with pad 'D81:1' at (205105000, 124462500) using coordinate system rotated by 0 degree(s)
13:41:47: [INFO] Adding track segment (B.Cu): [(167005000, 124462500), (205105000, 124462500)]
13:41:47: [INFO] Could not add track segment due to detected collision
13:41:47: [INFO] Routing pad 'D81:1' at (205105000, 124462500) with pad 'D82:1' at (243205000, 124462500) using coordinate system rotated by 0 degree(s)
13:41:47: [INFO] Adding track segment (B.Cu): [(205105000, 124462500), (243205000, 124462500)]
13:41:47: [INFO] Could not add track segment due to detected collision
13:41:47: [INFO] Routing pad 'D82:1' at (243205000, 124462500) with pad 'D83:1' at (281305000, 124462500) using coordinate system rotated by 0 degree(s)
13:41:47: [INFO] Adding track segment (B.Cu): [(243205000, 124462500), (281305000, 124462500)]
13:41:47: [INFO] Could not add track segment due to detected collision
13:41:47: [INFO] Routing pad 'D83:1' at (281305000, 124462500) with pad 'D84:1' at (319405000, 124462500) using coordinate system rotated by 0 degree(s)
13:41:47: [INFO] Adding track segment (B.Cu): [(281305000, 124462500), (319405000, 124462500)]
13:41:47: [INFO] Could not add track segment due to detected collision
13:41:47: [INFO] Routing pad 'D84:1' at (319405000, 124462500) with pad 'D85:1' at (364648750, 124462500) using coordinate system rotated by 0 degree(s)
13:41:47: [INFO] Adding track segment (B.Cu): [(319405000, 124462500), (364648750, 124462500)]
13:41:47: [INFO] Could not add track segment due to detected collision
13:41:47: [INFO] Routing pad 'D85:1' at (364648750, 124462500) with pad 'D86:1' at (438467500, 124462500) using coordinate system rotated by 0 degree(s)
13:41:47: [INFO] Adding track segment (B.Cu): [(364648750, 124462500), (438467500, 124462500)]
13:41:47: [INFO] Could not add track segment due to detected collision
13:41:47: [INFO] Routing ROW11 pads
13:41:47: [INFO] Routing pad 'D93:1' at (128905000, 143512500) with pad 'D94:1' at (176530000, 143512500) using coordinate system rotated by 0 degree(s)
13:41:47: [INFO] Adding track segment (B.Cu): [(128905000, 143512500), (176530000, 143512500)]
13:41:47: [INFO] Could not add track segment due to detected collision
13:41:47: [INFO] Routing pad 'D94:1' at (176530000, 143512500) with pad 'D95:1' at (247967500, 143512500) using coordinate system rotated by 0 degree(s)
13:41:47: [INFO] Adding track segment (B.Cu): [(176530000, 143512500), (247967500, 143512500)]
13:41:47: [INFO] Routing pad 'D95:1' at (247967500, 143512500) with pad 'D96:1' at (343217500, 143512500) using coordinate system rotated by 0 degree(s)
13:41:47: [INFO] Adding track segment (B.Cu): [(247967500, 143512500), (343217500, 143512500)]
13:41:47: [INFO] Could not add track segment due to detected collision
13:41:47: [INFO] Routing pad 'D96:1' at (343217500, 143512500) with pad 'D97:1' at (414655000, 148275000) using coordinate system rotated by 0 degree(s)
13:41:47: [INFO] Routing COL1 pads
13:41:47: [INFO] Routing pad 'SW19:1' at (134302500, 59372500) with pad 'SW2:1' at (139065000, 35560000) using coordinate system rotated by 0 degree(s)
13:41:47: [INFO] Adding track segment (F.Cu): [(134302500, 59372500), (139065000, 54610000)]
13:41:47: [INFO] Adding track segment (F.Cu): [(139065000, 54610000), (139065000, 35560000)]
13:41:47: [INFO] Routing pad 'SW54:1' at (148590000, 97472500) with pad 'SW71:1' at (139065000, 116522500) using coordinate system rotated by 0 degree(s)
13:41:47: [INFO] Routing pad 'SW19:1' at (134302500, 59372500) with pad 'SW37:1' at (143827500, 78422500) using coordinate system rotated by 0 degree(s)
13:41:47: [INFO] Adding track segment (F.Cu): [(134302500, 59372500), (134302500, 68897500)]
13:41:47: [INFO] Adding track segment (F.Cu): [(134302500, 68897500), (143827500, 78422500)]
13:41:47: [INFO] Routing pad 'SW71:1' at (139065000, 116522500) with pad 'SW88:1' at (143827500, 135572500) using coordinate system rotated by 0 degree(s)
13:41:47: [INFO] Adding track segment (F.Cu): [(139065000, 116522500), (139065000, 130810000)]
13:41:47: [INFO] Adding track segment (F.Cu): [(139065000, 130810000), (143827500, 135572500)]
13:41:47: [INFO] Routing pad 'SW37:1' at (143827500, 78422500) with pad 'SW54:1' at (148590000, 97472500) using coordinate system rotated by 0 degree(s)
13:41:47: [INFO] Adding track segment (F.Cu): [(143827500, 78422500), (143827500, 92710000)]
13:41:47: [INFO] Adding track segment (F.Cu): [(143827500, 92710000), (148590000, 97472500)]
13:41:47: [INFO] Routing pad 'SW19:1' at (134302500, 59372500) with pad 'SW28:1' at (153352500, 59372500) using coordinate system rotated by 0 degree(s)
13:41:47: [INFO] Adding track segment (F.Cu): [(134302500, 59372500), (153352500, 59372500)]
13:41:47: [INFO] Routing pad 'SW2:1' at (139065000, 35560000) with pad 'SW10:1' at (158115000, 35560000) using coordinate system rotated by 0 degree(s)
13:41:47: [INFO] Adding track segment (F.Cu): [(139065000, 35560000), (158115000, 35560000)]
13:41:47: [INFO] Routing pad 'SW71:1' at (139065000, 116522500) with pad 'SW80:1' at (158115000, 116522500) using coordinate system rotated by 0 degree(s)
13:41:47: [INFO] Adding track segment (F.Cu): [(139065000, 116522500), (158115000, 116522500)]
13:41:47: [INFO] Routing pad 'SW37:1' at (143827500, 78422500) with pad 'SW46:1' at (162877500, 78422500) using coordinate system rotated by 0 degree(s)
13:41:47: [INFO] Adding track segment (F.Cu): [(143827500, 78422500), (162877500, 78422500)]
13:41:47: [INFO] Routing pad 'SW54:1' at (148590000, 97472500) with pad 'SW63:1' at (167640000, 97472500) using coordinate system rotated by 0 degree(s)
13:41:47: [INFO] Adding track segment (F.Cu): [(148590000, 97472500), (167640000, 97472500)]
13:41:47: [INFO] Routing pad 'SW80:1' at (158115000, 116522500) with pad 'SW94:1' at (167640000, 135572500) using coordinate system rotated by 0 degree(s)
13:41:47: [INFO] Adding track segment (F.Cu): [(158115000, 116522500), (158115000, 126047500)]
13:41:47: [INFO] Adding track segment (F.Cu): [(158115000, 126047500), (167640000, 135572500)]
13:41:47: [INFO] Removing dangling tracks
