=== kbplacer.kle_serial ===
=== layout2image.py ===
=== kbplacer ===
13:36:48: [INFO] User layout: https://editor.keyboard-tools.xyz/#share=NrDeCIA9wLgAgEwDoCsAaO4DGtMGIBDI48AXw3AAY1LwLqBGOzahZiHecPLXvs+mgDM7KLkpIE6TJ3wB2BYoEs0AFlHR4EqRVnc+-cipTMqaAGynqcq2gAcG8ZOnZc3YiSNmAnLYa1BBiZAtgwITThtFz0eAxwvRhFA9UCTQMswsS1nBLQGG0yIqN03Qg8CZTMGB0DfQQRaAF00ACgwLMRUCgBPJx0ZUrj4igYaU1HgzFHQqeFHbKkvUZTZtNmM2YLZmtm62f9xvMnwCZmTvKT9lfOGNZuNjlLyiooAd1wEJby5AB0AO3+-2oATg4T6KC+1UODD25wa8zgDCQlEhvwB6MYpgQ30BGLy4GabQgAAsPl4hDRcf8JgjigMuLEDJVsUIqX9sZMwQsIRRsZQ2aMQeAOVi0DNHgznqZSfBPhQKaz0f8+bTnCUGUNTO94EieZhsddsXdsRthWgtmadmbYRyhRzjhyzhzLmaGIa8sa8g9wNrEahyV62RSQVzImr6fgpV4OVaOTaxSGOki5NFSoolG9cEj+uAZYg3mwdV1MMTC4iKJAywBaKIB-JB-GE9oRbOpjVxSoKtkiwrggP8pV-QWmCnHCnipPhn1ZpApgPXCl3CmmikWilWimw0dC0djvJnUcu0cLj2iGLphRaj45eU4wfBhGqZHq-CauvmBtMJsSyPlK9FxYKFUNQ2XMfEgLQFBQPA0EOjpVx2yZLxgIHXEUNMYCGDZdCIIQNl0ETc8L2lMkKHQRVcQI1UcxiKVM1lG9MGA1RoMIwYO2QiwMPNbirWA2FMKFTDjkws5MJdTDrkwtYf3cP96M6OcIPrQc5DGXsALbeRiM4mEEVbF85I8f8-SUpi71xNSRMDVTG1aZtrxcX05UwAjsPU2CYjfMixXwjzQwMiMjJIBTWy8dAWMHOx-OnTTwsgtlosTX0wp8j8opi31zEY8B0H8RLMpnQDXLySLcSS0QUpyvKoIy5Kir1XKbPKwq4p8lSWsTIopyI9NKjyq08thdB4W-DpkBcXpuUMspjIoPMXKa1D0Uws92KQ5T3OsvDBzy7iKPRPaNLDGinnkzAqsaiKCuOdBapazlYr9K6LBuyrcDkeL8oyx7Lq++70Wi27msBmCID+9q0Qegl7NDIRiwQ18OPara1slc6nsW8i-K-WHxoRqaTq0-RkfM5b-mAsS8ncqmdsosV9r8tgxoiCb4vJv5KdMPKae53zdoZnyDv+EaCUaIA
13:36:48: [INFO] Labels prefixes: for rows: 'ROW', for columns: 'COL'
13:36:48: [INFO] Matrix size: 5x20
13:36:49: [WARNING] No stabilizer footprint for width 2.25u, using 2u as fallback
13:36:49: [WARNING] No stabilizer footprint for width 2.25u, using 2u as fallback
13:36:49: [WARNING] No stabilizer footprint for width 2.75u, using 2u as fallback
13:36:49: [INFO] Add COL0 net
13:36:49: [INFO] Add COL1 net
13:36:49: [INFO] Add COL10 net
13:36:49: [INFO] Add COL11 net
13:36:49: [INFO] Add COL12 net
13:36:49: [INFO] Add COL13 net
13:36:49: [INFO] Add COL14 net
13:36:49: [INFO] Add COL15 net
13:36:49: [INFO] Add COL16 net
13:36:49: [INFO] Add COL17 net
13:36:49: [INFO] Add COL18 net
13:36:49: [INFO] Add COL19 net
13:36:49: [INFO] Add COL2 net
13:36:49: [INFO] Add COL20 net
13:36:49: [INFO] Add COL3 net
13:36:49: [INFO] Add COL4 net
13:36:49: [INFO] Add COL5 net
13:36:49: [INFO] Add COL6 net
13:36:49: [INFO] Add COL7 net
13:36:49: [INFO] Add COL8 net
13:36:49: [INFO] Add COL9 net
13:36:49: [INFO] Add Net-(D1-A) net
13:36:49: [INFO] Add Net-(D10-A) net
13:36:49: [INFO] Add Net-(D100-A) net
13:36:49: [INFO] Add Net-(D101-A) net
13:36:49: [INFO] Add Net-(D102-A) net
13:36:49: [INFO] Add Net-(D103-A) net
13:36:49: [INFO] Add Net-(D104-A) net
13:36:49: [INFO] Add Net-(D105-A) net
13:36:49: [INFO] Add Net-(D106-A) net
13:36:49: [INFO] Add Net-(D107-A) net
13:36:49: [INFO] Add Net-(D108-A) net
13:36:49: [INFO] Add Net-(D109-A) net
13:36:49: [INFO] Add Net-(D11-A) net
13:36:49: [INFO] Add Net-(D110-A) net
13:36:49: [INFO] Add Net-(D111-A) net
13:36:49: [INFO] Add Net-(D112-A) net
13:36:49: [INFO] Add Net-(D113-A) net
13:36:49: [INFO] Add Net-(D114-A) net
13:36:49: [INFO] Add Net-(D115-A) net
13:36:49: [INFO] Add Net-(D12-A) net
13:36:49: [INFO] Add Net-(D13-A) net
13:36:49: [INFO] Add Net-(D14-A) net
13:36:49: [INFO] Add Net-(D15-A) net
13:36:49: [INFO] Add Net-(D16-A) net
13:36:49: [INFO] Add Net-(D17-A) net
13:36:49: [INFO] Add Net-(D18-A) net
13:36:49: [INFO] Add Net-(D19-A) net
13:36:49: [INFO] Add Net-(D2-A) net
13:36:49: [INFO] Add Net-(D20-A) net
13:36:49: [INFO] Add Net-(D21-A) net
13:36:49: [INFO] Add Net-(D22-A) net
13:36:49: [INFO] Add Net-(D23-A) net
13:36:49: [INFO] Add Net-(D24-A) net
13:36:49: [INFO] Add Net-(D25-A) net
13:36:49: [INFO] Add Net-(D26-A) net
13:36:49: [INFO] Add Net-(D27-A) net
13:36:49: [INFO] Add Net-(D28-A) net
13:36:49: [INFO] Add Net-(D29-A) net
13:36:49: [INFO] Add Net-(D3-A) net
13:36:49: [INFO] Add Net-(D30-A) net
13:36:49: [INFO] Add Net-(D31-A) net
13:36:49: [INFO] Add Net-(D32-A) net
13:36:49: [INFO] Add Net-(D33-A) net
13:36:49: [INFO] Add Net-(D34-A) net
13:36:49: [INFO] Add Net-(D35-A) net
13:36:49: [INFO] Add Net-(D36-A) net
13:36:49: [INFO] Add Net-(D37-A) net
13:36:49: [INFO] Add Net-(D38-A) net
13:36:49: [INFO] Add Net-(D39-A) net
13:36:49: [INFO] Add Net-(D4-A) net
13:36:49: [INFO] Add Net-(D40-A) net
13:36:49: [INFO] Add Net-(D41-A) net
13:36:49: [INFO] Add Net-(D42-A) net
13:36:49: [INFO] Add Net-(D43-A) net
13:36:49: [INFO] Add Net-(D44-A) net
13:36:49: [INFO] Add Net-(D45-A) net
13:36:49: [INFO] Add Net-(D46-A) net
13:36:49: [INFO] Add Net-(D47-A) net
13:36:49: [INFO] Add Net-(D48-A) net
13:36:49: [INFO] Add Net-(D49-A) net
13:36:49: [INFO] Add Net-(D5-A) net
13:36:49: [INFO] Add Net-(D50-A) net
13:36:49: [INFO] Add Net-(D51-A) net
13:36:49: [INFO] Add Net-(D52-A) net
13:36:49: [INFO] Add Net-(D53-A) net
13:36:49: [INFO] Add Net-(D54-A) net
13:36:49: [INFO] Add Net-(D55-A) net
13:36:49: [INFO] Add Net-(D56-A) net
13:36:49: [INFO] Add Net-(D57-A) net
13:36:49: [INFO] Add Net-(D58-A) net
13:36:49: [INFO] Add Net-(D59-A) net
13:36:49: [INFO] Add Net-(D6-A) net
13:36:49: [INFO] Add Net-(D60-A) net
13:36:49: [INFO] Add Net-(D61-A) net
13:36:49: [INFO] Add Net-(D62-A) net
13:36:49: [INFO] Add Net-(D63-A) net
13:36:49: [INFO] Add Net-(D64-A) net
13:36:49: [INFO] Add Net-(D65-A) net
13:36:49: [INFO] Add Net-(D66-A) net
13:36:49: [INFO] Add Net-(D67-A) net
13:36:49: [INFO] Add Net-(D68-A) net
13:36:49: [INFO] Add Net-(D69-A) net
13:36:49: [INFO] Add Net-(D7-A) net
13:36:49: [INFO] Add Net-(D70-A) net
13:36:49: [INFO] Add Net-(D71-A) net
13:36:49: [INFO] Add Net-(D72-A) net
13:36:49: [INFO] Add Net-(D73-A) net
13:36:49: [INFO] Add Net-(D74-A) net
13:36:49: [INFO] Add Net-(D75-A) net
13:36:49: [INFO] Add Net-(D76-A) net
13:36:49: [INFO] Add Net-(D77-A) net
13:36:49: [INFO] Add Net-(D78-A) net
13:36:49: [INFO] Add Net-(D79-A) net
13:36:49: [INFO] Add Net-(D8-A) net
13:36:49: [INFO] Add Net-(D80-A) net
13:36:49: [INFO] Add Net-(D81-A) net
13:36:49: [INFO] Add Net-(D82-A) net
13:36:49: [INFO] Add Net-(D83-A) net
13:36:49: [INFO] Add Net-(D84-A) net
13:36:49: [INFO] Add Net-(D85-A) net
13:36:49: [INFO] Add Net-(D86-A) net
13:36:49: [INFO] Add Net-(D87-A) net
13:36:49: [INFO] Add Net-(D88-A) net
13:36:49: [INFO] Add Net-(D89-A) net
13:36:49: [INFO] Add Net-(D9-A) net
13:36:49: [INFO] Add Net-(D90-A) net
13:36:49: [INFO] Add Net-(D91-A) net
13:36:49: [INFO] Add Net-(D92-A) net
13:36:49: [INFO] Add Net-(D93-A) net
13:36:49: [INFO] Add Net-(D94-A) net
13:36:49: [INFO] Add Net-(D95-A) net
13:36:49: [INFO] Add Net-(D96-A) net
13:36:49: [INFO] Add Net-(D97-A) net
13:36:49: [INFO] Add Net-(D98-A) net
13:36:49: [INFO] Add Net-(D99-A) net
13:36:49: [INFO] Add ROW0 net
13:36:49: [INFO] Add ROW1 net
13:36:49: [INFO] Add ROW2 net
13:36:49: [INFO] Add ROW3 net
13:36:49: [INFO] Add ROW4 net
13:36:49: [INFO] Add ROW5 net
13:36:49: [INFO] Add SW1 footprint
13:36:49: [INFO] Add D1 footprint
13:36:49: [INFO] Add SW2 footprint
13:36:49: [INFO] Add D2 footprint
13:36:49: [INFO] Add SW3 footprint
13:36:50: [INFO] Add D3 footprint
13:36:50: [INFO] Add SW4 footprint
13:36:50: [INFO] Add D4 footprint
13:36:50: [INFO] Add SW5 footprint
13:36:50: [INFO] Add D5 footprint
13:36:50: [INFO] Add SW6 footprint
13:36:50: [INFO] Add D6 footprint
13:36:50: [INFO] Add SW7 footprint
13:36:50: [INFO] Add D7 footprint
13:36:50: [INFO] Add SW8 footprint
13:36:50: [INFO] Add D8 footprint
13:36:50: [INFO] Add SW9 footprint
13:36:50: [INFO] Add D9 footprint
13:36:50: [INFO] Add SW10 footprint
13:36:50: [INFO] Add D10 footprint
13:36:50: [INFO] Add SW11 footprint
13:36:50: [INFO] Add D11 footprint
13:36:50: [INFO] Add SW12 footprint
13:36:50: [INFO] Add D12 footprint
13:36:50: [INFO] Add SW13 footprint
13:36:50: [INFO] Add D13 footprint
13:36:50: [INFO] Add SW14 footprint
13:36:50: [INFO] Add D14 footprint
13:36:50: [INFO] Add SW15 footprint
13:36:50: [INFO] Add D15 footprint
13:36:50: [INFO] Add SW16 footprint
13:36:50: [INFO] Add D16 footprint
13:36:50: [INFO] Add SW17 footprint
13:36:50: [INFO] Add D17 footprint
13:36:50: [INFO] Add SW18 footprint
13:36:50: [INFO] Add D18 footprint
13:36:50: [INFO] Add SW19 footprint
13:36:50: [INFO] Add D19 footprint
13:36:50: [INFO] Add SW20 footprint
13:36:50: [INFO] Add D20 footprint
13:36:51: [INFO] Add SW21 footprint
13:36:51: [INFO] Add D21 footprint
13:36:51: [INFO] Add SW22 footprint
13:36:51: [INFO] Add D22 footprint
13:36:51: [INFO] Add SW23 footprint
13:36:51: [INFO] Add D23 footprint
13:36:51: [INFO] Add SW24 footprint
13:36:51: [INFO] Add D24 footprint
13:36:51: [INFO] Add SW25 footprint
13:36:51: [INFO] Add D25 footprint
13:36:51: [INFO] Add SW26 footprint
13:36:51: [INFO] Add D26 footprint
13:36:51: [INFO] Add SW27 footprint
13:36:51: [INFO] Add D27 footprint
13:36:51: [INFO] Add SW28 footprint
13:36:51: [INFO] Add D28 footprint
13:36:51: [INFO] Add SW29 footprint
13:36:51: [INFO] Add D29 footprint
13:36:51: [INFO] Add SW30 footprint
13:36:51: [INFO] Add D30 footprint
13:36:51: [INFO] Add SW31 footprint
13:36:51: [INFO] Add D31 footprint
13:36:51: [INFO] Add SW32 footprint
13:36:51: [INFO] Add D32 footprint
13:36:51: [INFO] Add SW33 footprint
13:36:51: [INFO] Add D33 footprint
13:36:51: [INFO] Add SW34 footprint
13:36:51: [INFO] Add D34 footprint
13:36:51: [INFO] Add SW35 footprint
13:36:51: [INFO] Add D35 footprint
13:36:51: [INFO] Add SW36 footprint
13:36:51: [INFO] Add D36 footprint
13:36:51: [INFO] Add SW37 footprint
13:36:51: [INFO] Add D37 footprint
13:36:51: [INFO] Add SW38 footprint
13:36:52: [INFO] Add D38 footprint
13:36:52: [INFO] Add SW39 footprint
13:36:52: [INFO] Add D39 footprint
13:36:52: [INFO] Add ST39 footprint
13:36:52: [INFO] Add SW39a footprint
13:36:52: [INFO] Add SW40 footprint
13:36:52: [INFO] Add D40 footprint
13:36:52: [INFO] Add SW41 footprint
13:36:52: [INFO] Add D41 footprint
13:36:52: [INFO] Add SW42 footprint
13:36:52: [INFO] Add D42 footprint
13:36:52: [INFO] Add SW43 footprint
13:36:52: [INFO] Add D43 footprint
13:36:52: [INFO] Add SW44 footprint
13:36:52: [INFO] Add D44 footprint
13:36:52: [INFO] Add SW45 footprint
13:36:52: [INFO] Add D45 footprint
13:36:52: [INFO] Add SW46 footprint
13:36:52: [INFO] Add D46 footprint
13:36:52: [INFO] Add SW47 footprint
13:36:52: [INFO] Add D47 footprint
13:36:52: [INFO] Add SW48 footprint
13:36:52: [INFO] Add D48 footprint
13:36:52: [INFO] Add SW49 footprint
13:36:52: [INFO] Add D49 footprint
13:36:52: [INFO] Add SW50 footprint
13:36:52: [INFO] Add D50 footprint
13:36:52: [INFO] Add SW51 footprint
13:36:52: [INFO] Add D51 footprint
13:36:52: [INFO] Add SW52 footprint
13:36:52: [INFO] Add D52 footprint
13:36:52: [INFO] Add SW53 footprint
13:36:52: [INFO] Add D53 footprint
13:36:52: [INFO] Add SW54 footprint
13:36:53: [INFO] Add D54 footprint
13:36:53: [INFO] Add SW55 footprint
13:36:53: [INFO] Add D55 footprint
13:36:53: [INFO] Add SW56 footprint
13:36:53: [INFO] Add D56 footprint
13:36:53: [INFO] Add SW57 footprint
13:36:53: [INFO] Add D57 footprint
13:36:53: [INFO] Add SW58 footprint
13:36:53: [INFO] Add D58 footprint
13:36:53: [INFO] Add SW59 footprint
13:36:53: [INFO] Add D59 footprint
13:36:53: [INFO] Add SW60 footprint
13:36:53: [INFO] Add D60 footprint
13:36:53: [INFO] Add SW61 footprint
13:36:53: [INFO] Add D61 footprint
13:36:53: [INFO] Add SW62 footprint
13:36:53: [INFO] Add D62 footprint
13:36:53: [INFO] Add SW63 footprint
13:36:53: [INFO] Add D63 footprint
13:36:53: [INFO] Add SW64 footprint
13:36:53: [INFO] Add D64 footprint
13:36:53: [INFO] Add SW64a footprint
13:36:53: [INFO] Add ST64a footprint
13:36:53: [INFO] Add SW65 footprint
13:36:53: [INFO] Add D65 footprint
13:36:53: [INFO] Add SW66 footprint
13:36:53: [INFO] Add D66 footprint
13:36:53: [INFO] Add SW67 footprint
13:36:53: [INFO] Add D67 footprint
13:36:53: [INFO] Add ST67 footprint
13:36:53: [INFO] Add SW67a footprint
13:36:53: [INFO] Add SW68 footprint
13:36:53: [INFO] Add D68 footprint
13:36:54: [INFO] Add SW69 footprint
13:36:54: [INFO] Add D69 footprint
13:36:54: [INFO] Add SW70 footprint
13:36:54: [INFO] Add D70 footprint
13:36:54: [INFO] Add SW71 footprint
13:36:54: [INFO] Add D71 footprint
13:36:54: [INFO] Add SW72 footprint
13:36:54: [INFO] Add D72 footprint
13:36:54: [INFO] Add SW73 footprint
13:36:54: [INFO] Add D73 footprint
13:36:54: [INFO] Add SW74 footprint
13:36:54: [INFO] Add D74 footprint
13:36:54: [INFO] Add SW75 footprint
13:36:54: [INFO] Add D75 footprint
13:36:54: [INFO] Add SW76 footprint
13:36:54: [INFO] Add D76 footprint
13:36:54: [INFO] Add SW77 footprint
13:36:54: [INFO] Add D77 footprint
13:36:54: [INFO] Add SW78 footprint
13:36:54: [INFO] Add D78 footprint
13:36:54: [INFO] Add SW79 footprint
13:36:54: [INFO] Add D79 footprint
13:36:54: [INFO] Add SW80 footprint
13:36:54: [INFO] Add D80 footprint
13:36:54: [INFO] Add SW80a footprint
13:36:54: [INFO] Add SW81 footprint
13:36:54: [INFO] Add D81 footprint
13:36:54: [WARNING] No stabilizer footprint for width 2.25u, using 2u as fallback
13:36:54: [INFO] Add ST81 footprint
13:36:54: [INFO] Add SW81a footprint
13:36:54: [INFO] Add ST81a footprint
13:36:54: [INFO] Add SW82 footprint
13:36:54: [INFO] Add D82 footprint
13:36:54: [INFO] Add SW83 footprint
13:36:55: [INFO] Add D83 footprint
13:36:55: [INFO] Add SW84 footprint
13:36:55: [INFO] Add D84 footprint
13:36:55: [INFO] Add SW85 footprint
13:36:55: [INFO] Add D85 footprint
13:36:55: [INFO] Add SW86 footprint
13:36:55: [INFO] Add D86 footprint
13:36:55: [WARNING] No stabilizer footprint for width 2.25u, using 2u as fallback
13:36:55: [INFO] Add ST86 footprint
13:36:55: [INFO] Add SW86a footprint
13:36:55: [INFO] Add SW87 footprint
13:36:55: [INFO] Add D87 footprint
13:36:55: [INFO] Add SW88 footprint
13:36:55: [INFO] Add D88 footprint
13:36:55: [INFO] Add SW89 footprint
13:36:55: [INFO] Add D89 footprint
13:36:55: [INFO] Add SW90 footprint
13:36:55: [INFO] Add D90 footprint
13:36:55: [INFO] Add SW91 footprint
13:36:55: [INFO] Add D91 footprint
13:36:55: [INFO] Add SW92 footprint
13:36:55: [INFO] Add D92 footprint
13:36:55: [INFO] Add SW93 footprint
13:36:55: [INFO] Add D93 footprint
13:36:55: [INFO] Add SW94 footprint
13:36:55: [INFO] Add D94 footprint
13:36:55: [INFO] Add SW95 footprint
13:36:55: [INFO] Add D95 footprint
13:36:55: [INFO] Add SW96 footprint
13:36:55: [INFO] Add D96 footprint
13:36:55: [INFO] Add SW97 footprint
13:36:55: [INFO] Add D97 footprint
13:36:56: [INFO] Add SW98 footprint
13:36:56: [INFO] Add D98 footprint
13:36:56: [INFO] Add SW99 footprint
13:36:56: [INFO] Add D99 footprint
13:36:56: [WARNING] No stabilizer footprint for width 2.75u, using 2u as fallback
13:36:56: [INFO] Add ST99 footprint
13:36:56: [INFO] Add SW99a footprint
13:36:56: [INFO] Add SW100 footprint
13:36:56: [INFO] Add D100 footprint
13:36:56: [INFO] Add SW101 footprint
13:36:56: [INFO] Add D101 footprint
13:36:56: [INFO] Add ST101 footprint
13:36:56: [INFO] Add SW101a footprint
13:36:56: [INFO] Add ST101a footprint
13:36:56: [INFO] Add SW101b footprint
13:36:56: [INFO] Add SW102 footprint
13:36:56: [INFO] Add D102 footprint
13:36:56: [INFO] Add SW103 footprint
13:36:56: [INFO] Add D103 footprint
13:36:56: [INFO] Add SW104 footprint
13:36:56: [INFO] Add D104 footprint
13:36:56: [INFO] Add ST104 footprint
13:36:56: [INFO] Add SW104a footprint
13:36:56: [INFO] Add ST104a footprint
13:36:56: [INFO] Add SW104b footprint
13:36:56: [INFO] Add SW105 footprint
13:36:56: [INFO] Add D105 footprint
13:36:56: [INFO] Add SW105a footprint
13:36:56: [INFO] Add SW106 footprint
13:36:56: [INFO] Add D106 footprint
13:36:56: [INFO] Add SW106a footprint
13:36:56: [INFO] Add SW107 footprint
13:36:56: [INFO] Add D107 footprint
13:36:56: [INFO] Add SW107a footprint
13:36:56: [INFO] Add SW108 footprint
13:36:56: [INFO] Add D108 footprint
13:36:56: [INFO] Add ST108 footprint
13:36:56: [INFO] Add SW108a footprint
13:36:56: [INFO] Add ST108a footprint
13:36:56: [INFO] Add SW109 footprint
13:36:56: [INFO] Add D109 footprint
13:36:57: [INFO] Add SW110 footprint
13:36:57: [INFO] Add D110 footprint
13:36:57: [INFO] Add SW110a footprint
13:36:57: [INFO] Add SW111 footprint
13:36:57: [INFO] Add D111 footprint
13:36:57: [INFO] Add SW111a footprint
13:36:57: [INFO] Add SW112 footprint
13:36:57: [INFO] Add D112 footprint
13:36:57: [INFO] Add SW112a footprint
13:36:57: [INFO] Add SW113 footprint
13:36:57: [INFO] Add D113 footprint
13:36:57: [INFO] Add SW114 footprint
13:36:57: [INFO] Add D114 footprint
13:36:57: [INFO] Add SW115 footprint
13:36:57: [INFO] Add D115 footprint
13:36:57: [INFO] Detected layout convertible to matrix annotated keyboard
13:36:57: [INFO] Using key 1U distance: (19.05, 19.05) mm
13:36:57: [INFO] Layout offset: (38100000, 28575000)
13:36:57: [INFO] Diode info: [ElementInfo(annotation_format='D{}', position_option=<PositionOption.CUSTOM: 'Custom'>, position=ElementPosition(x=5.08, y=4.0, orientation=90.0, side=<Side.BACK: 'Back'>), template_path='', start_index=-1)]
13:36:57: [INFO] Placing additional elements for SW115
13:36:57: [INFO] Placing additional elements for SW114
13:36:57: [INFO] Placing additional elements for SW113
13:36:57: [INFO] Placing additional elements for SW112a
13:36:57: [INFO] Placing additional elements for SW112
13:36:57: [INFO] Placing additional elements for SW111a
13:36:57: [INFO] Placing additional elements for SW111
13:36:57: [INFO] Placing additional elements for SW110a
13:36:57: [INFO] Placing additional elements for SW110
13:36:57: [INFO] Placing additional elements for SW109
13:36:57: [INFO] Placing additional elements for SW108a
13:36:57: [INFO] Placing additional elements for SW108
13:36:57: [INFO] Placing additional elements for SW107a
13:36:57: [INFO] Placing additional elements for SW107
13:36:57: [INFO] Placing additional elements for SW106a
13:36:57: [INFO] Placing additional elements for SW106
13:36:57: [INFO] Placing additional elements for SW105a
13:36:57: [INFO] Placing additional elements for SW105
13:36:57: [INFO] Placing additional elements for SW104b
13:36:57: [INFO] Placing additional elements for SW104a
13:36:57: [INFO] Placing additional elements for SW104
13:36:57: [INFO] Placing additional elements for SW103
13:36:57: [INFO] Placing additional elements for SW102
13:36:57: [INFO] Placing additional elements for SW101b
13:36:57: [INFO] Placing additional elements for SW101a
13:36:57: [INFO] Placing additional elements for SW101
13:36:57: [INFO] Placing additional elements for SW100
13:36:57: [INFO] Placing additional elements for SW99a
13:36:57: [INFO] Placing additional elements for SW99
13:36:57: [INFO] Placing additional elements for SW98
13:36:57: [INFO] Placing additional elements for SW97
13:36:57: [INFO] Placing additional elements for SW96
13:36:57: [INFO] Placing additional elements for SW95
13:36:57: [INFO] Placing additional elements for SW94
13:36:57: [INFO] Placing additional elements for SW93
13:36:57: [INFO] Placing additional elements for SW92
13:36:57: [INFO] Placing additional elements for SW91
13:36:57: [INFO] Placing additional elements for SW90
13:36:57: [INFO] Placing additional elements for SW89
13:36:57: [INFO] Placing additional elements for SW88
13:36:57: [INFO] Placing additional elements for SW87
13:36:57: [INFO] Placing additional elements for SW86a
13:36:57: [INFO] Placing additional elements for SW86
13:36:57: [INFO] Placing additional elements for SW85
13:36:57: [INFO] Placing additional elements for SW84
13:36:57: [INFO] Placing additional elements for SW83
13:36:57: [INFO] Placing additional elements for SW82
13:36:57: [INFO] Placing additional elements for SW81a
13:36:57: [INFO] Placing additional elements for SW81
13:36:57: [INFO] Placing additional elements for SW80a
13:36:57: [INFO] Placing additional elements for SW80
13:36:57: [INFO] Placing additional elements for SW79
13:36:57: [INFO] Placing additional elements for SW78
13:36:57: [INFO] Placing additional elements for SW77
13:36:57: [INFO] Placing additional elements for SW76
13:36:57: [INFO] Placing additional elements for SW75
13:36:57: [INFO] Placing additional elements for SW74
13:36:57: [INFO] Placing additional elements for SW73
13:36:57: [INFO] Placing additional elements for SW72
13:36:57: [INFO] Placing additional elements for SW71
13:36:57: [INFO] Placing additional elements for SW70
13:36:57: [INFO] Placing additional elements for SW69
13:36:57: [INFO] Placing additional elements for SW68
13:36:57: [INFO] Placing additional elements for SW67a
13:36:57: [INFO] Placing additional elements for SW67
13:36:57: [INFO] Placing additional elements for SW66
13:36:57: [INFO] Placing additional elements for SW65
13:36:57: [INFO] Placing additional elements for SW64a
13:36:57: [INFO] Placing additional elements for SW64
13:36:57: [INFO] Placing additional elements for SW63
13:36:57: [INFO] Placing additional elements for SW62
13:36:57: [INFO] Placing additional elements for SW61
13:36:57: [INFO] Placing additional elements for SW60
13:36:57: [INFO] Placing additional elements for SW59
13:36:57: [INFO] Placing additional elements for SW58
13:36:57: [INFO] Placing additional elements for SW57
13:36:57: [INFO] Placing additional elements for SW56
13:36:57: [INFO] Placing additional elements for SW55
13:36:57: [INFO] Placing additional elements for SW54
13:36:57: [INFO] Placing additional elements for SW53
13:36:57: [INFO] Placing additional elements for SW52
13:36:57: [INFO] Placing additional elements for SW51
13:36:57: [INFO] Placing additional elements for SW50
13:36:57: [INFO] Placing additional elements for SW49
13:36:57: [INFO] Placing additional elements for SW48
13:36:57: [INFO] Placing additional elements for SW47
13:36:57: [INFO] Placing additional elements for SW46
13:36:57: [INFO] Placing additional elements for SW45
13:36:57: [INFO] Placing additional elements for SW44
13:36:57: [INFO] Placing additional elements for SW43
13:36:57: [INFO] Placing additional elements for SW42
13:36:57: [INFO] Placing additional elements for SW41
13:36:57: [INFO] Placing additional elements for SW40
13:36:57: [INFO] Placing additional elements for SW39a
13:36:57: [INFO] Placing additional elements for SW39
13:36:57: [INFO] Placing additional elements for SW38
13:36:57: [INFO] Placing additional elements for SW37
13:36:57: [INFO] Placing additional elements for SW36
13:36:57: [INFO] Placing additional elements for SW35
13:36:57: [INFO] Placing additional elements for SW34
13:36:57: [INFO] Placing additional elements for SW33
13:36:57: [INFO] Placing additional elements for SW32
13:36:57: [INFO] Placing additional elements for SW31
13:36:57: [INFO] Placing additional elements for SW30
13:36:57: [INFO] Placing additional elements for SW29
13:36:57: [INFO] Placing additional elements for SW28
13:36:57: [INFO] Placing additional elements for SW27
13:36:57: [INFO] Placing additional elements for SW26
13:36:57: [INFO] Placing additional elements for SW25
13:36:57: [INFO] Placing additional elements for SW24
13:36:57: [INFO] Placing additional elements for SW23
13:36:57: [INFO] Placing additional elements for SW22
13:36:57: [INFO] Placing additional elements for SW21
13:36:57: [INFO] Placing additional elements for SW20
13:36:57: [INFO] Placing additional elements for SW19
13:36:57: [INFO] Placing additional elements for SW18
13:36:57: [INFO] Placing additional elements for SW17
13:36:57: [INFO] Placing additional elements for SW16
13:36:57: [INFO] Placing additional elements for SW15
13:36:57: [INFO] Placing additional elements for SW14
13:36:57: [INFO] Placing additional elements for SW13
13:36:57: [INFO] Placing additional elements for SW12
13:36:57: [INFO] Placing additional elements for SW11
13:36:57: [INFO] Placing additional elements for SW10
13:36:57: [INFO] Placing additional elements for SW9
13:36:57: [INFO] Placing additional elements for SW8
13:36:57: [INFO] Placing additional elements for SW7
13:36:57: [INFO] Placing additional elements for SW6
13:36:57: [INFO] Placing additional elements for SW5
13:36:57: [INFO] Placing additional elements for SW4
13:36:57: [INFO] Placing additional elements for SW3
13:36:57: [INFO] Placing additional elements for SW2
13:36:57: [INFO] Placing additional elements for SW1
13:36:57: [INFO] Routing SW115 with D115
13:36:57: [INFO] Using internal autorouter method
13:36:57: [INFO] Routing pad 'SW115:2' at (507365000, 133032500) with pad 'D115:2' at (509905000, 140712500) using coordinate system rotated by 0 degree(s)
13:36:57: [INFO] Adding track segment (B.Cu): [(507365000, 133032500), (507365000, 138172500)]
13:36:57: [INFO] Adding track segment (B.Cu): [(507365000, 138172500), (509905000, 140712500)]
13:36:57: [INFO] Routing SW114 with D114
13:36:57: [INFO] Using internal autorouter method
13:36:57: [INFO] Routing pad 'SW114:2' at (488315000, 133032500) with pad 'D114:2' at (490855000, 140712500) using coordinate system rotated by 0 degree(s)
13:36:57: [INFO] Adding track segment (B.Cu): [(488315000, 133032500), (488315000, 138172500)]
13:36:57: [INFO] Adding track segment (B.Cu): [(488315000, 138172500), (490855000, 140712500)]
13:36:57: [INFO] Routing SW113 with D113
13:36:57: [INFO] Using internal autorouter method
13:36:57: [INFO] Routing pad 'SW113:2' at (469265000, 133032500) with pad 'D113:2' at (471805000, 140712500) using coordinate system rotated by 0 degree(s)
13:36:57: [INFO] Adding track segment (B.Cu): [(469265000, 133032500), (469265000, 138172500)]
13:36:57: [INFO] Adding track segment (B.Cu): [(469265000, 138172500), (471805000, 140712500)]
13:36:57: [INFO] Routing SW112a with D112
13:36:57: [INFO] Using internal autorouter method
13:36:57: [INFO] Routing pad 'SW112a:2' at (440690000, 133032500) with pad 'D112:2' at (445611250, 140712500) using coordinate system rotated by 0 degree(s)
13:36:57: [INFO] Routing SW112 with D112
13:36:57: [INFO] Using internal autorouter method
13:36:57: [INFO] Routing pad 'SW112:2' at (443071250, 133032500) with pad 'D112:2' at (445611250, 140712500) using coordinate system rotated by 0 degree(s)
13:36:57: [INFO] Routing SW111a with D111
13:36:57: [INFO] Using internal autorouter method
13:36:57: [INFO] Routing pad 'SW111a:2' at (416877500, 133032500) with pad 'D111:2' at (421798750, 140712500) using coordinate system rotated by 0 degree(s)
13:36:57: [INFO] Routing SW111 with D111
13:36:57: [INFO] Using internal autorouter method
13:36:57: [INFO] Routing pad 'SW111:2' at (419258750, 133032500) with pad 'D111:2' at (421798750, 140712500) using coordinate system rotated by 0 degree(s)
13:36:57: [INFO] Routing SW110a with D110
13:36:57: [INFO] Using internal autorouter method
13:36:57: [INFO] Routing pad 'SW110a:2' at (393065000, 133032500) with pad 'D110:2' at (397986250, 140712500) using coordinate system rotated by 0 degree(s)
13:36:57: [INFO] Routing SW110 with D110
13:36:57: [INFO] Using internal autorouter method
13:36:57: [INFO] Routing pad 'SW110:2' at (395446250, 133032500) with pad 'D110:2' at (397986250, 140712500) using coordinate system rotated by 0 degree(s)
13:36:57: [INFO] Routing SW109 with D109
13:36:57: [INFO] Using internal autorouter method
13:36:57: [INFO] Routing pad 'SW109:2' at (371633750, 133032500) with pad 'D109:2' at (374173750, 140712500) using coordinate system rotated by 0 degree(s)
13:36:57: [INFO] Adding track segment (B.Cu): [(371633750, 133032500), (371633750, 138172500)]
13:36:57: [INFO] Adding track segment (B.Cu): [(371633750, 138172500), (374173750, 140712500)]
13:36:57: [INFO] Routing SW108a with D108
13:36:57: [INFO] Using internal autorouter method
13:36:57: [INFO] Routing pad 'SW108a:2' at (312102500, 133032500) with pad 'D108:2' at (302736250, 140712500) using coordinate system rotated by 0 degree(s)
13:36:57: [INFO] Routing SW108 with D108
13:36:57: [INFO] Using internal autorouter method
13:36:57: [INFO] Routing pad 'SW108:2' at (300196250, 133032500) with pad 'D108:2' at (302736250, 140712500) using coordinate system rotated by 0 degree(s)
13:36:57: [INFO] Adding track segment (B.Cu): [(300196250, 133032500), (300196250, 138172500)]
13:36:57: [INFO] Adding track segment (B.Cu): [(300196250, 138172500), (302736250, 140712500)]
13:36:57: [INFO] Routing SW107a with D107
13:36:57: [INFO] Using internal autorouter method
13:36:57: [INFO] Routing pad 'SW107a:2' at (231140000, 133032500) with pad 'D107:2' at (231298750, 140712500) using coordinate system rotated by 0 degree(s)
13:36:57: [INFO] Routing SW107 with D107
13:36:57: [INFO] Using internal autorouter method
13:36:57: [INFO] Routing pad 'SW107:2' at (228758750, 133032500) with pad 'D107:2' at (231298750, 140712500) using coordinate system rotated by 0 degree(s)
13:36:57: [INFO] Routing SW106a with D106
13:36:57: [INFO] Using internal autorouter method
13:36:57: [INFO] Routing pad 'SW106a:2' at (207327500, 133032500) with pad 'D106:2' at (207486250, 140712500) using coordinate system rotated by 0 degree(s)
13:36:57: [INFO] Routing SW106 with D106
13:36:57: [INFO] Using internal autorouter method
13:36:57: [INFO] Routing pad 'SW106:2' at (204946250, 133032500) with pad 'D106:2' at (207486250, 140712500) using coordinate system rotated by 0 degree(s)
13:36:57: [INFO] Routing SW105a with D105
13:36:57: [INFO] Using internal autorouter method
13:36:57: [INFO] Routing pad 'SW105a:2' at (183515000, 133032500) with pad 'D105:2' at (183673750, 140712500) using coordinate system rotated by 0 degree(s)
13:36:57: [INFO] Routing SW105 with D105
13:36:57: [INFO] Using internal autorouter method
13:36:57: [INFO] Routing pad 'SW105:2' at (181133750, 133032500) with pad 'D105:2' at (183673750, 140712500) using coordinate system rotated by 0 degree(s)
13:36:57: [INFO] Routing SW104b with D104
13:36:57: [INFO] Using internal autorouter method
13:36:57: [INFO] Routing pad 'SW104b:2' at (154940000, 133032500) with pad 'D104:2' at (157480000, 131187500) using coordinate system rotated by 0 degree(s)
13:36:58: [INFO] Adding track segment (B.Cu): [(154940000, 133032500), (155635000, 133032500)]
13:36:58: [INFO] Adding track segment (B.Cu): [(155635000, 133032500), (157480000, 131187500)]
13:36:58: [INFO] Routing SW104a with D104
13:36:58: [INFO] Using internal autorouter method
13:36:58: [INFO] Routing pad 'SW104a:2' at (145415000, 133032500) with pad 'D104:2' at (157480000, 131187500) using coordinate system rotated by 0 degree(s)
13:36:58: [INFO] Adding track segment (B.Cu): [(145415000, 133032500), (155635000, 133032500)]
13:36:58: [INFO] Adding track segment (B.Cu): [(155635000, 133032500), (157480000, 131187500)]
13:36:58: [INFO] Routing SW104 with D104
13:36:58: [INFO] Using internal autorouter method
13:36:58: [INFO] Routing pad 'SW104:2' at (154940000, 123507500) with pad 'D104:2' at (157480000, 131187500) using coordinate system rotated by 0 degree(s)
13:36:58: [INFO] Adding track segment (B.Cu): [(154940000, 123507500), (154940000, 128647500)]
13:36:58: [INFO] Adding track segment (B.Cu): [(154940000, 128647500), (157480000, 131187500)]
13:36:58: [INFO] Routing SW103 with D103
13:36:58: [INFO] Using internal autorouter method
13:36:58: [INFO] Routing pad 'SW103:2' at (135890000, 133032500) with pad 'D103:2' at (138430000, 140712500) using coordinate system rotated by 0 degree(s)
13:36:58: [INFO] Adding track segment (B.Cu): [(135890000, 133032500), (135890000, 138172500)]
13:36:58: [INFO] Adding track segment (B.Cu): [(135890000, 138172500), (138430000, 140712500)]
13:36:58: [INFO] Routing SW102 with D102
13:36:58: [INFO] Using internal autorouter method
13:36:58: [INFO] Routing pad 'SW102:2' at (116840000, 133032500) with pad 'D102:2' at (119380000, 140712500) using coordinate system rotated by 0 degree(s)
13:36:58: [INFO] Adding track segment (B.Cu): [(116840000, 133032500), (116840000, 138172500)]
13:36:58: [INFO] Adding track segment (B.Cu): [(116840000, 138172500), (119380000, 140712500)]
13:36:58: [INFO] Routing SW101b with D101
13:36:58: [INFO] Using internal autorouter method
13:36:58: [INFO] Routing pad 'SW101b:2' at (97790000, 133032500) with pad 'D101:2' at (109855000, 140712500) using coordinate system rotated by 0 degree(s)
13:36:58: [INFO] Routing SW101a with D101
13:36:58: [INFO] Using internal autorouter method
13:36:58: [INFO] Routing pad 'SW101a:2' at (97790000, 123507500) with pad 'D101:2' at (109855000, 140712500) using coordinate system rotated by 0 degree(s)
13:36:58: [INFO] Routing SW101 with D101
13:36:58: [INFO] Using internal autorouter method
13:36:58: [INFO] Routing pad 'SW101:2' at (107315000, 133032500) with pad 'D101:2' at (109855000, 140712500) using coordinate system rotated by 0 degree(s)
13:36:58: [INFO] Adding track segment (B.Cu): [(107315000, 133032500), (107315000, 138172500)]
13:36:58: [INFO] Adding track segment (B.Cu): [(107315000, 138172500), (109855000, 140712500)]
13:36:58: [INFO] Routing SW100 with D100
13:36:58: [INFO] Using internal autorouter method
13:36:58: [INFO] Routing pad 'SW100:2' at (488315000, 113982500) with pad 'D100:2' at (490855000, 121662500) using coordinate system rotated by 0 degree(s)
13:36:58: [INFO] Adding track segment (B.Cu): [(488315000, 113982500), (488315000, 119122500)]
13:36:58: [INFO] Adding track segment (B.Cu): [(488315000, 119122500), (490855000, 121662500)]
13:36:58: [INFO] Routing SW99a with D99
13:36:58: [INFO] Using internal autorouter method
13:36:58: [INFO] Routing pad 'SW99a:2' at (419258750, 113982500) with pad 'D99:2' at (431323750, 121662500) using coordinate system rotated by 0 degree(s)
13:36:58: [INFO] Routing SW99 with D99
13:36:58: [INFO] Using internal autorouter method
13:36:58: [INFO] Routing pad 'SW99:2' at (428783750, 113982500) with pad 'D99:2' at (431323750, 121662500) using coordinate system rotated by 0 degree(s)
13:36:58: [INFO] Adding track segment (B.Cu): [(428783750, 113982500), (428783750, 119122500)]
13:36:58: [INFO] Adding track segment (B.Cu): [(428783750, 119122500), (431323750, 121662500)]
13:36:58: [INFO] Routing SW98 with D98
13:36:58: [INFO] Using internal autorouter method
13:36:58: [INFO] Routing pad 'SW98:2' at (445452500, 113982500) with pad 'D98:2' at (447992500, 121662500) using coordinate system rotated by 0 degree(s)
13:36:58: [INFO] Adding track segment (B.Cu): [(445452500, 113982500), (445452500, 119122500)]
13:36:58: [INFO] Adding track segment (B.Cu): [(445452500, 119122500), (447992500, 121662500)]
13:36:58: [INFO] Routing SW97 with D97
13:36:58: [INFO] Using internal autorouter method
13:36:58: [INFO] Routing pad 'SW97:2' at (393065000, 113982500) with pad 'D97:2' at (395605000, 121662500) using coordinate system rotated by 0 degree(s)
13:36:58: [INFO] Adding track segment (B.Cu): [(393065000, 113982500), (393065000, 119122500)]
13:36:58: [INFO] Adding track segment (B.Cu): [(393065000, 119122500), (395605000, 121662500)]
13:36:58: [INFO] Routing SW96 with D96
13:36:58: [INFO] Using internal autorouter method
13:36:58: [INFO] Routing pad 'SW96:2' at (374015000, 113982500) with pad 'D96:2' at (376555000, 121662500) using coordinate system rotated by 0 degree(s)
13:36:58: [INFO] Adding track segment (B.Cu): [(374015000, 113982500), (374015000, 119122500)]
13:36:58: [INFO] Adding track segment (B.Cu): [(374015000, 119122500), (376555000, 121662500)]
13:36:58: [INFO] Routing SW95 with D95
13:36:58: [INFO] Using internal autorouter method
13:36:58: [INFO] Routing pad 'SW95:2' at (354965000, 113982500) with pad 'D95:2' at (357505000, 121662500) using coordinate system rotated by 0 degree(s)
13:36:58: [INFO] Adding track segment (B.Cu): [(354965000, 113982500), (354965000, 119122500)]
13:36:58: [INFO] Adding track segment (B.Cu): [(354965000, 119122500), (357505000, 121662500)]
13:36:58: [INFO] Routing SW94 with D94
13:36:58: [INFO] Using internal autorouter method
13:36:58: [INFO] Routing pad 'SW94:2' at (335915000, 113982500) with pad 'D94:2' at (338455000, 121662500) using coordinate system rotated by 0 degree(s)
13:36:58: [INFO] Adding track segment (B.Cu): [(335915000, 113982500), (335915000, 119122500)]
13:36:58: [INFO] Adding track segment (B.Cu): [(335915000, 119122500), (338455000, 121662500)]
13:36:58: [INFO] Routing SW93 with D93
13:36:58: [INFO] Using internal autorouter method
13:36:58: [INFO] Routing pad 'SW93:2' at (316865000, 113982500) with pad 'D93:2' at (319405000, 121662500) using coordinate system rotated by 0 degree(s)
13:36:58: [INFO] Adding track segment (B.Cu): [(316865000, 113982500), (316865000, 119122500)]
13:36:58: [INFO] Adding track segment (B.Cu): [(316865000, 119122500), (319405000, 121662500)]
13:36:58: [INFO] Routing SW92 with D92
13:36:58: [INFO] Using internal autorouter method
13:36:58: [INFO] Routing pad 'SW92:2' at (297815000, 113982500) with pad 'D92:2' at (300355000, 121662500) using coordinate system rotated by 0 degree(s)
13:36:58: [INFO] Adding track segment (B.Cu): [(297815000, 113982500), (297815000, 119122500)]
13:36:58: [INFO] Adding track segment (B.Cu): [(297815000, 119122500), (300355000, 121662500)]
13:36:58: [INFO] Routing SW91 with D91
13:36:58: [INFO] Using internal autorouter method
13:36:58: [INFO] Routing pad 'SW91:2' at (278765000, 113982500) with pad 'D91:2' at (281305000, 121662500) using coordinate system rotated by 0 degree(s)
13:36:58: [INFO] Adding track segment (B.Cu): [(278765000, 113982500), (278765000, 119122500)]
13:36:58: [INFO] Adding track segment (B.Cu): [(278765000, 119122500), (281305000, 121662500)]
13:36:58: [INFO] Routing SW90 with D90
13:36:58: [INFO] Using internal autorouter method
13:36:58: [INFO] Routing pad 'SW90:2' at (259715000, 113982500) with pad 'D90:2' at (262255000, 121662500) using coordinate system rotated by 0 degree(s)
13:36:58: [INFO] Adding track segment (B.Cu): [(259715000, 113982500), (259715000, 119122500)]
13:36:58: [INFO] Adding track segment (B.Cu): [(259715000, 119122500), (262255000, 121662500)]
13:36:58: [INFO] Routing SW89 with D89
13:36:58: [INFO] Using internal autorouter method
13:36:58: [INFO] Routing pad 'SW89:2' at (240665000, 113982500) with pad 'D89:2' at (243205000, 121662500) using coordinate system rotated by 0 degree(s)
13:36:58: [INFO] Adding track segment (B.Cu): [(240665000, 113982500), (240665000, 119122500)]
13:36:58: [INFO] Adding track segment (B.Cu): [(240665000, 119122500), (243205000, 121662500)]
13:36:58: [INFO] Routing SW88 with D88
13:36:58: [INFO] Using internal autorouter method
13:36:58: [INFO] Routing pad 'SW88:2' at (221615000, 113982500) with pad 'D88:2' at (224155000, 121662500) using coordinate system rotated by 0 degree(s)
13:36:58: [INFO] Adding track segment (B.Cu): [(221615000, 113982500), (221615000, 119122500)]
13:36:58: [INFO] Adding track segment (B.Cu): [(221615000, 119122500), (224155000, 121662500)]
13:36:58: [INFO] Routing SW87 with D87
13:36:58: [INFO] Using internal autorouter method
13:36:58: [INFO] Routing pad 'SW87:2' at (202565000, 113982500) with pad 'D87:2' at (205105000, 121662500) using coordinate system rotated by 0 degree(s)
13:36:58: [INFO] Adding track segment (B.Cu): [(202565000, 113982500), (202565000, 119122500)]
13:36:58: [INFO] Adding track segment (B.Cu): [(202565000, 119122500), (205105000, 121662500)]
13:36:58: [INFO] Routing SW86a with D86
13:36:58: [INFO] Using internal autorouter method
13:36:58: [INFO] Routing pad 'SW86a:2' at (181133750, 113982500) with pad 'D86:2' at (193198750, 121662500) using coordinate system rotated by 0 degree(s)
13:36:58: [INFO] Routing SW86 with D86
13:36:58: [INFO] Using internal autorouter method
13:36:58: [INFO] Routing pad 'SW86:2' at (190658750, 113982500) with pad 'D86:2' at (193198750, 121662500) using coordinate system rotated by 0 degree(s)
13:36:58: [INFO] Adding track segment (B.Cu): [(190658750, 113982500), (190658750, 119122500)]
13:36:58: [INFO] Adding track segment (B.Cu): [(190658750, 119122500), (193198750, 121662500)]
13:36:58: [INFO] Routing SW85 with D85
13:36:58: [INFO] Using internal autorouter method
13:36:58: [INFO] Routing pad 'SW85:2' at (154940000, 113982500) with pad 'D85:2' at (157480000, 121662500) using coordinate system rotated by 0 degree(s)
13:36:58: [INFO] Adding track segment (B.Cu): [(154940000, 113982500), (154940000, 119122500)]
13:36:58: [INFO] Adding track segment (B.Cu): [(154940000, 119122500), (157480000, 121662500)]
13:36:58: [INFO] Routing SW84 with D84
13:36:58: [INFO] Using internal autorouter method
13:36:58: [INFO] Routing pad 'SW84:2' at (135890000, 113982500) with pad 'D84:2' at (138430000, 121662500) using coordinate system rotated by 0 degree(s)
13:36:58: [INFO] Adding track segment (B.Cu): [(135890000, 113982500), (135890000, 119122500)]
13:36:58: [INFO] Adding track segment (B.Cu): [(135890000, 119122500), (138430000, 121662500)]
13:36:58: [INFO] Routing SW83 with D83
13:36:58: [INFO] Using internal autorouter method
13:36:58: [INFO] Routing pad 'SW83:2' at (116840000, 113982500) with pad 'D83:2' at (119380000, 121662500) using coordinate system rotated by 0 degree(s)
13:36:58: [INFO] Adding track segment (B.Cu): [(116840000, 113982500), (116840000, 119122500)]
13:36:58: [INFO] Adding track segment (B.Cu): [(116840000, 119122500), (119380000, 121662500)]
13:36:58: [INFO] Routing SW82 with D82
13:36:58: [INFO] Using internal autorouter method
13:36:58: [INFO] Routing pad 'SW82:2' at (97790000, 113982500) with pad 'D82:2' at (100330000, 121662500) using coordinate system rotated by 0 degree(s)
13:36:58: [INFO] Adding track segment (B.Cu): [(97790000, 113982500), (97790000, 119122500)]
13:36:58: [INFO] Adding track segment (B.Cu): [(97790000, 119122500), (100330000, 121662500)]
13:36:58: [INFO] Routing SW81a with D81
13:36:58: [INFO] Using internal autorouter method
13:36:58: [INFO] Routing pad 'SW81a:2' at (443071250, 85407500) with pad 'D81:2' at (436086250, 102612500) using coordinate system rotated by 0 degree(s)
13:36:58: [INFO] Routing SW81 with D81
13:36:58: [INFO] Using internal autorouter method
13:36:58: [INFO] Routing pad 'SW81:2' at (433546250, 94932500) with pad 'D81:2' at (436086250, 102612500) using coordinate system rotated by 0 degree(s)
13:36:58: [INFO] Adding track segment (B.Cu): [(433546250, 94932500), (433546250, 100072500)]
13:36:58: [INFO] Adding track segment (B.Cu): [(433546250, 100072500), (436086250, 102612500)]
13:36:59: [INFO] Routing SW80a with D80
13:36:59: [INFO] Using internal autorouter method
13:36:59: [INFO] Routing pad 'SW80a:2' at (421640000, 94932500) with pad 'D80:2' at (443230000, 83562500) using coordinate system rotated by 0 degree(s)
13:36:59: [INFO] Adding track segment (B.Cu): [(421640000, 94932500), (433010000, 83562500)]
13:36:59: [INFO] Adding track segment (B.Cu): [(433010000, 83562500), (443230000, 83562500)]
13:36:59: [INFO] Routing SW80 with D80
13:36:59: [INFO] Using internal autorouter method
13:36:59: [INFO] Routing pad 'SW80:2' at (440690000, 75882500) with pad 'D80:2' at (443230000, 83562500) using coordinate system rotated by 0 degree(s)
13:36:59: [INFO] Adding track segment (B.Cu): [(440690000, 75882500), (440690000, 81022500)]
13:36:59: [INFO] Adding track segment (B.Cu): [(440690000, 81022500), (443230000, 83562500)]
13:36:59: [INFO] Routing SW79 with D79
13:36:59: [INFO] Using internal autorouter method
13:36:59: [INFO] Routing pad 'SW79:2' at (402590000, 94932500) with pad 'D79:2' at (405130000, 102612500) using coordinate system rotated by 0 degree(s)
13:36:59: [INFO] Adding track segment (B.Cu): [(402590000, 94932500), (402590000, 100072500)]
13:36:59: [INFO] Adding track segment (B.Cu): [(402590000, 100072500), (405130000, 102612500)]
13:36:59: [INFO] Routing SW78 with D78
13:36:59: [INFO] Using internal autorouter method
13:36:59: [INFO] Routing pad 'SW78:2' at (383540000, 94932500) with pad 'D78:2' at (386080000, 102612500) using coordinate system rotated by 0 degree(s)
13:36:59: [INFO] Adding track segment (B.Cu): [(383540000, 94932500), (383540000, 100072500)]
13:36:59: [INFO] Adding track segment (B.Cu): [(383540000, 100072500), (386080000, 102612500)]
13:36:59: [INFO] Routing SW77 with D77
13:36:59: [INFO] Using internal autorouter method
13:36:59: [INFO] Routing pad 'SW77:2' at (364490000, 94932500) with pad 'D77:2' at (367030000, 102612500) using coordinate system rotated by 0 degree(s)
13:36:59: [INFO] Adding track segment (B.Cu): [(364490000, 94932500), (364490000, 100072500)]
13:36:59: [INFO] Adding track segment (B.Cu): [(364490000, 100072500), (367030000, 102612500)]
13:36:59: [INFO] Routing SW76 with D76
13:36:59: [INFO] Using internal autorouter method
13:36:59: [INFO] Routing pad 'SW76:2' at (345440000, 94932500) with pad 'D76:2' at (347980000, 102612500) using coordinate system rotated by 0 degree(s)
13:36:59: [INFO] Adding track segment (B.Cu): [(345440000, 94932500), (345440000, 100072500)]
13:36:59: [INFO] Adding track segment (B.Cu): [(345440000, 100072500), (347980000, 102612500)]
13:36:59: [INFO] Routing SW75 with D75
13:36:59: [INFO] Using internal autorouter method
13:36:59: [INFO] Routing pad 'SW75:2' at (326390000, 94932500) with pad 'D75:2' at (328930000, 102612500) using coordinate system rotated by 0 degree(s)
13:36:59: [INFO] Adding track segment (B.Cu): [(326390000, 94932500), (326390000, 100072500)]
13:36:59: [INFO] Adding track segment (B.Cu): [(326390000, 100072500), (328930000, 102612500)]
13:36:59: [INFO] Routing SW74 with D74
13:36:59: [INFO] Using internal autorouter method
13:36:59: [INFO] Routing pad 'SW74:2' at (307340000, 94932500) with pad 'D74:2' at (309880000, 102612500) using coordinate system rotated by 0 degree(s)
13:36:59: [INFO] Adding track segment (B.Cu): [(307340000, 94932500), (307340000, 100072500)]
13:36:59: [INFO] Adding track segment (B.Cu): [(307340000, 100072500), (309880000, 102612500)]
13:36:59: [INFO] Routing SW73 with D73
13:36:59: [INFO] Using internal autorouter method
13:36:59: [INFO] Routing pad 'SW73:2' at (288290000, 94932500) with pad 'D73:2' at (290830000, 102612500) using coordinate system rotated by 0 degree(s)
13:36:59: [INFO] Adding track segment (B.Cu): [(288290000, 94932500), (288290000, 100072500)]
13:36:59: [INFO] Adding track segment (B.Cu): [(288290000, 100072500), (290830000, 102612500)]
13:36:59: [INFO] Routing SW72 with D72
13:36:59: [INFO] Using internal autorouter method
13:36:59: [INFO] Routing pad 'SW72:2' at (269240000, 94932500) with pad 'D72:2' at (271780000, 102612500) using coordinate system rotated by 0 degree(s)
13:36:59: [INFO] Adding track segment (B.Cu): [(269240000, 94932500), (269240000, 100072500)]
13:36:59: [INFO] Adding track segment (B.Cu): [(269240000, 100072500), (271780000, 102612500)]
13:36:59: [INFO] Routing SW71 with D71
13:36:59: [INFO] Using internal autorouter method
13:36:59: [INFO] Routing pad 'SW71:2' at (250190000, 94932500) with pad 'D71:2' at (252730000, 102612500) using coordinate system rotated by 0 degree(s)
13:36:59: [INFO] Adding track segment (B.Cu): [(250190000, 94932500), (250190000, 100072500)]
13:36:59: [INFO] Adding track segment (B.Cu): [(250190000, 100072500), (252730000, 102612500)]
13:36:59: [INFO] Routing SW70 with D70
13:36:59: [INFO] Using internal autorouter method
13:36:59: [INFO] Routing pad 'SW70:2' at (231140000, 94932500) with pad 'D70:2' at (233680000, 102612500) using coordinate system rotated by 0 degree(s)
13:36:59: [INFO] Adding track segment (B.Cu): [(231140000, 94932500), (231140000, 100072500)]
13:36:59: [INFO] Adding track segment (B.Cu): [(231140000, 100072500), (233680000, 102612500)]
13:36:59: [INFO] Routing SW69 with D69
13:36:59: [INFO] Using internal autorouter method
13:36:59: [INFO] Routing pad 'SW69:2' at (212090000, 94932500) with pad 'D69:2' at (214630000, 102612500) using coordinate system rotated by 0 degree(s)
13:36:59: [INFO] Adding track segment (B.Cu): [(212090000, 94932500), (212090000, 100072500)]
13:36:59: [INFO] Adding track segment (B.Cu): [(212090000, 100072500), (214630000, 102612500)]
13:36:59: [INFO] Routing SW68 with D68
13:36:59: [INFO] Using internal autorouter method
13:36:59: [INFO] Routing pad 'SW68:2' at (185896250, 94932500) with pad 'D68:2' at (188436250, 102612500) using coordinate system rotated by 0 degree(s)
13:36:59: [INFO] Adding track segment (B.Cu): [(185896250, 94932500), (185896250, 100072500)]
13:36:59: [INFO] Adding track segment (B.Cu): [(185896250, 100072500), (188436250, 102612500)]
13:36:59: [INFO] Routing SW67a with D67
13:36:59: [INFO] Using internal autorouter method
13:36:59: [INFO] Routing pad 'SW67a:2' at (154940000, 94932500) with pad 'D67:2' at (157480000, 93087500) using coordinate system rotated by 0 degree(s)
13:36:59: [INFO] Adding track segment (B.Cu): [(154940000, 94932500), (155635000, 94932500)]
13:36:59: [INFO] Adding track segment (B.Cu): [(155635000, 94932500), (157480000, 93087500)]
13:36:59: [INFO] Routing SW67 with D67
13:36:59: [INFO] Using internal autorouter method
13:36:59: [INFO] Routing pad 'SW67:2' at (154940000, 85407500) with pad 'D67:2' at (157480000, 93087500) using coordinate system rotated by 0 degree(s)
13:36:59: [INFO] Adding track segment (B.Cu): [(154940000, 85407500), (154940000, 90547500)]
13:36:59: [INFO] Adding track segment (B.Cu): [(154940000, 90547500), (157480000, 93087500)]
13:36:59: [INFO] Routing SW66 with D66
13:36:59: [INFO] Using internal autorouter method
13:36:59: [INFO] Routing pad 'SW66:2' at (135890000, 94932500) with pad 'D66:2' at (138430000, 102612500) using coordinate system rotated by 0 degree(s)
13:36:59: [INFO] Adding track segment (B.Cu): [(135890000, 94932500), (135890000, 100072500)]
13:36:59: [INFO] Adding track segment (B.Cu): [(135890000, 100072500), (138430000, 102612500)]
13:36:59: [INFO] Routing SW65 with D65
13:36:59: [INFO] Using internal autorouter method
13:36:59: [INFO] Routing pad 'SW65:2' at (116840000, 94932500) with pad 'D65:2' at (119380000, 102612500) using coordinate system rotated by 0 degree(s)
13:36:59: [INFO] Adding track segment (B.Cu): [(116840000, 94932500), (116840000, 100072500)]
13:36:59: [INFO] Adding track segment (B.Cu): [(116840000, 100072500), (119380000, 102612500)]
13:36:59: [INFO] Routing SW64a with D64
13:36:59: [INFO] Using internal autorouter method
13:36:59: [INFO] Routing pad 'SW64a:2' at (97790000, 85407500) with pad 'D64:2' at (100330000, 102612500) using coordinate system rotated by 0 degree(s)
13:36:59: [INFO] Adding track segment (B.Cu): [(97790000, 85407500), (97790000, 100072500)]
13:36:59: [INFO] Adding track segment (B.Cu): [(97790000, 100072500), (100330000, 102612500)]
13:36:59: [INFO] Routing SW64 with D64
13:36:59: [INFO] Using internal autorouter method
13:36:59: [INFO] Routing pad 'SW64:2' at (97790000, 94932500) with pad 'D64:2' at (100330000, 102612500) using coordinate system rotated by 0 degree(s)
13:36:59: [INFO] Adding track segment (B.Cu): [(97790000, 94932500), (97790000, 100072500)]
13:36:59: [INFO] Adding track segment (B.Cu): [(97790000, 100072500), (100330000, 102612500)]
13:36:59: [INFO] Routing SW63 with D63
13:36:59: [INFO] Using internal autorouter method
13:36:59: [INFO] Routing pad 'SW63:2' at (507365000, 75882500) with pad 'D63:2' at (509905000, 83562500) using coordinate system rotated by 0 degree(s)
13:36:59: [INFO] Adding track segment (B.Cu): [(507365000, 75882500), (507365000, 81022500)]
13:36:59: [INFO] Adding track segment (B.Cu): [(507365000, 81022500), (509905000, 83562500)]
13:36:59: [INFO] Routing SW62 with D62
13:36:59: [INFO] Using internal autorouter method
13:36:59: [INFO] Routing pad 'SW62:2' at (488315000, 75882500) with pad 'D62:2' at (490855000, 83562500) using coordinate system rotated by 0 degree(s)
13:36:59: [INFO] Adding track segment (B.Cu): [(488315000, 75882500), (488315000, 81022500)]
13:36:59: [INFO] Adding track segment (B.Cu): [(488315000, 81022500), (490855000, 83562500)]
13:36:59: [INFO] Routing SW61 with D61
13:36:59: [INFO] Using internal autorouter method
13:36:59: [INFO] Routing pad 'SW61:2' at (469265000, 75882500) with pad 'D61:2' at (471805000, 83562500) using coordinate system rotated by 0 degree(s)
13:36:59: [INFO] Adding track segment (B.Cu): [(469265000, 75882500), (469265000, 81022500)]
13:36:59: [INFO] Adding track segment (B.Cu): [(469265000, 81022500), (471805000, 83562500)]
13:36:59: [INFO] Routing SW60 with D60
13:36:59: [INFO] Using internal autorouter method
13:36:59: [INFO] Routing pad 'SW60:2' at (445452500, 56832500) with pad 'D60:2' at (447992500, 64512500) using coordinate system rotated by 0 degree(s)
13:36:59: [INFO] Adding track segment (B.Cu): [(445452500, 56832500), (445452500, 61972500)]
13:36:59: [INFO] Adding track segment (B.Cu): [(445452500, 61972500), (447992500, 64512500)]
13:36:59: [INFO] Routing SW59 with D59
13:36:59: [INFO] Using internal autorouter method
13:36:59: [INFO] Routing pad 'SW59:2' at (416877500, 75882500) with pad 'D59:2' at (419417500, 83562500) using coordinate system rotated by 0 degree(s)
13:36:59: [INFO] Adding track segment (B.Cu): [(416877500, 75882500), (416877500, 81022500)]
13:36:59: [INFO] Adding track segment (B.Cu): [(416877500, 81022500), (419417500, 83562500)]
13:36:59: [INFO] Routing SW58 with D58
13:36:59: [INFO] Using internal autorouter method
13:36:59: [INFO] Routing pad 'SW58:2' at (397827500, 75882500) with pad 'D58:2' at (400367500, 83562500) using coordinate system rotated by 0 degree(s)
13:36:59: [INFO] Adding track segment (B.Cu): [(397827500, 75882500), (397827500, 81022500)]
13:36:59: [INFO] Adding track segment (B.Cu): [(397827500, 81022500), (400367500, 83562500)]
13:36:59: [INFO] Routing SW57 with D57
13:36:59: [INFO] Using internal autorouter method
13:36:59: [INFO] Routing pad 'SW57:2' at (378777500, 75882500) with pad 'D57:2' at (381317500, 83562500) using coordinate system rotated by 0 degree(s)
13:36:59: [INFO] Adding track segment (B.Cu): [(378777500, 75882500), (378777500, 81022500)]
13:36:59: [INFO] Adding track segment (B.Cu): [(378777500, 81022500), (381317500, 83562500)]
13:36:59: [INFO] Routing SW56 with D56
13:36:59: [INFO] Using internal autorouter method
13:36:59: [INFO] Routing pad 'SW56:2' at (359727500, 75882500) with pad 'D56:2' at (362267500, 83562500) using coordinate system rotated by 0 degree(s)
13:36:59: [INFO] Adding track segment (B.Cu): [(359727500, 75882500), (359727500, 81022500)]
13:37:00: [INFO] Adding track segment (B.Cu): [(359727500, 81022500), (362267500, 83562500)]
13:37:00: [INFO] Routing SW55 with D55
13:37:00: [INFO] Using internal autorouter method
13:37:00: [INFO] Routing pad 'SW55:2' at (340677500, 75882500) with pad 'D55:2' at (343217500, 83562500) using coordinate system rotated by 0 degree(s)
13:37:00: [INFO] Adding track segment (B.Cu): [(340677500, 75882500), (340677500, 81022500)]
13:37:00: [INFO] Adding track segment (B.Cu): [(340677500, 81022500), (343217500, 83562500)]
13:37:00: [INFO] Routing SW54 with D54
13:37:00: [INFO] Using internal autorouter method
13:37:00: [INFO] Routing pad 'SW54:2' at (321627500, 75882500) with pad 'D54:2' at (324167500, 83562500) using coordinate system rotated by 0 degree(s)
13:37:00: [INFO] Adding track segment (B.Cu): [(321627500, 75882500), (321627500, 81022500)]
13:37:00: [INFO] Adding track segment (B.Cu): [(321627500, 81022500), (324167500, 83562500)]
13:37:00: [INFO] Routing SW53 with D53
13:37:00: [INFO] Using internal autorouter method
13:37:00: [INFO] Routing pad 'SW53:2' at (302577500, 75882500) with pad 'D53:2' at (305117500, 83562500) using coordinate system rotated by 0 degree(s)
13:37:00: [INFO] Adding track segment (B.Cu): [(302577500, 75882500), (302577500, 81022500)]
13:37:00: [INFO] Adding track segment (B.Cu): [(302577500, 81022500), (305117500, 83562500)]
13:37:00: [INFO] Routing SW52 with D52
13:37:00: [INFO] Using internal autorouter method
13:37:00: [INFO] Routing pad 'SW52:2' at (283527500, 75882500) with pad 'D52:2' at (286067500, 83562500) using coordinate system rotated by 0 degree(s)
13:37:00: [INFO] Adding track segment (B.Cu): [(283527500, 75882500), (283527500, 81022500)]
13:37:00: [INFO] Adding track segment (B.Cu): [(283527500, 81022500), (286067500, 83562500)]
13:37:00: [INFO] Routing SW51 with D51
13:37:00: [INFO] Using internal autorouter method
13:37:00: [INFO] Routing pad 'SW51:2' at (264477500, 75882500) with pad 'D51:2' at (267017500, 83562500) using coordinate system rotated by 0 degree(s)
13:37:00: [INFO] Adding track segment (B.Cu): [(264477500, 75882500), (264477500, 81022500)]
13:37:00: [INFO] Adding track segment (B.Cu): [(264477500, 81022500), (267017500, 83562500)]
13:37:00: [INFO] Routing SW50 with D50
13:37:00: [INFO] Using internal autorouter method
13:37:00: [INFO] Routing pad 'SW50:2' at (245427500, 75882500) with pad 'D50:2' at (247967500, 83562500) using coordinate system rotated by 0 degree(s)
13:37:00: [INFO] Adding track segment (B.Cu): [(245427500, 75882500), (245427500, 81022500)]
13:37:00: [INFO] Adding track segment (B.Cu): [(245427500, 81022500), (247967500, 83562500)]
13:37:00: [INFO] Routing SW49 with D49
13:37:00: [INFO] Using internal autorouter method
13:37:00: [INFO] Routing pad 'SW49:2' at (226377500, 75882500) with pad 'D49:2' at (228917500, 83562500) using coordinate system rotated by 0 degree(s)
13:37:00: [INFO] Adding track segment (B.Cu): [(226377500, 75882500), (226377500, 81022500)]
13:37:00: [INFO] Adding track segment (B.Cu): [(226377500, 81022500), (228917500, 83562500)]
13:37:00: [INFO] Routing SW48 with D48
13:37:00: [INFO] Using internal autorouter method
13:37:00: [INFO] Routing pad 'SW48:2' at (207327500, 75882500) with pad 'D48:2' at (209867500, 83562500) using coordinate system rotated by 0 degree(s)
13:37:00: [INFO] Adding track segment (B.Cu): [(207327500, 75882500), (207327500, 81022500)]
13:37:00: [INFO] Adding track segment (B.Cu): [(207327500, 81022500), (209867500, 83562500)]
13:37:00: [INFO] Routing SW47 with D47
13:37:00: [INFO] Using internal autorouter method
13:37:00: [INFO] Routing pad 'SW47:2' at (183515000, 75882500) with pad 'D47:2' at (186055000, 83562500) using coordinate system rotated by 0 degree(s)
13:37:00: [INFO] Adding track segment (B.Cu): [(183515000, 75882500), (183515000, 81022500)]
13:37:00: [INFO] Adding track segment (B.Cu): [(183515000, 81022500), (186055000, 83562500)]
13:37:00: [INFO] Routing SW46 with D46
13:37:00: [INFO] Using internal autorouter method
13:37:00: [INFO] Routing pad 'SW46:2' at (154940000, 75882500) with pad 'D46:2' at (157480000, 83562500) using coordinate system rotated by 0 degree(s)
13:37:00: [INFO] Adding track segment (B.Cu): [(154940000, 75882500), (154940000, 81022500)]
13:37:00: [INFO] Adding track segment (B.Cu): [(154940000, 81022500), (157480000, 83562500)]
13:37:00: [INFO] Routing SW45 with D45
13:37:00: [INFO] Using internal autorouter method
13:37:00: [INFO] Routing pad 'SW45:2' at (135890000, 75882500) with pad 'D45:2' at (138430000, 83562500) using coordinate system rotated by 0 degree(s)
13:37:00: [INFO] Adding track segment (B.Cu): [(135890000, 75882500), (135890000, 81022500)]
13:37:00: [INFO] Adding track segment (B.Cu): [(135890000, 81022500), (138430000, 83562500)]
13:37:00: [INFO] Routing SW44 with D44
13:37:00: [INFO] Using internal autorouter method
13:37:00: [INFO] Routing pad 'SW44:2' at (116840000, 75882500) with pad 'D44:2' at (119380000, 83562500) using coordinate system rotated by 0 degree(s)
13:37:00: [INFO] Adding track segment (B.Cu): [(116840000, 75882500), (116840000, 81022500)]
13:37:00: [INFO] Adding track segment (B.Cu): [(116840000, 81022500), (119380000, 83562500)]
13:37:00: [INFO] Routing SW43 with D43
13:37:00: [INFO] Using internal autorouter method
13:37:00: [INFO] Routing pad 'SW43:2' at (97790000, 75882500) with pad 'D43:2' at (100330000, 83562500) using coordinate system rotated by 0 degree(s)
13:37:00: [INFO] Adding track segment (B.Cu): [(97790000, 75882500), (97790000, 81022500)]
13:37:00: [INFO] Adding track segment (B.Cu): [(97790000, 81022500), (100330000, 83562500)]
13:37:00: [INFO] Routing SW42 with D42
13:37:00: [INFO] Using internal autorouter method
13:37:00: [INFO] Routing pad 'SW42:2' at (507365000, 56832500) with pad 'D42:2' at (509905000, 64512500) using coordinate system rotated by 0 degree(s)
13:37:00: [INFO] Adding track segment (B.Cu): [(507365000, 56832500), (507365000, 61972500)]
13:37:00: [INFO] Adding track segment (B.Cu): [(507365000, 61972500), (509905000, 64512500)]
13:37:00: [INFO] Routing SW41 with D41
13:37:00: [INFO] Using internal autorouter method
13:37:00: [INFO] Routing pad 'SW41:2' at (488315000, 56832500) with pad 'D41:2' at (490855000, 64512500) using coordinate system rotated by 0 degree(s)
13:37:00: [INFO] Adding track segment (B.Cu): [(488315000, 56832500), (488315000, 61972500)]
13:37:00: [INFO] Adding track segment (B.Cu): [(488315000, 61972500), (490855000, 64512500)]
13:37:00: [INFO] Routing SW40 with D40
13:37:00: [INFO] Using internal autorouter method
13:37:00: [INFO] Routing pad 'SW40:2' at (469265000, 56832500) with pad 'D40:2' at (471805000, 64512500) using coordinate system rotated by 0 degree(s)
13:37:00: [INFO] Adding track segment (B.Cu): [(469265000, 56832500), (469265000, 61972500)]
13:37:00: [INFO] Adding track segment (B.Cu): [(469265000, 61972500), (471805000, 64512500)]
13:37:00: [INFO] Routing SW39a with D39
13:37:00: [INFO] Using internal autorouter method
13:37:00: [INFO] Routing pad 'SW39a:2' at (426402500, 56832500) with pad 'D39:2' at (438467500, 64512500) using coordinate system rotated by 0 degree(s)
13:37:00: [INFO] Routing SW39 with D39
13:37:00: [INFO] Using internal autorouter method
13:37:00: [INFO] Routing pad 'SW39:2' at (435927500, 56832500) with pad 'D39:2' at (438467500, 64512500) using coordinate system rotated by 0 degree(s)
13:37:00: [INFO] Adding track segment (B.Cu): [(435927500, 56832500), (435927500, 61972500)]
13:37:00: [INFO] Adding track segment (B.Cu): [(435927500, 61972500), (438467500, 64512500)]
13:37:00: [INFO] Routing SW38 with D38
13:37:00: [INFO] Using internal autorouter method
13:37:00: [INFO] Routing pad 'SW38:2' at (407352500, 56832500) with pad 'D38:2' at (409892500, 64512500) using coordinate system rotated by 0 degree(s)
13:37:00: [INFO] Adding track segment (B.Cu): [(407352500, 56832500), (407352500, 61972500)]
13:37:00: [INFO] Adding track segment (B.Cu): [(407352500, 61972500), (409892500, 64512500)]
13:37:00: [INFO] Routing SW37 with D37
13:37:00: [INFO] Using internal autorouter method
13:37:00: [INFO] Routing pad 'SW37:2' at (388302500, 56832500) with pad 'D37:2' at (390842500, 64512500) using coordinate system rotated by 0 degree(s)
13:37:00: [INFO] Adding track segment (B.Cu): [(388302500, 56832500), (388302500, 61972500)]
13:37:00: [INFO] Adding track segment (B.Cu): [(388302500, 61972500), (390842500, 64512500)]
13:37:00: [INFO] Routing SW36 with D36
13:37:00: [INFO] Using internal autorouter method
13:37:00: [INFO] Routing pad 'SW36:2' at (369252500, 56832500) with pad 'D36:2' at (371792500, 64512500) using coordinate system rotated by 0 degree(s)
13:37:00: [INFO] Adding track segment (B.Cu): [(369252500, 56832500), (369252500, 61972500)]
13:37:00: [INFO] Adding track segment (B.Cu): [(369252500, 61972500), (371792500, 64512500)]
13:37:00: [INFO] Routing SW35 with D35
13:37:00: [INFO] Using internal autorouter method
13:37:00: [INFO] Routing pad 'SW35:2' at (350202500, 56832500) with pad 'D35:2' at (352742500, 64512500) using coordinate system rotated by 0 degree(s)
13:37:00: [INFO] Adding track segment (B.Cu): [(350202500, 56832500), (350202500, 61972500)]
13:37:00: [INFO] Adding track segment (B.Cu): [(350202500, 61972500), (352742500, 64512500)]
13:37:00: [INFO] Routing SW34 with D34
13:37:00: [INFO] Using internal autorouter method
13:37:00: [INFO] Routing pad 'SW34:2' at (331152500, 56832500) with pad 'D34:2' at (333692500, 64512500) using coordinate system rotated by 0 degree(s)
13:37:00: [INFO] Adding track segment (B.Cu): [(331152500, 56832500), (331152500, 61972500)]
13:37:00: [INFO] Adding track segment (B.Cu): [(331152500, 61972500), (333692500, 64512500)]
13:37:00: [INFO] Routing SW33 with D33
13:37:00: [INFO] Using internal autorouter method
13:37:00: [INFO] Routing pad 'SW33:2' at (312102500, 56832500) with pad 'D33:2' at (314642500, 64512500) using coordinate system rotated by 0 degree(s)
13:37:00: [INFO] Adding track segment (B.Cu): [(312102500, 56832500), (312102500, 61972500)]
13:37:00: [INFO] Adding track segment (B.Cu): [(312102500, 61972500), (314642500, 64512500)]
13:37:00: [INFO] Routing SW32 with D32
13:37:00: [INFO] Using internal autorouter method
13:37:00: [INFO] Routing pad 'SW32:2' at (293052500, 56832500) with pad 'D32:2' at (295592500, 64512500) using coordinate system rotated by 0 degree(s)
13:37:00: [INFO] Adding track segment (B.Cu): [(293052500, 56832500), (293052500, 61972500)]
13:37:00: [INFO] Adding track segment (B.Cu): [(293052500, 61972500), (295592500, 64512500)]
13:37:00: [INFO] Routing SW31 with D31
13:37:00: [INFO] Using internal autorouter method
13:37:00: [INFO] Routing pad 'SW31:2' at (274002500, 56832500) with pad 'D31:2' at (276542500, 64512500) using coordinate system rotated by 0 degree(s)
13:37:00: [INFO] Adding track segment (B.Cu): [(274002500, 56832500), (274002500, 61972500)]
13:37:00: [INFO] Adding track segment (B.Cu): [(274002500, 61972500), (276542500, 64512500)]
13:37:00: [INFO] Routing SW30 with D30
13:37:00: [INFO] Using internal autorouter method
13:37:00: [INFO] Routing pad 'SW30:2' at (254952500, 56832500) with pad 'D30:2' at (257492500, 64512500) using coordinate system rotated by 0 degree(s)
13:37:00: [INFO] Adding track segment (B.Cu): [(254952500, 56832500), (254952500, 61972500)]
13:37:00: [INFO] Adding track segment (B.Cu): [(254952500, 61972500), (257492500, 64512500)]
13:37:00: [INFO] Routing SW29 with D29
13:37:00: [INFO] Using internal autorouter method
13:37:00: [INFO] Routing pad 'SW29:2' at (235902500, 56832500) with pad 'D29:2' at (238442500, 64512500) using coordinate system rotated by 0 degree(s)
13:37:01: [INFO] Adding track segment (B.Cu): [(235902500, 56832500), (235902500, 61972500)]
13:37:01: [INFO] Adding track segment (B.Cu): [(235902500, 61972500), (238442500, 64512500)]
13:37:01: [INFO] Routing SW28 with D28
13:37:01: [INFO] Using internal autorouter method
13:37:01: [INFO] Routing pad 'SW28:2' at (216852500, 56832500) with pad 'D28:2' at (219392500, 64512500) using coordinate system rotated by 0 degree(s)
13:37:01: [INFO] Adding track segment (B.Cu): [(216852500, 56832500), (216852500, 61972500)]
13:37:01: [INFO] Adding track segment (B.Cu): [(216852500, 61972500), (219392500, 64512500)]
13:37:01: [INFO] Routing SW27 with D27
13:37:01: [INFO] Using internal autorouter method
13:37:01: [INFO] Routing pad 'SW27:2' at (197802500, 56832500) with pad 'D27:2' at (200342500, 64512500) using coordinate system rotated by 0 degree(s)
13:37:01: [INFO] Adding track segment (B.Cu): [(197802500, 56832500), (197802500, 61972500)]
13:37:01: [INFO] Adding track segment (B.Cu): [(197802500, 61972500), (200342500, 64512500)]
13:37:01: [INFO] Routing SW26 with D26
13:37:01: [INFO] Using internal autorouter method
13:37:01: [INFO] Routing pad 'SW26:2' at (178752500, 56832500) with pad 'D26:2' at (181292500, 64512500) using coordinate system rotated by 0 degree(s)
13:37:01: [INFO] Adding track segment (B.Cu): [(178752500, 56832500), (178752500, 61972500)]
13:37:01: [INFO] Adding track segment (B.Cu): [(178752500, 61972500), (181292500, 64512500)]
13:37:01: [INFO] Routing SW25 with D25
13:37:01: [INFO] Using internal autorouter method
13:37:01: [INFO] Routing pad 'SW25:2' at (154940000, 56832500) with pad 'D25:2' at (157480000, 64512500) using coordinate system rotated by 0 degree(s)
13:37:01: [INFO] Adding track segment (B.Cu): [(154940000, 56832500), (154940000, 61972500)]
13:37:01: [INFO] Adding track segment (B.Cu): [(154940000, 61972500), (157480000, 64512500)]
13:37:01: [INFO] Routing SW24 with D24
13:37:01: [INFO] Using internal autorouter method
13:37:01: [INFO] Routing pad 'SW24:2' at (135890000, 56832500) with pad 'D24:2' at (138430000, 64512500) using coordinate system rotated by 0 degree(s)
13:37:01: [INFO] Adding track segment (B.Cu): [(135890000, 56832500), (135890000, 61972500)]
13:37:01: [INFO] Adding track segment (B.Cu): [(135890000, 61972500), (138430000, 64512500)]
13:37:01: [INFO] Routing SW23 with D23
13:37:01: [INFO] Using internal autorouter method
13:37:01: [INFO] Routing pad 'SW23:2' at (116840000, 56832500) with pad 'D23:2' at (119380000, 64512500) using coordinate system rotated by 0 degree(s)
13:37:01: [INFO] Adding track segment (B.Cu): [(116840000, 56832500), (116840000, 61972500)]
13:37:01: [INFO] Adding track segment (B.Cu): [(116840000, 61972500), (119380000, 64512500)]
13:37:01: [INFO] Routing SW22 with D22
13:37:01: [INFO] Using internal autorouter method
13:37:01: [INFO] Routing pad 'SW22:2' at (97790000, 56832500) with pad 'D22:2' at (100330000, 64512500) using coordinate system rotated by 0 degree(s)
13:37:01: [INFO] Adding track segment (B.Cu): [(97790000, 56832500), (97790000, 61972500)]
13:37:01: [INFO] Adding track segment (B.Cu): [(97790000, 61972500), (100330000, 64512500)]
13:37:01: [INFO] Routing SW21 with D21
13:37:01: [INFO] Using internal autorouter method
13:37:01: [INFO] Routing pad 'SW21:2' at (507365000, 33020000) with pad 'D21:2' at (509905000, 40700000) using coordinate system rotated by 0 degree(s)
13:37:01: [INFO] Adding track segment (B.Cu): [(507365000, 33020000), (507365000, 38160000)]
13:37:01: [INFO] Adding track segment (B.Cu): [(507365000, 38160000), (509905000, 40700000)]
13:37:01: [INFO] Routing SW20 with D20
13:37:01: [INFO] Using internal autorouter method
13:37:01: [INFO] Routing pad 'SW20:2' at (488315000, 33020000) with pad 'D20:2' at (490855000, 40700000) using coordinate system rotated by 0 degree(s)
13:37:01: [INFO] Adding track segment (B.Cu): [(488315000, 33020000), (488315000, 38160000)]
13:37:01: [INFO] Adding track segment (B.Cu): [(488315000, 38160000), (490855000, 40700000)]
13:37:01: [INFO] Routing SW19 with D19
13:37:01: [INFO] Using internal autorouter method
13:37:01: [INFO] Routing pad 'SW19:2' at (469265000, 33020000) with pad 'D19:2' at (471805000, 40700000) using coordinate system rotated by 0 degree(s)
13:37:01: [INFO] Adding track segment (B.Cu): [(469265000, 33020000), (469265000, 38160000)]
13:37:01: [INFO] Adding track segment (B.Cu): [(469265000, 38160000), (471805000, 40700000)]
13:37:01: [INFO] Routing SW18 with D18
13:37:01: [INFO] Using internal autorouter method
13:37:01: [INFO] Routing pad 'SW18:2' at (445452500, 33020000) with pad 'D18:2' at (447992500, 40700000) using coordinate system rotated by 0 degree(s)
13:37:01: [INFO] Adding track segment (B.Cu): [(445452500, 33020000), (445452500, 38160000)]
13:37:01: [INFO] Adding track segment (B.Cu): [(445452500, 38160000), (447992500, 40700000)]
13:37:01: [INFO] Routing SW17 with D17
13:37:01: [INFO] Using internal autorouter method
13:37:01: [INFO] Routing pad 'SW17:2' at (421640000, 33020000) with pad 'D17:2' at (424180000, 40700000) using coordinate system rotated by 0 degree(s)
13:37:01: [INFO] Adding track segment (B.Cu): [(421640000, 33020000), (421640000, 38160000)]
13:37:01: [INFO] Adding track segment (B.Cu): [(421640000, 38160000), (424180000, 40700000)]
13:37:01: [INFO] Routing SW16 with D16
13:37:01: [INFO] Using internal autorouter method
13:37:01: [INFO] Routing pad 'SW16:2' at (402590000, 33020000) with pad 'D16:2' at (405130000, 40700000) using coordinate system rotated by 0 degree(s)
13:37:01: [INFO] Adding track segment (B.Cu): [(402590000, 33020000), (402590000, 38160000)]
13:37:01: [INFO] Adding track segment (B.Cu): [(402590000, 38160000), (405130000, 40700000)]
13:37:01: [INFO] Routing SW15 with D15
13:37:01: [INFO] Using internal autorouter method
13:37:01: [INFO] Routing pad 'SW15:2' at (383540000, 33020000) with pad 'D15:2' at (386080000, 40700000) using coordinate system rotated by 0 degree(s)
13:37:01: [INFO] Adding track segment (B.Cu): [(383540000, 33020000), (383540000, 38160000)]
13:37:01: [INFO] Adding track segment (B.Cu): [(383540000, 38160000), (386080000, 40700000)]
13:37:01: [INFO] Routing SW14 with D14
13:37:01: [INFO] Using internal autorouter method
13:37:01: [INFO] Routing pad 'SW14:2' at (364490000, 33020000) with pad 'D14:2' at (367030000, 40700000) using coordinate system rotated by 0 degree(s)
13:37:01: [INFO] Adding track segment (B.Cu): [(364490000, 33020000), (364490000, 38160000)]
13:37:01: [INFO] Adding track segment (B.Cu): [(364490000, 38160000), (367030000, 40700000)]
13:37:01: [INFO] Routing SW13 with D13
13:37:01: [INFO] Using internal autorouter method
13:37:01: [INFO] Routing pad 'SW13:2' at (340677500, 33020000) with pad 'D13:2' at (343217500, 40700000) using coordinate system rotated by 0 degree(s)
13:37:01: [INFO] Adding track segment (B.Cu): [(340677500, 33020000), (340677500, 38160000)]
13:37:01: [INFO] Adding track segment (B.Cu): [(340677500, 38160000), (343217500, 40700000)]
13:37:01: [INFO] Routing SW12 with D12
13:37:01: [INFO] Using internal autorouter method
13:37:01: [INFO] Routing pad 'SW12:2' at (321627500, 33020000) with pad 'D12:2' at (324167500, 40700000) using coordinate system rotated by 0 degree(s)
13:37:01: [INFO] Adding track segment (B.Cu): [(321627500, 33020000), (321627500, 38160000)]
13:37:01: [INFO] Adding track segment (B.Cu): [(321627500, 38160000), (324167500, 40700000)]
13:37:01: [INFO] Routing SW11 with D11
13:37:01: [INFO] Using internal autorouter method
13:37:01: [INFO] Routing pad 'SW11:2' at (302577500, 33020000) with pad 'D11:2' at (305117500, 40700000) using coordinate system rotated by 0 degree(s)
13:37:01: [INFO] Adding track segment (B.Cu): [(302577500, 33020000), (302577500, 38160000)]
13:37:01: [INFO] Adding track segment (B.Cu): [(302577500, 38160000), (305117500, 40700000)]
13:37:01: [INFO] Routing SW10 with D10
13:37:01: [INFO] Using internal autorouter method
13:37:01: [INFO] Routing pad 'SW10:2' at (283527500, 33020000) with pad 'D10:2' at (286067500, 40700000) using coordinate system rotated by 0 degree(s)
13:37:01: [INFO] Adding track segment (B.Cu): [(283527500, 33020000), (283527500, 38160000)]
13:37:01: [INFO] Adding track segment (B.Cu): [(283527500, 38160000), (286067500, 40700000)]
13:37:01: [INFO] Routing SW9 with D9
13:37:01: [INFO] Using internal autorouter method
13:37:01: [INFO] Routing pad 'SW9:2' at (259715000, 33020000) with pad 'D9:2' at (262255000, 40700000) using coordinate system rotated by 0 degree(s)
13:37:01: [INFO] Adding track segment (B.Cu): [(259715000, 33020000), (259715000, 38160000)]
13:37:01: [INFO] Adding track segment (B.Cu): [(259715000, 38160000), (262255000, 40700000)]
13:37:01: [INFO] Routing SW8 with D8
13:37:01: [INFO] Using internal autorouter method
13:37:01: [INFO] Routing pad 'SW8:2' at (240665000, 33020000) with pad 'D8:2' at (243205000, 40700000) using coordinate system rotated by 0 degree(s)
13:37:01: [INFO] Adding track segment (B.Cu): [(240665000, 33020000), (240665000, 38160000)]
13:37:01: [INFO] Adding track segment (B.Cu): [(240665000, 38160000), (243205000, 40700000)]
13:37:01: [INFO] Routing SW7 with D7
13:37:01: [INFO] Using internal autorouter method
13:37:01: [INFO] Routing pad 'SW7:2' at (221615000, 33020000) with pad 'D7:2' at (224155000, 40700000) using coordinate system rotated by 0 degree(s)
13:37:01: [INFO] Adding track segment (B.Cu): [(221615000, 33020000), (221615000, 38160000)]
13:37:01: [INFO] Adding track segment (B.Cu): [(221615000, 38160000), (224155000, 40700000)]
13:37:01: [INFO] Routing SW6 with D6
13:37:01: [INFO] Using internal autorouter method
13:37:01: [INFO] Routing pad 'SW6:2' at (202565000, 33020000) with pad 'D6:2' at (205105000, 40700000) using coordinate system rotated by 0 degree(s)
13:37:01: [INFO] Adding track segment (B.Cu): [(202565000, 33020000), (202565000, 38160000)]
13:37:01: [INFO] Adding track segment (B.Cu): [(202565000, 38160000), (205105000, 40700000)]
13:37:01: [INFO] Routing SW5 with D5
13:37:01: [INFO] Using internal autorouter method
13:37:01: [INFO] Routing pad 'SW5:2' at (178752500, 33020000) with pad 'D5:2' at (181292500, 40700000) using coordinate system rotated by 0 degree(s)
13:37:01: [INFO] Adding track segment (B.Cu): [(178752500, 33020000), (178752500, 38160000)]
13:37:01: [INFO] Adding track segment (B.Cu): [(178752500, 38160000), (181292500, 40700000)]
13:37:01: [INFO] Routing SW4 with D4
13:37:01: [INFO] Using internal autorouter method
13:37:01: [INFO] Routing pad 'SW4:2' at (154940000, 33020000) with pad 'D4:2' at (157480000, 40700000) using coordinate system rotated by 0 degree(s)
13:37:01: [INFO] Adding track segment (B.Cu): [(154940000, 33020000), (154940000, 38160000)]
13:37:01: [INFO] Adding track segment (B.Cu): [(154940000, 38160000), (157480000, 40700000)]
13:37:01: [INFO] Routing SW3 with D3
13:37:01: [INFO] Using internal autorouter method
13:37:01: [INFO] Routing pad 'SW3:2' at (135890000, 33020000) with pad 'D3:2' at (138430000, 40700000) using coordinate system rotated by 0 degree(s)
13:37:01: [INFO] Adding track segment (B.Cu): [(135890000, 33020000), (135890000, 38160000)]
13:37:02: [INFO] Adding track segment (B.Cu): [(135890000, 38160000), (138430000, 40700000)]
13:37:02: [INFO] Routing SW2 with D2
13:37:02: [INFO] Using internal autorouter method
13:37:02: [INFO] Routing pad 'SW2:2' at (116840000, 33020000) with pad 'D2:2' at (119380000, 40700000) using coordinate system rotated by 0 degree(s)
13:37:02: [INFO] Adding track segment (B.Cu): [(116840000, 33020000), (116840000, 38160000)]
13:37:02: [INFO] Adding track segment (B.Cu): [(116840000, 38160000), (119380000, 40700000)]
13:37:02: [INFO] Routing SW1 with D1
13:37:02: [INFO] Using internal autorouter method
13:37:02: [INFO] Routing pad 'SW1:2' at (97790000, 33020000) with pad 'D1:2' at (100330000, 40700000) using coordinate system rotated by 0 degree(s)
13:37:02: [INFO] Adding track segment (B.Cu): [(97790000, 33020000), (97790000, 38160000)]
13:37:02: [INFO] Adding track segment (B.Cu): [(97790000, 38160000), (100330000, 40700000)]
13:37:02: [INFO] Routing COL7 pads
13:37:02: [INFO] Routing pad 'SW29:1' at (229552500, 59372500) with pad 'SW8:1' at (234315000, 35560000) using coordinate system rotated by 0 degree(s)
13:37:02: [INFO] Adding track segment (F.Cu): [(229552500, 59372500), (234315000, 54610000)]
13:37:02: [INFO] Adding track segment (F.Cu): [(234315000, 54610000), (234315000, 35560000)]
13:37:02: [INFO] Routing pad 'SW71:1' at (243840000, 97472500) with pad 'SW89:1' at (234315000, 116522500) using coordinate system rotated by 0 degree(s)
13:37:02: [INFO] Adding track segment (F.Cu): [(243840000, 97472500), (243840000, 106997500)]
13:37:02: [INFO] Adding track segment (F.Cu): [(243840000, 106997500), (234315000, 116522500)]
13:37:02: [INFO] Routing pad 'SW29:1' at (229552500, 59372500) with pad 'SW50:1' at (239077500, 78422500) using coordinate system rotated by 0 degree(s)
13:37:02: [INFO] Adding track segment (F.Cu): [(229552500, 59372500), (229552500, 68897500)]
13:37:02: [INFO] Adding track segment (F.Cu): [(229552500, 68897500), (239077500, 78422500)]
13:37:02: [INFO] Routing pad 'SW50:1' at (239077500, 78422500) with pad 'SW71:1' at (243840000, 97472500) using coordinate system rotated by 0 degree(s)
13:37:02: [INFO] Adding track segment (F.Cu): [(239077500, 78422500), (239077500, 92710000)]
13:37:02: [INFO] Adding track segment (F.Cu): [(239077500, 92710000), (243840000, 97472500)]
13:37:02: [INFO] Routing COL18 pads
13:37:02: [INFO] Routing pad 'SW19:1' at (462915000, 35560000) with pad 'SW40:1' at (462915000, 59372500) using coordinate system rotated by 0 degree(s)
13:37:02: [INFO] Adding track segment (F.Cu): [(462915000, 35560000), (462915000, 59372500)]
13:37:02: [INFO] Routing pad 'SW40:1' at (462915000, 59372500) with pad 'SW61:1' at (462915000, 78422500) using coordinate system rotated by 0 degree(s)
13:37:02: [INFO] Adding track segment (F.Cu): [(462915000, 59372500), (462915000, 78422500)]
13:37:02: [INFO] Routing pad 'SW61:1' at (462915000, 78422500) with pad 'SW113:1' at (462915000, 135572500) using coordinate system rotated by 0 degree(s)
13:37:02: [INFO] Adding track segment (F.Cu): [(462915000, 78422500), (462915000, 135572500)]
13:37:02: [INFO] Routing ROW0 pads
13:37:02: [INFO] Routing pad 'D1:1' at (100330000, 43500000) with pad 'D2:1' at (119380000, 43500000) using coordinate system rotated by 0 degree(s)
13:37:02: [INFO] Adding track segment (B.Cu): [(100330000, 43500000), (119380000, 43500000)]
13:37:02: [INFO] Routing pad 'D2:1' at (119380000, 43500000) with pad 'D3:1' at (138430000, 43500000) using coordinate system rotated by 0 degree(s)
13:37:02: [INFO] Adding track segment (B.Cu): [(119380000, 43500000), (138430000, 43500000)]
13:37:02: [INFO] Routing pad 'D3:1' at (138430000, 43500000) with pad 'D4:1' at (157480000, 43500000) using coordinate system rotated by 0 degree(s)
13:37:02: [INFO] Adding track segment (B.Cu): [(138430000, 43500000), (157480000, 43500000)]
13:37:02: [INFO] Routing pad 'D4:1' at (157480000, 43500000) with pad 'D5:1' at (181292500, 43500000) using coordinate system rotated by 0 degree(s)
13:37:02: [INFO] Adding track segment (B.Cu): [(157480000, 43500000), (181292500, 43500000)]
13:37:02: [INFO] Routing pad 'D5:1' at (181292500, 43500000) with pad 'D6:1' at (205105000, 43500000) using coordinate system rotated by 0 degree(s)
13:37:02: [INFO] Adding track segment (B.Cu): [(181292500, 43500000), (205105000, 43500000)]
13:37:02: [INFO] Routing pad 'D6:1' at (205105000, 43500000) with pad 'D7:1' at (224155000, 43500000) using coordinate system rotated by 0 degree(s)
13:37:02: [INFO] Adding track segment (B.Cu): [(205105000, 43500000), (224155000, 43500000)]
13:37:02: [INFO] Routing pad 'D7:1' at (224155000, 43500000) with pad 'D8:1' at (243205000, 43500000) using coordinate system rotated by 0 degree(s)
13:37:02: [INFO] Adding track segment (B.Cu): [(224155000, 43500000), (243205000, 43500000)]
13:37:02: [INFO] Routing pad 'D8:1' at (243205000, 43500000) with pad 'D9:1' at (262255000, 43500000) using coordinate system rotated by 0 degree(s)
13:37:02: [INFO] Adding track segment (B.Cu): [(243205000, 43500000), (262255000, 43500000)]
13:37:02: [INFO] Routing pad 'D9:1' at (262255000, 43500000) with pad 'D10:1' at (286067500, 43500000) using coordinate system rotated by 0 degree(s)
13:37:02: [INFO] Adding track segment (B.Cu): [(262255000, 43500000), (286067500, 43500000)]
13:37:02: [INFO] Routing pad 'D10:1' at (286067500, 43500000) with pad 'D11:1' at (305117500, 43500000) using coordinate system rotated by 0 degree(s)
13:37:02: [INFO] Adding track segment (B.Cu): [(286067500, 43500000), (305117500, 43500000)]
13:37:02: [INFO] Routing pad 'D11:1' at (305117500, 43500000) with pad 'D12:1' at (324167500, 43500000) using coordinate system rotated by 0 degree(s)
13:37:02: [INFO] Adding track segment (B.Cu): [(305117500, 43500000), (324167500, 43500000)]
13:37:02: [INFO] Routing pad 'D12:1' at (324167500, 43500000) with pad 'D13:1' at (343217500, 43500000) using coordinate system rotated by 0 degree(s)
13:37:02: [INFO] Adding track segment (B.Cu): [(324167500, 43500000), (343217500, 43500000)]
13:37:02: [INFO] Routing pad 'D13:1' at (343217500, 43500000) with pad 'D14:1' at (367030000, 43500000) using coordinate system rotated by 0 degree(s)
13:37:02: [INFO] Adding track segment (B.Cu): [(343217500, 43500000), (367030000, 43500000)]
13:37:02: [INFO] Routing pad 'D14:1' at (367030000, 43500000) with pad 'D15:1' at (386080000, 43500000) using coordinate system rotated by 0 degree(s)
13:37:02: [INFO] Adding track segment (B.Cu): [(367030000, 43500000), (386080000, 43500000)]
13:37:02: [INFO] Routing pad 'D15:1' at (386080000, 43500000) with pad 'D16:1' at (405130000, 43500000) using coordinate system rotated by 0 degree(s)
13:37:02: [INFO] Adding track segment (B.Cu): [(386080000, 43500000), (405130000, 43500000)]
13:37:02: [INFO] Routing pad 'D16:1' at (405130000, 43500000) with pad 'D17:1' at (424180000, 43500000) using coordinate system rotated by 0 degree(s)
13:37:02: [INFO] Adding track segment (B.Cu): [(405130000, 43500000), (424180000, 43500000)]
13:37:02: [INFO] Routing pad 'D17:1' at (424180000, 43500000) with pad 'D18:1' at (447992500, 43500000) using coordinate system rotated by 0 degree(s)
13:37:02: [INFO] Adding track segment (B.Cu): [(424180000, 43500000), (447992500, 43500000)]
13:37:02: [INFO] Routing pad 'D18:1' at (447992500, 43500000) with pad 'D19:1' at (471805000, 43500000) using coordinate system rotated by 0 degree(s)
13:37:02: [INFO] Adding track segment (B.Cu): [(447992500, 43500000), (471805000, 43500000)]
13:37:02: [INFO] Routing pad 'D19:1' at (471805000, 43500000) with pad 'D20:1' at (490855000, 43500000) using coordinate system rotated by 0 degree(s)
13:37:02: [INFO] Adding track segment (B.Cu): [(471805000, 43500000), (490855000, 43500000)]
13:37:02: [INFO] Routing pad 'D20:1' at (490855000, 43500000) with pad 'D21:1' at (509905000, 43500000) using coordinate system rotated by 0 degree(s)
13:37:02: [INFO] Adding track segment (B.Cu): [(490855000, 43500000), (509905000, 43500000)]
13:37:02: [INFO] Routing COL4 pads
13:37:02: [INFO] Routing pad 'SW5:1' at (172402500, 35560000) with pad 'SW26:1' at (172402500, 59372500) using coordinate system rotated by 0 degree(s)
13:37:02: [INFO] Adding track segment (F.Cu): [(172402500, 35560000), (172402500, 59372500)]
13:37:02: [INFO] Routing pad 'SW68:1' at (179546250, 97472500) with pad 'SW86a:1' at (174783750, 116522500) using coordinate system rotated by 0 degree(s)
13:37:02: [INFO] Adding track segment (F.Cu): [(179546250, 97472500), (179546250, 111760000)]
13:37:02: [INFO] Adding track segment (F.Cu): [(179546250, 111760000), (174783750, 116522500)]
13:37:02: [INFO] Routing pad 'SW86a:1' at (174783750, 116522500) with pad 'SW105:1' at (174783750, 135572500) using coordinate system rotated by 0 degree(s)
13:37:02: [INFO] Adding track segment (F.Cu): [(174783750, 116522500), (174783750, 135572500)]
13:37:02: [INFO] Could not add track segment due to detected collision
13:37:02: [INFO] Routing pad 'SW26:1' at (172402500, 59372500) with pad 'SW47:1' at (177165000, 78422500) using coordinate system rotated by 0 degree(s)
13:37:02: [INFO] Adding track segment (F.Cu): [(172402500, 59372500), (172402500, 73660000)]
13:37:02: [INFO] Adding track segment (F.Cu): [(172402500, 73660000), (177165000, 78422500)]
13:37:02: [INFO] Routing pad 'SW105:1' at (174783750, 135572500) with pad 'SW105a:1' at (177165000, 135572500) using coordinate system rotated by 0 degree(s)
13:37:02: [INFO] Adding track segment (F.Cu): [(174783750, 135572500), (177165000, 135572500)]
13:37:02: [INFO] Routing pad 'SW47:1' at (177165000, 78422500) with pad 'SW68:1' at (179546250, 97472500) using coordinate system rotated by 0 degree(s)
13:37:02: [INFO] Adding track segment (F.Cu): [(177165000, 78422500), (177165000, 95091250)]
13:37:02: [INFO] Adding track segment (F.Cu): [(177165000, 95091250), (179546250, 97472500)]
13:37:02: [INFO] Routing pad 'SW86a:1' at (174783750, 116522500) with pad 'SW86:1' at (184308750, 116522500) using coordinate system rotated by 0 degree(s)
13:37:02: [INFO] Adding track segment (F.Cu): [(174783750, 116522500), (184308750, 116522500)]
13:37:02: [INFO] Routing COL0 pads
13:37:02: [INFO] Routing pad 'SW1:1' at (91440000, 35560000) with pad 'SW22:1' at (91440000, 59372500) using coordinate system rotated by 0 degree(s)
13:37:02: [INFO] Adding track segment (F.Cu): [(91440000, 35560000), (91440000, 59372500)]
13:37:02: [INFO] Routing pad 'SW22:1' at (91440000, 59372500) with pad 'SW43:1' at (91440000, 78422500) using coordinate system rotated by 0 degree(s)
13:37:02: [INFO] Adding track segment (F.Cu): [(91440000, 59372500), (91440000, 78422500)]
13:37:02: [INFO] Routing pad 'SW43:1' at (91440000, 78422500) with pad 'SW64a:1' at (91440000, 87947500) using coordinate system rotated by 0 degree(s)
13:37:02: [INFO] Adding track segment (F.Cu): [(91440000, 78422500), (91440000, 87947500)]
13:37:02: [INFO] Routing pad 'SW64a:1' at (91440000, 87947500) with pad 'SW64:1' at (91440000, 97472500) using coordinate system rotated by 0 degree(s)
13:37:02: [INFO] Adding track segment (F.Cu): [(91440000, 87947500), (91440000, 97472500)]
13:37:02: [INFO] Routing pad 'SW64:1' at (91440000, 97472500) with pad 'SW82:1' at (91440000, 116522500) using coordinate system rotated by 0 degree(s)
13:37:02: [INFO] Adding track segment (F.Cu): [(91440000, 97472500), (91440000, 116522500)]
13:37:02: [INFO] Routing pad 'SW82:1' at (91440000, 116522500) with pad 'SW101a:1' at (91440000, 126047500) using coordinate system rotated by 0 degree(s)
13:37:02: [INFO] Adding track segment (F.Cu): [(91440000, 116522500), (91440000, 126047500)]
13:37:02: [INFO] Routing pad 'SW101a:1' at (91440000, 126047500) with pad 'SW101b:1' at (91440000, 135572500) using coordinate system rotated by 0 degree(s)
13:37:02: [INFO] Adding track segment (F.Cu): [(91440000, 126047500), (91440000, 135572500)]
13:37:02: [INFO] Could not add track segment due to detected collision
13:37:02: [INFO] Routing pad 'SW101b:1' at (91440000, 135572500) with pad 'SW101:1' at (100965000, 135572500) using coordinate system rotated by 0 degree(s)
13:37:02: [INFO] Adding track segment (F.Cu): [(91440000, 135572500), (100965000, 135572500)]
13:37:02: [INFO] Routing COL9 pads
13:37:02: [INFO] Routing pad 'SW73:1' at (281940000, 97472500) with pad 'SW91:1' at (272415000, 116522500) using coordinate system rotated by 0 degree(s)
13:37:02: [INFO] Adding track segment (F.Cu): [(281940000, 97472500), (281940000, 106997500)]
13:37:02: [INFO] Adding track segment (F.Cu): [(281940000, 106997500), (272415000, 116522500)]
13:37:02: [INFO] Routing pad 'SW31:1' at (267652500, 59372500) with pad 'SW10:1' at (277177500, 35560000) using coordinate system rotated by 0 degree(s)
13:37:02: [INFO] Adding track segment (F.Cu): [(267652500, 59372500), (277177500, 49847500)]
13:37:02: [INFO] Adding track segment (F.Cu): [(277177500, 49847500), (277177500, 35560000)]
13:37:02: [INFO] Routing pad 'SW31:1' at (267652500, 59372500) with pad 'SW52:1' at (277177500, 78422500) using coordinate system rotated by 0 degree(s)
13:37:02: [INFO] Adding track segment (F.Cu): [(267652500, 59372500), (267652500, 68897500)]
13:37:02: [INFO] Adding track segment (F.Cu): [(267652500, 68897500), (277177500, 78422500)]
13:37:02: [INFO] Routing pad 'SW52:1' at (277177500, 78422500) with pad 'SW73:1' at (281940000, 97472500) using coordinate system rotated by 0 degree(s)
13:37:02: [INFO] Adding track segment (F.Cu): [(277177500, 78422500), (277177500, 92710000)]
13:37:02: [INFO] Adding track segment (F.Cu): [(277177500, 92710000), (281940000, 97472500)]
13:37:02: [INFO] Routing COL10 pads
13:37:02: [INFO] Routing pad 'SW74:1' at (300990000, 97472500) with pad 'SW92:1' at (291465000, 116522500) using coordinate system rotated by 0 degree(s)
13:37:02: [INFO] Adding track segment (F.Cu): [(300990000, 97472500), (300990000, 106997500)]
13:37:02: [INFO] Adding track segment (F.Cu): [(300990000, 106997500), (291465000, 116522500)]
13:37:02: [INFO] Routing pad 'SW92:1' at (291465000, 116522500) with pad 'SW108:1' at (293846250, 135572500) using coordinate system rotated by 0 degree(s)
13:37:02: [INFO] Adding track segment (F.Cu): [(291465000, 116522500), (291465000, 133191250)]
13:37:02: [INFO] Adding track segment (F.Cu): [(291465000, 133191250), (293846250, 135572500)]
13:37:02: [INFO] Routing pad 'SW32:1' at (286702500, 59372500) with pad 'SW11:1' at (296227500, 35560000) using coordinate system rotated by 0 degree(s)
13:37:03: [INFO] Adding track segment (F.Cu): [(286702500, 59372500), (296227500, 49847500)]
13:37:03: [INFO] Adding track segment (F.Cu): [(296227500, 49847500), (296227500, 35560000)]
13:37:03: [INFO] Routing pad 'SW32:1' at (286702500, 59372500) with pad 'SW53:1' at (296227500, 78422500) using coordinate system rotated by 0 degree(s)
13:37:03: [INFO] Adding track segment (F.Cu): [(286702500, 59372500), (286702500, 68897500)]
13:37:03: [INFO] Adding track segment (F.Cu): [(286702500, 68897500), (296227500, 78422500)]
13:37:03: [INFO] Routing pad 'SW53:1' at (296227500, 78422500) with pad 'SW74:1' at (300990000, 97472500) using coordinate system rotated by 0 degree(s)
13:37:03: [INFO] Adding track segment (F.Cu): [(296227500, 78422500), (296227500, 92710000)]
13:37:03: [INFO] Adding track segment (F.Cu): [(296227500, 92710000), (300990000, 97472500)]
13:37:03: [INFO] Routing pad 'SW108:1' at (293846250, 135572500) with pad 'SW108a:1' at (305752500, 135572500) using coordinate system rotated by 0 degree(s)
13:37:03: [INFO] Adding track segment (F.Cu): [(293846250, 135572500), (305752500, 135572500)]
13:37:03: [INFO] Routing ROW4 pads
13:37:03: [INFO] Routing pad 'D82:1' at (100330000, 124462500) with pad 'D83:1' at (119380000, 124462500) using coordinate system rotated by 0 degree(s)
13:37:03: [INFO] Adding track segment (B.Cu): [(100330000, 124462500), (119380000, 124462500)]
13:37:03: [INFO] Routing pad 'D83:1' at (119380000, 124462500) with pad 'D84:1' at (138430000, 124462500) using coordinate system rotated by 0 degree(s)
13:37:03: [INFO] Adding track segment (B.Cu): [(119380000, 124462500), (138430000, 124462500)]
13:37:03: [INFO] Routing pad 'D84:1' at (138430000, 124462500) with pad 'D85:1' at (157480000, 124462500) using coordinate system rotated by 0 degree(s)
13:37:03: [INFO] Adding track segment (B.Cu): [(138430000, 124462500), (157480000, 124462500)]
13:37:03: [INFO] Could not add track segment due to detected collision
13:37:03: [INFO] Routing pad 'D85:1' at (157480000, 124462500) with pad 'D86:1' at (193198750, 124462500) using coordinate system rotated by 0 degree(s)
13:37:03: [INFO] Adding track segment (B.Cu): [(157480000, 124462500), (193198750, 124462500)]
13:37:03: [INFO] Routing pad 'D86:1' at (193198750, 124462500) with pad 'D87:1' at (205105000, 124462500) using coordinate system rotated by 0 degree(s)
13:37:03: [INFO] Adding track segment (B.Cu): [(193198750, 124462500), (205105000, 124462500)]
13:37:03: [INFO] Routing pad 'D87:1' at (205105000, 124462500) with pad 'D88:1' at (224155000, 124462500) using coordinate system rotated by 0 degree(s)
13:37:03: [INFO] Adding track segment (B.Cu): [(205105000, 124462500), (224155000, 124462500)]
13:37:03: [INFO] Routing pad 'D88:1' at (224155000, 124462500) with pad 'D89:1' at (243205000, 124462500) using coordinate system rotated by 0 degree(s)
13:37:03: [INFO] Adding track segment (B.Cu): [(224155000, 124462500), (243205000, 124462500)]
13:37:03: [INFO] Routing pad 'D89:1' at (243205000, 124462500) with pad 'D90:1' at (262255000, 124462500) using coordinate system rotated by 0 degree(s)
13:37:03: [INFO] Adding track segment (B.Cu): [(243205000, 124462500), (262255000, 124462500)]
13:37:03: [INFO] Routing pad 'D90:1' at (262255000, 124462500) with pad 'D91:1' at (281305000, 124462500) using coordinate system rotated by 0 degree(s)
13:37:03: [INFO] Adding track segment (B.Cu): [(262255000, 124462500), (281305000, 124462500)]
13:37:03: [INFO] Routing pad 'D91:1' at (281305000, 124462500) with pad 'D92:1' at (300355000, 124462500) using coordinate system rotated by 0 degree(s)
13:37:03: [INFO] Adding track segment (B.Cu): [(281305000, 124462500), (300355000, 124462500)]
13:37:03: [INFO] Routing pad 'D92:1' at (300355000, 124462500) with pad 'D93:1' at (319405000, 124462500) using coordinate system rotated by 0 degree(s)
13:37:03: [INFO] Adding track segment (B.Cu): [(300355000, 124462500), (319405000, 124462500)]
13:37:03: [INFO] Routing pad 'D93:1' at (319405000, 124462500) with pad 'D94:1' at (338455000, 124462500) using coordinate system rotated by 0 degree(s)
13:37:03: [INFO] Adding track segment (B.Cu): [(319405000, 124462500), (338455000, 124462500)]
13:37:03: [INFO] Routing pad 'D94:1' at (338455000, 124462500) with pad 'D95:1' at (357505000, 124462500) using coordinate system rotated by 0 degree(s)
13:37:03: [INFO] Adding track segment (B.Cu): [(338455000, 124462500), (357505000, 124462500)]
13:37:03: [INFO] Routing pad 'D95:1' at (357505000, 124462500) with pad 'D96:1' at (376555000, 124462500) using coordinate system rotated by 0 degree(s)
13:37:03: [INFO] Adding track segment (B.Cu): [(357505000, 124462500), (376555000, 124462500)]
13:37:03: [INFO] Routing pad 'D96:1' at (376555000, 124462500) with pad 'D97:1' at (395605000, 124462500) using coordinate system rotated by 0 degree(s)
13:37:03: [INFO] Adding track segment (B.Cu): [(376555000, 124462500), (395605000, 124462500)]
13:37:03: [INFO] Routing pad 'D97:1' at (395605000, 124462500) with pad 'D99:1' at (431323750, 124462500) using coordinate system rotated by 0 degree(s)
13:37:03: [INFO] Adding track segment (B.Cu): [(395605000, 124462500), (431323750, 124462500)]
13:37:03: [INFO] Routing pad 'D99:1' at (431323750, 124462500) with pad 'D98:1' at (447992500, 124462500) using coordinate system rotated by 0 degree(s)
13:37:03: [INFO] Adding track segment (B.Cu): [(431323750, 124462500), (447992500, 124462500)]
13:37:03: [INFO] Routing pad 'D98:1' at (447992500, 124462500) with pad 'D100:1' at (490855000, 124462500) using coordinate system rotated by 0 degree(s)
13:37:03: [INFO] Adding track segment (B.Cu): [(447992500, 124462500), (490855000, 124462500)]
13:37:03: [INFO] Routing COL6 pads
13:37:03: [INFO] Routing pad 'SW28:1' at (210502500, 59372500) with pad 'SW7:1' at (215265000, 35560000) using coordinate system rotated by 0 degree(s)
13:37:03: [INFO] Adding track segment (F.Cu): [(210502500, 59372500), (215265000, 54610000)]
13:37:03: [INFO] Adding track segment (F.Cu): [(215265000, 54610000), (215265000, 35560000)]
13:37:03: [INFO] Routing pad 'SW70:1' at (224790000, 97472500) with pad 'SW88:1' at (215265000, 116522500) using coordinate system rotated by 0 degree(s)
13:37:03: [INFO] Adding track segment (F.Cu): [(224790000, 97472500), (224790000, 106997500)]
13:37:03: [INFO] Adding track segment (F.Cu): [(224790000, 106997500), (215265000, 116522500)]
13:37:03: [INFO] Routing pad 'SW28:1' at (210502500, 59372500) with pad 'SW49:1' at (220027500, 78422500) using coordinate system rotated by 0 degree(s)
13:37:03: [INFO] Adding track segment (F.Cu): [(210502500, 59372500), (210502500, 68897500)]
13:37:03: [INFO] Adding track segment (F.Cu): [(210502500, 68897500), (220027500, 78422500)]
13:37:03: [INFO] Routing pad 'SW88:1' at (215265000, 116522500) with pad 'SW107:1' at (222408750, 135572500) using coordinate system rotated by 0 degree(s)
13:37:03: [INFO] Adding track segment (F.Cu): [(215265000, 116522500), (215265000, 128428750)]
13:37:03: [INFO] Adding track segment (F.Cu): [(215265000, 128428750), (222408750, 135572500)]
13:37:03: [INFO] Routing pad 'SW49:1' at (220027500, 78422500) with pad 'SW70:1' at (224790000, 97472500) using coordinate system rotated by 0 degree(s)
13:37:03: [INFO] Adding track segment (F.Cu): [(220027500, 78422500), (220027500, 92710000)]
13:37:03: [INFO] Adding track segment (F.Cu): [(220027500, 92710000), (224790000, 97472500)]
13:37:03: [INFO] Routing pad 'SW107:1' at (222408750, 135572500) with pad 'SW107a:1' at (224790000, 135572500) using coordinate system rotated by 0 degree(s)
13:37:03: [INFO] Adding track segment (F.Cu): [(222408750, 135572500), (224790000, 135572500)]
13:37:03: [INFO] Routing COL11 pads
13:37:03: [INFO] Routing pad 'SW75:1' at (320040000, 97472500) with pad 'SW93:1' at (310515000, 116522500) using coordinate system rotated by 0 degree(s)
13:37:03: [INFO] Adding track segment (F.Cu): [(320040000, 97472500), (320040000, 106997500)]
13:37:03: [INFO] Adding track segment (F.Cu): [(320040000, 106997500), (310515000, 116522500)]
13:37:03: [INFO] Routing pad 'SW33:1' at (305752500, 59372500) with pad 'SW12:1' at (315277500, 35560000) using coordinate system rotated by 0 degree(s)
13:37:03: [INFO] Adding track segment (F.Cu): [(305752500, 59372500), (315277500, 49847500)]
13:37:03: [INFO] Adding track segment (F.Cu): [(315277500, 49847500), (315277500, 35560000)]
13:37:03: [INFO] Routing pad 'SW33:1' at (305752500, 59372500) with pad 'SW54:1' at (315277500, 78422500) using coordinate system rotated by 0 degree(s)
13:37:03: [INFO] Adding track segment (F.Cu): [(305752500, 59372500), (305752500, 68897500)]
13:37:03: [INFO] Adding track segment (F.Cu): [(305752500, 68897500), (315277500, 78422500)]
13:37:03: [INFO] Routing pad 'SW54:1' at (315277500, 78422500) with pad 'SW75:1' at (320040000, 97472500) using coordinate system rotated by 0 degree(s)
13:37:03: [INFO] Adding track segment (F.Cu): [(315277500, 78422500), (315277500, 92710000)]
13:37:03: [INFO] Adding track segment (F.Cu): [(315277500, 92710000), (320040000, 97472500)]
13:37:03: [INFO] Routing COL3 pads
13:37:03: [INFO] Routing pad 'SW25:1' at (148590000, 59372500) with pad 'SW4:1' at (148590000, 35560000) using coordinate system rotated by 0 degree(s)
13:37:03: [INFO] Adding track segment (F.Cu): [(148590000, 59372500), (148590000, 35560000)]
13:37:03: [INFO] Routing pad 'SW46:1' at (148590000, 78422500) with pad 'SW25:1' at (148590000, 59372500) using coordinate system rotated by 0 degree(s)
13:37:03: [INFO] Adding track segment (F.Cu): [(148590000, 78422500), (148590000, 59372500)]
13:37:03: [INFO] Routing pad 'SW67:1' at (148590000, 87947500) with pad 'SW46:1' at (148590000, 78422500) using coordinate system rotated by 0 degree(s)
13:37:03: [INFO] Adding track segment (F.Cu): [(148590000, 87947500), (148590000, 78422500)]
13:37:03: [INFO] Routing pad 'SW67a:1' at (148590000, 97472500) with pad 'SW67:1' at (148590000, 87947500) using coordinate system rotated by 0 degree(s)
13:37:03: [INFO] Adding track segment (F.Cu): [(148590000, 97472500), (148590000, 87947500)]
13:37:03: [INFO] Routing pad 'SW85:1' at (148590000, 116522500) with pad 'SW67a:1' at (148590000, 97472500) using coordinate system rotated by 0 degree(s)
13:37:03: [INFO] Adding track segment (F.Cu): [(148590000, 116522500), (148590000, 97472500)]
13:37:03: [INFO] Routing pad 'SW104:1' at (148590000, 126047500) with pad 'SW85:1' at (148590000, 116522500) using coordinate system rotated by 0 degree(s)
13:37:03: [INFO] Adding track segment (F.Cu): [(148590000, 126047500), (148590000, 116522500)]
13:37:03: [INFO] Routing pad 'SW104b:1' at (148590000, 135572500) with pad 'SW104:1' at (148590000, 126047500) using coordinate system rotated by 0 degree(s)
13:37:03: [INFO] Adding track segment (F.Cu): [(148590000, 135572500), (148590000, 126047500)]
13:37:03: [INFO] Routing pad 'SW104a:1' at (139065000, 135572500) with pad 'SW104b:1' at (148590000, 135572500) using coordinate system rotated by 0 degree(s)
13:37:03: [INFO] Adding track segment (F.Cu): [(139065000, 135572500), (148590000, 135572500)]
13:37:03: [INFO] Routing ROW5 pads
13:37:03: [INFO] Routing pad 'D101:1' at (109855000, 143512500) with pad 'D102:1' at (119380000, 143512500) using coordinate system rotated by 0 degree(s)
13:37:03: [INFO] Adding track segment (B.Cu): [(109855000, 143512500), (119380000, 143512500)]
13:37:03: [INFO] Routing pad 'D102:1' at (119380000, 143512500) with pad 'D103:1' at (138430000, 143512500) using coordinate system rotated by 0 degree(s)
13:37:03: [INFO] Adding track segment (B.Cu): [(119380000, 143512500), (138430000, 143512500)]
13:37:03: [INFO] Routing pad 'D103:1' at (138430000, 143512500) with pad 'D104:1' at (157480000, 133987500) using coordinate system rotated by 0 degree(s)
13:37:03: [INFO] Routing pad 'D104:1' at (157480000, 133987500) with pad 'D105:1' at (183673750, 143512500) using coordinate system rotated by 0 degree(s)
13:37:03: [INFO] Adding track segment (B.Cu): [(157480000, 133987500), (167005000, 143512500)]
13:37:03: [INFO] Adding track segment (B.Cu): [(167005000, 143512500), (183673750, 143512500)]
13:37:03: [INFO] Routing pad 'D105:1' at (183673750, 143512500) with pad 'D106:1' at (207486250, 143512500) using coordinate system rotated by 0 degree(s)
13:37:03: [INFO] Adding track segment (B.Cu): [(183673750, 143512500), (207486250, 143512500)]
13:37:03: [INFO] Routing pad 'D106:1' at (207486250, 143512500) with pad 'D107:1' at (231298750, 143512500) using coordinate system rotated by 0 degree(s)
13:37:03: [INFO] Adding track segment (B.Cu): [(207486250, 143512500), (231298750, 143512500)]
13:37:03: [INFO] Routing pad 'D107:1' at (231298750, 143512500) with pad 'D108:1' at (302736250, 143512500) using coordinate system rotated by 0 degree(s)
13:37:03: [INFO] Adding track segment (B.Cu): [(231298750, 143512500), (302736250, 143512500)]
13:37:03: [INFO] Routing pad 'D108:1' at (302736250, 143512500) with pad 'D109:1' at (374173750, 143512500) using coordinate system rotated by 0 degree(s)
13:37:03: [INFO] Adding track segment (B.Cu): [(302736250, 143512500), (374173750, 143512500)]
13:37:03: [INFO] Routing pad 'D109:1' at (374173750, 143512500) with pad 'D110:1' at (397986250, 143512500) using coordinate system rotated by 0 degree(s)
13:37:03: [INFO] Adding track segment (B.Cu): [(374173750, 143512500), (397986250, 143512500)]
13:37:03: [INFO] Routing pad 'D110:1' at (397986250, 143512500) with pad 'D111:1' at (421798750, 143512500) using coordinate system rotated by 0 degree(s)
13:37:03: [INFO] Adding track segment (B.Cu): [(397986250, 143512500), (421798750, 143512500)]
13:37:03: [INFO] Routing pad 'D111:1' at (421798750, 143512500) with pad 'D112:1' at (445611250, 143512500) using coordinate system rotated by 0 degree(s)
13:37:03: [INFO] Adding track segment (B.Cu): [(421798750, 143512500), (445611250, 143512500)]
13:37:03: [INFO] Routing pad 'D112:1' at (445611250, 143512500) with pad 'D113:1' at (471805000, 143512500) using coordinate system rotated by 0 degree(s)
13:37:03: [INFO] Adding track segment (B.Cu): [(445611250, 143512500), (471805000, 143512500)]
13:37:04: [INFO] Routing pad 'D113:1' at (471805000, 143512500) with pad 'D114:1' at (490855000, 143512500) using coordinate system rotated by 0 degree(s)
13:37:04: [INFO] Adding track segment (B.Cu): [(471805000, 143512500), (490855000, 143512500)]
13:37:04: [INFO] Routing pad 'D114:1' at (490855000, 143512500) with pad 'D115:1' at (509905000, 143512500) using coordinate system rotated by 0 degree(s)
13:37:04: [INFO] Adding track segment (B.Cu): [(490855000, 143512500), (509905000, 143512500)]
13:37:04: [INFO] Routing COL14 pads
13:37:04: [INFO] Routing pad 'SW96:1' at (367665000, 116522500) with pad 'SW109:1' at (365283750, 135572500) using coordinate system rotated by 0 degree(s)
13:37:04: [INFO] Routing pad 'SW78:1' at (377190000, 97472500) with pad 'SW96:1' at (367665000, 116522500) using coordinate system rotated by 0 degree(s)
13:37:04: [INFO] Adding track segment (F.Cu): [(377190000, 97472500), (377190000, 106997500)]
13:37:04: [INFO] Adding track segment (F.Cu): [(377190000, 106997500), (367665000, 116522500)]
13:37:04: [INFO] Routing pad 'SW36:1' at (362902500, 59372500) with pad 'SW57:1' at (372427500, 78422500) using coordinate system rotated by 0 degree(s)
13:37:04: [INFO] Adding track segment (F.Cu): [(362902500, 59372500), (362902500, 68897500)]
13:37:04: [INFO] Adding track segment (F.Cu): [(362902500, 68897500), (372427500, 78422500)]
13:37:04: [INFO] Routing pad 'SW36:1' at (362902500, 59372500) with pad 'SW15:1' at (377190000, 35560000) using coordinate system rotated by 0 degree(s)
13:37:04: [INFO] Adding track segment (F.Cu): [(362902500, 59372500), (377190000, 45085000)]
13:37:04: [INFO] Adding track segment (F.Cu): [(377190000, 45085000), (377190000, 35560000)]
13:37:04: [INFO] Routing pad 'SW57:1' at (372427500, 78422500) with pad 'SW78:1' at (377190000, 97472500) using coordinate system rotated by 0 degree(s)
13:37:04: [INFO] Adding track segment (F.Cu): [(372427500, 78422500), (372427500, 92710000)]
13:37:04: [INFO] Adding track segment (F.Cu): [(372427500, 92710000), (377190000, 97472500)]
13:37:04: [INFO] Routing ROW2 pads
13:37:04: [INFO] Routing pad 'D43:1' at (100330000, 86362500) with pad 'D44:1' at (119380000, 86362500) using coordinate system rotated by 0 degree(s)
13:37:04: [INFO] Adding track segment (B.Cu): [(100330000, 86362500), (119380000, 86362500)]
13:37:04: [INFO] Routing pad 'D44:1' at (119380000, 86362500) with pad 'D45:1' at (138430000, 86362500) using coordinate system rotated by 0 degree(s)
13:37:04: [INFO] Adding track segment (B.Cu): [(119380000, 86362500), (138430000, 86362500)]
13:37:04: [INFO] Routing pad 'D45:1' at (138430000, 86362500) with pad 'D46:1' at (157480000, 86362500) using coordinate system rotated by 0 degree(s)
13:37:04: [INFO] Adding track segment (B.Cu): [(138430000, 86362500), (157480000, 86362500)]
13:37:04: [INFO] Could not add track segment due to detected collision
13:37:04: [INFO] Routing pad 'D46:1' at (157480000, 86362500) with pad 'D47:1' at (186055000, 86362500) using coordinate system rotated by 0 degree(s)
13:37:04: [INFO] Adding track segment (B.Cu): [(157480000, 86362500), (186055000, 86362500)]
13:37:04: [INFO] Routing pad 'D47:1' at (186055000, 86362500) with pad 'D48:1' at (209867500, 86362500) using coordinate system rotated by 0 degree(s)
13:37:04: [INFO] Adding track segment (B.Cu): [(186055000, 86362500), (209867500, 86362500)]
13:37:04: [INFO] Routing pad 'D48:1' at (209867500, 86362500) with pad 'D49:1' at (228917500, 86362500) using coordinate system rotated by 0 degree(s)
13:37:04: [INFO] Adding track segment (B.Cu): [(209867500, 86362500), (228917500, 86362500)]
13:37:04: [INFO] Routing pad 'D49:1' at (228917500, 86362500) with pad 'D50:1' at (247967500, 86362500) using coordinate system rotated by 0 degree(s)
13:37:04: [INFO] Adding track segment (B.Cu): [(228917500, 86362500), (247967500, 86362500)]
13:37:04: [INFO] Routing pad 'D50:1' at (247967500, 86362500) with pad 'D51:1' at (267017500, 86362500) using coordinate system rotated by 0 degree(s)
13:37:04: [INFO] Adding track segment (B.Cu): [(247967500, 86362500), (267017500, 86362500)]
13:37:04: [INFO] Routing pad 'D51:1' at (267017500, 86362500) with pad 'D52:1' at (286067500, 86362500) using coordinate system rotated by 0 degree(s)
13:37:04: [INFO] Adding track segment (B.Cu): [(267017500, 86362500), (286067500, 86362500)]
13:37:04: [INFO] Routing pad 'D52:1' at (286067500, 86362500) with pad 'D53:1' at (305117500, 86362500) using coordinate system rotated by 0 degree(s)
13:37:04: [INFO] Adding track segment (B.Cu): [(286067500, 86362500), (305117500, 86362500)]
13:37:04: [INFO] Routing pad 'D53:1' at (305117500, 86362500) with pad 'D54:1' at (324167500, 86362500) using coordinate system rotated by 0 degree(s)
13:37:04: [INFO] Adding track segment (B.Cu): [(305117500, 86362500), (324167500, 86362500)]
13:37:04: [INFO] Routing pad 'D54:1' at (324167500, 86362500) with pad 'D55:1' at (343217500, 86362500) using coordinate system rotated by 0 degree(s)
13:37:04: [INFO] Adding track segment (B.Cu): [(324167500, 86362500), (343217500, 86362500)]
13:37:04: [INFO] Routing pad 'D55:1' at (343217500, 86362500) with pad 'D56:1' at (362267500, 86362500) using coordinate system rotated by 0 degree(s)
13:37:04: [INFO] Adding track segment (B.Cu): [(343217500, 86362500), (362267500, 86362500)]
13:37:04: [INFO] Routing pad 'D56:1' at (362267500, 86362500) with pad 'D57:1' at (381317500, 86362500) using coordinate system rotated by 0 degree(s)
13:37:04: [INFO] Adding track segment (B.Cu): [(362267500, 86362500), (381317500, 86362500)]
13:37:04: [INFO] Routing pad 'D57:1' at (381317500, 86362500) with pad 'D58:1' at (400367500, 86362500) using coordinate system rotated by 0 degree(s)
13:37:04: [INFO] Adding track segment (B.Cu): [(381317500, 86362500), (400367500, 86362500)]
13:37:04: [INFO] Routing pad 'D58:1' at (400367500, 86362500) with pad 'D59:1' at (419417500, 86362500) using coordinate system rotated by 0 degree(s)
13:37:04: [INFO] Adding track segment (B.Cu): [(400367500, 86362500), (419417500, 86362500)]
13:37:04: [INFO] Routing pad 'D59:1' at (419417500, 86362500) with pad 'D60:1' at (447992500, 67312500) using coordinate system rotated by 0 degree(s)
13:37:04: [INFO] Routing pad 'D60:1' at (447992500, 67312500) with pad 'D61:1' at (471805000, 86362500) using coordinate system rotated by 0 degree(s)
13:37:04: [INFO] Routing pad 'D61:1' at (471805000, 86362500) with pad 'D62:1' at (490855000, 86362500) using coordinate system rotated by 0 degree(s)
13:37:04: [INFO] Adding track segment (B.Cu): [(471805000, 86362500), (490855000, 86362500)]
13:37:04: [INFO] Routing pad 'D62:1' at (490855000, 86362500) with pad 'D63:1' at (509905000, 86362500) using coordinate system rotated by 0 degree(s)
13:37:04: [INFO] Adding track segment (B.Cu): [(490855000, 86362500), (509905000, 86362500)]
13:37:04: [INFO] Routing COL17 pads
13:37:04: [INFO] Routing pad 'SW39:1' at (429577500, 59372500) with pad 'SW39a:1' at (420052500, 59372500) using coordinate system rotated by 0 degree(s)
13:37:04: [INFO] Adding track segment (F.Cu): [(429577500, 59372500), (420052500, 59372500)]
13:37:04: [INFO] Routing pad 'SW99a:1' at (412908750, 116522500) with pad 'SW99:1' at (422433750, 116522500) using coordinate system rotated by 0 degree(s)
13:37:04: [INFO] Adding track segment (F.Cu): [(412908750, 116522500), (422433750, 116522500)]
13:37:04: [INFO] Routing pad 'SW99:1' at (422433750, 116522500) with pad 'SW81:1' at (427196250, 97472500) using coordinate system rotated by 0 degree(s)
13:37:04: [INFO] Adding track segment (F.Cu): [(422433750, 116522500), (427196250, 111760000)]
13:37:04: [INFO] Adding track segment (F.Cu): [(427196250, 111760000), (427196250, 97472500)]
13:37:04: [INFO] Routing pad 'SW60:1' at (439102500, 59372500) with pad 'SW39:1' at (429577500, 59372500) using coordinate system rotated by 0 degree(s)
13:37:04: [INFO] Adding track segment (F.Cu): [(439102500, 59372500), (429577500, 59372500)]
13:37:04: [INFO] Routing pad 'SW99:1' at (422433750, 116522500) with pad 'SW112a:1' at (434340000, 135572500) using coordinate system rotated by 0 degree(s)
13:37:04: [INFO] Routing pad 'SW81:1' at (427196250, 97472500) with pad 'SW81a:1' at (436721250, 87947500) using coordinate system rotated by 0 degree(s)
13:37:04: [INFO] Routing pad 'SW112a:1' at (434340000, 135572500) with pad 'SW112:1' at (436721250, 135572500) using coordinate system rotated by 0 degree(s)
13:37:04: [INFO] Adding track segment (F.Cu): [(434340000, 135572500), (436721250, 135572500)]
13:37:04: [INFO] Routing pad 'SW60:1' at (439102500, 59372500) with pad 'SW18:1' at (439102500, 35560000) using coordinate system rotated by 0 degree(s)
13:37:04: [INFO] Adding track segment (F.Cu): [(439102500, 59372500), (439102500, 35560000)]
13:37:04: [INFO] Routing pad 'SW81a:1' at (436721250, 87947500) with pad 'SW60:1' at (439102500, 59372500) using coordinate system rotated by 0 degree(s)
13:37:04: [INFO] Routing COL20 pads
13:37:04: [INFO] Routing pad 'SW21:1' at (501015000, 35560000) with pad 'SW42:1' at (501015000, 59372500) using coordinate system rotated by 0 degree(s)
13:37:04: [INFO] Adding track segment (F.Cu): [(501015000, 35560000), (501015000, 59372500)]
13:37:04: [INFO] Routing pad 'SW42:1' at (501015000, 59372500) with pad 'SW63:1' at (501015000, 78422500) using coordinate system rotated by 0 degree(s)
13:37:04: [INFO] Adding track segment (F.Cu): [(501015000, 59372500), (501015000, 78422500)]
13:37:04: [INFO] Routing pad 'SW63:1' at (501015000, 78422500) with pad 'SW115:1' at (501015000, 135572500) using coordinate system rotated by 0 degree(s)
13:37:04: [INFO] Adding track segment (F.Cu): [(501015000, 78422500), (501015000, 135572500)]
13:37:04: [INFO] Routing COL13 pads
13:37:04: [INFO] Routing pad 'SW77:1' at (358140000, 97472500) with pad 'SW95:1' at (348615000, 116522500) using coordinate system rotated by 0 degree(s)
13:37:04: [INFO] Adding track segment (F.Cu): [(358140000, 97472500), (358140000, 106997500)]
13:37:04: [INFO] Adding track segment (F.Cu): [(358140000, 106997500), (348615000, 116522500)]
13:37:04: [INFO] Routing pad 'SW35:1' at (343852500, 59372500) with pad 'SW56:1' at (353377500, 78422500) using coordinate system rotated by 0 degree(s)
13:37:04: [INFO] Adding track segment (F.Cu): [(343852500, 59372500), (343852500, 68897500)]
13:37:04: [INFO] Adding track segment (F.Cu): [(343852500, 68897500), (353377500, 78422500)]
13:37:04: [INFO] Routing pad 'SW35:1' at (343852500, 59372500) with pad 'SW14:1' at (358140000, 35560000) using coordinate system rotated by 0 degree(s)
13:37:04: [INFO] Adding track segment (F.Cu): [(343852500, 59372500), (358140000, 45085000)]
13:37:04: [INFO] Adding track segment (F.Cu): [(358140000, 45085000), (358140000, 35560000)]
13:37:04: [INFO] Routing pad 'SW56:1' at (353377500, 78422500) with pad 'SW77:1' at (358140000, 97472500) using coordinate system rotated by 0 degree(s)
13:37:04: [INFO] Adding track segment (F.Cu): [(353377500, 78422500), (353377500, 92710000)]
13:37:04: [INFO] Adding track segment (F.Cu): [(353377500, 92710000), (358140000, 97472500)]
13:37:04: [INFO] Routing ROW1 pads
13:37:04: [INFO] Routing pad 'D22:1' at (100330000, 67312500) with pad 'D23:1' at (119380000, 67312500) using coordinate system rotated by 0 degree(s)
13:37:04: [INFO] Adding track segment (B.Cu): [(100330000, 67312500), (119380000, 67312500)]
13:37:04: [INFO] Routing pad 'D23:1' at (119380000, 67312500) with pad 'D24:1' at (138430000, 67312500) using coordinate system rotated by 0 degree(s)
13:37:04: [INFO] Adding track segment (B.Cu): [(119380000, 67312500), (138430000, 67312500)]
13:37:04: [INFO] Routing pad 'D24:1' at (138430000, 67312500) with pad 'D25:1' at (157480000, 67312500) using coordinate system rotated by 0 degree(s)
13:37:04: [INFO] Adding track segment (B.Cu): [(138430000, 67312500), (157480000, 67312500)]
13:37:04: [INFO] Routing pad 'D25:1' at (157480000, 67312500) with pad 'D26:1' at (181292500, 67312500) using coordinate system rotated by 0 degree(s)
13:37:04: [INFO] Adding track segment (B.Cu): [(157480000, 67312500), (181292500, 67312500)]
13:37:04: [INFO] Routing pad 'D26:1' at (181292500, 67312500) with pad 'D27:1' at (200342500, 67312500) using coordinate system rotated by 0 degree(s)
13:37:04: [INFO] Adding track segment (B.Cu): [(181292500, 67312500), (200342500, 67312500)]
13:37:04: [INFO] Routing pad 'D27:1' at (200342500, 67312500) with pad 'D28:1' at (219392500, 67312500) using coordinate system rotated by 0 degree(s)
13:37:04: [INFO] Adding track segment (B.Cu): [(200342500, 67312500), (219392500, 67312500)]
13:37:04: [INFO] Routing pad 'D28:1' at (219392500, 67312500) with pad 'D29:1' at (238442500, 67312500) using coordinate system rotated by 0 degree(s)
13:37:04: [INFO] Adding track segment (B.Cu): [(219392500, 67312500), (238442500, 67312500)]
13:37:04: [INFO] Routing pad 'D29:1' at (238442500, 67312500) with pad 'D30:1' at (257492500, 67312500) using coordinate system rotated by 0 degree(s)
13:37:04: [INFO] Adding track segment (B.Cu): [(238442500, 67312500), (257492500, 67312500)]
13:37:05: [INFO] Routing pad 'D30:1' at (257492500, 67312500) with pad 'D31:1' at (276542500, 67312500) using coordinate system rotated by 0 degree(s)
13:37:05: [INFO] Adding track segment (B.Cu): [(257492500, 67312500), (276542500, 67312500)]
13:37:05: [INFO] Routing pad 'D31:1' at (276542500, 67312500) with pad 'D32:1' at (295592500, 67312500) using coordinate system rotated by 0 degree(s)
13:37:05: [INFO] Adding track segment (B.Cu): [(276542500, 67312500), (295592500, 67312500)]
13:37:05: [INFO] Routing pad 'D32:1' at (295592500, 67312500) with pad 'D33:1' at (314642500, 67312500) using coordinate system rotated by 0 degree(s)
13:37:05: [INFO] Adding track segment (B.Cu): [(295592500, 67312500), (314642500, 67312500)]
13:37:05: [INFO] Routing pad 'D33:1' at (314642500, 67312500) with pad 'D34:1' at (333692500, 67312500) using coordinate system rotated by 0 degree(s)
13:37:05: [INFO] Adding track segment (B.Cu): [(314642500, 67312500), (333692500, 67312500)]
13:37:05: [INFO] Routing pad 'D34:1' at (333692500, 67312500) with pad 'D35:1' at (352742500, 67312500) using coordinate system rotated by 0 degree(s)
13:37:05: [INFO] Adding track segment (B.Cu): [(333692500, 67312500), (352742500, 67312500)]
13:37:05: [INFO] Routing pad 'D35:1' at (352742500, 67312500) with pad 'D36:1' at (371792500, 67312500) using coordinate system rotated by 0 degree(s)
13:37:05: [INFO] Adding track segment (B.Cu): [(352742500, 67312500), (371792500, 67312500)]
13:37:05: [INFO] Routing pad 'D36:1' at (371792500, 67312500) with pad 'D37:1' at (390842500, 67312500) using coordinate system rotated by 0 degree(s)
13:37:05: [INFO] Adding track segment (B.Cu): [(371792500, 67312500), (390842500, 67312500)]
13:37:05: [INFO] Routing pad 'D37:1' at (390842500, 67312500) with pad 'D38:1' at (409892500, 67312500) using coordinate system rotated by 0 degree(s)
13:37:05: [INFO] Adding track segment (B.Cu): [(390842500, 67312500), (409892500, 67312500)]
13:37:05: [INFO] Routing pad 'D38:1' at (409892500, 67312500) with pad 'D39:1' at (438467500, 67312500) using coordinate system rotated by 0 degree(s)
13:37:05: [INFO] Adding track segment (B.Cu): [(409892500, 67312500), (438467500, 67312500)]
13:37:05: [INFO] Routing pad 'D39:1' at (438467500, 67312500) with pad 'D40:1' at (471805000, 67312500) using coordinate system rotated by 0 degree(s)
13:37:05: [INFO] Adding track segment (B.Cu): [(438467500, 67312500), (471805000, 67312500)]
13:37:05: [INFO] Could not add track segment due to detected collision
13:37:05: [INFO] Routing pad 'D40:1' at (471805000, 67312500) with pad 'D41:1' at (490855000, 67312500) using coordinate system rotated by 0 degree(s)
13:37:05: [INFO] Adding track segment (B.Cu): [(471805000, 67312500), (490855000, 67312500)]
13:37:05: [INFO] Routing pad 'D41:1' at (490855000, 67312500) with pad 'D42:1' at (509905000, 67312500) using coordinate system rotated by 0 degree(s)
13:37:05: [INFO] Adding track segment (B.Cu): [(490855000, 67312500), (509905000, 67312500)]
13:37:05: [INFO] Routing COL12 pads
13:37:05: [INFO] Routing pad 'SW76:1' at (339090000, 97472500) with pad 'SW94:1' at (329565000, 116522500) using coordinate system rotated by 0 degree(s)
13:37:05: [INFO] Adding track segment (F.Cu): [(339090000, 97472500), (339090000, 106997500)]
13:37:05: [INFO] Adding track segment (F.Cu): [(339090000, 106997500), (329565000, 116522500)]
13:37:05: [INFO] Routing pad 'SW34:1' at (324802500, 59372500) with pad 'SW13:1' at (334327500, 35560000) using coordinate system rotated by 0 degree(s)
13:37:05: [INFO] Adding track segment (F.Cu): [(324802500, 59372500), (334327500, 49847500)]
13:37:05: [INFO] Adding track segment (F.Cu): [(334327500, 49847500), (334327500, 35560000)]
13:37:05: [INFO] Routing pad 'SW34:1' at (324802500, 59372500) with pad 'SW55:1' at (334327500, 78422500) using coordinate system rotated by 0 degree(s)
13:37:05: [INFO] Adding track segment (F.Cu): [(324802500, 59372500), (324802500, 68897500)]
13:37:05: [INFO] Adding track segment (F.Cu): [(324802500, 68897500), (334327500, 78422500)]
13:37:05: [INFO] Routing pad 'SW55:1' at (334327500, 78422500) with pad 'SW76:1' at (339090000, 97472500) using coordinate system rotated by 0 degree(s)
13:37:05: [INFO] Adding track segment (F.Cu): [(334327500, 78422500), (334327500, 92710000)]
13:37:05: [INFO] Adding track segment (F.Cu): [(334327500, 92710000), (339090000, 97472500)]
13:37:05: [INFO] Routing COL5 pads
13:37:05: [INFO] Routing pad 'SW27:1' at (191452500, 59372500) with pad 'SW6:1' at (196215000, 35560000) using coordinate system rotated by 0 degree(s)
13:37:05: [INFO] Adding track segment (F.Cu): [(191452500, 59372500), (196215000, 54610000)]
13:37:05: [INFO] Adding track segment (F.Cu): [(196215000, 54610000), (196215000, 35560000)]
13:37:05: [INFO] Routing pad 'SW69:1' at (205740000, 97472500) with pad 'SW87:1' at (196215000, 116522500) using coordinate system rotated by 0 degree(s)
13:37:05: [INFO] Routing pad 'SW87:1' at (196215000, 116522500) with pad 'SW106:1' at (198596250, 135572500) using coordinate system rotated by 0 degree(s)
13:37:05: [INFO] Adding track segment (F.Cu): [(196215000, 116522500), (196215000, 133191250)]
13:37:05: [INFO] Adding track segment (F.Cu): [(196215000, 133191250), (198596250, 135572500)]
13:37:05: [INFO] Routing pad 'SW27:1' at (191452500, 59372500) with pad 'SW48:1' at (200977500, 78422500) using coordinate system rotated by 0 degree(s)
13:37:05: [INFO] Adding track segment (F.Cu): [(191452500, 59372500), (191452500, 68897500)]
13:37:05: [INFO] Adding track segment (F.Cu): [(191452500, 68897500), (200977500, 78422500)]
13:37:05: [INFO] Routing pad 'SW106:1' at (198596250, 135572500) with pad 'SW106a:1' at (200977500, 135572500) using coordinate system rotated by 0 degree(s)
13:37:05: [INFO] Adding track segment (F.Cu): [(198596250, 135572500), (200977500, 135572500)]
13:37:05: [INFO] Routing pad 'SW48:1' at (200977500, 78422500) with pad 'SW69:1' at (205740000, 97472500) using coordinate system rotated by 0 degree(s)
13:37:05: [INFO] Adding track segment (F.Cu): [(200977500, 78422500), (200977500, 92710000)]
13:37:05: [INFO] Adding track segment (F.Cu): [(200977500, 92710000), (205740000, 97472500)]
13:37:05: [INFO] Routing COL19 pads
13:37:05: [INFO] Routing pad 'SW20:1' at (481965000, 35560000) with pad 'SW41:1' at (481965000, 59372500) using coordinate system rotated by 0 degree(s)
13:37:05: [INFO] Adding track segment (F.Cu): [(481965000, 35560000), (481965000, 59372500)]
13:37:05: [INFO] Routing pad 'SW41:1' at (481965000, 59372500) with pad 'SW62:1' at (481965000, 78422500) using coordinate system rotated by 0 degree(s)
13:37:05: [INFO] Adding track segment (F.Cu): [(481965000, 59372500), (481965000, 78422500)]
13:37:05: [INFO] Routing pad 'SW62:1' at (481965000, 78422500) with pad 'SW100:1' at (481965000, 116522500) using coordinate system rotated by 0 degree(s)
13:37:05: [INFO] Adding track segment (F.Cu): [(481965000, 78422500), (481965000, 116522500)]
13:37:05: [INFO] Routing pad 'SW100:1' at (481965000, 116522500) with pad 'SW114:1' at (481965000, 135572500) using coordinate system rotated by 0 degree(s)
13:37:05: [INFO] Adding track segment (F.Cu): [(481965000, 116522500), (481965000, 135572500)]
13:37:05: [INFO] Routing COL1 pads
13:37:05: [INFO] Routing pad 'SW2:1' at (110490000, 35560000) with pad 'SW23:1' at (110490000, 59372500) using coordinate system rotated by 0 degree(s)
13:37:05: [INFO] Adding track segment (F.Cu): [(110490000, 35560000), (110490000, 59372500)]
13:37:05: [INFO] Routing pad 'SW23:1' at (110490000, 59372500) with pad 'SW44:1' at (110490000, 78422500) using coordinate system rotated by 0 degree(s)
13:37:05: [INFO] Adding track segment (F.Cu): [(110490000, 59372500), (110490000, 78422500)]
13:37:05: [INFO] Routing pad 'SW44:1' at (110490000, 78422500) with pad 'SW65:1' at (110490000, 97472500) using coordinate system rotated by 0 degree(s)
13:37:05: [INFO] Adding track segment (F.Cu): [(110490000, 78422500), (110490000, 97472500)]
13:37:05: [INFO] Routing pad 'SW65:1' at (110490000, 97472500) with pad 'SW83:1' at (110490000, 116522500) using coordinate system rotated by 0 degree(s)
13:37:05: [INFO] Adding track segment (F.Cu): [(110490000, 97472500), (110490000, 116522500)]
13:37:05: [INFO] Routing pad 'SW83:1' at (110490000, 116522500) with pad 'SW102:1' at (110490000, 135572500) using coordinate system rotated by 0 degree(s)
13:37:05: [INFO] Adding track segment (F.Cu): [(110490000, 116522500), (110490000, 135572500)]
13:37:05: [INFO] Routing COL8 pads
13:37:05: [INFO] Routing pad 'SW30:1' at (248602500, 59372500) with pad 'SW9:1' at (253365000, 35560000) using coordinate system rotated by 0 degree(s)
13:37:05: [INFO] Adding track segment (F.Cu): [(248602500, 59372500), (253365000, 54610000)]
13:37:05: [INFO] Adding track segment (F.Cu): [(253365000, 54610000), (253365000, 35560000)]
13:37:05: [INFO] Routing pad 'SW72:1' at (262890000, 97472500) with pad 'SW90:1' at (253365000, 116522500) using coordinate system rotated by 0 degree(s)
13:37:05: [INFO] Adding track segment (F.Cu): [(262890000, 97472500), (262890000, 106997500)]
13:37:05: [INFO] Adding track segment (F.Cu): [(262890000, 106997500), (253365000, 116522500)]
13:37:05: [INFO] Routing pad 'SW30:1' at (248602500, 59372500) with pad 'SW51:1' at (258127500, 78422500) using coordinate system rotated by 0 degree(s)
13:37:05: [INFO] Adding track segment (F.Cu): [(248602500, 59372500), (248602500, 68897500)]
13:37:05: [INFO] Adding track segment (F.Cu): [(248602500, 68897500), (258127500, 78422500)]
13:37:05: [INFO] Routing pad 'SW51:1' at (258127500, 78422500) with pad 'SW72:1' at (262890000, 97472500) using coordinate system rotated by 0 degree(s)
13:37:05: [INFO] Adding track segment (F.Cu): [(258127500, 78422500), (258127500, 92710000)]
13:37:05: [INFO] Adding track segment (F.Cu): [(258127500, 92710000), (262890000, 97472500)]
13:37:05: [INFO] Routing ROW3 pads
13:37:05: [INFO] Routing pad 'D64:1' at (100330000, 105412500) with pad 'D65:1' at (119380000, 105412500) using coordinate system rotated by 0 degree(s)
13:37:05: [INFO] Adding track segment (B.Cu): [(100330000, 105412500), (119380000, 105412500)]
13:37:05: [INFO] Routing pad 'D65:1' at (119380000, 105412500) with pad 'D66:1' at (138430000, 105412500) using coordinate system rotated by 0 degree(s)
13:37:05: [INFO] Adding track segment (B.Cu): [(119380000, 105412500), (138430000, 105412500)]
13:37:05: [INFO] Routing pad 'D66:1' at (138430000, 105412500) with pad 'D67:1' at (157480000, 95887500) using coordinate system rotated by 0 degree(s)
13:37:05: [INFO] Routing pad 'D67:1' at (157480000, 95887500) with pad 'D68:1' at (188436250, 105412500) using coordinate system rotated by 0 degree(s)
13:37:05: [INFO] Adding track segment (B.Cu): [(157480000, 95887500), (167005000, 105412500)]
13:37:05: [INFO] Adding track segment (B.Cu): [(167005000, 105412500), (188436250, 105412500)]
13:37:05: [INFO] Routing pad 'D68:1' at (188436250, 105412500) with pad 'D69:1' at (214630000, 105412500) using coordinate system rotated by 0 degree(s)
13:37:05: [INFO] Adding track segment (B.Cu): [(188436250, 105412500), (214630000, 105412500)]
13:37:06: [INFO] Routing pad 'D69:1' at (214630000, 105412500) with pad 'D70:1' at (233680000, 105412500) using coordinate system rotated by 0 degree(s)
13:37:06: [INFO] Adding track segment (B.Cu): [(214630000, 105412500), (233680000, 105412500)]
13:37:06: [INFO] Routing pad 'D70:1' at (233680000, 105412500) with pad 'D71:1' at (252730000, 105412500) using coordinate system rotated by 0 degree(s)
13:37:06: [INFO] Adding track segment (B.Cu): [(233680000, 105412500), (252730000, 105412500)]
13:37:06: [INFO] Routing pad 'D71:1' at (252730000, 105412500) with pad 'D72:1' at (271780000, 105412500) using coordinate system rotated by 0 degree(s)
13:37:06: [INFO] Adding track segment (B.Cu): [(252730000, 105412500), (271780000, 105412500)]
13:37:06: [INFO] Routing pad 'D72:1' at (271780000, 105412500) with pad 'D73:1' at (290830000, 105412500) using coordinate system rotated by 0 degree(s)
13:37:06: [INFO] Adding track segment (B.Cu): [(271780000, 105412500), (290830000, 105412500)]
13:37:06: [INFO] Routing pad 'D73:1' at (290830000, 105412500) with pad 'D74:1' at (309880000, 105412500) using coordinate system rotated by 0 degree(s)
13:37:06: [INFO] Adding track segment (B.Cu): [(290830000, 105412500), (309880000, 105412500)]
13:37:06: [INFO] Routing pad 'D74:1' at (309880000, 105412500) with pad 'D75:1' at (328930000, 105412500) using coordinate system rotated by 0 degree(s)
13:37:06: [INFO] Adding track segment (B.Cu): [(309880000, 105412500), (328930000, 105412500)]
13:37:06: [INFO] Routing pad 'D75:1' at (328930000, 105412500) with pad 'D76:1' at (347980000, 105412500) using coordinate system rotated by 0 degree(s)
13:37:06: [INFO] Adding track segment (B.Cu): [(328930000, 105412500), (347980000, 105412500)]
13:37:06: [INFO] Routing pad 'D76:1' at (347980000, 105412500) with pad 'D77:1' at (367030000, 105412500) using coordinate system rotated by 0 degree(s)
13:37:06: [INFO] Adding track segment (B.Cu): [(347980000, 105412500), (367030000, 105412500)]
13:37:06: [INFO] Routing pad 'D77:1' at (367030000, 105412500) with pad 'D78:1' at (386080000, 105412500) using coordinate system rotated by 0 degree(s)
13:37:06: [INFO] Adding track segment (B.Cu): [(367030000, 105412500), (386080000, 105412500)]
13:37:06: [INFO] Routing pad 'D78:1' at (386080000, 105412500) with pad 'D79:1' at (405130000, 105412500) using coordinate system rotated by 0 degree(s)
13:37:06: [INFO] Adding track segment (B.Cu): [(386080000, 105412500), (405130000, 105412500)]
13:37:06: [INFO] Routing pad 'D79:1' at (405130000, 105412500) with pad 'D81:1' at (436086250, 105412500) using coordinate system rotated by 0 degree(s)
13:37:06: [INFO] Adding track segment (B.Cu): [(405130000, 105412500), (436086250, 105412500)]
13:37:06: [INFO] Routing pad 'D81:1' at (436086250, 105412500) with pad 'D80:1' at (443230000, 86362500) using coordinate system rotated by 0 degree(s)
13:37:06: [INFO] Routing COL2 pads
13:37:06: [INFO] Routing pad 'SW3:1' at (129540000, 35560000) with pad 'SW24:1' at (129540000, 59372500) using coordinate system rotated by 0 degree(s)
13:37:06: [INFO] Adding track segment (F.Cu): [(129540000, 35560000), (129540000, 59372500)]
13:37:06: [INFO] Routing pad 'SW24:1' at (129540000, 59372500) with pad 'SW45:1' at (129540000, 78422500) using coordinate system rotated by 0 degree(s)
13:37:06: [INFO] Adding track segment (F.Cu): [(129540000, 59372500), (129540000, 78422500)]
13:37:06: [INFO] Routing pad 'SW45:1' at (129540000, 78422500) with pad 'SW66:1' at (129540000, 97472500) using coordinate system rotated by 0 degree(s)
13:37:06: [INFO] Adding track segment (F.Cu): [(129540000, 78422500), (129540000, 97472500)]
13:37:06: [INFO] Routing pad 'SW66:1' at (129540000, 97472500) with pad 'SW84:1' at (129540000, 116522500) using coordinate system rotated by 0 degree(s)
13:37:06: [INFO] Adding track segment (F.Cu): [(129540000, 97472500), (129540000, 116522500)]
13:37:06: [INFO] Routing pad 'SW84:1' at (129540000, 116522500) with pad 'SW103:1' at (129540000, 135572500) using coordinate system rotated by 0 degree(s)
13:37:06: [INFO] Adding track segment (F.Cu): [(129540000, 116522500), (129540000, 135572500)]
13:37:06: [INFO] Could not add track segment due to detected collision
13:37:06: [INFO] Routing COL15 pads
13:37:06: [INFO] Routing pad 'SW79:1' at (396240000, 97472500) with pad 'SW97:1' at (386715000, 116522500) using coordinate system rotated by 0 degree(s)
13:37:06: [INFO] Adding track segment (F.Cu): [(396240000, 97472500), (396240000, 106997500)]
13:37:06: [INFO] Adding track segment (F.Cu): [(396240000, 106997500), (386715000, 116522500)]
13:37:06: [INFO] Routing pad 'SW97:1' at (386715000, 116522500) with pad 'SW110a:1' at (386715000, 135572500) using coordinate system rotated by 0 degree(s)
13:37:06: [INFO] Adding track segment (F.Cu): [(386715000, 116522500), (386715000, 135572500)]
13:37:06: [INFO] Routing pad 'SW110a:1' at (386715000, 135572500) with pad 'SW110:1' at (389096250, 135572500) using coordinate system rotated by 0 degree(s)
13:37:06: [INFO] Adding track segment (F.Cu): [(386715000, 135572500), (389096250, 135572500)]
13:37:06: [INFO] Routing pad 'SW37:1' at (381952500, 59372500) with pad 'SW58:1' at (391477500, 78422500) using coordinate system rotated by 0 degree(s)
13:37:06: [INFO] Adding track segment (F.Cu): [(381952500, 59372500), (381952500, 68897500)]
13:37:06: [INFO] Adding track segment (F.Cu): [(381952500, 68897500), (391477500, 78422500)]
13:37:06: [INFO] Routing pad 'SW37:1' at (381952500, 59372500) with pad 'SW16:1' at (396240000, 35560000) using coordinate system rotated by 0 degree(s)
13:37:06: [INFO] Adding track segment (F.Cu): [(381952500, 59372500), (396240000, 45085000)]
13:37:06: [INFO] Adding track segment (F.Cu): [(396240000, 45085000), (396240000, 35560000)]
13:37:06: [INFO] Routing pad 'SW58:1' at (391477500, 78422500) with pad 'SW79:1' at (396240000, 97472500) using coordinate system rotated by 0 degree(s)
13:37:06: [INFO] Adding track segment (F.Cu): [(391477500, 78422500), (391477500, 92710000)]
13:37:06: [INFO] Adding track segment (F.Cu): [(391477500, 92710000), (396240000, 97472500)]
13:37:06: [INFO] Routing COL16 pads
13:37:06: [INFO] Routing pad 'SW38:1' at (401002500, 59372500) with pad 'SW59:1' at (410527500, 78422500) using coordinate system rotated by 0 degree(s)
13:37:06: [INFO] Adding track segment (F.Cu): [(401002500, 59372500), (401002500, 68897500)]
13:37:06: [INFO] Adding track segment (F.Cu): [(401002500, 68897500), (410527500, 78422500)]
13:37:06: [INFO] Routing pad 'SW111:1' at (412908750, 135572500) with pad 'SW111a:1' at (410527500, 135572500) using coordinate system rotated by 0 degree(s)
13:37:06: [INFO] Adding track segment (F.Cu): [(412908750, 135572500), (410527500, 135572500)]
13:37:06: [INFO] Routing pad 'SW98:1' at (439102500, 116522500) with pad 'SW111:1' at (412908750, 135572500) using coordinate system rotated by 0 degree(s)
13:37:06: [INFO] Routing pad 'SW38:1' at (401002500, 59372500) with pad 'SW17:1' at (415290000, 35560000) using coordinate system rotated by 0 degree(s)
13:37:06: [INFO] Adding track segment (F.Cu): [(401002500, 59372500), (415290000, 45085000)]
13:37:06: [INFO] Adding track segment (F.Cu): [(415290000, 45085000), (415290000, 35560000)]
13:37:06: [INFO] Routing pad 'SW59:1' at (410527500, 78422500) with pad 'SW80a:1' at (415290000, 97472500) using coordinate system rotated by 0 degree(s)
13:37:06: [INFO] Adding track segment (F.Cu): [(410527500, 78422500), (410527500, 92710000)]
13:37:06: [INFO] Adding track segment (F.Cu): [(410527500, 92710000), (415290000, 97472500)]
13:37:06: [INFO] Routing pad 'SW59:1' at (410527500, 78422500) with pad 'SW80:1' at (434340000, 78422500) using coordinate system rotated by 0 degree(s)
13:37:06: [INFO] Adding track segment (F.Cu): [(410527500, 78422500), (434340000, 78422500)]
13:37:06: [INFO] Could not add track segment due to detected collision
13:37:06: [INFO] Routing pad 'SW80a:1' at (415290000, 97472500) with pad 'SW98:1' at (439102500, 116522500) using coordinate system rotated by 0 degree(s)
13:37:06: [INFO] Removing dangling tracks
