=== kbplacer.kle_serial ===
=== layout2image.py ===
=== kbplacer ===
13:29:00: [INFO] User layout: https://editor.keyboard-tools.xyz/#share=NrDeCIA9wLgAgIwF8A0dwAYUIDoDt98BWFDcNTFAJkILxLIqwGZbjTy4Jp4MA6EugDGsdAGIA7FOnhU6LABZOEEfHBihmrbKYoinSgDYDWCSZQAOcwE5zCRvOwI7VO8ztLdCfV+NoVouoAhiGhBgDuolRylAgSbHhYDtyi-BKC4KriWtoxWHEJ+QZU2PF0+EUAuigAUGDgABZRMQikCQwGrbjl9BwUrTQ9Hf0orEN9XFCpAhRZwaEhEaIIAi0onpNzGjkiaz7orX4HKGYjViO2I-adTjcIrlfuVxvgXfuv2EcQkfArRGsFHrMCYpX4zYSBSTSKRLMFUDJNeAldDhVxghFoxAUSCYgC0-HhMRKCEMCWBzmqdVBWIham2OR06GJ7Qm4BKg1owyZoxZySmvHBmUhC0WFB+iD46SJ62UQrpO12FBK7xKRzZJ2Klk1l251yVt31901CCeupexP2ATp0JhYqifEJhtJQJB-Lg-AyWwVjPA5LKtHJ4Ep9URcGiFGBGF5BnJ0Yj1Dj6GBY05rp47sFWxFQVhYYd-3jCgSCldXp2PuBauBpyTWvjOt92AcjYQznjRvbppbL3JRASJT5WZFuaokoLtZJ-bT0wy4pWUvbfZ6xNlZYZMXJztoK4oJEB2+wsvTaXHLaXB4em2Fw7tYIXE63dHZq8h3pie-9T+oQdq9XTrRRZoKBLDk6C5cASxTMDpwFT1rwWXMVkddASw2b5lnzGISy+cA50w4CNX8OVsnLW84EMfD0D3Zs91A-BWkHSEbTMd9sCg+jWT3IsegYgw93POheN3T4El44NqQA8AAE9pnhWZX3LPJsBZNtHDo3pVModiNKPGd5LpbNEMoxtuNoEtVKtEj13jAT8HM3T4AkMd9PEQyyKQ09aNEw8iLw5DwD3bSullPzPOwWy8GC3yMP8vdHw4ilf0s9Q3xGKNxk0roVJudS91lUNw25bS8uDdV0tTTTmQyzVcsPUrI2y9tGtrWqLMaIDa2KuqktwjqIOU6qCNaoNKiAA
13:29:00: [INFO] Labels prefixes: for rows: 'ROW', for columns: 'COL'
13:29:00: [INFO] Matrix size: 5x17
13:29:00: [WARNING] No stabilizer footprint for width 2.25u, using 2u as fallback
13:29:00: [WARNING] No stabilizer footprint for width 2.25u, using 2u as fallback
13:29:00: [WARNING] No stabilizer footprint for width 2.75u, using 2u as fallback
13:29:01: [INFO] Add COL0 net
13:29:01: [INFO] Add COL1 net
13:29:01: [INFO] Add COL10 net
13:29:01: [INFO] Add COL11 net
13:29:01: [INFO] Add COL12 net
13:29:01: [INFO] Add COL13 net
13:29:01: [INFO] Add COL14 net
13:29:01: [INFO] Add COL15 net
13:29:01: [INFO] Add COL16 net
13:29:01: [INFO] Add COL17 net
13:29:01: [INFO] Add COL2 net
13:29:01: [INFO] Add COL3 net
13:29:01: [INFO] Add COL4 net
13:29:01: [INFO] Add COL5 net
13:29:01: [INFO] Add COL6 net
13:29:01: [INFO] Add COL7 net
13:29:01: [INFO] Add COL8 net
13:29:01: [INFO] Add COL9 net
13:29:01: [INFO] Add Net-(D1-A) net
13:29:01: [INFO] Add Net-(D10-A) net
13:29:01: [INFO] Add Net-(D11-A) net
13:29:01: [INFO] Add Net-(D12-A) net
13:29:01: [INFO] Add Net-(D13-A) net
13:29:01: [INFO] Add Net-(D14-A) net
13:29:01: [INFO] Add Net-(D15-A) net
13:29:01: [INFO] Add Net-(D16-A) net
13:29:01: [INFO] Add Net-(D17-A) net
13:29:01: [INFO] Add Net-(D18-A) net
13:29:01: [INFO] Add Net-(D19-A) net
13:29:01: [INFO] Add Net-(D2-A) net
13:29:01: [INFO] Add Net-(D20-A) net
13:29:01: [INFO] Add Net-(D21-A) net
13:29:01: [INFO] Add Net-(D22-A) net
13:29:01: [INFO] Add Net-(D23-A) net
13:29:01: [INFO] Add Net-(D24-A) net
13:29:01: [INFO] Add Net-(D25-A) net
13:29:01: [INFO] Add Net-(D26-A) net
13:29:01: [INFO] Add Net-(D27-A) net
13:29:01: [INFO] Add Net-(D28-A) net
13:29:01: [INFO] Add Net-(D29-A) net
13:29:01: [INFO] Add Net-(D3-A) net
13:29:01: [INFO] Add Net-(D30-A) net
13:29:01: [INFO] Add Net-(D31-A) net
13:29:01: [INFO] Add Net-(D32-A) net
13:29:01: [INFO] Add Net-(D33-A) net
13:29:01: [INFO] Add Net-(D34-A) net
13:29:01: [INFO] Add Net-(D35-A) net
13:29:01: [INFO] Add Net-(D36-A) net
13:29:01: [INFO] Add Net-(D37-A) net
13:29:01: [INFO] Add Net-(D38-A) net
13:29:01: [INFO] Add Net-(D39-A) net
13:29:01: [INFO] Add Net-(D4-A) net
13:29:01: [INFO] Add Net-(D40-A) net
13:29:01: [INFO] Add Net-(D41-A) net
13:29:01: [INFO] Add Net-(D42-A) net
13:29:01: [INFO] Add Net-(D43-A) net
13:29:01: [INFO] Add Net-(D44-A) net
13:29:01: [INFO] Add Net-(D45-A) net
13:29:01: [INFO] Add Net-(D46-A) net
13:29:01: [INFO] Add Net-(D47-A) net
13:29:01: [INFO] Add Net-(D48-A) net
13:29:01: [INFO] Add Net-(D49-A) net
13:29:01: [INFO] Add Net-(D5-A) net
13:29:01: [INFO] Add Net-(D50-A) net
13:29:01: [INFO] Add Net-(D51-A) net
13:29:01: [INFO] Add Net-(D52-A) net
13:29:01: [INFO] Add Net-(D53-A) net
13:29:01: [INFO] Add Net-(D54-A) net
13:29:01: [INFO] Add Net-(D55-A) net
13:29:01: [INFO] Add Net-(D56-A) net
13:29:01: [INFO] Add Net-(D57-A) net
13:29:01: [INFO] Add Net-(D58-A) net
13:29:01: [INFO] Add Net-(D59-A) net
13:29:01: [INFO] Add Net-(D6-A) net
13:29:01: [INFO] Add Net-(D60-A) net
13:29:01: [INFO] Add Net-(D61-A) net
13:29:01: [INFO] Add Net-(D62-A) net
13:29:01: [INFO] Add Net-(D63-A) net
13:29:01: [INFO] Add Net-(D64-A) net
13:29:01: [INFO] Add Net-(D65-A) net
13:29:01: [INFO] Add Net-(D66-A) net
13:29:01: [INFO] Add Net-(D67-A) net
13:29:01: [INFO] Add Net-(D68-A) net
13:29:01: [INFO] Add Net-(D69-A) net
13:29:01: [INFO] Add Net-(D7-A) net
13:29:01: [INFO] Add Net-(D70-A) net
13:29:01: [INFO] Add Net-(D71-A) net
13:29:01: [INFO] Add Net-(D72-A) net
13:29:01: [INFO] Add Net-(D73-A) net
13:29:01: [INFO] Add Net-(D74-A) net
13:29:01: [INFO] Add Net-(D75-A) net
13:29:01: [INFO] Add Net-(D76-A) net
13:29:01: [INFO] Add Net-(D77-A) net
13:29:01: [INFO] Add Net-(D78-A) net
13:29:01: [INFO] Add Net-(D79-A) net
13:29:01: [INFO] Add Net-(D8-A) net
13:29:01: [INFO] Add Net-(D80-A) net
13:29:01: [INFO] Add Net-(D81-A) net
13:29:01: [INFO] Add Net-(D82-A) net
13:29:01: [INFO] Add Net-(D83-A) net
13:29:01: [INFO] Add Net-(D84-A) net
13:29:01: [INFO] Add Net-(D9-A) net
13:29:01: [INFO] Add ROW0 net
13:29:01: [INFO] Add ROW1 net
13:29:01: [INFO] Add ROW2 net
13:29:01: [INFO] Add ROW3 net
13:29:01: [INFO] Add ROW4 net
13:29:01: [INFO] Add ROW5 net
13:29:01: [INFO] Add SW1 footprint
13:29:01: [INFO] Add D1 footprint
13:29:01: [INFO] Add SW2 footprint
13:29:01: [INFO] Add D2 footprint
13:29:01: [INFO] Add SW3 footprint
13:29:01: [INFO] Add D3 footprint
13:29:01: [INFO] Add SW4 footprint
13:29:01: [INFO] Add D4 footprint
13:29:01: [INFO] Add SW5 footprint
13:29:01: [INFO] Add D5 footprint
13:29:01: [INFO] Add SW6 footprint
13:29:01: [INFO] Add D6 footprint
13:29:01: [INFO] Add SW7 footprint
13:29:01: [INFO] Add D7 footprint
13:29:01: [INFO] Add SW8 footprint
13:29:01: [INFO] Add D8 footprint
13:29:01: [INFO] Add SW9 footprint
13:29:01: [INFO] Add D9 footprint
13:29:01: [INFO] Add SW10 footprint
13:29:01: [INFO] Add D10 footprint
13:29:01: [INFO] Add SW11 footprint
13:29:01: [INFO] Add D11 footprint
13:29:01: [INFO] Add SW12 footprint
13:29:01: [INFO] Add D12 footprint
13:29:01: [INFO] Add SW13 footprint
13:29:01: [INFO] Add D13 footprint
13:29:02: [INFO] Add SW14 footprint
13:29:02: [INFO] Add D14 footprint
13:29:02: [INFO] Add SW15 footprint
13:29:02: [INFO] Add D15 footprint
13:29:02: [INFO] Add SW16 footprint
13:29:02: [INFO] Add D16 footprint
13:29:02: [INFO] Add SW17 footprint
13:29:02: [INFO] Add D17 footprint
13:29:02: [INFO] Add ST17 footprint
13:29:02: [INFO] Add SW17a footprint
13:29:02: [INFO] Add SW18 footprint
13:29:02: [INFO] Add D18 footprint
13:29:02: [INFO] Add ST18 footprint
13:29:02: [INFO] Add SW18a footprint
13:29:02: [INFO] Add SW19 footprint
13:29:02: [INFO] Add D19 footprint
13:29:02: [INFO] Add SW20 footprint
13:29:02: [INFO] Add D20 footprint
13:29:02: [INFO] Add SW21 footprint
13:29:02: [INFO] Add D21 footprint
13:29:02: [INFO] Add SW22 footprint
13:29:02: [INFO] Add D22 footprint
13:29:02: [INFO] Add SW23 footprint
13:29:02: [INFO] Add D23 footprint
13:29:02: [INFO] Add SW24 footprint
13:29:02: [INFO] Add D24 footprint
13:29:02: [INFO] Add SW25 footprint
13:29:02: [INFO] Add D25 footprint
13:29:02: [INFO] Add SW26 footprint
13:29:02: [INFO] Add D26 footprint
13:29:02: [INFO] Add SW27 footprint
13:29:02: [INFO] Add D27 footprint
13:29:02: [INFO] Add SW28 footprint
13:29:03: [INFO] Add D28 footprint
13:29:03: [INFO] Add SW29 footprint
13:29:03: [INFO] Add D29 footprint
13:29:03: [INFO] Add SW30 footprint
13:29:03: [INFO] Add D30 footprint
13:29:03: [INFO] Add SW31 footprint
13:29:03: [INFO] Add D31 footprint
13:29:03: [INFO] Add SW32 footprint
13:29:03: [INFO] Add D32 footprint
13:29:03: [INFO] Add SW33 footprint
13:29:03: [INFO] Add D33 footprint
13:29:03: [INFO] Add SW34 footprint
13:29:03: [INFO] Add D34 footprint
13:29:03: [INFO] Add SW35 footprint
13:29:03: [INFO] Add D35 footprint
13:29:03: [INFO] Add SW36 footprint
13:29:03: [INFO] Add D36 footprint
13:29:03: [INFO] Add SW37 footprint
13:29:03: [INFO] Add D37 footprint
13:29:03: [INFO] Add SW38 footprint
13:29:03: [INFO] Add D38 footprint
13:29:03: [INFO] Add SW39 footprint
13:29:03: [INFO] Add D39 footprint
13:29:03: [INFO] Add SW39a footprint
13:29:03: [INFO] Add ST39a footprint
13:29:03: [INFO] Add SW40 footprint
13:29:03: [INFO] Add D40 footprint
13:29:03: [INFO] Add SW41 footprint
13:29:03: [INFO] Add D41 footprint
13:29:03: [INFO] Add SW42 footprint
13:29:03: [INFO] Add D42 footprint
13:29:03: [INFO] Add SW43 footprint
13:29:03: [INFO] Add D43 footprint
13:29:04: [INFO] Add SW44 footprint
13:29:04: [INFO] Add D44 footprint
13:29:04: [INFO] Add SW45 footprint
13:29:04: [INFO] Add D45 footprint
13:29:04: [INFO] Add SW46 footprint
13:29:04: [INFO] Add D46 footprint
13:29:04: [INFO] Add SW47 footprint
13:29:04: [INFO] Add D47 footprint
13:29:04: [INFO] Add SW48 footprint
13:29:04: [INFO] Add D48 footprint
13:29:04: [INFO] Add SW49 footprint
13:29:04: [INFO] Add D49 footprint
13:29:04: [INFO] Add SW50 footprint
13:29:04: [INFO] Add D50 footprint
13:29:04: [INFO] Add SW51 footprint
13:29:04: [INFO] Add D51 footprint
13:29:04: [INFO] Add SW52 footprint
13:29:04: [INFO] Add D52 footprint
13:29:04: [WARNING] No stabilizer footprint for width 2.25u, using 2u as fallback
13:29:04: [INFO] Add ST52 footprint
13:29:04: [INFO] Add SW52a footprint
13:29:04: [INFO] Add ST52a footprint
13:29:04: [INFO] Add SW53 footprint
13:29:04: [INFO] Add D53 footprint
13:29:04: [INFO] Add SW54 footprint
13:29:04: [INFO] Add D54 footprint
13:29:04: [INFO] Add ST54 footprint
13:29:04: [INFO] Add SW54a footprint
13:29:04: [INFO] Add SW55 footprint
13:29:04: [INFO] Add D55 footprint
13:29:04: [INFO] Add SW56 footprint
13:29:04: [INFO] Add D56 footprint
13:29:04: [INFO] Add SW57 footprint
13:29:04: [INFO] Add D57 footprint
13:29:04: [INFO] Add SW57a footprint
13:29:04: [INFO] Add ST57a footprint
13:29:04: [INFO] Add SW58 footprint
13:29:04: [INFO] Add D58 footprint
13:29:04: [WARNING] No stabilizer footprint for width 2.25u, using 2u as fallback
13:29:05: [INFO] Add ST58 footprint
13:29:05: [INFO] Add SW58a footprint
13:29:05: [INFO] Add SW59 footprint
13:29:05: [INFO] Add D59 footprint
13:29:05: [INFO] Add SW60 footprint
13:29:05: [INFO] Add D60 footprint
13:29:05: [INFO] Add SW61 footprint
13:29:05: [INFO] Add D61 footprint
13:29:05: [INFO] Add SW62 footprint
13:29:05: [INFO] Add D62 footprint
13:29:05: [INFO] Add SW63 footprint
13:29:05: [INFO] Add D63 footprint
13:29:05: [INFO] Add SW64 footprint
13:29:05: [INFO] Add D64 footprint
13:29:05: [INFO] Add SW65 footprint
13:29:05: [INFO] Add D65 footprint
13:29:05: [INFO] Add SW66 footprint
13:29:05: [INFO] Add D66 footprint
13:29:05: [INFO] Add SW67 footprint
13:29:05: [INFO] Add D67 footprint
13:29:05: [INFO] Add SW68 footprint
13:29:05: [INFO] Add D68 footprint
13:29:05: [INFO] Add SW69 footprint
13:29:05: [INFO] Add D69 footprint
13:29:05: [INFO] Add SW69a footprint
13:29:05: [INFO] Add SW70 footprint
13:29:05: [INFO] Add D70 footprint
13:29:05: [WARNING] No stabilizer footprint for width 2.75u, using 2u as fallback
13:29:05: [INFO] Add ST70 footprint
13:29:05: [INFO] Add SW70a footprint
13:29:05: [INFO] Add SW70b footprint
13:29:05: [INFO] Add SW71 footprint
13:29:05: [INFO] Add D71 footprint
13:29:05: [INFO] Add SW72 footprint
13:29:05: [INFO] Add D72 footprint
13:29:05: [INFO] Add ST72 footprint
13:29:05: [INFO] Add SW73 footprint
13:29:05: [INFO] Add D73 footprint
13:29:05: [INFO] Add ST73 footprint
13:29:05: [INFO] Add SW73a footprint
13:29:05: [INFO] Add SW74 footprint
13:29:06: [INFO] Add D74 footprint
13:29:06: [INFO] Add SW75 footprint
13:29:06: [INFO] Add D75 footprint
13:29:06: [INFO] Add SW76 footprint
13:29:06: [INFO] Add D76 footprint
13:29:06: [INFO] Add SW77 footprint
13:29:06: [INFO] Add D77 footprint
13:29:06: [INFO] Add SW78 footprint
13:29:06: [INFO] Add D78 footprint
13:29:06: [INFO] Add ST78 footprint
13:29:06: [INFO] Add SW79 footprint
13:29:06: [INFO] Add D79 footprint
13:29:06: [INFO] Add SW79a footprint
13:29:06: [INFO] Add SW80 footprint
13:29:06: [INFO] Add D80 footprint
13:29:06: [INFO] Add SW80a footprint
13:29:06: [INFO] Add SW81 footprint
13:29:06: [INFO] Add D81 footprint
13:29:06: [INFO] Add SW82 footprint
13:29:06: [INFO] Add D82 footprint
13:29:06: [INFO] Add SW82a footprint
13:29:06: [INFO] Add SW83 footprint
13:29:06: [INFO] Add D83 footprint
13:29:06: [INFO] Add SW83a footprint
13:29:06: [INFO] Add SW84 footprint
13:29:06: [INFO] Add D84 footprint
13:29:06: [INFO] Detected layout convertible to matrix annotated keyboard
13:29:06: [INFO] Using key 1U distance: (19.05, 19.05) mm
13:29:06: [INFO] Layout offset: (28575000, 28575000)
13:29:06: [INFO] Diode info: [ElementInfo(annotation_format='D{}', position_option=<PositionOption.CUSTOM: 'Custom'>, position=ElementPosition(x=5.08, y=4.0, orientation=90.0, side=<Side.BACK: 'Back'>), template_path='', start_index=-1)]
13:29:06: [INFO] Placing additional elements for SW84
13:29:06: [INFO] Placing additional elements for SW83a
13:29:06: [INFO] Placing additional elements for SW83
13:29:06: [INFO] Placing additional elements for SW82a
13:29:06: [INFO] Placing additional elements for SW82
13:29:06: [INFO] Placing additional elements for SW81
13:29:06: [INFO] Placing additional elements for SW80a
13:29:06: [INFO] Placing additional elements for SW80
13:29:06: [INFO] Placing additional elements for SW79a
13:29:06: [INFO] Placing additional elements for SW79
13:29:06: [INFO] Placing additional elements for SW78
13:29:06: [INFO] Placing additional elements for SW77
13:29:06: [INFO] Placing additional elements for SW76
13:29:06: [INFO] Placing additional elements for SW75
13:29:06: [INFO] Placing additional elements for SW74
13:29:06: [INFO] Placing additional elements for SW73a
13:29:06: [INFO] Placing additional elements for SW73
13:29:06: [INFO] Placing additional elements for SW72
13:29:06: [INFO] Placing additional elements for SW71
13:29:06: [INFO] Placing additional elements for SW70b
13:29:06: [INFO] Placing additional elements for SW70a
13:29:06: [INFO] Placing additional elements for SW70
13:29:06: [INFO] Placing additional elements for SW69a
13:29:06: [INFO] Placing additional elements for SW69
13:29:06: [INFO] Placing additional elements for SW68
13:29:06: [INFO] Placing additional elements for SW67
13:29:06: [INFO] Placing additional elements for SW66
13:29:06: [INFO] Placing additional elements for SW65
13:29:06: [INFO] Placing additional elements for SW64
13:29:06: [INFO] Placing additional elements for SW63
13:29:06: [INFO] Placing additional elements for SW62
13:29:06: [INFO] Placing additional elements for SW61
13:29:06: [INFO] Placing additional elements for SW60
13:29:06: [INFO] Placing additional elements for SW59
13:29:06: [INFO] Placing additional elements for SW58a
13:29:06: [INFO] Placing additional elements for SW58
13:29:06: [INFO] Placing additional elements for SW57a
13:29:06: [INFO] Placing additional elements for SW57
13:29:06: [INFO] Placing additional elements for SW56
13:29:06: [INFO] Placing additional elements for SW55
13:29:06: [INFO] Placing additional elements for SW54a
13:29:06: [INFO] Placing additional elements for SW54
13:29:06: [INFO] Placing additional elements for SW53
13:29:06: [INFO] Placing additional elements for SW52a
13:29:06: [INFO] Placing additional elements for SW52
13:29:06: [INFO] Placing additional elements for SW51
13:29:06: [INFO] Placing additional elements for SW50
13:29:06: [INFO] Placing additional elements for SW49
13:29:06: [INFO] Placing additional elements for SW48
13:29:06: [INFO] Placing additional elements for SW47
13:29:06: [INFO] Placing additional elements for SW46
13:29:06: [INFO] Placing additional elements for SW45
13:29:06: [INFO] Placing additional elements for SW44
13:29:06: [INFO] Placing additional elements for SW43
13:29:06: [INFO] Placing additional elements for SW42
13:29:06: [INFO] Placing additional elements for SW41
13:29:06: [INFO] Placing additional elements for SW40
13:29:06: [INFO] Placing additional elements for SW39a
13:29:06: [INFO] Placing additional elements for SW39
13:29:06: [INFO] Placing additional elements for SW38
13:29:06: [INFO] Placing additional elements for SW37
13:29:06: [INFO] Placing additional elements for SW36
13:29:06: [INFO] Placing additional elements for SW35
13:29:06: [INFO] Placing additional elements for SW34
13:29:06: [INFO] Placing additional elements for SW33
13:29:06: [INFO] Placing additional elements for SW32
13:29:06: [INFO] Placing additional elements for SW31
13:29:06: [INFO] Placing additional elements for SW30
13:29:06: [INFO] Placing additional elements for SW29
13:29:06: [INFO] Placing additional elements for SW28
13:29:06: [INFO] Placing additional elements for SW27
13:29:06: [INFO] Placing additional elements for SW26
13:29:06: [INFO] Placing additional elements for SW25
13:29:06: [INFO] Placing additional elements for SW24
13:29:06: [INFO] Placing additional elements for SW23
13:29:06: [INFO] Placing additional elements for SW22
13:29:06: [INFO] Placing additional elements for SW21
13:29:06: [INFO] Placing additional elements for SW20
13:29:06: [INFO] Placing additional elements for SW19
13:29:06: [INFO] Placing additional elements for SW18a
13:29:06: [INFO] Placing additional elements for SW18
13:29:06: [INFO] Placing additional elements for SW17a
13:29:06: [INFO] Placing additional elements for SW17
13:29:06: [INFO] Placing additional elements for SW16
13:29:06: [INFO] Placing additional elements for SW15
13:29:06: [INFO] Placing additional elements for SW14
13:29:06: [INFO] Placing additional elements for SW13
13:29:06: [INFO] Placing additional elements for SW12
13:29:06: [INFO] Placing additional elements for SW11
13:29:06: [INFO] Placing additional elements for SW10
13:29:06: [INFO] Placing additional elements for SW9
13:29:06: [INFO] Placing additional elements for SW8
13:29:06: [INFO] Placing additional elements for SW7
13:29:06: [INFO] Placing additional elements for SW6
13:29:06: [INFO] Placing additional elements for SW5
13:29:06: [INFO] Placing additional elements for SW4
13:29:06: [INFO] Placing additional elements for SW3
13:29:06: [INFO] Placing additional elements for SW2
13:29:06: [INFO] Placing additional elements for SW1
13:29:06: [INFO] Routing SW84 with D84
13:29:06: [INFO] Using internal autorouter method
13:29:06: [INFO] Routing pad 'SW84:2' at (393065000, 90170000) with pad 'D84:2' at (395605000, 97850000) using coordinate system rotated by 0 degree(s)
13:29:06: [INFO] Adding track segment (B.Cu): [(393065000, 90170000), (393065000, 95310000)]
13:29:06: [INFO] Adding track segment (B.Cu): [(393065000, 95310000), (395605000, 97850000)]
13:29:06: [INFO] Routing SW83a with D83
13:29:06: [INFO] Using internal autorouter method
13:29:06: [INFO] Routing pad 'SW83a:2' at (390683750, 109220000) with pad 'D83:2' at (395605000, 116900000) using coordinate system rotated by 0 degree(s)
13:29:06: [INFO] Routing SW83 with D83
13:29:06: [INFO] Using internal autorouter method
13:29:06: [INFO] Routing pad 'SW83:2' at (393065000, 109220000) with pad 'D83:2' at (395605000, 116900000) using coordinate system rotated by 0 degree(s)
13:29:06: [INFO] Routing SW82a with D82
13:29:06: [INFO] Using internal autorouter method
13:29:06: [INFO] Routing pad 'SW82a:2' at (366871250, 109220000) with pad 'D82:2' at (376555000, 116900000) using coordinate system rotated by 0 degree(s)
13:29:06: [INFO] Routing SW82 with D82
13:29:06: [INFO] Using internal autorouter method
13:29:06: [INFO] Routing pad 'SW82:2' at (374015000, 109220000) with pad 'D82:2' at (376555000, 116900000) using coordinate system rotated by 0 degree(s)
13:29:06: [INFO] Adding track segment (B.Cu): [(374015000, 109220000), (374015000, 114360000)]
13:29:06: [INFO] Adding track segment (B.Cu): [(374015000, 114360000), (376555000, 116900000)]
13:29:06: [INFO] Routing SW81 with D81
13:29:06: [INFO] Using internal autorouter method
13:29:06: [INFO] Routing pad 'SW81:2' at (354965000, 109220000) with pad 'D81:2' at (357505000, 116900000) using coordinate system rotated by 0 degree(s)
13:29:06: [INFO] Adding track segment (B.Cu): [(354965000, 109220000), (354965000, 114360000)]
13:29:06: [INFO] Adding track segment (B.Cu): [(354965000, 114360000), (357505000, 116900000)]
13:29:06: [INFO] Routing SW80a with D80
13:29:06: [INFO] Using internal autorouter method
13:29:06: [INFO] Routing pad 'SW80a:2' at (343058750, 109220000) with pad 'D80:2' at (338455000, 116900000) using coordinate system rotated by 0 degree(s)
13:29:06: [INFO] Routing SW80 with D80
13:29:06: [INFO] Using internal autorouter method
13:29:06: [INFO] Routing pad 'SW80:2' at (335915000, 109220000) with pad 'D80:2' at (338455000, 116900000) using coordinate system rotated by 0 degree(s)
13:29:06: [INFO] Routing SW79a with D79
13:29:06: [INFO] Using internal autorouter method
13:29:06: [INFO] Routing pad 'SW79a:2' at (319246250, 109220000) with pad 'D79:2' at (319405000, 116900000) using coordinate system rotated by 0 degree(s)
13:29:06: [INFO] Routing SW79 with D79
13:29:06: [INFO] Using internal autorouter method
13:29:06: [INFO] Routing pad 'SW79:2' at (316865000, 109220000) with pad 'D79:2' at (319405000, 116900000) using coordinate system rotated by 0 degree(s)
13:29:06: [INFO] Routing SW78 with D78
13:29:06: [INFO] Using internal autorouter method
13:29:06: [INFO] Routing pad 'SW78:2' at (247808750, 109220000) with pad 'D78:2' at (250348750, 116900000) using coordinate system rotated by 0 degree(s)
13:29:06: [INFO] Adding track segment (B.Cu): [(247808750, 109220000), (247808750, 114360000)]
13:29:06: [INFO] Adding track segment (B.Cu): [(247808750, 114360000), (250348750, 116900000)]
13:29:06: [INFO] Routing SW77 with D77
13:29:06: [INFO] Using internal autorouter method
13:29:06: [INFO] Routing pad 'SW77:2' at (176371250, 109220000) with pad 'D77:2' at (178911250, 116900000) using coordinate system rotated by 0 degree(s)
13:29:06: [INFO] Adding track segment (B.Cu): [(176371250, 109220000), (176371250, 114360000)]
13:29:06: [INFO] Adding track segment (B.Cu): [(176371250, 114360000), (178911250, 116900000)]
13:29:06: [INFO] Routing SW76 with D76
13:29:06: [INFO] Using internal autorouter method
13:29:06: [INFO] Routing pad 'SW76:2' at (152558750, 109220000) with pad 'D76:2' at (155098750, 116900000) using coordinate system rotated by 0 degree(s)
13:29:06: [INFO] Adding track segment (B.Cu): [(152558750, 109220000), (152558750, 114360000)]
13:29:06: [INFO] Adding track segment (B.Cu): [(152558750, 114360000), (155098750, 116900000)]
13:29:06: [INFO] Routing SW75 with D75
13:29:06: [INFO] Using internal autorouter method
13:29:06: [INFO] Routing pad 'SW75:2' at (128746250, 109220000) with pad 'D75:2' at (131286250, 116900000) using coordinate system rotated by 0 degree(s)
13:29:06: [INFO] Adding track segment (B.Cu): [(128746250, 109220000), (128746250, 114360000)]
13:29:06: [INFO] Adding track segment (B.Cu): [(128746250, 114360000), (131286250, 116900000)]
13:29:06: [INFO] Routing SW74 with D74
13:29:06: [INFO] Using internal autorouter method
13:29:06: [INFO] Routing pad 'SW74:2' at (97790000, 109220000) with pad 'D74:2' at (100330000, 116900000) using coordinate system rotated by 0 degree(s)
13:29:06: [INFO] Adding track segment (B.Cu): [(97790000, 109220000), (97790000, 114360000)]
13:29:06: [INFO] Adding track segment (B.Cu): [(97790000, 114360000), (100330000, 116900000)]
13:29:06: [INFO] Routing SW73a with D73
13:29:06: [INFO] Using internal autorouter method
13:29:06: [INFO] Routing pad 'SW73a:2' at (78740000, 109220000) with pad 'D73:2' at (71755000, 116900000) using coordinate system rotated by 0 degree(s)
13:29:06: [INFO] Routing SW73 with D73
13:29:06: [INFO] Using internal autorouter method
13:29:06: [INFO] Routing pad 'SW73:2' at (69215000, 109220000) with pad 'D73:2' at (71755000, 116900000) using coordinate system rotated by 0 degree(s)
13:29:06: [INFO] Adding track segment (B.Cu): [(69215000, 109220000), (69215000, 114360000)]
13:29:06: [INFO] Adding track segment (B.Cu): [(69215000, 114360000), (71755000, 116900000)]
13:29:06: [INFO] Routing SW72 with D72
13:29:06: [INFO] Using internal autorouter method
13:29:06: [INFO] Routing pad 'SW72:2' at (50165000, 109220000) with pad 'D72:2' at (52705000, 116900000) using coordinate system rotated by 0 degree(s)
13:29:06: [INFO] Adding track segment (B.Cu): [(50165000, 109220000), (50165000, 114360000)]
13:29:06: [INFO] Adding track segment (B.Cu): [(50165000, 114360000), (52705000, 116900000)]
13:29:06: [INFO] Routing SW71 with D71
13:29:06: [INFO] Using internal autorouter method
13:29:06: [INFO] Routing pad 'SW71:2' at (369252500, 71120000) with pad 'D71:2' at (371792500, 78800000) using coordinate system rotated by 0 degree(s)
13:29:06: [INFO] Adding track segment (B.Cu): [(369252500, 71120000), (369252500, 76260000)]
13:29:06: [INFO] Adding track segment (B.Cu): [(369252500, 76260000), (371792500, 78800000)]
13:29:06: [INFO] Routing SW70b with D70
13:29:06: [INFO] Using internal autorouter method
13:29:06: [INFO] Routing pad 'SW70b:2' at (366871250, 90170000) with pad 'D70:2' at (378936250, 97850000) using coordinate system rotated by 0 degree(s)
13:29:06: [INFO] Routing SW70a with D70
13:29:06: [INFO] Using internal autorouter method
13:29:06: [INFO] Routing pad 'SW70a:2' at (374015000, 90170000) with pad 'D70:2' at (378936250, 97850000) using coordinate system rotated by 0 degree(s)
13:29:06: [INFO] Routing SW70 with D70
13:29:06: [INFO] Using internal autorouter method
13:29:06: [INFO] Routing pad 'SW70:2' at (376396250, 90170000) with pad 'D70:2' at (378936250, 97850000) using coordinate system rotated by 0 degree(s)
13:29:07: [INFO] Routing SW69a with D69
13:29:07: [INFO] Using internal autorouter method
13:29:07: [INFO] Routing pad 'SW69a:2' at (347821250, 90170000) with pad 'D69:2' at (343217500, 97850000) using coordinate system rotated by 0 degree(s)
13:29:07: [INFO] Routing SW69 with D69
13:29:07: [INFO] Using internal autorouter method
13:29:07: [INFO] Routing pad 'SW69:2' at (340677500, 90170000) with pad 'D69:2' at (343217500, 97850000) using coordinate system rotated by 0 degree(s)
13:29:07: [INFO] Routing SW68 with D68
13:29:07: [INFO] Using internal autorouter method
13:29:07: [INFO] Routing pad 'SW68:2' at (321627500, 90170000) with pad 'D68:2' at (324167500, 97850000) using coordinate system rotated by 0 degree(s)
13:29:07: [INFO] Adding track segment (B.Cu): [(321627500, 90170000), (321627500, 95310000)]
13:29:07: [INFO] Adding track segment (B.Cu): [(321627500, 95310000), (324167500, 97850000)]
13:29:07: [INFO] Routing SW67 with D67
13:29:07: [INFO] Using internal autorouter method
13:29:07: [INFO] Routing pad 'SW67:2' at (302577500, 90170000) with pad 'D67:2' at (305117500, 97850000) using coordinate system rotated by 0 degree(s)
13:29:07: [INFO] Adding track segment (B.Cu): [(302577500, 90170000), (302577500, 95310000)]
13:29:07: [INFO] Adding track segment (B.Cu): [(302577500, 95310000), (305117500, 97850000)]
13:29:07: [INFO] Routing SW66 with D66
13:29:07: [INFO] Using internal autorouter method
13:29:07: [INFO] Routing pad 'SW66:2' at (283527500, 90170000) with pad 'D66:2' at (286067500, 97850000) using coordinate system rotated by 0 degree(s)
13:29:07: [INFO] Adding track segment (B.Cu): [(283527500, 90170000), (283527500, 95310000)]
13:29:07: [INFO] Adding track segment (B.Cu): [(283527500, 95310000), (286067500, 97850000)]
13:29:07: [INFO] Routing SW65 with D65
13:29:07: [INFO] Using internal autorouter method
13:29:07: [INFO] Routing pad 'SW65:2' at (264477500, 90170000) with pad 'D65:2' at (267017500, 97850000) using coordinate system rotated by 0 degree(s)
13:29:07: [INFO] Adding track segment (B.Cu): [(264477500, 90170000), (264477500, 95310000)]
13:29:07: [INFO] Adding track segment (B.Cu): [(264477500, 95310000), (267017500, 97850000)]
13:29:07: [INFO] Routing SW64 with D64
13:29:07: [INFO] Using internal autorouter method
13:29:07: [INFO] Routing pad 'SW64:2' at (245427500, 90170000) with pad 'D64:2' at (247967500, 97850000) using coordinate system rotated by 0 degree(s)
13:29:07: [INFO] Adding track segment (B.Cu): [(245427500, 90170000), (245427500, 95310000)]
13:29:07: [INFO] Adding track segment (B.Cu): [(245427500, 95310000), (247967500, 97850000)]
13:29:07: [INFO] Routing SW63 with D63
13:29:07: [INFO] Using internal autorouter method
13:29:07: [INFO] Routing pad 'SW63:2' at (226377500, 90170000) with pad 'D63:2' at (228917500, 97850000) using coordinate system rotated by 0 degree(s)
13:29:07: [INFO] Adding track segment (B.Cu): [(226377500, 90170000), (226377500, 95310000)]
13:29:07: [INFO] Adding track segment (B.Cu): [(226377500, 95310000), (228917500, 97850000)]
13:29:07: [INFO] Routing SW62 with D62
13:29:07: [INFO] Using internal autorouter method
13:29:07: [INFO] Routing pad 'SW62:2' at (207327500, 90170000) with pad 'D62:2' at (209867500, 97850000) using coordinate system rotated by 0 degree(s)
13:29:07: [INFO] Adding track segment (B.Cu): [(207327500, 90170000), (207327500, 95310000)]
13:29:07: [INFO] Adding track segment (B.Cu): [(207327500, 95310000), (209867500, 97850000)]
13:29:07: [INFO] Routing SW61 with D61
13:29:07: [INFO] Using internal autorouter method
13:29:07: [INFO] Routing pad 'SW61:2' at (188277500, 90170000) with pad 'D61:2' at (190817500, 97850000) using coordinate system rotated by 0 degree(s)
13:29:07: [INFO] Adding track segment (B.Cu): [(188277500, 90170000), (188277500, 95310000)]
13:29:07: [INFO] Adding track segment (B.Cu): [(188277500, 95310000), (190817500, 97850000)]
13:29:07: [INFO] Routing SW60 with D60
13:29:07: [INFO] Using internal autorouter method
13:29:07: [INFO] Routing pad 'SW60:2' at (169227500, 90170000) with pad 'D60:2' at (171767500, 97850000) using coordinate system rotated by 0 degree(s)
13:29:07: [INFO] Adding track segment (B.Cu): [(169227500, 90170000), (169227500, 95310000)]
13:29:07: [INFO] Adding track segment (B.Cu): [(169227500, 95310000), (171767500, 97850000)]
13:29:07: [INFO] Routing SW59 with D59
13:29:07: [INFO] Using internal autorouter method
13:29:07: [INFO] Routing pad 'SW59:2' at (150177500, 90170000) with pad 'D59:2' at (152717500, 97850000) using coordinate system rotated by 0 degree(s)
13:29:07: [INFO] Adding track segment (B.Cu): [(150177500, 90170000), (150177500, 95310000)]
13:29:07: [INFO] Adding track segment (B.Cu): [(150177500, 95310000), (152717500, 97850000)]
13:29:07: [INFO] Routing SW58a with D58
13:29:07: [INFO] Using internal autorouter method
13:29:07: [INFO] Routing pad 'SW58a:2' at (128746250, 90170000) with pad 'D58:2' at (140811250, 97850000) using coordinate system rotated by 0 degree(s)
13:29:07: [INFO] Routing SW58 with D58
13:29:07: [INFO] Using internal autorouter method
13:29:07: [INFO] Routing pad 'SW58:2' at (138271250, 90170000) with pad 'D58:2' at (140811250, 97850000) using coordinate system rotated by 0 degree(s)
13:29:07: [INFO] Adding track segment (B.Cu): [(138271250, 90170000), (138271250, 95310000)]
13:29:07: [INFO] Adding track segment (B.Cu): [(138271250, 95310000), (140811250, 97850000)]
13:29:07: [INFO] Routing SW57a with D57
13:29:07: [INFO] Using internal autorouter method
13:29:07: [INFO] Routing pad 'SW57a:2' at (97790000, 99695000) with pad 'D57:2' at (100330000, 97850000) using coordinate system rotated by 0 degree(s)
13:29:07: [INFO] Adding track segment (B.Cu): [(97790000, 99695000), (98485000, 99695000)]
13:29:07: [INFO] Adding track segment (B.Cu): [(98485000, 99695000), (100330000, 97850000)]
13:29:07: [INFO] Routing SW57 with D57
13:29:07: [INFO] Using internal autorouter method
13:29:07: [INFO] Routing pad 'SW57:2' at (97790000, 90170000) with pad 'D57:2' at (100330000, 97850000) using coordinate system rotated by 0 degree(s)
13:29:07: [INFO] Adding track segment (B.Cu): [(97790000, 90170000), (97790000, 95310000)]
13:29:07: [INFO] Adding track segment (B.Cu): [(97790000, 95310000), (100330000, 97850000)]
13:29:07: [INFO] Routing SW56 with D56
13:29:07: [INFO] Using internal autorouter method
13:29:07: [INFO] Routing pad 'SW56:2' at (78740000, 90170000) with pad 'D56:2' at (81280000, 97850000) using coordinate system rotated by 0 degree(s)
13:29:07: [INFO] Adding track segment (B.Cu): [(78740000, 90170000), (78740000, 95310000)]
13:29:07: [INFO] Adding track segment (B.Cu): [(78740000, 95310000), (81280000, 97850000)]
13:29:07: [INFO] Routing SW55 with D55
13:29:07: [INFO] Using internal autorouter method
13:29:07: [INFO] Routing pad 'SW55:2' at (59690000, 90170000) with pad 'D55:2' at (62230000, 97850000) using coordinate system rotated by 0 degree(s)
13:29:07: [INFO] Adding track segment (B.Cu): [(59690000, 90170000), (59690000, 95310000)]
13:29:07: [INFO] Adding track segment (B.Cu): [(59690000, 95310000), (62230000, 97850000)]
13:29:07: [INFO] Routing SW54a with D54
13:29:07: [INFO] Using internal autorouter method
13:29:07: [INFO] Routing pad 'SW54a:2' at (40640000, 90170000) with pad 'D54:2' at (43180000, 107375000) using coordinate system rotated by 0 degree(s)
13:29:07: [INFO] Adding track segment (B.Cu): [(40640000, 90170000), (40640000, 104835000)]
13:29:07: [INFO] Adding track segment (B.Cu): [(40640000, 104835000), (43180000, 107375000)]
13:29:07: [INFO] Routing SW54 with D54
13:29:07: [INFO] Using internal autorouter method
13:29:07: [INFO] Routing pad 'SW54:2' at (40640000, 99695000) with pad 'D54:2' at (43180000, 107375000) using coordinate system rotated by 0 degree(s)
13:29:07: [INFO] Adding track segment (B.Cu): [(40640000, 99695000), (40640000, 104835000)]
13:29:07: [INFO] Adding track segment (B.Cu): [(40640000, 104835000), (43180000, 107375000)]
13:29:07: [INFO] Routing SW53 with D53
13:29:07: [INFO] Using internal autorouter method
13:29:07: [INFO] Routing pad 'SW53:2' at (393065000, 33020000) with pad 'D53:2' at (395605000, 40700000) using coordinate system rotated by 0 degree(s)
13:29:07: [INFO] Adding track segment (B.Cu): [(393065000, 33020000), (393065000, 38160000)]
13:29:07: [INFO] Adding track segment (B.Cu): [(393065000, 38160000), (395605000, 40700000)]
13:29:07: [INFO] Routing SW52a with D52
13:29:07: [INFO] Using internal autorouter method
13:29:07: [INFO] Routing pad 'SW52a:2' at (390683750, 61595000) with pad 'D52:2' at (383698750, 78800000) using coordinate system rotated by 0 degree(s)
13:29:07: [INFO] Routing SW52 with D52
13:29:07: [INFO] Using internal autorouter method
13:29:07: [INFO] Routing pad 'SW52:2' at (381158750, 71120000) with pad 'D52:2' at (383698750, 78800000) using coordinate system rotated by 0 degree(s)
13:29:07: [INFO] Adding track segment (B.Cu): [(381158750, 71120000), (381158750, 76260000)]
13:29:07: [INFO] Adding track segment (B.Cu): [(381158750, 76260000), (383698750, 78800000)]
13:29:07: [INFO] Routing SW51 with D51
13:29:07: [INFO] Using internal autorouter method
13:29:07: [INFO] Routing pad 'SW51:2' at (350202500, 71120000) with pad 'D51:2' at (352742500, 78800000) using coordinate system rotated by 0 degree(s)
13:29:07: [INFO] Adding track segment (B.Cu): [(350202500, 71120000), (350202500, 76260000)]
13:29:07: [INFO] Adding track segment (B.Cu): [(350202500, 76260000), (352742500, 78800000)]
13:29:07: [INFO] Routing SW50 with D50
13:29:07: [INFO] Using internal autorouter method
13:29:07: [INFO] Routing pad 'SW50:2' at (331152500, 71120000) with pad 'D50:2' at (333692500, 78800000) using coordinate system rotated by 0 degree(s)
13:29:07: [INFO] Adding track segment (B.Cu): [(331152500, 71120000), (331152500, 76260000)]
13:29:07: [INFO] Adding track segment (B.Cu): [(331152500, 76260000), (333692500, 78800000)]
13:29:07: [INFO] Routing SW49 with D49
13:29:07: [INFO] Using internal autorouter method
13:29:07: [INFO] Routing pad 'SW49:2' at (312102500, 71120000) with pad 'D49:2' at (314642500, 78800000) using coordinate system rotated by 0 degree(s)
13:29:07: [INFO] Adding track segment (B.Cu): [(312102500, 71120000), (312102500, 76260000)]
13:29:07: [INFO] Adding track segment (B.Cu): [(312102500, 76260000), (314642500, 78800000)]
13:29:07: [INFO] Routing SW48 with D48
13:29:07: [INFO] Using internal autorouter method
13:29:07: [INFO] Routing pad 'SW48:2' at (293052500, 71120000) with pad 'D48:2' at (295592500, 78800000) using coordinate system rotated by 0 degree(s)
13:29:07: [INFO] Adding track segment (B.Cu): [(293052500, 71120000), (293052500, 76260000)]
13:29:07: [INFO] Adding track segment (B.Cu): [(293052500, 76260000), (295592500, 78800000)]
13:29:07: [INFO] Routing SW47 with D47
13:29:07: [INFO] Using internal autorouter method
13:29:07: [INFO] Routing pad 'SW47:2' at (274002500, 71120000) with pad 'D47:2' at (276542500, 78800000) using coordinate system rotated by 0 degree(s)
13:29:07: [INFO] Adding track segment (B.Cu): [(274002500, 71120000), (274002500, 76260000)]
13:29:07: [INFO] Adding track segment (B.Cu): [(274002500, 76260000), (276542500, 78800000)]
13:29:07: [INFO] Routing SW46 with D46
13:29:07: [INFO] Using internal autorouter method
13:29:07: [INFO] Routing pad 'SW46:2' at (254952500, 71120000) with pad 'D46:2' at (257492500, 78800000) using coordinate system rotated by 0 degree(s)
13:29:07: [INFO] Adding track segment (B.Cu): [(254952500, 71120000), (254952500, 76260000)]
13:29:07: [INFO] Adding track segment (B.Cu): [(254952500, 76260000), (257492500, 78800000)]
13:29:07: [INFO] Routing SW45 with D45
13:29:07: [INFO] Using internal autorouter method
13:29:07: [INFO] Routing pad 'SW45:2' at (235902500, 71120000) with pad 'D45:2' at (238442500, 78800000) using coordinate system rotated by 0 degree(s)
13:29:07: [INFO] Adding track segment (B.Cu): [(235902500, 71120000), (235902500, 76260000)]
13:29:07: [INFO] Adding track segment (B.Cu): [(235902500, 76260000), (238442500, 78800000)]
13:29:07: [INFO] Routing SW44 with D44
13:29:07: [INFO] Using internal autorouter method
13:29:07: [INFO] Routing pad 'SW44:2' at (216852500, 71120000) with pad 'D44:2' at (219392500, 78800000) using coordinate system rotated by 0 degree(s)
13:29:07: [INFO] Adding track segment (B.Cu): [(216852500, 71120000), (216852500, 76260000)]
13:29:07: [INFO] Adding track segment (B.Cu): [(216852500, 76260000), (219392500, 78800000)]
13:29:07: [INFO] Routing SW43 with D43
13:29:07: [INFO] Using internal autorouter method
13:29:07: [INFO] Routing pad 'SW43:2' at (197802500, 71120000) with pad 'D43:2' at (200342500, 78800000) using coordinate system rotated by 0 degree(s)
13:29:07: [INFO] Adding track segment (B.Cu): [(197802500, 71120000), (197802500, 76260000)]
13:29:07: [INFO] Adding track segment (B.Cu): [(197802500, 76260000), (200342500, 78800000)]
13:29:07: [INFO] Routing SW42 with D42
13:29:07: [INFO] Using internal autorouter method
13:29:07: [INFO] Routing pad 'SW42:2' at (178752500, 71120000) with pad 'D42:2' at (181292500, 78800000) using coordinate system rotated by 0 degree(s)
13:29:07: [INFO] Adding track segment (B.Cu): [(178752500, 71120000), (178752500, 76260000)]
13:29:07: [INFO] Adding track segment (B.Cu): [(178752500, 76260000), (181292500, 78800000)]
13:29:07: [INFO] Routing SW41 with D41
13:29:07: [INFO] Using internal autorouter method
13:29:07: [INFO] Routing pad 'SW41:2' at (159702500, 71120000) with pad 'D41:2' at (162242500, 78800000) using coordinate system rotated by 0 degree(s)
13:29:07: [INFO] Adding track segment (B.Cu): [(159702500, 71120000), (159702500, 76260000)]
13:29:07: [INFO] Adding track segment (B.Cu): [(159702500, 76260000), (162242500, 78800000)]
13:29:07: [INFO] Routing SW40 with D40
13:29:07: [INFO] Using internal autorouter method
13:29:07: [INFO] Routing pad 'SW40:2' at (133508750, 71120000) with pad 'D40:2' at (136048750, 78800000) using coordinate system rotated by 0 degree(s)
13:29:07: [INFO] Adding track segment (B.Cu): [(133508750, 71120000), (133508750, 76260000)]
13:29:07: [INFO] Adding track segment (B.Cu): [(133508750, 76260000), (136048750, 78800000)]
13:29:07: [INFO] Routing SW39a with D39
13:29:07: [INFO] Using internal autorouter method
13:29:07: [INFO] Routing pad 'SW39a:2' at (97790000, 61595000) with pad 'D39:2' at (100330000, 78800000) using coordinate system rotated by 0 degree(s)
13:29:07: [INFO] Adding track segment (B.Cu): [(97790000, 61595000), (97790000, 76260000)]
13:29:07: [INFO] Adding track segment (B.Cu): [(97790000, 76260000), (100330000, 78800000)]
13:29:07: [INFO] Routing SW39 with D39
13:29:07: [INFO] Using internal autorouter method
13:29:07: [INFO] Routing pad 'SW39:2' at (97790000, 71120000) with pad 'D39:2' at (100330000, 78800000) using coordinate system rotated by 0 degree(s)
13:29:07: [INFO] Adding track segment (B.Cu): [(97790000, 71120000), (97790000, 76260000)]
13:29:07: [INFO] Adding track segment (B.Cu): [(97790000, 76260000), (100330000, 78800000)]
13:29:07: [INFO] Routing SW38 with D38
13:29:07: [INFO] Using internal autorouter method
13:29:07: [INFO] Routing pad 'SW38:2' at (78740000, 71120000) with pad 'D38:2' at (81280000, 78800000) using coordinate system rotated by 0 degree(s)
13:29:07: [INFO] Adding track segment (B.Cu): [(78740000, 71120000), (78740000, 76260000)]
13:29:07: [INFO] Adding track segment (B.Cu): [(78740000, 76260000), (81280000, 78800000)]
13:29:07: [INFO] Routing SW37 with D37
13:29:07: [INFO] Using internal autorouter method
13:29:07: [INFO] Routing pad 'SW37:2' at (59690000, 71120000) with pad 'D37:2' at (62230000, 78800000) using coordinate system rotated by 0 degree(s)
13:29:07: [INFO] Adding track segment (B.Cu): [(59690000, 71120000), (59690000, 76260000)]
13:29:07: [INFO] Adding track segment (B.Cu): [(59690000, 76260000), (62230000, 78800000)]
13:29:07: [INFO] Routing SW36 with D36
13:29:07: [INFO] Using internal autorouter method
13:29:07: [INFO] Routing pad 'SW36:2' at (40640000, 71120000) with pad 'D36:2' at (43180000, 78800000) using coordinate system rotated by 0 degree(s)
13:29:07: [INFO] Adding track segment (B.Cu): [(40640000, 71120000), (40640000, 76260000)]
13:29:07: [INFO] Adding track segment (B.Cu): [(40640000, 76260000), (43180000, 78800000)]
13:29:07: [INFO] Routing SW35 with D35
13:29:07: [INFO] Using internal autorouter method
13:29:07: [INFO] Routing pad 'SW35:2' at (388302500, 52070000) with pad 'D35:2' at (390842500, 59750000) using coordinate system rotated by 0 degree(s)
13:29:07: [INFO] Adding track segment (B.Cu): [(388302500, 52070000), (388302500, 57210000)]
13:29:07: [INFO] Adding track segment (B.Cu): [(388302500, 57210000), (390842500, 59750000)]
13:29:07: [INFO] Routing SW34 with D34
13:29:07: [INFO] Using internal autorouter method
13:29:07: [INFO] Routing pad 'SW34:2' at (364490000, 52070000) with pad 'D34:2' at (367030000, 59750000) using coordinate system rotated by 0 degree(s)
13:29:08: [INFO] Adding track segment (B.Cu): [(364490000, 52070000), (364490000, 57210000)]
13:29:08: [INFO] Adding track segment (B.Cu): [(364490000, 57210000), (367030000, 59750000)]
13:29:08: [INFO] Routing SW33 with D33
13:29:08: [INFO] Using internal autorouter method
13:29:08: [INFO] Routing pad 'SW33:2' at (345440000, 52070000) with pad 'D33:2' at (347980000, 59750000) using coordinate system rotated by 0 degree(s)
13:29:08: [INFO] Adding track segment (B.Cu): [(345440000, 52070000), (345440000, 57210000)]
13:29:08: [INFO] Adding track segment (B.Cu): [(345440000, 57210000), (347980000, 59750000)]
13:29:08: [INFO] Routing SW32 with D32
13:29:08: [INFO] Using internal autorouter method
13:29:08: [INFO] Routing pad 'SW32:2' at (326390000, 52070000) with pad 'D32:2' at (328930000, 59750000) using coordinate system rotated by 0 degree(s)
13:29:08: [INFO] Adding track segment (B.Cu): [(326390000, 52070000), (326390000, 57210000)]
13:29:08: [INFO] Adding track segment (B.Cu): [(326390000, 57210000), (328930000, 59750000)]
13:29:08: [INFO] Routing SW31 with D31
13:29:08: [INFO] Using internal autorouter method
13:29:08: [INFO] Routing pad 'SW31:2' at (307340000, 52070000) with pad 'D31:2' at (309880000, 59750000) using coordinate system rotated by 0 degree(s)
13:29:08: [INFO] Adding track segment (B.Cu): [(307340000, 52070000), (307340000, 57210000)]
13:29:08: [INFO] Adding track segment (B.Cu): [(307340000, 57210000), (309880000, 59750000)]
13:29:08: [INFO] Routing SW30 with D30
13:29:08: [INFO] Using internal autorouter method
13:29:08: [INFO] Routing pad 'SW30:2' at (288290000, 52070000) with pad 'D30:2' at (290830000, 59750000) using coordinate system rotated by 0 degree(s)
13:29:08: [INFO] Adding track segment (B.Cu): [(288290000, 52070000), (288290000, 57210000)]
13:29:08: [INFO] Adding track segment (B.Cu): [(288290000, 57210000), (290830000, 59750000)]
13:29:08: [INFO] Routing SW29 with D29
13:29:08: [INFO] Using internal autorouter method
13:29:08: [INFO] Routing pad 'SW29:2' at (269240000, 52070000) with pad 'D29:2' at (271780000, 59750000) using coordinate system rotated by 0 degree(s)
13:29:08: [INFO] Adding track segment (B.Cu): [(269240000, 52070000), (269240000, 57210000)]
13:29:08: [INFO] Adding track segment (B.Cu): [(269240000, 57210000), (271780000, 59750000)]
13:29:08: [INFO] Routing SW28 with D28
13:29:08: [INFO] Using internal autorouter method
13:29:08: [INFO] Routing pad 'SW28:2' at (250190000, 52070000) with pad 'D28:2' at (252730000, 59750000) using coordinate system rotated by 0 degree(s)
13:29:08: [INFO] Adding track segment (B.Cu): [(250190000, 52070000), (250190000, 57210000)]
13:29:08: [INFO] Adding track segment (B.Cu): [(250190000, 57210000), (252730000, 59750000)]
13:29:08: [INFO] Routing SW27 with D27
13:29:08: [INFO] Using internal autorouter method
13:29:08: [INFO] Routing pad 'SW27:2' at (231140000, 52070000) with pad 'D27:2' at (233680000, 59750000) using coordinate system rotated by 0 degree(s)
13:29:08: [INFO] Adding track segment (B.Cu): [(231140000, 52070000), (231140000, 57210000)]
13:29:08: [INFO] Adding track segment (B.Cu): [(231140000, 57210000), (233680000, 59750000)]
13:29:08: [INFO] Routing SW26 with D26
13:29:08: [INFO] Using internal autorouter method
13:29:08: [INFO] Routing pad 'SW26:2' at (212090000, 52070000) with pad 'D26:2' at (214630000, 59750000) using coordinate system rotated by 0 degree(s)
13:29:08: [INFO] Adding track segment (B.Cu): [(212090000, 52070000), (212090000, 57210000)]
13:29:08: [INFO] Adding track segment (B.Cu): [(212090000, 57210000), (214630000, 59750000)]
13:29:08: [INFO] Routing SW25 with D25
13:29:08: [INFO] Using internal autorouter method
13:29:08: [INFO] Routing pad 'SW25:2' at (193040000, 52070000) with pad 'D25:2' at (195580000, 59750000) using coordinate system rotated by 0 degree(s)
13:29:08: [INFO] Adding track segment (B.Cu): [(193040000, 52070000), (193040000, 57210000)]
13:29:08: [INFO] Adding track segment (B.Cu): [(193040000, 57210000), (195580000, 59750000)]
13:29:08: [INFO] Routing SW24 with D24
13:29:08: [INFO] Using internal autorouter method
13:29:08: [INFO] Routing pad 'SW24:2' at (173990000, 52070000) with pad 'D24:2' at (176530000, 59750000) using coordinate system rotated by 0 degree(s)
13:29:08: [INFO] Adding track segment (B.Cu): [(173990000, 52070000), (173990000, 57210000)]
13:29:08: [INFO] Adding track segment (B.Cu): [(173990000, 57210000), (176530000, 59750000)]
13:29:08: [INFO] Routing SW23 with D23
13:29:08: [INFO] Using internal autorouter method
13:29:08: [INFO] Routing pad 'SW23:2' at (154940000, 52070000) with pad 'D23:2' at (157480000, 59750000) using coordinate system rotated by 0 degree(s)
13:29:08: [INFO] Adding track segment (B.Cu): [(154940000, 52070000), (154940000, 57210000)]
13:29:08: [INFO] Adding track segment (B.Cu): [(154940000, 57210000), (157480000, 59750000)]
13:29:08: [INFO] Routing SW22 with D22
13:29:08: [INFO] Using internal autorouter method
13:29:08: [INFO] Routing pad 'SW22:2' at (131127500, 52070000) with pad 'D22:2' at (133667500, 59750000) using coordinate system rotated by 0 degree(s)
13:29:08: [INFO] Adding track segment (B.Cu): [(131127500, 52070000), (131127500, 57210000)]
13:29:08: [INFO] Adding track segment (B.Cu): [(131127500, 57210000), (133667500, 59750000)]
13:29:08: [INFO] Routing SW21 with D21
13:29:08: [INFO] Using internal autorouter method
13:29:08: [INFO] Routing pad 'SW21:2' at (97790000, 52070000) with pad 'D21:2' at (100330000, 59750000) using coordinate system rotated by 0 degree(s)
13:29:08: [INFO] Adding track segment (B.Cu): [(97790000, 52070000), (97790000, 57210000)]
13:29:08: [INFO] Adding track segment (B.Cu): [(97790000, 57210000), (100330000, 59750000)]
13:29:08: [INFO] Routing SW20 with D20
13:29:08: [INFO] Using internal autorouter method
13:29:08: [INFO] Routing pad 'SW20:2' at (78740000, 52070000) with pad 'D20:2' at (81280000, 59750000) using coordinate system rotated by 0 degree(s)
13:29:08: [INFO] Adding track segment (B.Cu): [(78740000, 52070000), (78740000, 57210000)]
13:29:08: [INFO] Adding track segment (B.Cu): [(78740000, 57210000), (81280000, 59750000)]
13:29:08: [INFO] Routing SW19 with D19
13:29:08: [INFO] Using internal autorouter method
13:29:08: [INFO] Routing pad 'SW19:2' at (59690000, 52070000) with pad 'D19:2' at (62230000, 59750000) using coordinate system rotated by 0 degree(s)
13:29:08: [INFO] Adding track segment (B.Cu): [(59690000, 52070000), (59690000, 57210000)]
13:29:08: [INFO] Adding track segment (B.Cu): [(59690000, 57210000), (62230000, 59750000)]
13:29:08: [INFO] Routing SW18a with D18
13:29:08: [INFO] Using internal autorouter method
13:29:08: [INFO] Routing pad 'SW18a:2' at (40640000, 52070000) with pad 'D18:2' at (43180000, 69275000) using coordinate system rotated by 0 degree(s)
13:29:08: [INFO] Adding track segment (B.Cu): [(40640000, 52070000), (40640000, 66735000)]
13:29:08: [INFO] Adding track segment (B.Cu): [(40640000, 66735000), (43180000, 69275000)]
13:29:08: [INFO] Routing SW18 with D18
13:29:08: [INFO] Using internal autorouter method
13:29:08: [INFO] Routing pad 'SW18:2' at (40640000, 61595000) with pad 'D18:2' at (43180000, 69275000) using coordinate system rotated by 0 degree(s)
13:29:08: [INFO] Adding track segment (B.Cu): [(40640000, 61595000), (40640000, 66735000)]
13:29:08: [INFO] Adding track segment (B.Cu): [(40640000, 66735000), (43180000, 69275000)]
13:29:08: [INFO] Routing SW17a with D17
13:29:08: [INFO] Using internal autorouter method
13:29:08: [INFO] Routing pad 'SW17a:2' at (374015000, 33020000) with pad 'D17:2' at (386080000, 40700000) using coordinate system rotated by 0 degree(s)
13:29:08: [INFO] Routing SW17 with D17
13:29:08: [INFO] Using internal autorouter method
13:29:08: [INFO] Routing pad 'SW17:2' at (383540000, 33020000) with pad 'D17:2' at (386080000, 40700000) using coordinate system rotated by 0 degree(s)
13:29:08: [INFO] Adding track segment (B.Cu): [(383540000, 33020000), (383540000, 38160000)]
13:29:08: [INFO] Adding track segment (B.Cu): [(383540000, 38160000), (386080000, 40700000)]
13:29:08: [INFO] Routing SW16 with D16
13:29:08: [INFO] Using internal autorouter method
13:29:08: [INFO] Routing pad 'SW16:2' at (354965000, 33020000) with pad 'D16:2' at (357505000, 40700000) using coordinate system rotated by 0 degree(s)
13:29:08: [INFO] Adding track segment (B.Cu): [(354965000, 33020000), (354965000, 38160000)]
13:29:08: [INFO] Adding track segment (B.Cu): [(354965000, 38160000), (357505000, 40700000)]
13:29:08: [INFO] Routing SW15 with D15
13:29:08: [INFO] Using internal autorouter method
13:29:08: [INFO] Routing pad 'SW15:2' at (335915000, 33020000) with pad 'D15:2' at (338455000, 40700000) using coordinate system rotated by 0 degree(s)
13:29:08: [INFO] Adding track segment (B.Cu): [(335915000, 33020000), (335915000, 38160000)]
13:29:08: [INFO] Adding track segment (B.Cu): [(335915000, 38160000), (338455000, 40700000)]
13:29:08: [INFO] Routing SW14 with D14
13:29:08: [INFO] Using internal autorouter method
13:29:08: [INFO] Routing pad 'SW14:2' at (316865000, 33020000) with pad 'D14:2' at (319405000, 40700000) using coordinate system rotated by 0 degree(s)
13:29:08: [INFO] Adding track segment (B.Cu): [(316865000, 33020000), (316865000, 38160000)]
13:29:08: [INFO] Adding track segment (B.Cu): [(316865000, 38160000), (319405000, 40700000)]
13:29:08: [INFO] Routing SW13 with D13
13:29:08: [INFO] Using internal autorouter method
13:29:08: [INFO] Routing pad 'SW13:2' at (297815000, 33020000) with pad 'D13:2' at (300355000, 40700000) using coordinate system rotated by 0 degree(s)
13:29:08: [INFO] Adding track segment (B.Cu): [(297815000, 33020000), (297815000, 38160000)]
13:29:08: [INFO] Adding track segment (B.Cu): [(297815000, 38160000), (300355000, 40700000)]
13:29:08: [INFO] Routing SW12 with D12
13:29:08: [INFO] Using internal autorouter method
13:29:08: [INFO] Routing pad 'SW12:2' at (278765000, 33020000) with pad 'D12:2' at (281305000, 40700000) using coordinate system rotated by 0 degree(s)
13:29:08: [INFO] Adding track segment (B.Cu): [(278765000, 33020000), (278765000, 38160000)]
13:29:08: [INFO] Adding track segment (B.Cu): [(278765000, 38160000), (281305000, 40700000)]
13:29:08: [INFO] Routing SW11 with D11
13:29:08: [INFO] Using internal autorouter method
13:29:08: [INFO] Routing pad 'SW11:2' at (259715000, 33020000) with pad 'D11:2' at (262255000, 40700000) using coordinate system rotated by 0 degree(s)
13:29:08: [INFO] Adding track segment (B.Cu): [(259715000, 33020000), (259715000, 38160000)]
13:29:08: [INFO] Adding track segment (B.Cu): [(259715000, 38160000), (262255000, 40700000)]
13:29:08: [INFO] Routing SW10 with D10
13:29:08: [INFO] Using internal autorouter method
13:29:08: [INFO] Routing pad 'SW10:2' at (240665000, 33020000) with pad 'D10:2' at (243205000, 40700000) using coordinate system rotated by 0 degree(s)
13:29:08: [INFO] Adding track segment (B.Cu): [(240665000, 33020000), (240665000, 38160000)]
13:29:08: [INFO] Adding track segment (B.Cu): [(240665000, 38160000), (243205000, 40700000)]
13:29:08: [INFO] Routing SW9 with D9
13:29:08: [INFO] Using internal autorouter method
13:29:08: [INFO] Routing pad 'SW9:2' at (221615000, 33020000) with pad 'D9:2' at (224155000, 40700000) using coordinate system rotated by 0 degree(s)
13:29:08: [INFO] Adding track segment (B.Cu): [(221615000, 33020000), (221615000, 38160000)]
13:29:08: [INFO] Adding track segment (B.Cu): [(221615000, 38160000), (224155000, 40700000)]
13:29:08: [INFO] Routing SW8 with D8
13:29:08: [INFO] Using internal autorouter method
13:29:08: [INFO] Routing pad 'SW8:2' at (202565000, 33020000) with pad 'D8:2' at (205105000, 40700000) using coordinate system rotated by 0 degree(s)
13:29:08: [INFO] Adding track segment (B.Cu): [(202565000, 33020000), (202565000, 38160000)]
13:29:08: [INFO] Adding track segment (B.Cu): [(202565000, 38160000), (205105000, 40700000)]
13:29:08: [INFO] Routing SW7 with D7
13:29:08: [INFO] Using internal autorouter method
13:29:08: [INFO] Routing pad 'SW7:2' at (183515000, 33020000) with pad 'D7:2' at (186055000, 40700000) using coordinate system rotated by 0 degree(s)
13:29:08: [INFO] Adding track segment (B.Cu): [(183515000, 33020000), (183515000, 38160000)]
13:29:08: [INFO] Adding track segment (B.Cu): [(183515000, 38160000), (186055000, 40700000)]
13:29:08: [INFO] Routing SW6 with D6
13:29:08: [INFO] Using internal autorouter method
13:29:08: [INFO] Routing pad 'SW6:2' at (164465000, 33020000) with pad 'D6:2' at (167005000, 40700000) using coordinate system rotated by 0 degree(s)
13:29:08: [INFO] Adding track segment (B.Cu): [(164465000, 33020000), (164465000, 38160000)]
13:29:08: [INFO] Adding track segment (B.Cu): [(164465000, 38160000), (167005000, 40700000)]
13:29:08: [INFO] Routing SW5 with D5
13:29:08: [INFO] Using internal autorouter method
13:29:08: [INFO] Routing pad 'SW5:2' at (145415000, 33020000) with pad 'D5:2' at (147955000, 40700000) using coordinate system rotated by 0 degree(s)
13:29:08: [INFO] Adding track segment (B.Cu): [(145415000, 33020000), (145415000, 38160000)]
13:29:08: [INFO] Adding track segment (B.Cu): [(145415000, 38160000), (147955000, 40700000)]
13:29:08: [INFO] Routing SW4 with D4
13:29:08: [INFO] Using internal autorouter method
13:29:08: [INFO] Routing pad 'SW4:2' at (126365000, 33020000) with pad 'D4:2' at (128905000, 40700000) using coordinate system rotated by 0 degree(s)
13:29:08: [INFO] Adding track segment (B.Cu): [(126365000, 33020000), (126365000, 38160000)]
13:29:08: [INFO] Adding track segment (B.Cu): [(126365000, 38160000), (128905000, 40700000)]
13:29:08: [INFO] Routing SW3 with D3
13:29:08: [INFO] Using internal autorouter method
13:29:08: [INFO] Routing pad 'SW3:2' at (97790000, 33020000) with pad 'D3:2' at (100330000, 40700000) using coordinate system rotated by 0 degree(s)
13:29:08: [INFO] Adding track segment (B.Cu): [(97790000, 33020000), (97790000, 38160000)]
13:29:08: [INFO] Adding track segment (B.Cu): [(97790000, 38160000), (100330000, 40700000)]
13:29:08: [INFO] Routing SW2 with D2
13:29:08: [INFO] Using internal autorouter method
13:29:08: [INFO] Routing pad 'SW2:2' at (78740000, 33020000) with pad 'D2:2' at (81280000, 40700000) using coordinate system rotated by 0 degree(s)
13:29:08: [INFO] Adding track segment (B.Cu): [(78740000, 33020000), (78740000, 38160000)]
13:29:08: [INFO] Adding track segment (B.Cu): [(78740000, 38160000), (81280000, 40700000)]
13:29:08: [INFO] Routing SW1 with D1
13:29:08: [INFO] Using internal autorouter method
13:29:08: [INFO] Routing pad 'SW1:2' at (59690000, 33020000) with pad 'D1:2' at (62230000, 40700000) using coordinate system rotated by 0 degree(s)
13:29:08: [INFO] Adding track segment (B.Cu): [(59690000, 33020000), (59690000, 38160000)]
13:29:08: [INFO] Adding track segment (B.Cu): [(59690000, 38160000), (62230000, 40700000)]
13:29:08: [INFO] Routing COL15 pads
13:29:08: [INFO] Routing pad 'SW69a:1' at (341471250, 92710000) with pad 'SW69:1' at (334327500, 92710000) using coordinate system rotated by 0 degree(s)
13:29:08: [INFO] Adding track segment (F.Cu): [(341471250, 92710000), (334327500, 92710000)]
13:29:08: [INFO] Routing pad 'SW15:1' at (329565000, 35560000) with pad 'SW33:1' at (339090000, 54610000) using coordinate system rotated by 0 degree(s)
13:29:08: [INFO] Adding track segment (F.Cu): [(329565000, 35560000), (329565000, 45085000)]
13:29:08: [INFO] Adding track segment (F.Cu): [(329565000, 45085000), (339090000, 54610000)]
13:29:08: [INFO] Routing pad 'SW51:1' at (343852500, 73660000) with pad 'SW69a:1' at (341471250, 92710000) using coordinate system rotated by 0 degree(s)
13:29:09: [INFO] Adding track segment (F.Cu): [(343852500, 73660000), (343852500, 90328750)]
13:29:09: [INFO] Adding track segment (F.Cu): [(343852500, 90328750), (341471250, 92710000)]
13:29:09: [INFO] Routing pad 'SW33:1' at (339090000, 54610000) with pad 'SW51:1' at (343852500, 73660000) using coordinate system rotated by 0 degree(s)
13:29:09: [INFO] Adding track segment (F.Cu): [(339090000, 54610000), (339090000, 68897500)]
13:29:09: [INFO] Adding track segment (F.Cu): [(339090000, 68897500), (343852500, 73660000)]
13:29:09: [INFO] Routing pad 'SW69a:1' at (341471250, 92710000) with pad 'SW82a:1' at (360521250, 111760000) using coordinate system rotated by 0 degree(s)
13:29:09: [INFO] Routing pad 'SW82a:1' at (360521250, 111760000) with pad 'SW82:1' at (367665000, 111760000) using coordinate system rotated by 0 degree(s)
13:29:09: [INFO] Adding track segment (F.Cu): [(360521250, 111760000), (367665000, 111760000)]
13:29:09: [INFO] Routing ROW2 pads
13:29:09: [INFO] Routing pad 'D36:1' at (43180000, 81600000) with pad 'D37:1' at (62230000, 81600000) using coordinate system rotated by 0 degree(s)
13:29:09: [INFO] Adding track segment (B.Cu): [(43180000, 81600000), (62230000, 81600000)]
13:29:09: [INFO] Routing pad 'D37:1' at (62230000, 81600000) with pad 'D38:1' at (81280000, 81600000) using coordinate system rotated by 0 degree(s)
13:29:09: [INFO] Adding track segment (B.Cu): [(62230000, 81600000), (81280000, 81600000)]
13:29:09: [INFO] Routing pad 'D38:1' at (81280000, 81600000) with pad 'D39:1' at (100330000, 81600000) using coordinate system rotated by 0 degree(s)
13:29:09: [INFO] Adding track segment (B.Cu): [(81280000, 81600000), (100330000, 81600000)]
13:29:09: [INFO] Routing pad 'D39:1' at (100330000, 81600000) with pad 'D40:1' at (136048750, 81600000) using coordinate system rotated by 0 degree(s)
13:29:09: [INFO] Adding track segment (B.Cu): [(100330000, 81600000), (136048750, 81600000)]
13:29:09: [INFO] Routing pad 'D40:1' at (136048750, 81600000) with pad 'D41:1' at (162242500, 81600000) using coordinate system rotated by 0 degree(s)
13:29:09: [INFO] Adding track segment (B.Cu): [(136048750, 81600000), (162242500, 81600000)]
13:29:09: [INFO] Routing pad 'D41:1' at (162242500, 81600000) with pad 'D42:1' at (181292500, 81600000) using coordinate system rotated by 0 degree(s)
13:29:09: [INFO] Adding track segment (B.Cu): [(162242500, 81600000), (181292500, 81600000)]
13:29:09: [INFO] Routing pad 'D42:1' at (181292500, 81600000) with pad 'D43:1' at (200342500, 81600000) using coordinate system rotated by 0 degree(s)
13:29:09: [INFO] Adding track segment (B.Cu): [(181292500, 81600000), (200342500, 81600000)]
13:29:09: [INFO] Routing pad 'D43:1' at (200342500, 81600000) with pad 'D44:1' at (219392500, 81600000) using coordinate system rotated by 0 degree(s)
13:29:09: [INFO] Adding track segment (B.Cu): [(200342500, 81600000), (219392500, 81600000)]
13:29:09: [INFO] Routing pad 'D44:1' at (219392500, 81600000) with pad 'D45:1' at (238442500, 81600000) using coordinate system rotated by 0 degree(s)
13:29:09: [INFO] Adding track segment (B.Cu): [(219392500, 81600000), (238442500, 81600000)]
13:29:09: [INFO] Routing pad 'D45:1' at (238442500, 81600000) with pad 'D46:1' at (257492500, 81600000) using coordinate system rotated by 0 degree(s)
13:29:09: [INFO] Adding track segment (B.Cu): [(238442500, 81600000), (257492500, 81600000)]
13:29:09: [INFO] Routing pad 'D46:1' at (257492500, 81600000) with pad 'D47:1' at (276542500, 81600000) using coordinate system rotated by 0 degree(s)
13:29:09: [INFO] Adding track segment (B.Cu): [(257492500, 81600000), (276542500, 81600000)]
13:29:09: [INFO] Routing pad 'D47:1' at (276542500, 81600000) with pad 'D48:1' at (295592500, 81600000) using coordinate system rotated by 0 degree(s)
13:29:09: [INFO] Adding track segment (B.Cu): [(276542500, 81600000), (295592500, 81600000)]
13:29:09: [INFO] Routing pad 'D48:1' at (295592500, 81600000) with pad 'D49:1' at (314642500, 81600000) using coordinate system rotated by 0 degree(s)
13:29:09: [INFO] Adding track segment (B.Cu): [(295592500, 81600000), (314642500, 81600000)]
13:29:09: [INFO] Routing pad 'D49:1' at (314642500, 81600000) with pad 'D50:1' at (333692500, 81600000) using coordinate system rotated by 0 degree(s)
13:29:09: [INFO] Adding track segment (B.Cu): [(314642500, 81600000), (333692500, 81600000)]
13:29:09: [INFO] Routing pad 'D50:1' at (333692500, 81600000) with pad 'D51:1' at (352742500, 81600000) using coordinate system rotated by 0 degree(s)
13:29:09: [INFO] Adding track segment (B.Cu): [(333692500, 81600000), (352742500, 81600000)]
13:29:09: [INFO] Routing pad 'D51:1' at (352742500, 81600000) with pad 'D52:1' at (383698750, 81600000) using coordinate system rotated by 0 degree(s)
13:29:09: [INFO] Adding track segment (B.Cu): [(352742500, 81600000), (383698750, 81600000)]
13:29:09: [INFO] Could not add track segment due to detected collision
13:29:09: [INFO] Routing pad 'D52:1' at (383698750, 81600000) with pad 'D53:1' at (395605000, 43500000) using coordinate system rotated by 0 degree(s)
13:29:09: [INFO] Routing COL8 pads
13:29:09: [INFO] Routing pad 'SW44:1' at (210502500, 73660000) with pad 'SW62:1' at (200977500, 92710000) using coordinate system rotated by 0 degree(s)
13:29:09: [INFO] Adding track segment (F.Cu): [(210502500, 73660000), (210502500, 83185000)]
13:29:09: [INFO] Adding track segment (F.Cu): [(210502500, 83185000), (200977500, 92710000)]
13:29:09: [INFO] Routing pad 'SW8:1' at (196215000, 35560000) with pad 'SW26:1' at (205740000, 54610000) using coordinate system rotated by 0 degree(s)
13:29:09: [INFO] Adding track segment (F.Cu): [(196215000, 35560000), (196215000, 45085000)]
13:29:09: [INFO] Adding track segment (F.Cu): [(196215000, 45085000), (205740000, 54610000)]
13:29:09: [INFO] Routing pad 'SW26:1' at (205740000, 54610000) with pad 'SW44:1' at (210502500, 73660000) using coordinate system rotated by 0 degree(s)
13:29:09: [INFO] Adding track segment (F.Cu): [(205740000, 54610000), (205740000, 68897500)]
13:29:09: [INFO] Adding track segment (F.Cu): [(205740000, 68897500), (210502500, 73660000)]
13:29:09: [INFO] Routing COL10 pads
13:29:09: [INFO] Routing pad 'SW46:1' at (248602500, 73660000) with pad 'SW64:1' at (239077500, 92710000) using coordinate system rotated by 0 degree(s)
13:29:09: [INFO] Adding track segment (F.Cu): [(248602500, 73660000), (248602500, 83185000)]
13:29:09: [INFO] Adding track segment (F.Cu): [(248602500, 83185000), (239077500, 92710000)]
13:29:09: [INFO] Routing pad 'SW64:1' at (239077500, 92710000) with pad 'SW78:1' at (241458750, 111760000) using coordinate system rotated by 0 degree(s)
13:29:09: [INFO] Adding track segment (F.Cu): [(239077500, 92710000), (239077500, 109378750)]
13:29:09: [INFO] Adding track segment (F.Cu): [(239077500, 109378750), (241458750, 111760000)]
13:29:09: [INFO] Routing pad 'SW10:1' at (234315000, 35560000) with pad 'SW28:1' at (243840000, 54610000) using coordinate system rotated by 0 degree(s)
13:29:09: [INFO] Adding track segment (F.Cu): [(234315000, 35560000), (234315000, 45085000)]
13:29:09: [INFO] Adding track segment (F.Cu): [(234315000, 45085000), (243840000, 54610000)]
13:29:09: [INFO] Routing pad 'SW28:1' at (243840000, 54610000) with pad 'SW46:1' at (248602500, 73660000) using coordinate system rotated by 0 degree(s)
13:29:09: [INFO] Adding track segment (F.Cu): [(243840000, 54610000), (243840000, 68897500)]
13:29:09: [INFO] Adding track segment (F.Cu): [(243840000, 68897500), (248602500, 73660000)]
13:29:09: [INFO] Routing COL6 pads
13:29:09: [INFO] Routing pad 'SW24:1' at (167640000, 54610000) with pad 'SW6:1' at (158115000, 35560000) using coordinate system rotated by 0 degree(s)
13:29:09: [INFO] Adding track segment (F.Cu): [(167640000, 54610000), (158115000, 45085000)]
13:29:09: [INFO] Adding track segment (F.Cu): [(158115000, 45085000), (158115000, 35560000)]
13:29:09: [INFO] Routing pad 'SW76:1' at (146208750, 111760000) with pad 'SW60:1' at (162877500, 92710000) using coordinate system rotated by 0 degree(s)
13:29:09: [INFO] Routing pad 'SW42:1' at (172402500, 73660000) with pad 'SW24:1' at (167640000, 54610000) using coordinate system rotated by 0 degree(s)
13:29:09: [INFO] Adding track segment (F.Cu): [(172402500, 73660000), (167640000, 68897500)]
13:29:09: [INFO] Adding track segment (F.Cu): [(167640000, 68897500), (167640000, 54610000)]
13:29:09: [INFO] Routing pad 'SW60:1' at (162877500, 92710000) with pad 'SW42:1' at (172402500, 73660000) using coordinate system rotated by 0 degree(s)
13:29:09: [INFO] Adding track segment (F.Cu): [(162877500, 92710000), (172402500, 83185000)]
13:29:09: [INFO] Adding track segment (F.Cu): [(172402500, 83185000), (172402500, 73660000)]
13:29:09: [INFO] Routing COL13 pads
13:29:09: [INFO] Routing pad 'SW49:1' at (305752500, 73660000) with pad 'SW67:1' at (296227500, 92710000) using coordinate system rotated by 0 degree(s)
13:29:09: [INFO] Adding track segment (F.Cu): [(305752500, 73660000), (305752500, 83185000)]
13:29:09: [INFO] Adding track segment (F.Cu): [(305752500, 83185000), (296227500, 92710000)]
13:29:09: [INFO] Routing pad 'SW13:1' at (291465000, 35560000) with pad 'SW31:1' at (300990000, 54610000) using coordinate system rotated by 0 degree(s)
13:29:09: [INFO] Adding track segment (F.Cu): [(291465000, 35560000), (291465000, 45085000)]
13:29:09: [INFO] Adding track segment (F.Cu): [(291465000, 45085000), (300990000, 54610000)]
13:29:09: [INFO] Routing pad 'SW31:1' at (300990000, 54610000) with pad 'SW49:1' at (305752500, 73660000) using coordinate system rotated by 0 degree(s)
13:29:09: [INFO] Adding track segment (F.Cu): [(300990000, 54610000), (300990000, 68897500)]
13:29:09: [INFO] Adding track segment (F.Cu): [(300990000, 68897500), (305752500, 73660000)]
13:29:09: [INFO] Routing pad 'SW67:1' at (296227500, 92710000) with pad 'SW80:1' at (329565000, 111760000) using coordinate system rotated by 0 degree(s)
13:29:09: [INFO] Routing pad 'SW80:1' at (329565000, 111760000) with pad 'SW80a:1' at (336708750, 111760000) using coordinate system rotated by 0 degree(s)
13:29:09: [INFO] Adding track segment (F.Cu): [(329565000, 111760000), (336708750, 111760000)]
13:29:09: [INFO] Routing COL4 pads
13:29:09: [INFO] Routing pad 'SW40:1' at (127158750, 73660000) with pad 'SW58a:1' at (122396250, 92710000) using coordinate system rotated by 0 degree(s)
13:29:09: [INFO] Adding track segment (F.Cu): [(127158750, 73660000), (127158750, 87947500)]
13:29:09: [INFO] Adding track segment (F.Cu): [(127158750, 87947500), (122396250, 92710000)]
13:29:09: [INFO] Routing pad 'SW58a:1' at (122396250, 92710000) with pad 'SW75:1' at (122396250, 111760000) using coordinate system rotated by 0 degree(s)
13:29:09: [INFO] Adding track segment (F.Cu): [(122396250, 92710000), (122396250, 111760000)]
13:29:09: [INFO] Could not add track segment due to detected collision
13:29:09: [INFO] Routing pad 'SW4:1' at (120015000, 35560000) with pad 'SW22:1' at (124777500, 54610000) using coordinate system rotated by 0 degree(s)
13:29:09: [INFO] Adding track segment (F.Cu): [(120015000, 35560000), (120015000, 49847500)]
13:29:09: [INFO] Adding track segment (F.Cu): [(120015000, 49847500), (124777500, 54610000)]
13:29:09: [INFO] Routing pad 'SW22:1' at (124777500, 54610000) with pad 'SW40:1' at (127158750, 73660000) using coordinate system rotated by 0 degree(s)
13:29:09: [INFO] Adding track segment (F.Cu): [(124777500, 54610000), (124777500, 71278750)]
13:29:09: [INFO] Adding track segment (F.Cu): [(124777500, 71278750), (127158750, 73660000)]
13:29:09: [INFO] Routing pad 'SW58a:1' at (122396250, 92710000) with pad 'SW58:1' at (131921250, 92710000) using coordinate system rotated by 0 degree(s)
13:29:09: [INFO] Adding track segment (F.Cu): [(122396250, 92710000), (131921250, 92710000)]
13:29:09: [INFO] Routing ROW4 pads
13:29:09: [INFO] Routing pad 'D72:1' at (52705000, 119700000) with pad 'D73:1' at (71755000, 119700000) using coordinate system rotated by 0 degree(s)
13:29:09: [INFO] Adding track segment (B.Cu): [(52705000, 119700000), (71755000, 119700000)]
13:29:09: [INFO] Routing pad 'D73:1' at (71755000, 119700000) with pad 'D74:1' at (100330000, 119700000) using coordinate system rotated by 0 degree(s)
13:29:09: [INFO] Adding track segment (B.Cu): [(71755000, 119700000), (100330000, 119700000)]
13:29:09: [INFO] Routing pad 'D74:1' at (100330000, 119700000) with pad 'D75:1' at (131286250, 119700000) using coordinate system rotated by 0 degree(s)
13:29:09: [INFO] Adding track segment (B.Cu): [(100330000, 119700000), (131286250, 119700000)]
13:29:09: [INFO] Routing pad 'D75:1' at (131286250, 119700000) with pad 'D76:1' at (155098750, 119700000) using coordinate system rotated by 0 degree(s)
13:29:09: [INFO] Adding track segment (B.Cu): [(131286250, 119700000), (155098750, 119700000)]
13:29:09: [INFO] Routing pad 'D76:1' at (155098750, 119700000) with pad 'D77:1' at (178911250, 119700000) using coordinate system rotated by 0 degree(s)
13:29:09: [INFO] Adding track segment (B.Cu): [(155098750, 119700000), (178911250, 119700000)]
13:29:09: [INFO] Routing COL2 pads
13:29:09: [INFO] Routing pad 'SW20:1' at (72390000, 54610000) with pad 'SW2:1' at (72390000, 35560000) using coordinate system rotated by 0 degree(s)
13:29:09: [INFO] Adding track segment (F.Cu): [(72390000, 54610000), (72390000, 35560000)]
13:29:09: [INFO] Routing pad 'SW38:1' at (72390000, 73660000) with pad 'SW20:1' at (72390000, 54610000) using coordinate system rotated by 0 degree(s)
13:29:09: [INFO] Adding track segment (F.Cu): [(72390000, 73660000), (72390000, 54610000)]
13:29:09: [INFO] Routing pad 'SW56:1' at (72390000, 92710000) with pad 'SW38:1' at (72390000, 73660000) using coordinate system rotated by 0 degree(s)
13:29:09: [INFO] Adding track segment (F.Cu): [(72390000, 92710000), (72390000, 73660000)]
13:29:09: [INFO] Routing pad 'SW73a:1' at (72390000, 111760000) with pad 'SW56:1' at (72390000, 92710000) using coordinate system rotated by 0 degree(s)
13:29:09: [INFO] Adding track segment (F.Cu): [(72390000, 111760000), (72390000, 92710000)]
13:29:09: [INFO] Routing pad 'SW73:1' at (62865000, 111760000) with pad 'SW73a:1' at (72390000, 111760000) using coordinate system rotated by 0 degree(s)
13:29:09: [INFO] Adding track segment (F.Cu): [(62865000, 111760000), (72390000, 111760000)]
13:29:09: [INFO] Routing COL1 pads
13:29:09: [INFO] Routing pad 'SW19:1' at (53340000, 54610000) with pad 'SW1:1' at (53340000, 35560000) using coordinate system rotated by 0 degree(s)
13:29:09: [INFO] Adding track segment (F.Cu): [(53340000, 54610000), (53340000, 35560000)]
13:29:09: [INFO] Routing pad 'SW37:1' at (53340000, 73660000) with pad 'SW19:1' at (53340000, 54610000) using coordinate system rotated by 0 degree(s)
13:29:09: [INFO] Adding track segment (F.Cu): [(53340000, 73660000), (53340000, 54610000)]
13:29:09: [INFO] Routing pad 'SW55:1' at (53340000, 92710000) with pad 'SW37:1' at (53340000, 73660000) using coordinate system rotated by 0 degree(s)
13:29:09: [INFO] Adding track segment (F.Cu): [(53340000, 92710000), (53340000, 73660000)]
13:29:09: [INFO] Routing pad 'SW72:1' at (43815000, 111760000) with pad 'SW55:1' at (53340000, 92710000) using coordinate system rotated by 0 degree(s)
13:29:09: [INFO] Adding track segment (F.Cu): [(43815000, 111760000), (53340000, 102235000)]
13:29:09: [INFO] Adding track segment (F.Cu): [(53340000, 102235000), (53340000, 92710000)]
13:29:09: [INFO] Routing ROW3 pads
13:29:09: [INFO] Routing pad 'D54:1' at (43180000, 110175000) with pad 'D55:1' at (62230000, 100650000) using coordinate system rotated by 0 degree(s)
13:29:09: [INFO] Adding track segment (B.Cu): [(43180000, 110175000), (52705000, 100650000)]
13:29:09: [INFO] Adding track segment (B.Cu): [(52705000, 100650000), (62230000, 100650000)]
13:29:09: [INFO] Routing pad 'D55:1' at (62230000, 100650000) with pad 'D56:1' at (81280000, 100650000) using coordinate system rotated by 0 degree(s)
13:29:09: [INFO] Adding track segment (B.Cu): [(62230000, 100650000), (81280000, 100650000)]
13:29:09: [INFO] Routing pad 'D56:1' at (81280000, 100650000) with pad 'D57:1' at (100330000, 100650000) using coordinate system rotated by 0 degree(s)
13:29:09: [INFO] Adding track segment (B.Cu): [(81280000, 100650000), (100330000, 100650000)]
13:29:09: [INFO] Could not add track segment due to detected collision
13:29:09: [INFO] Routing pad 'D57:1' at (100330000, 100650000) with pad 'D58:1' at (140811250, 100650000) using coordinate system rotated by 0 degree(s)
13:29:09: [INFO] Adding track segment (B.Cu): [(100330000, 100650000), (140811250, 100650000)]
13:29:09: [INFO] Routing pad 'D58:1' at (140811250, 100650000) with pad 'D59:1' at (152717500, 100650000) using coordinate system rotated by 0 degree(s)
13:29:09: [INFO] Adding track segment (B.Cu): [(140811250, 100650000), (152717500, 100650000)]
13:29:09: [INFO] Routing pad 'D59:1' at (152717500, 100650000) with pad 'D60:1' at (171767500, 100650000) using coordinate system rotated by 0 degree(s)
13:29:09: [INFO] Adding track segment (B.Cu): [(152717500, 100650000), (171767500, 100650000)]
13:29:09: [INFO] Routing pad 'D60:1' at (171767500, 100650000) with pad 'D61:1' at (190817500, 100650000) using coordinate system rotated by 0 degree(s)
13:29:09: [INFO] Adding track segment (B.Cu): [(171767500, 100650000), (190817500, 100650000)]
13:29:09: [INFO] Routing pad 'D61:1' at (190817500, 100650000) with pad 'D62:1' at (209867500, 100650000) using coordinate system rotated by 0 degree(s)
13:29:09: [INFO] Adding track segment (B.Cu): [(190817500, 100650000), (209867500, 100650000)]
13:29:09: [INFO] Routing pad 'D62:1' at (209867500, 100650000) with pad 'D63:1' at (228917500, 100650000) using coordinate system rotated by 0 degree(s)
13:29:09: [INFO] Adding track segment (B.Cu): [(209867500, 100650000), (228917500, 100650000)]
13:29:09: [INFO] Routing pad 'D63:1' at (228917500, 100650000) with pad 'D64:1' at (247967500, 100650000) using coordinate system rotated by 0 degree(s)
13:29:09: [INFO] Adding track segment (B.Cu): [(228917500, 100650000), (247967500, 100650000)]
13:29:09: [INFO] Routing pad 'D64:1' at (247967500, 100650000) with pad 'D65:1' at (267017500, 100650000) using coordinate system rotated by 0 degree(s)
13:29:09: [INFO] Adding track segment (B.Cu): [(247967500, 100650000), (267017500, 100650000)]
13:29:09: [INFO] Routing pad 'D65:1' at (267017500, 100650000) with pad 'D66:1' at (286067500, 100650000) using coordinate system rotated by 0 degree(s)
13:29:09: [INFO] Adding track segment (B.Cu): [(267017500, 100650000), (286067500, 100650000)]
13:29:09: [INFO] Routing pad 'D66:1' at (286067500, 100650000) with pad 'D67:1' at (305117500, 100650000) using coordinate system rotated by 0 degree(s)
13:29:09: [INFO] Adding track segment (B.Cu): [(286067500, 100650000), (305117500, 100650000)]
13:29:09: [INFO] Routing pad 'D67:1' at (305117500, 100650000) with pad 'D68:1' at (324167500, 100650000) using coordinate system rotated by 0 degree(s)
13:29:09: [INFO] Adding track segment (B.Cu): [(305117500, 100650000), (324167500, 100650000)]
13:29:09: [INFO] Routing pad 'D68:1' at (324167500, 100650000) with pad 'D69:1' at (343217500, 100650000) using coordinate system rotated by 0 degree(s)
13:29:09: [INFO] Adding track segment (B.Cu): [(324167500, 100650000), (343217500, 100650000)]
13:29:09: [INFO] Routing pad 'D69:1' at (343217500, 100650000) with pad 'D71:1' at (371792500, 81600000) using coordinate system rotated by 0 degree(s)
13:29:09: [INFO] Adding track segment (B.Cu): [(343217500, 100650000), (362267500, 81600000)]
13:29:09: [INFO] Adding track segment (B.Cu): [(362267500, 81600000), (371792500, 81600000)]
13:29:09: [INFO] Routing pad 'D71:1' at (371792500, 81600000) with pad 'D70:1' at (378936250, 100650000) using coordinate system rotated by 0 degree(s)
13:29:09: [INFO] Routing COL12 pads
13:29:09: [INFO] Routing pad 'SW48:1' at (286702500, 73660000) with pad 'SW66:1' at (277177500, 92710000) using coordinate system rotated by 0 degree(s)
13:29:10: [INFO] Adding track segment (F.Cu): [(286702500, 73660000), (286702500, 83185000)]
13:29:10: [INFO] Adding track segment (F.Cu): [(286702500, 83185000), (277177500, 92710000)]
13:29:10: [INFO] Routing pad 'SW12:1' at (272415000, 35560000) with pad 'SW30:1' at (281940000, 54610000) using coordinate system rotated by 0 degree(s)
13:29:10: [INFO] Adding track segment (F.Cu): [(272415000, 35560000), (272415000, 45085000)]
13:29:10: [INFO] Adding track segment (F.Cu): [(272415000, 45085000), (281940000, 54610000)]
13:29:10: [INFO] Routing pad 'SW30:1' at (281940000, 54610000) with pad 'SW48:1' at (286702500, 73660000) using coordinate system rotated by 0 degree(s)
13:29:10: [INFO] Adding track segment (F.Cu): [(281940000, 54610000), (281940000, 68897500)]
13:29:10: [INFO] Adding track segment (F.Cu): [(281940000, 68897500), (286702500, 73660000)]
13:29:10: [INFO] Routing pad 'SW66:1' at (277177500, 92710000) with pad 'SW79:1' at (310515000, 111760000) using coordinate system rotated by 0 degree(s)
13:29:10: [INFO] Routing pad 'SW79:1' at (310515000, 111760000) with pad 'SW79a:1' at (312896250, 111760000) using coordinate system rotated by 0 degree(s)
13:29:10: [INFO] Adding track segment (F.Cu): [(310515000, 111760000), (312896250, 111760000)]
13:29:10: [INFO] Routing COL5 pads
13:29:10: [INFO] Routing pad 'SW41:1' at (153352500, 73660000) with pad 'SW59:1' at (143827500, 92710000) using coordinate system rotated by 0 degree(s)
13:29:10: [INFO] Routing pad 'SW5:1' at (139065000, 35560000) with pad 'SW23:1' at (148590000, 54610000) using coordinate system rotated by 0 degree(s)
13:29:10: [INFO] Adding track segment (F.Cu): [(139065000, 35560000), (139065000, 45085000)]
13:29:10: [INFO] Adding track segment (F.Cu): [(139065000, 45085000), (148590000, 54610000)]
13:29:10: [INFO] Routing pad 'SW23:1' at (148590000, 54610000) with pad 'SW41:1' at (153352500, 73660000) using coordinate system rotated by 0 degree(s)
13:29:10: [INFO] Adding track segment (F.Cu): [(148590000, 54610000), (148590000, 68897500)]
13:29:10: [INFO] Adding track segment (F.Cu): [(148590000, 68897500), (153352500, 73660000)]
13:29:10: [INFO] Routing COL14 pads
13:29:10: [INFO] Routing pad 'SW50:1' at (324802500, 73660000) with pad 'SW68:1' at (315277500, 92710000) using coordinate system rotated by 0 degree(s)
13:29:10: [INFO] Adding track segment (F.Cu): [(324802500, 73660000), (324802500, 83185000)]
13:29:10: [INFO] Adding track segment (F.Cu): [(324802500, 83185000), (315277500, 92710000)]
13:29:10: [INFO] Routing pad 'SW14:1' at (310515000, 35560000) with pad 'SW32:1' at (320040000, 54610000) using coordinate system rotated by 0 degree(s)
13:29:10: [INFO] Adding track segment (F.Cu): [(310515000, 35560000), (310515000, 45085000)]
13:29:10: [INFO] Adding track segment (F.Cu): [(310515000, 45085000), (320040000, 54610000)]
13:29:10: [INFO] Routing pad 'SW32:1' at (320040000, 54610000) with pad 'SW50:1' at (324802500, 73660000) using coordinate system rotated by 0 degree(s)
13:29:10: [INFO] Adding track segment (F.Cu): [(320040000, 54610000), (320040000, 68897500)]
13:29:10: [INFO] Adding track segment (F.Cu): [(320040000, 68897500), (324802500, 73660000)]
13:29:10: [INFO] Routing pad 'SW68:1' at (315277500, 92710000) with pad 'SW81:1' at (348615000, 111760000) using coordinate system rotated by 0 degree(s)
13:29:10: [INFO] Routing ROW1 pads
13:29:10: [INFO] Routing pad 'D18:1' at (43180000, 72075000) with pad 'D19:1' at (62230000, 62550000) using coordinate system rotated by 0 degree(s)
13:29:10: [INFO] Adding track segment (B.Cu): [(43180000, 72075000), (52705000, 72075000)]
13:29:10: [INFO] Adding track segment (B.Cu): [(52705000, 72075000), (62230000, 62550000)]
13:29:10: [INFO] Routing pad 'D19:1' at (62230000, 62550000) with pad 'D20:1' at (81280000, 62550000) using coordinate system rotated by 0 degree(s)
13:29:10: [INFO] Adding track segment (B.Cu): [(62230000, 62550000), (81280000, 62550000)]
13:29:10: [INFO] Routing pad 'D20:1' at (81280000, 62550000) with pad 'D21:1' at (100330000, 62550000) using coordinate system rotated by 0 degree(s)
13:29:10: [INFO] Adding track segment (B.Cu): [(81280000, 62550000), (100330000, 62550000)]
13:29:10: [INFO] Could not add track segment due to detected collision
13:29:10: [INFO] Routing pad 'D21:1' at (100330000, 62550000) with pad 'D22:1' at (133667500, 62550000) using coordinate system rotated by 0 degree(s)
13:29:10: [INFO] Adding track segment (B.Cu): [(100330000, 62550000), (133667500, 62550000)]
13:29:10: [INFO] Routing pad 'D22:1' at (133667500, 62550000) with pad 'D23:1' at (157480000, 62550000) using coordinate system rotated by 0 degree(s)
13:29:10: [INFO] Adding track segment (B.Cu): [(133667500, 62550000), (157480000, 62550000)]
13:29:10: [INFO] Routing pad 'D23:1' at (157480000, 62550000) with pad 'D24:1' at (176530000, 62550000) using coordinate system rotated by 0 degree(s)
13:29:10: [INFO] Adding track segment (B.Cu): [(157480000, 62550000), (176530000, 62550000)]
13:29:10: [INFO] Routing pad 'D24:1' at (176530000, 62550000) with pad 'D25:1' at (195580000, 62550000) using coordinate system rotated by 0 degree(s)
13:29:10: [INFO] Adding track segment (B.Cu): [(176530000, 62550000), (195580000, 62550000)]
13:29:10: [INFO] Routing pad 'D25:1' at (195580000, 62550000) with pad 'D26:1' at (214630000, 62550000) using coordinate system rotated by 0 degree(s)
13:29:10: [INFO] Adding track segment (B.Cu): [(195580000, 62550000), (214630000, 62550000)]
13:29:10: [INFO] Routing pad 'D26:1' at (214630000, 62550000) with pad 'D27:1' at (233680000, 62550000) using coordinate system rotated by 0 degree(s)
13:29:10: [INFO] Adding track segment (B.Cu): [(214630000, 62550000), (233680000, 62550000)]
13:29:10: [INFO] Routing pad 'D27:1' at (233680000, 62550000) with pad 'D28:1' at (252730000, 62550000) using coordinate system rotated by 0 degree(s)
13:29:10: [INFO] Adding track segment (B.Cu): [(233680000, 62550000), (252730000, 62550000)]
13:29:10: [INFO] Routing pad 'D28:1' at (252730000, 62550000) with pad 'D29:1' at (271780000, 62550000) using coordinate system rotated by 0 degree(s)
13:29:10: [INFO] Adding track segment (B.Cu): [(252730000, 62550000), (271780000, 62550000)]
13:29:10: [INFO] Routing pad 'D29:1' at (271780000, 62550000) with pad 'D30:1' at (290830000, 62550000) using coordinate system rotated by 0 degree(s)
13:29:10: [INFO] Adding track segment (B.Cu): [(271780000, 62550000), (290830000, 62550000)]
13:29:10: [INFO] Routing pad 'D30:1' at (290830000, 62550000) with pad 'D31:1' at (309880000, 62550000) using coordinate system rotated by 0 degree(s)
13:29:10: [INFO] Adding track segment (B.Cu): [(290830000, 62550000), (309880000, 62550000)]
13:29:10: [INFO] Routing pad 'D31:1' at (309880000, 62550000) with pad 'D32:1' at (328930000, 62550000) using coordinate system rotated by 0 degree(s)
13:29:10: [INFO] Adding track segment (B.Cu): [(309880000, 62550000), (328930000, 62550000)]
13:29:10: [INFO] Routing pad 'D32:1' at (328930000, 62550000) with pad 'D33:1' at (347980000, 62550000) using coordinate system rotated by 0 degree(s)
13:29:10: [INFO] Adding track segment (B.Cu): [(328930000, 62550000), (347980000, 62550000)]
13:29:10: [INFO] Routing pad 'D33:1' at (347980000, 62550000) with pad 'D34:1' at (367030000, 62550000) using coordinate system rotated by 0 degree(s)
13:29:10: [INFO] Adding track segment (B.Cu): [(347980000, 62550000), (367030000, 62550000)]
13:29:10: [INFO] Routing pad 'D34:1' at (367030000, 62550000) with pad 'D35:1' at (390842500, 62550000) using coordinate system rotated by 0 degree(s)
13:29:10: [INFO] Adding track segment (B.Cu): [(367030000, 62550000), (390842500, 62550000)]
13:29:10: [INFO] Could not add track segment due to detected collision
13:29:10: [INFO] Routing COL7 pads
13:29:10: [INFO] Routing pad 'SW25:1' at (186690000, 54610000) with pad 'SW7:1' at (177165000, 35560000) using coordinate system rotated by 0 degree(s)
13:29:10: [INFO] Adding track segment (F.Cu): [(186690000, 54610000), (177165000, 45085000)]
13:29:10: [INFO] Adding track segment (F.Cu): [(177165000, 45085000), (177165000, 35560000)]
13:29:10: [INFO] Routing pad 'SW77:1' at (170021250, 111760000) with pad 'SW61:1' at (181927500, 92710000) using coordinate system rotated by 0 degree(s)
13:29:10: [INFO] Adding track segment (F.Cu): [(170021250, 111760000), (181927500, 99853750)]
13:29:10: [INFO] Adding track segment (F.Cu): [(181927500, 99853750), (181927500, 92710000)]
13:29:10: [INFO] Routing pad 'SW43:1' at (191452500, 73660000) with pad 'SW25:1' at (186690000, 54610000) using coordinate system rotated by 0 degree(s)
13:29:10: [INFO] Adding track segment (F.Cu): [(191452500, 73660000), (186690000, 68897500)]
13:29:10: [INFO] Adding track segment (F.Cu): [(186690000, 68897500), (186690000, 54610000)]
13:29:10: [INFO] Routing pad 'SW61:1' at (181927500, 92710000) with pad 'SW43:1' at (191452500, 73660000) using coordinate system rotated by 0 degree(s)
13:29:10: [INFO] Adding track segment (F.Cu): [(181927500, 92710000), (191452500, 83185000)]
13:29:10: [INFO] Adding track segment (F.Cu): [(191452500, 83185000), (191452500, 73660000)]
13:29:10: [INFO] Routing ROW5 pads
13:29:10: [INFO] Routing pad 'D78:1' at (250348750, 119700000) with pad 'D79:1' at (319405000, 119700000) using coordinate system rotated by 0 degree(s)
13:29:10: [INFO] Adding track segment (B.Cu): [(250348750, 119700000), (319405000, 119700000)]
13:29:10: [INFO] Routing pad 'D79:1' at (319405000, 119700000) with pad 'D80:1' at (338455000, 119700000) using coordinate system rotated by 0 degree(s)
13:29:10: [INFO] Adding track segment (B.Cu): [(319405000, 119700000), (338455000, 119700000)]
13:29:10: [INFO] Routing pad 'D80:1' at (338455000, 119700000) with pad 'D81:1' at (357505000, 119700000) using coordinate system rotated by 0 degree(s)
13:29:10: [INFO] Adding track segment (B.Cu): [(338455000, 119700000), (357505000, 119700000)]
13:29:10: [INFO] Routing pad 'D81:1' at (357505000, 119700000) with pad 'D82:1' at (376555000, 119700000) using coordinate system rotated by 0 degree(s)
13:29:10: [INFO] Adding track segment (B.Cu): [(357505000, 119700000), (376555000, 119700000)]
13:29:10: [INFO] Routing pad 'D83:1' at (395605000, 119700000) with pad 'D84:1' at (395605000, 100650000) using coordinate system rotated by 0 degree(s)
13:29:10: [INFO] Adding track segment (B.Cu): [(395605000, 119700000), (395605000, 100650000)]
13:29:10: [INFO] Could not add track segment due to detected collision
13:29:10: [INFO] Routing pad 'D82:1' at (376555000, 119700000) with pad 'D83:1' at (395605000, 119700000) using coordinate system rotated by 0 degree(s)
13:29:10: [INFO] Adding track segment (B.Cu): [(376555000, 119700000), (395605000, 119700000)]
13:29:10: [INFO] Routing ROW0 pads
13:29:10: [INFO] Routing pad 'D1:1' at (62230000, 43500000) with pad 'D2:1' at (81280000, 43500000) using coordinate system rotated by 0 degree(s)
13:29:10: [INFO] Adding track segment (B.Cu): [(62230000, 43500000), (81280000, 43500000)]
13:29:10: [INFO] Routing pad 'D2:1' at (81280000, 43500000) with pad 'D3:1' at (100330000, 43500000) using coordinate system rotated by 0 degree(s)
13:29:10: [INFO] Adding track segment (B.Cu): [(81280000, 43500000), (100330000, 43500000)]
13:29:10: [INFO] Routing pad 'D3:1' at (100330000, 43500000) with pad 'D4:1' at (128905000, 43500000) using coordinate system rotated by 0 degree(s)
13:29:10: [INFO] Adding track segment (B.Cu): [(100330000, 43500000), (128905000, 43500000)]
13:29:10: [INFO] Routing pad 'D4:1' at (128905000, 43500000) with pad 'D5:1' at (147955000, 43500000) using coordinate system rotated by 0 degree(s)
13:29:10: [INFO] Adding track segment (B.Cu): [(128905000, 43500000), (147955000, 43500000)]
13:29:10: [INFO] Routing pad 'D5:1' at (147955000, 43500000) with pad 'D6:1' at (167005000, 43500000) using coordinate system rotated by 0 degree(s)
13:29:10: [INFO] Adding track segment (B.Cu): [(147955000, 43500000), (167005000, 43500000)]
13:29:10: [INFO] Routing pad 'D6:1' at (167005000, 43500000) with pad 'D7:1' at (186055000, 43500000) using coordinate system rotated by 0 degree(s)
13:29:10: [INFO] Adding track segment (B.Cu): [(167005000, 43500000), (186055000, 43500000)]
13:29:10: [INFO] Routing pad 'D7:1' at (186055000, 43500000) with pad 'D8:1' at (205105000, 43500000) using coordinate system rotated by 0 degree(s)
13:29:10: [INFO] Adding track segment (B.Cu): [(186055000, 43500000), (205105000, 43500000)]
13:29:10: [INFO] Routing pad 'D8:1' at (205105000, 43500000) with pad 'D9:1' at (224155000, 43500000) using coordinate system rotated by 0 degree(s)
13:29:10: [INFO] Adding track segment (B.Cu): [(205105000, 43500000), (224155000, 43500000)]
13:29:10: [INFO] Routing pad 'D9:1' at (224155000, 43500000) with pad 'D10:1' at (243205000, 43500000) using coordinate system rotated by 0 degree(s)
13:29:10: [INFO] Adding track segment (B.Cu): [(224155000, 43500000), (243205000, 43500000)]
13:29:10: [INFO] Routing pad 'D10:1' at (243205000, 43500000) with pad 'D11:1' at (262255000, 43500000) using coordinate system rotated by 0 degree(s)
13:29:10: [INFO] Adding track segment (B.Cu): [(243205000, 43500000), (262255000, 43500000)]
13:29:10: [INFO] Routing pad 'D11:1' at (262255000, 43500000) with pad 'D12:1' at (281305000, 43500000) using coordinate system rotated by 0 degree(s)
13:29:10: [INFO] Adding track segment (B.Cu): [(262255000, 43500000), (281305000, 43500000)]
13:29:10: [INFO] Routing pad 'D12:1' at (281305000, 43500000) with pad 'D13:1' at (300355000, 43500000) using coordinate system rotated by 0 degree(s)
13:29:10: [INFO] Adding track segment (B.Cu): [(281305000, 43500000), (300355000, 43500000)]
13:29:10: [INFO] Routing pad 'D13:1' at (300355000, 43500000) with pad 'D14:1' at (319405000, 43500000) using coordinate system rotated by 0 degree(s)
13:29:10: [INFO] Adding track segment (B.Cu): [(300355000, 43500000), (319405000, 43500000)]
13:29:10: [INFO] Routing pad 'D14:1' at (319405000, 43500000) with pad 'D15:1' at (338455000, 43500000) using coordinate system rotated by 0 degree(s)
13:29:10: [INFO] Adding track segment (B.Cu): [(319405000, 43500000), (338455000, 43500000)]
13:29:10: [INFO] Routing pad 'D15:1' at (338455000, 43500000) with pad 'D16:1' at (357505000, 43500000) using coordinate system rotated by 0 degree(s)
13:29:10: [INFO] Adding track segment (B.Cu): [(338455000, 43500000), (357505000, 43500000)]
13:29:10: [INFO] Routing pad 'D16:1' at (357505000, 43500000) with pad 'D17:1' at (386080000, 43500000) using coordinate system rotated by 0 degree(s)
13:29:10: [INFO] Adding track segment (B.Cu): [(357505000, 43500000), (386080000, 43500000)]
13:29:10: [INFO] Routing COL16 pads
13:29:10: [INFO] Routing pad 'SW16:1' at (348615000, 35560000) with pad 'SW34:1' at (358140000, 54610000) using coordinate system rotated by 0 degree(s)
13:29:10: [INFO] Adding track segment (F.Cu): [(348615000, 35560000), (348615000, 45085000)]
13:29:10: [INFO] Adding track segment (F.Cu): [(348615000, 45085000), (358140000, 54610000)]
13:29:10: [INFO] Routing pad 'SW70a:1' at (367665000, 92710000) with pad 'SW70b:1' at (360521250, 92710000) using coordinate system rotated by 0 degree(s)
13:29:10: [INFO] Adding track segment (F.Cu): [(367665000, 92710000), (360521250, 92710000)]
13:29:10: [INFO] Routing pad 'SW70:1' at (370046250, 92710000) with pad 'SW70a:1' at (367665000, 92710000) using coordinate system rotated by 0 degree(s)
13:29:10: [INFO] Adding track segment (F.Cu): [(370046250, 92710000), (367665000, 92710000)]
13:29:10: [INFO] Routing pad 'SW52:1' at (374808750, 73660000) with pad 'SW70:1' at (370046250, 92710000) using coordinate system rotated by 0 degree(s)
13:29:10: [INFO] Routing pad 'SW34:1' at (358140000, 54610000) with pad 'SW52:1' at (374808750, 73660000) using coordinate system rotated by 0 degree(s)
13:29:10: [INFO] Adding track segment (F.Cu): [(358140000, 54610000), (358140000, 56991250)]
13:29:10: [INFO] Adding track segment (F.Cu): [(358140000, 56991250), (374808750, 73660000)]
13:29:10: [INFO] Routing pad 'SW52:1' at (374808750, 73660000) with pad 'SW52a:1' at (384333750, 64135000) using coordinate system rotated by 0 degree(s)
13:29:10: [INFO] Adding track segment (F.Cu): [(374808750, 73660000), (374808750, 73660000)]
13:29:10: [INFO] Adding track segment (F.Cu): [(374808750, 73660000), (384333750, 64135000)]
13:29:10: [INFO] Routing pad 'SW70:1' at (370046250, 92710000) with pad 'SW83a:1' at (384333750, 111760000) using coordinate system rotated by 0 degree(s)
13:29:10: [INFO] Routing pad 'SW83a:1' at (384333750, 111760000) with pad 'SW83:1' at (386715000, 111760000) using coordinate system rotated by 0 degree(s)
13:29:10: [INFO] Adding track segment (F.Cu): [(384333750, 111760000), (386715000, 111760000)]
13:29:10: [INFO] Routing COL3 pads
13:29:10: [INFO] Routing pad 'SW3:1' at (91440000, 35560000) with pad 'SW21:1' at (91440000, 54610000) using coordinate system rotated by 0 degree(s)
13:29:10: [INFO] Adding track segment (F.Cu): [(91440000, 35560000), (91440000, 54610000)]
13:29:10: [INFO] Routing pad 'SW21:1' at (91440000, 54610000) with pad 'SW39a:1' at (91440000, 64135000) using coordinate system rotated by 0 degree(s)
13:29:10: [INFO] Adding track segment (F.Cu): [(91440000, 54610000), (91440000, 64135000)]
13:29:10: [INFO] Routing pad 'SW39a:1' at (91440000, 64135000) with pad 'SW39:1' at (91440000, 73660000) using coordinate system rotated by 0 degree(s)
13:29:10: [INFO] Adding track segment (F.Cu): [(91440000, 64135000), (91440000, 73660000)]
13:29:11: [INFO] Routing pad 'SW39:1' at (91440000, 73660000) with pad 'SW57:1' at (91440000, 92710000) using coordinate system rotated by 0 degree(s)
13:29:11: [INFO] Adding track segment (F.Cu): [(91440000, 73660000), (91440000, 92710000)]
13:29:11: [INFO] Routing pad 'SW57:1' at (91440000, 92710000) with pad 'SW57a:1' at (91440000, 102235000) using coordinate system rotated by 0 degree(s)
13:29:11: [INFO] Adding track segment (F.Cu): [(91440000, 92710000), (91440000, 102235000)]
13:29:11: [INFO] Routing pad 'SW57a:1' at (91440000, 102235000) with pad 'SW74:1' at (91440000, 111760000) using coordinate system rotated by 0 degree(s)
13:29:11: [INFO] Adding track segment (F.Cu): [(91440000, 102235000), (91440000, 111760000)]
13:29:11: [INFO] Routing COL0 pads
13:29:11: [INFO] Routing pad 'SW18a:1' at (34290000, 54610000) with pad 'SW18:1' at (34290000, 64135000) using coordinate system rotated by 0 degree(s)
13:29:11: [INFO] Adding track segment (F.Cu): [(34290000, 54610000), (34290000, 64135000)]
13:29:11: [INFO] Routing pad 'SW18:1' at (34290000, 64135000) with pad 'SW36:1' at (34290000, 73660000) using coordinate system rotated by 0 degree(s)
13:29:11: [INFO] Adding track segment (F.Cu): [(34290000, 64135000), (34290000, 73660000)]
13:29:11: [INFO] Routing pad 'SW36:1' at (34290000, 73660000) with pad 'SW54a:1' at (34290000, 92710000) using coordinate system rotated by 0 degree(s)
13:29:11: [INFO] Adding track segment (F.Cu): [(34290000, 73660000), (34290000, 92710000)]
13:29:11: [INFO] Routing pad 'SW54a:1' at (34290000, 92710000) with pad 'SW54:1' at (34290000, 102235000) using coordinate system rotated by 0 degree(s)
13:29:11: [INFO] Adding track segment (F.Cu): [(34290000, 92710000), (34290000, 102235000)]
13:29:11: [INFO] Routing COL11 pads
13:29:11: [INFO] Routing pad 'SW47:1' at (267652500, 73660000) with pad 'SW65:1' at (258127500, 92710000) using coordinate system rotated by 0 degree(s)
13:29:11: [INFO] Adding track segment (F.Cu): [(267652500, 73660000), (267652500, 83185000)]
13:29:11: [INFO] Adding track segment (F.Cu): [(267652500, 83185000), (258127500, 92710000)]
13:29:11: [INFO] Routing pad 'SW11:1' at (253365000, 35560000) with pad 'SW29:1' at (262890000, 54610000) using coordinate system rotated by 0 degree(s)
13:29:11: [INFO] Adding track segment (F.Cu): [(253365000, 35560000), (253365000, 45085000)]
13:29:11: [INFO] Adding track segment (F.Cu): [(253365000, 45085000), (262890000, 54610000)]
13:29:11: [INFO] Routing pad 'SW29:1' at (262890000, 54610000) with pad 'SW47:1' at (267652500, 73660000) using coordinate system rotated by 0 degree(s)
13:29:11: [INFO] Adding track segment (F.Cu): [(262890000, 54610000), (262890000, 68897500)]
13:29:11: [INFO] Adding track segment (F.Cu): [(262890000, 68897500), (267652500, 73660000)]
13:29:11: [INFO] Routing COL17 pads
13:29:11: [INFO] Routing pad 'SW17:1' at (377190000, 35560000) with pad 'SW17a:1' at (367665000, 35560000) using coordinate system rotated by 0 degree(s)
13:29:11: [INFO] Adding track segment (F.Cu): [(377190000, 35560000), (367665000, 35560000)]
13:29:11: [INFO] Routing pad 'SW35:1' at (381952500, 54610000) with pad 'SW17:1' at (377190000, 35560000) using coordinate system rotated by 0 degree(s)
13:29:11: [INFO] Routing pad 'SW71:1' at (362902500, 73660000) with pad 'SW35:1' at (381952500, 54610000) using coordinate system rotated by 0 degree(s)
13:29:11: [INFO] Routing pad 'SW17:1' at (377190000, 35560000) with pad 'SW53:1' at (386715000, 35560000) using coordinate system rotated by 0 degree(s)
13:29:11: [INFO] Adding track segment (F.Cu): [(377190000, 35560000), (386715000, 35560000)]
13:29:11: [INFO] Routing pad 'SW71:1' at (362902500, 73660000) with pad 'SW84:1' at (386715000, 92710000) using coordinate system rotated by 0 degree(s)
13:29:11: [INFO] Adding track segment (F.Cu): [(362902500, 73660000), (367665000, 73660000)]
13:29:11: [INFO] Adding track segment (F.Cu): [(367665000, 73660000), (386715000, 92710000)]
13:29:11: [INFO] Routing COL9 pads
13:29:11: [INFO] Routing pad 'SW45:1' at (229552500, 73660000) with pad 'SW63:1' at (220027500, 92710000) using coordinate system rotated by 0 degree(s)
13:29:11: [INFO] Adding track segment (F.Cu): [(229552500, 73660000), (229552500, 83185000)]
13:29:11: [INFO] Adding track segment (F.Cu): [(229552500, 83185000), (220027500, 92710000)]
13:29:11: [INFO] Routing pad 'SW9:1' at (215265000, 35560000) with pad 'SW27:1' at (224790000, 54610000) using coordinate system rotated by 0 degree(s)
13:29:11: [INFO] Adding track segment (F.Cu): [(215265000, 35560000), (215265000, 45085000)]
13:29:11: [INFO] Adding track segment (F.Cu): [(215265000, 45085000), (224790000, 54610000)]
13:29:11: [INFO] Routing pad 'SW27:1' at (224790000, 54610000) with pad 'SW45:1' at (229552500, 73660000) using coordinate system rotated by 0 degree(s)
13:29:11: [INFO] Adding track segment (F.Cu): [(224790000, 54610000), (224790000, 68897500)]
13:29:11: [INFO] Adding track segment (F.Cu): [(224790000, 68897500), (229552500, 73660000)]
13:29:11: [INFO] Removing dangling tracks
13:29:11: [INFO] Removing 8a67a74a-281e-4319-868b-1ca1183edda2
