=== kbplacer.kle_serial ===
=== layout2image.py ===
=== kbplacer ===
13:31:19: [INFO] User layout: https://editor.keyboard-tools.xyz/#share=NrDeCIA9wLgAgIwDoBMBWANHcB3WcAGJAdk2wBN8AXAJwFcBTAXy3AB0A7TzgjBcVrwTcuHIQOy8UInnwnheAZhli5gjABYV4rBADG+cAGIAhmfPy88ImXCV4tRi0kY02tS4Bs7-uuI-5XgAOAPUATlC4CGhrJFsDeGM9ZJTwZwU+AkiMhGFRWV8XBGl81UL9QyNiapr5AGcAW0MaAHsqAH0GPVy09QRlUoQ+FRUGAnAAXQwAKDBwRsNel3HdKHwidFYE7CMU1PShdxWXEpFeY4yBs4wL3i1S84lo9dR4yvMLA9cjwIxvB5uv38ANuGBCIKea1im2w2ySewMXwiEL6WRRRTy11BxR+qxihFeW0qNVqX36KiGx2e0LeiVMHxMSxyGl+CDQrM8kxmcwAni8Ybh8Mg0OlKZC4bsEUyhoVwEMUPIhopFZoVezWENORqMMQVUEVWEVQgLjLZTKFasJQzGawrIg4qK+Mq8fyRdqECz3ersDLOVNZhA7cL0ihAZbKgjEaxQ7LQxbsKHnQnVdHXOL3gz5AALIUO1P-EShqngHPwYOp4GFsNRcASyNM0P61OG1PG+Qx2N8eMVOnWyy5t3J-qQ-EbQfgGOeofeid8LU10evEN-FQx9s61dyf1zIN57CKas9nb19IH2UH+PgA9JiAcaj0ZisA9Tq9pl3wFBIAinsGQu8OB8fxbfdMnkM9zy7dNe0zW0Bx-Yd3zgRQ91fAtRDXJ8N1KNdt2pOBPDiVg+XgABaGxWFLe1xw0FdsMPEs4NYGjK3QwFcPAYi4DIwjsF3aj6LrKV0ho2UaMvGik3AGiXxo708M-b8mN-JTgKk0ClJ6DTu1rDMPn7MsUJEm8oXtAUJRJaomREuSTOQMzdM+JS0M4DDsGYzd+HYvj0kwC5MFlTBTlEA8-IwK5gvo-FuNsO1yIoe8nFYFQaNC+4RBS+RMDcUoMvDOl61gj8fNo9KBIcswmUwcFStC5EasyzIVF8kd8BI5BeF4l5bHsOBHEfbBksirrityJrq3AfztO81h-OMxd7LpCzdRGl9-Jnfy-W5eSeI410iWgvTCqo4qgs4M9IVinaer64rwrOjw8IIjrBVibqEv6ibGtKfyLsY7B-MxUQfvY-EaNhCMpSOxRirS0QRIa5yOHh1Y7WhmaMDquGty2kywZeuBiGKxGxK5ANcf2nY+yOuK7He9JBuMwS9n0pDiuy0rjNR4rqqxxnyptTrXtYa7AKSnKwtJuZQepq66bF0qpyPeFmaOzwicGxWdIOiwZbegDEoG8WWRB-A8cuvXetFw3SpspnUiOlAYcGmy7Ud9HibfGtXeKzHOFkqDKZgwWCQtm75ax9kTfgM2uuFuXrax+dPthv2-gD5X7eDt3-u+cX50DfBs8+nnU-zrXA70p289+oX4v1j7Br9CYgA
13:31:19: [INFO] Labels prefixes: for rows: 'ROW', for columns: 'COL'
13:31:19: [INFO] Matrix size: 5x16
13:31:20: [INFO] Add COL0 net
13:31:20: [INFO] Add COL1 net
13:31:20: [INFO] Add COL10 net
13:31:20: [INFO] Add COL11 net
13:31:20: [INFO] Add COL12 net
13:31:20: [INFO] Add COL13 net
13:31:20: [INFO] Add COL14 net
13:31:20: [INFO] Add COL15 net
13:31:20: [INFO] Add COL16 net
13:31:20: [INFO] Add COL2 net
13:31:20: [INFO] Add COL3 net
13:31:20: [INFO] Add COL4 net
13:31:20: [INFO] Add COL5 net
13:31:20: [INFO] Add COL6 net
13:31:20: [INFO] Add COL7 net
13:31:20: [INFO] Add COL8 net
13:31:20: [INFO] Add COL9 net
13:31:20: [INFO] Add Net-(D1-A) net
13:31:20: [INFO] Add Net-(D10-A) net
13:31:20: [INFO] Add Net-(D11-A) net
13:31:20: [INFO] Add Net-(D12-A) net
13:31:20: [INFO] Add Net-(D13-A) net
13:31:20: [INFO] Add Net-(D14-A) net
13:31:20: [INFO] Add Net-(D15-A) net
13:31:20: [INFO] Add Net-(D16-A) net
13:31:20: [INFO] Add Net-(D17-A) net
13:31:20: [INFO] Add Net-(D18-A) net
13:31:20: [INFO] Add Net-(D19-A) net
13:31:20: [INFO] Add Net-(D2-A) net
13:31:20: [INFO] Add Net-(D20-A) net
13:31:20: [INFO] Add Net-(D21-A) net
13:31:20: [INFO] Add Net-(D22-A) net
13:31:20: [INFO] Add Net-(D23-A) net
13:31:20: [INFO] Add Net-(D24-A) net
13:31:20: [INFO] Add Net-(D25-A) net
13:31:20: [INFO] Add Net-(D26-A) net
13:31:20: [INFO] Add Net-(D27-A) net
13:31:20: [INFO] Add Net-(D28-A) net
13:31:20: [INFO] Add Net-(D29-A) net
13:31:20: [INFO] Add Net-(D3-A) net
13:31:20: [INFO] Add Net-(D30-A) net
13:31:20: [INFO] Add Net-(D31-A) net
13:31:20: [INFO] Add Net-(D32-A) net
13:31:20: [INFO] Add Net-(D33-A) net
13:31:20: [INFO] Add Net-(D34-A) net
13:31:20: [INFO] Add Net-(D35-A) net
13:31:20: [INFO] Add Net-(D36-A) net
13:31:20: [INFO] Add Net-(D37-A) net
13:31:20: [INFO] Add Net-(D38-A) net
13:31:20: [INFO] Add Net-(D39-A) net
13:31:20: [INFO] Add Net-(D4-A) net
13:31:20: [INFO] Add Net-(D40-A) net
13:31:20: [INFO] Add Net-(D41-A) net
13:31:20: [INFO] Add Net-(D42-A) net
13:31:20: [INFO] Add Net-(D43-A) net
13:31:20: [INFO] Add Net-(D44-A) net
13:31:20: [INFO] Add Net-(D45-A) net
13:31:20: [INFO] Add Net-(D46-A) net
13:31:20: [INFO] Add Net-(D47-A) net
13:31:20: [INFO] Add Net-(D48-A) net
13:31:20: [INFO] Add Net-(D49-A) net
13:31:20: [INFO] Add Net-(D5-A) net
13:31:20: [INFO] Add Net-(D50-A) net
13:31:20: [INFO] Add Net-(D51-A) net
13:31:20: [INFO] Add Net-(D52-A) net
13:31:20: [INFO] Add Net-(D53-A) net
13:31:20: [INFO] Add Net-(D54-A) net
13:31:20: [INFO] Add Net-(D55-A) net
13:31:20: [INFO] Add Net-(D56-A) net
13:31:20: [INFO] Add Net-(D57-A) net
13:31:20: [INFO] Add Net-(D58-A) net
13:31:20: [INFO] Add Net-(D59-A) net
13:31:20: [INFO] Add Net-(D6-A) net
13:31:20: [INFO] Add Net-(D60-A) net
13:31:20: [INFO] Add Net-(D61-A) net
13:31:20: [INFO] Add Net-(D62-A) net
13:31:20: [INFO] Add Net-(D63-A) net
13:31:20: [INFO] Add Net-(D64-A) net
13:31:20: [INFO] Add Net-(D65-A) net
13:31:20: [INFO] Add Net-(D66-A) net
13:31:20: [INFO] Add Net-(D67-A) net
13:31:20: [INFO] Add Net-(D68-A) net
13:31:20: [INFO] Add Net-(D69-A) net
13:31:20: [INFO] Add Net-(D7-A) net
13:31:20: [INFO] Add Net-(D70-A) net
13:31:20: [INFO] Add Net-(D71-A) net
13:31:20: [INFO] Add Net-(D72-A) net
13:31:20: [INFO] Add Net-(D73-A) net
13:31:20: [INFO] Add Net-(D74-A) net
13:31:20: [INFO] Add Net-(D75-A) net
13:31:20: [INFO] Add Net-(D76-A) net
13:31:20: [INFO] Add Net-(D77-A) net
13:31:20: [INFO] Add Net-(D78-A) net
13:31:20: [INFO] Add Net-(D79-A) net
13:31:20: [INFO] Add Net-(D8-A) net
13:31:20: [INFO] Add Net-(D80-A) net
13:31:20: [INFO] Add Net-(D81-A) net
13:31:20: [INFO] Add Net-(D82-A) net
13:31:20: [INFO] Add Net-(D83-A) net
13:31:20: [INFO] Add Net-(D84-A) net
13:31:20: [INFO] Add Net-(D85-A) net
13:31:20: [INFO] Add Net-(D86-A) net
13:31:20: [INFO] Add Net-(D87-A) net
13:31:20: [INFO] Add Net-(D88-A) net
13:31:20: [INFO] Add Net-(D89-A) net
13:31:20: [INFO] Add Net-(D9-A) net
13:31:20: [INFO] Add Net-(D90-A) net
13:31:20: [INFO] Add Net-(D91-A) net
13:31:20: [INFO] Add Net-(D92-A) net
13:31:20: [INFO] Add Net-(D93-A) net
13:31:20: [INFO] Add Net-(D94-A) net
13:31:20: [INFO] Add Net-(D95-A) net
13:31:20: [INFO] Add Net-(D96-A) net
13:31:20: [INFO] Add ROW0 net
13:31:20: [INFO] Add ROW1 net
13:31:20: [INFO] Add ROW2 net
13:31:20: [INFO] Add ROW3 net
13:31:20: [INFO] Add ROW4 net
13:31:20: [INFO] Add ROW5 net
13:31:20: [INFO] Add SW1 footprint
13:31:20: [INFO] Add D1 footprint
13:31:20: [INFO] Add SW2 footprint
13:31:20: [INFO] Add D2 footprint
13:31:20: [INFO] Add SW2a footprint
13:31:20: [INFO] Add SW3 footprint
13:31:20: [INFO] Add D3 footprint
13:31:20: [INFO] Add SW3a footprint
13:31:20: [INFO] Add SW4 footprint
13:31:20: [INFO] Add D4 footprint
13:31:20: [INFO] Add SW4a footprint
13:31:20: [INFO] Add SW5 footprint
13:31:20: [INFO] Add D5 footprint
13:31:20: [INFO] Add SW5a footprint
13:31:20: [INFO] Add SW6 footprint
13:31:20: [INFO] Add D6 footprint
13:31:20: [INFO] Add SW7 footprint
13:31:20: [INFO] Add D7 footprint
13:31:20: [INFO] Add SW8 footprint
13:31:20: [INFO] Add D8 footprint
13:31:20: [INFO] Add SW9 footprint
13:31:20: [INFO] Add D9 footprint
13:31:20: [INFO] Add SW10 footprint
13:31:20: [INFO] Add D10 footprint
13:31:20: [INFO] Add SW10a footprint
13:31:20: [INFO] Add SW11 footprint
13:31:21: [INFO] Add D11 footprint
13:31:21: [INFO] Add SW11a footprint
13:31:21: [INFO] Add SW12 footprint
13:31:21: [INFO] Add D12 footprint
13:31:21: [INFO] Add SW12a footprint
13:31:21: [INFO] Add SW13 footprint
13:31:21: [INFO] Add D13 footprint
13:31:21: [INFO] Add SW13a footprint
13:31:21: [INFO] Add SW14 footprint
13:31:21: [INFO] Add D14 footprint
13:31:21: [INFO] Add SW14a footprint
13:31:21: [INFO] Add SW15 footprint
13:31:21: [INFO] Add D15 footprint
13:31:21: [INFO] Add SW16 footprint
13:31:21: [INFO] Add D16 footprint
13:31:21: [INFO] Add SW17 footprint
13:31:21: [INFO] Add D17 footprint
13:31:21: [INFO] Add SW18 footprint
13:31:21: [INFO] Add D18 footprint
13:31:21: [INFO] Add SW19 footprint
13:31:21: [INFO] Add D19 footprint
13:31:21: [INFO] Add SW20 footprint
13:31:21: [INFO] Add D20 footprint
13:31:21: [INFO] Add SW21 footprint
13:31:21: [INFO] Add D21 footprint
13:31:21: [INFO] Add SW22 footprint
13:31:21: [INFO] Add D22 footprint
13:31:21: [INFO] Add SW23 footprint
13:31:21: [INFO] Add D23 footprint
13:31:21: [INFO] Add SW24 footprint
13:31:21: [INFO] Add D24 footprint
13:31:21: [INFO] Add SW25 footprint
13:31:21: [INFO] Add D25 footprint
13:31:22: [INFO] Add SW26 footprint
13:31:22: [INFO] Add D26 footprint
13:31:22: [INFO] Add SW27 footprint
13:31:22: [INFO] Add D27 footprint
13:31:22: [INFO] Add SW28 footprint
13:31:22: [INFO] Add D28 footprint
13:31:22: [INFO] Add SW29 footprint
13:31:22: [INFO] Add D29 footprint
13:31:22: [INFO] Add SW30 footprint
13:31:22: [INFO] Add D30 footprint
13:31:22: [INFO] Add SW31 footprint
13:31:22: [INFO] Add D31 footprint
13:31:22: [INFO] Add SW32 footprint
13:31:22: [INFO] Add D32 footprint
13:31:22: [INFO] Add SW33 footprint
13:31:22: [INFO] Add D33 footprint
13:31:22: [INFO] Add SW34 footprint
13:31:22: [INFO] Add D34 footprint
13:31:22: [INFO] Add SW35 footprint
13:31:22: [INFO] Add D35 footprint
13:31:22: [INFO] Add SW36 footprint
13:31:22: [INFO] Add D36 footprint
13:31:22: [INFO] Add SW37 footprint
13:31:22: [INFO] Add D37 footprint
13:31:22: [INFO] Add SW38 footprint
13:31:22: [INFO] Add D38 footprint
13:31:22: [INFO] Add SW39 footprint
13:31:22: [INFO] Add D39 footprint
13:31:22: [INFO] Add SW40 footprint
13:31:22: [INFO] Add D40 footprint
13:31:22: [INFO] Add SW41 footprint
13:31:22: [INFO] Add D41 footprint
13:31:22: [INFO] Add SW41a footprint
13:31:22: [INFO] Add SW42 footprint
13:31:22: [INFO] Add D42 footprint
13:31:23: [INFO] Add SW42a footprint
13:31:23: [INFO] Add SW43 footprint
13:31:23: [INFO] Add D43 footprint
13:31:23: [INFO] Add SW44 footprint
13:31:23: [INFO] Add D44 footprint
13:31:23: [INFO] Add SW45 footprint
13:31:23: [INFO] Add D45 footprint
13:31:23: [INFO] Add SW46 footprint
13:31:23: [INFO] Add D46 footprint
13:31:23: [INFO] Add SW47 footprint
13:31:23: [INFO] Add D47 footprint
13:31:23: [INFO] Add SW48 footprint
13:31:23: [INFO] Add D48 footprint
13:31:23: [INFO] Add SW49 footprint
13:31:23: [INFO] Add D49 footprint
13:31:23: [INFO] Add SW50 footprint
13:31:23: [INFO] Add D50 footprint
13:31:23: [INFO] Add SW51 footprint
13:31:23: [INFO] Add D51 footprint
13:31:23: [INFO] Add SW52 footprint
13:31:23: [INFO] Add D52 footprint
13:31:23: [INFO] Add SW53 footprint
13:31:23: [INFO] Add D53 footprint
13:31:23: [INFO] Add SW54 footprint
13:31:23: [INFO] Add D54 footprint
13:31:23: [INFO] Add SW55 footprint
13:31:23: [INFO] Add D55 footprint
13:31:23: [INFO] Add SW56 footprint
13:31:23: [INFO] Add D56 footprint
13:31:23: [INFO] Add SW57 footprint
13:31:23: [INFO] Add D57 footprint
13:31:23: [INFO] Add SW58 footprint
13:31:23: [INFO] Add D58 footprint
13:31:23: [INFO] Add SW59 footprint
13:31:24: [INFO] Add D59 footprint
13:31:24: [INFO] Add SW60 footprint
13:31:24: [INFO] Add D60 footprint
13:31:24: [INFO] Add SW61 footprint
13:31:24: [INFO] Add D61 footprint
13:31:24: [INFO] Add SW62 footprint
13:31:24: [INFO] Add D62 footprint
13:31:24: [INFO] Add SW63 footprint
13:31:24: [INFO] Add D63 footprint
13:31:24: [INFO] Add SW64 footprint
13:31:24: [INFO] Add D64 footprint
13:31:24: [INFO] Add SW65 footprint
13:31:24: [INFO] Add D65 footprint
13:31:24: [INFO] Add SW66 footprint
13:31:24: [INFO] Add D66 footprint
13:31:24: [INFO] Add SW67 footprint
13:31:24: [INFO] Add D67 footprint
13:31:24: [INFO] Add SW68 footprint
13:31:24: [INFO] Add D68 footprint
13:31:24: [INFO] Add SW69 footprint
13:31:24: [INFO] Add D69 footprint
13:31:24: [INFO] Add SW70 footprint
13:31:24: [INFO] Add D70 footprint
13:31:24: [INFO] Add SW71 footprint
13:31:24: [INFO] Add D71 footprint
13:31:24: [INFO] Add SW72 footprint
13:31:24: [INFO] Add D72 footprint
13:31:24: [INFO] Add SW72a footprint
13:31:24: [INFO] Add SW73 footprint
13:31:24: [INFO] Add D73 footprint
13:31:24: [INFO] Add SW73a footprint
13:31:24: [INFO] Add SW74 footprint
13:31:24: [INFO] Add D74 footprint
13:31:24: [INFO] Add SW75 footprint
13:31:24: [INFO] Add D75 footprint
13:31:25: [INFO] Add SW76 footprint
13:31:25: [INFO] Add D76 footprint
13:31:25: [INFO] Add SW77 footprint
13:31:25: [INFO] Add D77 footprint
13:31:25: [INFO] Add SW78 footprint
13:31:25: [INFO] Add D78 footprint
13:31:25: [INFO] Add SW79 footprint
13:31:25: [INFO] Add D79 footprint
13:31:25: [INFO] Add SW80 footprint
13:31:25: [INFO] Add D80 footprint
13:31:25: [INFO] Add SW81 footprint
13:31:25: [INFO] Add D81 footprint
13:31:25: [INFO] Add SW82 footprint
13:31:25: [INFO] Add D82 footprint
13:31:25: [INFO] Add SW83 footprint
13:31:25: [INFO] Add D83 footprint
13:31:25: [INFO] Add SW83a footprint
13:31:25: [INFO] Add SW84 footprint
13:31:25: [INFO] Add D84 footprint
13:31:25: [INFO] Add SW85 footprint
13:31:25: [INFO] Add D85 footprint
13:31:25: [INFO] Add SW85a footprint
13:31:25: [INFO] Add ST85a footprint
13:31:25: [INFO] Add SW85b footprint
13:31:25: [INFO] Add SW86 footprint
13:31:25: [INFO] Add D86 footprint
13:31:25: [INFO] Add SW86a footprint
13:31:25: [INFO] Add ST86a footprint
13:31:25: [INFO] Add SW87 footprint
13:31:25: [INFO] Add D87 footprint
13:31:25: [INFO] Add ST87 footprint
13:31:25: [INFO] Add SW88 footprint
13:31:25: [INFO] Add D88 footprint
13:31:25: [INFO] Add SW88a footprint
13:31:25: [INFO] Add ST88a footprint
13:31:25: [INFO] Add SW89 footprint
13:31:25: [INFO] Add D89 footprint
13:31:25: [INFO] Add SW89a footprint
13:31:25: [INFO] Add ST89a footprint
13:31:26: [INFO] Add SW90 footprint
13:31:26: [INFO] Add D90 footprint
13:31:26: [INFO] Add SW91 footprint
13:31:26: [INFO] Add D91 footprint
13:31:26: [INFO] Add SW91a footprint
13:31:26: [INFO] Add SW92 footprint
13:31:26: [INFO] Add D92 footprint
13:31:26: [INFO] Add SW93 footprint
13:31:26: [INFO] Add D93 footprint
13:31:26: [INFO] Add SW94 footprint
13:31:26: [INFO] Add D94 footprint
13:31:26: [INFO] Add SW95 footprint
13:31:26: [INFO] Add D95 footprint
13:31:26: [INFO] Add SW96 footprint
13:31:26: [INFO] Add D96 footprint
13:31:26: [INFO] Detected layout convertible to matrix annotated keyboard
13:31:26: [INFO] Using key 1U distance: (19.05, 19.05) mm
13:31:26: [INFO] Layout offset: (28575000, 28575000)
13:31:26: [INFO] Diode info: [ElementInfo(annotation_format='D{}', position_option=<PositionOption.CUSTOM: 'Custom'>, position=ElementPosition(x=5.08, y=4.0, orientation=90.0, side=<Side.BACK: 'Back'>), template_path='', start_index=-1)]
13:31:26: [INFO] Placing additional elements for SW96
13:31:26: [INFO] Placing additional elements for SW95
13:31:26: [INFO] Placing additional elements for SW94
13:31:26: [INFO] Placing additional elements for SW93
13:31:26: [INFO] Placing additional elements for SW92
13:31:26: [INFO] Placing additional elements for SW91a
13:31:26: [INFO] Placing additional elements for SW91
13:31:26: [INFO] Placing additional elements for SW90
13:31:26: [INFO] Placing additional elements for SW89a
13:31:26: [INFO] Placing additional elements for SW89
13:31:26: [INFO] Placing additional elements for SW88a
13:31:26: [INFO] Placing additional elements for SW88
13:31:26: [INFO] Placing additional elements for SW87
13:31:26: [INFO] Placing additional elements for SW86a
13:31:26: [INFO] Placing additional elements for SW86
13:31:26: [INFO] Placing additional elements for SW85b
13:31:26: [INFO] Placing additional elements for SW85a
13:31:26: [INFO] Placing additional elements for SW85
13:31:26: [INFO] Placing additional elements for SW84
13:31:26: [INFO] Placing additional elements for SW83a
13:31:26: [INFO] Placing additional elements for SW83
13:31:26: [INFO] Placing additional elements for SW82
13:31:26: [INFO] Placing additional elements for SW81
13:31:26: [INFO] Placing additional elements for SW80
13:31:26: [INFO] Placing additional elements for SW79
13:31:26: [INFO] Placing additional elements for SW78
13:31:26: [INFO] Placing additional elements for SW77
13:31:26: [INFO] Placing additional elements for SW76
13:31:26: [INFO] Placing additional elements for SW75
13:31:26: [INFO] Placing additional elements for SW74
13:31:26: [INFO] Placing additional elements for SW73a
13:31:26: [INFO] Placing additional elements for SW73
13:31:26: [INFO] Placing additional elements for SW72a
13:31:26: [INFO] Placing additional elements for SW72
13:31:26: [INFO] Placing additional elements for SW71
13:31:26: [INFO] Placing additional elements for SW70
13:31:26: [INFO] Placing additional elements for SW69
13:31:26: [INFO] Placing additional elements for SW68
13:31:26: [INFO] Placing additional elements for SW67
13:31:26: [INFO] Placing additional elements for SW66
13:31:26: [INFO] Placing additional elements for SW65
13:31:26: [INFO] Placing additional elements for SW64
13:31:26: [INFO] Placing additional elements for SW63
13:31:26: [INFO] Placing additional elements for SW62
13:31:26: [INFO] Placing additional elements for SW61
13:31:26: [INFO] Placing additional elements for SW60
13:31:26: [INFO] Placing additional elements for SW59
13:31:26: [INFO] Placing additional elements for SW58
13:31:26: [INFO] Placing additional elements for SW57
13:31:26: [INFO] Placing additional elements for SW56
13:31:26: [INFO] Placing additional elements for SW55
13:31:26: [INFO] Placing additional elements for SW54
13:31:26: [INFO] Placing additional elements for SW53
13:31:26: [INFO] Placing additional elements for SW52
13:31:26: [INFO] Placing additional elements for SW51
13:31:26: [INFO] Placing additional elements for SW50
13:31:26: [INFO] Placing additional elements for SW49
13:31:26: [INFO] Placing additional elements for SW48
13:31:26: [INFO] Placing additional elements for SW47
13:31:26: [INFO] Placing additional elements for SW46
13:31:26: [INFO] Placing additional elements for SW45
13:31:26: [INFO] Placing additional elements for SW44
13:31:26: [INFO] Placing additional elements for SW43
13:31:26: [INFO] Placing additional elements for SW42a
13:31:26: [INFO] Placing additional elements for SW42
13:31:26: [INFO] Placing additional elements for SW41a
13:31:26: [INFO] Placing additional elements for SW41
13:31:26: [INFO] Placing additional elements for SW40
13:31:26: [INFO] Placing additional elements for SW39
13:31:26: [INFO] Placing additional elements for SW38
13:31:26: [INFO] Placing additional elements for SW37
13:31:26: [INFO] Placing additional elements for SW36
13:31:26: [INFO] Placing additional elements for SW35
13:31:26: [INFO] Placing additional elements for SW34
13:31:26: [INFO] Placing additional elements for SW33
13:31:26: [INFO] Placing additional elements for SW32
13:31:26: [INFO] Placing additional elements for SW31
13:31:26: [INFO] Placing additional elements for SW30
13:31:26: [INFO] Placing additional elements for SW29
13:31:26: [INFO] Placing additional elements for SW28
13:31:26: [INFO] Placing additional elements for SW27
13:31:26: [INFO] Placing additional elements for SW26
13:31:26: [INFO] Placing additional elements for SW25
13:31:26: [INFO] Placing additional elements for SW24
13:31:26: [INFO] Placing additional elements for SW23
13:31:26: [INFO] Placing additional elements for SW22
13:31:26: [INFO] Placing additional elements for SW21
13:31:26: [INFO] Placing additional elements for SW20
13:31:26: [INFO] Placing additional elements for SW19
13:31:26: [INFO] Placing additional elements for SW18
13:31:26: [INFO] Placing additional elements for SW17
13:31:26: [INFO] Placing additional elements for SW16
13:31:26: [INFO] Placing additional elements for SW15
13:31:26: [INFO] Placing additional elements for SW14a
13:31:26: [INFO] Placing additional elements for SW14
13:31:26: [INFO] Placing additional elements for SW13a
13:31:26: [INFO] Placing additional elements for SW13
13:31:26: [INFO] Placing additional elements for SW12a
13:31:26: [INFO] Placing additional elements for SW12
13:31:26: [INFO] Placing additional elements for SW11a
13:31:26: [INFO] Placing additional elements for SW11
13:31:26: [INFO] Placing additional elements for SW10a
13:31:26: [INFO] Placing additional elements for SW10
13:31:26: [INFO] Placing additional elements for SW9
13:31:26: [INFO] Placing additional elements for SW8
13:31:26: [INFO] Placing additional elements for SW7
13:31:26: [INFO] Placing additional elements for SW6
13:31:26: [INFO] Placing additional elements for SW5a
13:31:26: [INFO] Placing additional elements for SW5
13:31:26: [INFO] Placing additional elements for SW4a
13:31:26: [INFO] Placing additional elements for SW4
13:31:26: [INFO] Placing additional elements for SW3a
13:31:26: [INFO] Placing additional elements for SW3
13:31:26: [INFO] Placing additional elements for SW2a
13:31:26: [INFO] Placing additional elements for SW2
13:31:26: [INFO] Placing additional elements for SW1
13:31:26: [INFO] Routing SW96 with D96
13:31:26: [INFO] Using internal autorouter method
13:31:26: [INFO] Routing pad 'SW96:2' at (369252500, 152082500) with pad 'D96:2' at (371792500, 159762500) using coordinate system rotated by 0 degree(s)
13:31:26: [INFO] Adding track segment (B.Cu): [(369252500, 152082500), (369252500, 157222500)]
13:31:26: [INFO] Adding track segment (B.Cu): [(369252500, 157222500), (371792500, 159762500)]
13:31:26: [INFO] Routing SW95 with D95
13:31:26: [INFO] Using internal autorouter method
13:31:26: [INFO] Routing pad 'SW95:2' at (350202500, 152082500) with pad 'D95:2' at (352742500, 159762500) using coordinate system rotated by 0 degree(s)
13:31:26: [INFO] Adding track segment (B.Cu): [(350202500, 152082500), (350202500, 157222500)]
13:31:26: [INFO] Adding track segment (B.Cu): [(350202500, 157222500), (352742500, 159762500)]
13:31:26: [INFO] Routing SW94 with D94
13:31:26: [INFO] Using internal autorouter method
13:31:26: [INFO] Routing pad 'SW94:2' at (331152500, 152082500) with pad 'D94:2' at (333692500, 159762500) using coordinate system rotated by 0 degree(s)
13:31:26: [INFO] Adding track segment (B.Cu): [(331152500, 152082500), (331152500, 157222500)]
13:31:26: [INFO] Adding track segment (B.Cu): [(331152500, 157222500), (333692500, 159762500)]
13:31:26: [INFO] Routing SW93 with D93
13:31:26: [INFO] Using internal autorouter method
13:31:26: [INFO] Routing pad 'SW93:2' at (302577500, 152082500) with pad 'D93:2' at (305117500, 159762500) using coordinate system rotated by 0 degree(s)
13:31:26: [INFO] Adding track segment (B.Cu): [(302577500, 152082500), (302577500, 157222500)]
13:31:26: [INFO] Adding track segment (B.Cu): [(302577500, 157222500), (305117500, 159762500)]
13:31:26: [INFO] Routing SW92 with D92
13:31:26: [INFO] Using internal autorouter method
13:31:26: [INFO] Routing pad 'SW92:2' at (278765000, 152082500) with pad 'D92:2' at (281305000, 159762500) using coordinate system rotated by 0 degree(s)
13:31:26: [INFO] Adding track segment (B.Cu): [(278765000, 152082500), (278765000, 157222500)]
13:31:26: [INFO] Adding track segment (B.Cu): [(278765000, 157222500), (281305000, 159762500)]
13:31:26: [INFO] Routing SW91a with D91
13:31:26: [INFO] Using internal autorouter method
13:31:26: [INFO] Routing pad 'SW91a:2' at (254952500, 152082500) with pad 'D91:2' at (262255000, 159762500) using coordinate system rotated by 0 degree(s)
13:31:26: [INFO] Routing SW91 with D91
13:31:26: [INFO] Using internal autorouter method
13:31:26: [INFO] Routing pad 'SW91:2' at (259715000, 152082500) with pad 'D91:2' at (262255000, 159762500) using coordinate system rotated by 0 degree(s)
13:31:26: [INFO] Adding track segment (B.Cu): [(259715000, 152082500), (259715000, 157222500)]
13:31:26: [INFO] Adding track segment (B.Cu): [(259715000, 157222500), (262255000, 159762500)]
13:31:26: [INFO] Routing SW90 with D90
13:31:26: [INFO] Using internal autorouter method
13:31:26: [INFO] Routing pad 'SW90:2' at (240665000, 152082500) with pad 'D90:2' at (243205000, 159762500) using coordinate system rotated by 0 degree(s)
13:31:26: [INFO] Adding track segment (B.Cu): [(240665000, 152082500), (240665000, 157222500)]
13:31:26: [INFO] Adding track segment (B.Cu): [(240665000, 157222500), (243205000, 159762500)]
13:31:26: [INFO] Routing SW89a with D89
13:31:26: [INFO] Using internal autorouter method
13:31:26: [INFO] Routing pad 'SW89a:2' at (212090000, 152082500) with pad 'D89:2' at (224155000, 159762500) using coordinate system rotated by 0 degree(s)
13:31:26: [INFO] Routing SW89 with D89
13:31:26: [INFO] Using internal autorouter method
13:31:26: [INFO] Routing pad 'SW89:2' at (221615000, 152082500) with pad 'D89:2' at (224155000, 159762500) using coordinate system rotated by 0 degree(s)
13:31:26: [INFO] Routing SW88a with D88
13:31:26: [INFO] Using internal autorouter method
13:31:26: [INFO] Routing pad 'SW88a:2' at (193040000, 152082500) with pad 'D88:2' at (205105000, 159762500) using coordinate system rotated by 0 degree(s)
13:31:26: [INFO] Routing SW88 with D88
13:31:26: [INFO] Using internal autorouter method
13:31:26: [INFO] Routing pad 'SW88:2' at (202565000, 152082500) with pad 'D88:2' at (205105000, 159762500) using coordinate system rotated by 0 degree(s)
13:31:26: [INFO] Adding track segment (B.Cu): [(202565000, 152082500), (202565000, 157222500)]
13:31:26: [INFO] Adding track segment (B.Cu): [(202565000, 157222500), (205105000, 159762500)]
13:31:26: [INFO] Routing SW87 with D87
13:31:26: [INFO] Using internal autorouter method
13:31:26: [INFO] Routing pad 'SW87:2' at (173990000, 152082500) with pad 'D87:2' at (176530000, 159762500) using coordinate system rotated by 0 degree(s)
13:31:26: [INFO] Adding track segment (B.Cu): [(173990000, 152082500), (173990000, 157222500)]
13:31:26: [INFO] Adding track segment (B.Cu): [(173990000, 157222500), (176530000, 159762500)]
13:31:26: [INFO] Routing SW86a with D86
13:31:26: [INFO] Using internal autorouter method
13:31:26: [INFO] Routing pad 'SW86a:2' at (154940000, 152082500) with pad 'D86:2' at (147955000, 159762500) using coordinate system rotated by 0 degree(s)
13:31:27: [INFO] Routing SW86 with D86
13:31:27: [INFO] Using internal autorouter method
13:31:27: [INFO] Routing pad 'SW86:2' at (145415000, 152082500) with pad 'D86:2' at (147955000, 159762500) using coordinate system rotated by 0 degree(s)
13:31:27: [INFO] Adding track segment (B.Cu): [(145415000, 152082500), (145415000, 157222500)]
13:31:27: [INFO] Adding track segment (B.Cu): [(145415000, 157222500), (147955000, 159762500)]
13:31:27: [INFO] Routing SW85b with D85
13:31:27: [INFO] Using internal autorouter method
13:31:27: [INFO] Routing pad 'SW85b:2' at (221615000, 152082500) with pad 'D85:2' at (128905000, 159762500) using coordinate system rotated by 0 degree(s)
13:31:27: [INFO] Routing SW85a with D85
13:31:27: [INFO] Using internal autorouter method
13:31:27: [INFO] Routing pad 'SW85a:2' at (135890000, 152082500) with pad 'D85:2' at (128905000, 159762500) using coordinate system rotated by 0 degree(s)
13:31:27: [INFO] Routing SW85 with D85
13:31:27: [INFO] Using internal autorouter method
13:31:27: [INFO] Routing pad 'SW85:2' at (126365000, 152082500) with pad 'D85:2' at (128905000, 159762500) using coordinate system rotated by 0 degree(s)
13:31:27: [INFO] Adding track segment (B.Cu): [(126365000, 152082500), (126365000, 157222500)]
13:31:27: [INFO] Adding track segment (B.Cu): [(126365000, 157222500), (128905000, 159762500)]
13:31:27: [INFO] Routing SW84 with D84
13:31:27: [INFO] Using internal autorouter method
13:31:27: [INFO] Routing pad 'SW84:2' at (107315000, 152082500) with pad 'D84:2' at (109855000, 159762500) using coordinate system rotated by 0 degree(s)
13:31:27: [INFO] Adding track segment (B.Cu): [(107315000, 152082500), (107315000, 157222500)]
13:31:27: [INFO] Adding track segment (B.Cu): [(107315000, 157222500), (109855000, 159762500)]
13:31:27: [INFO] Routing SW83a with D83
13:31:27: [INFO] Using internal autorouter method
13:31:27: [INFO] Routing pad 'SW83a:2' at (93027500, 152082500) with pad 'D83:2' at (90805000, 159762500) using coordinate system rotated by 0 degree(s)
13:31:27: [INFO] Routing SW83 with D83
13:31:27: [INFO] Using internal autorouter method
13:31:27: [INFO] Routing pad 'SW83:2' at (88265000, 152082500) with pad 'D83:2' at (90805000, 159762500) using coordinate system rotated by 0 degree(s)
13:31:27: [INFO] Routing SW82 with D82
13:31:27: [INFO] Using internal autorouter method
13:31:27: [INFO] Routing pad 'SW82:2' at (69215000, 152082500) with pad 'D82:2' at (71755000, 159762500) using coordinate system rotated by 0 degree(s)
13:31:27: [INFO] Adding track segment (B.Cu): [(69215000, 152082500), (69215000, 157222500)]
13:31:27: [INFO] Adding track segment (B.Cu): [(69215000, 157222500), (71755000, 159762500)]
13:31:27: [INFO] Routing SW81 with D81
13:31:27: [INFO] Using internal autorouter method
13:31:27: [INFO] Routing pad 'SW81:2' at (45402500, 152082500) with pad 'D81:2' at (47942500, 159762500) using coordinate system rotated by 0 degree(s)
13:31:27: [INFO] Adding track segment (B.Cu): [(45402500, 152082500), (45402500, 157222500)]
13:31:27: [INFO] Adding track segment (B.Cu): [(45402500, 157222500), (47942500, 159762500)]
13:31:27: [INFO] Routing SW80 with D80
13:31:27: [INFO] Using internal autorouter method
13:31:27: [INFO] Routing pad 'SW80:2' at (350202500, 133032500) with pad 'D80:2' at (352742500, 140712500) using coordinate system rotated by 0 degree(s)
13:31:27: [INFO] Adding track segment (B.Cu): [(350202500, 133032500), (350202500, 138172500)]
13:31:27: [INFO] Adding track segment (B.Cu): [(350202500, 138172500), (352742500, 140712500)]
13:31:27: [INFO] Routing SW79 with D79
13:31:27: [INFO] Using internal autorouter method
13:31:27: [INFO] Routing pad 'SW79:2' at (302577500, 133032500) with pad 'D79:2' at (305117500, 140712500) using coordinate system rotated by 0 degree(s)
13:31:27: [INFO] Adding track segment (B.Cu): [(302577500, 133032500), (302577500, 138172500)]
13:31:27: [INFO] Adding track segment (B.Cu): [(302577500, 138172500), (305117500, 140712500)]
13:31:27: [INFO] Routing SW78 with D78
13:31:27: [INFO] Using internal autorouter method
13:31:27: [INFO] Routing pad 'SW78:2' at (278765000, 133032500) with pad 'D78:2' at (281305000, 140712500) using coordinate system rotated by 0 degree(s)
13:31:27: [INFO] Adding track segment (B.Cu): [(278765000, 133032500), (278765000, 138172500)]
13:31:27: [INFO] Adding track segment (B.Cu): [(278765000, 138172500), (281305000, 140712500)]
13:31:27: [INFO] Routing SW77 with D77
13:31:27: [INFO] Using internal autorouter method
13:31:27: [INFO] Routing pad 'SW77:2' at (259715000, 133032500) with pad 'D77:2' at (262255000, 140712500) using coordinate system rotated by 0 degree(s)
13:31:27: [INFO] Adding track segment (B.Cu): [(259715000, 133032500), (259715000, 138172500)]
13:31:27: [INFO] Adding track segment (B.Cu): [(259715000, 138172500), (262255000, 140712500)]
13:31:27: [INFO] Routing SW76 with D76
13:31:27: [INFO] Using internal autorouter method
13:31:27: [INFO] Routing pad 'SW76:2' at (240665000, 133032500) with pad 'D76:2' at (243205000, 140712500) using coordinate system rotated by 0 degree(s)
13:31:27: [INFO] Adding track segment (B.Cu): [(240665000, 133032500), (240665000, 138172500)]
13:31:27: [INFO] Adding track segment (B.Cu): [(240665000, 138172500), (243205000, 140712500)]
13:31:27: [INFO] Routing SW75 with D75
13:31:27: [INFO] Using internal autorouter method
13:31:27: [INFO] Routing pad 'SW75:2' at (221615000, 133032500) with pad 'D75:2' at (224155000, 140712500) using coordinate system rotated by 0 degree(s)
13:31:27: [INFO] Adding track segment (B.Cu): [(221615000, 133032500), (221615000, 138172500)]
13:31:27: [INFO] Adding track segment (B.Cu): [(221615000, 138172500), (224155000, 140712500)]
13:31:27: [INFO] Routing SW74 with D74
13:31:27: [INFO] Using internal autorouter method
13:31:27: [INFO] Routing pad 'SW74:2' at (202565000, 133032500) with pad 'D74:2' at (205105000, 140712500) using coordinate system rotated by 0 degree(s)
13:31:27: [INFO] Adding track segment (B.Cu): [(202565000, 133032500), (202565000, 138172500)]
13:31:27: [INFO] Adding track segment (B.Cu): [(202565000, 138172500), (205105000, 140712500)]
13:31:27: [INFO] Routing SW73a with D73
13:31:27: [INFO] Using internal autorouter method
13:31:27: [INFO] Routing pad 'SW73a:2' at (183515000, 133032500) with pad 'D73:2' at (186055000, 135950000) using coordinate system rotated by 0 degree(s)
13:31:27: [INFO] Adding track segment (B.Cu): [(183515000, 133032500), (183515000, 133410000)]
13:31:27: [INFO] Adding track segment (B.Cu): [(183515000, 133410000), (186055000, 135950000)]
13:31:27: [INFO] Routing SW73 with D73
13:31:27: [INFO] Using internal autorouter method
13:31:27: [INFO] Routing pad 'SW73:2' at (183515000, 128270000) with pad 'D73:2' at (186055000, 135950000) using coordinate system rotated by 0 degree(s)
13:31:27: [INFO] Adding track segment (B.Cu): [(183515000, 128270000), (183515000, 133410000)]
13:31:27: [INFO] Adding track segment (B.Cu): [(183515000, 133410000), (186055000, 135950000)]
13:31:27: [INFO] Routing SW72a with D72
13:31:27: [INFO] Using internal autorouter method
13:31:27: [INFO] Routing pad 'SW72a:2' at (164465000, 133032500) with pad 'D72:2' at (167005000, 135950000) using coordinate system rotated by 0 degree(s)
13:31:27: [INFO] Adding track segment (B.Cu): [(164465000, 133032500), (164465000, 133410000)]
13:31:27: [INFO] Adding track segment (B.Cu): [(164465000, 133410000), (167005000, 135950000)]
13:31:27: [INFO] Routing SW72 with D72
13:31:27: [INFO] Using internal autorouter method
13:31:27: [INFO] Routing pad 'SW72:2' at (164465000, 128270000) with pad 'D72:2' at (167005000, 135950000) using coordinate system rotated by 0 degree(s)
13:31:27: [INFO] Adding track segment (B.Cu): [(164465000, 128270000), (164465000, 133410000)]
13:31:27: [INFO] Adding track segment (B.Cu): [(164465000, 133410000), (167005000, 135950000)]
13:31:27: [INFO] Routing SW71 with D71
13:31:27: [INFO] Using internal autorouter method
13:31:27: [INFO] Routing pad 'SW71:2' at (145415000, 133032500) with pad 'D71:2' at (147955000, 140712500) using coordinate system rotated by 0 degree(s)
13:31:27: [INFO] Adding track segment (B.Cu): [(145415000, 133032500), (145415000, 138172500)]
13:31:27: [INFO] Adding track segment (B.Cu): [(145415000, 138172500), (147955000, 140712500)]
13:31:27: [INFO] Routing SW70 with D70
13:31:27: [INFO] Using internal autorouter method
13:31:27: [INFO] Routing pad 'SW70:2' at (126365000, 133032500) with pad 'D70:2' at (128905000, 140712500) using coordinate system rotated by 0 degree(s)
13:31:27: [INFO] Adding track segment (B.Cu): [(126365000, 133032500), (126365000, 138172500)]
13:31:27: [INFO] Adding track segment (B.Cu): [(126365000, 138172500), (128905000, 140712500)]
13:31:27: [INFO] Routing SW69 with D69
13:31:27: [INFO] Using internal autorouter method
13:31:27: [INFO] Routing pad 'SW69:2' at (107315000, 133032500) with pad 'D69:2' at (109855000, 140712500) using coordinate system rotated by 0 degree(s)
13:31:27: [INFO] Adding track segment (B.Cu): [(107315000, 133032500), (107315000, 138172500)]
13:31:27: [INFO] Adding track segment (B.Cu): [(107315000, 138172500), (109855000, 140712500)]
13:31:27: [INFO] Routing SW68 with D68
13:31:27: [INFO] Using internal autorouter method
13:31:27: [INFO] Routing pad 'SW68:2' at (88265000, 133032500) with pad 'D68:2' at (90805000, 140712500) using coordinate system rotated by 0 degree(s)
13:31:27: [INFO] Adding track segment (B.Cu): [(88265000, 133032500), (88265000, 138172500)]
13:31:27: [INFO] Adding track segment (B.Cu): [(88265000, 138172500), (90805000, 140712500)]
13:31:27: [INFO] Routing SW67 with D67
13:31:27: [INFO] Using internal autorouter method
13:31:27: [INFO] Routing pad 'SW67:2' at (69215000, 133032500) with pad 'D67:2' at (71755000, 140712500) using coordinate system rotated by 0 degree(s)
13:31:27: [INFO] Adding track segment (B.Cu): [(69215000, 133032500), (69215000, 138172500)]
13:31:27: [INFO] Adding track segment (B.Cu): [(69215000, 138172500), (71755000, 140712500)]
13:31:27: [INFO] Routing SW66 with D66
13:31:27: [INFO] Using internal autorouter method
13:31:27: [INFO] Routing pad 'SW66:2' at (45402500, 133032500) with pad 'D66:2' at (47942500, 140712500) using coordinate system rotated by 0 degree(s)
13:31:27: [INFO] Adding track segment (B.Cu): [(45402500, 133032500), (45402500, 138172500)]
13:31:27: [INFO] Adding track segment (B.Cu): [(45402500, 138172500), (47942500, 140712500)]
13:31:27: [INFO] Routing SW65 with D65
13:31:27: [INFO] Using internal autorouter method
13:31:27: [INFO] Routing pad 'SW65:2' at (302577500, 113982500) with pad 'D65:2' at (305117500, 121662500) using coordinate system rotated by 0 degree(s)
13:31:27: [INFO] Adding track segment (B.Cu): [(302577500, 113982500), (302577500, 119122500)]
13:31:27: [INFO] Adding track segment (B.Cu): [(302577500, 119122500), (305117500, 121662500)]
13:31:27: [INFO] Routing SW64 with D64
13:31:27: [INFO] Using internal autorouter method
13:31:27: [INFO] Routing pad 'SW64:2' at (278765000, 113982500) with pad 'D64:2' at (281305000, 121662500) using coordinate system rotated by 0 degree(s)
13:31:27: [INFO] Adding track segment (B.Cu): [(278765000, 113982500), (278765000, 119122500)]
13:31:27: [INFO] Adding track segment (B.Cu): [(278765000, 119122500), (281305000, 121662500)]
13:31:27: [INFO] Routing SW63 with D63
13:31:27: [INFO] Using internal autorouter method
13:31:27: [INFO] Routing pad 'SW63:2' at (259715000, 113982500) with pad 'D63:2' at (262255000, 121662500) using coordinate system rotated by 0 degree(s)
13:31:27: [INFO] Adding track segment (B.Cu): [(259715000, 113982500), (259715000, 119122500)]
13:31:27: [INFO] Adding track segment (B.Cu): [(259715000, 119122500), (262255000, 121662500)]
13:31:27: [INFO] Routing SW62 with D62
13:31:27: [INFO] Using internal autorouter method
13:31:27: [INFO] Routing pad 'SW62:2' at (240665000, 113982500) with pad 'D62:2' at (243205000, 121662500) using coordinate system rotated by 0 degree(s)
13:31:27: [INFO] Adding track segment (B.Cu): [(240665000, 113982500), (240665000, 119122500)]
13:31:27: [INFO] Adding track segment (B.Cu): [(240665000, 119122500), (243205000, 121662500)]
13:31:27: [INFO] Routing SW61 with D61
13:31:27: [INFO] Using internal autorouter method
13:31:27: [INFO] Routing pad 'SW61:2' at (221615000, 113982500) with pad 'D61:2' at (224155000, 121662500) using coordinate system rotated by 0 degree(s)
13:31:27: [INFO] Adding track segment (B.Cu): [(221615000, 113982500), (221615000, 119122500)]
13:31:27: [INFO] Adding track segment (B.Cu): [(221615000, 119122500), (224155000, 121662500)]
13:31:27: [INFO] Routing SW60 with D60
13:31:27: [INFO] Using internal autorouter method
13:31:27: [INFO] Routing pad 'SW60:2' at (202565000, 113982500) with pad 'D60:2' at (205105000, 121662500) using coordinate system rotated by 0 degree(s)
13:31:27: [INFO] Adding track segment (B.Cu): [(202565000, 113982500), (202565000, 119122500)]
13:31:27: [INFO] Adding track segment (B.Cu): [(202565000, 119122500), (205105000, 121662500)]
13:31:27: [INFO] Routing SW59 with D59
13:31:27: [INFO] Using internal autorouter method
13:31:27: [INFO] Routing pad 'SW59:2' at (183515000, 113982500) with pad 'D59:2' at (186055000, 121662500) using coordinate system rotated by 0 degree(s)
13:31:27: [INFO] Adding track segment (B.Cu): [(183515000, 113982500), (183515000, 119122500)]
13:31:27: [INFO] Adding track segment (B.Cu): [(183515000, 119122500), (186055000, 121662500)]
13:31:27: [INFO] Routing SW58 with D58
13:31:27: [INFO] Using internal autorouter method
13:31:27: [INFO] Routing pad 'SW58:2' at (164465000, 113982500) with pad 'D58:2' at (167005000, 121662500) using coordinate system rotated by 0 degree(s)
13:31:27: [INFO] Adding track segment (B.Cu): [(164465000, 113982500), (164465000, 119122500)]
13:31:27: [INFO] Adding track segment (B.Cu): [(164465000, 119122500), (167005000, 121662500)]
13:31:27: [INFO] Routing SW57 with D57
13:31:27: [INFO] Using internal autorouter method
13:31:27: [INFO] Routing pad 'SW57:2' at (145415000, 113982500) with pad 'D57:2' at (147955000, 121662500) using coordinate system rotated by 0 degree(s)
13:31:27: [INFO] Adding track segment (B.Cu): [(145415000, 113982500), (145415000, 119122500)]
13:31:27: [INFO] Adding track segment (B.Cu): [(145415000, 119122500), (147955000, 121662500)]
13:31:27: [INFO] Routing SW56 with D56
13:31:27: [INFO] Using internal autorouter method
13:31:27: [INFO] Routing pad 'SW56:2' at (126365000, 113982500) with pad 'D56:2' at (128905000, 121662500) using coordinate system rotated by 0 degree(s)
13:31:27: [INFO] Adding track segment (B.Cu): [(126365000, 113982500), (126365000, 119122500)]
13:31:27: [INFO] Adding track segment (B.Cu): [(126365000, 119122500), (128905000, 121662500)]
13:31:27: [INFO] Routing SW55 with D55
13:31:27: [INFO] Using internal autorouter method
13:31:27: [INFO] Routing pad 'SW55:2' at (107315000, 113982500) with pad 'D55:2' at (109855000, 121662500) using coordinate system rotated by 0 degree(s)
13:31:27: [INFO] Adding track segment (B.Cu): [(107315000, 113982500), (107315000, 119122500)]
13:31:27: [INFO] Adding track segment (B.Cu): [(107315000, 119122500), (109855000, 121662500)]
13:31:27: [INFO] Routing SW54 with D54
13:31:27: [INFO] Using internal autorouter method
13:31:27: [INFO] Routing pad 'SW54:2' at (88265000, 113982500) with pad 'D54:2' at (90805000, 121662500) using coordinate system rotated by 0 degree(s)
13:31:27: [INFO] Adding track segment (B.Cu): [(88265000, 113982500), (88265000, 119122500)]
13:31:27: [INFO] Adding track segment (B.Cu): [(88265000, 119122500), (90805000, 121662500)]
13:31:27: [INFO] Routing SW53 with D53
13:31:27: [INFO] Using internal autorouter method
13:31:27: [INFO] Routing pad 'SW53:2' at (69215000, 113982500) with pad 'D53:2' at (71755000, 121662500) using coordinate system rotated by 0 degree(s)
13:31:27: [INFO] Adding track segment (B.Cu): [(69215000, 113982500), (69215000, 119122500)]
13:31:28: [INFO] Adding track segment (B.Cu): [(69215000, 119122500), (71755000, 121662500)]
13:31:28: [INFO] Routing SW52 with D52
13:31:28: [INFO] Using internal autorouter method
13:31:28: [INFO] Routing pad 'SW52:2' at (45402500, 113982500) with pad 'D52:2' at (47942500, 121662500) using coordinate system rotated by 0 degree(s)
13:31:28: [INFO] Adding track segment (B.Cu): [(45402500, 113982500), (45402500, 119122500)]
13:31:28: [INFO] Adding track segment (B.Cu): [(45402500, 119122500), (47942500, 121662500)]
13:31:28: [INFO] Routing SW51 with D51
13:31:28: [INFO] Using internal autorouter method
13:31:28: [INFO] Routing pad 'SW51:2' at (369252500, 94932500) with pad 'D51:2' at (371792500, 102612500) using coordinate system rotated by 0 degree(s)
13:31:28: [INFO] Adding track segment (B.Cu): [(369252500, 94932500), (369252500, 100072500)]
13:31:28: [INFO] Adding track segment (B.Cu): [(369252500, 100072500), (371792500, 102612500)]
13:31:28: [INFO] Routing SW50 with D50
13:31:28: [INFO] Using internal autorouter method
13:31:28: [INFO] Routing pad 'SW50:2' at (350202500, 94932500) with pad 'D50:2' at (352742500, 102612500) using coordinate system rotated by 0 degree(s)
13:31:28: [INFO] Adding track segment (B.Cu): [(350202500, 94932500), (350202500, 100072500)]
13:31:28: [INFO] Adding track segment (B.Cu): [(350202500, 100072500), (352742500, 102612500)]
13:31:28: [INFO] Routing SW49 with D49
13:31:28: [INFO] Using internal autorouter method
13:31:28: [INFO] Routing pad 'SW49:2' at (331152500, 94932500) with pad 'D49:2' at (333692500, 102612500) using coordinate system rotated by 0 degree(s)
13:31:28: [INFO] Adding track segment (B.Cu): [(331152500, 94932500), (331152500, 100072500)]
13:31:28: [INFO] Adding track segment (B.Cu): [(331152500, 100072500), (333692500, 102612500)]
13:31:28: [INFO] Routing SW48 with D48
13:31:28: [INFO] Using internal autorouter method
13:31:28: [INFO] Routing pad 'SW48:2' at (302577500, 94932500) with pad 'D48:2' at (305117500, 102612500) using coordinate system rotated by 0 degree(s)
13:31:28: [INFO] Adding track segment (B.Cu): [(302577500, 94932500), (302577500, 100072500)]
13:31:28: [INFO] Adding track segment (B.Cu): [(302577500, 100072500), (305117500, 102612500)]
13:31:28: [INFO] Routing SW47 with D47
13:31:28: [INFO] Using internal autorouter method
13:31:28: [INFO] Routing pad 'SW47:2' at (278765000, 94932500) with pad 'D47:2' at (281305000, 102612500) using coordinate system rotated by 0 degree(s)
13:31:28: [INFO] Adding track segment (B.Cu): [(278765000, 94932500), (278765000, 100072500)]
13:31:28: [INFO] Adding track segment (B.Cu): [(278765000, 100072500), (281305000, 102612500)]
13:31:28: [INFO] Routing SW46 with D46
13:31:28: [INFO] Using internal autorouter method
13:31:28: [INFO] Routing pad 'SW46:2' at (259715000, 94932500) with pad 'D46:2' at (262255000, 102612500) using coordinate system rotated by 0 degree(s)
13:31:28: [INFO] Adding track segment (B.Cu): [(259715000, 94932500), (259715000, 100072500)]
13:31:28: [INFO] Adding track segment (B.Cu): [(259715000, 100072500), (262255000, 102612500)]
13:31:28: [INFO] Routing SW45 with D45
13:31:28: [INFO] Using internal autorouter method
13:31:28: [INFO] Routing pad 'SW45:2' at (240665000, 94932500) with pad 'D45:2' at (243205000, 102612500) using coordinate system rotated by 0 degree(s)
13:31:28: [INFO] Adding track segment (B.Cu): [(240665000, 94932500), (240665000, 100072500)]
13:31:28: [INFO] Adding track segment (B.Cu): [(240665000, 100072500), (243205000, 102612500)]
13:31:28: [INFO] Routing SW44 with D44
13:31:28: [INFO] Using internal autorouter method
13:31:28: [INFO] Routing pad 'SW44:2' at (221615000, 94932500) with pad 'D44:2' at (224155000, 102612500) using coordinate system rotated by 0 degree(s)
13:31:28: [INFO] Adding track segment (B.Cu): [(221615000, 94932500), (221615000, 100072500)]
13:31:28: [INFO] Adding track segment (B.Cu): [(221615000, 100072500), (224155000, 102612500)]
13:31:28: [INFO] Routing SW43 with D43
13:31:28: [INFO] Using internal autorouter method
13:31:28: [INFO] Routing pad 'SW43:2' at (202565000, 94932500) with pad 'D43:2' at (205105000, 102612500) using coordinate system rotated by 0 degree(s)
13:31:28: [INFO] Adding track segment (B.Cu): [(202565000, 94932500), (202565000, 100072500)]
13:31:28: [INFO] Adding track segment (B.Cu): [(202565000, 100072500), (205105000, 102612500)]
13:31:28: [INFO] Routing SW42a with D42
13:31:28: [INFO] Using internal autorouter method
13:31:28: [INFO] Routing pad 'SW42a:2' at (183515000, 94932500) with pad 'D42:2' at (186055000, 107375000) using coordinate system rotated by 0 degree(s)
13:31:28: [INFO] Adding track segment (B.Cu): [(183515000, 94932500), (183515000, 104835000)]
13:31:28: [INFO] Adding track segment (B.Cu): [(183515000, 104835000), (186055000, 107375000)]
13:31:28: [INFO] Routing SW42 with D42
13:31:28: [INFO] Using internal autorouter method
13:31:28: [INFO] Routing pad 'SW42:2' at (183515000, 99695000) with pad 'D42:2' at (186055000, 107375000) using coordinate system rotated by 0 degree(s)
13:31:28: [INFO] Adding track segment (B.Cu): [(183515000, 99695000), (183515000, 104835000)]
13:31:28: [INFO] Adding track segment (B.Cu): [(183515000, 104835000), (186055000, 107375000)]
13:31:28: [INFO] Routing SW41a with D41
13:31:28: [INFO] Using internal autorouter method
13:31:28: [INFO] Routing pad 'SW41a:2' at (164465000, 94932500) with pad 'D41:2' at (167005000, 107375000) using coordinate system rotated by 0 degree(s)
13:31:28: [INFO] Adding track segment (B.Cu): [(164465000, 94932500), (164465000, 104835000)]
13:31:28: [INFO] Adding track segment (B.Cu): [(164465000, 104835000), (167005000, 107375000)]
13:31:28: [INFO] Routing SW41 with D41
13:31:28: [INFO] Using internal autorouter method
13:31:28: [INFO] Routing pad 'SW41:2' at (164465000, 99695000) with pad 'D41:2' at (167005000, 107375000) using coordinate system rotated by 0 degree(s)
13:31:28: [INFO] Adding track segment (B.Cu): [(164465000, 99695000), (164465000, 104835000)]
13:31:28: [INFO] Adding track segment (B.Cu): [(164465000, 104835000), (167005000, 107375000)]
13:31:28: [INFO] Routing SW40 with D40
13:31:28: [INFO] Using internal autorouter method
13:31:28: [INFO] Routing pad 'SW40:2' at (145415000, 94932500) with pad 'D40:2' at (147955000, 102612500) using coordinate system rotated by 0 degree(s)
13:31:28: [INFO] Adding track segment (B.Cu): [(145415000, 94932500), (145415000, 100072500)]
13:31:28: [INFO] Adding track segment (B.Cu): [(145415000, 100072500), (147955000, 102612500)]
13:31:28: [INFO] Routing SW39 with D39
13:31:28: [INFO] Using internal autorouter method
13:31:28: [INFO] Routing pad 'SW39:2' at (126365000, 94932500) with pad 'D39:2' at (128905000, 102612500) using coordinate system rotated by 0 degree(s)
13:31:28: [INFO] Adding track segment (B.Cu): [(126365000, 94932500), (126365000, 100072500)]
13:31:28: [INFO] Adding track segment (B.Cu): [(126365000, 100072500), (128905000, 102612500)]
13:31:28: [INFO] Routing SW38 with D38
13:31:28: [INFO] Using internal autorouter method
13:31:28: [INFO] Routing pad 'SW38:2' at (107315000, 94932500) with pad 'D38:2' at (109855000, 102612500) using coordinate system rotated by 0 degree(s)
13:31:28: [INFO] Adding track segment (B.Cu): [(107315000, 94932500), (107315000, 100072500)]
13:31:28: [INFO] Adding track segment (B.Cu): [(107315000, 100072500), (109855000, 102612500)]
13:31:28: [INFO] Routing SW37 with D37
13:31:28: [INFO] Using internal autorouter method
13:31:28: [INFO] Routing pad 'SW37:2' at (88265000, 94932500) with pad 'D37:2' at (90805000, 102612500) using coordinate system rotated by 0 degree(s)
13:31:28: [INFO] Adding track segment (B.Cu): [(88265000, 94932500), (88265000, 100072500)]
13:31:28: [INFO] Adding track segment (B.Cu): [(88265000, 100072500), (90805000, 102612500)]
13:31:28: [INFO] Routing SW36 with D36
13:31:28: [INFO] Using internal autorouter method
13:31:28: [INFO] Routing pad 'SW36:2' at (69215000, 94932500) with pad 'D36:2' at (71755000, 102612500) using coordinate system rotated by 0 degree(s)
13:31:28: [INFO] Adding track segment (B.Cu): [(69215000, 94932500), (69215000, 100072500)]
13:31:28: [INFO] Adding track segment (B.Cu): [(69215000, 100072500), (71755000, 102612500)]
13:31:28: [INFO] Routing SW35 with D35
13:31:28: [INFO] Using internal autorouter method
13:31:28: [INFO] Routing pad 'SW35:2' at (45402500, 94932500) with pad 'D35:2' at (47942500, 102612500) using coordinate system rotated by 0 degree(s)
13:31:28: [INFO] Adding track segment (B.Cu): [(45402500, 94932500), (45402500, 100072500)]
13:31:28: [INFO] Adding track segment (B.Cu): [(45402500, 100072500), (47942500, 102612500)]
13:31:28: [INFO] Routing SW34 with D34
13:31:28: [INFO] Using internal autorouter method
13:31:28: [INFO] Routing pad 'SW34:2' at (369252500, 75882500) with pad 'D34:2' at (371792500, 83562500) using coordinate system rotated by 0 degree(s)
13:31:28: [INFO] Adding track segment (B.Cu): [(369252500, 75882500), (369252500, 81022500)]
13:31:28: [INFO] Adding track segment (B.Cu): [(369252500, 81022500), (371792500, 83562500)]
13:31:28: [INFO] Routing SW33 with D33
13:31:28: [INFO] Using internal autorouter method
13:31:28: [INFO] Routing pad 'SW33:2' at (350202500, 75882500) with pad 'D33:2' at (352742500, 83562500) using coordinate system rotated by 0 degree(s)
13:31:28: [INFO] Adding track segment (B.Cu): [(350202500, 75882500), (350202500, 81022500)]
13:31:28: [INFO] Adding track segment (B.Cu): [(350202500, 81022500), (352742500, 83562500)]
13:31:28: [INFO] Routing SW32 with D32
13:31:28: [INFO] Using internal autorouter method
13:31:28: [INFO] Routing pad 'SW32:2' at (331152500, 75882500) with pad 'D32:2' at (333692500, 83562500) using coordinate system rotated by 0 degree(s)
13:31:28: [INFO] Adding track segment (B.Cu): [(331152500, 75882500), (331152500, 81022500)]
13:31:28: [INFO] Adding track segment (B.Cu): [(331152500, 81022500), (333692500, 83562500)]
13:31:28: [INFO] Routing SW31 with D31
13:31:28: [INFO] Using internal autorouter method
13:31:28: [INFO] Routing pad 'SW31:2' at (302577500, 75882500) with pad 'D31:2' at (305117500, 83562500) using coordinate system rotated by 0 degree(s)
13:31:28: [INFO] Adding track segment (B.Cu): [(302577500, 75882500), (302577500, 81022500)]
13:31:28: [INFO] Adding track segment (B.Cu): [(302577500, 81022500), (305117500, 83562500)]
13:31:28: [INFO] Routing SW30 with D30
13:31:28: [INFO] Using internal autorouter method
13:31:28: [INFO] Routing pad 'SW30:2' at (278765000, 75882500) with pad 'D30:2' at (281305000, 83562500) using coordinate system rotated by 0 degree(s)
13:31:28: [INFO] Adding track segment (B.Cu): [(278765000, 75882500), (278765000, 81022500)]
13:31:28: [INFO] Adding track segment (B.Cu): [(278765000, 81022500), (281305000, 83562500)]
13:31:28: [INFO] Routing SW29 with D29
13:31:28: [INFO] Using internal autorouter method
13:31:28: [INFO] Routing pad 'SW29:2' at (259715000, 75882500) with pad 'D29:2' at (262255000, 83562500) using coordinate system rotated by 0 degree(s)
13:31:28: [INFO] Adding track segment (B.Cu): [(259715000, 75882500), (259715000, 81022500)]
13:31:28: [INFO] Adding track segment (B.Cu): [(259715000, 81022500), (262255000, 83562500)]
13:31:28: [INFO] Routing SW28 with D28
13:31:28: [INFO] Using internal autorouter method
13:31:28: [INFO] Routing pad 'SW28:2' at (240665000, 75882500) with pad 'D28:2' at (243205000, 83562500) using coordinate system rotated by 0 degree(s)
13:31:28: [INFO] Adding track segment (B.Cu): [(240665000, 75882500), (240665000, 81022500)]
13:31:28: [INFO] Adding track segment (B.Cu): [(240665000, 81022500), (243205000, 83562500)]
13:31:28: [INFO] Routing SW27 with D27
13:31:28: [INFO] Using internal autorouter method
13:31:28: [INFO] Routing pad 'SW27:2' at (221615000, 75882500) with pad 'D27:2' at (224155000, 83562500) using coordinate system rotated by 0 degree(s)
13:31:28: [INFO] Adding track segment (B.Cu): [(221615000, 75882500), (221615000, 81022500)]
13:31:28: [INFO] Adding track segment (B.Cu): [(221615000, 81022500), (224155000, 83562500)]
13:31:28: [INFO] Routing SW26 with D26
13:31:28: [INFO] Using internal autorouter method
13:31:28: [INFO] Routing pad 'SW26:2' at (202565000, 75882500) with pad 'D26:2' at (205105000, 83562500) using coordinate system rotated by 0 degree(s)
13:31:28: [INFO] Adding track segment (B.Cu): [(202565000, 75882500), (202565000, 81022500)]
13:31:28: [INFO] Adding track segment (B.Cu): [(202565000, 81022500), (205105000, 83562500)]
13:31:28: [INFO] Routing SW25 with D25
13:31:28: [INFO] Using internal autorouter method
13:31:28: [INFO] Routing pad 'SW25:2' at (183515000, 75882500) with pad 'D25:2' at (186055000, 83562500) using coordinate system rotated by 0 degree(s)
13:31:28: [INFO] Adding track segment (B.Cu): [(183515000, 75882500), (183515000, 81022500)]
13:31:28: [INFO] Adding track segment (B.Cu): [(183515000, 81022500), (186055000, 83562500)]
13:31:28: [INFO] Routing SW24 with D24
13:31:28: [INFO] Using internal autorouter method
13:31:28: [INFO] Routing pad 'SW24:2' at (164465000, 75882500) with pad 'D24:2' at (167005000, 83562500) using coordinate system rotated by 0 degree(s)
13:31:28: [INFO] Adding track segment (B.Cu): [(164465000, 75882500), (164465000, 81022500)]
13:31:28: [INFO] Adding track segment (B.Cu): [(164465000, 81022500), (167005000, 83562500)]
13:31:28: [INFO] Routing SW23 with D23
13:31:28: [INFO] Using internal autorouter method
13:31:28: [INFO] Routing pad 'SW23:2' at (145415000, 75882500) with pad 'D23:2' at (147955000, 83562500) using coordinate system rotated by 0 degree(s)
13:31:28: [INFO] Adding track segment (B.Cu): [(145415000, 75882500), (145415000, 81022500)]
13:31:28: [INFO] Adding track segment (B.Cu): [(145415000, 81022500), (147955000, 83562500)]
13:31:28: [INFO] Routing SW22 with D22
13:31:28: [INFO] Using internal autorouter method
13:31:28: [INFO] Routing pad 'SW22:2' at (126365000, 75882500) with pad 'D22:2' at (128905000, 83562500) using coordinate system rotated by 0 degree(s)
13:31:28: [INFO] Adding track segment (B.Cu): [(126365000, 75882500), (126365000, 81022500)]
13:31:29: [INFO] Adding track segment (B.Cu): [(126365000, 81022500), (128905000, 83562500)]
13:31:29: [INFO] Routing SW21 with D21
13:31:29: [INFO] Using internal autorouter method
13:31:29: [INFO] Routing pad 'SW21:2' at (107315000, 75882500) with pad 'D21:2' at (109855000, 83562500) using coordinate system rotated by 0 degree(s)
13:31:29: [INFO] Adding track segment (B.Cu): [(107315000, 75882500), (107315000, 81022500)]
13:31:29: [INFO] Adding track segment (B.Cu): [(107315000, 81022500), (109855000, 83562500)]
13:31:29: [INFO] Routing SW20 with D20
13:31:29: [INFO] Using internal autorouter method
13:31:29: [INFO] Routing pad 'SW20:2' at (88265000, 75882500) with pad 'D20:2' at (90805000, 83562500) using coordinate system rotated by 0 degree(s)
13:31:29: [INFO] Adding track segment (B.Cu): [(88265000, 75882500), (88265000, 81022500)]
13:31:29: [INFO] Adding track segment (B.Cu): [(88265000, 81022500), (90805000, 83562500)]
13:31:29: [INFO] Routing SW19 with D19
13:31:29: [INFO] Using internal autorouter method
13:31:29: [INFO] Routing pad 'SW19:2' at (69215000, 75882500) with pad 'D19:2' at (71755000, 83562500) using coordinate system rotated by 0 degree(s)
13:31:29: [INFO] Adding track segment (B.Cu): [(69215000, 75882500), (69215000, 81022500)]
13:31:29: [INFO] Adding track segment (B.Cu): [(69215000, 81022500), (71755000, 83562500)]
13:31:29: [INFO] Routing SW18 with D18
13:31:29: [INFO] Using internal autorouter method
13:31:29: [INFO] Routing pad 'SW18:2' at (45402500, 75882500) with pad 'D18:2' at (47942500, 83562500) using coordinate system rotated by 0 degree(s)
13:31:29: [INFO] Adding track segment (B.Cu): [(45402500, 75882500), (45402500, 81022500)]
13:31:29: [INFO] Adding track segment (B.Cu): [(45402500, 81022500), (47942500, 83562500)]
13:31:29: [INFO] Routing SW17 with D17
13:31:29: [INFO] Using internal autorouter method
13:31:29: [INFO] Routing pad 'SW17:2' at (369252500, 52070000) with pad 'D17:2' at (371792500, 59750000) using coordinate system rotated by 0 degree(s)
13:31:29: [INFO] Adding track segment (B.Cu): [(369252500, 52070000), (369252500, 57210000)]
13:31:29: [INFO] Adding track segment (B.Cu): [(369252500, 57210000), (371792500, 59750000)]
13:31:29: [INFO] Routing SW16 with D16
13:31:29: [INFO] Using internal autorouter method
13:31:29: [INFO] Routing pad 'SW16:2' at (350202500, 52070000) with pad 'D16:2' at (352742500, 59750000) using coordinate system rotated by 0 degree(s)
13:31:29: [INFO] Adding track segment (B.Cu): [(350202500, 52070000), (350202500, 57210000)]
13:31:29: [INFO] Adding track segment (B.Cu): [(350202500, 57210000), (352742500, 59750000)]
13:31:29: [INFO] Routing SW15 with D15
13:31:29: [INFO] Using internal autorouter method
13:31:29: [INFO] Routing pad 'SW15:2' at (331152500, 52070000) with pad 'D15:2' at (333692500, 59750000) using coordinate system rotated by 0 degree(s)
13:31:29: [INFO] Adding track segment (B.Cu): [(331152500, 52070000), (331152500, 57210000)]
13:31:29: [INFO] Adding track segment (B.Cu): [(331152500, 57210000), (333692500, 59750000)]
13:31:29: [INFO] Routing SW14a with D14
13:31:29: [INFO] Using internal autorouter method
13:31:29: [INFO] Routing pad 'SW14a:S2' at (311800000, 54650000) with pad 'D14:2' at (309880000, 59750000) using coordinate system rotated by 0 degree(s)
13:31:29: [INFO] Adding track segment (B.Cu): [(311800000, 54650000), (311800000, 57830000)]
13:31:29: [INFO] Adding track segment (B.Cu): [(311800000, 57830000), (309880000, 59750000)]
13:31:29: [INFO] Routing SW14 with D14
13:31:29: [INFO] Using internal autorouter method
13:31:29: [INFO] Routing pad 'SW14:2' at (307340000, 52070000) with pad 'D14:2' at (309880000, 59750000) using coordinate system rotated by 0 degree(s)
13:31:29: [INFO] Adding track segment (B.Cu): [(307340000, 52070000), (307340000, 57210000)]
13:31:29: [INFO] Adding track segment (B.Cu): [(307340000, 57210000), (309880000, 59750000)]
13:31:29: [INFO] Routing SW13a with D13
13:31:29: [INFO] Using internal autorouter method
13:31:29: [INFO] Routing pad 'SW13a:2' at (288290000, 52070000) with pad 'D13:2' at (286067500, 59750000) using coordinate system rotated by 0 degree(s)
13:31:29: [INFO] Routing SW13 with D13
13:31:29: [INFO] Using internal autorouter method
13:31:29: [INFO] Routing pad 'SW13:2' at (283527500, 52070000) with pad 'D13:2' at (286067500, 59750000) using coordinate system rotated by 0 degree(s)
13:31:29: [INFO] Routing SW12a with D12
13:31:29: [INFO] Using internal autorouter method
13:31:29: [INFO] Routing pad 'SW12a:2' at (269240000, 52070000) with pad 'D12:2' at (267017500, 59750000) using coordinate system rotated by 0 degree(s)
13:31:29: [INFO] Routing SW12 with D12
13:31:29: [INFO] Using internal autorouter method
13:31:29: [INFO] Routing pad 'SW12:2' at (264477500, 52070000) with pad 'D12:2' at (267017500, 59750000) using coordinate system rotated by 0 degree(s)
13:31:29: [INFO] Routing SW11a with D11
13:31:29: [INFO] Using internal autorouter method
13:31:29: [INFO] Routing pad 'SW11a:2' at (250190000, 52070000) with pad 'D11:2' at (247967500, 59750000) using coordinate system rotated by 0 degree(s)
13:31:29: [INFO] Routing SW11 with D11
13:31:29: [INFO] Using internal autorouter method
13:31:29: [INFO] Routing pad 'SW11:2' at (245427500, 52070000) with pad 'D11:2' at (247967500, 59750000) using coordinate system rotated by 0 degree(s)
13:31:29: [INFO] Routing SW10a with D10
13:31:29: [INFO] Using internal autorouter method
13:31:29: [INFO] Routing pad 'SW10a:2' at (221615000, 52070000) with pad 'D10:2' at (228917500, 59750000) using coordinate system rotated by 0 degree(s)
13:31:29: [INFO] Routing SW10 with D10
13:31:29: [INFO] Using internal autorouter method
13:31:29: [INFO] Routing pad 'SW10:2' at (226377500, 52070000) with pad 'D10:2' at (228917500, 59750000) using coordinate system rotated by 0 degree(s)
13:31:29: [INFO] Adding track segment (B.Cu): [(226377500, 52070000), (226377500, 57210000)]
13:31:29: [INFO] Adding track segment (B.Cu): [(226377500, 57210000), (228917500, 59750000)]
13:31:29: [INFO] Routing SW9 with D9
13:31:29: [INFO] Using internal autorouter method
13:31:29: [INFO] Routing pad 'SW9:2' at (202565000, 52070000) with pad 'D9:2' at (205105000, 59750000) using coordinate system rotated by 0 degree(s)
13:31:29: [INFO] Adding track segment (B.Cu): [(202565000, 52070000), (202565000, 57210000)]
13:31:29: [INFO] Adding track segment (B.Cu): [(202565000, 57210000), (205105000, 59750000)]
13:31:29: [INFO] Routing SW8 with D8
13:31:29: [INFO] Using internal autorouter method
13:31:29: [INFO] Routing pad 'SW8:2' at (183515000, 52070000) with pad 'D8:2' at (186055000, 59750000) using coordinate system rotated by 0 degree(s)
13:31:29: [INFO] Adding track segment (B.Cu): [(183515000, 52070000), (183515000, 57210000)]
13:31:29: [INFO] Adding track segment (B.Cu): [(183515000, 57210000), (186055000, 59750000)]
13:31:29: [INFO] Routing SW7 with D7
13:31:29: [INFO] Using internal autorouter method
13:31:29: [INFO] Routing pad 'SW7:2' at (164465000, 52070000) with pad 'D7:2' at (167005000, 59750000) using coordinate system rotated by 0 degree(s)
13:31:29: [INFO] Adding track segment (B.Cu): [(164465000, 52070000), (164465000, 57210000)]
13:31:29: [INFO] Adding track segment (B.Cu): [(164465000, 57210000), (167005000, 59750000)]
13:31:29: [INFO] Routing SW6 with D6
13:31:29: [INFO] Using internal autorouter method
13:31:29: [INFO] Routing pad 'SW6:2' at (145415000, 52070000) with pad 'D6:2' at (147955000, 59750000) using coordinate system rotated by 0 degree(s)
13:31:29: [INFO] Adding track segment (B.Cu): [(145415000, 52070000), (145415000, 57210000)]
13:31:29: [INFO] Adding track segment (B.Cu): [(145415000, 57210000), (147955000, 59750000)]
13:31:29: [INFO] Routing SW5a with D5
13:31:29: [INFO] Using internal autorouter method
13:31:29: [INFO] Routing pad 'SW5a:2' at (135890000, 52070000) with pad 'D5:2' at (124142500, 59750000) using coordinate system rotated by 0 degree(s)
13:31:29: [INFO] Routing SW5 with D5
13:31:29: [INFO] Using internal autorouter method
13:31:29: [INFO] Routing pad 'SW5:2' at (121602500, 52070000) with pad 'D5:2' at (124142500, 59750000) using coordinate system rotated by 0 degree(s)
13:31:29: [INFO] Adding track segment (B.Cu): [(121602500, 52070000), (121602500, 57210000)]
13:31:29: [INFO] Adding track segment (B.Cu): [(121602500, 57210000), (124142500, 59750000)]
13:31:29: [INFO] Routing SW4a with D4
13:31:29: [INFO] Using internal autorouter method
13:31:29: [INFO] Routing pad 'SW4a:2' at (116840000, 52070000) with pad 'D4:2' at (105092500, 59750000) using coordinate system rotated by 0 degree(s)
13:31:29: [INFO] Routing SW4 with D4
13:31:29: [INFO] Using internal autorouter method
13:31:29: [INFO] Routing pad 'SW4:2' at (102552500, 52070000) with pad 'D4:2' at (105092500, 59750000) using coordinate system rotated by 0 degree(s)
13:31:29: [INFO] Adding track segment (B.Cu): [(102552500, 52070000), (102552500, 57210000)]
13:31:29: [INFO] Adding track segment (B.Cu): [(102552500, 57210000), (105092500, 59750000)]
13:31:29: [INFO] Routing SW3a with D3
13:31:29: [INFO] Using internal autorouter method
13:31:29: [INFO] Routing pad 'SW3a:2' at (97790000, 52070000) with pad 'D3:2' at (86042500, 59750000) using coordinate system rotated by 0 degree(s)
13:31:29: [INFO] Routing SW3 with D3
13:31:29: [INFO] Using internal autorouter method
13:31:29: [INFO] Routing pad 'SW3:2' at (83502500, 52070000) with pad 'D3:2' at (86042500, 59750000) using coordinate system rotated by 0 degree(s)
13:31:29: [INFO] Adding track segment (B.Cu): [(83502500, 52070000), (83502500, 57210000)]
13:31:29: [INFO] Adding track segment (B.Cu): [(83502500, 57210000), (86042500, 59750000)]
13:31:29: [INFO] Routing SW2a with D2
13:31:29: [INFO] Using internal autorouter method
13:31:29: [INFO] Routing pad 'SW2a:2' at (78740000, 52070000) with pad 'D2:2' at (66992500, 59750000) using coordinate system rotated by 0 degree(s)
13:31:29: [INFO] Routing SW2 with D2
13:31:29: [INFO] Using internal autorouter method
13:31:29: [INFO] Routing pad 'SW2:2' at (64452500, 52070000) with pad 'D2:2' at (66992500, 59750000) using coordinate system rotated by 0 degree(s)
13:31:30: [INFO] Adding track segment (B.Cu): [(64452500, 52070000), (64452500, 57210000)]
13:31:30: [INFO] Adding track segment (B.Cu): [(64452500, 57210000), (66992500, 59750000)]
13:31:30: [INFO] Routing SW1 with D1
13:31:30: [INFO] Using internal autorouter method
13:31:30: [INFO] Routing pad 'SW1:2' at (40640000, 52070000) with pad 'D1:2' at (43180000, 59750000) using coordinate system rotated by 0 degree(s)
13:31:30: [INFO] Adding track segment (B.Cu): [(40640000, 52070000), (40640000, 57210000)]
13:31:30: [INFO] Adding track segment (B.Cu): [(40640000, 57210000), (43180000, 59750000)]
13:31:30: [INFO] Routing COL9 pads
13:31:30: [INFO] Routing pad 'SW27:1' at (215265000, 78422500) with pad 'SW10a:1' at (215265000, 54610000) using coordinate system rotated by 0 degree(s)
13:31:30: [INFO] Adding track segment (F.Cu): [(215265000, 78422500), (215265000, 54610000)]
13:31:30: [INFO] Routing pad 'SW44:1' at (215265000, 97472500) with pad 'SW27:1' at (215265000, 78422500) using coordinate system rotated by 0 degree(s)
13:31:30: [INFO] Adding track segment (F.Cu): [(215265000, 97472500), (215265000, 78422500)]
13:31:30: [INFO] Routing pad 'SW61:1' at (215265000, 116522500) with pad 'SW44:1' at (215265000, 97472500) using coordinate system rotated by 0 degree(s)
13:31:30: [INFO] Adding track segment (F.Cu): [(215265000, 116522500), (215265000, 97472500)]
13:31:30: [INFO] Routing pad 'SW75:1' at (215265000, 135572500) with pad 'SW61:1' at (215265000, 116522500) using coordinate system rotated by 0 degree(s)
13:31:30: [INFO] Adding track segment (F.Cu): [(215265000, 135572500), (215265000, 116522500)]
13:31:30: [INFO] Routing pad 'SW89:1' at (215265000, 154622500) with pad 'SW75:1' at (215265000, 135572500) using coordinate system rotated by 0 degree(s)
13:31:30: [INFO] Adding track segment (F.Cu): [(215265000, 154622500), (215265000, 135572500)]
13:31:30: [INFO] Could not add track segment due to detected collision
13:31:30: [INFO] Routing pad 'SW89a:1' at (205740000, 154622500) with pad 'SW89:1' at (215265000, 154622500) using coordinate system rotated by 0 degree(s)
13:31:30: [INFO] Adding track segment (F.Cu): [(205740000, 154622500), (215265000, 154622500)]
13:31:30: [INFO] Could not add track segment due to detected collision
13:31:30: [INFO] Routing pad 'SW10a:1' at (215265000, 54610000) with pad 'SW10:1' at (220027500, 54610000) using coordinate system rotated by 0 degree(s)
13:31:30: [INFO] Adding track segment (F.Cu): [(215265000, 54610000), (220027500, 54610000)]
13:31:30: [INFO] Routing COL14 pads
13:31:30: [INFO] Routing pad 'SW15:1' at (324802500, 54610000) with pad 'SW32:1' at (324802500, 78422500) using coordinate system rotated by 0 degree(s)
13:31:30: [INFO] Adding track segment (F.Cu): [(324802500, 54610000), (324802500, 78422500)]
13:31:30: [INFO] Routing pad 'SW32:1' at (324802500, 78422500) with pad 'SW49:1' at (324802500, 97472500) using coordinate system rotated by 0 degree(s)
13:31:30: [INFO] Adding track segment (F.Cu): [(324802500, 78422500), (324802500, 97472500)]
13:31:30: [INFO] Routing pad 'SW49:1' at (324802500, 97472500) with pad 'SW94:1' at (324802500, 154622500) using coordinate system rotated by 0 degree(s)
13:31:30: [INFO] Adding track segment (F.Cu): [(324802500, 97472500), (324802500, 154622500)]
13:31:30: [INFO] Routing COL5 pads
13:31:30: [INFO] Routing pad 'SW6:1' at (139065000, 54610000) with pad 'SW23:1' at (139065000, 78422500) using coordinate system rotated by 0 degree(s)
13:31:30: [INFO] Adding track segment (F.Cu): [(139065000, 54610000), (139065000, 78422500)]
13:31:30: [INFO] Could not add track segment due to detected collision
13:31:30: [INFO] Routing pad 'SW23:1' at (139065000, 78422500) with pad 'SW40:1' at (139065000, 97472500) using coordinate system rotated by 0 degree(s)
13:31:30: [INFO] Adding track segment (F.Cu): [(139065000, 78422500), (139065000, 97472500)]
13:31:30: [INFO] Routing pad 'SW40:1' at (139065000, 97472500) with pad 'SW57:1' at (139065000, 116522500) using coordinate system rotated by 0 degree(s)
13:31:30: [INFO] Adding track segment (F.Cu): [(139065000, 97472500), (139065000, 116522500)]
13:31:30: [INFO] Routing pad 'SW57:1' at (139065000, 116522500) with pad 'SW71:1' at (139065000, 135572500) using coordinate system rotated by 0 degree(s)
13:31:30: [INFO] Adding track segment (F.Cu): [(139065000, 116522500), (139065000, 135572500)]
13:31:30: [INFO] Routing pad 'SW71:1' at (139065000, 135572500) with pad 'SW86:1' at (139065000, 154622500) using coordinate system rotated by 0 degree(s)
13:31:30: [INFO] Adding track segment (F.Cu): [(139065000, 135572500), (139065000, 154622500)]
13:31:30: [INFO] Could not add track segment due to detected collision
13:31:30: [INFO] Routing pad 'SW86:1' at (139065000, 154622500) with pad 'SW86a:1' at (148590000, 154622500) using coordinate system rotated by 0 degree(s)
13:31:30: [INFO] Adding track segment (F.Cu): [(139065000, 154622500), (148590000, 154622500)]
13:31:30: [INFO] Routing COL8 pads
13:31:30: [INFO] Routing pad 'SW26:1' at (196215000, 78422500) with pad 'SW9:1' at (196215000, 54610000) using coordinate system rotated by 0 degree(s)
13:31:30: [INFO] Adding track segment (F.Cu): [(196215000, 78422500), (196215000, 54610000)]
13:31:30: [INFO] Routing pad 'SW43:1' at (196215000, 97472500) with pad 'SW26:1' at (196215000, 78422500) using coordinate system rotated by 0 degree(s)
13:31:30: [INFO] Adding track segment (F.Cu): [(196215000, 97472500), (196215000, 78422500)]
13:31:30: [INFO] Routing pad 'SW60:1' at (196215000, 116522500) with pad 'SW43:1' at (196215000, 97472500) using coordinate system rotated by 0 degree(s)
13:31:30: [INFO] Adding track segment (F.Cu): [(196215000, 116522500), (196215000, 97472500)]
13:31:30: [INFO] Routing pad 'SW74:1' at (196215000, 135572500) with pad 'SW60:1' at (196215000, 116522500) using coordinate system rotated by 0 degree(s)
13:31:30: [INFO] Adding track segment (F.Cu): [(196215000, 135572500), (196215000, 116522500)]
13:31:30: [INFO] Routing pad 'SW88:1' at (196215000, 154622500) with pad 'SW74:1' at (196215000, 135572500) using coordinate system rotated by 0 degree(s)
13:31:30: [INFO] Adding track segment (F.Cu): [(196215000, 154622500), (196215000, 135572500)]
13:31:30: [INFO] Routing pad 'SW88a:1' at (186690000, 154622500) with pad 'SW88:1' at (196215000, 154622500) using coordinate system rotated by 0 degree(s)
13:31:30: [INFO] Adding track segment (F.Cu): [(186690000, 154622500), (196215000, 154622500)]
13:31:30: [INFO] Routing ROW1 pads
13:31:30: [INFO] Routing pad 'D18:1' at (47942500, 86362500) with pad 'D19:1' at (71755000, 86362500) using coordinate system rotated by 0 degree(s)
13:31:30: [INFO] Adding track segment (B.Cu): [(47942500, 86362500), (71755000, 86362500)]
13:31:30: [INFO] Routing pad 'D19:1' at (71755000, 86362500) with pad 'D20:1' at (90805000, 86362500) using coordinate system rotated by 0 degree(s)
13:31:30: [INFO] Adding track segment (B.Cu): [(71755000, 86362500), (90805000, 86362500)]
13:31:30: [INFO] Routing pad 'D20:1' at (90805000, 86362500) with pad 'D21:1' at (109855000, 86362500) using coordinate system rotated by 0 degree(s)
13:31:30: [INFO] Adding track segment (B.Cu): [(90805000, 86362500), (109855000, 86362500)]
13:31:30: [INFO] Routing pad 'D21:1' at (109855000, 86362500) with pad 'D22:1' at (128905000, 86362500) using coordinate system rotated by 0 degree(s)
13:31:30: [INFO] Adding track segment (B.Cu): [(109855000, 86362500), (128905000, 86362500)]
13:31:30: [INFO] Routing pad 'D22:1' at (128905000, 86362500) with pad 'D23:1' at (147955000, 86362500) using coordinate system rotated by 0 degree(s)
13:31:30: [INFO] Adding track segment (B.Cu): [(128905000, 86362500), (147955000, 86362500)]
13:31:30: [INFO] Routing pad 'D23:1' at (147955000, 86362500) with pad 'D24:1' at (167005000, 86362500) using coordinate system rotated by 0 degree(s)
13:31:30: [INFO] Adding track segment (B.Cu): [(147955000, 86362500), (167005000, 86362500)]
13:31:30: [INFO] Routing pad 'D24:1' at (167005000, 86362500) with pad 'D25:1' at (186055000, 86362500) using coordinate system rotated by 0 degree(s)
13:31:30: [INFO] Adding track segment (B.Cu): [(167005000, 86362500), (186055000, 86362500)]
13:31:30: [INFO] Routing pad 'D25:1' at (186055000, 86362500) with pad 'D26:1' at (205105000, 86362500) using coordinate system rotated by 0 degree(s)
13:31:30: [INFO] Adding track segment (B.Cu): [(186055000, 86362500), (205105000, 86362500)]
13:31:30: [INFO] Routing pad 'D26:1' at (205105000, 86362500) with pad 'D27:1' at (224155000, 86362500) using coordinate system rotated by 0 degree(s)
13:31:30: [INFO] Adding track segment (B.Cu): [(205105000, 86362500), (224155000, 86362500)]
13:31:30: [INFO] Routing pad 'D27:1' at (224155000, 86362500) with pad 'D28:1' at (243205000, 86362500) using coordinate system rotated by 0 degree(s)
13:31:30: [INFO] Adding track segment (B.Cu): [(224155000, 86362500), (243205000, 86362500)]
13:31:30: [INFO] Routing pad 'D28:1' at (243205000, 86362500) with pad 'D29:1' at (262255000, 86362500) using coordinate system rotated by 0 degree(s)
13:31:30: [INFO] Adding track segment (B.Cu): [(243205000, 86362500), (262255000, 86362500)]
13:31:30: [INFO] Routing pad 'D29:1' at (262255000, 86362500) with pad 'D30:1' at (281305000, 86362500) using coordinate system rotated by 0 degree(s)
13:31:30: [INFO] Adding track segment (B.Cu): [(262255000, 86362500), (281305000, 86362500)]
13:31:30: [INFO] Routing pad 'D30:1' at (281305000, 86362500) with pad 'D31:1' at (305117500, 86362500) using coordinate system rotated by 0 degree(s)
13:31:30: [INFO] Adding track segment (B.Cu): [(281305000, 86362500), (305117500, 86362500)]
13:31:30: [INFO] Routing pad 'D31:1' at (305117500, 86362500) with pad 'D32:1' at (333692500, 86362500) using coordinate system rotated by 0 degree(s)
13:31:30: [INFO] Adding track segment (B.Cu): [(305117500, 86362500), (333692500, 86362500)]
13:31:30: [INFO] Routing pad 'D32:1' at (333692500, 86362500) with pad 'D33:1' at (352742500, 86362500) using coordinate system rotated by 0 degree(s)
13:31:30: [INFO] Adding track segment (B.Cu): [(333692500, 86362500), (352742500, 86362500)]
13:31:30: [INFO] Routing pad 'D33:1' at (352742500, 86362500) with pad 'D34:1' at (371792500, 86362500) using coordinate system rotated by 0 degree(s)
13:31:30: [INFO] Adding track segment (B.Cu): [(352742500, 86362500), (371792500, 86362500)]
13:31:30: [INFO] Routing COL0 pads
13:31:30: [INFO] Routing pad 'SW1:1' at (34290000, 54610000) with pad 'SW18:1' at (39052500, 78422500) using coordinate system rotated by 0 degree(s)
13:31:30: [INFO] Adding track segment (F.Cu): [(34290000, 54610000), (34290000, 73660000)]
13:31:30: [INFO] Adding track segment (F.Cu): [(34290000, 73660000), (39052500, 78422500)]
13:31:30: [INFO] Routing pad 'SW18:1' at (39052500, 78422500) with pad 'SW35:1' at (39052500, 97472500) using coordinate system rotated by 0 degree(s)
13:31:30: [INFO] Adding track segment (F.Cu): [(39052500, 78422500), (39052500, 97472500)]
13:31:30: [INFO] Routing pad 'SW35:1' at (39052500, 97472500) with pad 'SW52:1' at (39052500, 116522500) using coordinate system rotated by 0 degree(s)
13:31:30: [INFO] Adding track segment (F.Cu): [(39052500, 97472500), (39052500, 116522500)]
13:31:30: [INFO] Routing pad 'SW52:1' at (39052500, 116522500) with pad 'SW66:1' at (39052500, 135572500) using coordinate system rotated by 0 degree(s)
13:31:30: [INFO] Adding track segment (F.Cu): [(39052500, 116522500), (39052500, 135572500)]
13:31:30: [INFO] Routing pad 'SW66:1' at (39052500, 135572500) with pad 'SW81:1' at (39052500, 154622500) using coordinate system rotated by 0 degree(s)
13:31:30: [INFO] Adding track segment (F.Cu): [(39052500, 135572500), (39052500, 154622500)]
13:31:30: [INFO] Routing COL16 pads
13:31:30: [INFO] Routing pad 'SW17:1' at (362902500, 54610000) with pad 'SW34:1' at (362902500, 78422500) using coordinate system rotated by 0 degree(s)
13:31:30: [INFO] Adding track segment (F.Cu): [(362902500, 54610000), (362902500, 78422500)]
13:31:30: [INFO] Routing pad 'SW34:1' at (362902500, 78422500) with pad 'SW51:1' at (362902500, 97472500) using coordinate system rotated by 0 degree(s)
13:31:30: [INFO] Adding track segment (F.Cu): [(362902500, 78422500), (362902500, 97472500)]
13:31:30: [INFO] Routing pad 'SW51:1' at (362902500, 97472500) with pad 'SW96:1' at (362902500, 154622500) using coordinate system rotated by 0 degree(s)
13:31:30: [INFO] Adding track segment (F.Cu): [(362902500, 97472500), (362902500, 154622500)]
13:31:30: [INFO] Routing COL10 pads
13:31:30: [INFO] Routing pad 'SW28:1' at (234315000, 78422500) with pad 'SW45:1' at (234315000, 97472500) using coordinate system rotated by 0 degree(s)
13:31:30: [INFO] Adding track segment (F.Cu): [(234315000, 78422500), (234315000, 97472500)]
13:31:30: [INFO] Routing pad 'SW45:1' at (234315000, 97472500) with pad 'SW62:1' at (234315000, 116522500) using coordinate system rotated by 0 degree(s)
13:31:30: [INFO] Adding track segment (F.Cu): [(234315000, 97472500), (234315000, 116522500)]
13:31:30: [INFO] Routing pad 'SW62:1' at (234315000, 116522500) with pad 'SW76:1' at (234315000, 135572500) using coordinate system rotated by 0 degree(s)
13:31:30: [INFO] Adding track segment (F.Cu): [(234315000, 116522500), (234315000, 135572500)]
13:31:30: [INFO] Routing pad 'SW76:1' at (234315000, 135572500) with pad 'SW90:1' at (234315000, 154622500) using coordinate system rotated by 0 degree(s)
13:31:30: [INFO] Adding track segment (F.Cu): [(234315000, 135572500), (234315000, 154622500)]
13:31:30: [INFO] Routing pad 'SW28:1' at (234315000, 78422500) with pad 'SW11:1' at (239077500, 54610000) using coordinate system rotated by 0 degree(s)
13:31:30: [INFO] Adding track segment (F.Cu): [(234315000, 78422500), (239077500, 73660000)]
13:31:30: [INFO] Adding track segment (F.Cu): [(239077500, 73660000), (239077500, 54610000)]
13:31:30: [INFO] Routing pad 'SW11:1' at (239077500, 54610000) with pad 'SW11a:1' at (243840000, 54610000) using coordinate system rotated by 0 degree(s)
13:31:30: [INFO] Adding track segment (F.Cu): [(239077500, 54610000), (243840000, 54610000)]
13:31:30: [INFO] Routing ROW2 pads
13:31:30: [INFO] Routing pad 'D35:1' at (47942500, 105412500) with pad 'D36:1' at (71755000, 105412500) using coordinate system rotated by 0 degree(s)
13:31:30: [INFO] Adding track segment (B.Cu): [(47942500, 105412500), (71755000, 105412500)]
13:31:30: [INFO] Routing pad 'D36:1' at (71755000, 105412500) with pad 'D37:1' at (90805000, 105412500) using coordinate system rotated by 0 degree(s)
13:31:30: [INFO] Adding track segment (B.Cu): [(71755000, 105412500), (90805000, 105412500)]
13:31:30: [INFO] Routing pad 'D37:1' at (90805000, 105412500) with pad 'D38:1' at (109855000, 105412500) using coordinate system rotated by 0 degree(s)
13:31:30: [INFO] Adding track segment (B.Cu): [(90805000, 105412500), (109855000, 105412500)]
13:31:30: [INFO] Routing pad 'D38:1' at (109855000, 105412500) with pad 'D39:1' at (128905000, 105412500) using coordinate system rotated by 0 degree(s)
13:31:30: [INFO] Adding track segment (B.Cu): [(109855000, 105412500), (128905000, 105412500)]
13:31:30: [INFO] Routing pad 'D39:1' at (128905000, 105412500) with pad 'D40:1' at (147955000, 105412500) using coordinate system rotated by 0 degree(s)
13:31:30: [INFO] Adding track segment (B.Cu): [(128905000, 105412500), (147955000, 105412500)]
13:31:30: [INFO] Routing pad 'D40:1' at (147955000, 105412500) with pad 'D41:1' at (167005000, 110175000) using coordinate system rotated by 0 degree(s)
13:31:30: [INFO] Adding track segment (B.Cu): [(147955000, 105412500), (152717500, 110175000)]
13:31:30: [INFO] Adding track segment (B.Cu): [(152717500, 110175000), (167005000, 110175000)]
13:31:30: [INFO] Routing pad 'D41:1' at (167005000, 110175000) with pad 'D42:1' at (186055000, 110175000) using coordinate system rotated by 0 degree(s)
13:31:30: [INFO] Adding track segment (B.Cu): [(167005000, 110175000), (186055000, 110175000)]
13:31:30: [INFO] Routing pad 'D42:1' at (186055000, 110175000) with pad 'D43:1' at (205105000, 105412500) using coordinate system rotated by 0 degree(s)
13:31:30: [INFO] Adding track segment (B.Cu): [(186055000, 110175000), (200342500, 110175000)]
13:31:30: [INFO] Adding track segment (B.Cu): [(200342500, 110175000), (205105000, 105412500)]
13:31:30: [INFO] Routing pad 'D43:1' at (205105000, 105412500) with pad 'D44:1' at (224155000, 105412500) using coordinate system rotated by 0 degree(s)
13:31:30: [INFO] Adding track segment (B.Cu): [(205105000, 105412500), (224155000, 105412500)]
13:31:30: [INFO] Routing pad 'D44:1' at (224155000, 105412500) with pad 'D45:1' at (243205000, 105412500) using coordinate system rotated by 0 degree(s)
13:31:30: [INFO] Adding track segment (B.Cu): [(224155000, 105412500), (243205000, 105412500)]
13:31:30: [INFO] Routing pad 'D45:1' at (243205000, 105412500) with pad 'D46:1' at (262255000, 105412500) using coordinate system rotated by 0 degree(s)
13:31:30: [INFO] Adding track segment (B.Cu): [(243205000, 105412500), (262255000, 105412500)]
13:31:30: [INFO] Routing pad 'D46:1' at (262255000, 105412500) with pad 'D47:1' at (281305000, 105412500) using coordinate system rotated by 0 degree(s)
13:31:30: [INFO] Adding track segment (B.Cu): [(262255000, 105412500), (281305000, 105412500)]
13:31:30: [INFO] Routing pad 'D47:1' at (281305000, 105412500) with pad 'D48:1' at (305117500, 105412500) using coordinate system rotated by 0 degree(s)
13:31:30: [INFO] Adding track segment (B.Cu): [(281305000, 105412500), (305117500, 105412500)]
13:31:30: [INFO] Routing pad 'D48:1' at (305117500, 105412500) with pad 'D49:1' at (333692500, 105412500) using coordinate system rotated by 0 degree(s)
13:31:30: [INFO] Adding track segment (B.Cu): [(305117500, 105412500), (333692500, 105412500)]
13:31:30: [INFO] Routing pad 'D49:1' at (333692500, 105412500) with pad 'D50:1' at (352742500, 105412500) using coordinate system rotated by 0 degree(s)
13:31:30: [INFO] Adding track segment (B.Cu): [(333692500, 105412500), (352742500, 105412500)]
13:31:30: [INFO] Routing pad 'D50:1' at (352742500, 105412500) with pad 'D51:1' at (371792500, 105412500) using coordinate system rotated by 0 degree(s)
13:31:30: [INFO] Adding track segment (B.Cu): [(352742500, 105412500), (371792500, 105412500)]
13:31:30: [INFO] Routing COL13 pads
13:31:30: [INFO] Routing pad 'SW31:1' at (296227500, 78422500) with pad 'SW48:1' at (296227500, 97472500) using coordinate system rotated by 0 degree(s)
13:31:30: [INFO] Adding track segment (F.Cu): [(296227500, 78422500), (296227500, 97472500)]
13:31:30: [INFO] Routing pad 'SW48:1' at (296227500, 97472500) with pad 'SW65:1' at (296227500, 116522500) using coordinate system rotated by 0 degree(s)
13:31:30: [INFO] Adding track segment (F.Cu): [(296227500, 97472500), (296227500, 116522500)]
13:31:30: [INFO] Routing pad 'SW65:1' at (296227500, 116522500) with pad 'SW79:1' at (296227500, 135572500) using coordinate system rotated by 0 degree(s)
13:31:30: [INFO] Adding track segment (F.Cu): [(296227500, 116522500), (296227500, 135572500)]
13:31:30: [INFO] Routing pad 'SW79:1' at (296227500, 135572500) with pad 'SW93:1' at (296227500, 154622500) using coordinate system rotated by 0 degree(s)
13:31:30: [INFO] Adding track segment (F.Cu): [(296227500, 135572500), (296227500, 154622500)]
13:31:30: [INFO] Routing pad 'SW31:1' at (296227500, 78422500) with pad 'SW14:1' at (300990000, 54610000) using coordinate system rotated by 0 degree(s)
13:31:30: [INFO] Adding track segment (F.Cu): [(296227500, 78422500), (300990000, 73660000)]
13:31:30: [INFO] Adding track segment (F.Cu): [(300990000, 73660000), (300990000, 54610000)]
13:31:30: [INFO] Routing pad 'SW14:1' at (300990000, 54610000) with pad 'SW14a:S1' at (311800000, 59650000) using coordinate system rotated by 0 degree(s)
13:31:30: [INFO] Routing ROW0 pads
13:31:30: [INFO] Routing pad 'D1:1' at (43180000, 62550000) with pad 'D2:1' at (66992500, 62550000) using coordinate system rotated by 0 degree(s)
13:31:30: [INFO] Adding track segment (B.Cu): [(43180000, 62550000), (66992500, 62550000)]
13:31:30: [INFO] Routing pad 'D2:1' at (66992500, 62550000) with pad 'D3:1' at (86042500, 62550000) using coordinate system rotated by 0 degree(s)
13:31:30: [INFO] Adding track segment (B.Cu): [(66992500, 62550000), (86042500, 62550000)]
13:31:30: [INFO] Routing pad 'D3:1' at (86042500, 62550000) with pad 'D4:1' at (105092500, 62550000) using coordinate system rotated by 0 degree(s)
13:31:30: [INFO] Adding track segment (B.Cu): [(86042500, 62550000), (105092500, 62550000)]
13:31:30: [INFO] Routing pad 'D4:1' at (105092500, 62550000) with pad 'D5:1' at (124142500, 62550000) using coordinate system rotated by 0 degree(s)
13:31:30: [INFO] Adding track segment (B.Cu): [(105092500, 62550000), (124142500, 62550000)]
13:31:30: [INFO] Routing pad 'D5:1' at (124142500, 62550000) with pad 'D6:1' at (147955000, 62550000) using coordinate system rotated by 0 degree(s)
13:31:30: [INFO] Adding track segment (B.Cu): [(124142500, 62550000), (147955000, 62550000)]
13:31:30: [INFO] Routing pad 'D6:1' at (147955000, 62550000) with pad 'D7:1' at (167005000, 62550000) using coordinate system rotated by 0 degree(s)
13:31:30: [INFO] Adding track segment (B.Cu): [(147955000, 62550000), (167005000, 62550000)]
13:31:30: [INFO] Routing pad 'D7:1' at (167005000, 62550000) with pad 'D8:1' at (186055000, 62550000) using coordinate system rotated by 0 degree(s)
13:31:30: [INFO] Adding track segment (B.Cu): [(167005000, 62550000), (186055000, 62550000)]
13:31:30: [INFO] Routing pad 'D8:1' at (186055000, 62550000) with pad 'D9:1' at (205105000, 62550000) using coordinate system rotated by 0 degree(s)
13:31:30: [INFO] Adding track segment (B.Cu): [(186055000, 62550000), (205105000, 62550000)]
13:31:30: [INFO] Routing pad 'D9:1' at (205105000, 62550000) with pad 'D10:1' at (228917500, 62550000) using coordinate system rotated by 0 degree(s)
13:31:30: [INFO] Adding track segment (B.Cu): [(205105000, 62550000), (228917500, 62550000)]
13:31:30: [INFO] Routing pad 'D10:1' at (228917500, 62550000) with pad 'D11:1' at (247967500, 62550000) using coordinate system rotated by 0 degree(s)
13:31:30: [INFO] Adding track segment (B.Cu): [(228917500, 62550000), (247967500, 62550000)]
13:31:30: [INFO] Routing pad 'D11:1' at (247967500, 62550000) with pad 'D12:1' at (267017500, 62550000) using coordinate system rotated by 0 degree(s)
13:31:30: [INFO] Adding track segment (B.Cu): [(247967500, 62550000), (267017500, 62550000)]
13:31:30: [INFO] Routing pad 'D12:1' at (267017500, 62550000) with pad 'D13:1' at (286067500, 62550000) using coordinate system rotated by 0 degree(s)
13:31:30: [INFO] Adding track segment (B.Cu): [(267017500, 62550000), (286067500, 62550000)]
13:31:30: [INFO] Routing pad 'D13:1' at (286067500, 62550000) with pad 'D14:1' at (309880000, 62550000) using coordinate system rotated by 0 degree(s)
13:31:30: [INFO] Adding track segment (B.Cu): [(286067500, 62550000), (309880000, 62550000)]
13:31:30: [INFO] Could not add track segment due to detected collision
13:31:30: [INFO] Routing pad 'D14:1' at (309880000, 62550000) with pad 'D15:1' at (333692500, 62550000) using coordinate system rotated by 0 degree(s)
13:31:30: [INFO] Adding track segment (B.Cu): [(309880000, 62550000), (333692500, 62550000)]
13:31:30: [INFO] Routing pad 'D15:1' at (333692500, 62550000) with pad 'D16:1' at (352742500, 62550000) using coordinate system rotated by 0 degree(s)
13:31:30: [INFO] Adding track segment (B.Cu): [(333692500, 62550000), (352742500, 62550000)]
13:31:30: [INFO] Routing pad 'D16:1' at (352742500, 62550000) with pad 'D17:1' at (371792500, 62550000) using coordinate system rotated by 0 degree(s)
13:31:30: [INFO] Adding track segment (B.Cu): [(352742500, 62550000), (371792500, 62550000)]
13:31:30: [INFO] Routing COL12 pads
13:31:30: [INFO] Routing pad 'SW30:1' at (272415000, 78422500) with pad 'SW47:1' at (272415000, 97472500) using coordinate system rotated by 0 degree(s)
13:31:30: [INFO] Adding track segment (F.Cu): [(272415000, 78422500), (272415000, 97472500)]
13:31:30: [INFO] Routing pad 'SW47:1' at (272415000, 97472500) with pad 'SW64:1' at (272415000, 116522500) using coordinate system rotated by 0 degree(s)
13:31:30: [INFO] Adding track segment (F.Cu): [(272415000, 97472500), (272415000, 116522500)]
13:31:30: [INFO] Routing pad 'SW64:1' at (272415000, 116522500) with pad 'SW78:1' at (272415000, 135572500) using coordinate system rotated by 0 degree(s)
13:31:30: [INFO] Adding track segment (F.Cu): [(272415000, 116522500), (272415000, 135572500)]
13:31:30: [INFO] Routing pad 'SW78:1' at (272415000, 135572500) with pad 'SW92:1' at (272415000, 154622500) using coordinate system rotated by 0 degree(s)
13:31:30: [INFO] Adding track segment (F.Cu): [(272415000, 135572500), (272415000, 154622500)]
13:31:30: [INFO] Routing pad 'SW30:1' at (272415000, 78422500) with pad 'SW13:1' at (277177500, 54610000) using coordinate system rotated by 0 degree(s)
13:31:31: [INFO] Adding track segment (F.Cu): [(272415000, 78422500), (277177500, 73660000)]
13:31:31: [INFO] Adding track segment (F.Cu): [(277177500, 73660000), (277177500, 54610000)]
13:31:31: [INFO] Routing pad 'SW13:1' at (277177500, 54610000) with pad 'SW13a:1' at (281940000, 54610000) using coordinate system rotated by 0 degree(s)
13:31:31: [INFO] Adding track segment (F.Cu): [(277177500, 54610000), (281940000, 54610000)]
13:31:31: [INFO] Routing COL7 pads
13:31:31: [INFO] Routing pad 'SW8:1' at (177165000, 54610000) with pad 'SW25:1' at (177165000, 78422500) using coordinate system rotated by 0 degree(s)
13:31:31: [INFO] Adding track segment (F.Cu): [(177165000, 54610000), (177165000, 78422500)]
13:31:31: [INFO] Routing pad 'SW25:1' at (177165000, 78422500) with pad 'SW42a:1' at (177165000, 97472500) using coordinate system rotated by 0 degree(s)
13:31:31: [INFO] Adding track segment (F.Cu): [(177165000, 78422500), (177165000, 97472500)]
13:31:31: [INFO] Routing pad 'SW42a:1' at (177165000, 97472500) with pad 'SW42:1' at (177165000, 102235000) using coordinate system rotated by 0 degree(s)
13:31:31: [INFO] Adding track segment (F.Cu): [(177165000, 97472500), (177165000, 102235000)]
13:31:31: [INFO] Routing pad 'SW42:1' at (177165000, 102235000) with pad 'SW59:1' at (177165000, 116522500) using coordinate system rotated by 0 degree(s)
13:31:31: [INFO] Adding track segment (F.Cu): [(177165000, 102235000), (177165000, 116522500)]
13:31:31: [INFO] Routing pad 'SW59:1' at (177165000, 116522500) with pad 'SW73:1' at (177165000, 130810000) using coordinate system rotated by 0 degree(s)
13:31:31: [INFO] Adding track segment (F.Cu): [(177165000, 116522500), (177165000, 130810000)]
13:31:31: [INFO] Routing pad 'SW73:1' at (177165000, 130810000) with pad 'SW73a:1' at (177165000, 135572500) using coordinate system rotated by 0 degree(s)
13:31:31: [INFO] Adding track segment (F.Cu): [(177165000, 130810000), (177165000, 135572500)]
13:31:31: [INFO] Routing COL6 pads
13:31:31: [INFO] Routing pad 'SW7:1' at (158115000, 54610000) with pad 'SW24:1' at (158115000, 78422500) using coordinate system rotated by 0 degree(s)
13:31:31: [INFO] Adding track segment (F.Cu): [(158115000, 54610000), (158115000, 78422500)]
13:31:31: [INFO] Routing pad 'SW24:1' at (158115000, 78422500) with pad 'SW41a:1' at (158115000, 97472500) using coordinate system rotated by 0 degree(s)
13:31:31: [INFO] Adding track segment (F.Cu): [(158115000, 78422500), (158115000, 97472500)]
13:31:31: [INFO] Routing pad 'SW41a:1' at (158115000, 97472500) with pad 'SW41:1' at (158115000, 102235000) using coordinate system rotated by 0 degree(s)
13:31:31: [INFO] Adding track segment (F.Cu): [(158115000, 97472500), (158115000, 102235000)]
13:31:31: [INFO] Routing pad 'SW41:1' at (158115000, 102235000) with pad 'SW58:1' at (158115000, 116522500) using coordinate system rotated by 0 degree(s)
13:31:31: [INFO] Adding track segment (F.Cu): [(158115000, 102235000), (158115000, 116522500)]
13:31:31: [INFO] Routing pad 'SW58:1' at (158115000, 116522500) with pad 'SW72:1' at (158115000, 130810000) using coordinate system rotated by 0 degree(s)
13:31:31: [INFO] Adding track segment (F.Cu): [(158115000, 116522500), (158115000, 130810000)]
13:31:31: [INFO] Routing pad 'SW72:1' at (158115000, 130810000) with pad 'SW72a:1' at (158115000, 135572500) using coordinate system rotated by 0 degree(s)
13:31:31: [INFO] Adding track segment (F.Cu): [(158115000, 130810000), (158115000, 135572500)]
13:31:31: [INFO] Routing pad 'SW72a:1' at (158115000, 135572500) with pad 'SW87:1' at (167640000, 154622500) using coordinate system rotated by 0 degree(s)
13:31:31: [INFO] Routing ROW3 pads
13:31:31: [INFO] Routing pad 'D52:1' at (47942500, 124462500) with pad 'D53:1' at (71755000, 124462500) using coordinate system rotated by 0 degree(s)
13:31:31: [INFO] Adding track segment (B.Cu): [(47942500, 124462500), (71755000, 124462500)]
13:31:31: [INFO] Routing pad 'D53:1' at (71755000, 124462500) with pad 'D54:1' at (90805000, 124462500) using coordinate system rotated by 0 degree(s)
13:31:31: [INFO] Adding track segment (B.Cu): [(71755000, 124462500), (90805000, 124462500)]
13:31:31: [INFO] Routing pad 'D54:1' at (90805000, 124462500) with pad 'D55:1' at (109855000, 124462500) using coordinate system rotated by 0 degree(s)
13:31:31: [INFO] Adding track segment (B.Cu): [(90805000, 124462500), (109855000, 124462500)]
13:31:31: [INFO] Routing pad 'D55:1' at (109855000, 124462500) with pad 'D56:1' at (128905000, 124462500) using coordinate system rotated by 0 degree(s)
13:31:31: [INFO] Adding track segment (B.Cu): [(109855000, 124462500), (128905000, 124462500)]
13:31:31: [INFO] Routing pad 'D56:1' at (128905000, 124462500) with pad 'D57:1' at (147955000, 124462500) using coordinate system rotated by 0 degree(s)
13:31:31: [INFO] Adding track segment (B.Cu): [(128905000, 124462500), (147955000, 124462500)]
13:31:31: [INFO] Routing pad 'D57:1' at (147955000, 124462500) with pad 'D58:1' at (167005000, 124462500) using coordinate system rotated by 0 degree(s)
13:31:31: [INFO] Adding track segment (B.Cu): [(147955000, 124462500), (167005000, 124462500)]
13:31:31: [INFO] Routing pad 'D58:1' at (167005000, 124462500) with pad 'D59:1' at (186055000, 124462500) using coordinate system rotated by 0 degree(s)
13:31:31: [INFO] Adding track segment (B.Cu): [(167005000, 124462500), (186055000, 124462500)]
13:31:31: [INFO] Routing pad 'D59:1' at (186055000, 124462500) with pad 'D60:1' at (205105000, 124462500) using coordinate system rotated by 0 degree(s)
13:31:31: [INFO] Adding track segment (B.Cu): [(186055000, 124462500), (205105000, 124462500)]
13:31:31: [INFO] Routing pad 'D60:1' at (205105000, 124462500) with pad 'D61:1' at (224155000, 124462500) using coordinate system rotated by 0 degree(s)
13:31:31: [INFO] Adding track segment (B.Cu): [(205105000, 124462500), (224155000, 124462500)]
13:31:31: [INFO] Routing pad 'D61:1' at (224155000, 124462500) with pad 'D62:1' at (243205000, 124462500) using coordinate system rotated by 0 degree(s)
13:31:31: [INFO] Adding track segment (B.Cu): [(224155000, 124462500), (243205000, 124462500)]
13:31:31: [INFO] Routing pad 'D62:1' at (243205000, 124462500) with pad 'D63:1' at (262255000, 124462500) using coordinate system rotated by 0 degree(s)
13:31:31: [INFO] Adding track segment (B.Cu): [(243205000, 124462500), (262255000, 124462500)]
13:31:31: [INFO] Routing pad 'D63:1' at (262255000, 124462500) with pad 'D64:1' at (281305000, 124462500) using coordinate system rotated by 0 degree(s)
13:31:31: [INFO] Adding track segment (B.Cu): [(262255000, 124462500), (281305000, 124462500)]
13:31:31: [INFO] Routing pad 'D64:1' at (281305000, 124462500) with pad 'D65:1' at (305117500, 124462500) using coordinate system rotated by 0 degree(s)
13:31:31: [INFO] Adding track segment (B.Cu): [(281305000, 124462500), (305117500, 124462500)]
13:31:31: [INFO] Routing COL4 pads
13:31:31: [INFO] Routing pad 'SW5:1' at (115252500, 54610000) with pad 'SW22:1' at (120015000, 78422500) using coordinate system rotated by 0 degree(s)
13:31:31: [INFO] Routing pad 'SW22:1' at (120015000, 78422500) with pad 'SW39:1' at (120015000, 97472500) using coordinate system rotated by 0 degree(s)
13:31:31: [INFO] Adding track segment (F.Cu): [(120015000, 78422500), (120015000, 97472500)]
13:31:31: [INFO] Routing pad 'SW39:1' at (120015000, 97472500) with pad 'SW56:1' at (120015000, 116522500) using coordinate system rotated by 0 degree(s)
13:31:31: [INFO] Adding track segment (F.Cu): [(120015000, 97472500), (120015000, 116522500)]
13:31:31: [INFO] Routing pad 'SW56:1' at (120015000, 116522500) with pad 'SW70:1' at (120015000, 135572500) using coordinate system rotated by 0 degree(s)
13:31:31: [INFO] Adding track segment (F.Cu): [(120015000, 116522500), (120015000, 135572500)]
13:31:31: [INFO] Routing pad 'SW70:1' at (120015000, 135572500) with pad 'SW85:1' at (120015000, 154622500) using coordinate system rotated by 0 degree(s)
13:31:31: [INFO] Adding track segment (F.Cu): [(120015000, 135572500), (120015000, 154622500)]
13:31:31: [INFO] Routing pad 'SW5:1' at (115252500, 54610000) with pad 'SW5a:1' at (129540000, 54610000) using coordinate system rotated by 0 degree(s)
13:31:31: [INFO] Adding track segment (F.Cu): [(115252500, 54610000), (129540000, 54610000)]
13:31:31: [INFO] Routing pad 'SW85:1' at (120015000, 154622500) with pad 'SW85a:1' at (129540000, 154622500) using coordinate system rotated by 0 degree(s)
13:31:31: [INFO] Adding track segment (F.Cu): [(120015000, 154622500), (129540000, 154622500)]
13:31:31: [INFO] Routing pad 'SW85a:1' at (129540000, 154622500) with pad 'SW85b:1' at (215265000, 154622500) using coordinate system rotated by 0 degree(s)
13:31:31: [INFO] Adding track segment (F.Cu): [(129540000, 154622500), (215265000, 154622500)]
13:31:31: [INFO] Could not add track segment due to detected collision
13:31:31: [INFO] Routing ROW5 pads
13:31:31: [INFO] Routing pad 'D81:1' at (47942500, 162562500) with pad 'D82:1' at (71755000, 162562500) using coordinate system rotated by 0 degree(s)
13:31:31: [INFO] Adding track segment (B.Cu): [(47942500, 162562500), (71755000, 162562500)]
13:31:31: [INFO] Routing pad 'D82:1' at (71755000, 162562500) with pad 'D83:1' at (90805000, 162562500) using coordinate system rotated by 0 degree(s)
13:31:31: [INFO] Adding track segment (B.Cu): [(71755000, 162562500), (90805000, 162562500)]
13:31:31: [INFO] Routing pad 'D83:1' at (90805000, 162562500) with pad 'D84:1' at (109855000, 162562500) using coordinate system rotated by 0 degree(s)
13:31:31: [INFO] Adding track segment (B.Cu): [(90805000, 162562500), (109855000, 162562500)]
13:31:31: [INFO] Routing pad 'D84:1' at (109855000, 162562500) with pad 'D85:1' at (128905000, 162562500) using coordinate system rotated by 0 degree(s)
13:31:31: [INFO] Adding track segment (B.Cu): [(109855000, 162562500), (128905000, 162562500)]
13:31:31: [INFO] Routing pad 'D85:1' at (128905000, 162562500) with pad 'D86:1' at (147955000, 162562500) using coordinate system rotated by 0 degree(s)
13:31:31: [INFO] Adding track segment (B.Cu): [(128905000, 162562500), (147955000, 162562500)]
13:31:31: [INFO] Routing pad 'D86:1' at (147955000, 162562500) with pad 'D87:1' at (176530000, 162562500) using coordinate system rotated by 0 degree(s)
13:31:31: [INFO] Adding track segment (B.Cu): [(147955000, 162562500), (176530000, 162562500)]
13:31:31: [INFO] Routing pad 'D87:1' at (176530000, 162562500) with pad 'D88:1' at (205105000, 162562500) using coordinate system rotated by 0 degree(s)
13:31:31: [INFO] Adding track segment (B.Cu): [(176530000, 162562500), (205105000, 162562500)]
13:31:31: [INFO] Routing pad 'D88:1' at (205105000, 162562500) with pad 'D89:1' at (224155000, 162562500) using coordinate system rotated by 0 degree(s)
13:31:31: [INFO] Adding track segment (B.Cu): [(205105000, 162562500), (224155000, 162562500)]
13:31:31: [INFO] Routing pad 'D89:1' at (224155000, 162562500) with pad 'D90:1' at (243205000, 162562500) using coordinate system rotated by 0 degree(s)
13:31:31: [INFO] Adding track segment (B.Cu): [(224155000, 162562500), (243205000, 162562500)]
13:31:31: [INFO] Routing pad 'D90:1' at (243205000, 162562500) with pad 'D91:1' at (262255000, 162562500) using coordinate system rotated by 0 degree(s)
13:31:31: [INFO] Adding track segment (B.Cu): [(243205000, 162562500), (262255000, 162562500)]
13:31:31: [INFO] Routing pad 'D91:1' at (262255000, 162562500) with pad 'D92:1' at (281305000, 162562500) using coordinate system rotated by 0 degree(s)
13:31:31: [INFO] Adding track segment (B.Cu): [(262255000, 162562500), (281305000, 162562500)]
13:31:31: [INFO] Routing pad 'D92:1' at (281305000, 162562500) with pad 'D93:1' at (305117500, 162562500) using coordinate system rotated by 0 degree(s)
13:31:31: [INFO] Adding track segment (B.Cu): [(281305000, 162562500), (305117500, 162562500)]
13:31:31: [INFO] Routing pad 'D93:1' at (305117500, 162562500) with pad 'D94:1' at (333692500, 162562500) using coordinate system rotated by 0 degree(s)
13:31:31: [INFO] Adding track segment (B.Cu): [(305117500, 162562500), (333692500, 162562500)]
13:31:31: [INFO] Routing pad 'D94:1' at (333692500, 162562500) with pad 'D95:1' at (352742500, 162562500) using coordinate system rotated by 0 degree(s)
13:31:31: [INFO] Adding track segment (B.Cu): [(333692500, 162562500), (352742500, 162562500)]
13:31:31: [INFO] Routing pad 'D95:1' at (352742500, 162562500) with pad 'D96:1' at (371792500, 162562500) using coordinate system rotated by 0 degree(s)
13:31:31: [INFO] Adding track segment (B.Cu): [(352742500, 162562500), (371792500, 162562500)]
13:31:31: [INFO] Routing COL2 pads
13:31:31: [INFO] Routing pad 'SW3:1' at (77152500, 54610000) with pad 'SW20:1' at (81915000, 78422500) using coordinate system rotated by 0 degree(s)
13:31:31: [INFO] Routing pad 'SW20:1' at (81915000, 78422500) with pad 'SW37:1' at (81915000, 97472500) using coordinate system rotated by 0 degree(s)
13:31:31: [INFO] Adding track segment (F.Cu): [(81915000, 78422500), (81915000, 97472500)]
13:31:31: [INFO] Routing pad 'SW37:1' at (81915000, 97472500) with pad 'SW54:1' at (81915000, 116522500) using coordinate system rotated by 0 degree(s)
13:31:31: [INFO] Adding track segment (F.Cu): [(81915000, 97472500), (81915000, 116522500)]
13:31:31: [INFO] Routing pad 'SW54:1' at (81915000, 116522500) with pad 'SW68:1' at (81915000, 135572500) using coordinate system rotated by 0 degree(s)
13:31:31: [INFO] Adding track segment (F.Cu): [(81915000, 116522500), (81915000, 135572500)]
13:31:31: [INFO] Routing pad 'SW68:1' at (81915000, 135572500) with pad 'SW83:1' at (81915000, 154622500) using coordinate system rotated by 0 degree(s)
13:31:31: [INFO] Adding track segment (F.Cu): [(81915000, 135572500), (81915000, 154622500)]
13:31:31: [INFO] Routing pad 'SW83:1' at (81915000, 154622500) with pad 'SW83a:1' at (86677500, 154622500) using coordinate system rotated by 0 degree(s)
13:31:31: [INFO] Adding track segment (F.Cu): [(81915000, 154622500), (86677500, 154622500)]
13:31:31: [INFO] Routing pad 'SW3:1' at (77152500, 54610000) with pad 'SW3a:1' at (91440000, 54610000) using coordinate system rotated by 0 degree(s)
13:31:31: [INFO] Adding track segment (F.Cu): [(77152500, 54610000), (91440000, 54610000)]
13:31:31: [INFO] Routing COL11 pads
13:31:31: [INFO] Routing pad 'SW46:1' at (253365000, 97472500) with pad 'SW29:1' at (253365000, 78422500) using coordinate system rotated by 0 degree(s)
13:31:31: [INFO] Adding track segment (F.Cu): [(253365000, 97472500), (253365000, 78422500)]
13:31:31: [INFO] Routing pad 'SW63:1' at (253365000, 116522500) with pad 'SW46:1' at (253365000, 97472500) using coordinate system rotated by 0 degree(s)
13:31:31: [INFO] Adding track segment (F.Cu): [(253365000, 116522500), (253365000, 97472500)]
13:31:31: [INFO] Routing pad 'SW77:1' at (253365000, 135572500) with pad 'SW63:1' at (253365000, 116522500) using coordinate system rotated by 0 degree(s)
13:31:31: [INFO] Adding track segment (F.Cu): [(253365000, 135572500), (253365000, 116522500)]
13:31:31: [INFO] Routing pad 'SW91:1' at (253365000, 154622500) with pad 'SW77:1' at (253365000, 135572500) using coordinate system rotated by 0 degree(s)
13:31:31: [INFO] Adding track segment (F.Cu): [(253365000, 154622500), (253365000, 135572500)]
13:31:31: [INFO] Routing pad 'SW91a:1' at (248602500, 154622500) with pad 'SW91:1' at (253365000, 154622500) using coordinate system rotated by 0 degree(s)
13:31:31: [INFO] Adding track segment (F.Cu): [(248602500, 154622500), (253365000, 154622500)]
13:31:31: [INFO] Routing pad 'SW29:1' at (253365000, 78422500) with pad 'SW12:1' at (258127500, 54610000) using coordinate system rotated by 0 degree(s)
13:31:31: [INFO] Adding track segment (F.Cu): [(253365000, 78422500), (258127500, 73660000)]
13:31:31: [INFO] Adding track segment (F.Cu): [(258127500, 73660000), (258127500, 54610000)]
13:31:31: [INFO] Routing pad 'SW12:1' at (258127500, 54610000) with pad 'SW12a:1' at (262890000, 54610000) using coordinate system rotated by 0 degree(s)
13:31:31: [INFO] Adding track segment (F.Cu): [(258127500, 54610000), (262890000, 54610000)]
13:31:31: [INFO] Routing COL15 pads
13:31:31: [INFO] Routing pad 'SW16:1' at (343852500, 54610000) with pad 'SW33:1' at (343852500, 78422500) using coordinate system rotated by 0 degree(s)
13:31:31: [INFO] Adding track segment (F.Cu): [(343852500, 54610000), (343852500, 78422500)]
13:31:31: [INFO] Routing pad 'SW33:1' at (343852500, 78422500) with pad 'SW50:1' at (343852500, 97472500) using coordinate system rotated by 0 degree(s)
13:31:31: [INFO] Adding track segment (F.Cu): [(343852500, 78422500), (343852500, 97472500)]
13:31:31: [INFO] Routing pad 'SW50:1' at (343852500, 97472500) with pad 'SW80:1' at (343852500, 135572500) using coordinate system rotated by 0 degree(s)
13:31:31: [INFO] Adding track segment (F.Cu): [(343852500, 97472500), (343852500, 135572500)]
13:31:31: [INFO] Routing pad 'SW80:1' at (343852500, 135572500) with pad 'SW95:1' at (343852500, 154622500) using coordinate system rotated by 0 degree(s)
13:31:31: [INFO] Adding track segment (F.Cu): [(343852500, 135572500), (343852500, 154622500)]
13:31:31: [INFO] Routing COL1 pads
13:31:31: [INFO] Routing pad 'SW2:1' at (58102500, 54610000) with pad 'SW19:1' at (62865000, 78422500) using coordinate system rotated by 0 degree(s)
13:31:31: [INFO] Adding track segment (F.Cu): [(58102500, 54610000), (58102500, 73660000)]
13:31:31: [INFO] Adding track segment (F.Cu): [(58102500, 73660000), (62865000, 78422500)]
13:31:31: [INFO] Routing pad 'SW19:1' at (62865000, 78422500) with pad 'SW36:1' at (62865000, 97472500) using coordinate system rotated by 0 degree(s)
13:31:31: [INFO] Adding track segment (F.Cu): [(62865000, 78422500), (62865000, 97472500)]
13:31:31: [INFO] Routing pad 'SW36:1' at (62865000, 97472500) with pad 'SW53:1' at (62865000, 116522500) using coordinate system rotated by 0 degree(s)
13:31:31: [INFO] Adding track segment (F.Cu): [(62865000, 97472500), (62865000, 116522500)]
13:31:31: [INFO] Routing pad 'SW53:1' at (62865000, 116522500) with pad 'SW67:1' at (62865000, 135572500) using coordinate system rotated by 0 degree(s)
13:31:31: [INFO] Adding track segment (F.Cu): [(62865000, 116522500), (62865000, 135572500)]
13:31:31: [INFO] Routing pad 'SW67:1' at (62865000, 135572500) with pad 'SW82:1' at (62865000, 154622500) using coordinate system rotated by 0 degree(s)
13:31:31: [INFO] Adding track segment (F.Cu): [(62865000, 135572500), (62865000, 154622500)]
13:31:31: [INFO] Routing pad 'SW2:1' at (58102500, 54610000) with pad 'SW2a:1' at (72390000, 54610000) using coordinate system rotated by 0 degree(s)
13:31:31: [INFO] Adding track segment (F.Cu): [(58102500, 54610000), (72390000, 54610000)]
13:31:31: [INFO] Routing ROW4 pads
13:31:31: [INFO] Routing pad 'D66:1' at (47942500, 143512500) with pad 'D67:1' at (71755000, 143512500) using coordinate system rotated by 0 degree(s)
13:31:31: [INFO] Adding track segment (B.Cu): [(47942500, 143512500), (71755000, 143512500)]
13:31:31: [INFO] Routing pad 'D67:1' at (71755000, 143512500) with pad 'D68:1' at (90805000, 143512500) using coordinate system rotated by 0 degree(s)
13:31:31: [INFO] Adding track segment (B.Cu): [(71755000, 143512500), (90805000, 143512500)]
13:31:31: [INFO] Routing pad 'D68:1' at (90805000, 143512500) with pad 'D69:1' at (109855000, 143512500) using coordinate system rotated by 0 degree(s)
13:31:31: [INFO] Adding track segment (B.Cu): [(90805000, 143512500), (109855000, 143512500)]
13:31:31: [INFO] Routing pad 'D69:1' at (109855000, 143512500) with pad 'D70:1' at (128905000, 143512500) using coordinate system rotated by 0 degree(s)
13:31:31: [INFO] Adding track segment (B.Cu): [(109855000, 143512500), (128905000, 143512500)]
13:31:31: [INFO] Routing pad 'D70:1' at (128905000, 143512500) with pad 'D71:1' at (147955000, 143512500) using coordinate system rotated by 0 degree(s)
13:31:31: [INFO] Adding track segment (B.Cu): [(128905000, 143512500), (147955000, 143512500)]
13:31:31: [INFO] Routing pad 'D71:1' at (147955000, 143512500) with pad 'D72:1' at (167005000, 138750000) using coordinate system rotated by 0 degree(s)
13:31:31: [INFO] Routing pad 'D72:1' at (167005000, 138750000) with pad 'D73:1' at (186055000, 138750000) using coordinate system rotated by 0 degree(s)
13:31:31: [INFO] Adding track segment (B.Cu): [(167005000, 138750000), (186055000, 138750000)]
13:31:31: [INFO] Could not add track segment due to detected collision
13:31:31: [INFO] Routing pad 'D73:1' at (186055000, 138750000) with pad 'D74:1' at (205105000, 143512500) using coordinate system rotated by 0 degree(s)
13:31:31: [INFO] Routing pad 'D74:1' at (205105000, 143512500) with pad 'D75:1' at (224155000, 143512500) using coordinate system rotated by 0 degree(s)
13:31:31: [INFO] Adding track segment (B.Cu): [(205105000, 143512500), (224155000, 143512500)]
13:31:31: [INFO] Routing pad 'D75:1' at (224155000, 143512500) with pad 'D76:1' at (243205000, 143512500) using coordinate system rotated by 0 degree(s)
13:31:31: [INFO] Adding track segment (B.Cu): [(224155000, 143512500), (243205000, 143512500)]
13:31:31: [INFO] Routing pad 'D76:1' at (243205000, 143512500) with pad 'D77:1' at (262255000, 143512500) using coordinate system rotated by 0 degree(s)
13:31:31: [INFO] Adding track segment (B.Cu): [(243205000, 143512500), (262255000, 143512500)]
13:31:31: [INFO] Routing pad 'D77:1' at (262255000, 143512500) with pad 'D78:1' at (281305000, 143512500) using coordinate system rotated by 0 degree(s)
13:31:31: [INFO] Adding track segment (B.Cu): [(262255000, 143512500), (281305000, 143512500)]
13:31:31: [INFO] Routing pad 'D78:1' at (281305000, 143512500) with pad 'D79:1' at (305117500, 143512500) using coordinate system rotated by 0 degree(s)
13:31:31: [INFO] Adding track segment (B.Cu): [(281305000, 143512500), (305117500, 143512500)]
13:31:31: [INFO] Routing pad 'D79:1' at (305117500, 143512500) with pad 'D80:1' at (352742500, 143512500) using coordinate system rotated by 0 degree(s)
13:31:31: [INFO] Adding track segment (B.Cu): [(305117500, 143512500), (352742500, 143512500)]
13:31:32: [INFO] Routing COL3 pads
13:31:32: [INFO] Routing pad 'SW4:1' at (96202500, 54610000) with pad 'SW21:1' at (100965000, 78422500) using coordinate system rotated by 0 degree(s)
13:31:32: [INFO] Routing pad 'SW21:1' at (100965000, 78422500) with pad 'SW38:1' at (100965000, 97472500) using coordinate system rotated by 0 degree(s)
13:31:32: [INFO] Adding track segment (F.Cu): [(100965000, 78422500), (100965000, 97472500)]
13:31:32: [INFO] Routing pad 'SW38:1' at (100965000, 97472500) with pad 'SW55:1' at (100965000, 116522500) using coordinate system rotated by 0 degree(s)
13:31:32: [INFO] Adding track segment (F.Cu): [(100965000, 97472500), (100965000, 116522500)]
13:31:32: [INFO] Routing pad 'SW55:1' at (100965000, 116522500) with pad 'SW69:1' at (100965000, 135572500) using coordinate system rotated by 0 degree(s)
13:31:32: [INFO] Adding track segment (F.Cu): [(100965000, 116522500), (100965000, 135572500)]
13:31:32: [INFO] Routing pad 'SW69:1' at (100965000, 135572500) with pad 'SW84:1' at (100965000, 154622500) using coordinate system rotated by 0 degree(s)
13:31:32: [INFO] Adding track segment (F.Cu): [(100965000, 135572500), (100965000, 154622500)]
13:31:32: [INFO] Routing pad 'SW4:1' at (96202500, 54610000) with pad 'SW4a:1' at (110490000, 54610000) using coordinate system rotated by 0 degree(s)
13:31:32: [INFO] Adding track segment (F.Cu): [(96202500, 54610000), (110490000, 54610000)]
13:31:32: [INFO] Removing dangling tracks
