=== kbplacer.kle_serial ===
=== layout2image.py ===
=== kbplacer ===
13:39:48: [INFO] User layout: https://editor.keyboard-tools.xyz/#share=NrDeCIGNwLgAnAYgIareANAg7rOAmAXy3AAYNSAdAOxpvNMzgl3iJPPztuoaYgAeeUgDoArCVYFiCcgBZu9Cv3BT2sjADZFvZVhZ51ZDAA4dffasMzjARio8ljS2pvlbXR7ufMrbNxi2Cl4Wvq4cgdohemHWEbZm0T4G-hH4DtyhKdJpnpkxgsLiknEa+MH5yX45ZVGVKkLwomIBGTzuTHbmgZ2c3ba9GADM-Q1FLREV7T0RYqMRddMDEQDs8xqJ+csaAJzrdm1K23a2++55S4O2I9HH7lNHV3O3V4uP8Wsv8ZuX8XtfZUOujuGHwpwBxnwF3eZRuWzGTXEAXKZ1Bz3haTewMG+E+8IAuhgAFBgapGWwUbpVcIICnQ7wIuDNEqpWkYB4MlylcAUrFZMk2Ck-JwqGk8wJA-liikeKmi7kyjlShWROVc1nihJq2IaumSgoCkh0+n8xpM4o4FUopLy3WgvkGs3NQWUiEy-Z0j3DdaFRETNlKmZs9G-NkO44UvGh8XC7FGjD-DFs+xe2zgpOak1BzVw6OK1MhmGa8OdGVRosy2MdeO2RN50H6iOg9P1qFe-C5mG+83+8XWjN0wtxtn4Evx3GjQkkiDQeBISALxfgGz4GLgVfHVf4TqroaM5kIWcIFBoVCdMWrwNVI-zxcL5ckVeaHcYFYvkwvnYv+zfzeBbePoEe6AUE35iN+z4gW+IEfiBX6AekL5gioN4nqe57cluWZVE6FpQHgt53g+CBbnISHgQhkEkaC0G+GaYgiOQh4EWh6Aruy+yrkO1Z0XgtiaIx7FthCW6dtiU6kgAnuMJCoXe942EMa5KccSkAQgSnAbxfqySxp5niycC2EiJBKWRlhyfJxHgEpVE2a+nRKbBGkJo5EpuWmHnqfZ1weeZLm2BRAV2SptE+c5PnwS5iGmc2blQihen6Rh8DGb2alad2B74XOiDydAimgv59n4EFJUhTR4ASeAchrrVxy1d5tWZeAuESMxuX6cg1m1f52RpTYtVBf1JkILVtEzix+U9aYnS1VFNXuSQ9UNf+c1AetoHLYEZX1XZ9VhfVEX1VFk2dclhkDdtMU6kZo2LQl10tW1um5dNg1FetpVfftlXVRIPjgBIxwSN5EjPTJHXHl1KV3b2EgchS1J8fdEhYkjtpwzYEjltQGMWVNVnYwmOj4wgwNAmTQOBC2NBU8D9L00BpNrsDiOsztLOA8D6Mc7YuNM1qXiC3WdMGqhMOXajDZc5jV3k82svqljJCg2JZNZXhllEcT5SdKDZWg3ZoMTa1kM5dDF2Wql0vs9sI3w1oLP29UxmlcTAtBmdx7varJPC9mFPO-rNPB37soByDzORyHQRhwrgXx9T-FJ8DntR0L3AyrHot417FtIJL1t3SsjvpPHDu67Tecu1I8vUx2wcSd7hFLjYmhrh3xwd95HcQzpUOF8l7ccQHgMd0OGuu-dHe88jNu9h3sZT9rbckB3udU13lOd6HY+dF3jO79cSsIF37Pj5z+-r6q19n4EnuX5nPAr0l6FS4vgSbwadcz4rd-gB7kfS+jc76a3agXPKRMb56xgWVHudke6mxeoPViZ4R52wPhgSe+df6f15rXFG7sb7L3zqvBSN9v7dwlEnLu1ds43wjlnbMXd1YsMCJgxhODqEpxjow9OWDn5ixdhLK209S4j1rBXaen8wS0NBEfahoDmEDGbpA32CAVhri0ccLR3ktH9x7K9S26EbBaIvp0LRODAZaLnpY18p9K4kC0aQmxNCwEyLMXvZh88VaaP-KfcAOiLHK3rjo6xct7o6Lsc4wIrjIm9h0d-Nx5cAF6PodohRgS9FsJwubchBVYmwP8d9Ipdk9HIPyW-NisTOH+O4fYghCSvECNCVE0w0ipArC8SfPh-ihE12abEqRfSnElJ3ro-+Kj7HCWmUUthqj8RAA
13:39:48: [INFO] Labels prefixes: for rows: 'ROW', for columns: 'COL'
13:39:48: [INFO] Matrix size: 7x27
13:39:51: [INFO] Add COL0 net
13:39:51: [INFO] Add COL1 net
13:39:51: [INFO] Add COL10 net
13:39:51: [INFO] Add COL11 net
13:39:51: [INFO] Add COL12 net
13:39:51: [INFO] Add COL13 net
13:39:51: [INFO] Add COL14 net
13:39:51: [INFO] Add COL15 net
13:39:51: [INFO] Add COL16 net
13:39:51: [INFO] Add COL17 net
13:39:51: [INFO] Add COL18 net
13:39:51: [INFO] Add COL19 net
13:39:51: [INFO] Add COL2 net
13:39:51: [INFO] Add COL20 net
13:39:51: [INFO] Add COL21 net
13:39:51: [INFO] Add COL22 net
13:39:51: [INFO] Add COL23 net
13:39:51: [INFO] Add COL24 net
13:39:51: [INFO] Add COL25 net
13:39:51: [INFO] Add COL26 net
13:39:51: [INFO] Add COL27 net
13:39:51: [INFO] Add COL3 net
13:39:51: [INFO] Add COL4 net
13:39:51: [INFO] Add COL5 net
13:39:51: [INFO] Add COL6 net
13:39:51: [INFO] Add COL7 net
13:39:51: [INFO] Add COL8 net
13:39:51: [INFO] Add COL9 net
13:39:51: [INFO] Add Net-(D1-A) net
13:39:51: [INFO] Add Net-(D10-A) net
13:39:51: [INFO] Add Net-(D100-A) net
13:39:51: [INFO] Add Net-(D101-A) net
13:39:51: [INFO] Add Net-(D102-A) net
13:39:51: [INFO] Add Net-(D103-A) net
13:39:51: [INFO] Add Net-(D104-A) net
13:39:51: [INFO] Add Net-(D105-A) net
13:39:51: [INFO] Add Net-(D106-A) net
13:39:51: [INFO] Add Net-(D107-A) net
13:39:51: [INFO] Add Net-(D108-A) net
13:39:51: [INFO] Add Net-(D109-A) net
13:39:51: [INFO] Add Net-(D11-A) net
13:39:51: [INFO] Add Net-(D110-A) net
13:39:51: [INFO] Add Net-(D111-A) net
13:39:51: [INFO] Add Net-(D112-A) net
13:39:51: [INFO] Add Net-(D113-A) net
13:39:51: [INFO] Add Net-(D114-A) net
13:39:51: [INFO] Add Net-(D115-A) net
13:39:51: [INFO] Add Net-(D116-A) net
13:39:51: [INFO] Add Net-(D117-A) net
13:39:51: [INFO] Add Net-(D118-A) net
13:39:51: [INFO] Add Net-(D119-A) net
13:39:51: [INFO] Add Net-(D12-A) net
13:39:51: [INFO] Add Net-(D120-A) net
13:39:51: [INFO] Add Net-(D121-A) net
13:39:51: [INFO] Add Net-(D122-A) net
13:39:51: [INFO] Add Net-(D123-A) net
13:39:51: [INFO] Add Net-(D124-A) net
13:39:51: [INFO] Add Net-(D125-A) net
13:39:51: [INFO] Add Net-(D126-A) net
13:39:51: [INFO] Add Net-(D127-A) net
13:39:51: [INFO] Add Net-(D128-A) net
13:39:51: [INFO] Add Net-(D129-A) net
13:39:51: [INFO] Add Net-(D13-A) net
13:39:51: [INFO] Add Net-(D130-A) net
13:39:51: [INFO] Add Net-(D131-A) net
13:39:51: [INFO] Add Net-(D132-A) net
13:39:51: [INFO] Add Net-(D133-A) net
13:39:51: [INFO] Add Net-(D134-A) net
13:39:51: [INFO] Add Net-(D135-A) net
13:39:51: [INFO] Add Net-(D136-A) net
13:39:51: [INFO] Add Net-(D137-A) net
13:39:51: [INFO] Add Net-(D138-A) net
13:39:51: [INFO] Add Net-(D139-A) net
13:39:51: [INFO] Add Net-(D14-A) net
13:39:51: [INFO] Add Net-(D140-A) net
13:39:51: [INFO] Add Net-(D141-A) net
13:39:51: [INFO] Add Net-(D142-A) net
13:39:51: [INFO] Add Net-(D143-A) net
13:39:51: [INFO] Add Net-(D144-A) net
13:39:51: [INFO] Add Net-(D145-A) net
13:39:51: [INFO] Add Net-(D146-A) net
13:39:51: [INFO] Add Net-(D147-A) net
13:39:51: [INFO] Add Net-(D148-A) net
13:39:51: [INFO] Add Net-(D149-A) net
13:39:51: [INFO] Add Net-(D15-A) net
13:39:51: [INFO] Add Net-(D150-A) net
13:39:51: [INFO] Add Net-(D151-A) net
13:39:51: [INFO] Add Net-(D152-A) net
13:39:51: [INFO] Add Net-(D153-A) net
13:39:51: [INFO] Add Net-(D154-A) net
13:39:51: [INFO] Add Net-(D155-A) net
13:39:51: [INFO] Add Net-(D156-A) net
13:39:51: [INFO] Add Net-(D157-A) net
13:39:51: [INFO] Add Net-(D158-A) net
13:39:51: [INFO] Add Net-(D159-A) net
13:39:51: [INFO] Add Net-(D16-A) net
13:39:51: [INFO] Add Net-(D160-A) net
13:39:51: [INFO] Add Net-(D161-A) net
13:39:51: [INFO] Add Net-(D162-A) net
13:39:51: [INFO] Add Net-(D163-A) net
13:39:51: [INFO] Add Net-(D164-A) net
13:39:51: [INFO] Add Net-(D165-A) net
13:39:51: [INFO] Add Net-(D166-A) net
13:39:51: [INFO] Add Net-(D167-A) net
13:39:51: [INFO] Add Net-(D168-A) net
13:39:51: [INFO] Add Net-(D169-A) net
13:39:51: [INFO] Add Net-(D17-A) net
13:39:51: [INFO] Add Net-(D170-A) net
13:39:51: [INFO] Add Net-(D171-A) net
13:39:51: [INFO] Add Net-(D172-A) net
13:39:51: [INFO] Add Net-(D173-A) net
13:39:51: [INFO] Add Net-(D174-A) net
13:39:51: [INFO] Add Net-(D175-A) net
13:39:51: [INFO] Add Net-(D176-A) net
13:39:51: [INFO] Add Net-(D177-A) net
13:39:51: [INFO] Add Net-(D178-A) net
13:39:51: [INFO] Add Net-(D179-A) net
13:39:51: [INFO] Add Net-(D18-A) net
13:39:51: [INFO] Add Net-(D180-A) net
13:39:51: [INFO] Add Net-(D181-A) net
13:39:51: [INFO] Add Net-(D182-A) net
13:39:51: [INFO] Add Net-(D183-A) net
13:39:51: [INFO] Add Net-(D184-A) net
13:39:51: [INFO] Add Net-(D185-A) net
13:39:51: [INFO] Add Net-(D186-A) net
13:39:51: [INFO] Add Net-(D187-A) net
13:39:51: [INFO] Add Net-(D188-A) net
13:39:51: [INFO] Add Net-(D189-A) net
13:39:51: [INFO] Add Net-(D19-A) net
13:39:51: [INFO] Add Net-(D190-A) net
13:39:51: [INFO] Add Net-(D191-A) net
13:39:51: [INFO] Add Net-(D192-A) net
13:39:51: [INFO] Add Net-(D193-A) net
13:39:51: [INFO] Add Net-(D194-A) net
13:39:51: [INFO] Add Net-(D195-A) net
13:39:51: [INFO] Add Net-(D196-A) net
13:39:51: [INFO] Add Net-(D197-A) net
13:39:51: [INFO] Add Net-(D198-A) net
13:39:51: [INFO] Add Net-(D199-A) net
13:39:51: [INFO] Add Net-(D2-A) net
13:39:51: [INFO] Add Net-(D20-A) net
13:39:51: [INFO] Add Net-(D200-A) net
13:39:51: [INFO] Add Net-(D201-A) net
13:39:51: [INFO] Add Net-(D202-A) net
13:39:51: [INFO] Add Net-(D203-A) net
13:39:51: [INFO] Add Net-(D204-A) net
13:39:51: [INFO] Add Net-(D205-A) net
13:39:51: [INFO] Add Net-(D206-A) net
13:39:51: [INFO] Add Net-(D207-A) net
13:39:51: [INFO] Add Net-(D208-A) net
13:39:51: [INFO] Add Net-(D209-A) net
13:39:51: [INFO] Add Net-(D21-A) net
13:39:51: [INFO] Add Net-(D210-A) net
13:39:51: [INFO] Add Net-(D211-A) net
13:39:51: [INFO] Add Net-(D212-A) net
13:39:51: [INFO] Add Net-(D213-A) net
13:39:51: [INFO] Add Net-(D214-A) net
13:39:51: [INFO] Add Net-(D22-A) net
13:39:51: [INFO] Add Net-(D23-A) net
13:39:51: [INFO] Add Net-(D24-A) net
13:39:51: [INFO] Add Net-(D25-A) net
13:39:51: [INFO] Add Net-(D26-A) net
13:39:51: [INFO] Add Net-(D27-A) net
13:39:51: [INFO] Add Net-(D28-A) net
13:39:51: [INFO] Add Net-(D29-A) net
13:39:51: [INFO] Add Net-(D3-A) net
13:39:51: [INFO] Add Net-(D30-A) net
13:39:51: [INFO] Add Net-(D31-A) net
13:39:51: [INFO] Add Net-(D32-A) net
13:39:51: [INFO] Add Net-(D33-A) net
13:39:51: [INFO] Add Net-(D34-A) net
13:39:51: [INFO] Add Net-(D35-A) net
13:39:51: [INFO] Add Net-(D36-A) net
13:39:51: [INFO] Add Net-(D37-A) net
13:39:51: [INFO] Add Net-(D38-A) net
13:39:51: [INFO] Add Net-(D39-A) net
13:39:51: [INFO] Add Net-(D4-A) net
13:39:51: [INFO] Add Net-(D40-A) net
13:39:51: [INFO] Add Net-(D41-A) net
13:39:51: [INFO] Add Net-(D42-A) net
13:39:51: [INFO] Add Net-(D43-A) net
13:39:51: [INFO] Add Net-(D44-A) net
13:39:51: [INFO] Add Net-(D45-A) net
13:39:51: [INFO] Add Net-(D46-A) net
13:39:51: [INFO] Add Net-(D47-A) net
13:39:51: [INFO] Add Net-(D48-A) net
13:39:51: [INFO] Add Net-(D49-A) net
13:39:51: [INFO] Add Net-(D5-A) net
13:39:51: [INFO] Add Net-(D50-A) net
13:39:51: [INFO] Add Net-(D51-A) net
13:39:51: [INFO] Add Net-(D52-A) net
13:39:51: [INFO] Add Net-(D53-A) net
13:39:51: [INFO] Add Net-(D54-A) net
13:39:51: [INFO] Add Net-(D55-A) net
13:39:51: [INFO] Add Net-(D56-A) net
13:39:51: [INFO] Add Net-(D57-A) net
13:39:51: [INFO] Add Net-(D58-A) net
13:39:51: [INFO] Add Net-(D59-A) net
13:39:51: [INFO] Add Net-(D6-A) net
13:39:51: [INFO] Add Net-(D60-A) net
13:39:51: [INFO] Add Net-(D61-A) net
13:39:51: [INFO] Add Net-(D62-A) net
13:39:51: [INFO] Add Net-(D63-A) net
13:39:51: [INFO] Add Net-(D64-A) net
13:39:51: [INFO] Add Net-(D65-A) net
13:39:51: [INFO] Add Net-(D66-A) net
13:39:51: [INFO] Add Net-(D67-A) net
13:39:51: [INFO] Add Net-(D68-A) net
13:39:51: [INFO] Add Net-(D69-A) net
13:39:51: [INFO] Add Net-(D7-A) net
13:39:51: [INFO] Add Net-(D70-A) net
13:39:51: [INFO] Add Net-(D71-A) net
13:39:51: [INFO] Add Net-(D72-A) net
13:39:51: [INFO] Add Net-(D73-A) net
13:39:51: [INFO] Add Net-(D74-A) net
13:39:51: [INFO] Add Net-(D75-A) net
13:39:51: [INFO] Add Net-(D76-A) net
13:39:51: [INFO] Add Net-(D77-A) net
13:39:51: [INFO] Add Net-(D78-A) net
13:39:51: [INFO] Add Net-(D79-A) net
13:39:51: [INFO] Add Net-(D8-A) net
13:39:51: [INFO] Add Net-(D80-A) net
13:39:51: [INFO] Add Net-(D81-A) net
13:39:51: [INFO] Add Net-(D82-A) net
13:39:51: [INFO] Add Net-(D83-A) net
13:39:51: [INFO] Add Net-(D84-A) net
13:39:51: [INFO] Add Net-(D85-A) net
13:39:51: [INFO] Add Net-(D86-A) net
13:39:51: [INFO] Add Net-(D87-A) net
13:39:51: [INFO] Add Net-(D88-A) net
13:39:51: [INFO] Add Net-(D89-A) net
13:39:51: [INFO] Add Net-(D9-A) net
13:39:51: [INFO] Add Net-(D90-A) net
13:39:51: [INFO] Add Net-(D91-A) net
13:39:51: [INFO] Add Net-(D92-A) net
13:39:51: [INFO] Add Net-(D93-A) net
13:39:51: [INFO] Add Net-(D94-A) net
13:39:51: [INFO] Add Net-(D95-A) net
13:39:51: [INFO] Add Net-(D96-A) net
13:39:51: [INFO] Add Net-(D97-A) net
13:39:51: [INFO] Add Net-(D98-A) net
13:39:51: [INFO] Add Net-(D99-A) net
13:39:51: [INFO] Add ROW0 net
13:39:51: [INFO] Add ROW1 net
13:39:51: [INFO] Add ROW2 net
13:39:51: [INFO] Add ROW3 net
13:39:51: [INFO] Add ROW4 net
13:39:51: [INFO] Add ROW5 net
13:39:51: [INFO] Add ROW6 net
13:39:51: [INFO] Add ROW7 net
13:39:51: [INFO] Add SW1 footprint
13:39:51: [INFO] Add D1 footprint
13:39:51: [INFO] Add ST1 footprint
13:39:51: [INFO] Add SW1a footprint
13:39:51: [INFO] Add SW2 footprint
13:39:51: [INFO] Add D2 footprint
13:39:51: [INFO] Add SW3 footprint
13:39:51: [INFO] Add D3 footprint
13:39:51: [INFO] Add ST3 footprint
13:39:51: [INFO] Add SW3a footprint
13:39:51: [INFO] Add SW4 footprint
13:39:51: [INFO] Add D4 footprint
13:39:51: [INFO] Add SW5 footprint
13:39:51: [INFO] Add D5 footprint
13:39:51: [INFO] Add ST5 footprint
13:39:51: [INFO] Add SW5a footprint
13:39:51: [INFO] Add SW6 footprint
13:39:51: [INFO] Add D6 footprint
13:39:51: [INFO] Add SW7 footprint
13:39:51: [INFO] Add D7 footprint
13:39:51: [INFO] Add ST7 footprint
13:39:51: [INFO] Add SW7a footprint
13:39:51: [INFO] Add SW8 footprint
13:39:51: [INFO] Add D8 footprint
13:39:51: [INFO] Add SW9 footprint
13:39:51: [INFO] Add D9 footprint
13:39:51: [INFO] Add ST9 footprint
13:39:51: [INFO] Add SW9a footprint
13:39:51: [INFO] Add SW10 footprint
13:39:51: [INFO] Add D10 footprint
13:39:51: [INFO] Add SW11 footprint
13:39:52: [INFO] Add D11 footprint
13:39:52: [INFO] Add ST11 footprint
13:39:52: [INFO] Add SW11a footprint
13:39:52: [INFO] Add SW12 footprint
13:39:52: [INFO] Add D12 footprint
13:39:52: [INFO] Add SW13 footprint
13:39:52: [INFO] Add D13 footprint
13:39:52: [INFO] Add ST13 footprint
13:39:52: [INFO] Add SW13a footprint
13:39:52: [INFO] Add SW14 footprint
13:39:52: [INFO] Add D14 footprint
13:39:52: [INFO] Add SW15 footprint
13:39:52: [INFO] Add D15 footprint
13:39:52: [INFO] Add ST15 footprint
13:39:52: [INFO] Add SW15a footprint
13:39:52: [INFO] Add SW16 footprint
13:39:52: [INFO] Add D16 footprint
13:39:52: [INFO] Add SW17 footprint
13:39:52: [INFO] Add D17 footprint
13:39:52: [INFO] Add ST17 footprint
13:39:52: [INFO] Add SW17a footprint
13:39:52: [INFO] Add SW18 footprint
13:39:52: [INFO] Add D18 footprint
13:39:52: [INFO] Add SW19 footprint
13:39:52: [INFO] Add D19 footprint
13:39:52: [INFO] Add ST19 footprint
13:39:52: [INFO] Add SW19a footprint
13:39:52: [INFO] Add SW20 footprint
13:39:52: [INFO] Add D20 footprint
13:39:52: [INFO] Add SW21 footprint
13:39:52: [INFO] Add D21 footprint
13:39:52: [INFO] Add ST21 footprint
13:39:52: [INFO] Add SW21a footprint
13:39:52: [INFO] Add SW22 footprint
13:39:52: [INFO] Add D22 footprint
13:39:52: [INFO] Add SW23 footprint
13:39:52: [INFO] Add D23 footprint
13:39:52: [INFO] Add ST23 footprint
13:39:52: [INFO] Add SW23a footprint
13:39:52: [INFO] Add SW24 footprint
13:39:52: [INFO] Add D24 footprint
13:39:53: [INFO] Add SW25 footprint
13:39:53: [INFO] Add D25 footprint
13:39:53: [INFO] Add ST25 footprint
13:39:53: [INFO] Add SW25a footprint
13:39:53: [INFO] Add SW26 footprint
13:39:53: [INFO] Add D26 footprint
13:39:53: [INFO] Add SW27 footprint
13:39:53: [INFO] Add D27 footprint
13:39:53: [INFO] Add ST27 footprint
13:39:53: [INFO] Add SW27a footprint
13:39:53: [INFO] Add SW28 footprint
13:39:53: [INFO] Add D28 footprint
13:39:53: [INFO] Add SW29 footprint
13:39:53: [INFO] Add D29 footprint
13:39:53: [INFO] Add ST29 footprint
13:39:53: [INFO] Add SW29a footprint
13:39:53: [INFO] Add SW30 footprint
13:39:53: [INFO] Add D30 footprint
13:39:53: [INFO] Add SW31 footprint
13:39:53: [INFO] Add D31 footprint
13:39:53: [INFO] Add ST31 footprint
13:39:53: [INFO] Add SW31a footprint
13:39:53: [INFO] Add SW32 footprint
13:39:53: [INFO] Add D32 footprint
13:39:53: [INFO] Add SW33 footprint
13:39:53: [INFO] Add D33 footprint
13:39:53: [INFO] Add ST33 footprint
13:39:53: [INFO] Add SW33a footprint
13:39:53: [INFO] Add SW34 footprint
13:39:53: [INFO] Add D34 footprint
13:39:53: [INFO] Add SW35 footprint
13:39:53: [INFO] Add D35 footprint
13:39:53: [INFO] Add ST35 footprint
13:39:53: [INFO] Add SW35a footprint
13:39:53: [INFO] Add SW36 footprint
13:39:53: [INFO] Add D36 footprint
13:39:53: [INFO] Add SW37 footprint
13:39:53: [INFO] Add D37 footprint
13:39:53: [INFO] Add ST37 footprint
13:39:53: [INFO] Add SW37a footprint
13:39:53: [INFO] Add SW38 footprint
13:39:54: [INFO] Add D38 footprint
13:39:54: [INFO] Add SW39 footprint
13:39:54: [INFO] Add D39 footprint
13:39:54: [INFO] Add ST39 footprint
13:39:54: [INFO] Add SW39a footprint
13:39:54: [INFO] Add SW40 footprint
13:39:54: [INFO] Add D40 footprint
13:39:54: [INFO] Add SW41 footprint
13:39:54: [INFO] Add D41 footprint
13:39:54: [INFO] Add ST41 footprint
13:39:54: [INFO] Add SW41a footprint
13:39:54: [INFO] Add SW42 footprint
13:39:54: [INFO] Add D42 footprint
13:39:54: [INFO] Add SW43 footprint
13:39:54: [INFO] Add D43 footprint
13:39:54: [INFO] Add ST43 footprint
13:39:54: [INFO] Add SW43a footprint
13:39:54: [INFO] Add SW44 footprint
13:39:54: [INFO] Add D44 footprint
13:39:54: [INFO] Add SW45 footprint
13:39:54: [INFO] Add D45 footprint
13:39:54: [INFO] Add ST45 footprint
13:39:54: [INFO] Add SW45a footprint
13:39:54: [INFO] Add SW46 footprint
13:39:54: [INFO] Add D46 footprint
13:39:54: [INFO] Add SW47 footprint
13:39:54: [INFO] Add D47 footprint
13:39:54: [INFO] Add ST47 footprint
13:39:54: [INFO] Add SW47a footprint
13:39:54: [INFO] Add SW48 footprint
13:39:54: [INFO] Add D48 footprint
13:39:54: [INFO] Add SW49 footprint
13:39:54: [INFO] Add D49 footprint
13:39:54: [INFO] Add ST49 footprint
13:39:54: [INFO] Add SW49a footprint
13:39:55: [INFO] Add SW50 footprint
13:39:55: [INFO] Add D50 footprint
13:39:55: [INFO] Add SW51 footprint
13:39:55: [INFO] Add D51 footprint
13:39:55: [INFO] Add ST51 footprint
13:39:55: [INFO] Add SW51a footprint
13:39:55: [INFO] Add SW52 footprint
13:39:55: [INFO] Add D52 footprint
13:39:55: [INFO] Add SW53 footprint
13:39:55: [INFO] Add D53 footprint
13:39:55: [INFO] Add ST53 footprint
13:39:55: [INFO] Add SW53a footprint
13:39:55: [INFO] Add SW54 footprint
13:39:55: [INFO] Add D54 footprint
13:39:55: [INFO] Add SW55 footprint
13:39:55: [INFO] Add D55 footprint
13:39:55: [INFO] Add ST55 footprint
13:39:55: [INFO] Add SW55a footprint
13:39:55: [INFO] Add SW56 footprint
13:39:55: [INFO] Add D56 footprint
13:39:55: [INFO] Add SW57 footprint
13:39:55: [INFO] Add D57 footprint
13:39:55: [INFO] Add SW58 footprint
13:39:55: [INFO] Add D58 footprint
13:39:55: [INFO] Add SW59 footprint
13:39:55: [INFO] Add D59 footprint
13:39:55: [INFO] Add SW60 footprint
13:39:55: [INFO] Add D60 footprint
13:39:55: [INFO] Add SW61 footprint
13:39:55: [INFO] Add D61 footprint
13:39:55: [INFO] Add ST61 footprint
13:39:55: [INFO] Add SW61a footprint
13:39:55: [INFO] Add SW62 footprint
13:39:55: [INFO] Add D62 footprint
13:39:55: [INFO] Add SW63 footprint
13:39:55: [INFO] Add D63 footprint
13:39:56: [INFO] Add SW64 footprint
13:39:56: [INFO] Add D64 footprint
13:39:56: [INFO] Add SW65 footprint
13:39:56: [INFO] Add D65 footprint
13:39:56: [INFO] Add SW66 footprint
13:39:56: [INFO] Add D66 footprint
13:39:56: [INFO] Add SW67 footprint
13:39:56: [INFO] Add D67 footprint
13:39:56: [INFO] Add SW68 footprint
13:39:56: [INFO] Add D68 footprint
13:39:56: [INFO] Add SW69 footprint
13:39:56: [INFO] Add D69 footprint
13:39:56: [INFO] Add SW70 footprint
13:39:56: [INFO] Add D70 footprint
13:39:56: [INFO] Add SW71 footprint
13:39:56: [INFO] Add D71 footprint
13:39:56: [INFO] Add SW72 footprint
13:39:56: [INFO] Add D72 footprint
13:39:56: [INFO] Add SW73 footprint
13:39:56: [INFO] Add D73 footprint
13:39:56: [INFO] Add SW74 footprint
13:39:56: [INFO] Add D74 footprint
13:39:56: [INFO] Add SW75 footprint
13:39:56: [INFO] Add D75 footprint
13:39:56: [INFO] Add SW76 footprint
13:39:56: [INFO] Add D76 footprint
13:39:56: [INFO] Add SW77 footprint
13:39:56: [INFO] Add D77 footprint
13:39:56: [INFO] Add SW78 footprint
13:39:56: [INFO] Add D78 footprint
13:39:56: [INFO] Add SW79 footprint
13:39:56: [INFO] Add D79 footprint
13:39:56: [INFO] Add ST79 footprint
13:39:56: [INFO] Add SW79a footprint
13:39:56: [INFO] Add SW80 footprint
13:39:57: [INFO] Add D80 footprint
13:39:57: [INFO] Add SW81 footprint
13:39:57: [INFO] Add D81 footprint
13:39:57: [INFO] Add SW82 footprint
13:39:57: [INFO] Add D82 footprint
13:39:57: [INFO] Add SW83 footprint
13:39:57: [INFO] Add D83 footprint
13:39:57: [INFO] Add SW84 footprint
13:39:57: [INFO] Add D84 footprint
13:39:57: [INFO] Add SW85 footprint
13:39:57: [INFO] Add D85 footprint
13:39:57: [INFO] Add SW86 footprint
13:39:57: [INFO] Add D86 footprint
13:39:57: [INFO] Add SW87 footprint
13:39:57: [INFO] Add D87 footprint
13:39:57: [INFO] Add SW88 footprint
13:39:57: [INFO] Add D88 footprint
13:39:57: [INFO] Add SW89 footprint
13:39:57: [INFO] Add D89 footprint
13:39:57: [INFO] Add SW90 footprint
13:39:57: [INFO] Add D90 footprint
13:39:57: [INFO] Add SW91 footprint
13:39:57: [INFO] Add D91 footprint
13:39:57: [INFO] Add SW92 footprint
13:39:57: [INFO] Add D92 footprint
13:39:57: [INFO] Add SW93 footprint
13:39:57: [INFO] Add D93 footprint
13:39:57: [INFO] Add SW94 footprint
13:39:57: [INFO] Add D94 footprint
13:39:57: [INFO] Add SW95 footprint
13:39:57: [INFO] Add D95 footprint
13:39:57: [INFO] Add SW96 footprint
13:39:57: [INFO] Add D96 footprint
13:39:57: [INFO] Add SW97 footprint
13:39:57: [INFO] Add D97 footprint
13:39:58: [INFO] Add SW98 footprint
13:39:58: [INFO] Add D98 footprint
13:39:58: [INFO] Add SW99 footprint
13:39:58: [INFO] Add D99 footprint
13:39:58: [INFO] Add SW100 footprint
13:39:58: [INFO] Add D100 footprint
13:39:58: [INFO] Add SW101 footprint
13:39:58: [INFO] Add D101 footprint
13:39:58: [INFO] Add SW102 footprint
13:39:58: [INFO] Add D102 footprint
13:39:58: [INFO] Add SW103 footprint
13:39:58: [INFO] Add D103 footprint
13:39:58: [INFO] Add SW104 footprint
13:39:58: [INFO] Add D104 footprint
13:39:58: [INFO] Add SW105 footprint
13:39:58: [INFO] Add D105 footprint
13:39:58: [INFO] Add SW106 footprint
13:39:58: [INFO] Add D106 footprint
13:39:58: [INFO] Add SW107 footprint
13:39:58: [INFO] Add D107 footprint
13:39:58: [INFO] Add SW108 footprint
13:39:58: [INFO] Add D108 footprint
13:39:58: [INFO] Add SW109 footprint
13:39:58: [INFO] Add D109 footprint
13:39:58: [INFO] Add SW110 footprint
13:39:58: [INFO] Add D110 footprint
13:39:58: [INFO] Add SW111 footprint
13:39:58: [INFO] Add D111 footprint
13:39:58: [INFO] Add SW112 footprint
13:39:58: [INFO] Add D112 footprint
13:39:58: [INFO] Add SW113 footprint
13:39:58: [INFO] Add D113 footprint
13:39:58: [INFO] Add SW114 footprint
13:39:58: [INFO] Add D114 footprint
13:39:59: [INFO] Add SW115 footprint
13:39:59: [INFO] Add D115 footprint
13:39:59: [INFO] Add SW116 footprint
13:39:59: [INFO] Add D116 footprint
13:39:59: [INFO] Add SW117 footprint
13:39:59: [INFO] Add D117 footprint
13:39:59: [INFO] Add SW118 footprint
13:39:59: [INFO] Add D118 footprint
13:39:59: [INFO] Add SW119 footprint
13:39:59: [INFO] Add D119 footprint
13:39:59: [INFO] Add SW120 footprint
13:39:59: [INFO] Add D120 footprint
13:39:59: [INFO] Add SW121 footprint
13:39:59: [INFO] Add D121 footprint
13:39:59: [INFO] Add SW122 footprint
13:39:59: [INFO] Add D122 footprint
13:39:59: [INFO] Add SW123 footprint
13:39:59: [INFO] Add D123 footprint
13:39:59: [INFO] Add SW124 footprint
13:39:59: [INFO] Add D124 footprint
13:39:59: [INFO] Add SW125 footprint
13:39:59: [INFO] Add D125 footprint
13:39:59: [INFO] Add SW126 footprint
13:39:59: [INFO] Add D126 footprint
13:39:59: [INFO] Add SW127 footprint
13:39:59: [INFO] Add D127 footprint
13:39:59: [INFO] Add SW128 footprint
13:39:59: [INFO] Add D128 footprint
13:39:59: [INFO] Add SW129 footprint
13:39:59: [INFO] Add D129 footprint
13:39:59: [INFO] Add SW130 footprint
13:39:59: [INFO] Add D130 footprint
13:39:59: [INFO] Add SW131 footprint
13:39:59: [INFO] Add D131 footprint
13:40:00: [INFO] Add SW132 footprint
13:40:00: [INFO] Add D132 footprint
13:40:00: [INFO] Add SW133 footprint
13:40:00: [INFO] Add D133 footprint
13:40:00: [INFO] Add SW134 footprint
13:40:00: [INFO] Add D134 footprint
13:40:00: [INFO] Add SW135 footprint
13:40:00: [INFO] Add D135 footprint
13:40:00: [INFO] Add SW136 footprint
13:40:00: [INFO] Add D136 footprint
13:40:00: [INFO] Add SW137 footprint
13:40:00: [INFO] Add D137 footprint
13:40:00: [INFO] Add SW138 footprint
13:40:00: [INFO] Add D138 footprint
13:40:00: [INFO] Add SW139 footprint
13:40:00: [INFO] Add D139 footprint
13:40:00: [INFO] Add SW140 footprint
13:40:00: [INFO] Add D140 footprint
13:40:00: [INFO] Add SW141 footprint
13:40:00: [INFO] Add D141 footprint
13:40:00: [INFO] Add SW142 footprint
13:40:00: [INFO] Add D142 footprint
13:40:00: [INFO] Add SW143 footprint
13:40:00: [INFO] Add D143 footprint
13:40:00: [INFO] Add SW144 footprint
13:40:00: [INFO] Add D144 footprint
13:40:00: [INFO] Add SW144a footprint
13:40:00: [INFO] Add SW145 footprint
13:40:00: [INFO] Add D145 footprint
13:40:00: [INFO] Add SW145a footprint
13:40:00: [INFO] Add SW146 footprint
13:40:00: [INFO] Add D146 footprint
13:40:00: [INFO] Add SW146a footprint
13:40:00: [INFO] Add SW147 footprint
13:40:01: [INFO] Add D147 footprint
13:40:01: [INFO] Add SW147a footprint
13:40:01: [INFO] Add SW148 footprint
13:40:01: [INFO] Add D148 footprint
13:40:01: [INFO] Add SW148a footprint
13:40:01: [INFO] Add SW149 footprint
13:40:01: [INFO] Add D149 footprint
13:40:01: [INFO] Add SW149a footprint
13:40:01: [INFO] Add SW150 footprint
13:40:01: [INFO] Add D150 footprint
13:40:01: [INFO] Add SW150a footprint
13:40:01: [INFO] Add SW151 footprint
13:40:01: [INFO] Add D151 footprint
13:40:01: [INFO] Add SW151a footprint
13:40:01: [INFO] Add SW152 footprint
13:40:01: [INFO] Add D152 footprint
13:40:01: [INFO] Add SW152a footprint
13:40:01: [INFO] Add SW153 footprint
13:40:01: [INFO] Add D153 footprint
13:40:01: [INFO] Add SW153a footprint
13:40:01: [INFO] Add SW154 footprint
13:40:01: [INFO] Add D154 footprint
13:40:01: [INFO] Add SW154a footprint
13:40:01: [INFO] Add SW155 footprint
13:40:01: [INFO] Add D155 footprint
13:40:01: [INFO] Add SW155a footprint
13:40:01: [INFO] Add SW156 footprint
13:40:01: [INFO] Add D156 footprint
13:40:01: [INFO] Add SW156a footprint
13:40:01: [INFO] Add SW157 footprint
13:40:01: [INFO] Add D157 footprint
13:40:01: [INFO] Add SW158 footprint
13:40:01: [INFO] Add D158 footprint
13:40:01: [INFO] Add SW159 footprint
13:40:01: [INFO] Add D159 footprint
13:40:01: [INFO] Add SW160 footprint
13:40:02: [INFO] Add D160 footprint
13:40:02: [INFO] Add SW161 footprint
13:40:02: [INFO] Add D161 footprint
13:40:02: [INFO] Add SW162 footprint
13:40:02: [INFO] Add D162 footprint
13:40:02: [INFO] Add SW163 footprint
13:40:02: [INFO] Add D163 footprint
13:40:02: [INFO] Add SW164 footprint
13:40:02: [INFO] Add D164 footprint
13:40:02: [INFO] Add SW165 footprint
13:40:02: [INFO] Add D165 footprint
13:40:02: [INFO] Add SW166 footprint
13:40:02: [INFO] Add D166 footprint
13:40:02: [INFO] Add SW167 footprint
13:40:02: [INFO] Add D167 footprint
13:40:02: [INFO] Add SW168 footprint
13:40:02: [INFO] Add D168 footprint
13:40:02: [INFO] Add SW169 footprint
13:40:02: [INFO] Add D169 footprint
13:40:02: [INFO] Add SW170 footprint
13:40:02: [INFO] Add D170 footprint
13:40:02: [INFO] Add SW170a footprint
13:40:02: [INFO] Add SW171 footprint
13:40:02: [INFO] Add D171 footprint
13:40:02: [INFO] Add SW171a footprint
13:40:02: [INFO] Add SW172 footprint
13:40:02: [INFO] Add D172 footprint
13:40:02: [INFO] Add SW172a footprint
13:40:02: [INFO] Add SW173 footprint
13:40:02: [INFO] Add D173 footprint
13:40:02: [INFO] Add SW173a footprint
13:40:02: [INFO] Add SW174 footprint
13:40:03: [INFO] Add D174 footprint
13:40:03: [INFO] Add SW174a footprint
13:40:03: [INFO] Add SW175 footprint
13:40:03: [INFO] Add D175 footprint
13:40:03: [INFO] Add SW175a footprint
13:40:03: [INFO] Add SW176 footprint
13:40:03: [INFO] Add D176 footprint
13:40:03: [INFO] Add SW176a footprint
13:40:03: [INFO] Add SW177 footprint
13:40:03: [INFO] Add D177 footprint
13:40:03: [INFO] Add SW177a footprint
13:40:03: [INFO] Add SW178 footprint
13:40:03: [INFO] Add D178 footprint
13:40:03: [INFO] Add SW178a footprint
13:40:03: [INFO] Add SW179 footprint
13:40:03: [INFO] Add D179 footprint
13:40:03: [INFO] Add SW179a footprint
13:40:03: [INFO] Add SW180 footprint
13:40:03: [INFO] Add D180 footprint
13:40:03: [INFO] Add SW180a footprint
13:40:03: [INFO] Add SW181 footprint
13:40:03: [INFO] Add D181 footprint
13:40:03: [INFO] Add SW181a footprint
13:40:03: [INFO] Add SW182 footprint
13:40:03: [INFO] Add D182 footprint
13:40:03: [INFO] Add SW183 footprint
13:40:03: [INFO] Add D183 footprint
13:40:03: [INFO] Add SW184 footprint
13:40:03: [INFO] Add D184 footprint
13:40:03: [INFO] Add SW185 footprint
13:40:03: [INFO] Add D185 footprint
13:40:04: [INFO] Add SW186 footprint
13:40:04: [INFO] Add D186 footprint
13:40:04: [INFO] Add SW187 footprint
13:40:04: [INFO] Add D187 footprint
13:40:04: [INFO] Add SW188 footprint
13:40:04: [INFO] Add D188 footprint
13:40:04: [INFO] Add SW189 footprint
13:40:04: [INFO] Add D189 footprint
13:40:04: [INFO] Add SW190 footprint
13:40:04: [INFO] Add D190 footprint
13:40:04: [INFO] Add SW191 footprint
13:40:04: [INFO] Add D191 footprint
13:40:04: [INFO] Add SW192 footprint
13:40:04: [INFO] Add D192 footprint
13:40:04: [INFO] Add SW193 footprint
13:40:04: [INFO] Add D193 footprint
13:40:04: [INFO] Add SW194 footprint
13:40:04: [INFO] Add D194 footprint
13:40:04: [INFO] Add SW195 footprint
13:40:04: [INFO] Add D195 footprint
13:40:04: [INFO] Add SW196 footprint
13:40:04: [INFO] Add D196 footprint
13:40:04: [INFO] Add SW196a footprint
13:40:04: [INFO] Add SW197 footprint
13:40:04: [INFO] Add D197 footprint
13:40:04: [INFO] Add SW197a footprint
13:40:04: [INFO] Add SW198 footprint
13:40:04: [INFO] Add D198 footprint
13:40:04: [INFO] Add SW199 footprint
13:40:04: [INFO] Add D199 footprint
13:40:05: [INFO] Add SW200 footprint
13:40:05: [INFO] Add D200 footprint
13:40:05: [INFO] Add SW201 footprint
13:40:05: [INFO] Add D201 footprint
13:40:05: [INFO] Add ST201 footprint
13:40:05: [INFO] Add SW202 footprint
13:40:05: [INFO] Add D202 footprint
13:40:05: [INFO] Add SW203 footprint
13:40:05: [INFO] Add D203 footprint
13:40:05: [INFO] Add SW204 footprint
13:40:05: [INFO] Add D204 footprint
13:40:05: [INFO] Add SW205 footprint
13:40:05: [INFO] Add D205 footprint
13:40:05: [INFO] Add SW205a footprint
13:40:05: [INFO] Add SW206 footprint
13:40:05: [INFO] Add D206 footprint
13:40:05: [INFO] Add SW206a footprint
13:40:05: [INFO] Add SW207 footprint
13:40:05: [INFO] Add D207 footprint
13:40:05: [INFO] Add SW207a footprint
13:40:05: [INFO] Add SW208 footprint
13:40:05: [INFO] Add D208 footprint
13:40:05: [INFO] Add SW209 footprint
13:40:05: [INFO] Add D209 footprint
13:40:05: [INFO] Add SW210 footprint
13:40:05: [INFO] Add D210 footprint
13:40:05: [INFO] Add SW211 footprint
13:40:05: [INFO] Add D211 footprint
13:40:05: [INFO] Add SW212 footprint
13:40:05: [INFO] Add D212 footprint
13:40:05: [INFO] Add SW213 footprint
13:40:05: [INFO] Add D213 footprint
13:40:06: [INFO] Add SW214 footprint
13:40:06: [INFO] Add D214 footprint
13:40:06: [INFO] Detected layout convertible to matrix annotated keyboard
13:40:06: [INFO] Using key 1U distance: (19.05, 19.05) mm
13:40:06: [INFO] Layout offset: (38100000, 28575000)
13:40:06: [INFO] Diode info: [ElementInfo(annotation_format='D{}', position_option=<PositionOption.CUSTOM: 'Custom'>, position=ElementPosition(x=5.08, y=4.0, orientation=90.0, side=<Side.BACK: 'Back'>), template_path='', start_index=-1)]
13:40:07: [INFO] Placing additional elements for SW214
13:40:07: [INFO] Placing additional elements for SW213
13:40:07: [INFO] Placing additional elements for SW212
13:40:07: [INFO] Placing additional elements for SW211
13:40:07: [INFO] Placing additional elements for SW210
13:40:07: [INFO] Placing additional elements for SW209
13:40:07: [INFO] Placing additional elements for SW208
13:40:07: [INFO] Placing additional elements for SW207a
13:40:07: [INFO] Placing additional elements for SW207
13:40:07: [INFO] Placing additional elements for SW206a
13:40:07: [INFO] Placing additional elements for SW206
13:40:07: [INFO] Placing additional elements for SW205a
13:40:07: [INFO] Placing additional elements for SW205
13:40:07: [INFO] Placing additional elements for SW204
13:40:07: [INFO] Placing additional elements for SW203
13:40:07: [INFO] Placing additional elements for SW202
13:40:07: [INFO] Placing additional elements for SW201
13:40:07: [INFO] Placing additional elements for SW200
13:40:07: [INFO] Placing additional elements for SW199
13:40:07: [INFO] Placing additional elements for SW198
13:40:07: [INFO] Placing additional elements for SW197a
13:40:07: [INFO] Placing additional elements for SW197
13:40:07: [INFO] Placing additional elements for SW196a
13:40:07: [INFO] Placing additional elements for SW196
13:40:07: [INFO] Placing additional elements for SW195
13:40:07: [INFO] Placing additional elements for SW194
13:40:07: [INFO] Placing additional elements for SW193
13:40:07: [INFO] Placing additional elements for SW192
13:40:07: [INFO] Placing additional elements for SW191
13:40:07: [INFO] Placing additional elements for SW190
13:40:07: [INFO] Placing additional elements for SW189
13:40:07: [INFO] Placing additional elements for SW188
13:40:07: [INFO] Placing additional elements for SW187
13:40:07: [INFO] Placing additional elements for SW186
13:40:07: [INFO] Placing additional elements for SW185
13:40:07: [INFO] Placing additional elements for SW184
13:40:07: [INFO] Placing additional elements for SW183
13:40:07: [INFO] Placing additional elements for SW182
13:40:07: [INFO] Placing additional elements for SW181a
13:40:07: [INFO] Placing additional elements for SW181
13:40:07: [INFO] Placing additional elements for SW180a
13:40:07: [INFO] Placing additional elements for SW180
13:40:07: [INFO] Placing additional elements for SW179a
13:40:07: [INFO] Placing additional elements for SW179
13:40:07: [INFO] Placing additional elements for SW178a
13:40:07: [INFO] Placing additional elements for SW178
13:40:07: [INFO] Placing additional elements for SW177a
13:40:07: [INFO] Placing additional elements for SW177
13:40:07: [INFO] Placing additional elements for SW176a
13:40:07: [INFO] Placing additional elements for SW176
13:40:07: [INFO] Placing additional elements for SW175a
13:40:07: [INFO] Placing additional elements for SW175
13:40:07: [INFO] Placing additional elements for SW174a
13:40:07: [INFO] Placing additional elements for SW174
13:40:07: [INFO] Placing additional elements for SW173a
13:40:07: [INFO] Placing additional elements for SW173
13:40:07: [INFO] Placing additional elements for SW172a
13:40:07: [INFO] Placing additional elements for SW172
13:40:07: [INFO] Placing additional elements for SW171a
13:40:07: [INFO] Placing additional elements for SW171
13:40:07: [INFO] Placing additional elements for SW170a
13:40:07: [INFO] Placing additional elements for SW170
13:40:07: [INFO] Placing additional elements for SW169
13:40:07: [INFO] Placing additional elements for SW168
13:40:07: [INFO] Placing additional elements for SW167
13:40:07: [INFO] Placing additional elements for SW166
13:40:07: [INFO] Placing additional elements for SW165
13:40:07: [INFO] Placing additional elements for SW164
13:40:07: [INFO] Placing additional elements for SW163
13:40:07: [INFO] Placing additional elements for SW162
13:40:07: [INFO] Placing additional elements for SW161
13:40:07: [INFO] Placing additional elements for SW160
13:40:07: [INFO] Placing additional elements for SW159
13:40:07: [INFO] Placing additional elements for SW158
13:40:07: [INFO] Placing additional elements for SW157
13:40:07: [INFO] Placing additional elements for SW156a
13:40:07: [INFO] Placing additional elements for SW156
13:40:07: [INFO] Placing additional elements for SW155a
13:40:07: [INFO] Placing additional elements for SW155
13:40:07: [INFO] Placing additional elements for SW154a
13:40:07: [INFO] Placing additional elements for SW154
13:40:07: [INFO] Placing additional elements for SW153a
13:40:07: [INFO] Placing additional elements for SW153
13:40:07: [INFO] Placing additional elements for SW152a
13:40:07: [INFO] Placing additional elements for SW152
13:40:07: [INFO] Placing additional elements for SW151a
13:40:07: [INFO] Placing additional elements for SW151
13:40:07: [INFO] Placing additional elements for SW150a
13:40:07: [INFO] Placing additional elements for SW150
13:40:07: [INFO] Placing additional elements for SW149a
13:40:07: [INFO] Placing additional elements for SW149
13:40:07: [INFO] Placing additional elements for SW148a
13:40:07: [INFO] Placing additional elements for SW148
13:40:07: [INFO] Placing additional elements for SW147a
13:40:07: [INFO] Placing additional elements for SW147
13:40:07: [INFO] Placing additional elements for SW146a
13:40:07: [INFO] Placing additional elements for SW146
13:40:07: [INFO] Placing additional elements for SW145a
13:40:07: [INFO] Placing additional elements for SW145
13:40:07: [INFO] Placing additional elements for SW144a
13:40:07: [INFO] Placing additional elements for SW144
13:40:07: [INFO] Placing additional elements for SW143
13:40:07: [INFO] Placing additional elements for SW142
13:40:07: [INFO] Placing additional elements for SW141
13:40:07: [INFO] Placing additional elements for SW140
13:40:07: [INFO] Placing additional elements for SW139
13:40:07: [INFO] Placing additional elements for SW138
13:40:07: [INFO] Placing additional elements for SW137
13:40:07: [INFO] Placing additional elements for SW136
13:40:07: [INFO] Placing additional elements for SW135
13:40:07: [INFO] Placing additional elements for SW134
13:40:07: [INFO] Placing additional elements for SW133
13:40:07: [INFO] Placing additional elements for SW132
13:40:07: [INFO] Placing additional elements for SW131
13:40:07: [INFO] Placing additional elements for SW130
13:40:07: [INFO] Placing additional elements for SW129
13:40:07: [INFO] Placing additional elements for SW128
13:40:07: [INFO] Placing additional elements for SW127
13:40:07: [INFO] Placing additional elements for SW126
13:40:07: [INFO] Placing additional elements for SW125
13:40:07: [INFO] Placing additional elements for SW124
13:40:07: [INFO] Placing additional elements for SW123
13:40:07: [INFO] Placing additional elements for SW122
13:40:07: [INFO] Placing additional elements for SW121
13:40:07: [INFO] Placing additional elements for SW120
13:40:07: [INFO] Placing additional elements for SW119
13:40:07: [INFO] Placing additional elements for SW118
13:40:07: [INFO] Placing additional elements for SW117
13:40:07: [INFO] Placing additional elements for SW116
13:40:07: [INFO] Placing additional elements for SW115
13:40:07: [INFO] Placing additional elements for SW114
13:40:07: [INFO] Placing additional elements for SW113
13:40:07: [INFO] Placing additional elements for SW112
13:40:07: [INFO] Placing additional elements for SW111
13:40:07: [INFO] Placing additional elements for SW110
13:40:07: [INFO] Placing additional elements for SW109
13:40:07: [INFO] Placing additional elements for SW108
13:40:07: [INFO] Placing additional elements for SW107
13:40:07: [INFO] Placing additional elements for SW106
13:40:07: [INFO] Placing additional elements for SW105
13:40:07: [INFO] Placing additional elements for SW104
13:40:07: [INFO] Placing additional elements for SW103
13:40:07: [INFO] Placing additional elements for SW102
13:40:07: [INFO] Placing additional elements for SW101
13:40:07: [INFO] Placing additional elements for SW100
13:40:07: [INFO] Placing additional elements for SW99
13:40:07: [INFO] Placing additional elements for SW98
13:40:07: [INFO] Placing additional elements for SW97
13:40:07: [INFO] Placing additional elements for SW96
13:40:07: [INFO] Placing additional elements for SW95
13:40:07: [INFO] Placing additional elements for SW94
13:40:07: [INFO] Placing additional elements for SW93
13:40:07: [INFO] Placing additional elements for SW92
13:40:07: [INFO] Placing additional elements for SW91
13:40:07: [INFO] Placing additional elements for SW90
13:40:07: [INFO] Placing additional elements for SW89
13:40:07: [INFO] Placing additional elements for SW88
13:40:07: [INFO] Placing additional elements for SW87
13:40:07: [INFO] Placing additional elements for SW86
13:40:07: [INFO] Placing additional elements for SW85
13:40:07: [INFO] Placing additional elements for SW84
13:40:07: [INFO] Placing additional elements for SW83
13:40:07: [INFO] Placing additional elements for SW82
13:40:07: [INFO] Placing additional elements for SW81
13:40:07: [INFO] Placing additional elements for SW80
13:40:07: [INFO] Placing additional elements for SW79a
13:40:07: [INFO] Placing additional elements for SW79
13:40:07: [INFO] Placing additional elements for SW78
13:40:07: [INFO] Placing additional elements for SW77
13:40:07: [INFO] Placing additional elements for SW76
13:40:07: [INFO] Placing additional elements for SW75
13:40:07: [INFO] Placing additional elements for SW74
13:40:07: [INFO] Placing additional elements for SW73
13:40:07: [INFO] Placing additional elements for SW72
13:40:07: [INFO] Placing additional elements for SW71
13:40:07: [INFO] Placing additional elements for SW70
13:40:07: [INFO] Placing additional elements for SW69
13:40:07: [INFO] Placing additional elements for SW68
13:40:07: [INFO] Placing additional elements for SW67
13:40:07: [INFO] Placing additional elements for SW66
13:40:07: [INFO] Placing additional elements for SW65
13:40:07: [INFO] Placing additional elements for SW64
13:40:07: [INFO] Placing additional elements for SW63
13:40:07: [INFO] Placing additional elements for SW62
13:40:07: [INFO] Placing additional elements for SW61a
13:40:07: [INFO] Placing additional elements for SW61
13:40:07: [INFO] Placing additional elements for SW60
13:40:07: [INFO] Placing additional elements for SW59
13:40:07: [INFO] Placing additional elements for SW58
13:40:07: [INFO] Placing additional elements for SW57
13:40:07: [INFO] Placing additional elements for SW56
13:40:07: [INFO] Placing additional elements for SW55a
13:40:07: [INFO] Placing additional elements for SW55
13:40:07: [INFO] Placing additional elements for SW54
13:40:07: [INFO] Placing additional elements for SW53a
13:40:07: [INFO] Placing additional elements for SW53
13:40:07: [INFO] Placing additional elements for SW52
13:40:07: [INFO] Placing additional elements for SW51a
13:40:07: [INFO] Placing additional elements for SW51
13:40:07: [INFO] Placing additional elements for SW50
13:40:07: [INFO] Placing additional elements for SW49a
13:40:07: [INFO] Placing additional elements for SW49
13:40:07: [INFO] Placing additional elements for SW48
13:40:07: [INFO] Placing additional elements for SW47a
13:40:07: [INFO] Placing additional elements for SW47
13:40:07: [INFO] Placing additional elements for SW46
13:40:07: [INFO] Placing additional elements for SW45a
13:40:07: [INFO] Placing additional elements for SW45
13:40:07: [INFO] Placing additional elements for SW44
13:40:07: [INFO] Placing additional elements for SW43a
13:40:07: [INFO] Placing additional elements for SW43
13:40:07: [INFO] Placing additional elements for SW42
13:40:07: [INFO] Placing additional elements for SW41a
13:40:07: [INFO] Placing additional elements for SW41
13:40:07: [INFO] Placing additional elements for SW40
13:40:07: [INFO] Placing additional elements for SW39a
13:40:07: [INFO] Placing additional elements for SW39
13:40:07: [INFO] Placing additional elements for SW38
13:40:07: [INFO] Placing additional elements for SW37a
13:40:07: [INFO] Placing additional elements for SW37
13:40:07: [INFO] Placing additional elements for SW36
13:40:07: [INFO] Placing additional elements for SW35a
13:40:07: [INFO] Placing additional elements for SW35
13:40:07: [INFO] Placing additional elements for SW34
13:40:07: [INFO] Placing additional elements for SW33a
13:40:07: [INFO] Placing additional elements for SW33
13:40:07: [INFO] Placing additional elements for SW32
13:40:07: [INFO] Placing additional elements for SW31a
13:40:07: [INFO] Placing additional elements for SW31
13:40:07: [INFO] Placing additional elements for SW30
13:40:07: [INFO] Placing additional elements for SW29a
13:40:07: [INFO] Placing additional elements for SW29
13:40:07: [INFO] Placing additional elements for SW28
13:40:07: [INFO] Placing additional elements for SW27a
13:40:07: [INFO] Placing additional elements for SW27
13:40:07: [INFO] Placing additional elements for SW26
13:40:07: [INFO] Placing additional elements for SW25a
13:40:07: [INFO] Placing additional elements for SW25
13:40:07: [INFO] Placing additional elements for SW24
13:40:07: [INFO] Placing additional elements for SW23a
13:40:07: [INFO] Placing additional elements for SW23
13:40:07: [INFO] Placing additional elements for SW22
13:40:07: [INFO] Placing additional elements for SW21a
13:40:07: [INFO] Placing additional elements for SW21
13:40:07: [INFO] Placing additional elements for SW20
13:40:07: [INFO] Placing additional elements for SW19a
13:40:07: [INFO] Placing additional elements for SW19
13:40:07: [INFO] Placing additional elements for SW18
13:40:07: [INFO] Placing additional elements for SW17a
13:40:07: [INFO] Placing additional elements for SW17
13:40:07: [INFO] Placing additional elements for SW16
13:40:07: [INFO] Placing additional elements for SW15a
13:40:07: [INFO] Placing additional elements for SW15
13:40:07: [INFO] Placing additional elements for SW14
13:40:07: [INFO] Placing additional elements for SW13a
13:40:07: [INFO] Placing additional elements for SW13
13:40:07: [INFO] Placing additional elements for SW12
13:40:07: [INFO] Placing additional elements for SW11a
13:40:07: [INFO] Placing additional elements for SW11
13:40:07: [INFO] Placing additional elements for SW10
13:40:07: [INFO] Placing additional elements for SW9a
13:40:07: [INFO] Placing additional elements for SW9
13:40:07: [INFO] Placing additional elements for SW8
13:40:07: [INFO] Placing additional elements for SW7a
13:40:07: [INFO] Placing additional elements for SW7
13:40:07: [INFO] Placing additional elements for SW6
13:40:07: [INFO] Placing additional elements for SW5a
13:40:07: [INFO] Placing additional elements for SW5
13:40:07: [INFO] Placing additional elements for SW4
13:40:07: [INFO] Placing additional elements for SW3a
13:40:07: [INFO] Placing additional elements for SW3
13:40:07: [INFO] Placing additional elements for SW2
13:40:07: [INFO] Placing additional elements for SW1a
13:40:07: [INFO] Placing additional elements for SW1
13:40:07: [INFO] Routing SW214 with D214
13:40:07: [INFO] Using internal autorouter method
13:40:07: [INFO] Routing pad 'SW214:2' at (583565000, 175895000) with pad 'D214:2' at (586105000, 183575000) using coordinate system rotated by 0 degree(s)
13:40:07: [INFO] Adding track segment (B.Cu): [(583565000, 175895000), (583565000, 181035000)]
13:40:07: [INFO] Adding track segment (B.Cu): [(583565000, 181035000), (586105000, 183575000)]
13:40:07: [INFO] Routing SW213 with D213
13:40:07: [INFO] Using internal autorouter method
13:40:07: [INFO] Routing pad 'SW213:2' at (564515000, 175895000) with pad 'D213:2' at (567055000, 183575000) using coordinate system rotated by 0 degree(s)
13:40:07: [INFO] Adding track segment (B.Cu): [(564515000, 175895000), (564515000, 181035000)]
13:40:07: [INFO] Adding track segment (B.Cu): [(564515000, 181035000), (567055000, 183575000)]
13:40:07: [INFO] Routing SW212 with D212
13:40:07: [INFO] Using internal autorouter method
13:40:07: [INFO] Routing pad 'SW212:2' at (545465000, 175895000) with pad 'D212:2' at (548005000, 183575000) using coordinate system rotated by 0 degree(s)
13:40:07: [INFO] Adding track segment (B.Cu): [(545465000, 175895000), (545465000, 181035000)]
13:40:07: [INFO] Adding track segment (B.Cu): [(545465000, 181035000), (548005000, 183575000)]
13:40:07: [INFO] Routing SW211 with D211
13:40:07: [INFO] Using internal autorouter method
13:40:07: [INFO] Routing pad 'SW211:2' at (526415000, 175895000) with pad 'D211:2' at (528955000, 183575000) using coordinate system rotated by 0 degree(s)
13:40:07: [INFO] Adding track segment (B.Cu): [(526415000, 175895000), (526415000, 181035000)]
13:40:07: [INFO] Adding track segment (B.Cu): [(526415000, 181035000), (528955000, 183575000)]
13:40:07: [INFO] Routing SW210 with D210
13:40:07: [INFO] Using internal autorouter method
13:40:07: [INFO] Routing pad 'SW210:2' at (497840000, 175895000) with pad 'D210:2' at (500380000, 183575000) using coordinate system rotated by 0 degree(s)
13:40:07: [INFO] Adding track segment (B.Cu): [(497840000, 175895000), (497840000, 181035000)]
13:40:07: [INFO] Adding track segment (B.Cu): [(497840000, 181035000), (500380000, 183575000)]
13:40:07: [INFO] Routing SW209 with D209
13:40:07: [INFO] Using internal autorouter method
13:40:07: [INFO] Routing pad 'SW209:2' at (478790000, 175895000) with pad 'D209:2' at (481330000, 183575000) using coordinate system rotated by 0 degree(s)
13:40:07: [INFO] Adding track segment (B.Cu): [(478790000, 175895000), (478790000, 181035000)]
13:40:07: [INFO] Adding track segment (B.Cu): [(478790000, 181035000), (481330000, 183575000)]
13:40:07: [INFO] Routing SW208 with D208
13:40:07: [INFO] Using internal autorouter method
13:40:07: [INFO] Routing pad 'SW208:2' at (459740000, 175895000) with pad 'D208:2' at (462280000, 183575000) using coordinate system rotated by 0 degree(s)
13:40:07: [INFO] Adding track segment (B.Cu): [(459740000, 175895000), (459740000, 181035000)]
13:40:07: [INFO] Adding track segment (B.Cu): [(459740000, 181035000), (462280000, 183575000)]
13:40:07: [INFO] Routing SW207a with D207
13:40:07: [INFO] Using internal autorouter method
13:40:07: [INFO] Routing pad 'SW207a:2' at (435927500, 175895000) with pad 'D207:2' at (443230000, 183575000) using coordinate system rotated by 0 degree(s)
13:40:07: [INFO] Routing SW207 with D207
13:40:07: [INFO] Using internal autorouter method
13:40:07: [INFO] Routing pad 'SW207:2' at (440690000, 175895000) with pad 'D207:2' at (443230000, 183575000) using coordinate system rotated by 0 degree(s)
13:40:07: [INFO] Adding track segment (B.Cu): [(440690000, 175895000), (440690000, 181035000)]
13:40:07: [INFO] Adding track segment (B.Cu): [(440690000, 181035000), (443230000, 183575000)]
13:40:07: [INFO] Routing SW206a with D206
13:40:07: [INFO] Using internal autorouter method
13:40:07: [INFO] Routing pad 'SW206a:2' at (407352500, 175895000) with pad 'D206:2' at (419417500, 183575000) using coordinate system rotated by 0 degree(s)
13:40:07: [INFO] Routing SW206 with D206
13:40:07: [INFO] Using internal autorouter method
13:40:07: [INFO] Routing pad 'SW206:2' at (416877500, 175895000) with pad 'D206:2' at (419417500, 183575000) using coordinate system rotated by 0 degree(s)
13:40:07: [INFO] Adding track segment (B.Cu): [(416877500, 175895000), (416877500, 181035000)]
13:40:07: [INFO] Adding track segment (B.Cu): [(416877500, 181035000), (419417500, 183575000)]
13:40:07: [INFO] Routing SW205a with D205
13:40:07: [INFO] Using internal autorouter method
13:40:07: [INFO] Routing pad 'SW205a:2' at (383540000, 175895000) with pad 'D205:2' at (395605000, 183575000) using coordinate system rotated by 0 degree(s)
13:40:07: [INFO] Routing SW205 with D205
13:40:07: [INFO] Using internal autorouter method
13:40:07: [INFO] Routing pad 'SW205:2' at (393065000, 175895000) with pad 'D205:2' at (395605000, 183575000) using coordinate system rotated by 0 degree(s)
13:40:07: [INFO] Adding track segment (B.Cu): [(393065000, 175895000), (393065000, 181035000)]
13:40:07: [INFO] Adding track segment (B.Cu): [(393065000, 181035000), (395605000, 183575000)]
13:40:07: [INFO] Routing SW204 with D204
13:40:07: [INFO] Using internal autorouter method
13:40:07: [INFO] Routing pad 'SW204:2' at (369252500, 175895000) with pad 'D204:2' at (371792500, 183575000) using coordinate system rotated by 0 degree(s)
13:40:07: [INFO] Adding track segment (B.Cu): [(369252500, 175895000), (369252500, 181035000)]
13:40:07: [INFO] Adding track segment (B.Cu): [(369252500, 181035000), (371792500, 183575000)]
13:40:07: [INFO] Routing SW203 with D203
13:40:07: [INFO] Using internal autorouter method
13:40:07: [INFO] Routing pad 'SW203:2' at (340677500, 175895000) with pad 'D203:2' at (343217500, 183575000) using coordinate system rotated by 0 degree(s)
13:40:07: [INFO] Adding track segment (B.Cu): [(340677500, 175895000), (340677500, 181035000)]
13:40:07: [INFO] Adding track segment (B.Cu): [(340677500, 181035000), (343217500, 183575000)]
13:40:07: [INFO] Routing SW202 with D202
13:40:07: [INFO] Using internal autorouter method
13:40:07: [INFO] Routing pad 'SW202:2' at (316865000, 175895000) with pad 'D202:2' at (319405000, 183575000) using coordinate system rotated by 0 degree(s)
13:40:07: [INFO] Adding track segment (B.Cu): [(316865000, 175895000), (316865000, 181035000)]
13:40:07: [INFO] Adding track segment (B.Cu): [(316865000, 181035000), (319405000, 183575000)]
13:40:07: [INFO] Routing SW201 with D201
13:40:07: [INFO] Using internal autorouter method
13:40:07: [INFO] Routing pad 'SW201:2' at (307340000, 175895000) with pad 'D201:2' at (309880000, 183575000) using coordinate system rotated by 0 degree(s)
13:40:07: [INFO] Adding track segment (B.Cu): [(307340000, 175895000), (307340000, 181035000)]
13:40:07: [INFO] Adding track segment (B.Cu): [(307340000, 181035000), (309880000, 183575000)]
13:40:07: [INFO] Routing SW200 with D200
13:40:07: [INFO] Using internal autorouter method
13:40:07: [INFO] Routing pad 'SW200:2' at (293052500, 175895000) with pad 'D200:2' at (295592500, 183575000) using coordinate system rotated by 0 degree(s)
13:40:07: [INFO] Adding track segment (B.Cu): [(293052500, 175895000), (293052500, 181035000)]
13:40:07: [INFO] Adding track segment (B.Cu): [(293052500, 181035000), (295592500, 183575000)]
13:40:08: [INFO] Routing SW199 with D199
13:40:08: [INFO] Using internal autorouter method
13:40:08: [INFO] Routing pad 'SW199:2' at (264477500, 175895000) with pad 'D199:2' at (267017500, 183575000) using coordinate system rotated by 0 degree(s)
13:40:08: [INFO] Adding track segment (B.Cu): [(264477500, 175895000), (264477500, 181035000)]
13:40:08: [INFO] Adding track segment (B.Cu): [(264477500, 181035000), (267017500, 183575000)]
13:40:08: [INFO] Routing SW198 with D198
13:40:08: [INFO] Using internal autorouter method
13:40:08: [INFO] Routing pad 'SW198:2' at (240665000, 175895000) with pad 'D198:2' at (243205000, 183575000) using coordinate system rotated by 0 degree(s)
13:40:08: [INFO] Adding track segment (B.Cu): [(240665000, 175895000), (240665000, 181035000)]
13:40:08: [INFO] Adding track segment (B.Cu): [(240665000, 181035000), (243205000, 183575000)]
13:40:08: [INFO] Routing SW197a with D197
13:40:08: [INFO] Using internal autorouter method
13:40:08: [INFO] Routing pad 'SW197a:2' at (226377500, 175895000) with pad 'D197:2' at (219392500, 183575000) using coordinate system rotated by 0 degree(s)
13:40:08: [INFO] Routing SW197 with D197
13:40:08: [INFO] Using internal autorouter method
13:40:08: [INFO] Routing pad 'SW197:2' at (216852500, 175895000) with pad 'D197:2' at (219392500, 183575000) using coordinate system rotated by 0 degree(s)
13:40:08: [INFO] Adding track segment (B.Cu): [(216852500, 175895000), (216852500, 181035000)]
13:40:08: [INFO] Adding track segment (B.Cu): [(216852500, 181035000), (219392500, 183575000)]
13:40:08: [INFO] Routing SW196a with D196
13:40:08: [INFO] Using internal autorouter method
13:40:08: [INFO] Routing pad 'SW196a:2' at (197802500, 175895000) with pad 'D196:2' at (195580000, 183575000) using coordinate system rotated by 0 degree(s)
13:40:08: [INFO] Routing SW196 with D196
13:40:08: [INFO] Using internal autorouter method
13:40:08: [INFO] Routing pad 'SW196:2' at (193040000, 175895000) with pad 'D196:2' at (195580000, 183575000) using coordinate system rotated by 0 degree(s)
13:40:08: [INFO] Routing SW195 with D195
13:40:08: [INFO] Using internal autorouter method
13:40:08: [INFO] Routing pad 'SW195:2' at (173990000, 175895000) with pad 'D195:2' at (176530000, 183575000) using coordinate system rotated by 0 degree(s)
13:40:08: [INFO] Adding track segment (B.Cu): [(173990000, 175895000), (173990000, 181035000)]
13:40:08: [INFO] Adding track segment (B.Cu): [(173990000, 181035000), (176530000, 183575000)]
13:40:08: [INFO] Routing SW194 with D194
13:40:08: [INFO] Using internal autorouter method
13:40:08: [INFO] Routing pad 'SW194:2' at (154940000, 175895000) with pad 'D194:2' at (157480000, 183575000) using coordinate system rotated by 0 degree(s)
13:40:08: [INFO] Adding track segment (B.Cu): [(154940000, 175895000), (154940000, 181035000)]
13:40:08: [INFO] Adding track segment (B.Cu): [(154940000, 181035000), (157480000, 183575000)]
13:40:08: [INFO] Routing SW193 with D193
13:40:08: [INFO] Using internal autorouter method
13:40:08: [INFO] Routing pad 'SW193:2' at (135890000, 175895000) with pad 'D193:2' at (138430000, 183575000) using coordinate system rotated by 0 degree(s)
13:40:08: [INFO] Adding track segment (B.Cu): [(135890000, 175895000), (135890000, 181035000)]
13:40:08: [INFO] Adding track segment (B.Cu): [(135890000, 181035000), (138430000, 183575000)]
13:40:08: [INFO] Routing SW192 with D192
13:40:08: [INFO] Using internal autorouter method
13:40:08: [INFO] Routing pad 'SW192:2' at (107315000, 175895000) with pad 'D192:2' at (109855000, 183575000) using coordinate system rotated by 0 degree(s)
13:40:08: [INFO] Adding track segment (B.Cu): [(107315000, 175895000), (107315000, 181035000)]
13:40:08: [INFO] Adding track segment (B.Cu): [(107315000, 181035000), (109855000, 183575000)]
13:40:08: [INFO] Routing SW191 with D191
13:40:08: [INFO] Using internal autorouter method
13:40:08: [INFO] Routing pad 'SW191:2' at (88265000, 175895000) with pad 'D191:2' at (90805000, 183575000) using coordinate system rotated by 0 degree(s)
13:40:08: [INFO] Adding track segment (B.Cu): [(88265000, 175895000), (88265000, 181035000)]
13:40:08: [INFO] Adding track segment (B.Cu): [(88265000, 181035000), (90805000, 183575000)]
13:40:08: [INFO] Routing SW190 with D190
13:40:08: [INFO] Using internal autorouter method
13:40:08: [INFO] Routing pad 'SW190:2' at (69215000, 175895000) with pad 'D190:2' at (71755000, 183575000) using coordinate system rotated by 0 degree(s)
13:40:08: [INFO] Adding track segment (B.Cu): [(69215000, 175895000), (69215000, 181035000)]
13:40:08: [INFO] Adding track segment (B.Cu): [(69215000, 181035000), (71755000, 183575000)]
13:40:08: [INFO] Routing SW189 with D189
13:40:08: [INFO] Using internal autorouter method
13:40:08: [INFO] Routing pad 'SW189:2' at (50165000, 175895000) with pad 'D189:2' at (52705000, 183575000) using coordinate system rotated by 0 degree(s)
13:40:08: [INFO] Adding track segment (B.Cu): [(50165000, 175895000), (50165000, 181035000)]
13:40:08: [INFO] Adding track segment (B.Cu): [(50165000, 181035000), (52705000, 183575000)]
13:40:08: [INFO] Routing SW188 with D188
13:40:08: [INFO] Using internal autorouter method
13:40:08: [INFO] Routing pad 'SW188:2' at (583565000, 156845000) with pad 'D188:2' at (586105000, 164525000) using coordinate system rotated by 0 degree(s)
13:40:08: [INFO] Adding track segment (B.Cu): [(583565000, 156845000), (583565000, 161985000)]
13:40:08: [INFO] Adding track segment (B.Cu): [(583565000, 161985000), (586105000, 164525000)]
13:40:08: [INFO] Routing SW187 with D187
13:40:08: [INFO] Using internal autorouter method
13:40:08: [INFO] Routing pad 'SW187:2' at (564515000, 156845000) with pad 'D187:2' at (567055000, 164525000) using coordinate system rotated by 0 degree(s)
13:40:08: [INFO] Adding track segment (B.Cu): [(564515000, 156845000), (564515000, 161985000)]
13:40:08: [INFO] Adding track segment (B.Cu): [(564515000, 161985000), (567055000, 164525000)]
13:40:08: [INFO] Routing SW186 with D186
13:40:08: [INFO] Using internal autorouter method
13:40:08: [INFO] Routing pad 'SW186:2' at (545465000, 156845000) with pad 'D186:2' at (548005000, 164525000) using coordinate system rotated by 0 degree(s)
13:40:08: [INFO] Adding track segment (B.Cu): [(545465000, 156845000), (545465000, 161985000)]
13:40:08: [INFO] Adding track segment (B.Cu): [(545465000, 161985000), (548005000, 164525000)]
13:40:08: [INFO] Routing SW185 with D185
13:40:08: [INFO] Using internal autorouter method
13:40:08: [INFO] Routing pad 'SW185:2' at (526415000, 156845000) with pad 'D185:2' at (528955000, 164525000) using coordinate system rotated by 0 degree(s)
13:40:08: [INFO] Adding track segment (B.Cu): [(526415000, 156845000), (526415000, 161985000)]
13:40:08: [INFO] Adding track segment (B.Cu): [(526415000, 161985000), (528955000, 164525000)]
13:40:08: [INFO] Routing SW184 with D184
13:40:08: [INFO] Using internal autorouter method
13:40:08: [INFO] Routing pad 'SW184:2' at (497840000, 156845000) with pad 'D184:2' at (500380000, 164525000) using coordinate system rotated by 0 degree(s)
13:40:09: [INFO] Adding track segment (B.Cu): [(497840000, 156845000), (497840000, 161985000)]
13:40:09: [INFO] Adding track segment (B.Cu): [(497840000, 161985000), (500380000, 164525000)]
13:40:09: [INFO] Routing SW183 with D183
13:40:09: [INFO] Using internal autorouter method
13:40:09: [INFO] Routing pad 'SW183:2' at (478790000, 156845000) with pad 'D183:2' at (481330000, 164525000) using coordinate system rotated by 0 degree(s)
13:40:09: [INFO] Adding track segment (B.Cu): [(478790000, 156845000), (478790000, 161985000)]
13:40:09: [INFO] Adding track segment (B.Cu): [(478790000, 161985000), (481330000, 164525000)]
13:40:09: [INFO] Routing SW182 with D182
13:40:09: [INFO] Using internal autorouter method
13:40:09: [INFO] Routing pad 'SW182:2' at (454977500, 156845000) with pad 'D182:2' at (457517500, 164525000) using coordinate system rotated by 0 degree(s)
13:40:09: [INFO] Adding track segment (B.Cu): [(454977500, 156845000), (454977500, 161985000)]
13:40:09: [INFO] Adding track segment (B.Cu): [(454977500, 161985000), (457517500, 164525000)]
13:40:09: [INFO] Routing SW181a with D181
13:40:09: [INFO] Using internal autorouter method
13:40:09: [INFO] Routing pad 'SW181a:2' at (424021250, 156845000) with pad 'D181:2' at (428942500, 164525000) using coordinate system rotated by 0 degree(s)
13:40:09: [INFO] Routing SW181 with D181
13:40:09: [INFO] Using internal autorouter method
13:40:09: [INFO] Routing pad 'SW181:2' at (426402500, 156845000) with pad 'D181:2' at (428942500, 164525000) using coordinate system rotated by 0 degree(s)
13:40:09: [INFO] Routing SW180a with D180
13:40:09: [INFO] Using internal autorouter method
13:40:09: [INFO] Routing pad 'SW180a:2' at (397827500, 156845000) with pad 'D180:2' at (405130000, 164525000) using coordinate system rotated by 0 degree(s)
13:40:09: [INFO] Routing SW180 with D180
13:40:09: [INFO] Using internal autorouter method
13:40:09: [INFO] Routing pad 'SW180:2' at (402590000, 156845000) with pad 'D180:2' at (405130000, 164525000) using coordinate system rotated by 0 degree(s)
13:40:09: [INFO] Adding track segment (B.Cu): [(402590000, 156845000), (402590000, 161985000)]
13:40:09: [INFO] Adding track segment (B.Cu): [(402590000, 161985000), (405130000, 164525000)]
13:40:09: [INFO] Routing SW179a with D179
13:40:09: [INFO] Using internal autorouter method
13:40:09: [INFO] Routing pad 'SW179a:2' at (378777500, 156845000) with pad 'D179:2' at (386080000, 164525000) using coordinate system rotated by 0 degree(s)
13:40:09: [INFO] Routing SW179 with D179
13:40:09: [INFO] Using internal autorouter method
13:40:09: [INFO] Routing pad 'SW179:2' at (383540000, 156845000) with pad 'D179:2' at (386080000, 164525000) using coordinate system rotated by 0 degree(s)
13:40:09: [INFO] Adding track segment (B.Cu): [(383540000, 156845000), (383540000, 161985000)]
13:40:09: [INFO] Adding track segment (B.Cu): [(383540000, 161985000), (386080000, 164525000)]
13:40:09: [INFO] Routing SW178a with D178
13:40:09: [INFO] Using internal autorouter method
13:40:09: [INFO] Routing pad 'SW178a:2' at (359727500, 156845000) with pad 'D178:2' at (367030000, 164525000) using coordinate system rotated by 0 degree(s)
13:40:09: [INFO] Routing SW178 with D178
13:40:09: [INFO] Using internal autorouter method
13:40:09: [INFO] Routing pad 'SW178:2' at (364490000, 156845000) with pad 'D178:2' at (367030000, 164525000) using coordinate system rotated by 0 degree(s)
13:40:09: [INFO] Adding track segment (B.Cu): [(364490000, 156845000), (364490000, 161985000)]
13:40:09: [INFO] Adding track segment (B.Cu): [(364490000, 161985000), (367030000, 164525000)]
13:40:09: [INFO] Routing SW177a with D177
13:40:09: [INFO] Using internal autorouter method
13:40:09: [INFO] Routing pad 'SW177a:2' at (340677500, 156845000) with pad 'D177:2' at (347980000, 164525000) using coordinate system rotated by 0 degree(s)
13:40:09: [INFO] Routing SW177 with D177
13:40:09: [INFO] Using internal autorouter method
13:40:09: [INFO] Routing pad 'SW177:2' at (345440000, 156845000) with pad 'D177:2' at (347980000, 164525000) using coordinate system rotated by 0 degree(s)
13:40:09: [INFO] Adding track segment (B.Cu): [(345440000, 156845000), (345440000, 161985000)]
13:40:09: [INFO] Adding track segment (B.Cu): [(345440000, 161985000), (347980000, 164525000)]
13:40:09: [INFO] Routing SW176a with D176
13:40:09: [INFO] Using internal autorouter method
13:40:09: [INFO] Routing pad 'SW176a:2' at (321627500, 156845000) with pad 'D176:2' at (328930000, 164525000) using coordinate system rotated by 0 degree(s)
13:40:09: [INFO] Routing SW176 with D176
13:40:09: [INFO] Using internal autorouter method
13:40:09: [INFO] Routing pad 'SW176:2' at (326390000, 156845000) with pad 'D176:2' at (328930000, 164525000) using coordinate system rotated by 0 degree(s)
13:40:09: [INFO] Adding track segment (B.Cu): [(326390000, 156845000), (326390000, 161985000)]
13:40:09: [INFO] Adding track segment (B.Cu): [(326390000, 161985000), (328930000, 164525000)]
13:40:09: [INFO] Routing SW175a with D175
13:40:09: [INFO] Using internal autorouter method
13:40:09: [INFO] Routing pad 'SW175a:2' at (302577500, 156845000) with pad 'D175:2' at (309880000, 164525000) using coordinate system rotated by 0 degree(s)
13:40:09: [INFO] Routing SW175 with D175
13:40:09: [INFO] Using internal autorouter method
13:40:09: [INFO] Routing pad 'SW175:2' at (307340000, 156845000) with pad 'D175:2' at (309880000, 164525000) using coordinate system rotated by 0 degree(s)
13:40:09: [INFO] Adding track segment (B.Cu): [(307340000, 156845000), (307340000, 161985000)]
13:40:09: [INFO] Adding track segment (B.Cu): [(307340000, 161985000), (309880000, 164525000)]
13:40:09: [INFO] Routing SW174a with D174
13:40:09: [INFO] Using internal autorouter method
13:40:09: [INFO] Routing pad 'SW174a:2' at (283527500, 156845000) with pad 'D174:2' at (290830000, 164525000) using coordinate system rotated by 0 degree(s)
13:40:09: [INFO] Routing SW174 with D174
13:40:09: [INFO] Using internal autorouter method
13:40:09: [INFO] Routing pad 'SW174:2' at (288290000, 156845000) with pad 'D174:2' at (290830000, 164525000) using coordinate system rotated by 0 degree(s)
13:40:09: [INFO] Adding track segment (B.Cu): [(288290000, 156845000), (288290000, 161985000)]
13:40:09: [INFO] Adding track segment (B.Cu): [(288290000, 161985000), (290830000, 164525000)]
13:40:09: [INFO] Routing SW173a with D173
13:40:09: [INFO] Using internal autorouter method
13:40:09: [INFO] Routing pad 'SW173a:2' at (264477500, 156845000) with pad 'D173:2' at (271780000, 164525000) using coordinate system rotated by 0 degree(s)
13:40:09: [INFO] Routing SW173 with D173
13:40:09: [INFO] Using internal autorouter method
13:40:09: [INFO] Routing pad 'SW173:2' at (269240000, 156845000) with pad 'D173:2' at (271780000, 164525000) using coordinate system rotated by 0 degree(s)
13:40:09: [INFO] Adding track segment (B.Cu): [(269240000, 156845000), (269240000, 161985000)]
13:40:09: [INFO] Adding track segment (B.Cu): [(269240000, 161985000), (271780000, 164525000)]
13:40:09: [INFO] Routing SW172a with D172
13:40:09: [INFO] Using internal autorouter method
13:40:09: [INFO] Routing pad 'SW172a:2' at (245427500, 156845000) with pad 'D172:2' at (252730000, 164525000) using coordinate system rotated by 0 degree(s)
13:40:09: [INFO] Routing SW172 with D172
13:40:09: [INFO] Using internal autorouter method
13:40:09: [INFO] Routing pad 'SW172:2' at (250190000, 156845000) with pad 'D172:2' at (252730000, 164525000) using coordinate system rotated by 0 degree(s)
13:40:09: [INFO] Adding track segment (B.Cu): [(250190000, 156845000), (250190000, 161985000)]
13:40:09: [INFO] Adding track segment (B.Cu): [(250190000, 161985000), (252730000, 164525000)]
13:40:09: [INFO] Routing SW171a with D171
13:40:09: [INFO] Using internal autorouter method
13:40:09: [INFO] Routing pad 'SW171a:2' at (226377500, 156845000) with pad 'D171:2' at (233680000, 164525000) using coordinate system rotated by 0 degree(s)
13:40:09: [INFO] Routing SW171 with D171
13:40:09: [INFO] Using internal autorouter method
13:40:09: [INFO] Routing pad 'SW171:2' at (231140000, 156845000) with pad 'D171:2' at (233680000, 164525000) using coordinate system rotated by 0 degree(s)
13:40:10: [INFO] Adding track segment (B.Cu): [(231140000, 156845000), (231140000, 161985000)]
13:40:10: [INFO] Adding track segment (B.Cu): [(231140000, 161985000), (233680000, 164525000)]
13:40:10: [INFO] Routing SW170a with D170
13:40:10: [INFO] Using internal autorouter method
13:40:10: [INFO] Routing pad 'SW170a:2' at (204946250, 156845000) with pad 'D170:2' at (209867500, 164525000) using coordinate system rotated by 0 degree(s)
13:40:10: [INFO] Routing SW170 with D170
13:40:10: [INFO] Using internal autorouter method
13:40:10: [INFO] Routing pad 'SW170:2' at (207327500, 156845000) with pad 'D170:2' at (209867500, 164525000) using coordinate system rotated by 0 degree(s)
13:40:10: [INFO] Routing SW169 with D169
13:40:10: [INFO] Using internal autorouter method
13:40:10: [INFO] Routing pad 'SW169:2' at (178752500, 156845000) with pad 'D169:2' at (181292500, 164525000) using coordinate system rotated by 0 degree(s)
13:40:10: [INFO] Adding track segment (B.Cu): [(178752500, 156845000), (178752500, 161985000)]
13:40:10: [INFO] Adding track segment (B.Cu): [(178752500, 161985000), (181292500, 164525000)]
13:40:10: [INFO] Routing SW168 with D168
13:40:10: [INFO] Using internal autorouter method
13:40:10: [INFO] Routing pad 'SW168:2' at (154940000, 156845000) with pad 'D168:2' at (157480000, 164525000) using coordinate system rotated by 0 degree(s)
13:40:10: [INFO] Adding track segment (B.Cu): [(154940000, 156845000), (154940000, 161985000)]
13:40:10: [INFO] Adding track segment (B.Cu): [(154940000, 161985000), (157480000, 164525000)]
13:40:10: [INFO] Routing SW167 with D167
13:40:10: [INFO] Using internal autorouter method
13:40:10: [INFO] Routing pad 'SW167:2' at (135890000, 156845000) with pad 'D167:2' at (138430000, 164525000) using coordinate system rotated by 0 degree(s)
13:40:10: [INFO] Adding track segment (B.Cu): [(135890000, 156845000), (135890000, 161985000)]
13:40:10: [INFO] Adding track segment (B.Cu): [(135890000, 161985000), (138430000, 164525000)]
13:40:10: [INFO] Routing SW166 with D166
13:40:10: [INFO] Using internal autorouter method
13:40:10: [INFO] Routing pad 'SW166:2' at (107315000, 156845000) with pad 'D166:2' at (109855000, 164525000) using coordinate system rotated by 0 degree(s)
13:40:10: [INFO] Adding track segment (B.Cu): [(107315000, 156845000), (107315000, 161985000)]
13:40:10: [INFO] Adding track segment (B.Cu): [(107315000, 161985000), (109855000, 164525000)]
13:40:10: [INFO] Routing SW165 with D165
13:40:10: [INFO] Using internal autorouter method
13:40:10: [INFO] Routing pad 'SW165:2' at (88265000, 156845000) with pad 'D165:2' at (90805000, 164525000) using coordinate system rotated by 0 degree(s)
13:40:10: [INFO] Adding track segment (B.Cu): [(88265000, 156845000), (88265000, 161985000)]
13:40:10: [INFO] Adding track segment (B.Cu): [(88265000, 161985000), (90805000, 164525000)]
13:40:10: [INFO] Routing SW164 with D164
13:40:10: [INFO] Using internal autorouter method
13:40:10: [INFO] Routing pad 'SW164:2' at (69215000, 156845000) with pad 'D164:2' at (71755000, 164525000) using coordinate system rotated by 0 degree(s)
13:40:10: [INFO] Adding track segment (B.Cu): [(69215000, 156845000), (69215000, 161985000)]
13:40:10: [INFO] Adding track segment (B.Cu): [(69215000, 161985000), (71755000, 164525000)]
13:40:10: [INFO] Routing SW163 with D163
13:40:10: [INFO] Using internal autorouter method
13:40:10: [INFO] Routing pad 'SW163:2' at (50165000, 156845000) with pad 'D163:2' at (52705000, 164525000) using coordinate system rotated by 0 degree(s)
13:40:10: [INFO] Adding track segment (B.Cu): [(50165000, 156845000), (50165000, 161985000)]
13:40:10: [INFO] Adding track segment (B.Cu): [(50165000, 161985000), (52705000, 164525000)]
13:40:10: [INFO] Routing SW162 with D162
13:40:10: [INFO] Using internal autorouter method
13:40:10: [INFO] Routing pad 'SW162:2' at (583565000, 137795000) with pad 'D162:2' at (586105000, 145475000) using coordinate system rotated by 0 degree(s)
13:40:10: [INFO] Adding track segment (B.Cu): [(583565000, 137795000), (583565000, 142935000)]
13:40:10: [INFO] Adding track segment (B.Cu): [(583565000, 142935000), (586105000, 145475000)]
13:40:10: [INFO] Routing SW161 with D161
13:40:10: [INFO] Using internal autorouter method
13:40:10: [INFO] Routing pad 'SW161:2' at (564515000, 137795000) with pad 'D161:2' at (567055000, 145475000) using coordinate system rotated by 0 degree(s)
13:40:10: [INFO] Adding track segment (B.Cu): [(564515000, 137795000), (564515000, 142935000)]
13:40:10: [INFO] Adding track segment (B.Cu): [(564515000, 142935000), (567055000, 145475000)]
13:40:10: [INFO] Routing SW160 with D160
13:40:10: [INFO] Using internal autorouter method
13:40:10: [INFO] Routing pad 'SW160:2' at (545465000, 137795000) with pad 'D160:2' at (548005000, 145475000) using coordinate system rotated by 0 degree(s)
13:40:10: [INFO] Adding track segment (B.Cu): [(545465000, 137795000), (545465000, 142935000)]
13:40:10: [INFO] Adding track segment (B.Cu): [(545465000, 142935000), (548005000, 145475000)]
13:40:10: [INFO] Routing SW159 with D159
13:40:10: [INFO] Using internal autorouter method
13:40:10: [INFO] Routing pad 'SW159:2' at (526415000, 137795000) with pad 'D159:2' at (528955000, 145475000) using coordinate system rotated by 0 degree(s)
13:40:10: [INFO] Adding track segment (B.Cu): [(526415000, 137795000), (526415000, 142935000)]
13:40:10: [INFO] Adding track segment (B.Cu): [(526415000, 142935000), (528955000, 145475000)]
13:40:10: [INFO] Routing SW158 with D158
13:40:10: [INFO] Using internal autorouter method
13:40:10: [INFO] Routing pad 'SW158:2' at (493077500, 137795000) with pad 'D158:2' at (495617500, 145475000) using coordinate system rotated by 0 degree(s)
13:40:10: [INFO] Adding track segment (B.Cu): [(493077500, 137795000), (493077500, 142935000)]
13:40:10: [INFO] Adding track segment (B.Cu): [(493077500, 142935000), (495617500, 145475000)]
13:40:10: [INFO] Routing SW157 with D157
13:40:10: [INFO] Using internal autorouter method
13:40:10: [INFO] Routing pad 'SW157:2' at (464502500, 137795000) with pad 'D157:2' at (467042500, 145475000) using coordinate system rotated by 0 degree(s)
13:40:10: [INFO] Adding track segment (B.Cu): [(464502500, 137795000), (464502500, 142935000)]
13:40:10: [INFO] Adding track segment (B.Cu): [(464502500, 142935000), (467042500, 145475000)]
13:40:10: [INFO] Routing SW156a with D156
13:40:10: [INFO] Using internal autorouter method
13:40:10: [INFO] Routing pad 'SW156a:2' at (433546250, 137795000) with pad 'D156:2' at (438467500, 145475000) using coordinate system rotated by 0 degree(s)
13:40:11: [INFO] Routing SW156 with D156
13:40:11: [INFO] Using internal autorouter method
13:40:11: [INFO] Routing pad 'SW156:2' at (435927500, 137795000) with pad 'D156:2' at (438467500, 145475000) using coordinate system rotated by 0 degree(s)
13:40:11: [INFO] Routing SW155a with D155
13:40:11: [INFO] Using internal autorouter method
13:40:11: [INFO] Routing pad 'SW155a:2' at (407352500, 137795000) with pad 'D155:2' at (414655000, 145475000) using coordinate system rotated by 0 degree(s)
13:40:11: [INFO] Routing SW155 with D155
13:40:11: [INFO] Using internal autorouter method
13:40:11: [INFO] Routing pad 'SW155:2' at (412115000, 137795000) with pad 'D155:2' at (414655000, 145475000) using coordinate system rotated by 0 degree(s)
13:40:11: [INFO] Adding track segment (B.Cu): [(412115000, 137795000), (412115000, 142935000)]
13:40:11: [INFO] Adding track segment (B.Cu): [(412115000, 142935000), (414655000, 145475000)]
13:40:11: [INFO] Routing SW154a with D154
13:40:11: [INFO] Using internal autorouter method
13:40:11: [INFO] Routing pad 'SW154a:2' at (388302500, 137795000) with pad 'D154:2' at (395605000, 145475000) using coordinate system rotated by 0 degree(s)
13:40:11: [INFO] Routing SW154 with D154
13:40:11: [INFO] Using internal autorouter method
13:40:11: [INFO] Routing pad 'SW154:2' at (393065000, 137795000) with pad 'D154:2' at (395605000, 145475000) using coordinate system rotated by 0 degree(s)
13:40:11: [INFO] Adding track segment (B.Cu): [(393065000, 137795000), (393065000, 142935000)]
13:40:11: [INFO] Adding track segment (B.Cu): [(393065000, 142935000), (395605000, 145475000)]
13:40:11: [INFO] Routing SW153a with D153
13:40:11: [INFO] Using internal autorouter method
13:40:11: [INFO] Routing pad 'SW153a:2' at (369252500, 137795000) with pad 'D153:2' at (376555000, 145475000) using coordinate system rotated by 0 degree(s)
13:40:11: [INFO] Routing SW153 with D153
13:40:11: [INFO] Using internal autorouter method
13:40:11: [INFO] Routing pad 'SW153:2' at (374015000, 137795000) with pad 'D153:2' at (376555000, 145475000) using coordinate system rotated by 0 degree(s)
13:40:11: [INFO] Adding track segment (B.Cu): [(374015000, 137795000), (374015000, 142935000)]
13:40:11: [INFO] Adding track segment (B.Cu): [(374015000, 142935000), (376555000, 145475000)]
13:40:11: [INFO] Routing SW152a with D152
13:40:11: [INFO] Using internal autorouter method
13:40:11: [INFO] Routing pad 'SW152a:2' at (350202500, 137795000) with pad 'D152:2' at (357505000, 145475000) using coordinate system rotated by 0 degree(s)
13:40:11: [INFO] Routing SW152 with D152
13:40:11: [INFO] Using internal autorouter method
13:40:11: [INFO] Routing pad 'SW152:2' at (354965000, 137795000) with pad 'D152:2' at (357505000, 145475000) using coordinate system rotated by 0 degree(s)
13:40:11: [INFO] Adding track segment (B.Cu): [(354965000, 137795000), (354965000, 142935000)]
13:40:11: [INFO] Adding track segment (B.Cu): [(354965000, 142935000), (357505000, 145475000)]
13:40:11: [INFO] Routing SW151a with D151
13:40:11: [INFO] Using internal autorouter method
13:40:11: [INFO] Routing pad 'SW151a:2' at (331152500, 137795000) with pad 'D151:2' at (338455000, 145475000) using coordinate system rotated by 0 degree(s)
13:40:11: [INFO] Routing SW151 with D151
13:40:11: [INFO] Using internal autorouter method
13:40:11: [INFO] Routing pad 'SW151:2' at (335915000, 137795000) with pad 'D151:2' at (338455000, 145475000) using coordinate system rotated by 0 degree(s)
13:40:11: [INFO] Adding track segment (B.Cu): [(335915000, 137795000), (335915000, 142935000)]
13:40:11: [INFO] Adding track segment (B.Cu): [(335915000, 142935000), (338455000, 145475000)]
13:40:11: [INFO] Routing SW150a with D150
13:40:11: [INFO] Using internal autorouter method
13:40:11: [INFO] Routing pad 'SW150a:2' at (312102500, 137795000) with pad 'D150:2' at (319405000, 145475000) using coordinate system rotated by 0 degree(s)
13:40:11: [INFO] Routing SW150 with D150
13:40:11: [INFO] Using internal autorouter method
13:40:11: [INFO] Routing pad 'SW150:2' at (316865000, 137795000) with pad 'D150:2' at (319405000, 145475000) using coordinate system rotated by 0 degree(s)
13:40:11: [INFO] Adding track segment (B.Cu): [(316865000, 137795000), (316865000, 142935000)]
13:40:11: [INFO] Adding track segment (B.Cu): [(316865000, 142935000), (319405000, 145475000)]
13:40:11: [INFO] Routing SW149a with D149
13:40:11: [INFO] Using internal autorouter method
13:40:11: [INFO] Routing pad 'SW149a:2' at (293052500, 137795000) with pad 'D149:2' at (300355000, 145475000) using coordinate system rotated by 0 degree(s)
13:40:11: [INFO] Routing SW149 with D149
13:40:11: [INFO] Using internal autorouter method
13:40:11: [INFO] Routing pad 'SW149:2' at (297815000, 137795000) with pad 'D149:2' at (300355000, 145475000) using coordinate system rotated by 0 degree(s)
13:40:11: [INFO] Adding track segment (B.Cu): [(297815000, 137795000), (297815000, 142935000)]
13:40:11: [INFO] Adding track segment (B.Cu): [(297815000, 142935000), (300355000, 145475000)]
13:40:11: [INFO] Routing SW148a with D148
13:40:11: [INFO] Using internal autorouter method
13:40:11: [INFO] Routing pad 'SW148a:2' at (274002500, 137795000) with pad 'D148:2' at (281305000, 145475000) using coordinate system rotated by 0 degree(s)
13:40:11: [INFO] Routing SW148 with D148
13:40:11: [INFO] Using internal autorouter method
13:40:11: [INFO] Routing pad 'SW148:2' at (278765000, 137795000) with pad 'D148:2' at (281305000, 145475000) using coordinate system rotated by 0 degree(s)
13:40:11: [INFO] Adding track segment (B.Cu): [(278765000, 137795000), (278765000, 142935000)]
13:40:11: [INFO] Adding track segment (B.Cu): [(278765000, 142935000), (281305000, 145475000)]
13:40:11: [INFO] Routing SW147a with D147
13:40:11: [INFO] Using internal autorouter method
13:40:11: [INFO] Routing pad 'SW147a:2' at (254952500, 137795000) with pad 'D147:2' at (262255000, 145475000) using coordinate system rotated by 0 degree(s)
13:40:11: [INFO] Routing SW147 with D147
13:40:11: [INFO] Using internal autorouter method
13:40:11: [INFO] Routing pad 'SW147:2' at (259715000, 137795000) with pad 'D147:2' at (262255000, 145475000) using coordinate system rotated by 0 degree(s)
13:40:11: [INFO] Adding track segment (B.Cu): [(259715000, 137795000), (259715000, 142935000)]
13:40:11: [INFO] Adding track segment (B.Cu): [(259715000, 142935000), (262255000, 145475000)]
13:40:11: [INFO] Routing SW146a with D146
13:40:11: [INFO] Using internal autorouter method
13:40:11: [INFO] Routing pad 'SW146a:2' at (235902500, 137795000) with pad 'D146:2' at (243205000, 145475000) using coordinate system rotated by 0 degree(s)
13:40:11: [INFO] Routing SW146 with D146
13:40:11: [INFO] Using internal autorouter method
13:40:11: [INFO] Routing pad 'SW146:2' at (240665000, 137795000) with pad 'D146:2' at (243205000, 145475000) using coordinate system rotated by 0 degree(s)
13:40:11: [INFO] Adding track segment (B.Cu): [(240665000, 137795000), (240665000, 142935000)]
13:40:11: [INFO] Adding track segment (B.Cu): [(240665000, 142935000), (243205000, 145475000)]
13:40:11: [INFO] Routing SW145a with D145
13:40:11: [INFO] Using internal autorouter method
13:40:11: [INFO] Routing pad 'SW145a:2' at (216852500, 137795000) with pad 'D145:2' at (224155000, 145475000) using coordinate system rotated by 0 degree(s)
13:40:11: [INFO] Routing SW145 with D145
13:40:11: [INFO] Using internal autorouter method
13:40:11: [INFO] Routing pad 'SW145:2' at (221615000, 137795000) with pad 'D145:2' at (224155000, 145475000) using coordinate system rotated by 0 degree(s)
13:40:11: [INFO] Adding track segment (B.Cu): [(221615000, 137795000), (221615000, 142935000)]
13:40:12: [INFO] Adding track segment (B.Cu): [(221615000, 142935000), (224155000, 145475000)]
13:40:12: [INFO] Routing SW144a with D144
13:40:12: [INFO] Using internal autorouter method
13:40:12: [INFO] Routing pad 'SW144a:2' at (195421250, 137795000) with pad 'D144:2' at (200342500, 145475000) using coordinate system rotated by 0 degree(s)
13:40:12: [INFO] Routing SW144 with D144
13:40:12: [INFO] Using internal autorouter method
13:40:12: [INFO] Routing pad 'SW144:2' at (197802500, 137795000) with pad 'D144:2' at (200342500, 145475000) using coordinate system rotated by 0 degree(s)
13:40:12: [INFO] Routing SW143 with D143
13:40:12: [INFO] Using internal autorouter method
13:40:12: [INFO] Routing pad 'SW143:2' at (169227500, 137795000) with pad 'D143:2' at (171767500, 145475000) using coordinate system rotated by 0 degree(s)
13:40:12: [INFO] Adding track segment (B.Cu): [(169227500, 137795000), (169227500, 142935000)]
13:40:12: [INFO] Adding track segment (B.Cu): [(169227500, 142935000), (171767500, 145475000)]
13:40:12: [INFO] Routing SW142 with D142
13:40:12: [INFO] Using internal autorouter method
13:40:12: [INFO] Routing pad 'SW142:2' at (140652500, 137795000) with pad 'D142:2' at (143192500, 145475000) using coordinate system rotated by 0 degree(s)
13:40:12: [INFO] Adding track segment (B.Cu): [(140652500, 137795000), (140652500, 142935000)]
13:40:12: [INFO] Adding track segment (B.Cu): [(140652500, 142935000), (143192500, 145475000)]
13:40:12: [INFO] Routing SW141 with D141
13:40:12: [INFO] Using internal autorouter method
13:40:12: [INFO] Routing pad 'SW141:2' at (107315000, 137795000) with pad 'D141:2' at (109855000, 145475000) using coordinate system rotated by 0 degree(s)
13:40:12: [INFO] Adding track segment (B.Cu): [(107315000, 137795000), (107315000, 142935000)]
13:40:12: [INFO] Adding track segment (B.Cu): [(107315000, 142935000), (109855000, 145475000)]
13:40:12: [INFO] Routing SW140 with D140
13:40:12: [INFO] Using internal autorouter method
13:40:12: [INFO] Routing pad 'SW140:2' at (88265000, 137795000) with pad 'D140:2' at (90805000, 145475000) using coordinate system rotated by 0 degree(s)
13:40:12: [INFO] Adding track segment (B.Cu): [(88265000, 137795000), (88265000, 142935000)]
13:40:12: [INFO] Adding track segment (B.Cu): [(88265000, 142935000), (90805000, 145475000)]
13:40:12: [INFO] Routing SW139 with D139
13:40:12: [INFO] Using internal autorouter method
13:40:12: [INFO] Routing pad 'SW139:2' at (69215000, 137795000) with pad 'D139:2' at (71755000, 145475000) using coordinate system rotated by 0 degree(s)
13:40:12: [INFO] Adding track segment (B.Cu): [(69215000, 137795000), (69215000, 142935000)]
13:40:12: [INFO] Adding track segment (B.Cu): [(69215000, 142935000), (71755000, 145475000)]
13:40:12: [INFO] Routing SW138 with D138
13:40:12: [INFO] Using internal autorouter method
13:40:12: [INFO] Routing pad 'SW138:2' at (50165000, 137795000) with pad 'D138:2' at (52705000, 145475000) using coordinate system rotated by 0 degree(s)
13:40:12: [INFO] Adding track segment (B.Cu): [(50165000, 137795000), (50165000, 142935000)]
13:40:12: [INFO] Adding track segment (B.Cu): [(50165000, 142935000), (52705000, 145475000)]
13:40:12: [INFO] Routing SW137 with D137
13:40:12: [INFO] Using internal autorouter method
13:40:12: [INFO] Routing pad 'SW137:2' at (583565000, 118745000) with pad 'D137:2' at (586105000, 126425000) using coordinate system rotated by 0 degree(s)
13:40:12: [INFO] Adding track segment (B.Cu): [(583565000, 118745000), (583565000, 123885000)]
13:40:12: [INFO] Adding track segment (B.Cu): [(583565000, 123885000), (586105000, 126425000)]
13:40:12: [INFO] Routing SW136 with D136
13:40:12: [INFO] Using internal autorouter method
13:40:12: [INFO] Routing pad 'SW136:2' at (564515000, 118745000) with pad 'D136:2' at (567055000, 126425000) using coordinate system rotated by 0 degree(s)
13:40:12: [INFO] Adding track segment (B.Cu): [(564515000, 118745000), (564515000, 123885000)]
13:40:12: [INFO] Adding track segment (B.Cu): [(564515000, 123885000), (567055000, 126425000)]
13:40:12: [INFO] Routing SW135 with D135
13:40:12: [INFO] Using internal autorouter method
13:40:12: [INFO] Routing pad 'SW135:2' at (545465000, 118745000) with pad 'D135:2' at (548005000, 126425000) using coordinate system rotated by 0 degree(s)
13:40:12: [INFO] Adding track segment (B.Cu): [(545465000, 118745000), (545465000, 123885000)]
13:40:12: [INFO] Adding track segment (B.Cu): [(545465000, 123885000), (548005000, 126425000)]
13:40:12: [INFO] Routing SW134 with D134
13:40:12: [INFO] Using internal autorouter method
13:40:12: [INFO] Routing pad 'SW134:2' at (526415000, 118745000) with pad 'D134:2' at (528955000, 126425000) using coordinate system rotated by 0 degree(s)
13:40:12: [INFO] Adding track segment (B.Cu): [(526415000, 118745000), (526415000, 123885000)]
13:40:12: [INFO] Adding track segment (B.Cu): [(526415000, 123885000), (528955000, 126425000)]
13:40:12: [INFO] Routing SW133 with D133
13:40:12: [INFO] Using internal autorouter method
13:40:12: [INFO] Routing pad 'SW133:2' at (497840000, 118745000) with pad 'D133:2' at (500380000, 126425000) using coordinate system rotated by 0 degree(s)
13:40:12: [INFO] Adding track segment (B.Cu): [(497840000, 118745000), (497840000, 123885000)]
13:40:12: [INFO] Adding track segment (B.Cu): [(497840000, 123885000), (500380000, 126425000)]
13:40:13: [INFO] Routing SW132 with D132
13:40:13: [INFO] Using internal autorouter method
13:40:13: [INFO] Routing pad 'SW132:2' at (474027500, 118745000) with pad 'D132:2' at (476567500, 126425000) using coordinate system rotated by 0 degree(s)
13:40:13: [INFO] Adding track segment (B.Cu): [(474027500, 118745000), (474027500, 123885000)]
13:40:13: [INFO] Adding track segment (B.Cu): [(474027500, 123885000), (476567500, 126425000)]
13:40:13: [INFO] Routing SW131 with D131
13:40:13: [INFO] Using internal autorouter method
13:40:13: [INFO] Routing pad 'SW131:2' at (445452500, 118745000) with pad 'D131:2' at (447992500, 126425000) using coordinate system rotated by 0 degree(s)
13:40:13: [INFO] Adding track segment (B.Cu): [(445452500, 118745000), (445452500, 123885000)]
13:40:13: [INFO] Adding track segment (B.Cu): [(445452500, 123885000), (447992500, 126425000)]
13:40:13: [INFO] Routing SW130 with D130
13:40:13: [INFO] Using internal autorouter method
13:40:13: [INFO] Routing pad 'SW130:2' at (421640000, 118745000) with pad 'D130:2' at (424180000, 126425000) using coordinate system rotated by 0 degree(s)
13:40:13: [INFO] Adding track segment (B.Cu): [(421640000, 118745000), (421640000, 123885000)]
13:40:13: [INFO] Adding track segment (B.Cu): [(421640000, 123885000), (424180000, 126425000)]
13:40:13: [INFO] Routing SW129 with D129
13:40:13: [INFO] Using internal autorouter method
13:40:13: [INFO] Routing pad 'SW129:2' at (402590000, 118745000) with pad 'D129:2' at (405130000, 126425000) using coordinate system rotated by 0 degree(s)
13:40:13: [INFO] Adding track segment (B.Cu): [(402590000, 118745000), (402590000, 123885000)]
13:40:13: [INFO] Adding track segment (B.Cu): [(402590000, 123885000), (405130000, 126425000)]
13:40:13: [INFO] Routing SW128 with D128
13:40:13: [INFO] Using internal autorouter method
13:40:13: [INFO] Routing pad 'SW128:2' at (383540000, 118745000) with pad 'D128:2' at (386080000, 126425000) using coordinate system rotated by 0 degree(s)
13:40:13: [INFO] Adding track segment (B.Cu): [(383540000, 118745000), (383540000, 123885000)]
13:40:13: [INFO] Adding track segment (B.Cu): [(383540000, 123885000), (386080000, 126425000)]
13:40:13: [INFO] Routing SW127 with D127
13:40:13: [INFO] Using internal autorouter method
13:40:13: [INFO] Routing pad 'SW127:2' at (364490000, 118745000) with pad 'D127:2' at (367030000, 126425000) using coordinate system rotated by 0 degree(s)
13:40:13: [INFO] Adding track segment (B.Cu): [(364490000, 118745000), (364490000, 123885000)]
13:40:13: [INFO] Adding track segment (B.Cu): [(364490000, 123885000), (367030000, 126425000)]
13:40:13: [INFO] Routing SW126 with D126
13:40:13: [INFO] Using internal autorouter method
13:40:13: [INFO] Routing pad 'SW126:2' at (345440000, 118745000) with pad 'D126:2' at (347980000, 126425000) using coordinate system rotated by 0 degree(s)
13:40:13: [INFO] Adding track segment (B.Cu): [(345440000, 118745000), (345440000, 123885000)]
13:40:13: [INFO] Adding track segment (B.Cu): [(345440000, 123885000), (347980000, 126425000)]
13:40:13: [INFO] Routing SW125 with D125
13:40:13: [INFO] Using internal autorouter method
13:40:13: [INFO] Routing pad 'SW125:2' at (326390000, 118745000) with pad 'D125:2' at (328930000, 126425000) using coordinate system rotated by 0 degree(s)
13:40:13: [INFO] Adding track segment (B.Cu): [(326390000, 118745000), (326390000, 123885000)]
13:40:13: [INFO] Adding track segment (B.Cu): [(326390000, 123885000), (328930000, 126425000)]
13:40:13: [INFO] Routing SW124 with D124
13:40:13: [INFO] Using internal autorouter method
13:40:13: [INFO] Routing pad 'SW124:2' at (307340000, 118745000) with pad 'D124:2' at (309880000, 126425000) using coordinate system rotated by 0 degree(s)
13:40:13: [INFO] Adding track segment (B.Cu): [(307340000, 118745000), (307340000, 123885000)]
13:40:13: [INFO] Adding track segment (B.Cu): [(307340000, 123885000), (309880000, 126425000)]
13:40:13: [INFO] Routing SW123 with D123
13:40:13: [INFO] Using internal autorouter method
13:40:13: [INFO] Routing pad 'SW123:2' at (288290000, 118745000) with pad 'D123:2' at (290830000, 126425000) using coordinate system rotated by 0 degree(s)
13:40:13: [INFO] Adding track segment (B.Cu): [(288290000, 118745000), (288290000, 123885000)]
13:40:13: [INFO] Adding track segment (B.Cu): [(288290000, 123885000), (290830000, 126425000)]
13:40:13: [INFO] Routing SW122 with D122
13:40:13: [INFO] Using internal autorouter method
13:40:13: [INFO] Routing pad 'SW122:2' at (269240000, 118745000) with pad 'D122:2' at (271780000, 126425000) using coordinate system rotated by 0 degree(s)
13:40:13: [INFO] Adding track segment (B.Cu): [(269240000, 118745000), (269240000, 123885000)]
13:40:13: [INFO] Adding track segment (B.Cu): [(269240000, 123885000), (271780000, 126425000)]
13:40:13: [INFO] Routing SW121 with D121
13:40:13: [INFO] Using internal autorouter method
13:40:13: [INFO] Routing pad 'SW121:2' at (250190000, 118745000) with pad 'D121:2' at (252730000, 126425000) using coordinate system rotated by 0 degree(s)
13:40:13: [INFO] Adding track segment (B.Cu): [(250190000, 118745000), (250190000, 123885000)]
13:40:13: [INFO] Adding track segment (B.Cu): [(250190000, 123885000), (252730000, 126425000)]
13:40:13: [INFO] Routing SW120 with D120
13:40:13: [INFO] Using internal autorouter method
13:40:13: [INFO] Routing pad 'SW120:2' at (231140000, 118745000) with pad 'D120:2' at (233680000, 126425000) using coordinate system rotated by 0 degree(s)
13:40:13: [INFO] Adding track segment (B.Cu): [(231140000, 118745000), (231140000, 123885000)]
13:40:13: [INFO] Adding track segment (B.Cu): [(231140000, 123885000), (233680000, 126425000)]
13:40:13: [INFO] Routing SW119 with D119
13:40:13: [INFO] Using internal autorouter method
13:40:13: [INFO] Routing pad 'SW119:2' at (212090000, 118745000) with pad 'D119:2' at (214630000, 126425000) using coordinate system rotated by 0 degree(s)
13:40:13: [INFO] Adding track segment (B.Cu): [(212090000, 118745000), (212090000, 123885000)]
13:40:13: [INFO] Adding track segment (B.Cu): [(212090000, 123885000), (214630000, 126425000)]
13:40:13: [INFO] Routing SW118 with D118
13:40:13: [INFO] Using internal autorouter method
13:40:13: [INFO] Routing pad 'SW118:2' at (188277500, 118745000) with pad 'D118:2' at (190817500, 126425000) using coordinate system rotated by 0 degree(s)
13:40:14: [INFO] Adding track segment (B.Cu): [(188277500, 118745000), (188277500, 123885000)]
13:40:14: [INFO] Adding track segment (B.Cu): [(188277500, 123885000), (190817500, 126425000)]
13:40:14: [INFO] Routing SW117 with D117
13:40:14: [INFO] Using internal autorouter method
13:40:14: [INFO] Routing pad 'SW117:2' at (159702500, 118745000) with pad 'D117:2' at (162242500, 126425000) using coordinate system rotated by 0 degree(s)
13:40:14: [INFO] Adding track segment (B.Cu): [(159702500, 118745000), (159702500, 123885000)]
13:40:14: [INFO] Adding track segment (B.Cu): [(159702500, 123885000), (162242500, 126425000)]
13:40:14: [INFO] Routing SW116 with D116
13:40:14: [INFO] Using internal autorouter method
13:40:14: [INFO] Routing pad 'SW116:2' at (135890000, 118745000) with pad 'D116:2' at (138430000, 126425000) using coordinate system rotated by 0 degree(s)
13:40:14: [INFO] Adding track segment (B.Cu): [(135890000, 118745000), (135890000, 123885000)]
13:40:14: [INFO] Adding track segment (B.Cu): [(135890000, 123885000), (138430000, 126425000)]
13:40:14: [INFO] Routing SW115 with D115
13:40:14: [INFO] Using internal autorouter method
13:40:14: [INFO] Routing pad 'SW115:2' at (107315000, 118745000) with pad 'D115:2' at (109855000, 126425000) using coordinate system rotated by 0 degree(s)
13:40:14: [INFO] Adding track segment (B.Cu): [(107315000, 118745000), (107315000, 123885000)]
13:40:14: [INFO] Adding track segment (B.Cu): [(107315000, 123885000), (109855000, 126425000)]
13:40:14: [INFO] Routing SW114 with D114
13:40:14: [INFO] Using internal autorouter method
13:40:14: [INFO] Routing pad 'SW114:2' at (88265000, 118745000) with pad 'D114:2' at (90805000, 126425000) using coordinate system rotated by 0 degree(s)
13:40:14: [INFO] Adding track segment (B.Cu): [(88265000, 118745000), (88265000, 123885000)]
13:40:14: [INFO] Adding track segment (B.Cu): [(88265000, 123885000), (90805000, 126425000)]
13:40:14: [INFO] Routing SW113 with D113
13:40:14: [INFO] Using internal autorouter method
13:40:14: [INFO] Routing pad 'SW113:2' at (69215000, 118745000) with pad 'D113:2' at (71755000, 126425000) using coordinate system rotated by 0 degree(s)
13:40:14: [INFO] Adding track segment (B.Cu): [(69215000, 118745000), (69215000, 123885000)]
13:40:14: [INFO] Adding track segment (B.Cu): [(69215000, 123885000), (71755000, 126425000)]
13:40:14: [INFO] Routing SW112 with D112
13:40:14: [INFO] Using internal autorouter method
13:40:14: [INFO] Routing pad 'SW112:2' at (50165000, 118745000) with pad 'D112:2' at (52705000, 126425000) using coordinate system rotated by 0 degree(s)
13:40:14: [INFO] Adding track segment (B.Cu): [(50165000, 118745000), (50165000, 123885000)]
13:40:14: [INFO] Adding track segment (B.Cu): [(50165000, 123885000), (52705000, 126425000)]
13:40:14: [INFO] Routing SW111 with D111
13:40:14: [INFO] Using internal autorouter method
13:40:14: [INFO] Routing pad 'SW111:2' at (583565000, 99695000) with pad 'D111:2' at (586105000, 107375000) using coordinate system rotated by 0 degree(s)
13:40:14: [INFO] Adding track segment (B.Cu): [(583565000, 99695000), (583565000, 104835000)]
13:40:14: [INFO] Adding track segment (B.Cu): [(583565000, 104835000), (586105000, 107375000)]
13:40:14: [INFO] Routing SW110 with D110
13:40:14: [INFO] Using internal autorouter method
13:40:14: [INFO] Routing pad 'SW110:2' at (564515000, 99695000) with pad 'D110:2' at (567055000, 107375000) using coordinate system rotated by 0 degree(s)
13:40:14: [INFO] Adding track segment (B.Cu): [(564515000, 99695000), (564515000, 104835000)]
13:40:14: [INFO] Adding track segment (B.Cu): [(564515000, 104835000), (567055000, 107375000)]
13:40:14: [INFO] Routing SW109 with D109
13:40:14: [INFO] Using internal autorouter method
13:40:14: [INFO] Routing pad 'SW109:2' at (545465000, 99695000) with pad 'D109:2' at (548005000, 107375000) using coordinate system rotated by 0 degree(s)
13:40:14: [INFO] Adding track segment (B.Cu): [(545465000, 99695000), (545465000, 104835000)]
13:40:14: [INFO] Adding track segment (B.Cu): [(545465000, 104835000), (548005000, 107375000)]
13:40:14: [INFO] Routing SW108 with D108
13:40:14: [INFO] Using internal autorouter method
13:40:14: [INFO] Routing pad 'SW108:2' at (526415000, 99695000) with pad 'D108:2' at (528955000, 107375000) using coordinate system rotated by 0 degree(s)
13:40:14: [INFO] Adding track segment (B.Cu): [(526415000, 99695000), (526415000, 104835000)]
13:40:14: [INFO] Adding track segment (B.Cu): [(526415000, 104835000), (528955000, 107375000)]
13:40:14: [INFO] Routing SW107 with D107
13:40:14: [INFO] Using internal autorouter method
13:40:14: [INFO] Routing pad 'SW107:2' at (493077500, 99695000) with pad 'D107:2' at (495617500, 107375000) using coordinate system rotated by 0 degree(s)
13:40:14: [INFO] Adding track segment (B.Cu): [(493077500, 99695000), (493077500, 104835000)]
13:40:14: [INFO] Adding track segment (B.Cu): [(493077500, 104835000), (495617500, 107375000)]
13:40:14: [INFO] Routing SW106 with D106
13:40:14: [INFO] Using internal autorouter method
13:40:14: [INFO] Routing pad 'SW106:2' at (469265000, 99695000) with pad 'D106:2' at (471805000, 107375000) using coordinate system rotated by 0 degree(s)
13:40:14: [INFO] Adding track segment (B.Cu): [(469265000, 99695000), (469265000, 104835000)]
13:40:14: [INFO] Adding track segment (B.Cu): [(469265000, 104835000), (471805000, 107375000)]
13:40:14: [INFO] Routing SW105 with D105
13:40:14: [INFO] Using internal autorouter method
13:40:14: [INFO] Routing pad 'SW105:2' at (450215000, 99695000) with pad 'D105:2' at (452755000, 107375000) using coordinate system rotated by 0 degree(s)
13:40:14: [INFO] Adding track segment (B.Cu): [(450215000, 99695000), (450215000, 104835000)]
13:40:14: [INFO] Adding track segment (B.Cu): [(450215000, 104835000), (452755000, 107375000)]
13:40:14: [INFO] Routing SW104 with D104
13:40:14: [INFO] Using internal autorouter method
13:40:14: [INFO] Routing pad 'SW104:2' at (431165000, 99695000) with pad 'D104:2' at (433705000, 107375000) using coordinate system rotated by 0 degree(s)
13:40:14: [INFO] Adding track segment (B.Cu): [(431165000, 99695000), (431165000, 104835000)]
13:40:14: [INFO] Adding track segment (B.Cu): [(431165000, 104835000), (433705000, 107375000)]
13:40:15: [INFO] Routing SW103 with D103
13:40:15: [INFO] Using internal autorouter method
13:40:15: [INFO] Routing pad 'SW103:2' at (412115000, 99695000) with pad 'D103:2' at (414655000, 107375000) using coordinate system rotated by 0 degree(s)
13:40:15: [INFO] Adding track segment (B.Cu): [(412115000, 99695000), (412115000, 104835000)]
13:40:15: [INFO] Adding track segment (B.Cu): [(412115000, 104835000), (414655000, 107375000)]
13:40:15: [INFO] Routing SW102 with D102
13:40:15: [INFO] Using internal autorouter method
13:40:15: [INFO] Routing pad 'SW102:2' at (393065000, 99695000) with pad 'D102:2' at (395605000, 107375000) using coordinate system rotated by 0 degree(s)
13:40:15: [INFO] Adding track segment (B.Cu): [(393065000, 99695000), (393065000, 104835000)]
13:40:15: [INFO] Adding track segment (B.Cu): [(393065000, 104835000), (395605000, 107375000)]
13:40:15: [INFO] Routing SW101 with D101
13:40:15: [INFO] Using internal autorouter method
13:40:15: [INFO] Routing pad 'SW101:2' at (374015000, 99695000) with pad 'D101:2' at (376555000, 107375000) using coordinate system rotated by 0 degree(s)
13:40:15: [INFO] Adding track segment (B.Cu): [(374015000, 99695000), (374015000, 104835000)]
13:40:15: [INFO] Adding track segment (B.Cu): [(374015000, 104835000), (376555000, 107375000)]
13:40:15: [INFO] Routing SW100 with D100
13:40:15: [INFO] Using internal autorouter method
13:40:15: [INFO] Routing pad 'SW100:2' at (354965000, 99695000) with pad 'D100:2' at (357505000, 107375000) using coordinate system rotated by 0 degree(s)
13:40:15: [INFO] Adding track segment (B.Cu): [(354965000, 99695000), (354965000, 104835000)]
13:40:15: [INFO] Adding track segment (B.Cu): [(354965000, 104835000), (357505000, 107375000)]
13:40:15: [INFO] Routing SW99 with D99
13:40:15: [INFO] Using internal autorouter method
13:40:15: [INFO] Routing pad 'SW99:2' at (335915000, 99695000) with pad 'D99:2' at (338455000, 107375000) using coordinate system rotated by 0 degree(s)
13:40:15: [INFO] Adding track segment (B.Cu): [(335915000, 99695000), (335915000, 104835000)]
13:40:15: [INFO] Adding track segment (B.Cu): [(335915000, 104835000), (338455000, 107375000)]
13:40:15: [INFO] Routing SW98 with D98
13:40:15: [INFO] Using internal autorouter method
13:40:15: [INFO] Routing pad 'SW98:2' at (316865000, 99695000) with pad 'D98:2' at (319405000, 107375000) using coordinate system rotated by 0 degree(s)
13:40:15: [INFO] Adding track segment (B.Cu): [(316865000, 99695000), (316865000, 104835000)]
13:40:15: [INFO] Adding track segment (B.Cu): [(316865000, 104835000), (319405000, 107375000)]
13:40:15: [INFO] Routing SW97 with D97
13:40:15: [INFO] Using internal autorouter method
13:40:15: [INFO] Routing pad 'SW97:2' at (297815000, 99695000) with pad 'D97:2' at (300355000, 107375000) using coordinate system rotated by 0 degree(s)
13:40:15: [INFO] Adding track segment (B.Cu): [(297815000, 99695000), (297815000, 104835000)]
13:40:15: [INFO] Adding track segment (B.Cu): [(297815000, 104835000), (300355000, 107375000)]
13:40:15: [INFO] Routing SW96 with D96
13:40:15: [INFO] Using internal autorouter method
13:40:15: [INFO] Routing pad 'SW96:2' at (278765000, 99695000) with pad 'D96:2' at (281305000, 107375000) using coordinate system rotated by 0 degree(s)
13:40:15: [INFO] Adding track segment (B.Cu): [(278765000, 99695000), (278765000, 104835000)]
13:40:15: [INFO] Adding track segment (B.Cu): [(278765000, 104835000), (281305000, 107375000)]
13:40:15: [INFO] Routing SW95 with D95
13:40:15: [INFO] Using internal autorouter method
13:40:15: [INFO] Routing pad 'SW95:2' at (259715000, 99695000) with pad 'D95:2' at (262255000, 107375000) using coordinate system rotated by 0 degree(s)
13:40:15: [INFO] Adding track segment (B.Cu): [(259715000, 99695000), (259715000, 104835000)]
13:40:15: [INFO] Adding track segment (B.Cu): [(259715000, 104835000), (262255000, 107375000)]
13:40:15: [INFO] Routing SW94 with D94
13:40:15: [INFO] Using internal autorouter method
13:40:15: [INFO] Routing pad 'SW94:2' at (240665000, 99695000) with pad 'D94:2' at (243205000, 107375000) using coordinate system rotated by 0 degree(s)
13:40:15: [INFO] Adding track segment (B.Cu): [(240665000, 99695000), (240665000, 104835000)]
13:40:15: [INFO] Adding track segment (B.Cu): [(240665000, 104835000), (243205000, 107375000)]
13:40:15: [INFO] Routing SW93 with D93
13:40:15: [INFO] Using internal autorouter method
13:40:15: [INFO] Routing pad 'SW93:2' at (221615000, 99695000) with pad 'D93:2' at (224155000, 107375000) using coordinate system rotated by 0 degree(s)
13:40:15: [INFO] Adding track segment (B.Cu): [(221615000, 99695000), (221615000, 104835000)]
13:40:15: [INFO] Adding track segment (B.Cu): [(221615000, 104835000), (224155000, 107375000)]
13:40:15: [INFO] Routing SW92 with D92
13:40:15: [INFO] Using internal autorouter method
13:40:15: [INFO] Routing pad 'SW92:2' at (202565000, 99695000) with pad 'D92:2' at (205105000, 107375000) using coordinate system rotated by 0 degree(s)
13:40:15: [INFO] Adding track segment (B.Cu): [(202565000, 99695000), (202565000, 104835000)]
13:40:15: [INFO] Adding track segment (B.Cu): [(202565000, 104835000), (205105000, 107375000)]
13:40:15: [INFO] Routing SW91 with D91
13:40:15: [INFO] Using internal autorouter method
13:40:15: [INFO] Routing pad 'SW91:2' at (183515000, 99695000) with pad 'D91:2' at (186055000, 107375000) using coordinate system rotated by 0 degree(s)
13:40:15: [INFO] Adding track segment (B.Cu): [(183515000, 99695000), (183515000, 104835000)]
13:40:15: [INFO] Adding track segment (B.Cu): [(183515000, 104835000), (186055000, 107375000)]
13:40:15: [INFO] Routing SW90 with D90
13:40:15: [INFO] Using internal autorouter method
13:40:15: [INFO] Routing pad 'SW90:2' at (164465000, 99695000) with pad 'D90:2' at (167005000, 107375000) using coordinate system rotated by 0 degree(s)
13:40:15: [INFO] Adding track segment (B.Cu): [(164465000, 99695000), (164465000, 104835000)]
13:40:15: [INFO] Adding track segment (B.Cu): [(164465000, 104835000), (167005000, 107375000)]
13:40:16: [INFO] Routing SW89 with D89
13:40:16: [INFO] Using internal autorouter method
13:40:16: [INFO] Routing pad 'SW89:2' at (140652500, 99695000) with pad 'D89:2' at (143192500, 107375000) using coordinate system rotated by 0 degree(s)
13:40:16: [INFO] Adding track segment (B.Cu): [(140652500, 99695000), (140652500, 104835000)]
13:40:16: [INFO] Adding track segment (B.Cu): [(140652500, 104835000), (143192500, 107375000)]
13:40:16: [INFO] Routing SW88 with D88
13:40:16: [INFO] Using internal autorouter method
13:40:16: [INFO] Routing pad 'SW88:2' at (107315000, 99695000) with pad 'D88:2' at (109855000, 107375000) using coordinate system rotated by 0 degree(s)
13:40:16: [INFO] Adding track segment (B.Cu): [(107315000, 99695000), (107315000, 104835000)]
13:40:16: [INFO] Adding track segment (B.Cu): [(107315000, 104835000), (109855000, 107375000)]
13:40:16: [INFO] Routing SW87 with D87
13:40:16: [INFO] Using internal autorouter method
13:40:16: [INFO] Routing pad 'SW87:2' at (88265000, 99695000) with pad 'D87:2' at (90805000, 107375000) using coordinate system rotated by 0 degree(s)
13:40:16: [INFO] Adding track segment (B.Cu): [(88265000, 99695000), (88265000, 104835000)]
13:40:16: [INFO] Adding track segment (B.Cu): [(88265000, 104835000), (90805000, 107375000)]
13:40:16: [INFO] Routing SW86 with D86
13:40:16: [INFO] Using internal autorouter method
13:40:16: [INFO] Routing pad 'SW86:2' at (69215000, 99695000) with pad 'D86:2' at (71755000, 107375000) using coordinate system rotated by 0 degree(s)
13:40:16: [INFO] Adding track segment (B.Cu): [(69215000, 99695000), (69215000, 104835000)]
13:40:16: [INFO] Adding track segment (B.Cu): [(69215000, 104835000), (71755000, 107375000)]
13:40:16: [INFO] Routing SW85 with D85
13:40:16: [INFO] Using internal autorouter method
13:40:16: [INFO] Routing pad 'SW85:2' at (50165000, 99695000) with pad 'D85:2' at (52705000, 107375000) using coordinate system rotated by 0 degree(s)
13:40:16: [INFO] Adding track segment (B.Cu): [(50165000, 99695000), (50165000, 104835000)]
13:40:16: [INFO] Adding track segment (B.Cu): [(50165000, 104835000), (52705000, 107375000)]
13:40:16: [INFO] Routing SW84 with D84
13:40:16: [INFO] Using internal autorouter method
13:40:16: [INFO] Routing pad 'SW84:2' at (583565000, 71120000) with pad 'D84:2' at (586105000, 78800000) using coordinate system rotated by 0 degree(s)
13:40:16: [INFO] Adding track segment (B.Cu): [(583565000, 71120000), (583565000, 76260000)]
13:40:16: [INFO] Adding track segment (B.Cu): [(583565000, 76260000), (586105000, 78800000)]
13:40:16: [INFO] Routing SW83 with D83
13:40:16: [INFO] Using internal autorouter method
13:40:16: [INFO] Routing pad 'SW83:2' at (564515000, 71120000) with pad 'D83:2' at (567055000, 78800000) using coordinate system rotated by 0 degree(s)
13:40:16: [INFO] Adding track segment (B.Cu): [(564515000, 71120000), (564515000, 76260000)]
13:40:16: [INFO] Adding track segment (B.Cu): [(564515000, 76260000), (567055000, 78800000)]
13:40:16: [INFO] Routing SW82 with D82
13:40:16: [INFO] Using internal autorouter method
13:40:16: [INFO] Routing pad 'SW82:2' at (545465000, 71120000) with pad 'D82:2' at (548005000, 78800000) using coordinate system rotated by 0 degree(s)
13:40:16: [INFO] Adding track segment (B.Cu): [(545465000, 71120000), (545465000, 76260000)]
13:40:16: [INFO] Adding track segment (B.Cu): [(545465000, 76260000), (548005000, 78800000)]
13:40:16: [INFO] Routing SW81 with D81
13:40:16: [INFO] Using internal autorouter method
13:40:16: [INFO] Routing pad 'SW81:2' at (526415000, 71120000) with pad 'D81:2' at (528955000, 78800000) using coordinate system rotated by 0 degree(s)
13:40:16: [INFO] Adding track segment (B.Cu): [(526415000, 71120000), (526415000, 76260000)]
13:40:16: [INFO] Adding track segment (B.Cu): [(526415000, 76260000), (528955000, 78800000)]
13:40:16: [INFO] Routing SW80 with D80
13:40:16: [INFO] Using internal autorouter method
13:40:16: [INFO] Routing pad 'SW80:2' at (497840000, 71120000) with pad 'D80:2' at (500380000, 78800000) using coordinate system rotated by 0 degree(s)
13:40:16: [INFO] Adding track segment (B.Cu): [(497840000, 71120000), (497840000, 76260000)]
13:40:16: [INFO] Adding track segment (B.Cu): [(497840000, 76260000), (500380000, 78800000)]
13:40:16: [INFO] Routing SW79a with D79
13:40:16: [INFO] Using internal autorouter method
13:40:16: [INFO] Routing pad 'SW79a:2' at (478790000, 71120000) with pad 'D79:2' at (490855000, 78800000) using coordinate system rotated by 0 degree(s)
13:40:16: [INFO] Routing SW79 with D79
13:40:16: [INFO] Using internal autorouter method
13:40:16: [INFO] Routing pad 'SW79:2' at (488315000, 71120000) with pad 'D79:2' at (490855000, 78800000) using coordinate system rotated by 0 degree(s)
13:40:16: [INFO] Adding track segment (B.Cu): [(488315000, 71120000), (488315000, 76260000)]
13:40:16: [INFO] Adding track segment (B.Cu): [(488315000, 76260000), (490855000, 78800000)]
13:40:16: [INFO] Routing SW78 with D78
13:40:16: [INFO] Using internal autorouter method
13:40:16: [INFO] Routing pad 'SW78:2' at (459740000, 71120000) with pad 'D78:2' at (462280000, 78800000) using coordinate system rotated by 0 degree(s)
13:40:16: [INFO] Adding track segment (B.Cu): [(459740000, 71120000), (459740000, 76260000)]
13:40:16: [INFO] Adding track segment (B.Cu): [(459740000, 76260000), (462280000, 78800000)]
13:40:16: [INFO] Routing SW77 with D77
13:40:16: [INFO] Using internal autorouter method
13:40:16: [INFO] Routing pad 'SW77:2' at (440690000, 71120000) with pad 'D77:2' at (443230000, 78800000) using coordinate system rotated by 0 degree(s)
13:40:16: [INFO] Adding track segment (B.Cu): [(440690000, 71120000), (440690000, 76260000)]
13:40:16: [INFO] Adding track segment (B.Cu): [(440690000, 76260000), (443230000, 78800000)]
13:40:16: [INFO] Routing SW76 with D76
13:40:16: [INFO] Using internal autorouter method
13:40:16: [INFO] Routing pad 'SW76:2' at (421640000, 71120000) with pad 'D76:2' at (424180000, 78800000) using coordinate system rotated by 0 degree(s)
13:40:17: [INFO] Adding track segment (B.Cu): [(421640000, 71120000), (421640000, 76260000)]
13:40:17: [INFO] Adding track segment (B.Cu): [(421640000, 76260000), (424180000, 78800000)]
13:40:17: [INFO] Routing SW75 with D75
13:40:17: [INFO] Using internal autorouter method
13:40:17: [INFO] Routing pad 'SW75:2' at (402590000, 71120000) with pad 'D75:2' at (405130000, 78800000) using coordinate system rotated by 0 degree(s)
13:40:17: [INFO] Adding track segment (B.Cu): [(402590000, 71120000), (402590000, 76260000)]
13:40:17: [INFO] Adding track segment (B.Cu): [(402590000, 76260000), (405130000, 78800000)]
13:40:17: [INFO] Routing SW74 with D74
13:40:17: [INFO] Using internal autorouter method
13:40:17: [INFO] Routing pad 'SW74:2' at (383540000, 71120000) with pad 'D74:2' at (386080000, 78800000) using coordinate system rotated by 0 degree(s)
13:40:17: [INFO] Adding track segment (B.Cu): [(383540000, 71120000), (383540000, 76260000)]
13:40:17: [INFO] Adding track segment (B.Cu): [(383540000, 76260000), (386080000, 78800000)]
13:40:17: [INFO] Routing SW73 with D73
13:40:17: [INFO] Using internal autorouter method
13:40:17: [INFO] Routing pad 'SW73:2' at (364490000, 71120000) with pad 'D73:2' at (367030000, 78800000) using coordinate system rotated by 0 degree(s)
13:40:17: [INFO] Adding track segment (B.Cu): [(364490000, 71120000), (364490000, 76260000)]
13:40:17: [INFO] Adding track segment (B.Cu): [(364490000, 76260000), (367030000, 78800000)]
13:40:17: [INFO] Routing SW72 with D72
13:40:17: [INFO] Using internal autorouter method
13:40:17: [INFO] Routing pad 'SW72:2' at (345440000, 71120000) with pad 'D72:2' at (347980000, 78800000) using coordinate system rotated by 0 degree(s)
13:40:17: [INFO] Adding track segment (B.Cu): [(345440000, 71120000), (345440000, 76260000)]
13:40:17: [INFO] Adding track segment (B.Cu): [(345440000, 76260000), (347980000, 78800000)]
13:40:17: [INFO] Routing SW71 with D71
13:40:17: [INFO] Using internal autorouter method
13:40:17: [INFO] Routing pad 'SW71:2' at (326390000, 71120000) with pad 'D71:2' at (328930000, 78800000) using coordinate system rotated by 0 degree(s)
13:40:17: [INFO] Adding track segment (B.Cu): [(326390000, 71120000), (326390000, 76260000)]
13:40:17: [INFO] Adding track segment (B.Cu): [(326390000, 76260000), (328930000, 78800000)]
13:40:17: [INFO] Routing SW70 with D70
13:40:17: [INFO] Using internal autorouter method
13:40:17: [INFO] Routing pad 'SW70:2' at (307340000, 71120000) with pad 'D70:2' at (309880000, 78800000) using coordinate system rotated by 0 degree(s)
13:40:17: [INFO] Adding track segment (B.Cu): [(307340000, 71120000), (307340000, 76260000)]
13:40:17: [INFO] Adding track segment (B.Cu): [(307340000, 76260000), (309880000, 78800000)]
13:40:17: [INFO] Routing SW69 with D69
13:40:17: [INFO] Using internal autorouter method
13:40:17: [INFO] Routing pad 'SW69:2' at (288290000, 71120000) with pad 'D69:2' at (290830000, 78800000) using coordinate system rotated by 0 degree(s)
13:40:17: [INFO] Adding track segment (B.Cu): [(288290000, 71120000), (288290000, 76260000)]
13:40:17: [INFO] Adding track segment (B.Cu): [(288290000, 76260000), (290830000, 78800000)]
13:40:17: [INFO] Routing SW68 with D68
13:40:17: [INFO] Using internal autorouter method
13:40:17: [INFO] Routing pad 'SW68:2' at (269240000, 71120000) with pad 'D68:2' at (271780000, 78800000) using coordinate system rotated by 0 degree(s)
13:40:17: [INFO] Adding track segment (B.Cu): [(269240000, 71120000), (269240000, 76260000)]
13:40:17: [INFO] Adding track segment (B.Cu): [(269240000, 76260000), (271780000, 78800000)]
13:40:17: [INFO] Routing SW67 with D67
13:40:17: [INFO] Using internal autorouter method
13:40:17: [INFO] Routing pad 'SW67:2' at (250190000, 71120000) with pad 'D67:2' at (252730000, 78800000) using coordinate system rotated by 0 degree(s)
13:40:17: [INFO] Adding track segment (B.Cu): [(250190000, 71120000), (250190000, 76260000)]
13:40:17: [INFO] Adding track segment (B.Cu): [(250190000, 76260000), (252730000, 78800000)]
13:40:17: [INFO] Routing SW66 with D66
13:40:17: [INFO] Using internal autorouter method
13:40:17: [INFO] Routing pad 'SW66:2' at (231140000, 71120000) with pad 'D66:2' at (233680000, 78800000) using coordinate system rotated by 0 degree(s)
13:40:17: [INFO] Adding track segment (B.Cu): [(231140000, 71120000), (231140000, 76260000)]
13:40:17: [INFO] Adding track segment (B.Cu): [(231140000, 76260000), (233680000, 78800000)]
13:40:17: [INFO] Routing SW65 with D65
13:40:17: [INFO] Using internal autorouter method
13:40:17: [INFO] Routing pad 'SW65:2' at (212090000, 71120000) with pad 'D65:2' at (214630000, 78800000) using coordinate system rotated by 0 degree(s)
13:40:17: [INFO] Adding track segment (B.Cu): [(212090000, 71120000), (212090000, 76260000)]
13:40:17: [INFO] Adding track segment (B.Cu): [(212090000, 76260000), (214630000, 78800000)]
13:40:17: [INFO] Routing SW64 with D64
13:40:17: [INFO] Using internal autorouter method
13:40:17: [INFO] Routing pad 'SW64:2' at (193040000, 71120000) with pad 'D64:2' at (195580000, 78800000) using coordinate system rotated by 0 degree(s)
13:40:17: [INFO] Adding track segment (B.Cu): [(193040000, 71120000), (193040000, 76260000)]
13:40:17: [INFO] Adding track segment (B.Cu): [(193040000, 76260000), (195580000, 78800000)]
13:40:17: [INFO] Routing SW63 with D63
13:40:17: [INFO] Using internal autorouter method
13:40:17: [INFO] Routing pad 'SW63:2' at (173990000, 71120000) with pad 'D63:2' at (176530000, 78800000) using coordinate system rotated by 0 degree(s)
13:40:17: [INFO] Adding track segment (B.Cu): [(173990000, 71120000), (173990000, 76260000)]
13:40:17: [INFO] Adding track segment (B.Cu): [(173990000, 76260000), (176530000, 78800000)]
13:40:17: [INFO] Routing SW62 with D62
13:40:17: [INFO] Using internal autorouter method
13:40:17: [INFO] Routing pad 'SW62:2' at (154940000, 71120000) with pad 'D62:2' at (157480000, 78800000) using coordinate system rotated by 0 degree(s)
13:40:18: [INFO] Adding track segment (B.Cu): [(154940000, 71120000), (154940000, 76260000)]
13:40:18: [INFO] Adding track segment (B.Cu): [(154940000, 76260000), (157480000, 78800000)]
13:40:18: [INFO] Routing SW61a with D61
13:40:18: [INFO] Using internal autorouter method
13:40:18: [INFO] Routing pad 'SW61a:2' at (135890000, 71120000) with pad 'D61:2' at (147955000, 78800000) using coordinate system rotated by 0 degree(s)
13:40:18: [INFO] Routing SW61 with D61
13:40:18: [INFO] Using internal autorouter method
13:40:18: [INFO] Routing pad 'SW61:2' at (145415000, 71120000) with pad 'D61:2' at (147955000, 78800000) using coordinate system rotated by 0 degree(s)
13:40:18: [INFO] Adding track segment (B.Cu): [(145415000, 71120000), (145415000, 76260000)]
13:40:18: [INFO] Adding track segment (B.Cu): [(145415000, 76260000), (147955000, 78800000)]
13:40:18: [INFO] Routing SW60 with D60
13:40:18: [INFO] Using internal autorouter method
13:40:18: [INFO] Routing pad 'SW60:2' at (107315000, 71120000) with pad 'D60:2' at (109855000, 78800000) using coordinate system rotated by 0 degree(s)
13:40:18: [INFO] Adding track segment (B.Cu): [(107315000, 71120000), (107315000, 76260000)]
13:40:18: [INFO] Adding track segment (B.Cu): [(107315000, 76260000), (109855000, 78800000)]
13:40:18: [INFO] Routing SW59 with D59
13:40:18: [INFO] Using internal autorouter method
13:40:18: [INFO] Routing pad 'SW59:2' at (88265000, 71120000) with pad 'D59:2' at (90805000, 78800000) using coordinate system rotated by 0 degree(s)
13:40:18: [INFO] Adding track segment (B.Cu): [(88265000, 71120000), (88265000, 76260000)]
13:40:18: [INFO] Adding track segment (B.Cu): [(88265000, 76260000), (90805000, 78800000)]
13:40:18: [INFO] Routing SW58 with D58
13:40:18: [INFO] Using internal autorouter method
13:40:18: [INFO] Routing pad 'SW58:2' at (69215000, 71120000) with pad 'D58:2' at (71755000, 78800000) using coordinate system rotated by 0 degree(s)
13:40:18: [INFO] Adding track segment (B.Cu): [(69215000, 71120000), (69215000, 76260000)]
13:40:18: [INFO] Adding track segment (B.Cu): [(69215000, 76260000), (71755000, 78800000)]
13:40:18: [INFO] Routing SW57 with D57
13:40:18: [INFO] Using internal autorouter method
13:40:18: [INFO] Routing pad 'SW57:2' at (50165000, 71120000) with pad 'D57:2' at (52705000, 78800000) using coordinate system rotated by 0 degree(s)
13:40:18: [INFO] Adding track segment (B.Cu): [(50165000, 71120000), (50165000, 76260000)]
13:40:18: [INFO] Adding track segment (B.Cu): [(50165000, 76260000), (52705000, 78800000)]
13:40:18: [INFO] Routing SW56 with D56
13:40:18: [INFO] Using internal autorouter method
13:40:18: [INFO] Routing pad 'SW56:2' at (583565000, 52070000) with pad 'D56:2' at (586105000, 59750000) using coordinate system rotated by 0 degree(s)
13:40:18: [INFO] Adding track segment (B.Cu): [(583565000, 52070000), (583565000, 57210000)]
13:40:18: [INFO] Adding track segment (B.Cu): [(583565000, 57210000), (586105000, 59750000)]
13:40:18: [INFO] Routing SW55a with D55
13:40:18: [INFO] Using internal autorouter method
13:40:18: [INFO] Routing pad 'SW55a:2' at (564515000, 52070000) with pad 'D55:2' at (576580000, 59750000) using coordinate system rotated by 0 degree(s)
13:40:18: [INFO] Routing SW55 with D55
13:40:18: [INFO] Using internal autorouter method
13:40:18: [INFO] Routing pad 'SW55:2' at (574040000, 52070000) with pad 'D55:2' at (576580000, 59750000) using coordinate system rotated by 0 degree(s)
13:40:18: [INFO] Adding track segment (B.Cu): [(574040000, 52070000), (574040000, 57210000)]
13:40:18: [INFO] Adding track segment (B.Cu): [(574040000, 57210000), (576580000, 59750000)]
13:40:18: [INFO] Routing SW54 with D54
13:40:18: [INFO] Using internal autorouter method
13:40:18: [INFO] Routing pad 'SW54:2' at (545465000, 52070000) with pad 'D54:2' at (548005000, 59750000) using coordinate system rotated by 0 degree(s)
13:40:18: [INFO] Adding track segment (B.Cu): [(545465000, 52070000), (545465000, 57210000)]
13:40:18: [INFO] Adding track segment (B.Cu): [(545465000, 57210000), (548005000, 59750000)]
13:40:18: [INFO] Routing SW53a with D53
13:40:18: [INFO] Using internal autorouter method
13:40:18: [INFO] Routing pad 'SW53a:2' at (526415000, 52070000) with pad 'D53:2' at (538480000, 59750000) using coordinate system rotated by 0 degree(s)
13:40:18: [INFO] Routing SW53 with D53
13:40:18: [INFO] Using internal autorouter method
13:40:18: [INFO] Routing pad 'SW53:2' at (535940000, 52070000) with pad 'D53:2' at (538480000, 59750000) using coordinate system rotated by 0 degree(s)
13:40:18: [INFO] Adding track segment (B.Cu): [(535940000, 52070000), (535940000, 57210000)]
13:40:18: [INFO] Adding track segment (B.Cu): [(535940000, 57210000), (538480000, 59750000)]
13:40:18: [INFO] Routing SW52 with D52
13:40:18: [INFO] Using internal autorouter method
13:40:18: [INFO] Routing pad 'SW52:2' at (497840000, 52070000) with pad 'D52:2' at (500380000, 59750000) using coordinate system rotated by 0 degree(s)
13:40:18: [INFO] Adding track segment (B.Cu): [(497840000, 52070000), (497840000, 57210000)]
13:40:18: [INFO] Adding track segment (B.Cu): [(497840000, 57210000), (500380000, 59750000)]
13:40:18: [INFO] Routing SW51a with D51
13:40:18: [INFO] Using internal autorouter method
13:40:18: [INFO] Routing pad 'SW51a:2' at (478790000, 52070000) with pad 'D51:2' at (490855000, 59750000) using coordinate system rotated by 0 degree(s)
13:40:18: [INFO] Routing SW51 with D51
13:40:18: [INFO] Using internal autorouter method
13:40:18: [INFO] Routing pad 'SW51:2' at (488315000, 52070000) with pad 'D51:2' at (490855000, 59750000) using coordinate system rotated by 0 degree(s)
13:40:18: [INFO] Adding track segment (B.Cu): [(488315000, 52070000), (488315000, 57210000)]
13:40:18: [INFO] Adding track segment (B.Cu): [(488315000, 57210000), (490855000, 59750000)]
13:40:18: [INFO] Routing SW50 with D50
13:40:18: [INFO] Using internal autorouter method
13:40:18: [INFO] Routing pad 'SW50:2' at (459740000, 52070000) with pad 'D50:2' at (462280000, 59750000) using coordinate system rotated by 0 degree(s)
13:40:18: [INFO] Adding track segment (B.Cu): [(459740000, 52070000), (459740000, 57210000)]
13:40:18: [INFO] Adding track segment (B.Cu): [(459740000, 57210000), (462280000, 59750000)]
13:40:19: [INFO] Routing SW49a with D49
13:40:19: [INFO] Using internal autorouter method
13:40:19: [INFO] Routing pad 'SW49a:2' at (440690000, 52070000) with pad 'D49:2' at (452755000, 59750000) using coordinate system rotated by 0 degree(s)
13:40:19: [INFO] Routing SW49 with D49
13:40:19: [INFO] Using internal autorouter method
13:40:19: [INFO] Routing pad 'SW49:2' at (450215000, 52070000) with pad 'D49:2' at (452755000, 59750000) using coordinate system rotated by 0 degree(s)
13:40:19: [INFO] Adding track segment (B.Cu): [(450215000, 52070000), (450215000, 57210000)]
13:40:19: [INFO] Adding track segment (B.Cu): [(450215000, 57210000), (452755000, 59750000)]
13:40:19: [INFO] Routing SW48 with D48
13:40:19: [INFO] Using internal autorouter method
13:40:19: [INFO] Routing pad 'SW48:2' at (421640000, 52070000) with pad 'D48:2' at (424180000, 59750000) using coordinate system rotated by 0 degree(s)
13:40:19: [INFO] Adding track segment (B.Cu): [(421640000, 52070000), (421640000, 57210000)]
13:40:19: [INFO] Adding track segment (B.Cu): [(421640000, 57210000), (424180000, 59750000)]
13:40:19: [INFO] Routing SW47a with D47
13:40:19: [INFO] Using internal autorouter method
13:40:19: [INFO] Routing pad 'SW47a:2' at (402590000, 52070000) with pad 'D47:2' at (414655000, 59750000) using coordinate system rotated by 0 degree(s)
13:40:19: [INFO] Routing SW47 with D47
13:40:19: [INFO] Using internal autorouter method
13:40:19: [INFO] Routing pad 'SW47:2' at (412115000, 52070000) with pad 'D47:2' at (414655000, 59750000) using coordinate system rotated by 0 degree(s)
13:40:19: [INFO] Adding track segment (B.Cu): [(412115000, 52070000), (412115000, 57210000)]
13:40:19: [INFO] Adding track segment (B.Cu): [(412115000, 57210000), (414655000, 59750000)]
13:40:19: [INFO] Routing SW46 with D46
13:40:19: [INFO] Using internal autorouter method
13:40:19: [INFO] Routing pad 'SW46:2' at (383540000, 52070000) with pad 'D46:2' at (386080000, 59750000) using coordinate system rotated by 0 degree(s)
13:40:19: [INFO] Adding track segment (B.Cu): [(383540000, 52070000), (383540000, 57210000)]
13:40:19: [INFO] Adding track segment (B.Cu): [(383540000, 57210000), (386080000, 59750000)]
13:40:19: [INFO] Routing SW45a with D45
13:40:19: [INFO] Using internal autorouter method
13:40:19: [INFO] Routing pad 'SW45a:2' at (364490000, 52070000) with pad 'D45:2' at (376555000, 59750000) using coordinate system rotated by 0 degree(s)
13:40:19: [INFO] Routing SW45 with D45
13:40:19: [INFO] Using internal autorouter method
13:40:19: [INFO] Routing pad 'SW45:2' at (374015000, 52070000) with pad 'D45:2' at (376555000, 59750000) using coordinate system rotated by 0 degree(s)
13:40:19: [INFO] Adding track segment (B.Cu): [(374015000, 52070000), (374015000, 57210000)]
13:40:19: [INFO] Adding track segment (B.Cu): [(374015000, 57210000), (376555000, 59750000)]
13:40:19: [INFO] Routing SW44 with D44
13:40:19: [INFO] Using internal autorouter method
13:40:19: [INFO] Routing pad 'SW44:2' at (345440000, 52070000) with pad 'D44:2' at (347980000, 59750000) using coordinate system rotated by 0 degree(s)
13:40:19: [INFO] Adding track segment (B.Cu): [(345440000, 52070000), (345440000, 57210000)]
13:40:19: [INFO] Adding track segment (B.Cu): [(345440000, 57210000), (347980000, 59750000)]
13:40:19: [INFO] Routing SW43a with D43
13:40:19: [INFO] Using internal autorouter method
13:40:19: [INFO] Routing pad 'SW43a:2' at (326390000, 52070000) with pad 'D43:2' at (338455000, 59750000) using coordinate system rotated by 0 degree(s)
13:40:19: [INFO] Routing SW43 with D43
13:40:19: [INFO] Using internal autorouter method
13:40:19: [INFO] Routing pad 'SW43:2' at (335915000, 52070000) with pad 'D43:2' at (338455000, 59750000) using coordinate system rotated by 0 degree(s)
13:40:19: [INFO] Adding track segment (B.Cu): [(335915000, 52070000), (335915000, 57210000)]
13:40:19: [INFO] Adding track segment (B.Cu): [(335915000, 57210000), (338455000, 59750000)]
13:40:19: [INFO] Routing SW42 with D42
13:40:19: [INFO] Using internal autorouter method
13:40:19: [INFO] Routing pad 'SW42:2' at (307340000, 52070000) with pad 'D42:2' at (309880000, 59750000) using coordinate system rotated by 0 degree(s)
13:40:19: [INFO] Adding track segment (B.Cu): [(307340000, 52070000), (307340000, 57210000)]
13:40:19: [INFO] Adding track segment (B.Cu): [(307340000, 57210000), (309880000, 59750000)]
13:40:19: [INFO] Routing SW41a with D41
13:40:19: [INFO] Using internal autorouter method
13:40:19: [INFO] Routing pad 'SW41a:2' at (288290000, 52070000) with pad 'D41:2' at (300355000, 59750000) using coordinate system rotated by 0 degree(s)
13:40:19: [INFO] Routing SW41 with D41
13:40:19: [INFO] Using internal autorouter method
13:40:19: [INFO] Routing pad 'SW41:2' at (297815000, 52070000) with pad 'D41:2' at (300355000, 59750000) using coordinate system rotated by 0 degree(s)
13:40:19: [INFO] Adding track segment (B.Cu): [(297815000, 52070000), (297815000, 57210000)]
13:40:19: [INFO] Adding track segment (B.Cu): [(297815000, 57210000), (300355000, 59750000)]
13:40:19: [INFO] Routing SW40 with D40
13:40:19: [INFO] Using internal autorouter method
13:40:19: [INFO] Routing pad 'SW40:2' at (269240000, 52070000) with pad 'D40:2' at (271780000, 59750000) using coordinate system rotated by 0 degree(s)
13:40:19: [INFO] Adding track segment (B.Cu): [(269240000, 52070000), (269240000, 57210000)]
13:40:19: [INFO] Adding track segment (B.Cu): [(269240000, 57210000), (271780000, 59750000)]
13:40:19: [INFO] Routing SW39a with D39
13:40:19: [INFO] Using internal autorouter method
13:40:19: [INFO] Routing pad 'SW39a:2' at (250190000, 52070000) with pad 'D39:2' at (262255000, 59750000) using coordinate system rotated by 0 degree(s)
13:40:20: [INFO] Routing SW39 with D39
13:40:20: [INFO] Using internal autorouter method
13:40:20: [INFO] Routing pad 'SW39:2' at (259715000, 52070000) with pad 'D39:2' at (262255000, 59750000) using coordinate system rotated by 0 degree(s)
13:40:20: [INFO] Adding track segment (B.Cu): [(259715000, 52070000), (259715000, 57210000)]
13:40:20: [INFO] Adding track segment (B.Cu): [(259715000, 57210000), (262255000, 59750000)]
13:40:20: [INFO] Routing SW38 with D38
13:40:20: [INFO] Using internal autorouter method
13:40:20: [INFO] Routing pad 'SW38:2' at (231140000, 52070000) with pad 'D38:2' at (233680000, 59750000) using coordinate system rotated by 0 degree(s)
13:40:20: [INFO] Adding track segment (B.Cu): [(231140000, 52070000), (231140000, 57210000)]
13:40:20: [INFO] Adding track segment (B.Cu): [(231140000, 57210000), (233680000, 59750000)]
13:40:20: [INFO] Routing SW37a with D37
13:40:20: [INFO] Using internal autorouter method
13:40:20: [INFO] Routing pad 'SW37a:2' at (212090000, 52070000) with pad 'D37:2' at (224155000, 59750000) using coordinate system rotated by 0 degree(s)
13:40:20: [INFO] Routing SW37 with D37
13:40:20: [INFO] Using internal autorouter method
13:40:20: [INFO] Routing pad 'SW37:2' at (221615000, 52070000) with pad 'D37:2' at (224155000, 59750000) using coordinate system rotated by 0 degree(s)
13:40:20: [INFO] Adding track segment (B.Cu): [(221615000, 52070000), (221615000, 57210000)]
13:40:20: [INFO] Adding track segment (B.Cu): [(221615000, 57210000), (224155000, 59750000)]
13:40:20: [INFO] Routing SW36 with D36
13:40:20: [INFO] Using internal autorouter method
13:40:20: [INFO] Routing pad 'SW36:2' at (193040000, 52070000) with pad 'D36:2' at (195580000, 59750000) using coordinate system rotated by 0 degree(s)
13:40:20: [INFO] Adding track segment (B.Cu): [(193040000, 52070000), (193040000, 57210000)]
13:40:20: [INFO] Adding track segment (B.Cu): [(193040000, 57210000), (195580000, 59750000)]
13:40:20: [INFO] Routing SW35a with D35
13:40:20: [INFO] Using internal autorouter method
13:40:20: [INFO] Routing pad 'SW35a:2' at (173990000, 52070000) with pad 'D35:2' at (186055000, 59750000) using coordinate system rotated by 0 degree(s)
13:40:20: [INFO] Routing SW35 with D35
13:40:20: [INFO] Using internal autorouter method
13:40:20: [INFO] Routing pad 'SW35:2' at (183515000, 52070000) with pad 'D35:2' at (186055000, 59750000) using coordinate system rotated by 0 degree(s)
13:40:20: [INFO] Adding track segment (B.Cu): [(183515000, 52070000), (183515000, 57210000)]
13:40:20: [INFO] Adding track segment (B.Cu): [(183515000, 57210000), (186055000, 59750000)]
13:40:20: [INFO] Routing SW34 with D34
13:40:20: [INFO] Using internal autorouter method
13:40:20: [INFO] Routing pad 'SW34:2' at (154940000, 52070000) with pad 'D34:2' at (157480000, 59750000) using coordinate system rotated by 0 degree(s)
13:40:20: [INFO] Adding track segment (B.Cu): [(154940000, 52070000), (154940000, 57210000)]
13:40:20: [INFO] Adding track segment (B.Cu): [(154940000, 57210000), (157480000, 59750000)]
13:40:20: [INFO] Routing SW33a with D33
13:40:20: [INFO] Using internal autorouter method
13:40:20: [INFO] Routing pad 'SW33a:2' at (135890000, 52070000) with pad 'D33:2' at (147955000, 59750000) using coordinate system rotated by 0 degree(s)
13:40:20: [INFO] Routing SW33 with D33
13:40:20: [INFO] Using internal autorouter method
13:40:20: [INFO] Routing pad 'SW33:2' at (145415000, 52070000) with pad 'D33:2' at (147955000, 59750000) using coordinate system rotated by 0 degree(s)
13:40:20: [INFO] Adding track segment (B.Cu): [(145415000, 52070000), (145415000, 57210000)]
13:40:20: [INFO] Adding track segment (B.Cu): [(145415000, 57210000), (147955000, 59750000)]
13:40:20: [INFO] Routing SW32 with D32
13:40:20: [INFO] Using internal autorouter method
13:40:20: [INFO] Routing pad 'SW32:2' at (107315000, 52070000) with pad 'D32:2' at (109855000, 59750000) using coordinate system rotated by 0 degree(s)
13:40:20: [INFO] Adding track segment (B.Cu): [(107315000, 52070000), (107315000, 57210000)]
13:40:20: [INFO] Adding track segment (B.Cu): [(107315000, 57210000), (109855000, 59750000)]
13:40:20: [INFO] Routing SW31a with D31
13:40:20: [INFO] Using internal autorouter method
13:40:20: [INFO] Routing pad 'SW31a:2' at (88265000, 52070000) with pad 'D31:2' at (100330000, 59750000) using coordinate system rotated by 0 degree(s)
13:40:20: [INFO] Routing SW31 with D31
13:40:20: [INFO] Using internal autorouter method
13:40:20: [INFO] Routing pad 'SW31:2' at (97790000, 52070000) with pad 'D31:2' at (100330000, 59750000) using coordinate system rotated by 0 degree(s)
13:40:20: [INFO] Adding track segment (B.Cu): [(97790000, 52070000), (97790000, 57210000)]
13:40:20: [INFO] Adding track segment (B.Cu): [(97790000, 57210000), (100330000, 59750000)]
13:40:20: [INFO] Routing SW30 with D30
13:40:20: [INFO] Using internal autorouter method
13:40:20: [INFO] Routing pad 'SW30:2' at (69215000, 52070000) with pad 'D30:2' at (71755000, 59750000) using coordinate system rotated by 0 degree(s)
13:40:20: [INFO] Adding track segment (B.Cu): [(69215000, 52070000), (69215000, 57210000)]
13:40:20: [INFO] Adding track segment (B.Cu): [(69215000, 57210000), (71755000, 59750000)]
13:40:20: [INFO] Routing SW29a with D29
13:40:20: [INFO] Using internal autorouter method
13:40:20: [INFO] Routing pad 'SW29a:2' at (50165000, 52070000) with pad 'D29:2' at (62230000, 59750000) using coordinate system rotated by 0 degree(s)
13:40:20: [INFO] Routing SW29 with D29
13:40:20: [INFO] Using internal autorouter method
13:40:20: [INFO] Routing pad 'SW29:2' at (59690000, 52070000) with pad 'D29:2' at (62230000, 59750000) using coordinate system rotated by 0 degree(s)
13:40:21: [INFO] Adding track segment (B.Cu): [(59690000, 52070000), (59690000, 57210000)]
13:40:21: [INFO] Adding track segment (B.Cu): [(59690000, 57210000), (62230000, 59750000)]
13:40:21: [INFO] Routing SW28 with D28
13:40:21: [INFO] Using internal autorouter method
13:40:21: [INFO] Routing pad 'SW28:2' at (583565000, 33020000) with pad 'D28:2' at (586105000, 40700000) using coordinate system rotated by 0 degree(s)
13:40:21: [INFO] Adding track segment (B.Cu): [(583565000, 33020000), (583565000, 38160000)]
13:40:21: [INFO] Adding track segment (B.Cu): [(583565000, 38160000), (586105000, 40700000)]
13:40:21: [INFO] Routing SW27a with D27
13:40:21: [INFO] Using internal autorouter method
13:40:21: [INFO] Routing pad 'SW27a:2' at (564515000, 33020000) with pad 'D27:2' at (576580000, 40700000) using coordinate system rotated by 0 degree(s)
13:40:21: [INFO] Routing SW27 with D27
13:40:21: [INFO] Using internal autorouter method
13:40:21: [INFO] Routing pad 'SW27:2' at (574040000, 33020000) with pad 'D27:2' at (576580000, 40700000) using coordinate system rotated by 0 degree(s)
13:40:21: [INFO] Adding track segment (B.Cu): [(574040000, 33020000), (574040000, 38160000)]
13:40:21: [INFO] Adding track segment (B.Cu): [(574040000, 38160000), (576580000, 40700000)]
13:40:21: [INFO] Routing SW26 with D26
13:40:21: [INFO] Using internal autorouter method
13:40:21: [INFO] Routing pad 'SW26:2' at (545465000, 33020000) with pad 'D26:2' at (548005000, 40700000) using coordinate system rotated by 0 degree(s)
13:40:21: [INFO] Adding track segment (B.Cu): [(545465000, 33020000), (545465000, 38160000)]
13:40:21: [INFO] Adding track segment (B.Cu): [(545465000, 38160000), (548005000, 40700000)]
13:40:21: [INFO] Routing SW25a with D25
13:40:21: [INFO] Using internal autorouter method
13:40:21: [INFO] Routing pad 'SW25a:2' at (526415000, 33020000) with pad 'D25:2' at (538480000, 40700000) using coordinate system rotated by 0 degree(s)
13:40:21: [INFO] Routing SW25 with D25
13:40:21: [INFO] Using internal autorouter method
13:40:21: [INFO] Routing pad 'SW25:2' at (535940000, 33020000) with pad 'D25:2' at (538480000, 40700000) using coordinate system rotated by 0 degree(s)
13:40:21: [INFO] Adding track segment (B.Cu): [(535940000, 33020000), (535940000, 38160000)]
13:40:21: [INFO] Adding track segment (B.Cu): [(535940000, 38160000), (538480000, 40700000)]
13:40:21: [INFO] Routing SW24 with D24
13:40:21: [INFO] Using internal autorouter method
13:40:21: [INFO] Routing pad 'SW24:2' at (497840000, 33020000) with pad 'D24:2' at (500380000, 40700000) using coordinate system rotated by 0 degree(s)
13:40:21: [INFO] Adding track segment (B.Cu): [(497840000, 33020000), (497840000, 38160000)]
13:40:21: [INFO] Adding track segment (B.Cu): [(497840000, 38160000), (500380000, 40700000)]
13:40:21: [INFO] Routing SW23a with D23
13:40:21: [INFO] Using internal autorouter method
13:40:21: [INFO] Routing pad 'SW23a:2' at (478790000, 33020000) with pad 'D23:2' at (490855000, 40700000) using coordinate system rotated by 0 degree(s)
13:40:21: [INFO] Routing SW23 with D23
13:40:21: [INFO] Using internal autorouter method
13:40:21: [INFO] Routing pad 'SW23:2' at (488315000, 33020000) with pad 'D23:2' at (490855000, 40700000) using coordinate system rotated by 0 degree(s)
13:40:21: [INFO] Adding track segment (B.Cu): [(488315000, 33020000), (488315000, 38160000)]
13:40:21: [INFO] Adding track segment (B.Cu): [(488315000, 38160000), (490855000, 40700000)]
13:40:21: [INFO] Routing SW22 with D22
13:40:21: [INFO] Using internal autorouter method
13:40:21: [INFO] Routing pad 'SW22:2' at (459740000, 33020000) with pad 'D22:2' at (462280000, 40700000) using coordinate system rotated by 0 degree(s)
13:40:21: [INFO] Adding track segment (B.Cu): [(459740000, 33020000), (459740000, 38160000)]
13:40:21: [INFO] Adding track segment (B.Cu): [(459740000, 38160000), (462280000, 40700000)]
13:40:21: [INFO] Routing SW21a with D21
13:40:21: [INFO] Using internal autorouter method
13:40:21: [INFO] Routing pad 'SW21a:2' at (440690000, 33020000) with pad 'D21:2' at (452755000, 40700000) using coordinate system rotated by 0 degree(s)
13:40:21: [INFO] Routing SW21 with D21
13:40:21: [INFO] Using internal autorouter method
13:40:21: [INFO] Routing pad 'SW21:2' at (450215000, 33020000) with pad 'D21:2' at (452755000, 40700000) using coordinate system rotated by 0 degree(s)
13:40:21: [INFO] Adding track segment (B.Cu): [(450215000, 33020000), (450215000, 38160000)]
13:40:21: [INFO] Adding track segment (B.Cu): [(450215000, 38160000), (452755000, 40700000)]
13:40:21: [INFO] Routing SW20 with D20
13:40:21: [INFO] Using internal autorouter method
13:40:21: [INFO] Routing pad 'SW20:2' at (421640000, 33020000) with pad 'D20:2' at (424180000, 40700000) using coordinate system rotated by 0 degree(s)
13:40:22: [INFO] Adding track segment (B.Cu): [(421640000, 33020000), (421640000, 38160000)]
13:40:22: [INFO] Adding track segment (B.Cu): [(421640000, 38160000), (424180000, 40700000)]
13:40:22: [INFO] Routing SW19a with D19
13:40:22: [INFO] Using internal autorouter method
13:40:22: [INFO] Routing pad 'SW19a:2' at (402590000, 33020000) with pad 'D19:2' at (414655000, 40700000) using coordinate system rotated by 0 degree(s)
13:40:22: [INFO] Routing SW19 with D19
13:40:22: [INFO] Using internal autorouter method
13:40:22: [INFO] Routing pad 'SW19:2' at (412115000, 33020000) with pad 'D19:2' at (414655000, 40700000) using coordinate system rotated by 0 degree(s)
13:40:22: [INFO] Adding track segment (B.Cu): [(412115000, 33020000), (412115000, 38160000)]
13:40:22: [INFO] Adding track segment (B.Cu): [(412115000, 38160000), (414655000, 40700000)]
13:40:22: [INFO] Routing SW18 with D18
13:40:22: [INFO] Using internal autorouter method
13:40:22: [INFO] Routing pad 'SW18:2' at (383540000, 33020000) with pad 'D18:2' at (386080000, 40700000) using coordinate system rotated by 0 degree(s)
13:40:22: [INFO] Adding track segment (B.Cu): [(383540000, 33020000), (383540000, 38160000)]
13:40:22: [INFO] Adding track segment (B.Cu): [(383540000, 38160000), (386080000, 40700000)]
13:40:22: [INFO] Routing SW17a with D17
13:40:22: [INFO] Using internal autorouter method
13:40:22: [INFO] Routing pad 'SW17a:2' at (364490000, 33020000) with pad 'D17:2' at (376555000, 40700000) using coordinate system rotated by 0 degree(s)
13:40:22: [INFO] Routing SW17 with D17
13:40:22: [INFO] Using internal autorouter method
13:40:22: [INFO] Routing pad 'SW17:2' at (374015000, 33020000) with pad 'D17:2' at (376555000, 40700000) using coordinate system rotated by 0 degree(s)
13:40:22: [INFO] Adding track segment (B.Cu): [(374015000, 33020000), (374015000, 38160000)]
13:40:22: [INFO] Adding track segment (B.Cu): [(374015000, 38160000), (376555000, 40700000)]
13:40:22: [INFO] Routing SW16 with D16
13:40:22: [INFO] Using internal autorouter method
13:40:22: [INFO] Routing pad 'SW16:2' at (345440000, 33020000) with pad 'D16:2' at (347980000, 40700000) using coordinate system rotated by 0 degree(s)
13:40:22: [INFO] Adding track segment (B.Cu): [(345440000, 33020000), (345440000, 38160000)]
13:40:22: [INFO] Adding track segment (B.Cu): [(345440000, 38160000), (347980000, 40700000)]
13:40:22: [INFO] Routing SW15a with D15
13:40:22: [INFO] Using internal autorouter method
13:40:22: [INFO] Routing pad 'SW15a:2' at (326390000, 33020000) with pad 'D15:2' at (338455000, 40700000) using coordinate system rotated by 0 degree(s)
13:40:22: [INFO] Routing SW15 with D15
13:40:22: [INFO] Using internal autorouter method
13:40:22: [INFO] Routing pad 'SW15:2' at (335915000, 33020000) with pad 'D15:2' at (338455000, 40700000) using coordinate system rotated by 0 degree(s)
13:40:22: [INFO] Adding track segment (B.Cu): [(335915000, 33020000), (335915000, 38160000)]
13:40:22: [INFO] Adding track segment (B.Cu): [(335915000, 38160000), (338455000, 40700000)]
13:40:22: [INFO] Routing SW14 with D14
13:40:22: [INFO] Using internal autorouter method
13:40:22: [INFO] Routing pad 'SW14:2' at (307340000, 33020000) with pad 'D14:2' at (309880000, 40700000) using coordinate system rotated by 0 degree(s)
13:40:22: [INFO] Adding track segment (B.Cu): [(307340000, 33020000), (307340000, 38160000)]
13:40:22: [INFO] Adding track segment (B.Cu): [(307340000, 38160000), (309880000, 40700000)]
13:40:22: [INFO] Routing SW13a with D13
13:40:22: [INFO] Using internal autorouter method
13:40:22: [INFO] Routing pad 'SW13a:2' at (288290000, 33020000) with pad 'D13:2' at (300355000, 40700000) using coordinate system rotated by 0 degree(s)
13:40:22: [INFO] Routing SW13 with D13
13:40:22: [INFO] Using internal autorouter method
13:40:22: [INFO] Routing pad 'SW13:2' at (297815000, 33020000) with pad 'D13:2' at (300355000, 40700000) using coordinate system rotated by 0 degree(s)
13:40:22: [INFO] Adding track segment (B.Cu): [(297815000, 33020000), (297815000, 38160000)]
13:40:22: [INFO] Adding track segment (B.Cu): [(297815000, 38160000), (300355000, 40700000)]
13:40:22: [INFO] Routing SW12 with D12
13:40:22: [INFO] Using internal autorouter method
13:40:22: [INFO] Routing pad 'SW12:2' at (269240000, 33020000) with pad 'D12:2' at (271780000, 40700000) using coordinate system rotated by 0 degree(s)
13:40:22: [INFO] Adding track segment (B.Cu): [(269240000, 33020000), (269240000, 38160000)]
13:40:22: [INFO] Adding track segment (B.Cu): [(269240000, 38160000), (271780000, 40700000)]
13:40:22: [INFO] Routing SW11a with D11
13:40:22: [INFO] Using internal autorouter method
13:40:22: [INFO] Routing pad 'SW11a:2' at (250190000, 33020000) with pad 'D11:2' at (262255000, 40700000) using coordinate system rotated by 0 degree(s)
13:40:22: [INFO] Routing SW11 with D11
13:40:22: [INFO] Using internal autorouter method
13:40:22: [INFO] Routing pad 'SW11:2' at (259715000, 33020000) with pad 'D11:2' at (262255000, 40700000) using coordinate system rotated by 0 degree(s)
13:40:22: [INFO] Adding track segment (B.Cu): [(259715000, 33020000), (259715000, 38160000)]
13:40:22: [INFO] Adding track segment (B.Cu): [(259715000, 38160000), (262255000, 40700000)]
13:40:22: [INFO] Routing SW10 with D10
13:40:22: [INFO] Using internal autorouter method
13:40:22: [INFO] Routing pad 'SW10:2' at (231140000, 33020000) with pad 'D10:2' at (233680000, 40700000) using coordinate system rotated by 0 degree(s)
13:40:23: [INFO] Adding track segment (B.Cu): [(231140000, 33020000), (231140000, 38160000)]
13:40:23: [INFO] Adding track segment (B.Cu): [(231140000, 38160000), (233680000, 40700000)]
13:40:23: [INFO] Routing SW9a with D9
13:40:23: [INFO] Using internal autorouter method
13:40:23: [INFO] Routing pad 'SW9a:2' at (212090000, 33020000) with pad 'D9:2' at (224155000, 40700000) using coordinate system rotated by 0 degree(s)
13:40:23: [INFO] Routing SW9 with D9
13:40:23: [INFO] Using internal autorouter method
13:40:23: [INFO] Routing pad 'SW9:2' at (221615000, 33020000) with pad 'D9:2' at (224155000, 40700000) using coordinate system rotated by 0 degree(s)
13:40:23: [INFO] Adding track segment (B.Cu): [(221615000, 33020000), (221615000, 38160000)]
13:40:23: [INFO] Adding track segment (B.Cu): [(221615000, 38160000), (224155000, 40700000)]
13:40:23: [INFO] Routing SW8 with D8
13:40:23: [INFO] Using internal autorouter method
13:40:23: [INFO] Routing pad 'SW8:2' at (193040000, 33020000) with pad 'D8:2' at (195580000, 40700000) using coordinate system rotated by 0 degree(s)
13:40:23: [INFO] Adding track segment (B.Cu): [(193040000, 33020000), (193040000, 38160000)]
13:40:23: [INFO] Adding track segment (B.Cu): [(193040000, 38160000), (195580000, 40700000)]
13:40:23: [INFO] Routing SW7a with D7
13:40:23: [INFO] Using internal autorouter method
13:40:23: [INFO] Routing pad 'SW7a:2' at (173990000, 33020000) with pad 'D7:2' at (186055000, 40700000) using coordinate system rotated by 0 degree(s)
13:40:23: [INFO] Routing SW7 with D7
13:40:23: [INFO] Using internal autorouter method
13:40:23: [INFO] Routing pad 'SW7:2' at (183515000, 33020000) with pad 'D7:2' at (186055000, 40700000) using coordinate system rotated by 0 degree(s)
13:40:23: [INFO] Adding track segment (B.Cu): [(183515000, 33020000), (183515000, 38160000)]
13:40:23: [INFO] Adding track segment (B.Cu): [(183515000, 38160000), (186055000, 40700000)]
13:40:23: [INFO] Routing SW6 with D6
13:40:23: [INFO] Using internal autorouter method
13:40:23: [INFO] Routing pad 'SW6:2' at (154940000, 33020000) with pad 'D6:2' at (157480000, 40700000) using coordinate system rotated by 0 degree(s)
13:40:23: [INFO] Adding track segment (B.Cu): [(154940000, 33020000), (154940000, 38160000)]
13:40:23: [INFO] Adding track segment (B.Cu): [(154940000, 38160000), (157480000, 40700000)]
13:40:23: [INFO] Routing SW5a with D5
13:40:23: [INFO] Using internal autorouter method
13:40:23: [INFO] Routing pad 'SW5a:2' at (135890000, 33020000) with pad 'D5:2' at (147955000, 40700000) using coordinate system rotated by 0 degree(s)
13:40:23: [INFO] Routing SW5 with D5
13:40:23: [INFO] Using internal autorouter method
13:40:23: [INFO] Routing pad 'SW5:2' at (145415000, 33020000) with pad 'D5:2' at (147955000, 40700000) using coordinate system rotated by 0 degree(s)
13:40:23: [INFO] Adding track segment (B.Cu): [(145415000, 33020000), (145415000, 38160000)]
13:40:23: [INFO] Adding track segment (B.Cu): [(145415000, 38160000), (147955000, 40700000)]
13:40:23: [INFO] Routing SW4 with D4
13:40:23: [INFO] Using internal autorouter method
13:40:23: [INFO] Routing pad 'SW4:2' at (107315000, 33020000) with pad 'D4:2' at (109855000, 40700000) using coordinate system rotated by 0 degree(s)
13:40:23: [INFO] Adding track segment (B.Cu): [(107315000, 33020000), (107315000, 38160000)]
13:40:23: [INFO] Adding track segment (B.Cu): [(107315000, 38160000), (109855000, 40700000)]
13:40:23: [INFO] Routing SW3a with D3
13:40:23: [INFO] Using internal autorouter method
13:40:23: [INFO] Routing pad 'SW3a:2' at (88265000, 33020000) with pad 'D3:2' at (100330000, 40700000) using coordinate system rotated by 0 degree(s)
13:40:23: [INFO] Routing SW3 with D3
13:40:23: [INFO] Using internal autorouter method
13:40:23: [INFO] Routing pad 'SW3:2' at (97790000, 33020000) with pad 'D3:2' at (100330000, 40700000) using coordinate system rotated by 0 degree(s)
13:40:23: [INFO] Adding track segment (B.Cu): [(97790000, 33020000), (97790000, 38160000)]
13:40:23: [INFO] Adding track segment (B.Cu): [(97790000, 38160000), (100330000, 40700000)]
13:40:23: [INFO] Routing SW2 with D2
13:40:23: [INFO] Using internal autorouter method
13:40:23: [INFO] Routing pad 'SW2:2' at (69215000, 33020000) with pad 'D2:2' at (71755000, 40700000) using coordinate system rotated by 0 degree(s)
13:40:23: [INFO] Adding track segment (B.Cu): [(69215000, 33020000), (69215000, 38160000)]
13:40:23: [INFO] Adding track segment (B.Cu): [(69215000, 38160000), (71755000, 40700000)]
13:40:23: [INFO] Routing SW1a with D1
13:40:23: [INFO] Using internal autorouter method
13:40:23: [INFO] Routing pad 'SW1a:2' at (50165000, 33020000) with pad 'D1:2' at (62230000, 40700000) using coordinate system rotated by 0 degree(s)
13:40:23: [INFO] Routing SW1 with D1
13:40:23: [INFO] Using internal autorouter method
13:40:23: [INFO] Routing pad 'SW1:2' at (59690000, 33020000) with pad 'D1:2' at (62230000, 40700000) using coordinate system rotated by 0 degree(s)
13:40:23: [INFO] Adding track segment (B.Cu): [(59690000, 33020000), (59690000, 38160000)]
13:40:23: [INFO] Adding track segment (B.Cu): [(59690000, 38160000), (62230000, 40700000)]
13:40:23: [INFO] Routing COL8 pads
13:40:23: [INFO] Routing pad 'SW170:1' at (200977500, 159385000) with pad 'SW170a:1' at (198596250, 159385000) using coordinate system rotated by 0 degree(s)
13:40:23: [INFO] Adding track segment (F.Cu): [(200977500, 159385000), (198596250, 159385000)]
13:40:23: [INFO] Routing pad 'SW119:1' at (205740000, 121285000) with pad 'SW170:1' at (200977500, 159385000) using coordinate system rotated by 0 degree(s)
13:40:24: [INFO] Routing pad 'SW37a:1' at (205740000, 54610000) with pad 'SW9a:1' at (205740000, 35560000) using coordinate system rotated by 0 degree(s)
13:40:24: [INFO] Adding track segment (F.Cu): [(205740000, 54610000), (205740000, 35560000)]
13:40:24: [INFO] Could not add track segment due to detected collision
13:40:24: [INFO] Routing pad 'SW65:1' at (205740000, 73660000) with pad 'SW37a:1' at (205740000, 54610000) using coordinate system rotated by 0 degree(s)
13:40:24: [INFO] Adding track segment (F.Cu): [(205740000, 73660000), (205740000, 54610000)]
13:40:24: [INFO] Could not add track segment due to detected collision
13:40:24: [INFO] Routing pad 'SW92:1' at (196215000, 102235000) with pad 'SW65:1' at (205740000, 73660000) using coordinate system rotated by 0 degree(s)
13:40:24: [INFO] Adding track segment (F.Cu): [(196215000, 102235000), (205740000, 92710000)]
13:40:24: [INFO] Adding track segment (F.Cu): [(205740000, 92710000), (205740000, 73660000)]
13:40:24: [INFO] Routing pad 'SW92:1' at (196215000, 102235000) with pad 'SW119:1' at (205740000, 121285000) using coordinate system rotated by 0 degree(s)
13:40:24: [INFO] Adding track segment (F.Cu): [(196215000, 102235000), (196215000, 111760000)]
13:40:24: [INFO] Adding track segment (F.Cu): [(196215000, 111760000), (205740000, 121285000)]
13:40:24: [INFO] Routing pad 'SW170:1' at (200977500, 159385000) with pad 'SW197:1' at (210502500, 178435000) using coordinate system rotated by 0 degree(s)
13:40:24: [INFO] Routing pad 'SW9a:1' at (205740000, 35560000) with pad 'SW9:1' at (215265000, 35560000) using coordinate system rotated by 0 degree(s)
13:40:24: [INFO] Adding track segment (F.Cu): [(205740000, 35560000), (215265000, 35560000)]
13:40:24: [INFO] Routing pad 'SW37a:1' at (205740000, 54610000) with pad 'SW37:1' at (215265000, 54610000) using coordinate system rotated by 0 degree(s)
13:40:24: [INFO] Adding track segment (F.Cu): [(205740000, 54610000), (215265000, 54610000)]
13:40:24: [INFO] Routing pad 'SW197:1' at (210502500, 178435000) with pad 'SW197a:1' at (220027500, 178435000) using coordinate system rotated by 0 degree(s)
13:40:24: [INFO] Adding track segment (F.Cu): [(210502500, 178435000), (220027500, 178435000)]
13:40:24: [INFO] Routing COL19 pads
13:40:24: [INFO] Routing pad 'SW206:1' at (410527500, 178435000) with pad 'SW206a:1' at (401002500, 178435000) using coordinate system rotated by 0 degree(s)
13:40:24: [INFO] Adding track segment (F.Cu): [(410527500, 178435000), (401002500, 178435000)]
13:40:24: [INFO] Routing pad 'SW130:1' at (415290000, 121285000) with pad 'SW103:1' at (405765000, 102235000) using coordinate system rotated by 0 degree(s)
13:40:24: [INFO] Adding track segment (F.Cu): [(415290000, 121285000), (405765000, 111760000)]
13:40:24: [INFO] Adding track segment (F.Cu): [(405765000, 111760000), (405765000, 102235000)]
13:40:24: [INFO] Routing pad 'SW155a:1' at (401002500, 140335000) with pad 'SW155:1' at (405765000, 140335000) using coordinate system rotated by 0 degree(s)
13:40:24: [INFO] Adding track segment (F.Cu): [(401002500, 140335000), (405765000, 140335000)]
13:40:24: [INFO] Routing pad 'SW181a:1' at (417671250, 159385000) with pad 'SW206:1' at (410527500, 178435000) using coordinate system rotated by 0 degree(s)
13:40:24: [INFO] Adding track segment (F.Cu): [(417671250, 159385000), (417671250, 171291250)]
13:40:24: [INFO] Adding track segment (F.Cu): [(417671250, 171291250), (410527500, 178435000)]
13:40:24: [INFO] Routing pad 'SW48:1' at (415290000, 54610000) with pad 'SW20:1' at (415290000, 35560000) using coordinate system rotated by 0 degree(s)
13:40:24: [INFO] Adding track segment (F.Cu): [(415290000, 54610000), (415290000, 35560000)]
13:40:24: [INFO] Could not add track segment due to detected collision
13:40:24: [INFO] Routing pad 'SW76:1' at (415290000, 73660000) with pad 'SW48:1' at (415290000, 54610000) using coordinate system rotated by 0 degree(s)
13:40:24: [INFO] Adding track segment (F.Cu): [(415290000, 73660000), (415290000, 54610000)]
13:40:24: [INFO] Could not add track segment due to detected collision
13:40:24: [INFO] Routing pad 'SW103:1' at (405765000, 102235000) with pad 'SW76:1' at (415290000, 73660000) using coordinate system rotated by 0 degree(s)
13:40:24: [INFO] Adding track segment (F.Cu): [(405765000, 102235000), (415290000, 92710000)]
13:40:24: [INFO] Adding track segment (F.Cu): [(415290000, 92710000), (415290000, 73660000)]
13:40:24: [INFO] Routing pad 'SW155:1' at (405765000, 140335000) with pad 'SW130:1' at (415290000, 121285000) using coordinate system rotated by 0 degree(s)
13:40:24: [INFO] Routing pad 'SW155:1' at (405765000, 140335000) with pad 'SW181a:1' at (417671250, 159385000) using coordinate system rotated by 0 degree(s)
13:40:24: [INFO] Routing pad 'SW181a:1' at (417671250, 159385000) with pad 'SW181:1' at (420052500, 159385000) using coordinate system rotated by 0 degree(s)
13:40:24: [INFO] Adding track segment (F.Cu): [(417671250, 159385000), (420052500, 159385000)]
13:40:24: [INFO] Routing COL20 pads
13:40:24: [INFO] Routing pad 'SW156:1' at (429577500, 140335000) with pad 'SW156a:1' at (427196250, 140335000) using coordinate system rotated by 0 degree(s)
13:40:24: [INFO] Adding track segment (F.Cu): [(429577500, 140335000), (427196250, 140335000)]
13:40:24: [INFO] Routing pad 'SW131:1' at (439102500, 121285000) with pad 'SW156:1' at (429577500, 140335000) using coordinate system rotated by 0 degree(s)
13:40:24: [INFO] Routing pad 'SW156:1' at (429577500, 140335000) with pad 'SW207a:1' at (429577500, 178435000) using coordinate system rotated by 0 degree(s)
13:40:24: [INFO] Adding track segment (F.Cu): [(429577500, 140335000), (429577500, 178435000)]
13:40:24: [INFO] Could not add track segment due to detected collision
13:40:24: [INFO] Routing pad 'SW49a:1' at (434340000, 54610000) with pad 'SW21a:1' at (434340000, 35560000) using coordinate system rotated by 0 degree(s)
13:40:24: [INFO] Adding track segment (F.Cu): [(434340000, 54610000), (434340000, 35560000)]
13:40:24: [INFO] Could not add track segment due to detected collision
13:40:24: [INFO] Routing pad 'SW77:1' at (434340000, 73660000) with pad 'SW49a:1' at (434340000, 54610000) using coordinate system rotated by 0 degree(s)
13:40:24: [INFO] Adding track segment (F.Cu): [(434340000, 73660000), (434340000, 54610000)]
13:40:24: [INFO] Could not add track segment due to detected collision
13:40:24: [INFO] Routing pad 'SW104:1' at (424815000, 102235000) with pad 'SW77:1' at (434340000, 73660000) using coordinate system rotated by 0 degree(s)
13:40:24: [INFO] Adding track segment (F.Cu): [(424815000, 102235000), (434340000, 92710000)]
13:40:24: [INFO] Adding track segment (F.Cu): [(434340000, 92710000), (434340000, 73660000)]
13:40:24: [INFO] Routing pad 'SW207a:1' at (429577500, 178435000) with pad 'SW207:1' at (434340000, 178435000) using coordinate system rotated by 0 degree(s)
13:40:24: [INFO] Adding track segment (F.Cu): [(429577500, 178435000), (434340000, 178435000)]
13:40:24: [INFO] Routing pad 'SW104:1' at (424815000, 102235000) with pad 'SW131:1' at (439102500, 121285000) using coordinate system rotated by 0 degree(s)
13:40:24: [INFO] Adding track segment (F.Cu): [(424815000, 102235000), (424815000, 106997500)]
13:40:25: [INFO] Adding track segment (F.Cu): [(424815000, 106997500), (439102500, 121285000)]
13:40:25: [INFO] Routing pad 'SW21a:1' at (434340000, 35560000) with pad 'SW21:1' at (443865000, 35560000) using coordinate system rotated by 0 degree(s)
13:40:25: [INFO] Adding track segment (F.Cu): [(434340000, 35560000), (443865000, 35560000)]
13:40:25: [INFO] Routing pad 'SW49a:1' at (434340000, 54610000) with pad 'SW49:1' at (443865000, 54610000) using coordinate system rotated by 0 degree(s)
13:40:25: [INFO] Adding track segment (F.Cu): [(434340000, 54610000), (443865000, 54610000)]
13:40:25: [INFO] Routing COL16 pads
13:40:25: [INFO] Routing pad 'SW127:1' at (358140000, 121285000) with pad 'SW100:1' at (348615000, 102235000) using coordinate system rotated by 0 degree(s)
13:40:25: [INFO] Adding track segment (F.Cu): [(358140000, 121285000), (348615000, 111760000)]
13:40:25: [INFO] Adding track segment (F.Cu): [(348615000, 111760000), (348615000, 102235000)]
13:40:25: [INFO] Routing pad 'SW152a:1' at (343852500, 140335000) with pad 'SW152:1' at (348615000, 140335000) using coordinate system rotated by 0 degree(s)
13:40:25: [INFO] Adding track segment (F.Cu): [(343852500, 140335000), (348615000, 140335000)]
13:40:25: [INFO] Routing pad 'SW152:1' at (348615000, 140335000) with pad 'SW178a:1' at (353377500, 159385000) using coordinate system rotated by 0 degree(s)
13:40:25: [INFO] Routing pad 'SW45a:1' at (358140000, 54610000) with pad 'SW17a:1' at (358140000, 35560000) using coordinate system rotated by 0 degree(s)
13:40:25: [INFO] Adding track segment (F.Cu): [(358140000, 54610000), (358140000, 35560000)]
13:40:25: [INFO] Could not add track segment due to detected collision
13:40:25: [INFO] Routing pad 'SW73:1' at (358140000, 73660000) with pad 'SW45a:1' at (358140000, 54610000) using coordinate system rotated by 0 degree(s)
13:40:25: [INFO] Adding track segment (F.Cu): [(358140000, 73660000), (358140000, 54610000)]
13:40:25: [INFO] Could not add track segment due to detected collision
13:40:25: [INFO] Routing pad 'SW100:1' at (348615000, 102235000) with pad 'SW73:1' at (358140000, 73660000) using coordinate system rotated by 0 degree(s)
13:40:25: [INFO] Adding track segment (F.Cu): [(348615000, 102235000), (358140000, 92710000)]
13:40:25: [INFO] Adding track segment (F.Cu): [(358140000, 92710000), (358140000, 73660000)]
13:40:25: [INFO] Routing pad 'SW152:1' at (348615000, 140335000) with pad 'SW127:1' at (358140000, 121285000) using coordinate system rotated by 0 degree(s)
13:40:25: [INFO] Routing pad 'SW178a:1' at (353377500, 159385000) with pad 'SW178:1' at (358140000, 159385000) using coordinate system rotated by 0 degree(s)
13:40:25: [INFO] Adding track segment (F.Cu): [(353377500, 159385000), (358140000, 159385000)]
13:40:25: [INFO] Routing pad 'SW178:1' at (358140000, 159385000) with pad 'SW204:1' at (362902500, 178435000) using coordinate system rotated by 0 degree(s)
13:40:25: [INFO] Routing pad 'SW17a:1' at (358140000, 35560000) with pad 'SW17:1' at (367665000, 35560000) using coordinate system rotated by 0 degree(s)
13:40:25: [INFO] Adding track segment (F.Cu): [(358140000, 35560000), (367665000, 35560000)]
13:40:25: [INFO] Routing pad 'SW45a:1' at (358140000, 54610000) with pad 'SW45:1' at (367665000, 54610000) using coordinate system rotated by 0 degree(s)
13:40:25: [INFO] Adding track segment (F.Cu): [(358140000, 54610000), (367665000, 54610000)]
13:40:25: [INFO] Routing ROW6 pads
13:40:25: [INFO] Routing pad 'D163:1' at (52705000, 167325000) with pad 'D164:1' at (71755000, 167325000) using coordinate system rotated by 0 degree(s)
13:40:25: [INFO] Adding track segment (B.Cu): [(52705000, 167325000), (71755000, 167325000)]
13:40:25: [INFO] Routing pad 'D164:1' at (71755000, 167325000) with pad 'D165:1' at (90805000, 167325000) using coordinate system rotated by 0 degree(s)
13:40:25: [INFO] Adding track segment (B.Cu): [(71755000, 167325000), (90805000, 167325000)]
13:40:25: [INFO] Routing pad 'D165:1' at (90805000, 167325000) with pad 'D166:1' at (109855000, 167325000) using coordinate system rotated by 0 degree(s)
13:40:25: [INFO] Adding track segment (B.Cu): [(90805000, 167325000), (109855000, 167325000)]
13:40:25: [INFO] Routing pad 'D166:1' at (109855000, 167325000) with pad 'D167:1' at (138430000, 167325000) using coordinate system rotated by 0 degree(s)
13:40:25: [INFO] Adding track segment (B.Cu): [(109855000, 167325000), (138430000, 167325000)]
13:40:25: [INFO] Routing pad 'D167:1' at (138430000, 167325000) with pad 'D168:1' at (157480000, 167325000) using coordinate system rotated by 0 degree(s)
13:40:25: [INFO] Adding track segment (B.Cu): [(138430000, 167325000), (157480000, 167325000)]
13:40:25: [INFO] Routing pad 'D168:1' at (157480000, 167325000) with pad 'D169:1' at (181292500, 167325000) using coordinate system rotated by 0 degree(s)
13:40:25: [INFO] Adding track segment (B.Cu): [(157480000, 167325000), (181292500, 167325000)]
13:40:25: [INFO] Routing pad 'D169:1' at (181292500, 167325000) with pad 'D170:1' at (209867500, 167325000) using coordinate system rotated by 0 degree(s)
13:40:25: [INFO] Adding track segment (B.Cu): [(181292500, 167325000), (209867500, 167325000)]
13:40:25: [INFO] Routing pad 'D170:1' at (209867500, 167325000) with pad 'D171:1' at (233680000, 167325000) using coordinate system rotated by 0 degree(s)
13:40:25: [INFO] Adding track segment (B.Cu): [(209867500, 167325000), (233680000, 167325000)]
13:40:25: [INFO] Routing pad 'D171:1' at (233680000, 167325000) with pad 'D172:1' at (252730000, 167325000) using coordinate system rotated by 0 degree(s)
13:40:25: [INFO] Adding track segment (B.Cu): [(233680000, 167325000), (252730000, 167325000)]
13:40:25: [INFO] Routing pad 'D172:1' at (252730000, 167325000) with pad 'D173:1' at (271780000, 167325000) using coordinate system rotated by 0 degree(s)
13:40:25: [INFO] Adding track segment (B.Cu): [(252730000, 167325000), (271780000, 167325000)]
13:40:25: [INFO] Routing pad 'D173:1' at (271780000, 167325000) with pad 'D174:1' at (290830000, 167325000) using coordinate system rotated by 0 degree(s)
13:40:25: [INFO] Adding track segment (B.Cu): [(271780000, 167325000), (290830000, 167325000)]
13:40:25: [INFO] Routing pad 'D174:1' at (290830000, 167325000) with pad 'D175:1' at (309880000, 167325000) using coordinate system rotated by 0 degree(s)
13:40:25: [INFO] Adding track segment (B.Cu): [(290830000, 167325000), (309880000, 167325000)]
13:40:25: [INFO] Routing pad 'D175:1' at (309880000, 167325000) with pad 'D176:1' at (328930000, 167325000) using coordinate system rotated by 0 degree(s)
13:40:25: [INFO] Adding track segment (B.Cu): [(309880000, 167325000), (328930000, 167325000)]
13:40:25: [INFO] Routing pad 'D176:1' at (328930000, 167325000) with pad 'D177:1' at (347980000, 167325000) using coordinate system rotated by 0 degree(s)
13:40:25: [INFO] Adding track segment (B.Cu): [(328930000, 167325000), (347980000, 167325000)]
13:40:25: [INFO] Routing pad 'D177:1' at (347980000, 167325000) with pad 'D178:1' at (367030000, 167325000) using coordinate system rotated by 0 degree(s)
13:40:25: [INFO] Adding track segment (B.Cu): [(347980000, 167325000), (367030000, 167325000)]
13:40:25: [INFO] Routing pad 'D178:1' at (367030000, 167325000) with pad 'D179:1' at (386080000, 167325000) using coordinate system rotated by 0 degree(s)
13:40:25: [INFO] Adding track segment (B.Cu): [(367030000, 167325000), (386080000, 167325000)]
13:40:25: [INFO] Routing pad 'D179:1' at (386080000, 167325000) with pad 'D180:1' at (405130000, 167325000) using coordinate system rotated by 0 degree(s)
13:40:25: [INFO] Adding track segment (B.Cu): [(386080000, 167325000), (405130000, 167325000)]
13:40:25: [INFO] Routing pad 'D180:1' at (405130000, 167325000) with pad 'D181:1' at (428942500, 167325000) using coordinate system rotated by 0 degree(s)
13:40:25: [INFO] Adding track segment (B.Cu): [(405130000, 167325000), (428942500, 167325000)]
13:40:25: [INFO] Routing pad 'D181:1' at (428942500, 167325000) with pad 'D182:1' at (457517500, 167325000) using coordinate system rotated by 0 degree(s)
13:40:25: [INFO] Adding track segment (B.Cu): [(428942500, 167325000), (457517500, 167325000)]
13:40:25: [INFO] Routing pad 'D182:1' at (457517500, 167325000) with pad 'D183:1' at (481330000, 167325000) using coordinate system rotated by 0 degree(s)
13:40:25: [INFO] Adding track segment (B.Cu): [(457517500, 167325000), (481330000, 167325000)]
13:40:25: [INFO] Routing pad 'D183:1' at (481330000, 167325000) with pad 'D184:1' at (500380000, 167325000) using coordinate system rotated by 0 degree(s)
13:40:25: [INFO] Adding track segment (B.Cu): [(481330000, 167325000), (500380000, 167325000)]
13:40:25: [INFO] Routing pad 'D184:1' at (500380000, 167325000) with pad 'D185:1' at (528955000, 167325000) using coordinate system rotated by 0 degree(s)
13:40:25: [INFO] Adding track segment (B.Cu): [(500380000, 167325000), (528955000, 167325000)]
13:40:25: [INFO] Routing pad 'D185:1' at (528955000, 167325000) with pad 'D186:1' at (548005000, 167325000) using coordinate system rotated by 0 degree(s)
13:40:25: [INFO] Adding track segment (B.Cu): [(528955000, 167325000), (548005000, 167325000)]
13:40:25: [INFO] Routing pad 'D186:1' at (548005000, 167325000) with pad 'D187:1' at (567055000, 167325000) using coordinate system rotated by 0 degree(s)
13:40:25: [INFO] Adding track segment (B.Cu): [(548005000, 167325000), (567055000, 167325000)]
13:40:25: [INFO] Routing pad 'D187:1' at (567055000, 167325000) with pad 'D188:1' at (586105000, 167325000) using coordinate system rotated by 0 degree(s)
13:40:25: [INFO] Adding track segment (B.Cu): [(567055000, 167325000), (586105000, 167325000)]
13:40:25: [INFO] Routing COL9 pads
13:40:25: [INFO] Routing pad 'SW120:1' at (224790000, 121285000) with pad 'SW93:1' at (215265000, 102235000) using coordinate system rotated by 0 degree(s)
13:40:26: [INFO] Adding track segment (F.Cu): [(224790000, 121285000), (215265000, 111760000)]
13:40:26: [INFO] Adding track segment (F.Cu): [(215265000, 111760000), (215265000, 102235000)]
13:40:26: [INFO] Routing pad 'SW145a:1' at (210502500, 140335000) with pad 'SW145:1' at (215265000, 140335000) using coordinate system rotated by 0 degree(s)
13:40:26: [INFO] Adding track segment (F.Cu): [(210502500, 140335000), (215265000, 140335000)]
13:40:26: [INFO] Routing pad 'SW145:1' at (215265000, 140335000) with pad 'SW171a:1' at (220027500, 159385000) using coordinate system rotated by 0 degree(s)
13:40:26: [INFO] Routing pad 'SW38:1' at (224790000, 54610000) with pad 'SW10:1' at (224790000, 35560000) using coordinate system rotated by 0 degree(s)
13:40:26: [INFO] Adding track segment (F.Cu): [(224790000, 54610000), (224790000, 35560000)]
13:40:26: [INFO] Could not add track segment due to detected collision
13:40:26: [INFO] Routing pad 'SW66:1' at (224790000, 73660000) with pad 'SW38:1' at (224790000, 54610000) using coordinate system rotated by 0 degree(s)
13:40:26: [INFO] Adding track segment (F.Cu): [(224790000, 73660000), (224790000, 54610000)]
13:40:26: [INFO] Could not add track segment due to detected collision
13:40:26: [INFO] Routing pad 'SW93:1' at (215265000, 102235000) with pad 'SW66:1' at (224790000, 73660000) using coordinate system rotated by 0 degree(s)
13:40:26: [INFO] Adding track segment (F.Cu): [(215265000, 102235000), (224790000, 92710000)]
13:40:26: [INFO] Adding track segment (F.Cu): [(224790000, 92710000), (224790000, 73660000)]
13:40:26: [INFO] Routing pad 'SW145:1' at (215265000, 140335000) with pad 'SW120:1' at (224790000, 121285000) using coordinate system rotated by 0 degree(s)
13:40:26: [INFO] Routing pad 'SW171a:1' at (220027500, 159385000) with pad 'SW171:1' at (224790000, 159385000) using coordinate system rotated by 0 degree(s)
13:40:26: [INFO] Adding track segment (F.Cu): [(220027500, 159385000), (224790000, 159385000)]
13:40:26: [INFO] Routing ROW1 pads
13:40:26: [INFO] Routing pad 'D29:1' at (62230000, 62550000) with pad 'D30:1' at (71755000, 62550000) using coordinate system rotated by 0 degree(s)
13:40:26: [INFO] Adding track segment (B.Cu): [(62230000, 62550000), (71755000, 62550000)]
13:40:26: [INFO] Routing pad 'D30:1' at (71755000, 62550000) with pad 'D31:1' at (100330000, 62550000) using coordinate system rotated by 0 degree(s)
13:40:26: [INFO] Adding track segment (B.Cu): [(71755000, 62550000), (100330000, 62550000)]
13:40:26: [INFO] Routing pad 'D31:1' at (100330000, 62550000) with pad 'D32:1' at (109855000, 62550000) using coordinate system rotated by 0 degree(s)
13:40:26: [INFO] Adding track segment (B.Cu): [(100330000, 62550000), (109855000, 62550000)]
13:40:26: [INFO] Routing pad 'D32:1' at (109855000, 62550000) with pad 'D33:1' at (147955000, 62550000) using coordinate system rotated by 0 degree(s)
13:40:26: [INFO] Adding track segment (B.Cu): [(109855000, 62550000), (147955000, 62550000)]
13:40:26: [INFO] Routing pad 'D33:1' at (147955000, 62550000) with pad 'D34:1' at (157480000, 62550000) using coordinate system rotated by 0 degree(s)
13:40:26: [INFO] Adding track segment (B.Cu): [(147955000, 62550000), (157480000, 62550000)]
13:40:26: [INFO] Routing pad 'D34:1' at (157480000, 62550000) with pad 'D35:1' at (186055000, 62550000) using coordinate system rotated by 0 degree(s)
13:40:26: [INFO] Adding track segment (B.Cu): [(157480000, 62550000), (186055000, 62550000)]
13:40:26: [INFO] Routing pad 'D35:1' at (186055000, 62550000) with pad 'D36:1' at (195580000, 62550000) using coordinate system rotated by 0 degree(s)
13:40:26: [INFO] Adding track segment (B.Cu): [(186055000, 62550000), (195580000, 62550000)]
13:40:26: [INFO] Routing pad 'D36:1' at (195580000, 62550000) with pad 'D37:1' at (224155000, 62550000) using coordinate system rotated by 0 degree(s)
13:40:26: [INFO] Adding track segment (B.Cu): [(195580000, 62550000), (224155000, 62550000)]
13:40:26: [INFO] Routing pad 'D37:1' at (224155000, 62550000) with pad 'D38:1' at (233680000, 62550000) using coordinate system rotated by 0 degree(s)
13:40:26: [INFO] Adding track segment (B.Cu): [(224155000, 62550000), (233680000, 62550000)]
13:40:26: [INFO] Routing pad 'D38:1' at (233680000, 62550000) with pad 'D39:1' at (262255000, 62550000) using coordinate system rotated by 0 degree(s)
13:40:26: [INFO] Adding track segment (B.Cu): [(233680000, 62550000), (262255000, 62550000)]
13:40:26: [INFO] Routing pad 'D39:1' at (262255000, 62550000) with pad 'D40:1' at (271780000, 62550000) using coordinate system rotated by 0 degree(s)
13:40:26: [INFO] Adding track segment (B.Cu): [(262255000, 62550000), (271780000, 62550000)]
13:40:26: [INFO] Routing pad 'D40:1' at (271780000, 62550000) with pad 'D41:1' at (300355000, 62550000) using coordinate system rotated by 0 degree(s)
13:40:26: [INFO] Adding track segment (B.Cu): [(271780000, 62550000), (300355000, 62550000)]
13:40:26: [INFO] Routing pad 'D41:1' at (300355000, 62550000) with pad 'D42:1' at (309880000, 62550000) using coordinate system rotated by 0 degree(s)
13:40:26: [INFO] Adding track segment (B.Cu): [(300355000, 62550000), (309880000, 62550000)]
13:40:26: [INFO] Routing pad 'D42:1' at (309880000, 62550000) with pad 'D43:1' at (338455000, 62550000) using coordinate system rotated by 0 degree(s)
13:40:26: [INFO] Adding track segment (B.Cu): [(309880000, 62550000), (338455000, 62550000)]
13:40:26: [INFO] Routing pad 'D43:1' at (338455000, 62550000) with pad 'D44:1' at (347980000, 62550000) using coordinate system rotated by 0 degree(s)
13:40:26: [INFO] Adding track segment (B.Cu): [(338455000, 62550000), (347980000, 62550000)]
13:40:26: [INFO] Routing pad 'D44:1' at (347980000, 62550000) with pad 'D45:1' at (376555000, 62550000) using coordinate system rotated by 0 degree(s)
13:40:26: [INFO] Adding track segment (B.Cu): [(347980000, 62550000), (376555000, 62550000)]
13:40:26: [INFO] Routing pad 'D45:1' at (376555000, 62550000) with pad 'D46:1' at (386080000, 62550000) using coordinate system rotated by 0 degree(s)
13:40:26: [INFO] Adding track segment (B.Cu): [(376555000, 62550000), (386080000, 62550000)]
13:40:26: [INFO] Routing pad 'D46:1' at (386080000, 62550000) with pad 'D47:1' at (414655000, 62550000) using coordinate system rotated by 0 degree(s)
13:40:26: [INFO] Adding track segment (B.Cu): [(386080000, 62550000), (414655000, 62550000)]
13:40:26: [INFO] Routing pad 'D47:1' at (414655000, 62550000) with pad 'D48:1' at (424180000, 62550000) using coordinate system rotated by 0 degree(s)
13:40:26: [INFO] Adding track segment (B.Cu): [(414655000, 62550000), (424180000, 62550000)]
13:40:26: [INFO] Routing pad 'D48:1' at (424180000, 62550000) with pad 'D49:1' at (452755000, 62550000) using coordinate system rotated by 0 degree(s)
13:40:26: [INFO] Adding track segment (B.Cu): [(424180000, 62550000), (452755000, 62550000)]
13:40:26: [INFO] Routing pad 'D49:1' at (452755000, 62550000) with pad 'D50:1' at (462280000, 62550000) using coordinate system rotated by 0 degree(s)
13:40:26: [INFO] Adding track segment (B.Cu): [(452755000, 62550000), (462280000, 62550000)]
13:40:26: [INFO] Routing pad 'D50:1' at (462280000, 62550000) with pad 'D51:1' at (490855000, 62550000) using coordinate system rotated by 0 degree(s)
13:40:26: [INFO] Adding track segment (B.Cu): [(462280000, 62550000), (490855000, 62550000)]
13:40:26: [INFO] Routing pad 'D51:1' at (490855000, 62550000) with pad 'D52:1' at (500380000, 62550000) using coordinate system rotated by 0 degree(s)
13:40:26: [INFO] Adding track segment (B.Cu): [(490855000, 62550000), (500380000, 62550000)]
13:40:26: [INFO] Routing pad 'D52:1' at (500380000, 62550000) with pad 'D53:1' at (538480000, 62550000) using coordinate system rotated by 0 degree(s)
13:40:26: [INFO] Adding track segment (B.Cu): [(500380000, 62550000), (538480000, 62550000)]
13:40:26: [INFO] Routing pad 'D53:1' at (538480000, 62550000) with pad 'D54:1' at (548005000, 62550000) using coordinate system rotated by 0 degree(s)
13:40:26: [INFO] Adding track segment (B.Cu): [(538480000, 62550000), (548005000, 62550000)]
13:40:26: [INFO] Routing pad 'D54:1' at (548005000, 62550000) with pad 'D55:1' at (576580000, 62550000) using coordinate system rotated by 0 degree(s)
13:40:26: [INFO] Adding track segment (B.Cu): [(548005000, 62550000), (576580000, 62550000)]
13:40:26: [INFO] Routing pad 'D55:1' at (576580000, 62550000) with pad 'D56:1' at (586105000, 62550000) using coordinate system rotated by 0 degree(s)
13:40:26: [INFO] Adding track segment (B.Cu): [(576580000, 62550000), (586105000, 62550000)]
13:40:26: [INFO] Routing COL24 pads
13:40:26: [INFO] Routing pad 'SW25a:1' at (520065000, 35560000) with pad 'SW53a:1' at (520065000, 54610000) using coordinate system rotated by 0 degree(s)
13:40:26: [INFO] Adding track segment (F.Cu): [(520065000, 35560000), (520065000, 54610000)]
13:40:26: [INFO] Could not add track segment due to detected collision
13:40:26: [INFO] Routing pad 'SW53a:1' at (520065000, 54610000) with pad 'SW81:1' at (520065000, 73660000) using coordinate system rotated by 0 degree(s)
13:40:26: [INFO] Adding track segment (F.Cu): [(520065000, 54610000), (520065000, 73660000)]
13:40:26: [INFO] Could not add track segment due to detected collision
13:40:26: [INFO] Routing pad 'SW81:1' at (520065000, 73660000) with pad 'SW108:1' at (520065000, 102235000) using coordinate system rotated by 0 degree(s)
13:40:26: [INFO] Adding track segment (F.Cu): [(520065000, 73660000), (520065000, 102235000)]
13:40:26: [INFO] Routing pad 'SW108:1' at (520065000, 102235000) with pad 'SW134:1' at (520065000, 121285000) using coordinate system rotated by 0 degree(s)
13:40:26: [INFO] Adding track segment (F.Cu): [(520065000, 102235000), (520065000, 121285000)]
13:40:26: [INFO] Routing pad 'SW134:1' at (520065000, 121285000) with pad 'SW159:1' at (520065000, 140335000) using coordinate system rotated by 0 degree(s)
13:40:26: [INFO] Adding track segment (F.Cu): [(520065000, 121285000), (520065000, 140335000)]
13:40:26: [INFO] Routing pad 'SW159:1' at (520065000, 140335000) with pad 'SW185:1' at (520065000, 159385000) using coordinate system rotated by 0 degree(s)
13:40:26: [INFO] Adding track segment (F.Cu): [(520065000, 140335000), (520065000, 159385000)]
13:40:26: [INFO] Routing pad 'SW185:1' at (520065000, 159385000) with pad 'SW211:1' at (520065000, 178435000) using coordinate system rotated by 0 degree(s)
13:40:26: [INFO] Adding track segment (F.Cu): [(520065000, 159385000), (520065000, 178435000)]
13:40:26: [INFO] Routing pad 'SW25a:1' at (520065000, 35560000) with pad 'SW25:1' at (529590000, 35560000) using coordinate system rotated by 0 degree(s)
13:40:26: [INFO] Adding track segment (F.Cu): [(520065000, 35560000), (529590000, 35560000)]
13:40:27: [INFO] Routing pad 'SW53a:1' at (520065000, 54610000) with pad 'SW53:1' at (529590000, 54610000) using coordinate system rotated by 0 degree(s)
13:40:27: [INFO] Adding track segment (F.Cu): [(520065000, 54610000), (529590000, 54610000)]
13:40:27: [INFO] Routing ROW4 pads
13:40:27: [INFO] Routing pad 'D112:1' at (52705000, 129225000) with pad 'D113:1' at (71755000, 129225000) using coordinate system rotated by 0 degree(s)
13:40:27: [INFO] Adding track segment (B.Cu): [(52705000, 129225000), (71755000, 129225000)]
13:40:27: [INFO] Routing pad 'D113:1' at (71755000, 129225000) with pad 'D114:1' at (90805000, 129225000) using coordinate system rotated by 0 degree(s)
13:40:27: [INFO] Adding track segment (B.Cu): [(71755000, 129225000), (90805000, 129225000)]
13:40:27: [INFO] Routing pad 'D114:1' at (90805000, 129225000) with pad 'D115:1' at (109855000, 129225000) using coordinate system rotated by 0 degree(s)
13:40:27: [INFO] Adding track segment (B.Cu): [(90805000, 129225000), (109855000, 129225000)]
13:40:27: [INFO] Routing pad 'D115:1' at (109855000, 129225000) with pad 'D116:1' at (138430000, 129225000) using coordinate system rotated by 0 degree(s)
13:40:27: [INFO] Adding track segment (B.Cu): [(109855000, 129225000), (138430000, 129225000)]
13:40:27: [INFO] Routing pad 'D116:1' at (138430000, 129225000) with pad 'D117:1' at (162242500, 129225000) using coordinate system rotated by 0 degree(s)
13:40:27: [INFO] Adding track segment (B.Cu): [(138430000, 129225000), (162242500, 129225000)]
13:40:27: [INFO] Routing pad 'D117:1' at (162242500, 129225000) with pad 'D118:1' at (190817500, 129225000) using coordinate system rotated by 0 degree(s)
13:40:27: [INFO] Adding track segment (B.Cu): [(162242500, 129225000), (190817500, 129225000)]
13:40:27: [INFO] Routing pad 'D118:1' at (190817500, 129225000) with pad 'D119:1' at (214630000, 129225000) using coordinate system rotated by 0 degree(s)
13:40:27: [INFO] Adding track segment (B.Cu): [(190817500, 129225000), (214630000, 129225000)]
13:40:27: [INFO] Routing pad 'D119:1' at (214630000, 129225000) with pad 'D120:1' at (233680000, 129225000) using coordinate system rotated by 0 degree(s)
13:40:27: [INFO] Adding track segment (B.Cu): [(214630000, 129225000), (233680000, 129225000)]
13:40:27: [INFO] Routing pad 'D120:1' at (233680000, 129225000) with pad 'D121:1' at (252730000, 129225000) using coordinate system rotated by 0 degree(s)
13:40:27: [INFO] Adding track segment (B.Cu): [(233680000, 129225000), (252730000, 129225000)]
13:40:27: [INFO] Routing pad 'D121:1' at (252730000, 129225000) with pad 'D122:1' at (271780000, 129225000) using coordinate system rotated by 0 degree(s)
13:40:27: [INFO] Adding track segment (B.Cu): [(252730000, 129225000), (271780000, 129225000)]
13:40:27: [INFO] Routing pad 'D122:1' at (271780000, 129225000) with pad 'D123:1' at (290830000, 129225000) using coordinate system rotated by 0 degree(s)
13:40:27: [INFO] Adding track segment (B.Cu): [(271780000, 129225000), (290830000, 129225000)]
13:40:27: [INFO] Routing pad 'D123:1' at (290830000, 129225000) with pad 'D124:1' at (309880000, 129225000) using coordinate system rotated by 0 degree(s)
13:40:27: [INFO] Adding track segment (B.Cu): [(290830000, 129225000), (309880000, 129225000)]
13:40:27: [INFO] Routing pad 'D124:1' at (309880000, 129225000) with pad 'D125:1' at (328930000, 129225000) using coordinate system rotated by 0 degree(s)
13:40:27: [INFO] Adding track segment (B.Cu): [(309880000, 129225000), (328930000, 129225000)]
13:40:27: [INFO] Routing pad 'D125:1' at (328930000, 129225000) with pad 'D126:1' at (347980000, 129225000) using coordinate system rotated by 0 degree(s)
13:40:27: [INFO] Adding track segment (B.Cu): [(328930000, 129225000), (347980000, 129225000)]
13:40:27: [INFO] Routing pad 'D126:1' at (347980000, 129225000) with pad 'D127:1' at (367030000, 129225000) using coordinate system rotated by 0 degree(s)
13:40:27: [INFO] Adding track segment (B.Cu): [(347980000, 129225000), (367030000, 129225000)]
13:40:27: [INFO] Routing pad 'D127:1' at (367030000, 129225000) with pad 'D128:1' at (386080000, 129225000) using coordinate system rotated by 0 degree(s)
13:40:27: [INFO] Adding track segment (B.Cu): [(367030000, 129225000), (386080000, 129225000)]
13:40:27: [INFO] Routing pad 'D128:1' at (386080000, 129225000) with pad 'D129:1' at (405130000, 129225000) using coordinate system rotated by 0 degree(s)
13:40:27: [INFO] Adding track segment (B.Cu): [(386080000, 129225000), (405130000, 129225000)]
13:40:27: [INFO] Routing pad 'D129:1' at (405130000, 129225000) with pad 'D130:1' at (424180000, 129225000) using coordinate system rotated by 0 degree(s)
13:40:27: [INFO] Adding track segment (B.Cu): [(405130000, 129225000), (424180000, 129225000)]
13:40:27: [INFO] Routing pad 'D130:1' at (424180000, 129225000) with pad 'D131:1' at (447992500, 129225000) using coordinate system rotated by 0 degree(s)
13:40:27: [INFO] Adding track segment (B.Cu): [(424180000, 129225000), (447992500, 129225000)]
13:40:27: [INFO] Routing pad 'D131:1' at (447992500, 129225000) with pad 'D132:1' at (476567500, 129225000) using coordinate system rotated by 0 degree(s)
13:40:27: [INFO] Adding track segment (B.Cu): [(447992500, 129225000), (476567500, 129225000)]
13:40:27: [INFO] Routing pad 'D132:1' at (476567500, 129225000) with pad 'D133:1' at (500380000, 129225000) using coordinate system rotated by 0 degree(s)
13:40:27: [INFO] Adding track segment (B.Cu): [(476567500, 129225000), (500380000, 129225000)]
13:40:27: [INFO] Routing pad 'D133:1' at (500380000, 129225000) with pad 'D134:1' at (528955000, 129225000) using coordinate system rotated by 0 degree(s)
13:40:27: [INFO] Adding track segment (B.Cu): [(500380000, 129225000), (528955000, 129225000)]
13:40:27: [INFO] Routing pad 'D134:1' at (528955000, 129225000) with pad 'D135:1' at (548005000, 129225000) using coordinate system rotated by 0 degree(s)
13:40:27: [INFO] Adding track segment (B.Cu): [(528955000, 129225000), (548005000, 129225000)]
13:40:27: [INFO] Routing pad 'D135:1' at (548005000, 129225000) with pad 'D136:1' at (567055000, 129225000) using coordinate system rotated by 0 degree(s)
13:40:27: [INFO] Adding track segment (B.Cu): [(548005000, 129225000), (567055000, 129225000)]
13:40:27: [INFO] Routing pad 'D136:1' at (567055000, 129225000) with pad 'D137:1' at (586105000, 129225000) using coordinate system rotated by 0 degree(s)
13:40:27: [INFO] Adding track segment (B.Cu): [(567055000, 129225000), (586105000, 129225000)]
13:40:27: [INFO] Routing COL17 pads
13:40:27: [INFO] Routing pad 'SW128:1' at (377190000, 121285000) with pad 'SW101:1' at (367665000, 102235000) using coordinate system rotated by 0 degree(s)
13:40:27: [INFO] Adding track segment (F.Cu): [(377190000, 121285000), (367665000, 111760000)]
13:40:27: [INFO] Adding track segment (F.Cu): [(367665000, 111760000), (367665000, 102235000)]
13:40:27: [INFO] Routing pad 'SW153a:1' at (362902500, 140335000) with pad 'SW153:1' at (367665000, 140335000) using coordinate system rotated by 0 degree(s)
13:40:27: [INFO] Adding track segment (F.Cu): [(362902500, 140335000), (367665000, 140335000)]
13:40:27: [INFO] Routing pad 'SW153:1' at (367665000, 140335000) with pad 'SW179a:1' at (372427500, 159385000) using coordinate system rotated by 0 degree(s)
13:40:27: [INFO] Routing pad 'SW46:1' at (377190000, 54610000) with pad 'SW18:1' at (377190000, 35560000) using coordinate system rotated by 0 degree(s)
13:40:27: [INFO] Adding track segment (F.Cu): [(377190000, 54610000), (377190000, 35560000)]
13:40:27: [INFO] Could not add track segment due to detected collision
13:40:27: [INFO] Routing pad 'SW74:1' at (377190000, 73660000) with pad 'SW46:1' at (377190000, 54610000) using coordinate system rotated by 0 degree(s)
13:40:27: [INFO] Adding track segment (F.Cu): [(377190000, 73660000), (377190000, 54610000)]
13:40:27: [INFO] Could not add track segment due to detected collision
13:40:27: [INFO] Routing pad 'SW101:1' at (367665000, 102235000) with pad 'SW74:1' at (377190000, 73660000) using coordinate system rotated by 0 degree(s)
13:40:27: [INFO] Adding track segment (F.Cu): [(367665000, 102235000), (377190000, 92710000)]
13:40:27: [INFO] Adding track segment (F.Cu): [(377190000, 92710000), (377190000, 73660000)]
13:40:27: [INFO] Routing pad 'SW153:1' at (367665000, 140335000) with pad 'SW128:1' at (377190000, 121285000) using coordinate system rotated by 0 degree(s)
13:40:27: [INFO] Routing pad 'SW179a:1' at (372427500, 159385000) with pad 'SW179:1' at (377190000, 159385000) using coordinate system rotated by 0 degree(s)
13:40:27: [INFO] Adding track segment (F.Cu): [(372427500, 159385000), (377190000, 159385000)]
13:40:27: [INFO] Routing COL6 pads
13:40:27: [INFO] Routing pad 'SW90:1' at (158115000, 102235000) with pad 'SW143:1' at (162877500, 140335000) using coordinate system rotated by 0 degree(s)
13:40:27: [INFO] Routing pad 'SW35a:1' at (167640000, 54610000) with pad 'SW7a:1' at (167640000, 35560000) using coordinate system rotated by 0 degree(s)
13:40:27: [INFO] Adding track segment (F.Cu): [(167640000, 54610000), (167640000, 35560000)]
13:40:27: [INFO] Could not add track segment due to detected collision
13:40:27: [INFO] Routing pad 'SW63:1' at (167640000, 73660000) with pad 'SW35a:1' at (167640000, 54610000) using coordinate system rotated by 0 degree(s)
13:40:27: [INFO] Adding track segment (F.Cu): [(167640000, 73660000), (167640000, 54610000)]
13:40:27: [INFO] Could not add track segment due to detected collision
13:40:27: [INFO] Routing pad 'SW90:1' at (158115000, 102235000) with pad 'SW63:1' at (167640000, 73660000) using coordinate system rotated by 0 degree(s)
13:40:28: [INFO] Adding track segment (F.Cu): [(158115000, 102235000), (167640000, 92710000)]
13:40:28: [INFO] Adding track segment (F.Cu): [(167640000, 92710000), (167640000, 73660000)]
13:40:28: [INFO] Routing pad 'SW169:1' at (172402500, 159385000) with pad 'SW195:1' at (167640000, 178435000) using coordinate system rotated by 0 degree(s)
13:40:28: [INFO] Adding track segment (F.Cu): [(172402500, 159385000), (172402500, 173672500)]
13:40:28: [INFO] Adding track segment (F.Cu): [(172402500, 173672500), (167640000, 178435000)]
13:40:28: [INFO] Routing pad 'SW143:1' at (162877500, 140335000) with pad 'SW169:1' at (172402500, 159385000) using coordinate system rotated by 0 degree(s)
13:40:28: [INFO] Adding track segment (F.Cu): [(162877500, 140335000), (162877500, 149860000)]
13:40:28: [INFO] Adding track segment (F.Cu): [(162877500, 149860000), (172402500, 159385000)]
13:40:28: [INFO] Routing pad 'SW7a:1' at (167640000, 35560000) with pad 'SW7:1' at (177165000, 35560000) using coordinate system rotated by 0 degree(s)
13:40:28: [INFO] Adding track segment (F.Cu): [(167640000, 35560000), (177165000, 35560000)]
13:40:28: [INFO] Routing pad 'SW35a:1' at (167640000, 54610000) with pad 'SW35:1' at (177165000, 54610000) using coordinate system rotated by 0 degree(s)
13:40:28: [INFO] Adding track segment (F.Cu): [(167640000, 54610000), (177165000, 54610000)]
13:40:28: [INFO] Routing ROW7 pads
13:40:28: [INFO] Routing pad 'D189:1' at (52705000, 186375000) with pad 'D190:1' at (71755000, 186375000) using coordinate system rotated by 0 degree(s)
13:40:28: [INFO] Adding track segment (B.Cu): [(52705000, 186375000), (71755000, 186375000)]
13:40:28: [INFO] Routing pad 'D190:1' at (71755000, 186375000) with pad 'D191:1' at (90805000, 186375000) using coordinate system rotated by 0 degree(s)
13:40:28: [INFO] Adding track segment (B.Cu): [(71755000, 186375000), (90805000, 186375000)]
13:40:28: [INFO] Routing pad 'D191:1' at (90805000, 186375000) with pad 'D192:1' at (109855000, 186375000) using coordinate system rotated by 0 degree(s)
13:40:28: [INFO] Adding track segment (B.Cu): [(90805000, 186375000), (109855000, 186375000)]
13:40:28: [INFO] Routing pad 'D192:1' at (109855000, 186375000) with pad 'D193:1' at (138430000, 186375000) using coordinate system rotated by 0 degree(s)
13:40:28: [INFO] Adding track segment (B.Cu): [(109855000, 186375000), (138430000, 186375000)]
13:40:28: [INFO] Routing pad 'D193:1' at (138430000, 186375000) with pad 'D194:1' at (157480000, 186375000) using coordinate system rotated by 0 degree(s)
13:40:28: [INFO] Adding track segment (B.Cu): [(138430000, 186375000), (157480000, 186375000)]
13:40:28: [INFO] Routing pad 'D194:1' at (157480000, 186375000) with pad 'D195:1' at (176530000, 186375000) using coordinate system rotated by 0 degree(s)
13:40:28: [INFO] Adding track segment (B.Cu): [(157480000, 186375000), (176530000, 186375000)]
13:40:28: [INFO] Routing pad 'D195:1' at (176530000, 186375000) with pad 'D196:1' at (195580000, 186375000) using coordinate system rotated by 0 degree(s)
13:40:28: [INFO] Adding track segment (B.Cu): [(176530000, 186375000), (195580000, 186375000)]
13:40:28: [INFO] Routing pad 'D196:1' at (195580000, 186375000) with pad 'D197:1' at (219392500, 186375000) using coordinate system rotated by 0 degree(s)
13:40:28: [INFO] Adding track segment (B.Cu): [(195580000, 186375000), (219392500, 186375000)]
13:40:28: [INFO] Routing pad 'D197:1' at (219392500, 186375000) with pad 'D198:1' at (243205000, 186375000) using coordinate system rotated by 0 degree(s)
13:40:28: [INFO] Adding track segment (B.Cu): [(219392500, 186375000), (243205000, 186375000)]
13:40:28: [INFO] Routing pad 'D198:1' at (243205000, 186375000) with pad 'D199:1' at (267017500, 186375000) using coordinate system rotated by 0 degree(s)
13:40:28: [INFO] Adding track segment (B.Cu): [(243205000, 186375000), (267017500, 186375000)]
13:40:28: [INFO] Routing pad 'D199:1' at (267017500, 186375000) with pad 'D200:1' at (295592500, 186375000) using coordinate system rotated by 0 degree(s)
13:40:28: [INFO] Adding track segment (B.Cu): [(267017500, 186375000), (295592500, 186375000)]
13:40:28: [INFO] Routing pad 'D200:1' at (295592500, 186375000) with pad 'D201:1' at (309880000, 186375000) using coordinate system rotated by 0 degree(s)
13:40:28: [INFO] Adding track segment (B.Cu): [(295592500, 186375000), (309880000, 186375000)]
13:40:28: [INFO] Routing pad 'D201:1' at (309880000, 186375000) with pad 'D202:1' at (319405000, 186375000) using coordinate system rotated by 0 degree(s)
13:40:28: [INFO] Adding track segment (B.Cu): [(309880000, 186375000), (319405000, 186375000)]
13:40:28: [INFO] Routing pad 'D202:1' at (319405000, 186375000) with pad 'D203:1' at (343217500, 186375000) using coordinate system rotated by 0 degree(s)
13:40:28: [INFO] Adding track segment (B.Cu): [(319405000, 186375000), (343217500, 186375000)]
13:40:28: [INFO] Routing pad 'D203:1' at (343217500, 186375000) with pad 'D204:1' at (371792500, 186375000) using coordinate system rotated by 0 degree(s)
13:40:28: [INFO] Adding track segment (B.Cu): [(343217500, 186375000), (371792500, 186375000)]
13:40:28: [INFO] Routing pad 'D204:1' at (371792500, 186375000) with pad 'D205:1' at (395605000, 186375000) using coordinate system rotated by 0 degree(s)
13:40:28: [INFO] Adding track segment (B.Cu): [(371792500, 186375000), (395605000, 186375000)]
13:40:28: [INFO] Routing pad 'D205:1' at (395605000, 186375000) with pad 'D206:1' at (419417500, 186375000) using coordinate system rotated by 0 degree(s)
13:40:28: [INFO] Adding track segment (B.Cu): [(395605000, 186375000), (419417500, 186375000)]
13:40:28: [INFO] Routing pad 'D206:1' at (419417500, 186375000) with pad 'D207:1' at (443230000, 186375000) using coordinate system rotated by 0 degree(s)
13:40:28: [INFO] Adding track segment (B.Cu): [(419417500, 186375000), (443230000, 186375000)]
13:40:28: [INFO] Routing pad 'D207:1' at (443230000, 186375000) with pad 'D208:1' at (462280000, 186375000) using coordinate system rotated by 0 degree(s)
13:40:28: [INFO] Adding track segment (B.Cu): [(443230000, 186375000), (462280000, 186375000)]
13:40:28: [INFO] Routing pad 'D208:1' at (462280000, 186375000) with pad 'D209:1' at (481330000, 186375000) using coordinate system rotated by 0 degree(s)
13:40:28: [INFO] Adding track segment (B.Cu): [(462280000, 186375000), (481330000, 186375000)]
13:40:28: [INFO] Routing pad 'D209:1' at (481330000, 186375000) with pad 'D210:1' at (500380000, 186375000) using coordinate system rotated by 0 degree(s)
13:40:28: [INFO] Adding track segment (B.Cu): [(481330000, 186375000), (500380000, 186375000)]
13:40:28: [INFO] Routing pad 'D210:1' at (500380000, 186375000) with pad 'D211:1' at (528955000, 186375000) using coordinate system rotated by 0 degree(s)
13:40:28: [INFO] Adding track segment (B.Cu): [(500380000, 186375000), (528955000, 186375000)]
13:40:28: [INFO] Routing pad 'D211:1' at (528955000, 186375000) with pad 'D212:1' at (548005000, 186375000) using coordinate system rotated by 0 degree(s)
13:40:28: [INFO] Adding track segment (B.Cu): [(528955000, 186375000), (548005000, 186375000)]
13:40:28: [INFO] Routing pad 'D212:1' at (548005000, 186375000) with pad 'D213:1' at (567055000, 186375000) using coordinate system rotated by 0 degree(s)
13:40:28: [INFO] Adding track segment (B.Cu): [(548005000, 186375000), (567055000, 186375000)]
13:40:28: [INFO] Routing pad 'D213:1' at (567055000, 186375000) with pad 'D214:1' at (586105000, 186375000) using coordinate system rotated by 0 degree(s)
13:40:28: [INFO] Adding track segment (B.Cu): [(567055000, 186375000), (586105000, 186375000)]
13:40:28: [INFO] Routing COL27 pads
13:40:28: [INFO] Routing pad 'SW28:1' at (577215000, 35560000) with pad 'SW56:1' at (577215000, 54610000) using coordinate system rotated by 0 degree(s)
13:40:28: [INFO] Adding track segment (F.Cu): [(577215000, 35560000), (577215000, 54610000)]
13:40:28: [INFO] Could not add track segment due to detected collision
13:40:28: [INFO] Routing pad 'SW56:1' at (577215000, 54610000) with pad 'SW84:1' at (577215000, 73660000) using coordinate system rotated by 0 degree(s)
13:40:28: [INFO] Adding track segment (F.Cu): [(577215000, 54610000), (577215000, 73660000)]
13:40:28: [INFO] Could not add track segment due to detected collision
13:40:28: [INFO] Routing pad 'SW84:1' at (577215000, 73660000) with pad 'SW111:1' at (577215000, 102235000) using coordinate system rotated by 0 degree(s)
13:40:28: [INFO] Adding track segment (F.Cu): [(577215000, 73660000), (577215000, 102235000)]
13:40:28: [INFO] Routing pad 'SW111:1' at (577215000, 102235000) with pad 'SW137:1' at (577215000, 121285000) using coordinate system rotated by 0 degree(s)
13:40:28: [INFO] Adding track segment (F.Cu): [(577215000, 102235000), (577215000, 121285000)]
13:40:28: [INFO] Routing pad 'SW137:1' at (577215000, 121285000) with pad 'SW162:1' at (577215000, 140335000) using coordinate system rotated by 0 degree(s)
13:40:28: [INFO] Adding track segment (F.Cu): [(577215000, 121285000), (577215000, 140335000)]
13:40:28: [INFO] Routing pad 'SW162:1' at (577215000, 140335000) with pad 'SW188:1' at (577215000, 159385000) using coordinate system rotated by 0 degree(s)
13:40:28: [INFO] Adding track segment (F.Cu): [(577215000, 140335000), (577215000, 159385000)]
13:40:28: [INFO] Routing pad 'SW188:1' at (577215000, 159385000) with pad 'SW214:1' at (577215000, 178435000) using coordinate system rotated by 0 degree(s)
13:40:28: [INFO] Adding track segment (F.Cu): [(577215000, 159385000), (577215000, 178435000)]
13:40:28: [INFO] Routing COL12 pads
13:40:28: [INFO] Routing pad 'SW123:1' at (281940000, 121285000) with pad 'SW96:1' at (272415000, 102235000) using coordinate system rotated by 0 degree(s)
13:40:29: [INFO] Adding track segment (F.Cu): [(281940000, 121285000), (272415000, 111760000)]
13:40:29: [INFO] Adding track segment (F.Cu): [(272415000, 111760000), (272415000, 102235000)]
13:40:29: [INFO] Routing pad 'SW148a:1' at (267652500, 140335000) with pad 'SW148:1' at (272415000, 140335000) using coordinate system rotated by 0 degree(s)
13:40:29: [INFO] Adding track segment (F.Cu): [(267652500, 140335000), (272415000, 140335000)]
13:40:29: [INFO] Routing pad 'SW148:1' at (272415000, 140335000) with pad 'SW174a:1' at (277177500, 159385000) using coordinate system rotated by 0 degree(s)
13:40:29: [INFO] Routing pad 'SW41a:1' at (281940000, 54610000) with pad 'SW13a:1' at (281940000, 35560000) using coordinate system rotated by 0 degree(s)
13:40:29: [INFO] Adding track segment (F.Cu): [(281940000, 54610000), (281940000, 35560000)]
13:40:29: [INFO] Could not add track segment due to detected collision
13:40:29: [INFO] Routing pad 'SW69:1' at (281940000, 73660000) with pad 'SW41a:1' at (281940000, 54610000) using coordinate system rotated by 0 degree(s)
13:40:29: [INFO] Adding track segment (F.Cu): [(281940000, 73660000), (281940000, 54610000)]
13:40:29: [INFO] Could not add track segment due to detected collision
13:40:29: [INFO] Routing pad 'SW96:1' at (272415000, 102235000) with pad 'SW69:1' at (281940000, 73660000) using coordinate system rotated by 0 degree(s)
13:40:29: [INFO] Adding track segment (F.Cu): [(272415000, 102235000), (281940000, 92710000)]
13:40:29: [INFO] Adding track segment (F.Cu): [(281940000, 92710000), (281940000, 73660000)]
13:40:29: [INFO] Routing pad 'SW148:1' at (272415000, 140335000) with pad 'SW123:1' at (281940000, 121285000) using coordinate system rotated by 0 degree(s)
13:40:29: [INFO] Routing pad 'SW174a:1' at (277177500, 159385000) with pad 'SW174:1' at (281940000, 159385000) using coordinate system rotated by 0 degree(s)
13:40:29: [INFO] Adding track segment (F.Cu): [(277177500, 159385000), (281940000, 159385000)]
13:40:29: [INFO] Routing pad 'SW174:1' at (281940000, 159385000) with pad 'SW200:1' at (286702500, 178435000) using coordinate system rotated by 0 degree(s)
13:40:29: [INFO] Routing pad 'SW13a:1' at (281940000, 35560000) with pad 'SW13:1' at (291465000, 35560000) using coordinate system rotated by 0 degree(s)
13:40:29: [INFO] Adding track segment (F.Cu): [(281940000, 35560000), (291465000, 35560000)]
13:40:29: [INFO] Routing pad 'SW41a:1' at (281940000, 54610000) with pad 'SW41:1' at (291465000, 54610000) using coordinate system rotated by 0 degree(s)
13:40:29: [INFO] Adding track segment (F.Cu): [(281940000, 54610000), (291465000, 54610000)]
13:40:29: [INFO] Routing COL15 pads
13:40:29: [INFO] Routing pad 'SW126:1' at (339090000, 121285000) with pad 'SW99:1' at (329565000, 102235000) using coordinate system rotated by 0 degree(s)
13:40:29: [INFO] Adding track segment (F.Cu): [(339090000, 121285000), (329565000, 111760000)]
13:40:29: [INFO] Adding track segment (F.Cu): [(329565000, 111760000), (329565000, 102235000)]
13:40:29: [INFO] Routing pad 'SW151a:1' at (324802500, 140335000) with pad 'SW151:1' at (329565000, 140335000) using coordinate system rotated by 0 degree(s)
13:40:29: [INFO] Adding track segment (F.Cu): [(324802500, 140335000), (329565000, 140335000)]
13:40:29: [INFO] Routing pad 'SW151:1' at (329565000, 140335000) with pad 'SW177a:1' at (334327500, 159385000) using coordinate system rotated by 0 degree(s)
13:40:29: [INFO] Routing pad 'SW177a:1' at (334327500, 159385000) with pad 'SW203:1' at (334327500, 178435000) using coordinate system rotated by 0 degree(s)
13:40:29: [INFO] Adding track segment (F.Cu): [(334327500, 159385000), (334327500, 178435000)]
13:40:29: [INFO] Routing pad 'SW44:1' at (339090000, 54610000) with pad 'SW16:1' at (339090000, 35560000) using coordinate system rotated by 0 degree(s)
13:40:29: [INFO] Adding track segment (F.Cu): [(339090000, 54610000), (339090000, 35560000)]
13:40:29: [INFO] Could not add track segment due to detected collision
13:40:29: [INFO] Routing pad 'SW72:1' at (339090000, 73660000) with pad 'SW44:1' at (339090000, 54610000) using coordinate system rotated by 0 degree(s)
13:40:29: [INFO] Adding track segment (F.Cu): [(339090000, 73660000), (339090000, 54610000)]
13:40:29: [INFO] Could not add track segment due to detected collision
13:40:29: [INFO] Routing pad 'SW99:1' at (329565000, 102235000) with pad 'SW72:1' at (339090000, 73660000) using coordinate system rotated by 0 degree(s)
13:40:29: [INFO] Adding track segment (F.Cu): [(329565000, 102235000), (339090000, 92710000)]
13:40:29: [INFO] Adding track segment (F.Cu): [(339090000, 92710000), (339090000, 73660000)]
13:40:29: [INFO] Routing pad 'SW151:1' at (329565000, 140335000) with pad 'SW126:1' at (339090000, 121285000) using coordinate system rotated by 0 degree(s)
13:40:29: [INFO] Routing pad 'SW177a:1' at (334327500, 159385000) with pad 'SW177:1' at (339090000, 159385000) using coordinate system rotated by 0 degree(s)
13:40:29: [INFO] Adding track segment (F.Cu): [(334327500, 159385000), (339090000, 159385000)]
13:40:29: [INFO] Routing COL18 pads
13:40:29: [INFO] Routing pad 'SW154:1' at (386715000, 140335000) with pad 'SW154a:1' at (381952500, 140335000) using coordinate system rotated by 0 degree(s)
13:40:29: [INFO] Adding track segment (F.Cu): [(386715000, 140335000), (381952500, 140335000)]
13:40:29: [INFO] Routing pad 'SW129:1' at (396240000, 121285000) with pad 'SW102:1' at (386715000, 102235000) using coordinate system rotated by 0 degree(s)
13:40:29: [INFO] Adding track segment (F.Cu): [(396240000, 121285000), (386715000, 111760000)]
13:40:29: [INFO] Adding track segment (F.Cu): [(386715000, 111760000), (386715000, 102235000)]
13:40:29: [INFO] Routing pad 'SW180a:1' at (391477500, 159385000) with pad 'SW154:1' at (386715000, 140335000) using coordinate system rotated by 0 degree(s)
13:40:30: [INFO] Routing pad 'SW205a:1' at (377190000, 178435000) with pad 'SW205:1' at (386715000, 178435000) using coordinate system rotated by 0 degree(s)
13:40:30: [INFO] Adding track segment (F.Cu): [(377190000, 178435000), (386715000, 178435000)]
13:40:30: [INFO] Routing pad 'SW205:1' at (386715000, 178435000) with pad 'SW180a:1' at (391477500, 159385000) using coordinate system rotated by 0 degree(s)
13:40:30: [INFO] Adding track segment (F.Cu): [(386715000, 178435000), (391477500, 173672500)]
13:40:30: [INFO] Adding track segment (F.Cu): [(391477500, 173672500), (391477500, 159385000)]
13:40:30: [INFO] Routing pad 'SW47a:1' at (396240000, 54610000) with pad 'SW19a:1' at (396240000, 35560000) using coordinate system rotated by 0 degree(s)
13:40:30: [INFO] Adding track segment (F.Cu): [(396240000, 54610000), (396240000, 35560000)]
13:40:30: [INFO] Could not add track segment due to detected collision
13:40:30: [INFO] Routing pad 'SW75:1' at (396240000, 73660000) with pad 'SW47a:1' at (396240000, 54610000) using coordinate system rotated by 0 degree(s)
13:40:30: [INFO] Adding track segment (F.Cu): [(396240000, 73660000), (396240000, 54610000)]
13:40:30: [INFO] Could not add track segment due to detected collision
13:40:30: [INFO] Routing pad 'SW102:1' at (386715000, 102235000) with pad 'SW75:1' at (396240000, 73660000) using coordinate system rotated by 0 degree(s)
13:40:30: [INFO] Adding track segment (F.Cu): [(386715000, 102235000), (396240000, 92710000)]
13:40:30: [INFO] Adding track segment (F.Cu): [(396240000, 92710000), (396240000, 73660000)]
13:40:30: [INFO] Routing pad 'SW154:1' at (386715000, 140335000) with pad 'SW129:1' at (396240000, 121285000) using coordinate system rotated by 0 degree(s)
13:40:30: [INFO] Routing pad 'SW180a:1' at (391477500, 159385000) with pad 'SW180:1' at (396240000, 159385000) using coordinate system rotated by 0 degree(s)
13:40:30: [INFO] Adding track segment (F.Cu): [(391477500, 159385000), (396240000, 159385000)]
13:40:30: [INFO] Routing pad 'SW19a:1' at (396240000, 35560000) with pad 'SW19:1' at (405765000, 35560000) using coordinate system rotated by 0 degree(s)
13:40:30: [INFO] Adding track segment (F.Cu): [(396240000, 35560000), (405765000, 35560000)]
13:40:30: [INFO] Routing pad 'SW47a:1' at (396240000, 54610000) with pad 'SW47:1' at (405765000, 54610000) using coordinate system rotated by 0 degree(s)
13:40:30: [INFO] Adding track segment (F.Cu): [(396240000, 54610000), (405765000, 54610000)]
13:40:30: [INFO] Routing COL3 pads
13:40:30: [INFO] Routing pad 'SW4:1' at (100965000, 35560000) with pad 'SW32:1' at (100965000, 54610000) using coordinate system rotated by 0 degree(s)
13:40:30: [INFO] Adding track segment (F.Cu): [(100965000, 35560000), (100965000, 54610000)]
13:40:30: [INFO] Could not add track segment due to detected collision
13:40:30: [INFO] Routing pad 'SW32:1' at (100965000, 54610000) with pad 'SW60:1' at (100965000, 73660000) using coordinate system rotated by 0 degree(s)
13:40:30: [INFO] Adding track segment (F.Cu): [(100965000, 54610000), (100965000, 73660000)]
13:40:30: [INFO] Could not add track segment due to detected collision
13:40:30: [INFO] Routing pad 'SW60:1' at (100965000, 73660000) with pad 'SW88:1' at (100965000, 102235000) using coordinate system rotated by 0 degree(s)
13:40:30: [INFO] Adding track segment (F.Cu): [(100965000, 73660000), (100965000, 102235000)]
13:40:30: [INFO] Routing pad 'SW88:1' at (100965000, 102235000) with pad 'SW115:1' at (100965000, 121285000) using coordinate system rotated by 0 degree(s)
13:40:30: [INFO] Adding track segment (F.Cu): [(100965000, 102235000), (100965000, 121285000)]
13:40:30: [INFO] Routing pad 'SW115:1' at (100965000, 121285000) with pad 'SW141:1' at (100965000, 140335000) using coordinate system rotated by 0 degree(s)
13:40:30: [INFO] Adding track segment (F.Cu): [(100965000, 121285000), (100965000, 140335000)]
13:40:30: [INFO] Routing pad 'SW141:1' at (100965000, 140335000) with pad 'SW166:1' at (100965000, 159385000) using coordinate system rotated by 0 degree(s)
13:40:30: [INFO] Adding track segment (F.Cu): [(100965000, 140335000), (100965000, 159385000)]
13:40:30: [INFO] Routing pad 'SW166:1' at (100965000, 159385000) with pad 'SW192:1' at (100965000, 178435000) using coordinate system rotated by 0 degree(s)
13:40:30: [INFO] Adding track segment (F.Cu): [(100965000, 159385000), (100965000, 178435000)]
13:40:30: [INFO] Routing ROW0 pads
13:40:30: [INFO] Routing pad 'D1:1' at (62230000, 43500000) with pad 'D2:1' at (71755000, 43500000) using coordinate system rotated by 0 degree(s)
13:40:30: [INFO] Adding track segment (B.Cu): [(62230000, 43500000), (71755000, 43500000)]
13:40:30: [INFO] Routing pad 'D2:1' at (71755000, 43500000) with pad 'D3:1' at (100330000, 43500000) using coordinate system rotated by 0 degree(s)
13:40:30: [INFO] Adding track segment (B.Cu): [(71755000, 43500000), (100330000, 43500000)]
13:40:30: [INFO] Routing pad 'D3:1' at (100330000, 43500000) with pad 'D4:1' at (109855000, 43500000) using coordinate system rotated by 0 degree(s)
13:40:30: [INFO] Adding track segment (B.Cu): [(100330000, 43500000), (109855000, 43500000)]
13:40:30: [INFO] Routing pad 'D4:1' at (109855000, 43500000) with pad 'D5:1' at (147955000, 43500000) using coordinate system rotated by 0 degree(s)
13:40:30: [INFO] Adding track segment (B.Cu): [(109855000, 43500000), (147955000, 43500000)]
13:40:30: [INFO] Routing pad 'D5:1' at (147955000, 43500000) with pad 'D6:1' at (157480000, 43500000) using coordinate system rotated by 0 degree(s)
13:40:30: [INFO] Adding track segment (B.Cu): [(147955000, 43500000), (157480000, 43500000)]
13:40:30: [INFO] Routing pad 'D6:1' at (157480000, 43500000) with pad 'D7:1' at (186055000, 43500000) using coordinate system rotated by 0 degree(s)
13:40:30: [INFO] Adding track segment (B.Cu): [(157480000, 43500000), (186055000, 43500000)]
13:40:30: [INFO] Routing pad 'D7:1' at (186055000, 43500000) with pad 'D8:1' at (195580000, 43500000) using coordinate system rotated by 0 degree(s)
13:40:30: [INFO] Adding track segment (B.Cu): [(186055000, 43500000), (195580000, 43500000)]
13:40:30: [INFO] Routing pad 'D8:1' at (195580000, 43500000) with pad 'D9:1' at (224155000, 43500000) using coordinate system rotated by 0 degree(s)
13:40:30: [INFO] Adding track segment (B.Cu): [(195580000, 43500000), (224155000, 43500000)]
13:40:30: [INFO] Routing pad 'D9:1' at (224155000, 43500000) with pad 'D10:1' at (233680000, 43500000) using coordinate system rotated by 0 degree(s)
13:40:30: [INFO] Adding track segment (B.Cu): [(224155000, 43500000), (233680000, 43500000)]
13:40:30: [INFO] Routing pad 'D10:1' at (233680000, 43500000) with pad 'D11:1' at (262255000, 43500000) using coordinate system rotated by 0 degree(s)
13:40:30: [INFO] Adding track segment (B.Cu): [(233680000, 43500000), (262255000, 43500000)]
13:40:30: [INFO] Routing pad 'D11:1' at (262255000, 43500000) with pad 'D12:1' at (271780000, 43500000) using coordinate system rotated by 0 degree(s)
13:40:30: [INFO] Adding track segment (B.Cu): [(262255000, 43500000), (271780000, 43500000)]
13:40:30: [INFO] Routing pad 'D12:1' at (271780000, 43500000) with pad 'D13:1' at (300355000, 43500000) using coordinate system rotated by 0 degree(s)
13:40:30: [INFO] Adding track segment (B.Cu): [(271780000, 43500000), (300355000, 43500000)]
13:40:30: [INFO] Routing pad 'D13:1' at (300355000, 43500000) with pad 'D14:1' at (309880000, 43500000) using coordinate system rotated by 0 degree(s)
13:40:30: [INFO] Adding track segment (B.Cu): [(300355000, 43500000), (309880000, 43500000)]
13:40:30: [INFO] Routing pad 'D14:1' at (309880000, 43500000) with pad 'D15:1' at (338455000, 43500000) using coordinate system rotated by 0 degree(s)
13:40:30: [INFO] Adding track segment (B.Cu): [(309880000, 43500000), (338455000, 43500000)]
13:40:30: [INFO] Routing pad 'D15:1' at (338455000, 43500000) with pad 'D16:1' at (347980000, 43500000) using coordinate system rotated by 0 degree(s)
13:40:30: [INFO] Adding track segment (B.Cu): [(338455000, 43500000), (347980000, 43500000)]
13:40:30: [INFO] Routing pad 'D16:1' at (347980000, 43500000) with pad 'D17:1' at (376555000, 43500000) using coordinate system rotated by 0 degree(s)
13:40:30: [INFO] Adding track segment (B.Cu): [(347980000, 43500000), (376555000, 43500000)]
13:40:30: [INFO] Routing pad 'D17:1' at (376555000, 43500000) with pad 'D18:1' at (386080000, 43500000) using coordinate system rotated by 0 degree(s)
13:40:30: [INFO] Adding track segment (B.Cu): [(376555000, 43500000), (386080000, 43500000)]
13:40:30: [INFO] Routing pad 'D18:1' at (386080000, 43500000) with pad 'D19:1' at (414655000, 43500000) using coordinate system rotated by 0 degree(s)
13:40:30: [INFO] Adding track segment (B.Cu): [(386080000, 43500000), (414655000, 43500000)]
13:40:30: [INFO] Routing pad 'D19:1' at (414655000, 43500000) with pad 'D20:1' at (424180000, 43500000) using coordinate system rotated by 0 degree(s)
13:40:30: [INFO] Adding track segment (B.Cu): [(414655000, 43500000), (424180000, 43500000)]
13:40:30: [INFO] Routing pad 'D20:1' at (424180000, 43500000) with pad 'D21:1' at (452755000, 43500000) using coordinate system rotated by 0 degree(s)
13:40:30: [INFO] Adding track segment (B.Cu): [(424180000, 43500000), (452755000, 43500000)]
13:40:30: [INFO] Routing pad 'D21:1' at (452755000, 43500000) with pad 'D22:1' at (462280000, 43500000) using coordinate system rotated by 0 degree(s)
13:40:30: [INFO] Adding track segment (B.Cu): [(452755000, 43500000), (462280000, 43500000)]
13:40:30: [INFO] Routing pad 'D22:1' at (462280000, 43500000) with pad 'D23:1' at (490855000, 43500000) using coordinate system rotated by 0 degree(s)
13:40:30: [INFO] Adding track segment (B.Cu): [(462280000, 43500000), (490855000, 43500000)]
13:40:31: [INFO] Routing pad 'D23:1' at (490855000, 43500000) with pad 'D24:1' at (500380000, 43500000) using coordinate system rotated by 0 degree(s)
13:40:31: [INFO] Adding track segment (B.Cu): [(490855000, 43500000), (500380000, 43500000)]
13:40:31: [INFO] Routing pad 'D24:1' at (500380000, 43500000) with pad 'D25:1' at (538480000, 43500000) using coordinate system rotated by 0 degree(s)
13:40:31: [INFO] Adding track segment (B.Cu): [(500380000, 43500000), (538480000, 43500000)]
13:40:31: [INFO] Routing pad 'D25:1' at (538480000, 43500000) with pad 'D26:1' at (548005000, 43500000) using coordinate system rotated by 0 degree(s)
13:40:31: [INFO] Adding track segment (B.Cu): [(538480000, 43500000), (548005000, 43500000)]
13:40:31: [INFO] Routing pad 'D26:1' at (548005000, 43500000) with pad 'D27:1' at (576580000, 43500000) using coordinate system rotated by 0 degree(s)
13:40:31: [INFO] Adding track segment (B.Cu): [(548005000, 43500000), (576580000, 43500000)]
13:40:31: [INFO] Routing pad 'D27:1' at (576580000, 43500000) with pad 'D28:1' at (586105000, 43500000) using coordinate system rotated by 0 degree(s)
13:40:31: [INFO] Adding track segment (B.Cu): [(576580000, 43500000), (586105000, 43500000)]
13:40:31: [INFO] Routing COL11 pads
13:40:31: [INFO] Routing pad 'SW122:1' at (262890000, 121285000) with pad 'SW95:1' at (253365000, 102235000) using coordinate system rotated by 0 degree(s)
13:40:31: [INFO] Adding track segment (F.Cu): [(262890000, 121285000), (253365000, 111760000)]
13:40:31: [INFO] Adding track segment (F.Cu): [(253365000, 111760000), (253365000, 102235000)]
13:40:31: [INFO] Routing pad 'SW147a:1' at (248602500, 140335000) with pad 'SW147:1' at (253365000, 140335000) using coordinate system rotated by 0 degree(s)
13:40:31: [INFO] Adding track segment (F.Cu): [(248602500, 140335000), (253365000, 140335000)]
13:40:31: [INFO] Routing pad 'SW147:1' at (253365000, 140335000) with pad 'SW173a:1' at (258127500, 159385000) using coordinate system rotated by 0 degree(s)
13:40:31: [INFO] Routing pad 'SW173a:1' at (258127500, 159385000) with pad 'SW199:1' at (258127500, 178435000) using coordinate system rotated by 0 degree(s)
13:40:31: [INFO] Adding track segment (F.Cu): [(258127500, 159385000), (258127500, 178435000)]
13:40:31: [INFO] Routing pad 'SW40:1' at (262890000, 54610000) with pad 'SW12:1' at (262890000, 35560000) using coordinate system rotated by 0 degree(s)
13:40:31: [INFO] Adding track segment (F.Cu): [(262890000, 54610000), (262890000, 35560000)]
13:40:31: [INFO] Could not add track segment due to detected collision
13:40:31: [INFO] Routing pad 'SW68:1' at (262890000, 73660000) with pad 'SW40:1' at (262890000, 54610000) using coordinate system rotated by 0 degree(s)
13:40:31: [INFO] Adding track segment (F.Cu): [(262890000, 73660000), (262890000, 54610000)]
13:40:31: [INFO] Could not add track segment due to detected collision
13:40:31: [INFO] Routing pad 'SW95:1' at (253365000, 102235000) with pad 'SW68:1' at (262890000, 73660000) using coordinate system rotated by 0 degree(s)
13:40:31: [INFO] Adding track segment (F.Cu): [(253365000, 102235000), (262890000, 92710000)]
13:40:31: [INFO] Adding track segment (F.Cu): [(262890000, 92710000), (262890000, 73660000)]
13:40:31: [INFO] Routing pad 'SW147:1' at (253365000, 140335000) with pad 'SW122:1' at (262890000, 121285000) using coordinate system rotated by 0 degree(s)
13:40:31: [INFO] Routing pad 'SW173a:1' at (258127500, 159385000) with pad 'SW173:1' at (262890000, 159385000) using coordinate system rotated by 0 degree(s)
13:40:31: [INFO] Adding track segment (F.Cu): [(258127500, 159385000), (262890000, 159385000)]
13:40:31: [INFO] Routing COL21 pads
13:40:31: [INFO] Routing pad 'SW157:1' at (458152500, 140335000) with pad 'SW182:1' at (448627500, 159385000) using coordinate system rotated by 0 degree(s)
13:40:31: [INFO] Adding track segment (F.Cu): [(458152500, 140335000), (458152500, 149860000)]
13:40:31: [INFO] Adding track segment (F.Cu): [(458152500, 149860000), (448627500, 159385000)]
13:40:31: [INFO] Routing pad 'SW50:1' at (453390000, 54610000) with pad 'SW22:1' at (453390000, 35560000) using coordinate system rotated by 0 degree(s)
13:40:31: [INFO] Adding track segment (F.Cu): [(453390000, 54610000), (453390000, 35560000)]
13:40:31: [INFO] Could not add track segment due to detected collision
13:40:31: [INFO] Routing pad 'SW78:1' at (453390000, 73660000) with pad 'SW50:1' at (453390000, 54610000) using coordinate system rotated by 0 degree(s)
13:40:31: [INFO] Adding track segment (F.Cu): [(453390000, 73660000), (453390000, 54610000)]
13:40:31: [INFO] Could not add track segment due to detected collision
13:40:31: [INFO] Routing pad 'SW105:1' at (443865000, 102235000) with pad 'SW78:1' at (453390000, 73660000) using coordinate system rotated by 0 degree(s)
13:40:31: [INFO] Adding track segment (F.Cu): [(443865000, 102235000), (453390000, 92710000)]
13:40:31: [INFO] Adding track segment (F.Cu): [(453390000, 92710000), (453390000, 73660000)]
13:40:31: [INFO] Routing pad 'SW182:1' at (448627500, 159385000) with pad 'SW208:1' at (453390000, 178435000) using coordinate system rotated by 0 degree(s)
13:40:31: [INFO] Adding track segment (F.Cu): [(448627500, 159385000), (448627500, 173672500)]
13:40:31: [INFO] Adding track segment (F.Cu): [(448627500, 173672500), (453390000, 178435000)]
13:40:31: [INFO] Routing pad 'SW105:1' at (443865000, 102235000) with pad 'SW157:1' at (458152500, 140335000) using coordinate system rotated by 0 degree(s)
13:40:31: [INFO] Routing COL10 pads
13:40:31: [INFO] Routing pad 'SW121:1' at (243840000, 121285000) with pad 'SW94:1' at (234315000, 102235000) using coordinate system rotated by 0 degree(s)
13:40:31: [INFO] Adding track segment (F.Cu): [(243840000, 121285000), (234315000, 111760000)]
13:40:31: [INFO] Adding track segment (F.Cu): [(234315000, 111760000), (234315000, 102235000)]
13:40:32: [INFO] Routing pad 'SW146a:1' at (229552500, 140335000) with pad 'SW146:1' at (234315000, 140335000) using coordinate system rotated by 0 degree(s)
13:40:32: [INFO] Adding track segment (F.Cu): [(229552500, 140335000), (234315000, 140335000)]
13:40:32: [INFO] Routing pad 'SW172a:1' at (239077500, 159385000) with pad 'SW198:1' at (234315000, 178435000) using coordinate system rotated by 0 degree(s)
13:40:32: [INFO] Adding track segment (F.Cu): [(239077500, 159385000), (239077500, 173672500)]
13:40:32: [INFO] Adding track segment (F.Cu): [(239077500, 173672500), (234315000, 178435000)]
13:40:32: [INFO] Routing pad 'SW146:1' at (234315000, 140335000) with pad 'SW172a:1' at (239077500, 159385000) using coordinate system rotated by 0 degree(s)
13:40:32: [INFO] Routing pad 'SW39a:1' at (243840000, 54610000) with pad 'SW11a:1' at (243840000, 35560000) using coordinate system rotated by 0 degree(s)
13:40:32: [INFO] Adding track segment (F.Cu): [(243840000, 54610000), (243840000, 35560000)]
13:40:32: [INFO] Could not add track segment due to detected collision
13:40:32: [INFO] Routing pad 'SW67:1' at (243840000, 73660000) with pad 'SW39a:1' at (243840000, 54610000) using coordinate system rotated by 0 degree(s)
13:40:32: [INFO] Adding track segment (F.Cu): [(243840000, 73660000), (243840000, 54610000)]
13:40:32: [INFO] Could not add track segment due to detected collision
13:40:32: [INFO] Routing pad 'SW94:1' at (234315000, 102235000) with pad 'SW67:1' at (243840000, 73660000) using coordinate system rotated by 0 degree(s)
13:40:32: [INFO] Adding track segment (F.Cu): [(234315000, 102235000), (243840000, 92710000)]
13:40:32: [INFO] Adding track segment (F.Cu): [(243840000, 92710000), (243840000, 73660000)]
13:40:32: [INFO] Routing pad 'SW146:1' at (234315000, 140335000) with pad 'SW121:1' at (243840000, 121285000) using coordinate system rotated by 0 degree(s)
13:40:32: [INFO] Routing pad 'SW172a:1' at (239077500, 159385000) with pad 'SW172:1' at (243840000, 159385000) using coordinate system rotated by 0 degree(s)
13:40:32: [INFO] Adding track segment (F.Cu): [(239077500, 159385000), (243840000, 159385000)]
13:40:32: [INFO] Routing pad 'SW11a:1' at (243840000, 35560000) with pad 'SW11:1' at (253365000, 35560000) using coordinate system rotated by 0 degree(s)
13:40:32: [INFO] Adding track segment (F.Cu): [(243840000, 35560000), (253365000, 35560000)]
13:40:32: [INFO] Routing pad 'SW39a:1' at (243840000, 54610000) with pad 'SW39:1' at (253365000, 54610000) using coordinate system rotated by 0 degree(s)
13:40:32: [INFO] Adding track segment (F.Cu): [(243840000, 54610000), (253365000, 54610000)]
13:40:32: [INFO] Routing COL23 pads
13:40:32: [INFO] Routing pad 'SW133:1' at (491490000, 121285000) with pad 'SW158:1' at (486727500, 140335000) using coordinate system rotated by 0 degree(s)
13:40:32: [INFO] Adding track segment (F.Cu): [(491490000, 121285000), (491490000, 135572500)]
13:40:32: [INFO] Adding track segment (F.Cu): [(491490000, 135572500), (486727500, 140335000)]
13:40:32: [INFO] Routing pad 'SW52:1' at (491490000, 54610000) with pad 'SW24:1' at (491490000, 35560000) using coordinate system rotated by 0 degree(s)
13:40:32: [INFO] Adding track segment (F.Cu): [(491490000, 54610000), (491490000, 35560000)]
13:40:32: [INFO] Could not add track segment due to detected collision
13:40:32: [INFO] Routing pad 'SW80:1' at (491490000, 73660000) with pad 'SW52:1' at (491490000, 54610000) using coordinate system rotated by 0 degree(s)
13:40:32: [INFO] Adding track segment (F.Cu): [(491490000, 73660000), (491490000, 54610000)]
13:40:32: [INFO] Could not add track segment due to detected collision
13:40:32: [INFO] Routing pad 'SW107:1' at (486727500, 102235000) with pad 'SW80:1' at (491490000, 73660000) using coordinate system rotated by 0 degree(s)
13:40:32: [INFO] Routing pad 'SW107:1' at (486727500, 102235000) with pad 'SW133:1' at (491490000, 121285000) using coordinate system rotated by 0 degree(s)
13:40:32: [INFO] Adding track segment (F.Cu): [(486727500, 102235000), (486727500, 116522500)]
13:40:32: [INFO] Adding track segment (F.Cu): [(486727500, 116522500), (491490000, 121285000)]
13:40:32: [INFO] Routing pad 'SW158:1' at (486727500, 140335000) with pad 'SW184:1' at (491490000, 159385000) using coordinate system rotated by 0 degree(s)
13:40:32: [INFO] Adding track segment (F.Cu): [(486727500, 140335000), (486727500, 154622500)]
13:40:32: [INFO] Adding track segment (F.Cu): [(486727500, 154622500), (491490000, 159385000)]
13:40:32: [INFO] Routing pad 'SW184:1' at (491490000, 159385000) with pad 'SW210:1' at (491490000, 178435000) using coordinate system rotated by 0 degree(s)
13:40:32: [INFO] Adding track segment (F.Cu): [(491490000, 159385000), (491490000, 178435000)]
13:40:32: [INFO] Routing COL26 pads
13:40:32: [INFO] Routing pad 'SW27a:1' at (558165000, 35560000) with pad 'SW55a:1' at (558165000, 54610000) using coordinate system rotated by 0 degree(s)
13:40:32: [INFO] Adding track segment (F.Cu): [(558165000, 35560000), (558165000, 54610000)]
13:40:32: [INFO] Could not add track segment due to detected collision
13:40:32: [INFO] Routing pad 'SW55a:1' at (558165000, 54610000) with pad 'SW83:1' at (558165000, 73660000) using coordinate system rotated by 0 degree(s)
13:40:32: [INFO] Adding track segment (F.Cu): [(558165000, 54610000), (558165000, 73660000)]
13:40:32: [INFO] Could not add track segment due to detected collision
13:40:32: [INFO] Routing pad 'SW83:1' at (558165000, 73660000) with pad 'SW110:1' at (558165000, 102235000) using coordinate system rotated by 0 degree(s)
13:40:32: [INFO] Adding track segment (F.Cu): [(558165000, 73660000), (558165000, 102235000)]
13:40:32: [INFO] Routing pad 'SW110:1' at (558165000, 102235000) with pad 'SW136:1' at (558165000, 121285000) using coordinate system rotated by 0 degree(s)
13:40:32: [INFO] Adding track segment (F.Cu): [(558165000, 102235000), (558165000, 121285000)]
13:40:32: [INFO] Routing pad 'SW136:1' at (558165000, 121285000) with pad 'SW161:1' at (558165000, 140335000) using coordinate system rotated by 0 degree(s)
13:40:32: [INFO] Adding track segment (F.Cu): [(558165000, 121285000), (558165000, 140335000)]
13:40:32: [INFO] Routing pad 'SW161:1' at (558165000, 140335000) with pad 'SW187:1' at (558165000, 159385000) using coordinate system rotated by 0 degree(s)
13:40:32: [INFO] Adding track segment (F.Cu): [(558165000, 140335000), (558165000, 159385000)]
13:40:32: [INFO] Routing pad 'SW187:1' at (558165000, 159385000) with pad 'SW213:1' at (558165000, 178435000) using coordinate system rotated by 0 degree(s)
13:40:32: [INFO] Adding track segment (F.Cu): [(558165000, 159385000), (558165000, 178435000)]
13:40:32: [INFO] Routing pad 'SW27a:1' at (558165000, 35560000) with pad 'SW27:1' at (567690000, 35560000) using coordinate system rotated by 0 degree(s)
13:40:32: [INFO] Adding track segment (F.Cu): [(558165000, 35560000), (567690000, 35560000)]
13:40:32: [INFO] Routing pad 'SW55a:1' at (558165000, 54610000) with pad 'SW55:1' at (567690000, 54610000) using coordinate system rotated by 0 degree(s)
13:40:32: [INFO] Adding track segment (F.Cu): [(558165000, 54610000), (567690000, 54610000)]
13:40:32: [INFO] Routing ROW5 pads
13:40:32: [INFO] Routing pad 'D138:1' at (52705000, 148275000) with pad 'D139:1' at (71755000, 148275000) using coordinate system rotated by 0 degree(s)
13:40:32: [INFO] Adding track segment (B.Cu): [(52705000, 148275000), (71755000, 148275000)]
13:40:32: [INFO] Routing pad 'D139:1' at (71755000, 148275000) with pad 'D140:1' at (90805000, 148275000) using coordinate system rotated by 0 degree(s)
13:40:32: [INFO] Adding track segment (B.Cu): [(71755000, 148275000), (90805000, 148275000)]
13:40:33: [INFO] Routing pad 'D140:1' at (90805000, 148275000) with pad 'D141:1' at (109855000, 148275000) using coordinate system rotated by 0 degree(s)
13:40:33: [INFO] Adding track segment (B.Cu): [(90805000, 148275000), (109855000, 148275000)]
13:40:33: [INFO] Routing pad 'D141:1' at (109855000, 148275000) with pad 'D142:1' at (143192500, 148275000) using coordinate system rotated by 0 degree(s)
13:40:33: [INFO] Adding track segment (B.Cu): [(109855000, 148275000), (143192500, 148275000)]
13:40:33: [INFO] Routing pad 'D142:1' at (143192500, 148275000) with pad 'D143:1' at (171767500, 148275000) using coordinate system rotated by 0 degree(s)
13:40:33: [INFO] Adding track segment (B.Cu): [(143192500, 148275000), (171767500, 148275000)]
13:40:33: [INFO] Routing pad 'D143:1' at (171767500, 148275000) with pad 'D144:1' at (200342500, 148275000) using coordinate system rotated by 0 degree(s)
13:40:33: [INFO] Adding track segment (B.Cu): [(171767500, 148275000), (200342500, 148275000)]
13:40:33: [INFO] Routing pad 'D144:1' at (200342500, 148275000) with pad 'D145:1' at (224155000, 148275000) using coordinate system rotated by 0 degree(s)
13:40:33: [INFO] Adding track segment (B.Cu): [(200342500, 148275000), (224155000, 148275000)]
13:40:33: [INFO] Routing pad 'D145:1' at (224155000, 148275000) with pad 'D146:1' at (243205000, 148275000) using coordinate system rotated by 0 degree(s)
13:40:33: [INFO] Adding track segment (B.Cu): [(224155000, 148275000), (243205000, 148275000)]
13:40:33: [INFO] Routing pad 'D146:1' at (243205000, 148275000) with pad 'D147:1' at (262255000, 148275000) using coordinate system rotated by 0 degree(s)
13:40:33: [INFO] Adding track segment (B.Cu): [(243205000, 148275000), (262255000, 148275000)]
13:40:33: [INFO] Routing pad 'D147:1' at (262255000, 148275000) with pad 'D148:1' at (281305000, 148275000) using coordinate system rotated by 0 degree(s)
13:40:33: [INFO] Adding track segment (B.Cu): [(262255000, 148275000), (281305000, 148275000)]
13:40:33: [INFO] Routing pad 'D148:1' at (281305000, 148275000) with pad 'D149:1' at (300355000, 148275000) using coordinate system rotated by 0 degree(s)
13:40:33: [INFO] Adding track segment (B.Cu): [(281305000, 148275000), (300355000, 148275000)]
13:40:33: [INFO] Routing pad 'D149:1' at (300355000, 148275000) with pad 'D150:1' at (319405000, 148275000) using coordinate system rotated by 0 degree(s)
13:40:33: [INFO] Adding track segment (B.Cu): [(300355000, 148275000), (319405000, 148275000)]
13:40:33: [INFO] Routing pad 'D150:1' at (319405000, 148275000) with pad 'D151:1' at (338455000, 148275000) using coordinate system rotated by 0 degree(s)
13:40:33: [INFO] Adding track segment (B.Cu): [(319405000, 148275000), (338455000, 148275000)]
13:40:33: [INFO] Routing pad 'D151:1' at (338455000, 148275000) with pad 'D152:1' at (357505000, 148275000) using coordinate system rotated by 0 degree(s)
13:40:33: [INFO] Adding track segment (B.Cu): [(338455000, 148275000), (357505000, 148275000)]
13:40:33: [INFO] Routing pad 'D152:1' at (357505000, 148275000) with pad 'D153:1' at (376555000, 148275000) using coordinate system rotated by 0 degree(s)
13:40:33: [INFO] Adding track segment (B.Cu): [(357505000, 148275000), (376555000, 148275000)]
13:40:33: [INFO] Routing pad 'D153:1' at (376555000, 148275000) with pad 'D154:1' at (395605000, 148275000) using coordinate system rotated by 0 degree(s)
13:40:33: [INFO] Adding track segment (B.Cu): [(376555000, 148275000), (395605000, 148275000)]
13:40:33: [INFO] Routing pad 'D154:1' at (395605000, 148275000) with pad 'D155:1' at (414655000, 148275000) using coordinate system rotated by 0 degree(s)
13:40:33: [INFO] Adding track segment (B.Cu): [(395605000, 148275000), (414655000, 148275000)]
13:40:33: [INFO] Routing pad 'D155:1' at (414655000, 148275000) with pad 'D156:1' at (438467500, 148275000) using coordinate system rotated by 0 degree(s)
13:40:33: [INFO] Adding track segment (B.Cu): [(414655000, 148275000), (438467500, 148275000)]
13:40:33: [INFO] Routing pad 'D156:1' at (438467500, 148275000) with pad 'D157:1' at (467042500, 148275000) using coordinate system rotated by 0 degree(s)
13:40:33: [INFO] Adding track segment (B.Cu): [(438467500, 148275000), (467042500, 148275000)]
13:40:33: [INFO] Routing pad 'D157:1' at (467042500, 148275000) with pad 'D158:1' at (495617500, 148275000) using coordinate system rotated by 0 degree(s)
13:40:33: [INFO] Adding track segment (B.Cu): [(467042500, 148275000), (495617500, 148275000)]
13:40:33: [INFO] Routing pad 'D158:1' at (495617500, 148275000) with pad 'D159:1' at (528955000, 148275000) using coordinate system rotated by 0 degree(s)
13:40:33: [INFO] Adding track segment (B.Cu): [(495617500, 148275000), (528955000, 148275000)]
13:40:33: [INFO] Routing pad 'D159:1' at (528955000, 148275000) with pad 'D160:1' at (548005000, 148275000) using coordinate system rotated by 0 degree(s)
13:40:33: [INFO] Adding track segment (B.Cu): [(528955000, 148275000), (548005000, 148275000)]
13:40:33: [INFO] Routing pad 'D160:1' at (548005000, 148275000) with pad 'D161:1' at (567055000, 148275000) using coordinate system rotated by 0 degree(s)
13:40:33: [INFO] Adding track segment (B.Cu): [(548005000, 148275000), (567055000, 148275000)]
13:40:33: [INFO] Routing pad 'D161:1' at (567055000, 148275000) with pad 'D162:1' at (586105000, 148275000) using coordinate system rotated by 0 degree(s)
13:40:33: [INFO] Adding track segment (B.Cu): [(567055000, 148275000), (586105000, 148275000)]
13:40:33: [INFO] Routing COL1 pads
13:40:33: [INFO] Routing pad 'SW2:1' at (62865000, 35560000) with pad 'SW30:1' at (62865000, 54610000) using coordinate system rotated by 0 degree(s)
13:40:33: [INFO] Adding track segment (F.Cu): [(62865000, 35560000), (62865000, 54610000)]
13:40:33: [INFO] Could not add track segment due to detected collision
13:40:33: [INFO] Routing pad 'SW30:1' at (62865000, 54610000) with pad 'SW58:1' at (62865000, 73660000) using coordinate system rotated by 0 degree(s)
13:40:33: [INFO] Adding track segment (F.Cu): [(62865000, 54610000), (62865000, 73660000)]
13:40:33: [INFO] Could not add track segment due to detected collision
13:40:33: [INFO] Routing pad 'SW58:1' at (62865000, 73660000) with pad 'SW86:1' at (62865000, 102235000) using coordinate system rotated by 0 degree(s)
13:40:33: [INFO] Adding track segment (F.Cu): [(62865000, 73660000), (62865000, 102235000)]
13:40:33: [INFO] Routing pad 'SW86:1' at (62865000, 102235000) with pad 'SW113:1' at (62865000, 121285000) using coordinate system rotated by 0 degree(s)
13:40:33: [INFO] Adding track segment (F.Cu): [(62865000, 102235000), (62865000, 121285000)]
13:40:33: [INFO] Routing pad 'SW113:1' at (62865000, 121285000) with pad 'SW139:1' at (62865000, 140335000) using coordinate system rotated by 0 degree(s)
13:40:33: [INFO] Adding track segment (F.Cu): [(62865000, 121285000), (62865000, 140335000)]
13:40:33: [INFO] Routing pad 'SW139:1' at (62865000, 140335000) with pad 'SW164:1' at (62865000, 159385000) using coordinate system rotated by 0 degree(s)
13:40:33: [INFO] Adding track segment (F.Cu): [(62865000, 140335000), (62865000, 159385000)]
13:40:33: [INFO] Routing pad 'SW164:1' at (62865000, 159385000) with pad 'SW190:1' at (62865000, 178435000) using coordinate system rotated by 0 degree(s)
13:40:33: [INFO] Adding track segment (F.Cu): [(62865000, 159385000), (62865000, 178435000)]
13:40:33: [INFO] Routing ROW3 pads
13:40:33: [INFO] Routing pad 'D85:1' at (52705000, 110175000) with pad 'D86:1' at (71755000, 110175000) using coordinate system rotated by 0 degree(s)
13:40:33: [INFO] Adding track segment (B.Cu): [(52705000, 110175000), (71755000, 110175000)]
13:40:33: [INFO] Routing pad 'D86:1' at (71755000, 110175000) with pad 'D87:1' at (90805000, 110175000) using coordinate system rotated by 0 degree(s)
13:40:33: [INFO] Adding track segment (B.Cu): [(71755000, 110175000), (90805000, 110175000)]
13:40:33: [INFO] Routing pad 'D87:1' at (90805000, 110175000) with pad 'D88:1' at (109855000, 110175000) using coordinate system rotated by 0 degree(s)
13:40:33: [INFO] Adding track segment (B.Cu): [(90805000, 110175000), (109855000, 110175000)]
13:40:33: [INFO] Routing pad 'D88:1' at (109855000, 110175000) with pad 'D89:1' at (143192500, 110175000) using coordinate system rotated by 0 degree(s)
13:40:33: [INFO] Adding track segment (B.Cu): [(109855000, 110175000), (143192500, 110175000)]
13:40:33: [INFO] Routing pad 'D89:1' at (143192500, 110175000) with pad 'D90:1' at (167005000, 110175000) using coordinate system rotated by 0 degree(s)
13:40:33: [INFO] Adding track segment (B.Cu): [(143192500, 110175000), (167005000, 110175000)]
13:40:33: [INFO] Routing pad 'D90:1' at (167005000, 110175000) with pad 'D91:1' at (186055000, 110175000) using coordinate system rotated by 0 degree(s)
13:40:33: [INFO] Adding track segment (B.Cu): [(167005000, 110175000), (186055000, 110175000)]
13:40:33: [INFO] Routing pad 'D91:1' at (186055000, 110175000) with pad 'D92:1' at (205105000, 110175000) using coordinate system rotated by 0 degree(s)
13:40:33: [INFO] Adding track segment (B.Cu): [(186055000, 110175000), (205105000, 110175000)]
13:40:33: [INFO] Routing pad 'D92:1' at (205105000, 110175000) with pad 'D93:1' at (224155000, 110175000) using coordinate system rotated by 0 degree(s)
13:40:33: [INFO] Adding track segment (B.Cu): [(205105000, 110175000), (224155000, 110175000)]
13:40:33: [INFO] Routing pad 'D93:1' at (224155000, 110175000) with pad 'D94:1' at (243205000, 110175000) using coordinate system rotated by 0 degree(s)
13:40:33: [INFO] Adding track segment (B.Cu): [(224155000, 110175000), (243205000, 110175000)]
13:40:33: [INFO] Routing pad 'D94:1' at (243205000, 110175000) with pad 'D95:1' at (262255000, 110175000) using coordinate system rotated by 0 degree(s)
13:40:33: [INFO] Adding track segment (B.Cu): [(243205000, 110175000), (262255000, 110175000)]
13:40:33: [INFO] Routing pad 'D95:1' at (262255000, 110175000) with pad 'D96:1' at (281305000, 110175000) using coordinate system rotated by 0 degree(s)
13:40:33: [INFO] Adding track segment (B.Cu): [(262255000, 110175000), (281305000, 110175000)]
13:40:33: [INFO] Routing pad 'D96:1' at (281305000, 110175000) with pad 'D97:1' at (300355000, 110175000) using coordinate system rotated by 0 degree(s)
13:40:33: [INFO] Adding track segment (B.Cu): [(281305000, 110175000), (300355000, 110175000)]
13:40:33: [INFO] Routing pad 'D97:1' at (300355000, 110175000) with pad 'D98:1' at (319405000, 110175000) using coordinate system rotated by 0 degree(s)
13:40:33: [INFO] Adding track segment (B.Cu): [(300355000, 110175000), (319405000, 110175000)]
13:40:33: [INFO] Routing pad 'D98:1' at (319405000, 110175000) with pad 'D99:1' at (338455000, 110175000) using coordinate system rotated by 0 degree(s)
13:40:33: [INFO] Adding track segment (B.Cu): [(319405000, 110175000), (338455000, 110175000)]
13:40:33: [INFO] Routing pad 'D99:1' at (338455000, 110175000) with pad 'D100:1' at (357505000, 110175000) using coordinate system rotated by 0 degree(s)
13:40:33: [INFO] Adding track segment (B.Cu): [(338455000, 110175000), (357505000, 110175000)]
13:40:33: [INFO] Routing pad 'D100:1' at (357505000, 110175000) with pad 'D101:1' at (376555000, 110175000) using coordinate system rotated by 0 degree(s)
13:40:33: [INFO] Adding track segment (B.Cu): [(357505000, 110175000), (376555000, 110175000)]
13:40:33: [INFO] Routing pad 'D101:1' at (376555000, 110175000) with pad 'D102:1' at (395605000, 110175000) using coordinate system rotated by 0 degree(s)
13:40:33: [INFO] Adding track segment (B.Cu): [(376555000, 110175000), (395605000, 110175000)]
13:40:33: [INFO] Routing pad 'D102:1' at (395605000, 110175000) with pad 'D103:1' at (414655000, 110175000) using coordinate system rotated by 0 degree(s)
13:40:33: [INFO] Adding track segment (B.Cu): [(395605000, 110175000), (414655000, 110175000)]
13:40:34: [INFO] Routing pad 'D103:1' at (414655000, 110175000) with pad 'D104:1' at (433705000, 110175000) using coordinate system rotated by 0 degree(s)
13:40:34: [INFO] Adding track segment (B.Cu): [(414655000, 110175000), (433705000, 110175000)]
13:40:34: [INFO] Routing pad 'D104:1' at (433705000, 110175000) with pad 'D105:1' at (452755000, 110175000) using coordinate system rotated by 0 degree(s)
13:40:34: [INFO] Adding track segment (B.Cu): [(433705000, 110175000), (452755000, 110175000)]
13:40:34: [INFO] Routing pad 'D105:1' at (452755000, 110175000) with pad 'D106:1' at (471805000, 110175000) using coordinate system rotated by 0 degree(s)
13:40:34: [INFO] Adding track segment (B.Cu): [(452755000, 110175000), (471805000, 110175000)]
13:40:34: [INFO] Routing pad 'D106:1' at (471805000, 110175000) with pad 'D107:1' at (495617500, 110175000) using coordinate system rotated by 0 degree(s)
13:40:34: [INFO] Adding track segment (B.Cu): [(471805000, 110175000), (495617500, 110175000)]
13:40:34: [INFO] Routing pad 'D107:1' at (495617500, 110175000) with pad 'D108:1' at (528955000, 110175000) using coordinate system rotated by 0 degree(s)
13:40:34: [INFO] Adding track segment (B.Cu): [(495617500, 110175000), (528955000, 110175000)]
13:40:34: [INFO] Routing pad 'D108:1' at (528955000, 110175000) with pad 'D109:1' at (548005000, 110175000) using coordinate system rotated by 0 degree(s)
13:40:34: [INFO] Adding track segment (B.Cu): [(528955000, 110175000), (548005000, 110175000)]
13:40:34: [INFO] Routing pad 'D109:1' at (548005000, 110175000) with pad 'D110:1' at (567055000, 110175000) using coordinate system rotated by 0 degree(s)
13:40:34: [INFO] Adding track segment (B.Cu): [(548005000, 110175000), (567055000, 110175000)]
13:40:34: [INFO] Routing pad 'D110:1' at (567055000, 110175000) with pad 'D111:1' at (586105000, 110175000) using coordinate system rotated by 0 degree(s)
13:40:34: [INFO] Adding track segment (B.Cu): [(567055000, 110175000), (586105000, 110175000)]
13:40:34: [INFO] Routing COL13 pads
13:40:34: [INFO] Routing pad 'SW124:1' at (300990000, 121285000) with pad 'SW97:1' at (291465000, 102235000) using coordinate system rotated by 0 degree(s)
13:40:34: [INFO] Adding track segment (F.Cu): [(300990000, 121285000), (291465000, 111760000)]
13:40:34: [INFO] Adding track segment (F.Cu): [(291465000, 111760000), (291465000, 102235000)]
13:40:34: [INFO] Routing pad 'SW149a:1' at (286702500, 140335000) with pad 'SW149:1' at (291465000, 140335000) using coordinate system rotated by 0 degree(s)
13:40:34: [INFO] Adding track segment (F.Cu): [(286702500, 140335000), (291465000, 140335000)]
13:40:34: [INFO] Routing pad 'SW149:1' at (291465000, 140335000) with pad 'SW175a:1' at (296227500, 159385000) using coordinate system rotated by 0 degree(s)
13:40:34: [INFO] Routing pad 'SW42:1' at (300990000, 54610000) with pad 'SW14:1' at (300990000, 35560000) using coordinate system rotated by 0 degree(s)
13:40:34: [INFO] Adding track segment (F.Cu): [(300990000, 54610000), (300990000, 35560000)]
13:40:34: [INFO] Could not add track segment due to detected collision
13:40:34: [INFO] Routing pad 'SW70:1' at (300990000, 73660000) with pad 'SW42:1' at (300990000, 54610000) using coordinate system rotated by 0 degree(s)
13:40:34: [INFO] Adding track segment (F.Cu): [(300990000, 73660000), (300990000, 54610000)]
13:40:34: [INFO] Could not add track segment due to detected collision
13:40:34: [INFO] Routing pad 'SW97:1' at (291465000, 102235000) with pad 'SW70:1' at (300990000, 73660000) using coordinate system rotated by 0 degree(s)
13:40:34: [INFO] Adding track segment (F.Cu): [(291465000, 102235000), (300990000, 92710000)]
13:40:34: [INFO] Adding track segment (F.Cu): [(300990000, 92710000), (300990000, 73660000)]
13:40:34: [INFO] Routing pad 'SW149:1' at (291465000, 140335000) with pad 'SW124:1' at (300990000, 121285000) using coordinate system rotated by 0 degree(s)
13:40:34: [INFO] Routing pad 'SW175a:1' at (296227500, 159385000) with pad 'SW175:1' at (300990000, 159385000) using coordinate system rotated by 0 degree(s)
13:40:34: [INFO] Adding track segment (F.Cu): [(296227500, 159385000), (300990000, 159385000)]
13:40:34: [INFO] Routing pad 'SW175:1' at (300990000, 159385000) with pad 'SW201:1' at (300990000, 178435000) using coordinate system rotated by 0 degree(s)
13:40:34: [INFO] Adding track segment (F.Cu): [(300990000, 159385000), (300990000, 178435000)]
13:40:34: [INFO] Could not add track segment due to detected collision
13:40:34: [INFO] Routing COL4 pads
13:40:34: [INFO] Routing pad 'SW5a:1' at (129540000, 35560000) with pad 'SW33a:1' at (129540000, 54610000) using coordinate system rotated by 0 degree(s)
13:40:34: [INFO] Adding track segment (F.Cu): [(129540000, 35560000), (129540000, 54610000)]
13:40:34: [INFO] Could not add track segment due to detected collision
13:40:34: [INFO] Routing pad 'SW33a:1' at (129540000, 54610000) with pad 'SW61a:1' at (129540000, 73660000) using coordinate system rotated by 0 degree(s)
13:40:34: [INFO] Adding track segment (F.Cu): [(129540000, 54610000), (129540000, 73660000)]
13:40:34: [INFO] Could not add track segment due to detected collision
13:40:34: [INFO] Routing pad 'SW89:1' at (134302500, 102235000) with pad 'SW116:1' at (129540000, 121285000) using coordinate system rotated by 0 degree(s)
13:40:34: [INFO] Adding track segment (F.Cu): [(134302500, 102235000), (134302500, 116522500)]
13:40:34: [INFO] Adding track segment (F.Cu): [(134302500, 116522500), (129540000, 121285000)]
13:40:34: [INFO] Routing pad 'SW142:1' at (134302500, 140335000) with pad 'SW167:1' at (129540000, 159385000) using coordinate system rotated by 0 degree(s)
13:40:34: [INFO] Adding track segment (F.Cu): [(134302500, 140335000), (134302500, 154622500)]
13:40:34: [INFO] Adding track segment (F.Cu): [(134302500, 154622500), (129540000, 159385000)]
13:40:34: [INFO] Routing pad 'SW167:1' at (129540000, 159385000) with pad 'SW193:1' at (129540000, 178435000) using coordinate system rotated by 0 degree(s)
13:40:34: [INFO] Adding track segment (F.Cu): [(129540000, 159385000), (129540000, 178435000)]
13:40:34: [INFO] Routing pad 'SW61a:1' at (129540000, 73660000) with pad 'SW89:1' at (134302500, 102235000) using coordinate system rotated by 0 degree(s)
13:40:34: [INFO] Routing pad 'SW116:1' at (129540000, 121285000) with pad 'SW142:1' at (134302500, 140335000) using coordinate system rotated by 0 degree(s)
13:40:34: [INFO] Adding track segment (F.Cu): [(129540000, 121285000), (129540000, 135572500)]
13:40:34: [INFO] Adding track segment (F.Cu): [(129540000, 135572500), (134302500, 140335000)]
13:40:34: [INFO] Routing pad 'SW5a:1' at (129540000, 35560000) with pad 'SW5:1' at (139065000, 35560000) using coordinate system rotated by 0 degree(s)
13:40:34: [INFO] Adding track segment (F.Cu): [(129540000, 35560000), (139065000, 35560000)]
13:40:34: [INFO] Routing pad 'SW33a:1' at (129540000, 54610000) with pad 'SW33:1' at (139065000, 54610000) using coordinate system rotated by 0 degree(s)
13:40:34: [INFO] Adding track segment (F.Cu): [(129540000, 54610000), (139065000, 54610000)]
13:40:35: [INFO] Routing pad 'SW61a:1' at (129540000, 73660000) with pad 'SW61:1' at (139065000, 73660000) using coordinate system rotated by 0 degree(s)
13:40:35: [INFO] Adding track segment (F.Cu): [(129540000, 73660000), (139065000, 73660000)]
13:40:35: [INFO] Routing COL14 pads
13:40:35: [INFO] Routing pad 'SW125:1' at (320040000, 121285000) with pad 'SW98:1' at (310515000, 102235000) using coordinate system rotated by 0 degree(s)
13:40:35: [INFO] Adding track segment (F.Cu): [(320040000, 121285000), (310515000, 111760000)]
13:40:35: [INFO] Adding track segment (F.Cu): [(310515000, 111760000), (310515000, 102235000)]
13:40:35: [INFO] Routing pad 'SW150a:1' at (305752500, 140335000) with pad 'SW150:1' at (310515000, 140335000) using coordinate system rotated by 0 degree(s)
13:40:35: [INFO] Adding track segment (F.Cu): [(305752500, 140335000), (310515000, 140335000)]
13:40:35: [INFO] Routing pad 'SW176a:1' at (315277500, 159385000) with pad 'SW202:1' at (310515000, 178435000) using coordinate system rotated by 0 degree(s)
13:40:35: [INFO] Adding track segment (F.Cu): [(315277500, 159385000), (315277500, 173672500)]
13:40:35: [INFO] Adding track segment (F.Cu): [(315277500, 173672500), (310515000, 178435000)]
13:40:35: [INFO] Routing pad 'SW150:1' at (310515000, 140335000) with pad 'SW176a:1' at (315277500, 159385000) using coordinate system rotated by 0 degree(s)
13:40:35: [INFO] Routing pad 'SW43a:1' at (320040000, 54610000) with pad 'SW15a:1' at (320040000, 35560000) using coordinate system rotated by 0 degree(s)
13:40:35: [INFO] Adding track segment (F.Cu): [(320040000, 54610000), (320040000, 35560000)]
13:40:35: [INFO] Could not add track segment due to detected collision
13:40:35: [INFO] Routing pad 'SW71:1' at (320040000, 73660000) with pad 'SW43a:1' at (320040000, 54610000) using coordinate system rotated by 0 degree(s)
13:40:35: [INFO] Adding track segment (F.Cu): [(320040000, 73660000), (320040000, 54610000)]
13:40:35: [INFO] Could not add track segment due to detected collision
13:40:35: [INFO] Routing pad 'SW98:1' at (310515000, 102235000) with pad 'SW71:1' at (320040000, 73660000) using coordinate system rotated by 0 degree(s)
13:40:35: [INFO] Adding track segment (F.Cu): [(310515000, 102235000), (320040000, 92710000)]
13:40:35: [INFO] Adding track segment (F.Cu): [(320040000, 92710000), (320040000, 73660000)]
13:40:35: [INFO] Routing pad 'SW150:1' at (310515000, 140335000) with pad 'SW125:1' at (320040000, 121285000) using coordinate system rotated by 0 degree(s)
13:40:35: [INFO] Routing pad 'SW176a:1' at (315277500, 159385000) with pad 'SW176:1' at (320040000, 159385000) using coordinate system rotated by 0 degree(s)
13:40:35: [INFO] Adding track segment (F.Cu): [(315277500, 159385000), (320040000, 159385000)]
13:40:35: [INFO] Routing pad 'SW15a:1' at (320040000, 35560000) with pad 'SW15:1' at (329565000, 35560000) using coordinate system rotated by 0 degree(s)
13:40:35: [INFO] Adding track segment (F.Cu): [(320040000, 35560000), (329565000, 35560000)]
13:40:35: [INFO] Routing pad 'SW43a:1' at (320040000, 54610000) with pad 'SW43:1' at (329565000, 54610000) using coordinate system rotated by 0 degree(s)
13:40:35: [INFO] Adding track segment (F.Cu): [(320040000, 54610000), (329565000, 54610000)]
13:40:35: [INFO] Routing COL7 pads
13:40:35: [INFO] Routing pad 'SW91:1' at (177165000, 102235000) with pad 'SW118:1' at (181927500, 121285000) using coordinate system rotated by 0 degree(s)
13:40:35: [INFO] Adding track segment (F.Cu): [(177165000, 102235000), (177165000, 116522500)]
13:40:35: [INFO] Adding track segment (F.Cu): [(177165000, 116522500), (181927500, 121285000)]
13:40:35: [INFO] Routing pad 'SW36:1' at (186690000, 54610000) with pad 'SW8:1' at (186690000, 35560000) using coordinate system rotated by 0 degree(s)
13:40:35: [INFO] Adding track segment (F.Cu): [(186690000, 54610000), (186690000, 35560000)]
13:40:35: [INFO] Could not add track segment due to detected collision
13:40:35: [INFO] Routing pad 'SW64:1' at (186690000, 73660000) with pad 'SW36:1' at (186690000, 54610000) using coordinate system rotated by 0 degree(s)
13:40:35: [INFO] Adding track segment (F.Cu): [(186690000, 73660000), (186690000, 54610000)]
13:40:35: [INFO] Could not add track segment due to detected collision
13:40:35: [INFO] Routing pad 'SW91:1' at (177165000, 102235000) with pad 'SW64:1' at (186690000, 73660000) using coordinate system rotated by 0 degree(s)
13:40:35: [INFO] Adding track segment (F.Cu): [(177165000, 102235000), (186690000, 92710000)]
13:40:35: [INFO] Adding track segment (F.Cu): [(186690000, 92710000), (186690000, 73660000)]
13:40:35: [INFO] Routing pad 'SW196a:1' at (191452500, 178435000) with pad 'SW196:1' at (186690000, 178435000) using coordinate system rotated by 0 degree(s)
13:40:35: [INFO] Adding track segment (F.Cu): [(191452500, 178435000), (186690000, 178435000)]
13:40:35: [INFO] Routing pad 'SW118:1' at (181927500, 121285000) with pad 'SW144a:1' at (189071250, 140335000) using coordinate system rotated by 0 degree(s)
13:40:35: [INFO] Adding track segment (F.Cu): [(181927500, 121285000), (181927500, 133191250)]
13:40:35: [INFO] Adding track segment (F.Cu): [(181927500, 133191250), (189071250, 140335000)]
13:40:35: [INFO] Routing pad 'SW144a:1' at (189071250, 140335000) with pad 'SW144:1' at (191452500, 140335000) using coordinate system rotated by 0 degree(s)
13:40:35: [INFO] Adding track segment (F.Cu): [(189071250, 140335000), (191452500, 140335000)]
13:40:35: [INFO] Routing pad 'SW144:1' at (191452500, 140335000) with pad 'SW196a:1' at (191452500, 178435000) using coordinate system rotated by 0 degree(s)
13:40:35: [INFO] Adding track segment (F.Cu): [(191452500, 140335000), (191452500, 178435000)]
13:40:35: [INFO] Could not add track segment due to detected collision
13:40:35: [INFO] Routing COL5 pads
13:40:35: [INFO] Routing pad 'SW6:1' at (148590000, 35560000) with pad 'SW34:1' at (148590000, 54610000) using coordinate system rotated by 0 degree(s)
13:40:35: [INFO] Adding track segment (F.Cu): [(148590000, 35560000), (148590000, 54610000)]
13:40:35: [INFO] Could not add track segment due to detected collision
13:40:35: [INFO] Routing pad 'SW34:1' at (148590000, 54610000) with pad 'SW62:1' at (148590000, 73660000) using coordinate system rotated by 0 degree(s)
13:40:35: [INFO] Adding track segment (F.Cu): [(148590000, 54610000), (148590000, 73660000)]
13:40:35: [INFO] Could not add track segment due to detected collision
13:40:35: [INFO] Routing pad 'SW117:1' at (153352500, 121285000) with pad 'SW168:1' at (148590000, 159385000) using coordinate system rotated by 0 degree(s)
13:40:36: [INFO] Adding track segment (F.Cu): [(153352500, 121285000), (153352500, 154622500)]
13:40:36: [INFO] Adding track segment (F.Cu): [(153352500, 154622500), (148590000, 159385000)]
13:40:36: [INFO] Routing pad 'SW168:1' at (148590000, 159385000) with pad 'SW194:1' at (148590000, 178435000) using coordinate system rotated by 0 degree(s)
13:40:36: [INFO] Adding track segment (F.Cu): [(148590000, 159385000), (148590000, 178435000)]
13:40:36: [INFO] Routing pad 'SW62:1' at (148590000, 73660000) with pad 'SW117:1' at (153352500, 121285000) using coordinate system rotated by 0 degree(s)
13:40:36: [INFO] Routing COL22 pads
13:40:36: [INFO] Routing pad 'SW106:1' at (462915000, 102235000) with pad 'SW132:1' at (467677500, 121285000) using coordinate system rotated by 0 degree(s)
13:40:36: [INFO] Adding track segment (F.Cu): [(462915000, 102235000), (462915000, 116522500)]
13:40:36: [INFO] Adding track segment (F.Cu): [(462915000, 116522500), (467677500, 121285000)]
13:40:36: [INFO] Routing pad 'SW51a:1' at (472440000, 54610000) with pad 'SW23a:1' at (472440000, 35560000) using coordinate system rotated by 0 degree(s)
13:40:36: [INFO] Adding track segment (F.Cu): [(472440000, 54610000), (472440000, 35560000)]
13:40:36: [INFO] Could not add track segment due to detected collision
13:40:36: [INFO] Routing pad 'SW79a:1' at (472440000, 73660000) with pad 'SW51a:1' at (472440000, 54610000) using coordinate system rotated by 0 degree(s)
13:40:36: [INFO] Adding track segment (F.Cu): [(472440000, 73660000), (472440000, 54610000)]
13:40:36: [INFO] Could not add track segment due to detected collision
13:40:36: [INFO] Routing pad 'SW106:1' at (462915000, 102235000) with pad 'SW79a:1' at (472440000, 73660000) using coordinate system rotated by 0 degree(s)
13:40:36: [INFO] Routing pad 'SW132:1' at (467677500, 121285000) with pad 'SW183:1' at (472440000, 159385000) using coordinate system rotated by 0 degree(s)
13:40:36: [INFO] Routing pad 'SW183:1' at (472440000, 159385000) with pad 'SW209:1' at (472440000, 178435000) using coordinate system rotated by 0 degree(s)
13:40:36: [INFO] Adding track segment (F.Cu): [(472440000, 159385000), (472440000, 178435000)]
13:40:36: [INFO] Routing pad 'SW23a:1' at (472440000, 35560000) with pad 'SW23:1' at (481965000, 35560000) using coordinate system rotated by 0 degree(s)
13:40:36: [INFO] Adding track segment (F.Cu): [(472440000, 35560000), (481965000, 35560000)]
13:40:36: [INFO] Routing pad 'SW51a:1' at (472440000, 54610000) with pad 'SW51:1' at (481965000, 54610000) using coordinate system rotated by 0 degree(s)
13:40:36: [INFO] Adding track segment (F.Cu): [(472440000, 54610000), (481965000, 54610000)]
13:40:36: [INFO] Routing pad 'SW79a:1' at (472440000, 73660000) with pad 'SW79:1' at (481965000, 73660000) using coordinate system rotated by 0 degree(s)
13:40:36: [INFO] Adding track segment (F.Cu): [(472440000, 73660000), (481965000, 73660000)]
13:40:36: [INFO] Routing ROW2 pads
13:40:36: [INFO] Routing pad 'D57:1' at (52705000, 81600000) with pad 'D58:1' at (71755000, 81600000) using coordinate system rotated by 0 degree(s)
13:40:36: [INFO] Adding track segment (B.Cu): [(52705000, 81600000), (71755000, 81600000)]
13:40:36: [INFO] Routing pad 'D58:1' at (71755000, 81600000) with pad 'D59:1' at (90805000, 81600000) using coordinate system rotated by 0 degree(s)
13:40:36: [INFO] Adding track segment (B.Cu): [(71755000, 81600000), (90805000, 81600000)]
13:40:36: [INFO] Routing pad 'D59:1' at (90805000, 81600000) with pad 'D60:1' at (109855000, 81600000) using coordinate system rotated by 0 degree(s)
13:40:36: [INFO] Adding track segment (B.Cu): [(90805000, 81600000), (109855000, 81600000)]
13:40:36: [INFO] Routing pad 'D60:1' at (109855000, 81600000) with pad 'D61:1' at (147955000, 81600000) using coordinate system rotated by 0 degree(s)
13:40:36: [INFO] Adding track segment (B.Cu): [(109855000, 81600000), (147955000, 81600000)]
13:40:36: [INFO] Routing pad 'D61:1' at (147955000, 81600000) with pad 'D62:1' at (157480000, 81600000) using coordinate system rotated by 0 degree(s)
13:40:36: [INFO] Adding track segment (B.Cu): [(147955000, 81600000), (157480000, 81600000)]
13:40:36: [INFO] Routing pad 'D62:1' at (157480000, 81600000) with pad 'D63:1' at (176530000, 81600000) using coordinate system rotated by 0 degree(s)
13:40:36: [INFO] Adding track segment (B.Cu): [(157480000, 81600000), (176530000, 81600000)]
13:40:36: [INFO] Routing pad 'D63:1' at (176530000, 81600000) with pad 'D64:1' at (195580000, 81600000) using coordinate system rotated by 0 degree(s)
13:40:36: [INFO] Adding track segment (B.Cu): [(176530000, 81600000), (195580000, 81600000)]
13:40:36: [INFO] Routing pad 'D64:1' at (195580000, 81600000) with pad 'D65:1' at (214630000, 81600000) using coordinate system rotated by 0 degree(s)
13:40:36: [INFO] Adding track segment (B.Cu): [(195580000, 81600000), (214630000, 81600000)]
13:40:36: [INFO] Routing pad 'D65:1' at (214630000, 81600000) with pad 'D66:1' at (233680000, 81600000) using coordinate system rotated by 0 degree(s)
13:40:36: [INFO] Adding track segment (B.Cu): [(214630000, 81600000), (233680000, 81600000)]
13:40:36: [INFO] Routing pad 'D66:1' at (233680000, 81600000) with pad 'D67:1' at (252730000, 81600000) using coordinate system rotated by 0 degree(s)
13:40:36: [INFO] Adding track segment (B.Cu): [(233680000, 81600000), (252730000, 81600000)]
13:40:36: [INFO] Routing pad 'D67:1' at (252730000, 81600000) with pad 'D68:1' at (271780000, 81600000) using coordinate system rotated by 0 degree(s)
13:40:36: [INFO] Adding track segment (B.Cu): [(252730000, 81600000), (271780000, 81600000)]
13:40:36: [INFO] Routing pad 'D68:1' at (271780000, 81600000) with pad 'D69:1' at (290830000, 81600000) using coordinate system rotated by 0 degree(s)
13:40:36: [INFO] Adding track segment (B.Cu): [(271780000, 81600000), (290830000, 81600000)]
13:40:36: [INFO] Routing pad 'D69:1' at (290830000, 81600000) with pad 'D70:1' at (309880000, 81600000) using coordinate system rotated by 0 degree(s)
13:40:36: [INFO] Adding track segment (B.Cu): [(290830000, 81600000), (309880000, 81600000)]
13:40:36: [INFO] Routing pad 'D70:1' at (309880000, 81600000) with pad 'D71:1' at (328930000, 81600000) using coordinate system rotated by 0 degree(s)
13:40:36: [INFO] Adding track segment (B.Cu): [(309880000, 81600000), (328930000, 81600000)]
13:40:36: [INFO] Routing pad 'D71:1' at (328930000, 81600000) with pad 'D72:1' at (347980000, 81600000) using coordinate system rotated by 0 degree(s)
13:40:36: [INFO] Adding track segment (B.Cu): [(328930000, 81600000), (347980000, 81600000)]
13:40:36: [INFO] Routing pad 'D72:1' at (347980000, 81600000) with pad 'D73:1' at (367030000, 81600000) using coordinate system rotated by 0 degree(s)
13:40:36: [INFO] Adding track segment (B.Cu): [(347980000, 81600000), (367030000, 81600000)]
13:40:36: [INFO] Routing pad 'D73:1' at (367030000, 81600000) with pad 'D74:1' at (386080000, 81600000) using coordinate system rotated by 0 degree(s)
13:40:36: [INFO] Adding track segment (B.Cu): [(367030000, 81600000), (386080000, 81600000)]
13:40:36: [INFO] Routing pad 'D74:1' at (386080000, 81600000) with pad 'D75:1' at (405130000, 81600000) using coordinate system rotated by 0 degree(s)
13:40:36: [INFO] Adding track segment (B.Cu): [(386080000, 81600000), (405130000, 81600000)]
13:40:36: [INFO] Routing pad 'D75:1' at (405130000, 81600000) with pad 'D76:1' at (424180000, 81600000) using coordinate system rotated by 0 degree(s)
13:40:36: [INFO] Adding track segment (B.Cu): [(405130000, 81600000), (424180000, 81600000)]
13:40:36: [INFO] Routing pad 'D76:1' at (424180000, 81600000) with pad 'D77:1' at (443230000, 81600000) using coordinate system rotated by 0 degree(s)
13:40:36: [INFO] Adding track segment (B.Cu): [(424180000, 81600000), (443230000, 81600000)]
13:40:36: [INFO] Routing pad 'D77:1' at (443230000, 81600000) with pad 'D78:1' at (462280000, 81600000) using coordinate system rotated by 0 degree(s)
13:40:36: [INFO] Adding track segment (B.Cu): [(443230000, 81600000), (462280000, 81600000)]
13:40:36: [INFO] Routing pad 'D78:1' at (462280000, 81600000) with pad 'D79:1' at (490855000, 81600000) using coordinate system rotated by 0 degree(s)
13:40:36: [INFO] Adding track segment (B.Cu): [(462280000, 81600000), (490855000, 81600000)]
13:40:36: [INFO] Routing pad 'D79:1' at (490855000, 81600000) with pad 'D80:1' at (500380000, 81600000) using coordinate system rotated by 0 degree(s)
13:40:36: [INFO] Adding track segment (B.Cu): [(490855000, 81600000), (500380000, 81600000)]
13:40:36: [INFO] Routing pad 'D80:1' at (500380000, 81600000) with pad 'D81:1' at (528955000, 81600000) using coordinate system rotated by 0 degree(s)
13:40:36: [INFO] Adding track segment (B.Cu): [(500380000, 81600000), (528955000, 81600000)]
13:40:36: [INFO] Routing pad 'D81:1' at (528955000, 81600000) with pad 'D82:1' at (548005000, 81600000) using coordinate system rotated by 0 degree(s)
13:40:36: [INFO] Adding track segment (B.Cu): [(528955000, 81600000), (548005000, 81600000)]
13:40:36: [INFO] Routing pad 'D82:1' at (548005000, 81600000) with pad 'D83:1' at (567055000, 81600000) using coordinate system rotated by 0 degree(s)
13:40:36: [INFO] Adding track segment (B.Cu): [(548005000, 81600000), (567055000, 81600000)]
13:40:37: [INFO] Routing pad 'D83:1' at (567055000, 81600000) with pad 'D84:1' at (586105000, 81600000) using coordinate system rotated by 0 degree(s)
13:40:37: [INFO] Adding track segment (B.Cu): [(567055000, 81600000), (586105000, 81600000)]
13:40:37: [INFO] Routing COL2 pads
13:40:37: [INFO] Routing pad 'SW3a:1' at (81915000, 35560000) with pad 'SW31a:1' at (81915000, 54610000) using coordinate system rotated by 0 degree(s)
13:40:37: [INFO] Adding track segment (F.Cu): [(81915000, 35560000), (81915000, 54610000)]
13:40:37: [INFO] Could not add track segment due to detected collision
13:40:37: [INFO] Routing pad 'SW31a:1' at (81915000, 54610000) with pad 'SW59:1' at (81915000, 73660000) using coordinate system rotated by 0 degree(s)
13:40:37: [INFO] Adding track segment (F.Cu): [(81915000, 54610000), (81915000, 73660000)]
13:40:37: [INFO] Could not add track segment due to detected collision
13:40:37: [INFO] Routing pad 'SW59:1' at (81915000, 73660000) with pad 'SW87:1' at (81915000, 102235000) using coordinate system rotated by 0 degree(s)
13:40:37: [INFO] Adding track segment (F.Cu): [(81915000, 73660000), (81915000, 102235000)]
13:40:37: [INFO] Routing pad 'SW87:1' at (81915000, 102235000) with pad 'SW114:1' at (81915000, 121285000) using coordinate system rotated by 0 degree(s)
13:40:37: [INFO] Adding track segment (F.Cu): [(81915000, 102235000), (81915000, 121285000)]
13:40:37: [INFO] Routing pad 'SW114:1' at (81915000, 121285000) with pad 'SW140:1' at (81915000, 140335000) using coordinate system rotated by 0 degree(s)
13:40:37: [INFO] Adding track segment (F.Cu): [(81915000, 121285000), (81915000, 140335000)]
13:40:37: [INFO] Routing pad 'SW140:1' at (81915000, 140335000) with pad 'SW165:1' at (81915000, 159385000) using coordinate system rotated by 0 degree(s)
13:40:37: [INFO] Adding track segment (F.Cu): [(81915000, 140335000), (81915000, 159385000)]
13:40:37: [INFO] Routing pad 'SW165:1' at (81915000, 159385000) with pad 'SW191:1' at (81915000, 178435000) using coordinate system rotated by 0 degree(s)
13:40:37: [INFO] Adding track segment (F.Cu): [(81915000, 159385000), (81915000, 178435000)]
13:40:37: [INFO] Routing pad 'SW3a:1' at (81915000, 35560000) with pad 'SW3:1' at (91440000, 35560000) using coordinate system rotated by 0 degree(s)
13:40:37: [INFO] Adding track segment (F.Cu): [(81915000, 35560000), (91440000, 35560000)]
13:40:37: [INFO] Routing pad 'SW31a:1' at (81915000, 54610000) with pad 'SW31:1' at (91440000, 54610000) using coordinate system rotated by 0 degree(s)
13:40:37: [INFO] Adding track segment (F.Cu): [(81915000, 54610000), (91440000, 54610000)]
13:40:37: [INFO] Routing COL25 pads
13:40:37: [INFO] Routing pad 'SW26:1' at (539115000, 35560000) with pad 'SW54:1' at (539115000, 54610000) using coordinate system rotated by 0 degree(s)
13:40:37: [INFO] Adding track segment (F.Cu): [(539115000, 35560000), (539115000, 54610000)]
13:40:37: [INFO] Could not add track segment due to detected collision
13:40:37: [INFO] Routing pad 'SW54:1' at (539115000, 54610000) with pad 'SW82:1' at (539115000, 73660000) using coordinate system rotated by 0 degree(s)
13:40:37: [INFO] Adding track segment (F.Cu): [(539115000, 54610000), (539115000, 73660000)]
13:40:37: [INFO] Could not add track segment due to detected collision
13:40:37: [INFO] Routing pad 'SW82:1' at (539115000, 73660000) with pad 'SW109:1' at (539115000, 102235000) using coordinate system rotated by 0 degree(s)
13:40:37: [INFO] Adding track segment (F.Cu): [(539115000, 73660000), (539115000, 102235000)]
13:40:37: [INFO] Routing pad 'SW109:1' at (539115000, 102235000) with pad 'SW135:1' at (539115000, 121285000) using coordinate system rotated by 0 degree(s)
13:40:37: [INFO] Adding track segment (F.Cu): [(539115000, 102235000), (539115000, 121285000)]
13:40:37: [INFO] Routing pad 'SW135:1' at (539115000, 121285000) with pad 'SW160:1' at (539115000, 140335000) using coordinate system rotated by 0 degree(s)
13:40:37: [INFO] Adding track segment (F.Cu): [(539115000, 121285000), (539115000, 140335000)]
13:40:37: [INFO] Routing pad 'SW160:1' at (539115000, 140335000) with pad 'SW186:1' at (539115000, 159385000) using coordinate system rotated by 0 degree(s)
13:40:37: [INFO] Adding track segment (F.Cu): [(539115000, 140335000), (539115000, 159385000)]
13:40:37: [INFO] Routing pad 'SW186:1' at (539115000, 159385000) with pad 'SW212:1' at (539115000, 178435000) using coordinate system rotated by 0 degree(s)
13:40:37: [INFO] Adding track segment (F.Cu): [(539115000, 159385000), (539115000, 178435000)]
13:40:37: [INFO] Routing COL0 pads
13:40:37: [INFO] Routing pad 'SW1a:1' at (43815000, 35560000) with pad 'SW29a:1' at (43815000, 54610000) using coordinate system rotated by 0 degree(s)
13:40:37: [INFO] Adding track segment (F.Cu): [(43815000, 35560000), (43815000, 54610000)]
13:40:37: [INFO] Could not add track segment due to detected collision
13:40:37: [INFO] Routing pad 'SW29a:1' at (43815000, 54610000) with pad 'SW57:1' at (43815000, 73660000) using coordinate system rotated by 0 degree(s)
13:40:37: [INFO] Adding track segment (F.Cu): [(43815000, 54610000), (43815000, 73660000)]
13:40:37: [INFO] Could not add track segment due to detected collision
13:40:37: [INFO] Routing pad 'SW57:1' at (43815000, 73660000) with pad 'SW85:1' at (43815000, 102235000) using coordinate system rotated by 0 degree(s)
13:40:37: [INFO] Adding track segment (F.Cu): [(43815000, 73660000), (43815000, 102235000)]
13:40:37: [INFO] Routing pad 'SW85:1' at (43815000, 102235000) with pad 'SW112:1' at (43815000, 121285000) using coordinate system rotated by 0 degree(s)
13:40:37: [INFO] Adding track segment (F.Cu): [(43815000, 102235000), (43815000, 121285000)]
13:40:37: [INFO] Routing pad 'SW112:1' at (43815000, 121285000) with pad 'SW138:1' at (43815000, 140335000) using coordinate system rotated by 0 degree(s)
13:40:37: [INFO] Adding track segment (F.Cu): [(43815000, 121285000), (43815000, 140335000)]
13:40:37: [INFO] Routing pad 'SW138:1' at (43815000, 140335000) with pad 'SW163:1' at (43815000, 159385000) using coordinate system rotated by 0 degree(s)
13:40:37: [INFO] Adding track segment (F.Cu): [(43815000, 140335000), (43815000, 159385000)]
13:40:37: [INFO] Routing pad 'SW163:1' at (43815000, 159385000) with pad 'SW189:1' at (43815000, 178435000) using coordinate system rotated by 0 degree(s)
13:40:37: [INFO] Adding track segment (F.Cu): [(43815000, 159385000), (43815000, 178435000)]
13:40:37: [INFO] Routing pad 'SW1a:1' at (43815000, 35560000) with pad 'SW1:1' at (53340000, 35560000) using coordinate system rotated by 0 degree(s)
13:40:37: [INFO] Adding track segment (F.Cu): [(43815000, 35560000), (53340000, 35560000)]
13:40:37: [INFO] Routing pad 'SW29a:1' at (43815000, 54610000) with pad 'SW29:1' at (53340000, 54610000) using coordinate system rotated by 0 degree(s)
13:40:37: [INFO] Adding track segment (F.Cu): [(43815000, 54610000), (53340000, 54610000)]
13:40:37: [INFO] Removing dangling tracks
