=== kbplacer.kle_serial ===
=== layout2image.py ===
=== kbplacer ===
13:41:10: [INFO] User layout: https://editor.keyboard-tools.xyz/#share=NrDeCIA9wLgAgEwDoCsAaO4DGtMGIB2I48AXw3AAY1LwMJp5KkF1Md5w8sfeyLqARjqZqCEVTQBmCdQAsIhrmasKHfAEMt2-qLQpZaAGyGChgByKoylm2y4uvPuT0BOQ4NoC0g4d8Hi9NZMtmoOeNo6LpKCMkGMcMwo0UIK-gb+Jv5mALpoAFBgwYioFACeNqrs4U48uuCCNBKNfpiNgW3SzWhpnRmdWZ1mFI2WI2ju457dvjMdEOpckVoSAO64CNEtUgA6AHb7+9RecEohyVO9DT7914KDd8OnxUlhnNy19duHB3tCVosIst6lIfAgfkcfOA8oUziU7Ot4IJUNEEE0goDajhUVCKGiOuA0XFMGirmjbmiHminoS0GMSRMJGjpnifK1aQErIi4MiLgzYhC9o0TnCkjjBGSbkyfIMFuFlhoJAALDbigiCuTo54JZFVcDc3V2FXwNGYVbiJGlTBKi08iiQW0AWhUfPAoIFv32LSsCSkKNZgnVnr2muEMKKCWQCNwyIIrtBIvs7yxINxmFBBNBxLdPQkoNuoIeoJpoPpOcm6Z8Jxzswx4WIJAo3OQrGi7t2weFPpsdkxnzbPiu7oLMu7ltbAY7P298VwciQcbemmBA8DGqh4YgBts0U1lEFzIBNX7FFDB7TotC1XeCrWGx3p5o58Tfac9U1BM12c1V01t01DyajSmplpqFbgKG1ahq0co3sCTYxgurqhvMxS8kujgnpgoa-lKj73Ee7wNkQyqqvhQY-OgiYJEYSDUNey6RO+PgUb86BhgUEYxrRi6YBU8DOkhGGEMRzGxNCnFwlG5S4IJeqAreCHjq6VGCgmXKIROmDsWpWpbppKloOCwbqXWyafEpcC0Vp4DoEYukvvK8Fmohhkss825uTBxR+r2x5vtE7G3OxsrFAQdHCbegUsYK7ESbCaEoEJfGycwvFJvgxFmNFnIUOx2bsQom7FNJDFLM5+qudF+4mRelWWm5unea+fCWQQ0X2bVYY5EAA
13:41:10: [INFO] Labels prefixes: for rows: 'ROW', for columns: 'COL'
13:41:10: [INFO] Matrix size: 5x17
13:41:11: [WARNING] No stabilizer footprint for width 2.25u, using 2u as fallback
13:41:11: [WARNING] No stabilizer footprint for width 2.25u, using 2u as fallback
13:41:11: [INFO] Add COL0 net
13:41:11: [INFO] Add COL1 net
13:41:11: [INFO] Add COL10 net
13:41:11: [INFO] Add COL11 net
13:41:11: [INFO] Add COL12 net
13:41:11: [INFO] Add COL13 net
13:41:11: [INFO] Add COL14 net
13:41:11: [INFO] Add COL15 net
13:41:11: [INFO] Add COL16 net
13:41:11: [INFO] Add COL17 net
13:41:11: [INFO] Add COL2 net
13:41:11: [INFO] Add COL3 net
13:41:11: [INFO] Add COL4 net
13:41:11: [INFO] Add COL5 net
13:41:11: [INFO] Add COL6 net
13:41:11: [INFO] Add COL7 net
13:41:11: [INFO] Add COL8 net
13:41:11: [INFO] Add COL9 net
13:41:11: [INFO] Add Net-(D1-A) net
13:41:11: [INFO] Add Net-(D10-A) net
13:41:11: [INFO] Add Net-(D100-A) net
13:41:11: [INFO] Add Net-(D101-A) net
13:41:11: [INFO] Add Net-(D102-A) net
13:41:11: [INFO] Add Net-(D11-A) net
13:41:11: [INFO] Add Net-(D12-A) net
13:41:11: [INFO] Add Net-(D13-A) net
13:41:11: [INFO] Add Net-(D14-A) net
13:41:11: [INFO] Add Net-(D15-A) net
13:41:11: [INFO] Add Net-(D16-A) net
13:41:11: [INFO] Add Net-(D17-A) net
13:41:11: [INFO] Add Net-(D18-A) net
13:41:11: [INFO] Add Net-(D19-A) net
13:41:11: [INFO] Add Net-(D2-A) net
13:41:11: [INFO] Add Net-(D20-A) net
13:41:11: [INFO] Add Net-(D21-A) net
13:41:11: [INFO] Add Net-(D22-A) net
13:41:11: [INFO] Add Net-(D23-A) net
13:41:11: [INFO] Add Net-(D24-A) net
13:41:11: [INFO] Add Net-(D25-A) net
13:41:11: [INFO] Add Net-(D26-A) net
13:41:11: [INFO] Add Net-(D27-A) net
13:41:11: [INFO] Add Net-(D28-A) net
13:41:11: [INFO] Add Net-(D29-A) net
13:41:11: [INFO] Add Net-(D3-A) net
13:41:11: [INFO] Add Net-(D30-A) net
13:41:11: [INFO] Add Net-(D31-A) net
13:41:11: [INFO] Add Net-(D32-A) net
13:41:11: [INFO] Add Net-(D33-A) net
13:41:11: [INFO] Add Net-(D34-A) net
13:41:11: [INFO] Add Net-(D35-A) net
13:41:11: [INFO] Add Net-(D36-A) net
13:41:11: [INFO] Add Net-(D37-A) net
13:41:11: [INFO] Add Net-(D38-A) net
13:41:11: [INFO] Add Net-(D39-A) net
13:41:11: [INFO] Add Net-(D4-A) net
13:41:11: [INFO] Add Net-(D40-A) net
13:41:11: [INFO] Add Net-(D41-A) net
13:41:11: [INFO] Add Net-(D42-A) net
13:41:11: [INFO] Add Net-(D43-A) net
13:41:11: [INFO] Add Net-(D44-A) net
13:41:11: [INFO] Add Net-(D45-A) net
13:41:11: [INFO] Add Net-(D46-A) net
13:41:11: [INFO] Add Net-(D47-A) net
13:41:11: [INFO] Add Net-(D48-A) net
13:41:11: [INFO] Add Net-(D49-A) net
13:41:11: [INFO] Add Net-(D5-A) net
13:41:11: [INFO] Add Net-(D50-A) net
13:41:11: [INFO] Add Net-(D51-A) net
13:41:11: [INFO] Add Net-(D52-A) net
13:41:11: [INFO] Add Net-(D53-A) net
13:41:11: [INFO] Add Net-(D54-A) net
13:41:11: [INFO] Add Net-(D55-A) net
13:41:11: [INFO] Add Net-(D56-A) net
13:41:11: [INFO] Add Net-(D57-A) net
13:41:11: [INFO] Add Net-(D58-A) net
13:41:11: [INFO] Add Net-(D59-A) net
13:41:11: [INFO] Add Net-(D6-A) net
13:41:11: [INFO] Add Net-(D60-A) net
13:41:11: [INFO] Add Net-(D61-A) net
13:41:11: [INFO] Add Net-(D62-A) net
13:41:11: [INFO] Add Net-(D63-A) net
13:41:11: [INFO] Add Net-(D64-A) net
13:41:11: [INFO] Add Net-(D65-A) net
13:41:11: [INFO] Add Net-(D66-A) net
13:41:11: [INFO] Add Net-(D67-A) net
13:41:11: [INFO] Add Net-(D68-A) net
13:41:11: [INFO] Add Net-(D69-A) net
13:41:11: [INFO] Add Net-(D7-A) net
13:41:11: [INFO] Add Net-(D70-A) net
13:41:11: [INFO] Add Net-(D71-A) net
13:41:11: [INFO] Add Net-(D72-A) net
13:41:11: [INFO] Add Net-(D73-A) net
13:41:11: [INFO] Add Net-(D74-A) net
13:41:11: [INFO] Add Net-(D75-A) net
13:41:11: [INFO] Add Net-(D76-A) net
13:41:11: [INFO] Add Net-(D77-A) net
13:41:11: [INFO] Add Net-(D78-A) net
13:41:11: [INFO] Add Net-(D79-A) net
13:41:11: [INFO] Add Net-(D8-A) net
13:41:11: [INFO] Add Net-(D80-A) net
13:41:11: [INFO] Add Net-(D81-A) net
13:41:11: [INFO] Add Net-(D82-A) net
13:41:11: [INFO] Add Net-(D83-A) net
13:41:11: [INFO] Add Net-(D84-A) net
13:41:11: [INFO] Add Net-(D85-A) net
13:41:11: [INFO] Add Net-(D86-A) net
13:41:11: [INFO] Add Net-(D87-A) net
13:41:11: [INFO] Add Net-(D88-A) net
13:41:11: [INFO] Add Net-(D89-A) net
13:41:11: [INFO] Add Net-(D9-A) net
13:41:11: [INFO] Add Net-(D90-A) net
13:41:11: [INFO] Add Net-(D91-A) net
13:41:11: [INFO] Add Net-(D92-A) net
13:41:11: [INFO] Add Net-(D93-A) net
13:41:11: [INFO] Add Net-(D94-A) net
13:41:11: [INFO] Add Net-(D95-A) net
13:41:11: [INFO] Add Net-(D96-A) net
13:41:11: [INFO] Add Net-(D97-A) net
13:41:11: [INFO] Add Net-(D98-A) net
13:41:11: [INFO] Add Net-(D99-A) net
13:41:11: [INFO] Add ROW0 net
13:41:11: [INFO] Add ROW1 net
13:41:11: [INFO] Add ROW2 net
13:41:11: [INFO] Add ROW3 net
13:41:11: [INFO] Add ROW4 net
13:41:11: [INFO] Add ROW5 net
13:41:11: [INFO] Add SW1 footprint
13:41:11: [INFO] Add D1 footprint
13:41:11: [INFO] Add SW2 footprint
13:41:11: [INFO] Add D2 footprint
13:41:11: [INFO] Add SW3 footprint
13:41:11: [INFO] Add D3 footprint
13:41:11: [INFO] Add SW4 footprint
13:41:11: [INFO] Add D4 footprint
13:41:11: [INFO] Add SW5 footprint
13:41:11: [INFO] Add D5 footprint
13:41:12: [INFO] Add SW6 footprint
13:41:12: [INFO] Add D6 footprint
13:41:12: [INFO] Add SW7 footprint
13:41:12: [INFO] Add D7 footprint
13:41:12: [INFO] Add SW8 footprint
13:41:12: [INFO] Add D8 footprint
13:41:12: [INFO] Add SW9 footprint
13:41:12: [INFO] Add D9 footprint
13:41:12: [INFO] Add SW10 footprint
13:41:12: [INFO] Add D10 footprint
13:41:12: [INFO] Add SW11 footprint
13:41:12: [INFO] Add D11 footprint
13:41:12: [INFO] Add SW12 footprint
13:41:12: [INFO] Add D12 footprint
13:41:12: [INFO] Add SW13 footprint
13:41:12: [INFO] Add D13 footprint
13:41:12: [INFO] Add SW14 footprint
13:41:12: [INFO] Add D14 footprint
13:41:12: [INFO] Add SW15 footprint
13:41:12: [INFO] Add D15 footprint
13:41:12: [INFO] Add SW16 footprint
13:41:12: [INFO] Add D16 footprint
13:41:12: [INFO] Add SW17 footprint
13:41:12: [INFO] Add D17 footprint
13:41:12: [INFO] Add SW18 footprint
13:41:12: [INFO] Add D18 footprint
13:41:12: [INFO] Add SW19 footprint
13:41:12: [INFO] Add D19 footprint
13:41:12: [INFO] Add SW20 footprint
13:41:12: [INFO] Add D20 footprint
13:41:12: [INFO] Add SW21 footprint
13:41:12: [INFO] Add D21 footprint
13:41:12: [INFO] Add SW22 footprint
13:41:12: [INFO] Add D22 footprint
13:41:12: [INFO] Add SW23 footprint
13:41:13: [INFO] Add D23 footprint
13:41:13: [INFO] Add SW24 footprint
13:41:13: [INFO] Add D24 footprint
13:41:13: [INFO] Add SW25 footprint
13:41:13: [INFO] Add D25 footprint
13:41:13: [INFO] Add SW26 footprint
13:41:13: [INFO] Add D26 footprint
13:41:13: [INFO] Add SW27 footprint
13:41:13: [INFO] Add D27 footprint
13:41:13: [INFO] Add SW28 footprint
13:41:13: [INFO] Add D28 footprint
13:41:13: [INFO] Add SW29 footprint
13:41:13: [INFO] Add D29 footprint
13:41:13: [INFO] Add SW30 footprint
13:41:13: [INFO] Add D30 footprint
13:41:13: [INFO] Add SW31 footprint
13:41:13: [INFO] Add D31 footprint
13:41:13: [INFO] Add SW32 footprint
13:41:13: [INFO] Add D32 footprint
13:41:13: [INFO] Add ST32 footprint
13:41:13: [INFO] Add SW32a footprint
13:41:13: [INFO] Add SW33 footprint
13:41:13: [INFO] Add D33 footprint
13:41:13: [INFO] Add SW34 footprint
13:41:13: [INFO] Add D34 footprint
13:41:13: [INFO] Add SW35 footprint
13:41:13: [INFO] Add D35 footprint
13:41:13: [INFO] Add SW36 footprint
13:41:13: [INFO] Add D36 footprint
13:41:13: [INFO] Add SW37 footprint
13:41:13: [INFO] Add D37 footprint
13:41:13: [INFO] Add SW38 footprint
13:41:13: [INFO] Add D38 footprint
13:41:13: [INFO] Add SW39 footprint
13:41:13: [INFO] Add D39 footprint
13:41:13: [INFO] Add SW40 footprint
13:41:14: [INFO] Add D40 footprint
13:41:14: [INFO] Add SW41 footprint
13:41:14: [INFO] Add D41 footprint
13:41:14: [INFO] Add SW42 footprint
13:41:14: [INFO] Add D42 footprint
13:41:14: [INFO] Add SW43 footprint
13:41:14: [INFO] Add D43 footprint
13:41:14: [INFO] Add SW44 footprint
13:41:14: [INFO] Add D44 footprint
13:41:14: [INFO] Add SW45 footprint
13:41:14: [INFO] Add D45 footprint
13:41:14: [INFO] Add SW46 footprint
13:41:14: [INFO] Add D46 footprint
13:41:14: [INFO] Add SW47 footprint
13:41:14: [INFO] Add D47 footprint
13:41:14: [INFO] Add SW48 footprint
13:41:14: [INFO] Add D48 footprint
13:41:14: [INFO] Add SW49 footprint
13:41:14: [INFO] Add D49 footprint
13:41:14: [INFO] Add SW50 footprint
13:41:14: [INFO] Add D50 footprint
13:41:14: [INFO] Add SW50a footprint
13:41:14: [INFO] Add SW51 footprint
13:41:14: [INFO] Add D51 footprint
13:41:14: [INFO] Add SW52 footprint
13:41:14: [INFO] Add D52 footprint
13:41:14: [INFO] Add SW53 footprint
13:41:14: [INFO] Add D53 footprint
13:41:14: [INFO] Add SW54 footprint
13:41:14: [INFO] Add D54 footprint
13:41:14: [INFO] Add ST54 footprint
13:41:14: [INFO] Add SW54a footprint
13:41:14: [INFO] Add SW55 footprint
13:41:14: [INFO] Add D55 footprint
13:41:14: [INFO] Add SW56 footprint
13:41:14: [INFO] Add D56 footprint
13:41:15: [INFO] Add SW57 footprint
13:41:15: [INFO] Add D57 footprint
13:41:15: [INFO] Add SW58 footprint
13:41:15: [INFO] Add D58 footprint
13:41:15: [INFO] Add SW59 footprint
13:41:15: [INFO] Add D59 footprint
13:41:15: [INFO] Add SW60 footprint
13:41:15: [INFO] Add D60 footprint
13:41:15: [INFO] Add SW61 footprint
13:41:15: [INFO] Add D61 footprint
13:41:15: [INFO] Add SW62 footprint
13:41:15: [INFO] Add D62 footprint
13:41:15: [INFO] Add SW63 footprint
13:41:15: [INFO] Add D63 footprint
13:41:15: [INFO] Add SW64 footprint
13:41:15: [INFO] Add D64 footprint
13:41:15: [INFO] Add SW65 footprint
13:41:15: [INFO] Add D65 footprint
13:41:15: [INFO] Add SW66 footprint
13:41:15: [INFO] Add D66 footprint
13:41:15: [INFO] Add SW67 footprint
13:41:15: [INFO] Add D67 footprint
13:41:15: [INFO] Add SW68 footprint
13:41:15: [INFO] Add D68 footprint
13:41:15: [WARNING] No stabilizer footprint for width 2.25u, using 2u as fallback
13:41:15: [INFO] Add ST68 footprint
13:41:15: [INFO] Add SW68a footprint
13:41:15: [INFO] Add ST68a footprint
13:41:15: [INFO] Add SW69 footprint
13:41:15: [INFO] Add D69 footprint
13:41:15: [INFO] Add SW70 footprint
13:41:15: [INFO] Add D70 footprint
13:41:15: [INFO] Add SW71 footprint
13:41:15: [INFO] Add D71 footprint
13:41:15: [INFO] Add SW72 footprint
13:41:15: [INFO] Add D72 footprint
13:41:15: [INFO] Add SW73 footprint
13:41:16: [INFO] Add D73 footprint
13:41:16: [WARNING] No stabilizer footprint for width 2.25u, using 2u as fallback
13:41:16: [INFO] Add ST73 footprint
13:41:16: [INFO] Add SW73a footprint
13:41:16: [INFO] Add SW74 footprint
13:41:16: [INFO] Add D74 footprint
13:41:16: [INFO] Add SW75 footprint
13:41:16: [INFO] Add D75 footprint
13:41:16: [INFO] Add SW76 footprint
13:41:16: [INFO] Add D76 footprint
13:41:16: [INFO] Add SW77 footprint
13:41:16: [INFO] Add D77 footprint
13:41:16: [INFO] Add SW78 footprint
13:41:16: [INFO] Add D78 footprint
13:41:16: [INFO] Add SW79 footprint
13:41:16: [INFO] Add D79 footprint
13:41:16: [INFO] Add SW80 footprint
13:41:16: [INFO] Add D80 footprint
13:41:16: [INFO] Add SW81 footprint
13:41:16: [INFO] Add D81 footprint
13:41:16: [INFO] Add SW82 footprint
13:41:16: [INFO] Add D82 footprint
13:41:16: [INFO] Add SW83 footprint
13:41:16: [INFO] Add D83 footprint
13:41:16: [INFO] Add SW84 footprint
13:41:16: [INFO] Add D84 footprint
13:41:16: [INFO] Add SW85 footprint
13:41:16: [INFO] Add D85 footprint
13:41:16: [INFO] Add SW86 footprint
13:41:16: [INFO] Add D86 footprint
13:41:16: [INFO] Add SW87 footprint
13:41:16: [INFO] Add D87 footprint
13:41:16: [INFO] Add SW88 footprint
13:41:16: [INFO] Add D88 footprint
13:41:16: [INFO] Add SW89 footprint
13:41:17: [INFO] Add D89 footprint
13:41:17: [INFO] Add SW90 footprint
13:41:17: [INFO] Add D90 footprint
13:41:17: [INFO] Add ST90 footprint
13:41:17: [INFO] Add SW90a footprint
13:41:17: [INFO] Add SW91 footprint
13:41:17: [INFO] Add D91 footprint
13:41:17: [INFO] Add SW91a footprint
13:41:17: [INFO] Add SW92 footprint
13:41:17: [INFO] Add D92 footprint
13:41:17: [INFO] Add SW92a footprint
13:41:17: [INFO] Add SW93 footprint
13:41:17: [INFO] Add D93 footprint
13:41:17: [INFO] Add SW94 footprint
13:41:17: [INFO] Add D94 footprint
13:41:17: [INFO] Add ST94 footprint
13:41:17: [INFO] Add SW94a footprint
13:41:17: [INFO] Add ST94a footprint
13:41:17: [INFO] Add SW95 footprint
13:41:17: [INFO] Add D95 footprint
13:41:17: [INFO] Add SW96 footprint
13:41:17: [INFO] Add D96 footprint
13:41:17: [INFO] Add SW97 footprint
13:41:17: [INFO] Add D97 footprint
13:41:17: [INFO] Add SW98 footprint
13:41:17: [INFO] Add D98 footprint
13:41:17: [INFO] Add SW99 footprint
13:41:17: [INFO] Add D99 footprint
13:41:17: [INFO] Add SW100 footprint
13:41:17: [INFO] Add D100 footprint
13:41:17: [INFO] Add SW101 footprint
13:41:17: [INFO] Add D101 footprint
13:41:17: [INFO] Add SW102 footprint
13:41:17: [INFO] Add D102 footprint
13:41:18: [INFO] Detected layout convertible to matrix annotated keyboard
13:41:18: [INFO] Using key 1U distance: (19.05, 19.05) mm
13:41:18: [INFO] Layout offset: (38100000, 28575000)
13:41:18: [INFO] Diode info: [ElementInfo(annotation_format='D{}', position_option=<PositionOption.CUSTOM: 'Custom'>, position=ElementPosition(x=5.08, y=4.0, orientation=90.0, side=<Side.BACK: 'Back'>), template_path='', start_index=-1)]
13:41:18: [INFO] Placing additional elements for SW102
13:41:18: [INFO] Placing additional elements for SW101
13:41:18: [INFO] Placing additional elements for SW100
13:41:18: [INFO] Placing additional elements for SW99
13:41:18: [INFO] Placing additional elements for SW98
13:41:18: [INFO] Placing additional elements for SW97
13:41:18: [INFO] Placing additional elements for SW96
13:41:18: [INFO] Placing additional elements for SW95
13:41:18: [INFO] Placing additional elements for SW94a
13:41:18: [INFO] Placing additional elements for SW94
13:41:18: [INFO] Placing additional elements for SW93
13:41:18: [INFO] Placing additional elements for SW92a
13:41:18: [INFO] Placing additional elements for SW92
13:41:18: [INFO] Placing additional elements for SW91a
13:41:18: [INFO] Placing additional elements for SW91
13:41:18: [INFO] Placing additional elements for SW90a
13:41:18: [INFO] Placing additional elements for SW90
13:41:18: [INFO] Placing additional elements for SW89
13:41:18: [INFO] Placing additional elements for SW88
13:41:18: [INFO] Placing additional elements for SW87
13:41:18: [INFO] Placing additional elements for SW86
13:41:18: [INFO] Placing additional elements for SW85
13:41:18: [INFO] Placing additional elements for SW84
13:41:18: [INFO] Placing additional elements for SW83
13:41:18: [INFO] Placing additional elements for SW82
13:41:18: [INFO] Placing additional elements for SW81
13:41:18: [INFO] Placing additional elements for SW80
13:41:18: [INFO] Placing additional elements for SW79
13:41:18: [INFO] Placing additional elements for SW78
13:41:18: [INFO] Placing additional elements for SW77
13:41:18: [INFO] Placing additional elements for SW76
13:41:18: [INFO] Placing additional elements for SW75
13:41:18: [INFO] Placing additional elements for SW74
13:41:18: [INFO] Placing additional elements for SW73a
13:41:18: [INFO] Placing additional elements for SW73
13:41:18: [INFO] Placing additional elements for SW72
13:41:18: [INFO] Placing additional elements for SW71
13:41:18: [INFO] Placing additional elements for SW70
13:41:18: [INFO] Placing additional elements for SW69
13:41:18: [INFO] Placing additional elements for SW68a
13:41:18: [INFO] Placing additional elements for SW68
13:41:18: [INFO] Placing additional elements for SW67
13:41:18: [INFO] Placing additional elements for SW66
13:41:18: [INFO] Placing additional elements for SW65
13:41:18: [INFO] Placing additional elements for SW64
13:41:18: [INFO] Placing additional elements for SW63
13:41:18: [INFO] Placing additional elements for SW62
13:41:18: [INFO] Placing additional elements for SW61
13:41:18: [INFO] Placing additional elements for SW60
13:41:18: [INFO] Placing additional elements for SW59
13:41:18: [INFO] Placing additional elements for SW58
13:41:18: [INFO] Placing additional elements for SW57
13:41:18: [INFO] Placing additional elements for SW56
13:41:18: [INFO] Placing additional elements for SW55
13:41:18: [INFO] Placing additional elements for SW54a
13:41:18: [INFO] Placing additional elements for SW54
13:41:18: [INFO] Placing additional elements for SW53
13:41:18: [INFO] Placing additional elements for SW52
13:41:18: [INFO] Placing additional elements for SW51
13:41:18: [INFO] Placing additional elements for SW50a
13:41:18: [INFO] Placing additional elements for SW50
13:41:18: [INFO] Placing additional elements for SW49
13:41:18: [INFO] Placing additional elements for SW48
13:41:18: [INFO] Placing additional elements for SW47
13:41:18: [INFO] Placing additional elements for SW46
13:41:18: [INFO] Placing additional elements for SW45
13:41:18: [INFO] Placing additional elements for SW44
13:41:18: [INFO] Placing additional elements for SW43
13:41:18: [INFO] Placing additional elements for SW42
13:41:18: [INFO] Placing additional elements for SW41
13:41:18: [INFO] Placing additional elements for SW40
13:41:18: [INFO] Placing additional elements for SW39
13:41:18: [INFO] Placing additional elements for SW38
13:41:18: [INFO] Placing additional elements for SW37
13:41:18: [INFO] Placing additional elements for SW36
13:41:18: [INFO] Placing additional elements for SW35
13:41:18: [INFO] Placing additional elements for SW34
13:41:18: [INFO] Placing additional elements for SW33
13:41:18: [INFO] Placing additional elements for SW32a
13:41:18: [INFO] Placing additional elements for SW32
13:41:18: [INFO] Placing additional elements for SW31
13:41:18: [INFO] Placing additional elements for SW30
13:41:18: [INFO] Placing additional elements for SW29
13:41:18: [INFO] Placing additional elements for SW28
13:41:18: [INFO] Placing additional elements for SW27
13:41:18: [INFO] Placing additional elements for SW26
13:41:18: [INFO] Placing additional elements for SW25
13:41:18: [INFO] Placing additional elements for SW24
13:41:18: [INFO] Placing additional elements for SW23
13:41:18: [INFO] Placing additional elements for SW22
13:41:18: [INFO] Placing additional elements for SW21
13:41:18: [INFO] Placing additional elements for SW20
13:41:18: [INFO] Placing additional elements for SW19
13:41:18: [INFO] Placing additional elements for SW18
13:41:18: [INFO] Placing additional elements for SW17
13:41:18: [INFO] Placing additional elements for SW16
13:41:18: [INFO] Placing additional elements for SW15
13:41:18: [INFO] Placing additional elements for SW14
13:41:18: [INFO] Placing additional elements for SW13
13:41:18: [INFO] Placing additional elements for SW12
13:41:18: [INFO] Placing additional elements for SW11
13:41:18: [INFO] Placing additional elements for SW10
13:41:18: [INFO] Placing additional elements for SW9
13:41:18: [INFO] Placing additional elements for SW8
13:41:18: [INFO] Placing additional elements for SW7
13:41:18: [INFO] Placing additional elements for SW6
13:41:18: [INFO] Placing additional elements for SW5
13:41:18: [INFO] Placing additional elements for SW4
13:41:18: [INFO] Placing additional elements for SW3
13:41:18: [INFO] Placing additional elements for SW2
13:41:18: [INFO] Placing additional elements for SW1
13:41:18: [INFO] Routing SW102 with D102
13:41:18: [INFO] Using internal autorouter method
13:41:18: [INFO] Routing pad 'SW102:2' at (450215000, 133032500) with pad 'D102:2' at (452755000, 140712500) using coordinate system rotated by 0 degree(s)
13:41:18: [INFO] Adding track segment (B.Cu): [(450215000, 133032500), (450215000, 138172500)]
13:41:18: [INFO] Adding track segment (B.Cu): [(450215000, 138172500), (452755000, 140712500)]
13:41:18: [INFO] Routing SW101 with D101
13:41:18: [INFO] Using internal autorouter method
13:41:18: [INFO] Routing pad 'SW101:2' at (431165000, 133032500) with pad 'D101:2' at (433705000, 140712500) using coordinate system rotated by 0 degree(s)
13:41:18: [INFO] Adding track segment (B.Cu): [(431165000, 133032500), (431165000, 138172500)]
13:41:18: [INFO] Adding track segment (B.Cu): [(431165000, 138172500), (433705000, 140712500)]
13:41:18: [INFO] Routing SW100 with D100
13:41:18: [INFO] Using internal autorouter method
13:41:18: [INFO] Routing pad 'SW100:2' at (412115000, 133032500) with pad 'D100:2' at (414655000, 140712500) using coordinate system rotated by 0 degree(s)
13:41:18: [INFO] Adding track segment (B.Cu): [(412115000, 133032500), (412115000, 138172500)]
13:41:18: [INFO] Adding track segment (B.Cu): [(412115000, 138172500), (414655000, 140712500)]
13:41:18: [INFO] Routing SW99 with D99
13:41:18: [INFO] Using internal autorouter method
13:41:18: [INFO] Routing pad 'SW99:2' at (388302500, 137795000) with pad 'D99:2' at (390842500, 145475000) using coordinate system rotated by 0 degree(s)
13:41:18: [INFO] Adding track segment (B.Cu): [(388302500, 137795000), (388302500, 142935000)]
13:41:18: [INFO] Adding track segment (B.Cu): [(388302500, 142935000), (390842500, 145475000)]
13:41:18: [INFO] Routing SW98 with D98
13:41:18: [INFO] Using internal autorouter method
13:41:18: [INFO] Routing pad 'SW98:2' at (369252500, 137795000) with pad 'D98:2' at (371792500, 145475000) using coordinate system rotated by 0 degree(s)
13:41:18: [INFO] Adding track segment (B.Cu): [(369252500, 137795000), (369252500, 142935000)]
13:41:18: [INFO] Adding track segment (B.Cu): [(369252500, 142935000), (371792500, 145475000)]
13:41:18: [INFO] Routing SW97 with D97
13:41:18: [INFO] Using internal autorouter method
13:41:18: [INFO] Routing pad 'SW97:2' at (350202500, 137795000) with pad 'D97:2' at (352742500, 145475000) using coordinate system rotated by 0 degree(s)
13:41:18: [INFO] Adding track segment (B.Cu): [(350202500, 137795000), (350202500, 142935000)]
13:41:18: [INFO] Adding track segment (B.Cu): [(350202500, 142935000), (352742500, 145475000)]
13:41:18: [INFO] Routing SW96 with D96
13:41:18: [INFO] Using internal autorouter method
13:41:18: [INFO] Routing pad 'SW96:2' at (321627500, 133032500) with pad 'D96:2' at (324167500, 140712500) using coordinate system rotated by 0 degree(s)
13:41:18: [INFO] Adding track segment (B.Cu): [(321627500, 133032500), (321627500, 138172500)]
13:41:18: [INFO] Adding track segment (B.Cu): [(321627500, 138172500), (324167500, 140712500)]
13:41:18: [INFO] Routing SW95 with D95
13:41:18: [INFO] Using internal autorouter method
13:41:18: [INFO] Routing pad 'SW95:2' at (293052500, 133032500) with pad 'D95:2' at (295592500, 140712500) using coordinate system rotated by 0 degree(s)
13:41:18: [INFO] Adding track segment (B.Cu): [(293052500, 133032500), (293052500, 138172500)]
13:41:18: [INFO] Adding track segment (B.Cu): [(293052500, 138172500), (295592500, 140712500)]
13:41:18: [INFO] Routing SW94a with D94
13:41:18: [INFO] Using internal autorouter method
13:41:18: [INFO] Routing pad 'SW94a:2' at (212090000, 133032500) with pad 'D94:2' at (221773750, 140712500) using coordinate system rotated by 0 degree(s)
13:41:18: [INFO] Routing SW94 with D94
13:41:18: [INFO] Using internal autorouter method
13:41:18: [INFO] Routing pad 'SW94:2' at (219233750, 133032500) with pad 'D94:2' at (221773750, 140712500) using coordinate system rotated by 0 degree(s)
13:41:18: [INFO] Adding track segment (B.Cu): [(219233750, 133032500), (219233750, 138172500)]
13:41:18: [INFO] Adding track segment (B.Cu): [(219233750, 138172500), (221773750, 140712500)]
13:41:18: [INFO] Routing SW93 with D93
13:41:18: [INFO] Using internal autorouter method
13:41:18: [INFO] Routing pad 'SW93:2' at (147796250, 133032500) with pad 'D93:2' at (150336250, 140712500) using coordinate system rotated by 0 degree(s)
13:41:18: [INFO] Adding track segment (B.Cu): [(147796250, 133032500), (147796250, 138172500)]
13:41:18: [INFO] Adding track segment (B.Cu): [(147796250, 138172500), (150336250, 140712500)]
13:41:18: [INFO] Routing SW92a with D92
13:41:18: [INFO] Using internal autorouter method
13:41:18: [INFO] Routing pad 'SW92a:2' at (131127500, 133032500) with pad 'D92:2' at (126523750, 140712500) using coordinate system rotated by 0 degree(s)
13:41:18: [INFO] Routing SW92 with D92
13:41:18: [INFO] Using internal autorouter method
13:41:18: [INFO] Routing pad 'SW92:2' at (123983750, 133032500) with pad 'D92:2' at (126523750, 140712500) using coordinate system rotated by 0 degree(s)
13:41:18: [INFO] Routing SW91a with D91
13:41:18: [INFO] Using internal autorouter method
13:41:18: [INFO] Routing pad 'SW91a:2' at (102552500, 133032500) with pad 'D91:2' at (102711250, 140712500) using coordinate system rotated by 0 degree(s)
13:41:18: [INFO] Routing SW91 with D91
13:41:18: [INFO] Using internal autorouter method
13:41:18: [INFO] Routing pad 'SW91:2' at (100171250, 133032500) with pad 'D91:2' at (102711250, 140712500) using coordinate system rotated by 0 degree(s)
13:41:18: [INFO] Routing SW90a with D90
13:41:18: [INFO] Using internal autorouter method
13:41:18: [INFO] Routing pad 'SW90a:2' at (450215000, 113982500) with pad 'D90:2' at (452755000, 131187500) using coordinate system rotated by 0 degree(s)
13:41:18: [INFO] Adding track segment (B.Cu): [(450215000, 113982500), (450215000, 128647500)]
13:41:18: [INFO] Adding track segment (B.Cu): [(450215000, 128647500), (452755000, 131187500)]
13:41:18: [INFO] Routing SW90 with D90
13:41:18: [INFO] Using internal autorouter method
13:41:18: [INFO] Routing pad 'SW90:2' at (450215000, 123507500) with pad 'D90:2' at (452755000, 131187500) using coordinate system rotated by 0 degree(s)
13:41:18: [INFO] Adding track segment (B.Cu): [(450215000, 123507500), (450215000, 128647500)]
13:41:18: [INFO] Adding track segment (B.Cu): [(450215000, 128647500), (452755000, 131187500)]
13:41:18: [INFO] Routing SW89 with D89
13:41:18: [INFO] Using internal autorouter method
13:41:18: [INFO] Routing pad 'SW89:2' at (431165000, 113982500) with pad 'D89:2' at (433705000, 121662500) using coordinate system rotated by 0 degree(s)
13:41:18: [INFO] Adding track segment (B.Cu): [(431165000, 113982500), (431165000, 119122500)]
13:41:18: [INFO] Adding track segment (B.Cu): [(431165000, 119122500), (433705000, 121662500)]
13:41:18: [INFO] Routing SW88 with D88
13:41:18: [INFO] Using internal autorouter method
13:41:18: [INFO] Routing pad 'SW88:2' at (412115000, 113982500) with pad 'D88:2' at (414655000, 121662500) using coordinate system rotated by 0 degree(s)
13:41:18: [INFO] Adding track segment (B.Cu): [(412115000, 113982500), (412115000, 119122500)]
13:41:18: [INFO] Adding track segment (B.Cu): [(412115000, 119122500), (414655000, 121662500)]
13:41:18: [INFO] Routing SW87 with D87
13:41:18: [INFO] Using internal autorouter method
13:41:18: [INFO] Routing pad 'SW87:2' at (393065000, 113982500) with pad 'D87:2' at (395605000, 121662500) using coordinate system rotated by 0 degree(s)
13:41:18: [INFO] Adding track segment (B.Cu): [(393065000, 113982500), (393065000, 119122500)]
13:41:18: [INFO] Adding track segment (B.Cu): [(393065000, 119122500), (395605000, 121662500)]
13:41:18: [INFO] Routing SW86 with D86
13:41:18: [INFO] Using internal autorouter method
13:41:18: [INFO] Routing pad 'SW86:2' at (369252500, 118745000) with pad 'D86:2' at (371792500, 126425000) using coordinate system rotated by 0 degree(s)
13:41:18: [INFO] Adding track segment (B.Cu): [(369252500, 118745000), (369252500, 123885000)]
13:41:18: [INFO] Adding track segment (B.Cu): [(369252500, 123885000), (371792500, 126425000)]
13:41:18: [INFO] Routing SW85 with D85
13:41:18: [INFO] Using internal autorouter method
13:41:18: [INFO] Routing pad 'SW85:2' at (338296250, 113982500) with pad 'D85:2' at (340836250, 121662500) using coordinate system rotated by 0 degree(s)
13:41:18: [INFO] Adding track segment (B.Cu): [(338296250, 113982500), (338296250, 119122500)]
13:41:18: [INFO] Adding track segment (B.Cu): [(338296250, 119122500), (340836250, 121662500)]
13:41:18: [INFO] Routing SW84 with D84
13:41:18: [INFO] Using internal autorouter method
13:41:18: [INFO] Routing pad 'SW84:2' at (312102500, 113982500) with pad 'D84:2' at (314642500, 121662500) using coordinate system rotated by 0 degree(s)
13:41:18: [INFO] Adding track segment (B.Cu): [(312102500, 113982500), (312102500, 119122500)]
13:41:18: [INFO] Adding track segment (B.Cu): [(312102500, 119122500), (314642500, 121662500)]
13:41:18: [INFO] Routing SW83 with D83
13:41:18: [INFO] Using internal autorouter method
13:41:18: [INFO] Routing pad 'SW83:2' at (293052500, 113982500) with pad 'D83:2' at (295592500, 121662500) using coordinate system rotated by 0 degree(s)
13:41:18: [INFO] Adding track segment (B.Cu): [(293052500, 113982500), (293052500, 119122500)]
13:41:18: [INFO] Adding track segment (B.Cu): [(293052500, 119122500), (295592500, 121662500)]
13:41:18: [INFO] Routing SW82 with D82
13:41:18: [INFO] Using internal autorouter method
13:41:18: [INFO] Routing pad 'SW82:2' at (274002500, 113982500) with pad 'D82:2' at (276542500, 121662500) using coordinate system rotated by 0 degree(s)
13:41:18: [INFO] Adding track segment (B.Cu): [(274002500, 113982500), (274002500, 119122500)]
13:41:18: [INFO] Adding track segment (B.Cu): [(274002500, 119122500), (276542500, 121662500)]
13:41:18: [INFO] Routing SW81 with D81
13:41:18: [INFO] Using internal autorouter method
13:41:18: [INFO] Routing pad 'SW81:2' at (254952500, 113982500) with pad 'D81:2' at (257492500, 121662500) using coordinate system rotated by 0 degree(s)
13:41:18: [INFO] Adding track segment (B.Cu): [(254952500, 113982500), (254952500, 119122500)]
13:41:18: [INFO] Adding track segment (B.Cu): [(254952500, 119122500), (257492500, 121662500)]
13:41:18: [INFO] Routing SW80 with D80
13:41:18: [INFO] Using internal autorouter method
13:41:18: [INFO] Routing pad 'SW80:2' at (235902500, 113982500) with pad 'D80:2' at (238442500, 121662500) using coordinate system rotated by 0 degree(s)
13:41:18: [INFO] Adding track segment (B.Cu): [(235902500, 113982500), (235902500, 119122500)]
13:41:18: [INFO] Adding track segment (B.Cu): [(235902500, 119122500), (238442500, 121662500)]
13:41:18: [INFO] Routing SW79 with D79
13:41:18: [INFO] Using internal autorouter method
13:41:18: [INFO] Routing pad 'SW79:2' at (216852500, 113982500) with pad 'D79:2' at (219392500, 121662500) using coordinate system rotated by 0 degree(s)
13:41:18: [INFO] Adding track segment (B.Cu): [(216852500, 113982500), (216852500, 119122500)]
13:41:18: [INFO] Adding track segment (B.Cu): [(216852500, 119122500), (219392500, 121662500)]
13:41:18: [INFO] Routing SW78 with D78
13:41:18: [INFO] Using internal autorouter method
13:41:18: [INFO] Routing pad 'SW78:2' at (197802500, 113982500) with pad 'D78:2' at (200342500, 121662500) using coordinate system rotated by 0 degree(s)
13:41:18: [INFO] Adding track segment (B.Cu): [(197802500, 113982500), (197802500, 119122500)]
13:41:18: [INFO] Adding track segment (B.Cu): [(197802500, 119122500), (200342500, 121662500)]
13:41:18: [INFO] Routing SW77 with D77
13:41:18: [INFO] Using internal autorouter method
13:41:18: [INFO] Routing pad 'SW77:2' at (178752500, 113982500) with pad 'D77:2' at (181292500, 121662500) using coordinate system rotated by 0 degree(s)
13:41:18: [INFO] Adding track segment (B.Cu): [(178752500, 113982500), (178752500, 119122500)]
13:41:18: [INFO] Adding track segment (B.Cu): [(178752500, 119122500), (181292500, 121662500)]
13:41:18: [INFO] Routing SW76 with D76
13:41:18: [INFO] Using internal autorouter method
13:41:18: [INFO] Routing pad 'SW76:2' at (159702500, 113982500) with pad 'D76:2' at (162242500, 121662500) using coordinate system rotated by 0 degree(s)
13:41:18: [INFO] Adding track segment (B.Cu): [(159702500, 113982500), (159702500, 119122500)]
13:41:18: [INFO] Adding track segment (B.Cu): [(159702500, 119122500), (162242500, 121662500)]
13:41:18: [INFO] Routing SW75 with D75
13:41:18: [INFO] Using internal autorouter method
13:41:18: [INFO] Routing pad 'SW75:2' at (140652500, 113982500) with pad 'D75:2' at (143192500, 121662500) using coordinate system rotated by 0 degree(s)
13:41:18: [INFO] Adding track segment (B.Cu): [(140652500, 113982500), (140652500, 119122500)]
13:41:18: [INFO] Adding track segment (B.Cu): [(140652500, 119122500), (143192500, 121662500)]
13:41:18: [INFO] Routing SW74 with D74
13:41:18: [INFO] Using internal autorouter method
13:41:18: [INFO] Routing pad 'SW74:2' at (121602500, 113982500) with pad 'D74:2' at (124142500, 121662500) using coordinate system rotated by 0 degree(s)
13:41:18: [INFO] Adding track segment (B.Cu): [(121602500, 113982500), (121602500, 119122500)]
13:41:18: [INFO] Adding track segment (B.Cu): [(121602500, 119122500), (124142500, 121662500)]
13:41:18: [INFO] Routing SW73a with D73
13:41:18: [INFO] Using internal autorouter method
13:41:18: [INFO] Routing pad 'SW73a:2' at (100171250, 113982500) with pad 'D73:2' at (112236250, 121662500) using coordinate system rotated by 0 degree(s)
13:41:18: [INFO] Routing SW73 with D73
13:41:18: [INFO] Using internal autorouter method
13:41:18: [INFO] Routing pad 'SW73:2' at (109696250, 113982500) with pad 'D73:2' at (112236250, 121662500) using coordinate system rotated by 0 degree(s)
13:41:18: [INFO] Adding track segment (B.Cu): [(109696250, 113982500), (109696250, 119122500)]
13:41:19: [INFO] Adding track segment (B.Cu): [(109696250, 119122500), (112236250, 121662500)]
13:41:19: [INFO] Routing SW72 with D72
13:41:19: [INFO] Using internal autorouter method
13:41:19: [INFO] Routing pad 'SW72:2' at (450215000, 94932500) with pad 'D72:2' at (452755000, 102612500) using coordinate system rotated by 0 degree(s)
13:41:19: [INFO] Adding track segment (B.Cu): [(450215000, 94932500), (450215000, 100072500)]
13:41:19: [INFO] Adding track segment (B.Cu): [(450215000, 100072500), (452755000, 102612500)]
13:41:19: [INFO] Routing SW71 with D71
13:41:19: [INFO] Using internal autorouter method
13:41:19: [INFO] Routing pad 'SW71:2' at (431165000, 94932500) with pad 'D71:2' at (433705000, 102612500) using coordinate system rotated by 0 degree(s)
13:41:19: [INFO] Adding track segment (B.Cu): [(431165000, 94932500), (431165000, 100072500)]
13:41:19: [INFO] Adding track segment (B.Cu): [(431165000, 100072500), (433705000, 102612500)]
13:41:19: [INFO] Routing SW70 with D70
13:41:19: [INFO] Using internal autorouter method
13:41:19: [INFO] Routing pad 'SW70:2' at (412115000, 94932500) with pad 'D70:2' at (414655000, 102612500) using coordinate system rotated by 0 degree(s)
13:41:19: [INFO] Adding track segment (B.Cu): [(412115000, 94932500), (412115000, 100072500)]
13:41:19: [INFO] Adding track segment (B.Cu): [(412115000, 100072500), (414655000, 102612500)]
13:41:19: [INFO] Routing SW69 with D69
13:41:19: [INFO] Using internal autorouter method
13:41:19: [INFO] Routing pad 'SW69:2' at (393065000, 94932500) with pad 'D69:2' at (395605000, 102612500) using coordinate system rotated by 0 degree(s)
13:41:19: [INFO] Adding track segment (B.Cu): [(393065000, 94932500), (393065000, 100072500)]
13:41:19: [INFO] Adding track segment (B.Cu): [(393065000, 100072500), (395605000, 102612500)]
13:41:19: [INFO] Routing SW68a with D68
13:41:19: [INFO] Using internal autorouter method
13:41:19: [INFO] Routing pad 'SW68a:2' at (362108750, 85407500) with pad 'D68:2' at (355123750, 102612500) using coordinate system rotated by 0 degree(s)
13:41:19: [INFO] Routing SW68 with D68
13:41:19: [INFO] Using internal autorouter method
13:41:19: [INFO] Routing pad 'SW68:2' at (352583750, 94932500) with pad 'D68:2' at (355123750, 102612500) using coordinate system rotated by 0 degree(s)
13:41:19: [INFO] Adding track segment (B.Cu): [(352583750, 94932500), (352583750, 100072500)]
13:41:19: [INFO] Adding track segment (B.Cu): [(352583750, 100072500), (355123750, 102612500)]
13:41:19: [INFO] Routing SW67 with D67
13:41:19: [INFO] Using internal autorouter method
13:41:19: [INFO] Routing pad 'SW67:2' at (364490000, 56832500) with pad 'D67:2' at (367030000, 64512500) using coordinate system rotated by 0 degree(s)
13:41:19: [INFO] Adding track segment (B.Cu): [(364490000, 56832500), (364490000, 61972500)]
13:41:19: [INFO] Adding track segment (B.Cu): [(364490000, 61972500), (367030000, 64512500)]
13:41:19: [INFO] Routing SW66 with D66
13:41:19: [INFO] Using internal autorouter method
13:41:19: [INFO] Routing pad 'SW66:2' at (321627500, 94932500) with pad 'D66:2' at (324167500, 102612500) using coordinate system rotated by 0 degree(s)
13:41:19: [INFO] Adding track segment (B.Cu): [(321627500, 94932500), (321627500, 100072500)]
13:41:19: [INFO] Adding track segment (B.Cu): [(321627500, 100072500), (324167500, 102612500)]
13:41:19: [INFO] Routing SW65 with D65
13:41:19: [INFO] Using internal autorouter method
13:41:19: [INFO] Routing pad 'SW65:2' at (302577500, 94932500) with pad 'D65:2' at (305117500, 102612500) using coordinate system rotated by 0 degree(s)
13:41:19: [INFO] Adding track segment (B.Cu): [(302577500, 94932500), (302577500, 100072500)]
13:41:19: [INFO] Adding track segment (B.Cu): [(302577500, 100072500), (305117500, 102612500)]
13:41:19: [INFO] Routing SW64 with D64
13:41:19: [INFO] Using internal autorouter method
13:41:19: [INFO] Routing pad 'SW64:2' at (283527500, 94932500) with pad 'D64:2' at (286067500, 102612500) using coordinate system rotated by 0 degree(s)
13:41:19: [INFO] Adding track segment (B.Cu): [(283527500, 94932500), (283527500, 100072500)]
13:41:19: [INFO] Adding track segment (B.Cu): [(283527500, 100072500), (286067500, 102612500)]
13:41:19: [INFO] Routing SW63 with D63
13:41:19: [INFO] Using internal autorouter method
13:41:19: [INFO] Routing pad 'SW63:2' at (264477500, 94932500) with pad 'D63:2' at (267017500, 102612500) using coordinate system rotated by 0 degree(s)
13:41:19: [INFO] Adding track segment (B.Cu): [(264477500, 94932500), (264477500, 100072500)]
13:41:19: [INFO] Adding track segment (B.Cu): [(264477500, 100072500), (267017500, 102612500)]
13:41:19: [INFO] Routing SW62 with D62
13:41:19: [INFO] Using internal autorouter method
13:41:19: [INFO] Routing pad 'SW62:2' at (245427500, 94932500) with pad 'D62:2' at (247967500, 102612500) using coordinate system rotated by 0 degree(s)
13:41:19: [INFO] Adding track segment (B.Cu): [(245427500, 94932500), (245427500, 100072500)]
13:41:19: [INFO] Adding track segment (B.Cu): [(245427500, 100072500), (247967500, 102612500)]
13:41:19: [INFO] Routing SW61 with D61
13:41:19: [INFO] Using internal autorouter method
13:41:19: [INFO] Routing pad 'SW61:2' at (226377500, 94932500) with pad 'D61:2' at (228917500, 102612500) using coordinate system rotated by 0 degree(s)
13:41:19: [INFO] Adding track segment (B.Cu): [(226377500, 94932500), (226377500, 100072500)]
13:41:19: [INFO] Adding track segment (B.Cu): [(226377500, 100072500), (228917500, 102612500)]
13:41:19: [INFO] Routing SW60 with D60
13:41:19: [INFO] Using internal autorouter method
13:41:19: [INFO] Routing pad 'SW60:2' at (207327500, 94932500) with pad 'D60:2' at (209867500, 102612500) using coordinate system rotated by 0 degree(s)
13:41:19: [INFO] Adding track segment (B.Cu): [(207327500, 94932500), (207327500, 100072500)]
13:41:19: [INFO] Adding track segment (B.Cu): [(207327500, 100072500), (209867500, 102612500)]
13:41:19: [INFO] Routing SW59 with D59
13:41:19: [INFO] Using internal autorouter method
13:41:19: [INFO] Routing pad 'SW59:2' at (188277500, 94932500) with pad 'D59:2' at (190817500, 102612500) using coordinate system rotated by 0 degree(s)
13:41:19: [INFO] Adding track segment (B.Cu): [(188277500, 94932500), (188277500, 100072500)]
13:41:19: [INFO] Adding track segment (B.Cu): [(188277500, 100072500), (190817500, 102612500)]
13:41:19: [INFO] Routing SW58 with D58
13:41:19: [INFO] Using internal autorouter method
13:41:19: [INFO] Routing pad 'SW58:2' at (169227500, 94932500) with pad 'D58:2' at (171767500, 102612500) using coordinate system rotated by 0 degree(s)
13:41:19: [INFO] Adding track segment (B.Cu): [(169227500, 94932500), (169227500, 100072500)]
13:41:19: [INFO] Adding track segment (B.Cu): [(169227500, 100072500), (171767500, 102612500)]
13:41:19: [INFO] Routing SW57 with D57
13:41:19: [INFO] Using internal autorouter method
13:41:19: [INFO] Routing pad 'SW57:2' at (150177500, 94932500) with pad 'D57:2' at (152717500, 102612500) using coordinate system rotated by 0 degree(s)
13:41:19: [INFO] Adding track segment (B.Cu): [(150177500, 94932500), (150177500, 100072500)]
13:41:19: [INFO] Adding track segment (B.Cu): [(150177500, 100072500), (152717500, 102612500)]
13:41:19: [INFO] Routing SW56 with D56
13:41:19: [INFO] Using internal autorouter method
13:41:19: [INFO] Routing pad 'SW56:2' at (131127500, 94932500) with pad 'D56:2' at (133667500, 102612500) using coordinate system rotated by 0 degree(s)
13:41:19: [INFO] Adding track segment (B.Cu): [(131127500, 94932500), (131127500, 100072500)]
13:41:19: [INFO] Adding track segment (B.Cu): [(131127500, 100072500), (133667500, 102612500)]
13:41:19: [INFO] Routing SW55 with D55
13:41:19: [INFO] Using internal autorouter method
13:41:19: [INFO] Routing pad 'SW55:2' at (104933750, 94932500) with pad 'D55:2' at (107473750, 102612500) using coordinate system rotated by 0 degree(s)
13:41:19: [INFO] Adding track segment (B.Cu): [(104933750, 94932500), (104933750, 100072500)]
13:41:19: [INFO] Adding track segment (B.Cu): [(104933750, 100072500), (107473750, 102612500)]
13:41:19: [INFO] Routing SW54a with D54
13:41:19: [INFO] Using internal autorouter method
13:41:19: [INFO] Routing pad 'SW54a:2' at (450215000, 75882500) with pad 'D54:2' at (452755000, 93087500) using coordinate system rotated by 0 degree(s)
13:41:19: [INFO] Adding track segment (B.Cu): [(450215000, 75882500), (450215000, 90547500)]
13:41:19: [INFO] Adding track segment (B.Cu): [(450215000, 90547500), (452755000, 93087500)]
13:41:19: [INFO] Routing SW54 with D54
13:41:19: [INFO] Using internal autorouter method
13:41:19: [INFO] Routing pad 'SW54:2' at (450215000, 85407500) with pad 'D54:2' at (452755000, 93087500) using coordinate system rotated by 0 degree(s)
13:41:19: [INFO] Adding track segment (B.Cu): [(450215000, 85407500), (450215000, 90547500)]
13:41:19: [INFO] Adding track segment (B.Cu): [(450215000, 90547500), (452755000, 93087500)]
13:41:19: [INFO] Routing SW53 with D53
13:41:19: [INFO] Using internal autorouter method
13:41:19: [INFO] Routing pad 'SW53:2' at (431165000, 75882500) with pad 'D53:2' at (433705000, 83562500) using coordinate system rotated by 0 degree(s)
13:41:19: [INFO] Adding track segment (B.Cu): [(431165000, 75882500), (431165000, 81022500)]
13:41:19: [INFO] Adding track segment (B.Cu): [(431165000, 81022500), (433705000, 83562500)]
13:41:19: [INFO] Routing SW52 with D52
13:41:19: [INFO] Using internal autorouter method
13:41:19: [INFO] Routing pad 'SW52:2' at (412115000, 75882500) with pad 'D52:2' at (414655000, 83562500) using coordinate system rotated by 0 degree(s)
13:41:19: [INFO] Adding track segment (B.Cu): [(412115000, 75882500), (412115000, 81022500)]
13:41:19: [INFO] Adding track segment (B.Cu): [(412115000, 81022500), (414655000, 83562500)]
13:41:19: [INFO] Routing SW51 with D51
13:41:19: [INFO] Using internal autorouter method
13:41:19: [INFO] Routing pad 'SW51:2' at (393065000, 75882500) with pad 'D51:2' at (395605000, 83562500) using coordinate system rotated by 0 degree(s)
13:41:19: [INFO] Adding track segment (B.Cu): [(393065000, 75882500), (393065000, 81022500)]
13:41:19: [INFO] Adding track segment (B.Cu): [(393065000, 81022500), (395605000, 83562500)]
13:41:19: [INFO] Routing SW50a with D50
13:41:19: [INFO] Using internal autorouter method
13:41:19: [INFO] Routing pad 'SW50a:2' at (340677500, 94932500) with pad 'D50:2' at (362267500, 83562500) using coordinate system rotated by 0 degree(s)
13:41:19: [INFO] Adding track segment (B.Cu): [(340677500, 94932500), (352047500, 83562500)]
13:41:19: [INFO] Adding track segment (B.Cu): [(352047500, 83562500), (362267500, 83562500)]
13:41:19: [INFO] Routing SW50 with D50
13:41:19: [INFO] Using internal autorouter method
13:41:19: [INFO] Routing pad 'SW50:2' at (359727500, 75882500) with pad 'D50:2' at (362267500, 83562500) using coordinate system rotated by 0 degree(s)
13:41:19: [INFO] Adding track segment (B.Cu): [(359727500, 75882500), (359727500, 81022500)]
13:41:19: [INFO] Adding track segment (B.Cu): [(359727500, 81022500), (362267500, 83562500)]
13:41:19: [INFO] Routing SW49 with D49
13:41:19: [INFO] Using internal autorouter method
13:41:19: [INFO] Routing pad 'SW49:2' at (335915000, 75882500) with pad 'D49:2' at (338455000, 83562500) using coordinate system rotated by 0 degree(s)
13:41:19: [INFO] Adding track segment (B.Cu): [(335915000, 75882500), (335915000, 81022500)]
13:41:19: [INFO] Adding track segment (B.Cu): [(335915000, 81022500), (338455000, 83562500)]
13:41:19: [INFO] Routing SW48 with D48
13:41:19: [INFO] Using internal autorouter method
13:41:19: [INFO] Routing pad 'SW48:2' at (316865000, 75882500) with pad 'D48:2' at (319405000, 83562500) using coordinate system rotated by 0 degree(s)
13:41:19: [INFO] Adding track segment (B.Cu): [(316865000, 75882500), (316865000, 81022500)]
13:41:19: [INFO] Adding track segment (B.Cu): [(316865000, 81022500), (319405000, 83562500)]
13:41:19: [INFO] Routing SW47 with D47
13:41:19: [INFO] Using internal autorouter method
13:41:19: [INFO] Routing pad 'SW47:2' at (297815000, 75882500) with pad 'D47:2' at (300355000, 83562500) using coordinate system rotated by 0 degree(s)
13:41:19: [INFO] Adding track segment (B.Cu): [(297815000, 75882500), (297815000, 81022500)]
13:41:19: [INFO] Adding track segment (B.Cu): [(297815000, 81022500), (300355000, 83562500)]
13:41:19: [INFO] Routing SW46 with D46
13:41:19: [INFO] Using internal autorouter method
13:41:19: [INFO] Routing pad 'SW46:2' at (278765000, 75882500) with pad 'D46:2' at (281305000, 83562500) using coordinate system rotated by 0 degree(s)
13:41:19: [INFO] Adding track segment (B.Cu): [(278765000, 75882500), (278765000, 81022500)]
13:41:19: [INFO] Adding track segment (B.Cu): [(278765000, 81022500), (281305000, 83562500)]
13:41:19: [INFO] Routing SW45 with D45
13:41:19: [INFO] Using internal autorouter method
13:41:19: [INFO] Routing pad 'SW45:2' at (259715000, 75882500) with pad 'D45:2' at (262255000, 83562500) using coordinate system rotated by 0 degree(s)
13:41:19: [INFO] Adding track segment (B.Cu): [(259715000, 75882500), (259715000, 81022500)]
13:41:19: [INFO] Adding track segment (B.Cu): [(259715000, 81022500), (262255000, 83562500)]
13:41:19: [INFO] Routing SW44 with D44
13:41:19: [INFO] Using internal autorouter method
13:41:19: [INFO] Routing pad 'SW44:2' at (240665000, 75882500) with pad 'D44:2' at (243205000, 83562500) using coordinate system rotated by 0 degree(s)
13:41:19: [INFO] Adding track segment (B.Cu): [(240665000, 75882500), (240665000, 81022500)]
13:41:19: [INFO] Adding track segment (B.Cu): [(240665000, 81022500), (243205000, 83562500)]
13:41:19: [INFO] Routing SW43 with D43
13:41:19: [INFO] Using internal autorouter method
13:41:19: [INFO] Routing pad 'SW43:2' at (221615000, 75882500) with pad 'D43:2' at (224155000, 83562500) using coordinate system rotated by 0 degree(s)
13:41:19: [INFO] Adding track segment (B.Cu): [(221615000, 75882500), (221615000, 81022500)]
13:41:19: [INFO] Adding track segment (B.Cu): [(221615000, 81022500), (224155000, 83562500)]
13:41:19: [INFO] Routing SW42 with D42
13:41:19: [INFO] Using internal autorouter method
13:41:19: [INFO] Routing pad 'SW42:2' at (202565000, 75882500) with pad 'D42:2' at (205105000, 83562500) using coordinate system rotated by 0 degree(s)
13:41:19: [INFO] Adding track segment (B.Cu): [(202565000, 75882500), (202565000, 81022500)]
13:41:19: [INFO] Adding track segment (B.Cu): [(202565000, 81022500), (205105000, 83562500)]
13:41:19: [INFO] Routing SW41 with D41
13:41:19: [INFO] Using internal autorouter method
13:41:19: [INFO] Routing pad 'SW41:2' at (183515000, 75882500) with pad 'D41:2' at (186055000, 83562500) using coordinate system rotated by 0 degree(s)
13:41:19: [INFO] Adding track segment (B.Cu): [(183515000, 75882500), (183515000, 81022500)]
13:41:19: [INFO] Adding track segment (B.Cu): [(183515000, 81022500), (186055000, 83562500)]
13:41:19: [INFO] Routing SW40 with D40
13:41:19: [INFO] Using internal autorouter method
13:41:19: [INFO] Routing pad 'SW40:2' at (164465000, 75882500) with pad 'D40:2' at (167005000, 83562500) using coordinate system rotated by 0 degree(s)
13:41:19: [INFO] Adding track segment (B.Cu): [(164465000, 75882500), (164465000, 81022500)]
13:41:19: [INFO] Adding track segment (B.Cu): [(164465000, 81022500), (167005000, 83562500)]
13:41:19: [INFO] Routing SW39 with D39
13:41:19: [INFO] Using internal autorouter method
13:41:19: [INFO] Routing pad 'SW39:2' at (145415000, 75882500) with pad 'D39:2' at (147955000, 83562500) using coordinate system rotated by 0 degree(s)
13:41:20: [INFO] Adding track segment (B.Cu): [(145415000, 75882500), (145415000, 81022500)]
13:41:20: [INFO] Adding track segment (B.Cu): [(145415000, 81022500), (147955000, 83562500)]
13:41:20: [INFO] Routing SW38 with D38
13:41:20: [INFO] Using internal autorouter method
13:41:20: [INFO] Routing pad 'SW38:2' at (126365000, 75882500) with pad 'D38:2' at (128905000, 83562500) using coordinate system rotated by 0 degree(s)
13:41:20: [INFO] Adding track segment (B.Cu): [(126365000, 75882500), (126365000, 81022500)]
13:41:20: [INFO] Adding track segment (B.Cu): [(126365000, 81022500), (128905000, 83562500)]
13:41:20: [INFO] Routing SW37 with D37
13:41:20: [INFO] Using internal autorouter method
13:41:20: [INFO] Routing pad 'SW37:2' at (102552500, 75882500) with pad 'D37:2' at (105092500, 83562500) using coordinate system rotated by 0 degree(s)
13:41:20: [INFO] Adding track segment (B.Cu): [(102552500, 75882500), (102552500, 81022500)]
13:41:20: [INFO] Adding track segment (B.Cu): [(102552500, 81022500), (105092500, 83562500)]
13:41:20: [INFO] Routing SW36 with D36
13:41:20: [INFO] Using internal autorouter method
13:41:20: [INFO] Routing pad 'SW36:2' at (450215000, 56832500) with pad 'D36:2' at (452755000, 64512500) using coordinate system rotated by 0 degree(s)
13:41:20: [INFO] Adding track segment (B.Cu): [(450215000, 56832500), (450215000, 61972500)]
13:41:20: [INFO] Adding track segment (B.Cu): [(450215000, 61972500), (452755000, 64512500)]
13:41:20: [INFO] Routing SW35 with D35
13:41:20: [INFO] Using internal autorouter method
13:41:20: [INFO] Routing pad 'SW35:2' at (431165000, 56832500) with pad 'D35:2' at (433705000, 64512500) using coordinate system rotated by 0 degree(s)
13:41:20: [INFO] Adding track segment (B.Cu): [(431165000, 56832500), (431165000, 61972500)]
13:41:20: [INFO] Adding track segment (B.Cu): [(431165000, 61972500), (433705000, 64512500)]
13:41:20: [INFO] Routing SW34 with D34
13:41:20: [INFO] Using internal autorouter method
13:41:20: [INFO] Routing pad 'SW34:2' at (412115000, 56832500) with pad 'D34:2' at (414655000, 64512500) using coordinate system rotated by 0 degree(s)
13:41:20: [INFO] Adding track segment (B.Cu): [(412115000, 56832500), (412115000, 61972500)]
13:41:20: [INFO] Adding track segment (B.Cu): [(412115000, 61972500), (414655000, 64512500)]
13:41:20: [INFO] Routing SW33 with D33
13:41:20: [INFO] Using internal autorouter method
13:41:20: [INFO] Routing pad 'SW33:2' at (393065000, 56832500) with pad 'D33:2' at (395605000, 64512500) using coordinate system rotated by 0 degree(s)
13:41:20: [INFO] Adding track segment (B.Cu): [(393065000, 56832500), (393065000, 61972500)]
13:41:20: [INFO] Adding track segment (B.Cu): [(393065000, 61972500), (395605000, 64512500)]
13:41:20: [INFO] Routing SW32a with D32
13:41:20: [INFO] Using internal autorouter method
13:41:20: [INFO] Routing pad 'SW32a:2' at (345440000, 56832500) with pad 'D32:2' at (357505000, 64512500) using coordinate system rotated by 0 degree(s)
13:41:20: [INFO] Routing SW32 with D32
13:41:20: [INFO] Using internal autorouter method
13:41:20: [INFO] Routing pad 'SW32:2' at (354965000, 56832500) with pad 'D32:2' at (357505000, 64512500) using coordinate system rotated by 0 degree(s)
13:41:20: [INFO] Adding track segment (B.Cu): [(354965000, 56832500), (354965000, 61972500)]
13:41:20: [INFO] Adding track segment (B.Cu): [(354965000, 61972500), (357505000, 64512500)]
13:41:20: [INFO] Routing SW31 with D31
13:41:20: [INFO] Using internal autorouter method
13:41:20: [INFO] Routing pad 'SW31:2' at (326390000, 56832500) with pad 'D31:2' at (328930000, 64512500) using coordinate system rotated by 0 degree(s)
13:41:20: [INFO] Adding track segment (B.Cu): [(326390000, 56832500), (326390000, 61972500)]
13:41:20: [INFO] Adding track segment (B.Cu): [(326390000, 61972500), (328930000, 64512500)]
13:41:20: [INFO] Routing SW30 with D30
13:41:20: [INFO] Using internal autorouter method
13:41:20: [INFO] Routing pad 'SW30:2' at (307340000, 56832500) with pad 'D30:2' at (309880000, 64512500) using coordinate system rotated by 0 degree(s)
13:41:20: [INFO] Adding track segment (B.Cu): [(307340000, 56832500), (307340000, 61972500)]
13:41:20: [INFO] Adding track segment (B.Cu): [(307340000, 61972500), (309880000, 64512500)]
13:41:20: [INFO] Routing SW29 with D29
13:41:20: [INFO] Using internal autorouter method
13:41:20: [INFO] Routing pad 'SW29:2' at (288290000, 56832500) with pad 'D29:2' at (290830000, 64512500) using coordinate system rotated by 0 degree(s)
13:41:20: [INFO] Adding track segment (B.Cu): [(288290000, 56832500), (288290000, 61972500)]
13:41:20: [INFO] Adding track segment (B.Cu): [(288290000, 61972500), (290830000, 64512500)]
13:41:20: [INFO] Routing SW28 with D28
13:41:20: [INFO] Using internal autorouter method
13:41:20: [INFO] Routing pad 'SW28:2' at (269240000, 56832500) with pad 'D28:2' at (271780000, 64512500) using coordinate system rotated by 0 degree(s)
13:41:20: [INFO] Adding track segment (B.Cu): [(269240000, 56832500), (269240000, 61972500)]
13:41:20: [INFO] Adding track segment (B.Cu): [(269240000, 61972500), (271780000, 64512500)]
13:41:20: [INFO] Routing SW27 with D27
13:41:20: [INFO] Using internal autorouter method
13:41:20: [INFO] Routing pad 'SW27:2' at (250190000, 56832500) with pad 'D27:2' at (252730000, 64512500) using coordinate system rotated by 0 degree(s)
13:41:20: [INFO] Adding track segment (B.Cu): [(250190000, 56832500), (250190000, 61972500)]
13:41:20: [INFO] Adding track segment (B.Cu): [(250190000, 61972500), (252730000, 64512500)]
13:41:20: [INFO] Routing SW26 with D26
13:41:20: [INFO] Using internal autorouter method
13:41:20: [INFO] Routing pad 'SW26:2' at (231140000, 56832500) with pad 'D26:2' at (233680000, 64512500) using coordinate system rotated by 0 degree(s)
13:41:20: [INFO] Adding track segment (B.Cu): [(231140000, 56832500), (231140000, 61972500)]
13:41:20: [INFO] Adding track segment (B.Cu): [(231140000, 61972500), (233680000, 64512500)]
13:41:20: [INFO] Routing SW25 with D25
13:41:20: [INFO] Using internal autorouter method
13:41:20: [INFO] Routing pad 'SW25:2' at (212090000, 56832500) with pad 'D25:2' at (214630000, 64512500) using coordinate system rotated by 0 degree(s)
13:41:20: [INFO] Adding track segment (B.Cu): [(212090000, 56832500), (212090000, 61972500)]
13:41:20: [INFO] Adding track segment (B.Cu): [(212090000, 61972500), (214630000, 64512500)]
13:41:20: [INFO] Routing SW24 with D24
13:41:20: [INFO] Using internal autorouter method
13:41:20: [INFO] Routing pad 'SW24:2' at (193040000, 56832500) with pad 'D24:2' at (195580000, 64512500) using coordinate system rotated by 0 degree(s)
13:41:20: [INFO] Adding track segment (B.Cu): [(193040000, 56832500), (193040000, 61972500)]
13:41:20: [INFO] Adding track segment (B.Cu): [(193040000, 61972500), (195580000, 64512500)]
13:41:20: [INFO] Routing SW23 with D23
13:41:20: [INFO] Using internal autorouter method
13:41:20: [INFO] Routing pad 'SW23:2' at (173990000, 56832500) with pad 'D23:2' at (176530000, 64512500) using coordinate system rotated by 0 degree(s)
13:41:20: [INFO] Adding track segment (B.Cu): [(173990000, 56832500), (173990000, 61972500)]
13:41:20: [INFO] Adding track segment (B.Cu): [(173990000, 61972500), (176530000, 64512500)]
13:41:20: [INFO] Routing SW22 with D22
13:41:20: [INFO] Using internal autorouter method
13:41:20: [INFO] Routing pad 'SW22:2' at (154940000, 56832500) with pad 'D22:2' at (157480000, 64512500) using coordinate system rotated by 0 degree(s)
13:41:20: [INFO] Adding track segment (B.Cu): [(154940000, 56832500), (154940000, 61972500)]
13:41:20: [INFO] Adding track segment (B.Cu): [(154940000, 61972500), (157480000, 64512500)]
13:41:20: [INFO] Routing SW21 with D21
13:41:20: [INFO] Using internal autorouter method
13:41:20: [INFO] Routing pad 'SW21:2' at (135890000, 56832500) with pad 'D21:2' at (138430000, 64512500) using coordinate system rotated by 0 degree(s)
13:41:20: [INFO] Adding track segment (B.Cu): [(135890000, 56832500), (135890000, 61972500)]
13:41:20: [INFO] Adding track segment (B.Cu): [(135890000, 61972500), (138430000, 64512500)]
13:41:20: [INFO] Routing SW20 with D20
13:41:20: [INFO] Using internal autorouter method
13:41:20: [INFO] Routing pad 'SW20:2' at (116840000, 56832500) with pad 'D20:2' at (119380000, 64512500) using coordinate system rotated by 0 degree(s)
13:41:20: [INFO] Adding track segment (B.Cu): [(116840000, 56832500), (116840000, 61972500)]
13:41:20: [INFO] Adding track segment (B.Cu): [(116840000, 61972500), (119380000, 64512500)]
13:41:20: [INFO] Routing SW19 with D19
13:41:20: [INFO] Using internal autorouter method
13:41:20: [INFO] Routing pad 'SW19:2' at (97790000, 56832500) with pad 'D19:2' at (100330000, 64512500) using coordinate system rotated by 0 degree(s)
13:41:20: [INFO] Adding track segment (B.Cu): [(97790000, 56832500), (97790000, 61972500)]
13:41:20: [INFO] Adding track segment (B.Cu): [(97790000, 61972500), (100330000, 64512500)]
13:41:20: [INFO] Routing SW18 with D18
13:41:20: [INFO] Using internal autorouter method
13:41:20: [INFO] Routing pad 'SW18:2' at (450215000, 33020000) with pad 'D18:2' at (452755000, 40700000) using coordinate system rotated by 0 degree(s)
13:41:20: [INFO] Adding track segment (B.Cu): [(450215000, 33020000), (450215000, 38160000)]
13:41:20: [INFO] Adding track segment (B.Cu): [(450215000, 38160000), (452755000, 40700000)]
13:41:20: [INFO] Routing SW17 with D17
13:41:20: [INFO] Using internal autorouter method
13:41:20: [INFO] Routing pad 'SW17:2' at (431165000, 33020000) with pad 'D17:2' at (433705000, 40700000) using coordinate system rotated by 0 degree(s)
13:41:20: [INFO] Adding track segment (B.Cu): [(431165000, 33020000), (431165000, 38160000)]
13:41:20: [INFO] Adding track segment (B.Cu): [(431165000, 38160000), (433705000, 40700000)]
13:41:20: [INFO] Routing SW16 with D16
13:41:20: [INFO] Using internal autorouter method
13:41:20: [INFO] Routing pad 'SW16:2' at (412115000, 33020000) with pad 'D16:2' at (414655000, 40700000) using coordinate system rotated by 0 degree(s)
13:41:20: [INFO] Adding track segment (B.Cu): [(412115000, 33020000), (412115000, 38160000)]
13:41:20: [INFO] Adding track segment (B.Cu): [(412115000, 38160000), (414655000, 40700000)]
13:41:20: [INFO] Routing SW15 with D15
13:41:20: [INFO] Using internal autorouter method
13:41:20: [INFO] Routing pad 'SW15:2' at (393065000, 33020000) with pad 'D15:2' at (395605000, 40700000) using coordinate system rotated by 0 degree(s)
13:41:20: [INFO] Adding track segment (B.Cu): [(393065000, 33020000), (393065000, 38160000)]
13:41:20: [INFO] Adding track segment (B.Cu): [(393065000, 38160000), (395605000, 40700000)]
13:41:20: [INFO] Routing SW14 with D14
13:41:20: [INFO] Using internal autorouter method
13:41:20: [INFO] Routing pad 'SW14:2' at (364490000, 33020000) with pad 'D14:2' at (367030000, 40700000) using coordinate system rotated by 0 degree(s)
13:41:20: [INFO] Adding track segment (B.Cu): [(364490000, 33020000), (364490000, 38160000)]
13:41:20: [INFO] Adding track segment (B.Cu): [(364490000, 38160000), (367030000, 40700000)]
13:41:20: [INFO] Routing SW13 with D13
13:41:20: [INFO] Using internal autorouter method
13:41:20: [INFO] Routing pad 'SW13:2' at (340677500, 33020000) with pad 'D13:2' at (343217500, 40700000) using coordinate system rotated by 0 degree(s)
13:41:20: [INFO] Adding track segment (B.Cu): [(340677500, 33020000), (340677500, 38160000)]
13:41:20: [INFO] Adding track segment (B.Cu): [(340677500, 38160000), (343217500, 40700000)]
13:41:20: [INFO] Routing SW12 with D12
13:41:20: [INFO] Using internal autorouter method
13:41:20: [INFO] Routing pad 'SW12:2' at (321627500, 33020000) with pad 'D12:2' at (324167500, 40700000) using coordinate system rotated by 0 degree(s)
13:41:20: [INFO] Adding track segment (B.Cu): [(321627500, 33020000), (321627500, 38160000)]
13:41:20: [INFO] Adding track segment (B.Cu): [(321627500, 38160000), (324167500, 40700000)]
13:41:20: [INFO] Routing SW11 with D11
13:41:20: [INFO] Using internal autorouter method
13:41:20: [INFO] Routing pad 'SW11:2' at (302577500, 33020000) with pad 'D11:2' at (305117500, 40700000) using coordinate system rotated by 0 degree(s)
13:41:20: [INFO] Adding track segment (B.Cu): [(302577500, 33020000), (302577500, 38160000)]
13:41:20: [INFO] Adding track segment (B.Cu): [(302577500, 38160000), (305117500, 40700000)]
13:41:20: [INFO] Routing SW10 with D10
13:41:20: [INFO] Using internal autorouter method
13:41:20: [INFO] Routing pad 'SW10:2' at (283527500, 33020000) with pad 'D10:2' at (286067500, 40700000) using coordinate system rotated by 0 degree(s)
13:41:20: [INFO] Adding track segment (B.Cu): [(283527500, 33020000), (283527500, 38160000)]
13:41:20: [INFO] Adding track segment (B.Cu): [(283527500, 38160000), (286067500, 40700000)]
13:41:20: [INFO] Routing SW9 with D9
13:41:20: [INFO] Using internal autorouter method
13:41:20: [INFO] Routing pad 'SW9:2' at (259715000, 33020000) with pad 'D9:2' at (262255000, 40700000) using coordinate system rotated by 0 degree(s)
13:41:20: [INFO] Adding track segment (B.Cu): [(259715000, 33020000), (259715000, 38160000)]
13:41:20: [INFO] Adding track segment (B.Cu): [(259715000, 38160000), (262255000, 40700000)]
13:41:20: [INFO] Routing SW8 with D8
13:41:20: [INFO] Using internal autorouter method
13:41:20: [INFO] Routing pad 'SW8:2' at (240665000, 33020000) with pad 'D8:2' at (243205000, 40700000) using coordinate system rotated by 0 degree(s)
13:41:20: [INFO] Adding track segment (B.Cu): [(240665000, 33020000), (240665000, 38160000)]
13:41:20: [INFO] Adding track segment (B.Cu): [(240665000, 38160000), (243205000, 40700000)]
13:41:20: [INFO] Routing SW7 with D7
13:41:20: [INFO] Using internal autorouter method
13:41:20: [INFO] Routing pad 'SW7:2' at (221615000, 33020000) with pad 'D7:2' at (224155000, 40700000) using coordinate system rotated by 0 degree(s)
13:41:20: [INFO] Adding track segment (B.Cu): [(221615000, 33020000), (221615000, 38160000)]
13:41:20: [INFO] Adding track segment (B.Cu): [(221615000, 38160000), (224155000, 40700000)]
13:41:20: [INFO] Routing SW6 with D6
13:41:20: [INFO] Using internal autorouter method
13:41:20: [INFO] Routing pad 'SW6:2' at (202565000, 33020000) with pad 'D6:2' at (205105000, 40700000) using coordinate system rotated by 0 degree(s)
13:41:20: [INFO] Adding track segment (B.Cu): [(202565000, 33020000), (202565000, 38160000)]
13:41:20: [INFO] Adding track segment (B.Cu): [(202565000, 38160000), (205105000, 40700000)]
13:41:20: [INFO] Routing SW5 with D5
13:41:20: [INFO] Using internal autorouter method
13:41:20: [INFO] Routing pad 'SW5:2' at (178752500, 33020000) with pad 'D5:2' at (181292500, 40700000) using coordinate system rotated by 0 degree(s)
13:41:21: [INFO] Adding track segment (B.Cu): [(178752500, 33020000), (178752500, 38160000)]
13:41:21: [INFO] Adding track segment (B.Cu): [(178752500, 38160000), (181292500, 40700000)]
13:41:21: [INFO] Routing SW4 with D4
13:41:21: [INFO] Using internal autorouter method
13:41:21: [INFO] Routing pad 'SW4:2' at (159702500, 33020000) with pad 'D4:2' at (162242500, 40700000) using coordinate system rotated by 0 degree(s)
13:41:21: [INFO] Adding track segment (B.Cu): [(159702500, 33020000), (159702500, 38160000)]
13:41:21: [INFO] Adding track segment (B.Cu): [(159702500, 38160000), (162242500, 40700000)]
13:41:21: [INFO] Routing SW3 with D3
13:41:21: [INFO] Using internal autorouter method
13:41:21: [INFO] Routing pad 'SW3:2' at (140652500, 33020000) with pad 'D3:2' at (143192500, 40700000) using coordinate system rotated by 0 degree(s)
13:41:21: [INFO] Adding track segment (B.Cu): [(140652500, 33020000), (140652500, 38160000)]
13:41:21: [INFO] Adding track segment (B.Cu): [(140652500, 38160000), (143192500, 40700000)]
13:41:21: [INFO] Routing SW2 with D2
13:41:21: [INFO] Using internal autorouter method
13:41:21: [INFO] Routing pad 'SW2:2' at (121602500, 33020000) with pad 'D2:2' at (124142500, 40700000) using coordinate system rotated by 0 degree(s)
13:41:21: [INFO] Adding track segment (B.Cu): [(121602500, 33020000), (121602500, 38160000)]
13:41:21: [INFO] Adding track segment (B.Cu): [(121602500, 38160000), (124142500, 40700000)]
13:41:21: [INFO] Routing SW1 with D1
13:41:21: [INFO] Using internal autorouter method
13:41:21: [INFO] Routing pad 'SW1:2' at (97790000, 33020000) with pad 'D1:2' at (100330000, 40700000) using coordinate system rotated by 0 degree(s)
13:41:21: [INFO] Adding track segment (B.Cu): [(97790000, 33020000), (97790000, 38160000)]
13:41:21: [INFO] Adding track segment (B.Cu): [(97790000, 38160000), (100330000, 40700000)]
13:41:21: [INFO] Routing COL6 pads
13:41:21: [INFO] Routing pad 'SW94:1' at (212883750, 135572500) with pad 'SW94a:1' at (205740000, 135572500) using coordinate system rotated by 0 degree(s)
13:41:21: [INFO] Adding track segment (F.Cu): [(212883750, 135572500), (205740000, 135572500)]
13:41:21: [INFO] Routing pad 'SW61:1' at (220027500, 97472500) with pad 'SW79:1' at (210502500, 116522500) using coordinate system rotated by 0 degree(s)
13:41:21: [INFO] Adding track segment (F.Cu): [(220027500, 97472500), (220027500, 106997500)]
13:41:21: [INFO] Adding track segment (F.Cu): [(220027500, 106997500), (210502500, 116522500)]
13:41:21: [INFO] Routing pad 'SW79:1' at (210502500, 116522500) with pad 'SW94:1' at (212883750, 135572500) using coordinate system rotated by 0 degree(s)
13:41:21: [INFO] Routing pad 'SW25:1' at (205740000, 59372500) with pad 'SW7:1' at (215265000, 35560000) using coordinate system rotated by 0 degree(s)
13:41:21: [INFO] Adding track segment (F.Cu): [(205740000, 59372500), (215265000, 49847500)]
13:41:21: [INFO] Adding track segment (F.Cu): [(215265000, 49847500), (215265000, 35560000)]
13:41:21: [INFO] Routing pad 'SW25:1' at (205740000, 59372500) with pad 'SW43:1' at (215265000, 78422500) using coordinate system rotated by 0 degree(s)
13:41:21: [INFO] Adding track segment (F.Cu): [(205740000, 59372500), (205740000, 68897500)]
13:41:21: [INFO] Adding track segment (F.Cu): [(205740000, 68897500), (215265000, 78422500)]
13:41:21: [INFO] Routing pad 'SW43:1' at (215265000, 78422500) with pad 'SW61:1' at (220027500, 97472500) using coordinate system rotated by 0 degree(s)
13:41:21: [INFO] Adding track segment (F.Cu): [(215265000, 78422500), (215265000, 92710000)]
13:41:21: [INFO] Adding track segment (F.Cu): [(215265000, 92710000), (220027500, 97472500)]
13:41:21: [INFO] Routing COL7 pads
13:41:21: [INFO] Routing pad 'SW62:1' at (239077500, 97472500) with pad 'SW80:1' at (229552500, 116522500) using coordinate system rotated by 0 degree(s)
13:41:21: [INFO] Adding track segment (F.Cu): [(239077500, 97472500), (239077500, 106997500)]
13:41:21: [INFO] Adding track segment (F.Cu): [(239077500, 106997500), (229552500, 116522500)]
13:41:21: [INFO] Routing pad 'SW26:1' at (224790000, 59372500) with pad 'SW8:1' at (234315000, 35560000) using coordinate system rotated by 0 degree(s)
13:41:21: [INFO] Adding track segment (F.Cu): [(224790000, 59372500), (234315000, 49847500)]
13:41:21: [INFO] Adding track segment (F.Cu): [(234315000, 49847500), (234315000, 35560000)]
13:41:21: [INFO] Routing pad 'SW26:1' at (224790000, 59372500) with pad 'SW44:1' at (234315000, 78422500) using coordinate system rotated by 0 degree(s)
13:41:21: [INFO] Adding track segment (F.Cu): [(224790000, 59372500), (224790000, 68897500)]
13:41:21: [INFO] Adding track segment (F.Cu): [(224790000, 68897500), (234315000, 78422500)]
13:41:21: [INFO] Routing pad 'SW44:1' at (234315000, 78422500) with pad 'SW62:1' at (239077500, 97472500) using coordinate system rotated by 0 degree(s)
13:41:21: [INFO] Adding track segment (F.Cu): [(234315000, 78422500), (234315000, 92710000)]
13:41:21: [INFO] Adding track segment (F.Cu): [(234315000, 92710000), (239077500, 97472500)]
13:41:21: [INFO] Routing ROW5 pads
13:41:21: [INFO] Routing pad 'D91:1' at (102711250, 143512500) with pad 'D92:1' at (126523750, 143512500) using coordinate system rotated by 0 degree(s)
13:41:21: [INFO] Adding track segment (B.Cu): [(102711250, 143512500), (126523750, 143512500)]
13:41:21: [INFO] Routing pad 'D92:1' at (126523750, 143512500) with pad 'D93:1' at (150336250, 143512500) using coordinate system rotated by 0 degree(s)
13:41:21: [INFO] Adding track segment (B.Cu): [(126523750, 143512500), (150336250, 143512500)]
13:41:21: [INFO] Routing pad 'D93:1' at (150336250, 143512500) with pad 'D94:1' at (221773750, 143512500) using coordinate system rotated by 0 degree(s)
13:41:21: [INFO] Adding track segment (B.Cu): [(150336250, 143512500), (221773750, 143512500)]
13:41:21: [INFO] Routing pad 'D94:1' at (221773750, 143512500) with pad 'D95:1' at (295592500, 143512500) using coordinate system rotated by 0 degree(s)
13:41:21: [INFO] Adding track segment (B.Cu): [(221773750, 143512500), (295592500, 143512500)]
13:41:21: [INFO] Routing pad 'D95:1' at (295592500, 143512500) with pad 'D96:1' at (324167500, 143512500) using coordinate system rotated by 0 degree(s)
13:41:21: [INFO] Adding track segment (B.Cu): [(295592500, 143512500), (324167500, 143512500)]
13:41:21: [INFO] Routing pad 'D96:1' at (324167500, 143512500) with pad 'D97:1' at (352742500, 148275000) using coordinate system rotated by 0 degree(s)
13:41:21: [INFO] Adding track segment (B.Cu): [(324167500, 143512500), (328930000, 148275000)]
13:41:21: [INFO] Adding track segment (B.Cu): [(328930000, 148275000), (352742500, 148275000)]
13:41:21: [INFO] Routing pad 'D97:1' at (352742500, 148275000) with pad 'D98:1' at (371792500, 148275000) using coordinate system rotated by 0 degree(s)
13:41:21: [INFO] Adding track segment (B.Cu): [(352742500, 148275000), (371792500, 148275000)]
13:41:21: [INFO] Routing pad 'D98:1' at (371792500, 148275000) with pad 'D99:1' at (390842500, 148275000) using coordinate system rotated by 0 degree(s)
13:41:21: [INFO] Adding track segment (B.Cu): [(371792500, 148275000), (390842500, 148275000)]
13:41:21: [INFO] Routing pad 'D99:1' at (390842500, 148275000) with pad 'D100:1' at (414655000, 143512500) using coordinate system rotated by 0 degree(s)
13:41:21: [INFO] Adding track segment (B.Cu): [(390842500, 148275000), (409892500, 148275000)]
13:41:21: [INFO] Adding track segment (B.Cu): [(409892500, 148275000), (414655000, 143512500)]
13:41:21: [INFO] Routing pad 'D100:1' at (414655000, 143512500) with pad 'D101:1' at (433705000, 143512500) using coordinate system rotated by 0 degree(s)
13:41:21: [INFO] Adding track segment (B.Cu): [(414655000, 143512500), (433705000, 143512500)]
13:41:21: [INFO] Routing pad 'D101:1' at (433705000, 143512500) with pad 'D102:1' at (452755000, 143512500) using coordinate system rotated by 0 degree(s)
13:41:21: [INFO] Adding track segment (B.Cu): [(433705000, 143512500), (452755000, 143512500)]
13:41:21: [INFO] Routing ROW0 pads
13:41:21: [INFO] Routing pad 'D1:1' at (100330000, 43500000) with pad 'D2:1' at (124142500, 43500000) using coordinate system rotated by 0 degree(s)
13:41:21: [INFO] Adding track segment (B.Cu): [(100330000, 43500000), (124142500, 43500000)]
13:41:21: [INFO] Routing pad 'D2:1' at (124142500, 43500000) with pad 'D3:1' at (143192500, 43500000) using coordinate system rotated by 0 degree(s)
13:41:21: [INFO] Adding track segment (B.Cu): [(124142500, 43500000), (143192500, 43500000)]
13:41:21: [INFO] Routing pad 'D3:1' at (143192500, 43500000) with pad 'D4:1' at (162242500, 43500000) using coordinate system rotated by 0 degree(s)
13:41:21: [INFO] Adding track segment (B.Cu): [(143192500, 43500000), (162242500, 43500000)]
13:41:21: [INFO] Routing pad 'D4:1' at (162242500, 43500000) with pad 'D5:1' at (181292500, 43500000) using coordinate system rotated by 0 degree(s)
13:41:21: [INFO] Adding track segment (B.Cu): [(162242500, 43500000), (181292500, 43500000)]
13:41:21: [INFO] Routing pad 'D5:1' at (181292500, 43500000) with pad 'D6:1' at (205105000, 43500000) using coordinate system rotated by 0 degree(s)
13:41:21: [INFO] Adding track segment (B.Cu): [(181292500, 43500000), (205105000, 43500000)]
13:41:21: [INFO] Routing pad 'D6:1' at (205105000, 43500000) with pad 'D7:1' at (224155000, 43500000) using coordinate system rotated by 0 degree(s)
13:41:21: [INFO] Adding track segment (B.Cu): [(205105000, 43500000), (224155000, 43500000)]
13:41:21: [INFO] Routing pad 'D7:1' at (224155000, 43500000) with pad 'D8:1' at (243205000, 43500000) using coordinate system rotated by 0 degree(s)
13:41:21: [INFO] Adding track segment (B.Cu): [(224155000, 43500000), (243205000, 43500000)]
13:41:21: [INFO] Routing pad 'D8:1' at (243205000, 43500000) with pad 'D9:1' at (262255000, 43500000) using coordinate system rotated by 0 degree(s)
13:41:21: [INFO] Adding track segment (B.Cu): [(243205000, 43500000), (262255000, 43500000)]
13:41:21: [INFO] Routing pad 'D9:1' at (262255000, 43500000) with pad 'D10:1' at (286067500, 43500000) using coordinate system rotated by 0 degree(s)
13:41:21: [INFO] Adding track segment (B.Cu): [(262255000, 43500000), (286067500, 43500000)]
13:41:21: [INFO] Routing pad 'D10:1' at (286067500, 43500000) with pad 'D11:1' at (305117500, 43500000) using coordinate system rotated by 0 degree(s)
13:41:21: [INFO] Adding track segment (B.Cu): [(286067500, 43500000), (305117500, 43500000)]
13:41:21: [INFO] Routing pad 'D11:1' at (305117500, 43500000) with pad 'D12:1' at (324167500, 43500000) using coordinate system rotated by 0 degree(s)
13:41:21: [INFO] Adding track segment (B.Cu): [(305117500, 43500000), (324167500, 43500000)]
13:41:21: [INFO] Routing pad 'D12:1' at (324167500, 43500000) with pad 'D13:1' at (343217500, 43500000) using coordinate system rotated by 0 degree(s)
13:41:21: [INFO] Adding track segment (B.Cu): [(324167500, 43500000), (343217500, 43500000)]
13:41:21: [INFO] Routing pad 'D13:1' at (343217500, 43500000) with pad 'D14:1' at (367030000, 43500000) using coordinate system rotated by 0 degree(s)
13:41:21: [INFO] Adding track segment (B.Cu): [(343217500, 43500000), (367030000, 43500000)]
13:41:21: [INFO] Routing pad 'D14:1' at (367030000, 43500000) with pad 'D15:1' at (395605000, 43500000) using coordinate system rotated by 0 degree(s)
13:41:21: [INFO] Adding track segment (B.Cu): [(367030000, 43500000), (395605000, 43500000)]
13:41:21: [INFO] Routing pad 'D15:1' at (395605000, 43500000) with pad 'D16:1' at (414655000, 43500000) using coordinate system rotated by 0 degree(s)
13:41:21: [INFO] Adding track segment (B.Cu): [(395605000, 43500000), (414655000, 43500000)]
13:41:21: [INFO] Routing pad 'D16:1' at (414655000, 43500000) with pad 'D17:1' at (433705000, 43500000) using coordinate system rotated by 0 degree(s)
13:41:21: [INFO] Adding track segment (B.Cu): [(414655000, 43500000), (433705000, 43500000)]
13:41:21: [INFO] Routing pad 'D17:1' at (433705000, 43500000) with pad 'D18:1' at (452755000, 43500000) using coordinate system rotated by 0 degree(s)
13:41:21: [INFO] Adding track segment (B.Cu): [(433705000, 43500000), (452755000, 43500000)]
13:41:21: [INFO] Routing COL5 pads
13:41:21: [INFO] Routing pad 'SW60:1' at (200977500, 97472500) with pad 'SW78:1' at (191452500, 116522500) using coordinate system rotated by 0 degree(s)
13:41:21: [INFO] Adding track segment (F.Cu): [(200977500, 97472500), (200977500, 106997500)]
13:41:21: [INFO] Adding track segment (F.Cu): [(200977500, 106997500), (191452500, 116522500)]
13:41:21: [INFO] Routing pad 'SW24:1' at (186690000, 59372500) with pad 'SW6:1' at (196215000, 35560000) using coordinate system rotated by 0 degree(s)
13:41:21: [INFO] Adding track segment (F.Cu): [(186690000, 59372500), (196215000, 49847500)]
13:41:21: [INFO] Adding track segment (F.Cu): [(196215000, 49847500), (196215000, 35560000)]
13:41:21: [INFO] Routing pad 'SW24:1' at (186690000, 59372500) with pad 'SW42:1' at (196215000, 78422500) using coordinate system rotated by 0 degree(s)
13:41:21: [INFO] Adding track segment (F.Cu): [(186690000, 59372500), (186690000, 68897500)]
13:41:21: [INFO] Adding track segment (F.Cu): [(186690000, 68897500), (196215000, 78422500)]
13:41:21: [INFO] Routing pad 'SW42:1' at (196215000, 78422500) with pad 'SW60:1' at (200977500, 97472500) using coordinate system rotated by 0 degree(s)
13:41:21: [INFO] Adding track segment (F.Cu): [(196215000, 78422500), (196215000, 92710000)]
13:41:21: [INFO] Adding track segment (F.Cu): [(196215000, 92710000), (200977500, 97472500)]
13:41:21: [INFO] Routing COL15 pads
13:41:21: [INFO] Routing pad 'SW16:1' at (405765000, 35560000) with pad 'SW34:1' at (405765000, 59372500) using coordinate system rotated by 0 degree(s)
13:41:21: [INFO] Adding track segment (F.Cu): [(405765000, 35560000), (405765000, 59372500)]
13:41:21: [INFO] Routing pad 'SW34:1' at (405765000, 59372500) with pad 'SW52:1' at (405765000, 78422500) using coordinate system rotated by 0 degree(s)
13:41:21: [INFO] Adding track segment (F.Cu): [(405765000, 59372500), (405765000, 78422500)]
13:41:21: [INFO] Routing pad 'SW52:1' at (405765000, 78422500) with pad 'SW70:1' at (405765000, 97472500) using coordinate system rotated by 0 degree(s)
13:41:21: [INFO] Adding track segment (F.Cu): [(405765000, 78422500), (405765000, 97472500)]
13:41:21: [INFO] Routing pad 'SW70:1' at (405765000, 97472500) with pad 'SW88:1' at (405765000, 116522500) using coordinate system rotated by 0 degree(s)
13:41:21: [INFO] Adding track segment (F.Cu): [(405765000, 97472500), (405765000, 116522500)]
13:41:21: [INFO] Routing pad 'SW88:1' at (405765000, 116522500) with pad 'SW100:1' at (405765000, 135572500) using coordinate system rotated by 0 degree(s)
13:41:21: [INFO] Adding track segment (F.Cu): [(405765000, 116522500), (405765000, 135572500)]
13:41:21: [INFO] Routing COL1 pads
13:41:21: [INFO] Routing pad 'SW20:1' at (110490000, 59372500) with pad 'SW2:1' at (115252500, 35560000) using coordinate system rotated by 0 degree(s)
13:41:21: [INFO] Adding track segment (F.Cu): [(110490000, 59372500), (115252500, 54610000)]
13:41:21: [INFO] Adding track segment (F.Cu): [(115252500, 54610000), (115252500, 35560000)]
13:41:22: [INFO] Routing pad 'SW56:1' at (124777500, 97472500) with pad 'SW74:1' at (115252500, 116522500) using coordinate system rotated by 0 degree(s)
13:41:22: [INFO] Routing pad 'SW74:1' at (115252500, 116522500) with pad 'SW92:1' at (117633750, 135572500) using coordinate system rotated by 0 degree(s)
13:41:22: [INFO] Adding track segment (F.Cu): [(115252500, 116522500), (115252500, 133191250)]
13:41:22: [INFO] Adding track segment (F.Cu): [(115252500, 133191250), (117633750, 135572500)]
13:41:22: [INFO] Routing pad 'SW20:1' at (110490000, 59372500) with pad 'SW38:1' at (120015000, 78422500) using coordinate system rotated by 0 degree(s)
13:41:22: [INFO] Adding track segment (F.Cu): [(110490000, 59372500), (110490000, 68897500)]
13:41:22: [INFO] Adding track segment (F.Cu): [(110490000, 68897500), (120015000, 78422500)]
13:41:22: [INFO] Routing pad 'SW38:1' at (120015000, 78422500) with pad 'SW56:1' at (124777500, 97472500) using coordinate system rotated by 0 degree(s)
13:41:22: [INFO] Adding track segment (F.Cu): [(120015000, 78422500), (120015000, 92710000)]
13:41:22: [INFO] Adding track segment (F.Cu): [(120015000, 92710000), (124777500, 97472500)]
13:41:22: [INFO] Routing pad 'SW92:1' at (117633750, 135572500) with pad 'SW92a:1' at (124777500, 135572500) using coordinate system rotated by 0 degree(s)
13:41:22: [INFO] Adding track segment (F.Cu): [(117633750, 135572500), (124777500, 135572500)]
13:41:22: [INFO] Routing ROW3 pads
13:41:22: [INFO] Routing pad 'D55:1' at (107473750, 105412500) with pad 'D56:1' at (133667500, 105412500) using coordinate system rotated by 0 degree(s)
13:41:22: [INFO] Adding track segment (B.Cu): [(107473750, 105412500), (133667500, 105412500)]
13:41:22: [INFO] Routing pad 'D56:1' at (133667500, 105412500) with pad 'D57:1' at (152717500, 105412500) using coordinate system rotated by 0 degree(s)
13:41:22: [INFO] Adding track segment (B.Cu): [(133667500, 105412500), (152717500, 105412500)]
13:41:22: [INFO] Routing pad 'D57:1' at (152717500, 105412500) with pad 'D58:1' at (171767500, 105412500) using coordinate system rotated by 0 degree(s)
13:41:22: [INFO] Adding track segment (B.Cu): [(152717500, 105412500), (171767500, 105412500)]
13:41:22: [INFO] Routing pad 'D58:1' at (171767500, 105412500) with pad 'D59:1' at (190817500, 105412500) using coordinate system rotated by 0 degree(s)
13:41:22: [INFO] Adding track segment (B.Cu): [(171767500, 105412500), (190817500, 105412500)]
13:41:22: [INFO] Routing pad 'D59:1' at (190817500, 105412500) with pad 'D60:1' at (209867500, 105412500) using coordinate system rotated by 0 degree(s)
13:41:22: [INFO] Adding track segment (B.Cu): [(190817500, 105412500), (209867500, 105412500)]
13:41:22: [INFO] Routing pad 'D60:1' at (209867500, 105412500) with pad 'D61:1' at (228917500, 105412500) using coordinate system rotated by 0 degree(s)
13:41:22: [INFO] Adding track segment (B.Cu): [(209867500, 105412500), (228917500, 105412500)]
13:41:22: [INFO] Routing pad 'D61:1' at (228917500, 105412500) with pad 'D62:1' at (247967500, 105412500) using coordinate system rotated by 0 degree(s)
13:41:22: [INFO] Adding track segment (B.Cu): [(228917500, 105412500), (247967500, 105412500)]
13:41:22: [INFO] Routing pad 'D62:1' at (247967500, 105412500) with pad 'D63:1' at (267017500, 105412500) using coordinate system rotated by 0 degree(s)
13:41:22: [INFO] Adding track segment (B.Cu): [(247967500, 105412500), (267017500, 105412500)]
13:41:22: [INFO] Routing pad 'D63:1' at (267017500, 105412500) with pad 'D64:1' at (286067500, 105412500) using coordinate system rotated by 0 degree(s)
13:41:22: [INFO] Adding track segment (B.Cu): [(267017500, 105412500), (286067500, 105412500)]
13:41:22: [INFO] Routing pad 'D64:1' at (286067500, 105412500) with pad 'D65:1' at (305117500, 105412500) using coordinate system rotated by 0 degree(s)
13:41:22: [INFO] Adding track segment (B.Cu): [(286067500, 105412500), (305117500, 105412500)]
13:41:22: [INFO] Routing pad 'D65:1' at (305117500, 105412500) with pad 'D66:1' at (324167500, 105412500) using coordinate system rotated by 0 degree(s)
13:41:22: [INFO] Adding track segment (B.Cu): [(305117500, 105412500), (324167500, 105412500)]
13:41:22: [INFO] Routing pad 'D66:1' at (324167500, 105412500) with pad 'D68:1' at (355123750, 105412500) using coordinate system rotated by 0 degree(s)
13:41:22: [INFO] Adding track segment (B.Cu): [(324167500, 105412500), (355123750, 105412500)]
13:41:22: [INFO] Routing pad 'D68:1' at (355123750, 105412500) with pad 'D67:1' at (367030000, 67312500) using coordinate system rotated by 0 degree(s)
13:41:22: [INFO] Routing pad 'D68:1' at (355123750, 105412500) with pad 'D69:1' at (395605000, 105412500) using coordinate system rotated by 0 degree(s)
13:41:22: [INFO] Adding track segment (B.Cu): [(355123750, 105412500), (395605000, 105412500)]
13:41:22: [INFO] Routing pad 'D69:1' at (395605000, 105412500) with pad 'D70:1' at (414655000, 105412500) using coordinate system rotated by 0 degree(s)
13:41:22: [INFO] Adding track segment (B.Cu): [(395605000, 105412500), (414655000, 105412500)]
13:41:22: [INFO] Routing pad 'D70:1' at (414655000, 105412500) with pad 'D71:1' at (433705000, 105412500) using coordinate system rotated by 0 degree(s)
13:41:22: [INFO] Adding track segment (B.Cu): [(414655000, 105412500), (433705000, 105412500)]
13:41:22: [INFO] Routing pad 'D71:1' at (433705000, 105412500) with pad 'D72:1' at (452755000, 105412500) using coordinate system rotated by 0 degree(s)
13:41:22: [INFO] Adding track segment (B.Cu): [(433705000, 105412500), (452755000, 105412500)]
13:41:22: [INFO] Routing COL10 pads
13:41:22: [INFO] Routing pad 'SW65:1' at (296227500, 97472500) with pad 'SW83:1' at (286702500, 116522500) using coordinate system rotated by 0 degree(s)
13:41:22: [INFO] Adding track segment (F.Cu): [(296227500, 97472500), (296227500, 106997500)]
13:41:22: [INFO] Adding track segment (F.Cu): [(296227500, 106997500), (286702500, 116522500)]
13:41:22: [INFO] Routing pad 'SW83:1' at (286702500, 116522500) with pad 'SW95:1' at (286702500, 135572500) using coordinate system rotated by 0 degree(s)
13:41:22: [INFO] Adding track segment (F.Cu): [(286702500, 116522500), (286702500, 135572500)]
13:41:22: [INFO] Routing pad 'SW29:1' at (281940000, 59372500) with pad 'SW47:1' at (291465000, 78422500) using coordinate system rotated by 0 degree(s)
13:41:22: [INFO] Adding track segment (F.Cu): [(281940000, 59372500), (281940000, 68897500)]
13:41:22: [INFO] Adding track segment (F.Cu): [(281940000, 68897500), (291465000, 78422500)]
13:41:22: [INFO] Routing pad 'SW29:1' at (281940000, 59372500) with pad 'SW11:1' at (296227500, 35560000) using coordinate system rotated by 0 degree(s)
13:41:22: [INFO] Adding track segment (F.Cu): [(281940000, 59372500), (296227500, 45085000)]
13:41:22: [INFO] Adding track segment (F.Cu): [(296227500, 45085000), (296227500, 35560000)]
13:41:22: [INFO] Routing pad 'SW47:1' at (291465000, 78422500) with pad 'SW65:1' at (296227500, 97472500) using coordinate system rotated by 0 degree(s)
13:41:22: [INFO] Adding track segment (F.Cu): [(291465000, 78422500), (291465000, 92710000)]
13:41:22: [INFO] Adding track segment (F.Cu): [(291465000, 92710000), (296227500, 97472500)]
13:41:22: [INFO] Routing COL17 pads
13:41:22: [INFO] Routing pad 'SW18:1' at (443865000, 35560000) with pad 'SW36:1' at (443865000, 59372500) using coordinate system rotated by 0 degree(s)
13:41:22: [INFO] Adding track segment (F.Cu): [(443865000, 35560000), (443865000, 59372500)]
13:41:22: [INFO] Routing pad 'SW36:1' at (443865000, 59372500) with pad 'SW54a:1' at (443865000, 78422500) using coordinate system rotated by 0 degree(s)
13:41:22: [INFO] Adding track segment (F.Cu): [(443865000, 59372500), (443865000, 78422500)]
13:41:22: [INFO] Routing pad 'SW54a:1' at (443865000, 78422500) with pad 'SW54:1' at (443865000, 87947500) using coordinate system rotated by 0 degree(s)
13:41:22: [INFO] Adding track segment (F.Cu): [(443865000, 78422500), (443865000, 87947500)]
13:41:22: [INFO] Routing pad 'SW54:1' at (443865000, 87947500) with pad 'SW72:1' at (443865000, 97472500) using coordinate system rotated by 0 degree(s)
13:41:22: [INFO] Adding track segment (F.Cu): [(443865000, 87947500), (443865000, 97472500)]
13:41:22: [INFO] Routing pad 'SW72:1' at (443865000, 97472500) with pad 'SW90a:1' at (443865000, 116522500) using coordinate system rotated by 0 degree(s)
13:41:22: [INFO] Adding track segment (F.Cu): [(443865000, 97472500), (443865000, 116522500)]
13:41:22: [INFO] Routing pad 'SW90a:1' at (443865000, 116522500) with pad 'SW90:1' at (443865000, 126047500) using coordinate system rotated by 0 degree(s)
13:41:22: [INFO] Adding track segment (F.Cu): [(443865000, 116522500), (443865000, 126047500)]
13:41:22: [INFO] Routing pad 'SW90:1' at (443865000, 126047500) with pad 'SW102:1' at (443865000, 135572500) using coordinate system rotated by 0 degree(s)
13:41:22: [INFO] Adding track segment (F.Cu): [(443865000, 126047500), (443865000, 135572500)]
13:41:22: [INFO] Routing ROW1 pads
13:41:22: [INFO] Routing pad 'D19:1' at (100330000, 67312500) with pad 'D20:1' at (119380000, 67312500) using coordinate system rotated by 0 degree(s)
13:41:22: [INFO] Adding track segment (B.Cu): [(100330000, 67312500), (119380000, 67312500)]
13:41:22: [INFO] Routing pad 'D20:1' at (119380000, 67312500) with pad 'D21:1' at (138430000, 67312500) using coordinate system rotated by 0 degree(s)
13:41:22: [INFO] Adding track segment (B.Cu): [(119380000, 67312500), (138430000, 67312500)]
13:41:22: [INFO] Routing pad 'D21:1' at (138430000, 67312500) with pad 'D22:1' at (157480000, 67312500) using coordinate system rotated by 0 degree(s)
13:41:22: [INFO] Adding track segment (B.Cu): [(138430000, 67312500), (157480000, 67312500)]
13:41:22: [INFO] Routing pad 'D22:1' at (157480000, 67312500) with pad 'D23:1' at (176530000, 67312500) using coordinate system rotated by 0 degree(s)
13:41:22: [INFO] Adding track segment (B.Cu): [(157480000, 67312500), (176530000, 67312500)]
13:41:22: [INFO] Routing pad 'D23:1' at (176530000, 67312500) with pad 'D24:1' at (195580000, 67312500) using coordinate system rotated by 0 degree(s)
13:41:22: [INFO] Adding track segment (B.Cu): [(176530000, 67312500), (195580000, 67312500)]
13:41:22: [INFO] Routing pad 'D24:1' at (195580000, 67312500) with pad 'D25:1' at (214630000, 67312500) using coordinate system rotated by 0 degree(s)
13:41:22: [INFO] Adding track segment (B.Cu): [(195580000, 67312500), (214630000, 67312500)]
13:41:22: [INFO] Routing pad 'D25:1' at (214630000, 67312500) with pad 'D26:1' at (233680000, 67312500) using coordinate system rotated by 0 degree(s)
13:41:22: [INFO] Adding track segment (B.Cu): [(214630000, 67312500), (233680000, 67312500)]
13:41:22: [INFO] Routing pad 'D26:1' at (233680000, 67312500) with pad 'D27:1' at (252730000, 67312500) using coordinate system rotated by 0 degree(s)
13:41:22: [INFO] Adding track segment (B.Cu): [(233680000, 67312500), (252730000, 67312500)]
13:41:22: [INFO] Routing pad 'D27:1' at (252730000, 67312500) with pad 'D28:1' at (271780000, 67312500) using coordinate system rotated by 0 degree(s)
13:41:22: [INFO] Adding track segment (B.Cu): [(252730000, 67312500), (271780000, 67312500)]
13:41:22: [INFO] Routing pad 'D28:1' at (271780000, 67312500) with pad 'D29:1' at (290830000, 67312500) using coordinate system rotated by 0 degree(s)
13:41:22: [INFO] Adding track segment (B.Cu): [(271780000, 67312500), (290830000, 67312500)]
13:41:22: [INFO] Routing pad 'D29:1' at (290830000, 67312500) with pad 'D30:1' at (309880000, 67312500) using coordinate system rotated by 0 degree(s)
13:41:22: [INFO] Adding track segment (B.Cu): [(290830000, 67312500), (309880000, 67312500)]
13:41:22: [INFO] Routing pad 'D30:1' at (309880000, 67312500) with pad 'D31:1' at (328930000, 67312500) using coordinate system rotated by 0 degree(s)
13:41:22: [INFO] Adding track segment (B.Cu): [(309880000, 67312500), (328930000, 67312500)]
13:41:22: [INFO] Routing pad 'D31:1' at (328930000, 67312500) with pad 'D32:1' at (357505000, 67312500) using coordinate system rotated by 0 degree(s)
13:41:22: [INFO] Adding track segment (B.Cu): [(328930000, 67312500), (357505000, 67312500)]
13:41:22: [INFO] Routing pad 'D32:1' at (357505000, 67312500) with pad 'D33:1' at (395605000, 67312500) using coordinate system rotated by 0 degree(s)
13:41:22: [INFO] Adding track segment (B.Cu): [(357505000, 67312500), (395605000, 67312500)]
13:41:22: [INFO] Could not add track segment due to detected collision
13:41:22: [INFO] Routing pad 'D33:1' at (395605000, 67312500) with pad 'D34:1' at (414655000, 67312500) using coordinate system rotated by 0 degree(s)
13:41:22: [INFO] Adding track segment (B.Cu): [(395605000, 67312500), (414655000, 67312500)]
13:41:22: [INFO] Routing pad 'D34:1' at (414655000, 67312500) with pad 'D35:1' at (433705000, 67312500) using coordinate system rotated by 0 degree(s)
13:41:22: [INFO] Adding track segment (B.Cu): [(414655000, 67312500), (433705000, 67312500)]
13:41:22: [INFO] Routing pad 'D35:1' at (433705000, 67312500) with pad 'D36:1' at (452755000, 67312500) using coordinate system rotated by 0 degree(s)
13:41:22: [INFO] Adding track segment (B.Cu): [(433705000, 67312500), (452755000, 67312500)]
13:41:22: [INFO] Routing ROW2 pads
13:41:22: [INFO] Routing pad 'D37:1' at (105092500, 86362500) with pad 'D38:1' at (128905000, 86362500) using coordinate system rotated by 0 degree(s)
13:41:22: [INFO] Adding track segment (B.Cu): [(105092500, 86362500), (128905000, 86362500)]
13:41:22: [INFO] Routing pad 'D38:1' at (128905000, 86362500) with pad 'D39:1' at (147955000, 86362500) using coordinate system rotated by 0 degree(s)
13:41:22: [INFO] Adding track segment (B.Cu): [(128905000, 86362500), (147955000, 86362500)]
13:41:22: [INFO] Routing pad 'D39:1' at (147955000, 86362500) with pad 'D40:1' at (167005000, 86362500) using coordinate system rotated by 0 degree(s)
13:41:22: [INFO] Adding track segment (B.Cu): [(147955000, 86362500), (167005000, 86362500)]
13:41:22: [INFO] Routing pad 'D40:1' at (167005000, 86362500) with pad 'D41:1' at (186055000, 86362500) using coordinate system rotated by 0 degree(s)
13:41:22: [INFO] Adding track segment (B.Cu): [(167005000, 86362500), (186055000, 86362500)]
13:41:22: [INFO] Routing pad 'D41:1' at (186055000, 86362500) with pad 'D42:1' at (205105000, 86362500) using coordinate system rotated by 0 degree(s)
13:41:22: [INFO] Adding track segment (B.Cu): [(186055000, 86362500), (205105000, 86362500)]
13:41:22: [INFO] Routing pad 'D42:1' at (205105000, 86362500) with pad 'D43:1' at (224155000, 86362500) using coordinate system rotated by 0 degree(s)
13:41:22: [INFO] Adding track segment (B.Cu): [(205105000, 86362500), (224155000, 86362500)]
13:41:22: [INFO] Routing pad 'D43:1' at (224155000, 86362500) with pad 'D44:1' at (243205000, 86362500) using coordinate system rotated by 0 degree(s)
13:41:22: [INFO] Adding track segment (B.Cu): [(224155000, 86362500), (243205000, 86362500)]
13:41:22: [INFO] Routing pad 'D44:1' at (243205000, 86362500) with pad 'D45:1' at (262255000, 86362500) using coordinate system rotated by 0 degree(s)
13:41:22: [INFO] Adding track segment (B.Cu): [(243205000, 86362500), (262255000, 86362500)]
13:41:22: [INFO] Routing pad 'D45:1' at (262255000, 86362500) with pad 'D46:1' at (281305000, 86362500) using coordinate system rotated by 0 degree(s)
13:41:22: [INFO] Adding track segment (B.Cu): [(262255000, 86362500), (281305000, 86362500)]
13:41:22: [INFO] Routing pad 'D46:1' at (281305000, 86362500) with pad 'D47:1' at (300355000, 86362500) using coordinate system rotated by 0 degree(s)
13:41:22: [INFO] Adding track segment (B.Cu): [(281305000, 86362500), (300355000, 86362500)]
13:41:22: [INFO] Routing pad 'D47:1' at (300355000, 86362500) with pad 'D48:1' at (319405000, 86362500) using coordinate system rotated by 0 degree(s)
13:41:22: [INFO] Adding track segment (B.Cu): [(300355000, 86362500), (319405000, 86362500)]
13:41:22: [INFO] Routing pad 'D48:1' at (319405000, 86362500) with pad 'D49:1' at (338455000, 86362500) using coordinate system rotated by 0 degree(s)
13:41:22: [INFO] Adding track segment (B.Cu): [(319405000, 86362500), (338455000, 86362500)]
13:41:22: [INFO] Routing pad 'D49:1' at (338455000, 86362500) with pad 'D50:1' at (362267500, 86362500) using coordinate system rotated by 0 degree(s)
13:41:22: [INFO] Adding track segment (B.Cu): [(338455000, 86362500), (362267500, 86362500)]
13:41:22: [INFO] Could not add track segment due to detected collision
13:41:22: [INFO] Routing pad 'D50:1' at (362267500, 86362500) with pad 'D51:1' at (395605000, 86362500) using coordinate system rotated by 0 degree(s)
13:41:22: [INFO] Adding track segment (B.Cu): [(362267500, 86362500), (395605000, 86362500)]
13:41:22: [INFO] Could not add track segment due to detected collision
13:41:22: [INFO] Routing pad 'D51:1' at (395605000, 86362500) with pad 'D52:1' at (414655000, 86362500) using coordinate system rotated by 0 degree(s)
13:41:22: [INFO] Adding track segment (B.Cu): [(395605000, 86362500), (414655000, 86362500)]
13:41:22: [INFO] Routing pad 'D52:1' at (414655000, 86362500) with pad 'D53:1' at (433705000, 86362500) using coordinate system rotated by 0 degree(s)
13:41:22: [INFO] Adding track segment (B.Cu): [(414655000, 86362500), (433705000, 86362500)]
13:41:22: [INFO] Routing pad 'D53:1' at (433705000, 86362500) with pad 'D54:1' at (452755000, 95887500) using coordinate system rotated by 0 degree(s)
13:41:22: [INFO] Routing COL9 pads
13:41:22: [INFO] Routing pad 'SW64:1' at (277177500, 97472500) with pad 'SW82:1' at (267652500, 116522500) using coordinate system rotated by 0 degree(s)
13:41:22: [INFO] Adding track segment (F.Cu): [(277177500, 97472500), (277177500, 106997500)]
13:41:22: [INFO] Adding track segment (F.Cu): [(277177500, 106997500), (267652500, 116522500)]
13:41:22: [INFO] Routing pad 'SW28:1' at (262890000, 59372500) with pad 'SW46:1' at (272415000, 78422500) using coordinate system rotated by 0 degree(s)
13:41:22: [INFO] Adding track segment (F.Cu): [(262890000, 59372500), (262890000, 68897500)]
13:41:22: [INFO] Adding track segment (F.Cu): [(262890000, 68897500), (272415000, 78422500)]
13:41:22: [INFO] Routing pad 'SW28:1' at (262890000, 59372500) with pad 'SW10:1' at (277177500, 35560000) using coordinate system rotated by 0 degree(s)
13:41:22: [INFO] Adding track segment (F.Cu): [(262890000, 59372500), (277177500, 45085000)]
13:41:22: [INFO] Adding track segment (F.Cu): [(277177500, 45085000), (277177500, 35560000)]
13:41:22: [INFO] Routing pad 'SW46:1' at (272415000, 78422500) with pad 'SW64:1' at (277177500, 97472500) using coordinate system rotated by 0 degree(s)
13:41:22: [INFO] Adding track segment (F.Cu): [(272415000, 78422500), (272415000, 92710000)]
13:41:22: [INFO] Adding track segment (F.Cu): [(272415000, 92710000), (277177500, 97472500)]
13:41:22: [INFO] Routing COL4 pads
13:41:22: [INFO] Routing pad 'SW23:1' at (167640000, 59372500) with pad 'SW5:1' at (172402500, 35560000) using coordinate system rotated by 0 degree(s)
13:41:22: [INFO] Adding track segment (F.Cu): [(167640000, 59372500), (172402500, 54610000)]
13:41:22: [INFO] Adding track segment (F.Cu): [(172402500, 54610000), (172402500, 35560000)]
13:41:22: [INFO] Routing pad 'SW59:1' at (181927500, 97472500) with pad 'SW77:1' at (172402500, 116522500) using coordinate system rotated by 0 degree(s)
13:41:23: [INFO] Adding track segment (F.Cu): [(181927500, 97472500), (181927500, 106997500)]
13:41:23: [INFO] Adding track segment (F.Cu): [(181927500, 106997500), (172402500, 116522500)]
13:41:23: [INFO] Routing pad 'SW23:1' at (167640000, 59372500) with pad 'SW41:1' at (177165000, 78422500) using coordinate system rotated by 0 degree(s)
13:41:23: [INFO] Adding track segment (F.Cu): [(167640000, 59372500), (167640000, 68897500)]
13:41:23: [INFO] Adding track segment (F.Cu): [(167640000, 68897500), (177165000, 78422500)]
13:41:23: [INFO] Routing pad 'SW41:1' at (177165000, 78422500) with pad 'SW59:1' at (181927500, 97472500) using coordinate system rotated by 0 degree(s)
13:41:23: [INFO] Adding track segment (F.Cu): [(177165000, 78422500), (177165000, 92710000)]
13:41:23: [INFO] Adding track segment (F.Cu): [(177165000, 92710000), (181927500, 97472500)]
13:41:23: [INFO] Routing COL0 pads
13:41:23: [INFO] Routing pad 'SW1:1' at (91440000, 35560000) with pad 'SW19:1' at (91440000, 59372500) using coordinate system rotated by 0 degree(s)
13:41:23: [INFO] Adding track segment (F.Cu): [(91440000, 35560000), (91440000, 59372500)]
13:41:23: [INFO] Routing pad 'SW55:1' at (98583750, 97472500) with pad 'SW73a:1' at (93821250, 116522500) using coordinate system rotated by 0 degree(s)
13:41:23: [INFO] Adding track segment (F.Cu): [(98583750, 97472500), (98583750, 111760000)]
13:41:23: [INFO] Adding track segment (F.Cu): [(98583750, 111760000), (93821250, 116522500)]
13:41:23: [INFO] Routing pad 'SW73a:1' at (93821250, 116522500) with pad 'SW91:1' at (93821250, 135572500) using coordinate system rotated by 0 degree(s)
13:41:23: [INFO] Adding track segment (F.Cu): [(93821250, 116522500), (93821250, 135572500)]
13:41:23: [INFO] Could not add track segment due to detected collision
13:41:23: [INFO] Routing pad 'SW19:1' at (91440000, 59372500) with pad 'SW37:1' at (96202500, 78422500) using coordinate system rotated by 0 degree(s)
13:41:23: [INFO] Adding track segment (F.Cu): [(91440000, 59372500), (91440000, 73660000)]
13:41:23: [INFO] Adding track segment (F.Cu): [(91440000, 73660000), (96202500, 78422500)]
13:41:23: [INFO] Routing pad 'SW91:1' at (93821250, 135572500) with pad 'SW91a:1' at (96202500, 135572500) using coordinate system rotated by 0 degree(s)
13:41:23: [INFO] Adding track segment (F.Cu): [(93821250, 135572500), (96202500, 135572500)]
13:41:23: [INFO] Routing pad 'SW37:1' at (96202500, 78422500) with pad 'SW55:1' at (98583750, 97472500) using coordinate system rotated by 0 degree(s)
13:41:23: [INFO] Adding track segment (F.Cu): [(96202500, 78422500), (96202500, 95091250)]
13:41:23: [INFO] Adding track segment (F.Cu): [(96202500, 95091250), (98583750, 97472500)]
13:41:23: [INFO] Routing pad 'SW73a:1' at (93821250, 116522500) with pad 'SW73:1' at (103346250, 116522500) using coordinate system rotated by 0 degree(s)
13:41:23: [INFO] Adding track segment (F.Cu): [(93821250, 116522500), (103346250, 116522500)]
13:41:23: [INFO] Routing COL3 pads
13:41:23: [INFO] Routing pad 'SW22:1' at (148590000, 59372500) with pad 'SW4:1' at (153352500, 35560000) using coordinate system rotated by 0 degree(s)
13:41:23: [INFO] Adding track segment (F.Cu): [(148590000, 59372500), (153352500, 54610000)]
13:41:23: [INFO] Adding track segment (F.Cu): [(153352500, 54610000), (153352500, 35560000)]
13:41:23: [INFO] Routing pad 'SW58:1' at (162877500, 97472500) with pad 'SW76:1' at (153352500, 116522500) using coordinate system rotated by 0 degree(s)
13:41:23: [INFO] Adding track segment (F.Cu): [(162877500, 97472500), (162877500, 106997500)]
13:41:23: [INFO] Adding track segment (F.Cu): [(162877500, 106997500), (153352500, 116522500)]
13:41:23: [INFO] Routing pad 'SW22:1' at (148590000, 59372500) with pad 'SW40:1' at (158115000, 78422500) using coordinate system rotated by 0 degree(s)
13:41:23: [INFO] Adding track segment (F.Cu): [(148590000, 59372500), (148590000, 68897500)]
13:41:23: [INFO] Adding track segment (F.Cu): [(148590000, 68897500), (158115000, 78422500)]
13:41:23: [INFO] Routing pad 'SW40:1' at (158115000, 78422500) with pad 'SW58:1' at (162877500, 97472500) using coordinate system rotated by 0 degree(s)
13:41:23: [INFO] Adding track segment (F.Cu): [(158115000, 78422500), (158115000, 92710000)]
13:41:23: [INFO] Adding track segment (F.Cu): [(158115000, 92710000), (162877500, 97472500)]
13:41:23: [INFO] Routing COL12 pads
13:41:23: [INFO] Routing pad 'SW31:1' at (320040000, 59372500) with pad 'SW49:1' at (329565000, 78422500) using coordinate system rotated by 0 degree(s)
13:41:23: [INFO] Adding track segment (F.Cu): [(320040000, 59372500), (320040000, 68897500)]
13:41:23: [INFO] Adding track segment (F.Cu): [(320040000, 68897500), (329565000, 78422500)]
13:41:23: [INFO] Routing pad 'SW49:1' at (329565000, 78422500) with pad 'SW85:1' at (331946250, 116522500) using coordinate system rotated by 0 degree(s)
13:41:23: [INFO] Adding track segment (F.Cu): [(329565000, 78422500), (329565000, 114141250)]
13:41:23: [INFO] Adding track segment (F.Cu): [(329565000, 114141250), (331946250, 116522500)]
13:41:23: [INFO] Routing pad 'SW31:1' at (320040000, 59372500) with pad 'SW13:1' at (334327500, 35560000) using coordinate system rotated by 0 degree(s)
13:41:23: [INFO] Adding track segment (F.Cu): [(320040000, 59372500), (334327500, 45085000)]
13:41:23: [INFO] Adding track segment (F.Cu): [(334327500, 45085000), (334327500, 35560000)]
13:41:23: [INFO] Routing pad 'SW85:1' at (331946250, 116522500) with pad 'SW97:1' at (343852500, 140335000) using coordinate system rotated by 0 degree(s)
13:41:23: [INFO] Adding track segment (F.Cu): [(331946250, 116522500), (331946250, 128428750)]
13:41:23: [INFO] Adding track segment (F.Cu): [(331946250, 128428750), (343852500, 140335000)]
13:41:23: [INFO] Routing pad 'SW13:1' at (334327500, 35560000) with pad 'SW67:1' at (358140000, 59372500) using coordinate system rotated by 0 degree(s)
13:41:23: [INFO] Routing COL14 pads
13:41:23: [INFO] Routing pad 'SW33:1' at (386715000, 59372500) with pad 'SW15:1' at (386715000, 35560000) using coordinate system rotated by 0 degree(s)
13:41:23: [INFO] Adding track segment (F.Cu): [(386715000, 59372500), (386715000, 35560000)]
13:41:23: [INFO] Routing pad 'SW51:1' at (386715000, 78422500) with pad 'SW33:1' at (386715000, 59372500) using coordinate system rotated by 0 degree(s)
13:41:23: [INFO] Adding track segment (F.Cu): [(386715000, 78422500), (386715000, 59372500)]
13:41:23: [INFO] Routing pad 'SW69:1' at (386715000, 97472500) with pad 'SW51:1' at (386715000, 78422500) using coordinate system rotated by 0 degree(s)
13:41:23: [INFO] Adding track segment (F.Cu): [(386715000, 97472500), (386715000, 78422500)]
13:41:23: [INFO] Routing pad 'SW87:1' at (386715000, 116522500) with pad 'SW69:1' at (386715000, 97472500) using coordinate system rotated by 0 degree(s)
13:41:23: [INFO] Adding track segment (F.Cu): [(386715000, 116522500), (386715000, 97472500)]
13:41:23: [INFO] Routing pad 'SW99:1' at (381952500, 140335000) with pad 'SW87:1' at (386715000, 116522500) using coordinate system rotated by 0 degree(s)
13:41:23: [INFO] Adding track segment (F.Cu): [(381952500, 140335000), (386715000, 135572500)]
13:41:23: [INFO] Adding track segment (F.Cu): [(386715000, 135572500), (386715000, 116522500)]
13:41:23: [INFO] Routing ROW4 pads
13:41:23: [INFO] Routing pad 'D73:1' at (112236250, 124462500) with pad 'D74:1' at (124142500, 124462500) using coordinate system rotated by 0 degree(s)
13:41:23: [INFO] Adding track segment (B.Cu): [(112236250, 124462500), (124142500, 124462500)]
13:41:23: [INFO] Routing pad 'D74:1' at (124142500, 124462500) with pad 'D75:1' at (143192500, 124462500) using coordinate system rotated by 0 degree(s)
13:41:23: [INFO] Adding track segment (B.Cu): [(124142500, 124462500), (143192500, 124462500)]
13:41:23: [INFO] Routing pad 'D75:1' at (143192500, 124462500) with pad 'D76:1' at (162242500, 124462500) using coordinate system rotated by 0 degree(s)
13:41:23: [INFO] Adding track segment (B.Cu): [(143192500, 124462500), (162242500, 124462500)]
13:41:23: [INFO] Routing pad 'D76:1' at (162242500, 124462500) with pad 'D77:1' at (181292500, 124462500) using coordinate system rotated by 0 degree(s)
13:41:23: [INFO] Adding track segment (B.Cu): [(162242500, 124462500), (181292500, 124462500)]
13:41:23: [INFO] Routing pad 'D77:1' at (181292500, 124462500) with pad 'D78:1' at (200342500, 124462500) using coordinate system rotated by 0 degree(s)
13:41:23: [INFO] Adding track segment (B.Cu): [(181292500, 124462500), (200342500, 124462500)]
13:41:23: [INFO] Routing pad 'D78:1' at (200342500, 124462500) with pad 'D79:1' at (219392500, 124462500) using coordinate system rotated by 0 degree(s)
13:41:23: [INFO] Adding track segment (B.Cu): [(200342500, 124462500), (219392500, 124462500)]
13:41:23: [INFO] Routing pad 'D79:1' at (219392500, 124462500) with pad 'D80:1' at (238442500, 124462500) using coordinate system rotated by 0 degree(s)
13:41:23: [INFO] Adding track segment (B.Cu): [(219392500, 124462500), (238442500, 124462500)]
13:41:23: [INFO] Routing pad 'D80:1' at (238442500, 124462500) with pad 'D81:1' at (257492500, 124462500) using coordinate system rotated by 0 degree(s)
13:41:23: [INFO] Adding track segment (B.Cu): [(238442500, 124462500), (257492500, 124462500)]
13:41:23: [INFO] Routing pad 'D81:1' at (257492500, 124462500) with pad 'D82:1' at (276542500, 124462500) using coordinate system rotated by 0 degree(s)
13:41:23: [INFO] Adding track segment (B.Cu): [(257492500, 124462500), (276542500, 124462500)]
13:41:23: [INFO] Routing pad 'D82:1' at (276542500, 124462500) with pad 'D83:1' at (295592500, 124462500) using coordinate system rotated by 0 degree(s)
13:41:23: [INFO] Adding track segment (B.Cu): [(276542500, 124462500), (295592500, 124462500)]
13:41:23: [INFO] Routing pad 'D83:1' at (295592500, 124462500) with pad 'D84:1' at (314642500, 124462500) using coordinate system rotated by 0 degree(s)
13:41:23: [INFO] Adding track segment (B.Cu): [(295592500, 124462500), (314642500, 124462500)]
13:41:23: [INFO] Routing pad 'D84:1' at (314642500, 124462500) with pad 'D85:1' at (340836250, 124462500) using coordinate system rotated by 0 degree(s)
13:41:23: [INFO] Adding track segment (B.Cu): [(314642500, 124462500), (340836250, 124462500)]
13:41:23: [INFO] Routing pad 'D85:1' at (340836250, 124462500) with pad 'D86:1' at (371792500, 129225000) using coordinate system rotated by 0 degree(s)
13:41:23: [INFO] Adding track segment (B.Cu): [(340836250, 124462500), (345598750, 129225000)]
13:41:23: [INFO] Adding track segment (B.Cu): [(345598750, 129225000), (371792500, 129225000)]
13:41:23: [INFO] Routing pad 'D86:1' at (371792500, 129225000) with pad 'D87:1' at (395605000, 124462500) using coordinate system rotated by 0 degree(s)
13:41:23: [INFO] Adding track segment (B.Cu): [(371792500, 129225000), (390842500, 129225000)]
13:41:23: [INFO] Adding track segment (B.Cu): [(390842500, 129225000), (395605000, 124462500)]
13:41:23: [INFO] Routing pad 'D87:1' at (395605000, 124462500) with pad 'D88:1' at (414655000, 124462500) using coordinate system rotated by 0 degree(s)
13:41:23: [INFO] Adding track segment (B.Cu): [(395605000, 124462500), (414655000, 124462500)]
13:41:23: [INFO] Routing pad 'D88:1' at (414655000, 124462500) with pad 'D89:1' at (433705000, 124462500) using coordinate system rotated by 0 degree(s)
13:41:23: [INFO] Adding track segment (B.Cu): [(414655000, 124462500), (433705000, 124462500)]
13:41:23: [INFO] Routing pad 'D89:1' at (433705000, 124462500) with pad 'D90:1' at (452755000, 133987500) using coordinate system rotated by 0 degree(s)
13:41:23: [INFO] Routing COL16 pads
13:41:23: [INFO] Routing pad 'SW17:1' at (424815000, 35560000) with pad 'SW35:1' at (424815000, 59372500) using coordinate system rotated by 0 degree(s)
13:41:23: [INFO] Adding track segment (F.Cu): [(424815000, 35560000), (424815000, 59372500)]
13:41:23: [INFO] Routing pad 'SW35:1' at (424815000, 59372500) with pad 'SW53:1' at (424815000, 78422500) using coordinate system rotated by 0 degree(s)
13:41:23: [INFO] Adding track segment (F.Cu): [(424815000, 59372500), (424815000, 78422500)]
13:41:23: [INFO] Routing pad 'SW53:1' at (424815000, 78422500) with pad 'SW71:1' at (424815000, 97472500) using coordinate system rotated by 0 degree(s)
13:41:23: [INFO] Adding track segment (F.Cu): [(424815000, 78422500), (424815000, 97472500)]
13:41:23: [INFO] Routing pad 'SW71:1' at (424815000, 97472500) with pad 'SW89:1' at (424815000, 116522500) using coordinate system rotated by 0 degree(s)
13:41:23: [INFO] Adding track segment (F.Cu): [(424815000, 97472500), (424815000, 116522500)]
13:41:23: [INFO] Routing pad 'SW89:1' at (424815000, 116522500) with pad 'SW101:1' at (424815000, 135572500) using coordinate system rotated by 0 degree(s)
13:41:23: [INFO] Adding track segment (F.Cu): [(424815000, 116522500), (424815000, 135572500)]
13:41:23: [INFO] Routing COL13 pads
13:41:23: [INFO] Routing pad 'SW32:1' at (348615000, 59372500) with pad 'SW32a:1' at (339090000, 59372500) using coordinate system rotated by 0 degree(s)
13:41:23: [INFO] Adding track segment (F.Cu): [(348615000, 59372500), (339090000, 59372500)]
13:41:23: [INFO] Routing pad 'SW50a:1' at (334327500, 97472500) with pad 'SW68:1' at (346233750, 97472500) using coordinate system rotated by 0 degree(s)
13:41:23: [INFO] Adding track segment (F.Cu): [(334327500, 97472500), (346233750, 97472500)]
13:41:23: [INFO] Routing pad 'SW50:1' at (353377500, 78422500) with pad 'SW32:1' at (348615000, 59372500) using coordinate system rotated by 0 degree(s)
13:41:23: [INFO] Routing pad 'SW68a:1' at (355758750, 87947500) with pad 'SW50:1' at (353377500, 78422500) using coordinate system rotated by 0 degree(s)
13:41:23: [INFO] Routing pad 'SW68:1' at (346233750, 97472500) with pad 'SW68a:1' at (355758750, 87947500) using coordinate system rotated by 0 degree(s)
13:41:23: [INFO] Routing pad 'SW32:1' at (348615000, 59372500) with pad 'SW14:1' at (358140000, 35560000) using coordinate system rotated by 0 degree(s)
13:41:23: [INFO] Adding track segment (F.Cu): [(348615000, 59372500), (358140000, 49847500)]
13:41:23: [INFO] Adding track segment (F.Cu): [(358140000, 49847500), (358140000, 35560000)]
13:41:23: [INFO] Routing pad 'SW68:1' at (346233750, 97472500) with pad 'SW86:1' at (362902500, 121285000) using coordinate system rotated by 0 degree(s)
13:41:23: [INFO] Adding track segment (F.Cu): [(346233750, 97472500), (346233750, 104616250)]
13:41:23: [INFO] Adding track segment (F.Cu): [(346233750, 104616250), (362902500, 121285000)]
13:41:23: [INFO] Routing pad 'SW86:1' at (362902500, 121285000) with pad 'SW98:1' at (362902500, 140335000) using coordinate system rotated by 0 degree(s)
13:41:23: [INFO] Adding track segment (F.Cu): [(362902500, 121285000), (362902500, 140335000)]
13:41:24: [INFO] Routing COL2 pads
13:41:24: [INFO] Routing pad 'SW21:1' at (129540000, 59372500) with pad 'SW3:1' at (134302500, 35560000) using coordinate system rotated by 0 degree(s)
13:41:24: [INFO] Adding track segment (F.Cu): [(129540000, 59372500), (134302500, 54610000)]
13:41:24: [INFO] Adding track segment (F.Cu): [(134302500, 54610000), (134302500, 35560000)]
13:41:24: [INFO] Routing pad 'SW57:1' at (143827500, 97472500) with pad 'SW75:1' at (134302500, 116522500) using coordinate system rotated by 0 degree(s)
13:41:24: [INFO] Adding track segment (F.Cu): [(143827500, 97472500), (143827500, 106997500)]
13:41:24: [INFO] Adding track segment (F.Cu): [(143827500, 106997500), (134302500, 116522500)]
13:41:24: [INFO] Routing pad 'SW21:1' at (129540000, 59372500) with pad 'SW39:1' at (139065000, 78422500) using coordinate system rotated by 0 degree(s)
13:41:24: [INFO] Adding track segment (F.Cu): [(129540000, 59372500), (129540000, 68897500)]
13:41:24: [INFO] Adding track segment (F.Cu): [(129540000, 68897500), (139065000, 78422500)]
13:41:24: [INFO] Routing pad 'SW75:1' at (134302500, 116522500) with pad 'SW93:1' at (141446250, 135572500) using coordinate system rotated by 0 degree(s)
13:41:24: [INFO] Adding track segment (F.Cu): [(134302500, 116522500), (134302500, 128428750)]
13:41:24: [INFO] Adding track segment (F.Cu): [(134302500, 128428750), (141446250, 135572500)]
13:41:24: [INFO] Routing pad 'SW39:1' at (139065000, 78422500) with pad 'SW57:1' at (143827500, 97472500) using coordinate system rotated by 0 degree(s)
13:41:24: [INFO] Adding track segment (F.Cu): [(139065000, 78422500), (139065000, 92710000)]
13:41:24: [INFO] Adding track segment (F.Cu): [(139065000, 92710000), (143827500, 97472500)]
13:41:24: [INFO] Routing COL11 pads
13:41:24: [INFO] Routing pad 'SW66:1' at (315277500, 97472500) with pad 'SW84:1' at (305752500, 116522500) using coordinate system rotated by 0 degree(s)
13:41:24: [INFO] Adding track segment (F.Cu): [(315277500, 97472500), (315277500, 106997500)]
13:41:24: [INFO] Adding track segment (F.Cu): [(315277500, 106997500), (305752500, 116522500)]
13:41:24: [INFO] Routing pad 'SW30:1' at (300990000, 59372500) with pad 'SW48:1' at (310515000, 78422500) using coordinate system rotated by 0 degree(s)
13:41:24: [INFO] Adding track segment (F.Cu): [(300990000, 59372500), (300990000, 68897500)]
13:41:24: [INFO] Adding track segment (F.Cu): [(300990000, 68897500), (310515000, 78422500)]
13:41:24: [INFO] Routing pad 'SW30:1' at (300990000, 59372500) with pad 'SW12:1' at (315277500, 35560000) using coordinate system rotated by 0 degree(s)
13:41:24: [INFO] Adding track segment (F.Cu): [(300990000, 59372500), (315277500, 45085000)]
13:41:24: [INFO] Adding track segment (F.Cu): [(315277500, 45085000), (315277500, 35560000)]
13:41:24: [INFO] Routing pad 'SW48:1' at (310515000, 78422500) with pad 'SW66:1' at (315277500, 97472500) using coordinate system rotated by 0 degree(s)
13:41:24: [INFO] Adding track segment (F.Cu): [(310515000, 78422500), (310515000, 92710000)]
13:41:24: [INFO] Adding track segment (F.Cu): [(310515000, 92710000), (315277500, 97472500)]
13:41:24: [INFO] Routing pad 'SW84:1' at (305752500, 116522500) with pad 'SW96:1' at (315277500, 135572500) using coordinate system rotated by 0 degree(s)
13:41:24: [INFO] Adding track segment (F.Cu): [(305752500, 116522500), (305752500, 126047500)]
13:41:24: [INFO] Adding track segment (F.Cu): [(305752500, 126047500), (315277500, 135572500)]
13:41:24: [INFO] Routing COL8 pads
13:41:24: [INFO] Routing pad 'SW63:1' at (258127500, 97472500) with pad 'SW81:1' at (248602500, 116522500) using coordinate system rotated by 0 degree(s)
13:41:24: [INFO] Adding track segment (F.Cu): [(258127500, 97472500), (258127500, 106997500)]
13:41:24: [INFO] Adding track segment (F.Cu): [(258127500, 106997500), (248602500, 116522500)]
13:41:24: [INFO] Routing pad 'SW27:1' at (243840000, 59372500) with pad 'SW9:1' at (253365000, 35560000) using coordinate system rotated by 0 degree(s)
13:41:24: [INFO] Adding track segment (F.Cu): [(243840000, 59372500), (253365000, 49847500)]
13:41:24: [INFO] Adding track segment (F.Cu): [(253365000, 49847500), (253365000, 35560000)]
13:41:24: [INFO] Routing pad 'SW27:1' at (243840000, 59372500) with pad 'SW45:1' at (253365000, 78422500) using coordinate system rotated by 0 degree(s)
13:41:24: [INFO] Adding track segment (F.Cu): [(243840000, 59372500), (243840000, 68897500)]
13:41:24: [INFO] Adding track segment (F.Cu): [(243840000, 68897500), (253365000, 78422500)]
13:41:24: [INFO] Routing pad 'SW45:1' at (253365000, 78422500) with pad 'SW63:1' at (258127500, 97472500) using coordinate system rotated by 0 degree(s)
13:41:24: [INFO] Adding track segment (F.Cu): [(253365000, 78422500), (253365000, 92710000)]
13:41:24: [INFO] Adding track segment (F.Cu): [(253365000, 92710000), (258127500, 97472500)]
13:41:24: [INFO] Removing dangling tracks
