=== kbplacer.kle_serial ===
=== layout2image.py ===
=== kbplacer ===
13:35:38: [INFO] User layout: https://editor.keyboard-tools.xyz/#share=NrDeCIGNwLgAnAYgIareAvgGgQBi7gDoB2JJALFgIzg7j5VmnGU04QAescuAdAEwBWOtHhJIEybQQATbgBcATgFcAptjwEmFAtIhz4StRvrVtLXe3Bd4fYQlEJEAdldvMdfPz1Ru4yRIemgDM0qbkYfiCkVgAbDHOMQAcPjZwVLy4JsK4YcJsCMLedMKhJVgR5dFWjkho6HQA7tz82VjO5vi5NX6IAYF0BnBG6uVJ5sGWcJzcfM72vmIo9chB4MKxndR57VsFM-D8mW3jzCSTNAC6WABQwOBUWmcWBQ9mz6ypswILtX39YSGIxMjyIHym+gUKlGCEejHB3Wm1m+v16K1WTW4GUEIKwxSRf360FxZVhFTCj2qZPidEeiSsaQyWTosSm4FZr1Z+PZWFJPMqCFZVJ5NKRzXg2JMrI6z1BPiB0KlWFOTEmiIOcCO+AcvTc7kxEp+dAAFi0mt5DQtjRb0nQODaALR8IQmZy7WXbBlY3iopbotaslXMC7ga53cD8J5MT50SPw6OepFpZ2+pxEwFQ4yxqPMSjq8AKrMIOPmPNfWw+kRolZhcXpXjzEyR-EQQkApu8sKRgURrDCyOi3v0pPe5kIN2I8Bu15u7luvluntuqmt3V64fgOtHF10N0yphynpLdODTMwqfKiYQ5GGscXzYe-Y3zUN1N1Guuy-PENh+5q0uJuAFwAU+yZGjqx4AqehiKnQ-4IvKZ4mMBCFehWb7LPUtYtD8yF4uYkb5m2ARrJMPaTMKkyDpMG6TCkaH1neSRssxrzMdyzF8sx5DmDkPh-P6Bovo2dDMQ+TB8UeaZQbISGiV+qrXmBIkINxvGJqufo1kJGQqeAYnqWx7oSRpz4piYzFBuc2y-uAeYgWErAOQxKZVpBJHQcMsEIPZqFIoW55OX5Gp2G5TiCQgdYZDuPl4j4UW4XQlCkhACUxXZ5JWGlOJJX25jMfmW6JbF+7MAV5aMUJRx6QAnO8TCsoV3rpXV-DmBO8XNTlCB1cE7XXtlJh1eJzAdVlXVDcZo3XsRUiecCdB1VZxBqhVcwLAlelqc8RT8dWWEWXE6kcVNJC7S5xXgEtV5XLcYDPuQr46Zdkxtc8cZhJMfXvaZjKVpFOHpZQgj5aZg25aVJCsRVTLPS1OYkBynWWpN8bMEji34c805hL1-WvHVPHY4Bw347jp3EDjv4akk-2bhNuUg887GOUdzNxeNhpAxTLOXJcQA
13:35:38: [INFO] Labels prefixes: for rows: 'ROW', for columns: 'COL'
13:35:38: [INFO] Matrix size: 9x8
13:35:39: [WARNING] No stabilizer footprint for width 2.25u, using 2u as fallback
13:35:39: [WARNING] No stabilizer footprint for width 2.25u, using 2u as fallback
13:35:39: [WARNING] No stabilizer footprint for width 2.25u, using 2u as fallback
13:35:39: [WARNING] No stabilizer footprint for width 2.25u, using 2u as fallback
13:35:39: [WARNING] No stabilizer footprint for width 2.75u, using 2u as fallback
13:35:39: [WARNING] No stabilizer footprint for width 2.75u, using 2u as fallback
13:35:39: [INFO] Add COL0 net
13:35:39: [INFO] Add COL1 net
13:35:39: [INFO] Add COL2 net
13:35:39: [INFO] Add COL3 net
13:35:39: [INFO] Add COL4 net
13:35:39: [INFO] Add COL5 net
13:35:39: [INFO] Add COL6 net
13:35:39: [INFO] Add COL7 net
13:35:39: [INFO] Add COL8 net
13:35:39: [INFO] Add Net-(D1-A) net
13:35:39: [INFO] Add Net-(D10-A) net
13:35:39: [INFO] Add Net-(D11-A) net
13:35:39: [INFO] Add Net-(D12-A) net
13:35:39: [INFO] Add Net-(D13-A) net
13:35:39: [INFO] Add Net-(D14-A) net
13:35:39: [INFO] Add Net-(D15-A) net
13:35:39: [INFO] Add Net-(D16-A) net
13:35:39: [INFO] Add Net-(D17-A) net
13:35:39: [INFO] Add Net-(D18-A) net
13:35:39: [INFO] Add Net-(D19-A) net
13:35:39: [INFO] Add Net-(D2-A) net
13:35:39: [INFO] Add Net-(D20-A) net
13:35:39: [INFO] Add Net-(D21-A) net
13:35:39: [INFO] Add Net-(D22-A) net
13:35:39: [INFO] Add Net-(D23-A) net
13:35:39: [INFO] Add Net-(D24-A) net
13:35:39: [INFO] Add Net-(D25-A) net
13:35:39: [INFO] Add Net-(D26-A) net
13:35:39: [INFO] Add Net-(D27-A) net
13:35:39: [INFO] Add Net-(D28-A) net
13:35:39: [INFO] Add Net-(D29-A) net
13:35:39: [INFO] Add Net-(D3-A) net
13:35:39: [INFO] Add Net-(D30-A) net
13:35:39: [INFO] Add Net-(D31-A) net
13:35:39: [INFO] Add Net-(D32-A) net
13:35:39: [INFO] Add Net-(D33-A) net
13:35:39: [INFO] Add Net-(D34-A) net
13:35:39: [INFO] Add Net-(D35-A) net
13:35:39: [INFO] Add Net-(D36-A) net
13:35:39: [INFO] Add Net-(D37-A) net
13:35:39: [INFO] Add Net-(D38-A) net
13:35:39: [INFO] Add Net-(D39-A) net
13:35:39: [INFO] Add Net-(D4-A) net
13:35:39: [INFO] Add Net-(D40-A) net
13:35:39: [INFO] Add Net-(D41-A) net
13:35:39: [INFO] Add Net-(D42-A) net
13:35:39: [INFO] Add Net-(D43-A) net
13:35:39: [INFO] Add Net-(D44-A) net
13:35:39: [INFO] Add Net-(D45-A) net
13:35:39: [INFO] Add Net-(D46-A) net
13:35:39: [INFO] Add Net-(D47-A) net
13:35:39: [INFO] Add Net-(D48-A) net
13:35:39: [INFO] Add Net-(D49-A) net
13:35:39: [INFO] Add Net-(D5-A) net
13:35:39: [INFO] Add Net-(D50-A) net
13:35:39: [INFO] Add Net-(D51-A) net
13:35:39: [INFO] Add Net-(D52-A) net
13:35:39: [INFO] Add Net-(D53-A) net
13:35:39: [INFO] Add Net-(D54-A) net
13:35:39: [INFO] Add Net-(D55-A) net
13:35:39: [INFO] Add Net-(D56-A) net
13:35:39: [INFO] Add Net-(D57-A) net
13:35:39: [INFO] Add Net-(D58-A) net
13:35:39: [INFO] Add Net-(D59-A) net
13:35:39: [INFO] Add Net-(D6-A) net
13:35:39: [INFO] Add Net-(D60-A) net
13:35:39: [INFO] Add Net-(D61-A) net
13:35:39: [INFO] Add Net-(D62-A) net
13:35:39: [INFO] Add Net-(D63-A) net
13:35:39: [INFO] Add Net-(D64-A) net
13:35:39: [INFO] Add Net-(D65-A) net
13:35:39: [INFO] Add Net-(D66-A) net
13:35:39: [INFO] Add Net-(D67-A) net
13:35:39: [INFO] Add Net-(D68-A) net
13:35:39: [INFO] Add Net-(D69-A) net
13:35:39: [INFO] Add Net-(D7-A) net
13:35:39: [INFO] Add Net-(D70-A) net
13:35:39: [INFO] Add Net-(D71-A) net
13:35:39: [INFO] Add Net-(D72-A) net
13:35:39: [INFO] Add Net-(D73-A) net
13:35:39: [INFO] Add Net-(D74-A) net
13:35:39: [INFO] Add Net-(D75-A) net
13:35:39: [INFO] Add Net-(D76-A) net
13:35:39: [INFO] Add Net-(D77-A) net
13:35:39: [INFO] Add Net-(D78-A) net
13:35:39: [INFO] Add Net-(D79-A) net
13:35:39: [INFO] Add Net-(D8-A) net
13:35:39: [INFO] Add Net-(D80-A) net
13:35:39: [INFO] Add Net-(D81-A) net
13:35:39: [INFO] Add Net-(D82-A) net
13:35:39: [INFO] Add Net-(D83-A) net
13:35:39: [INFO] Add Net-(D84-A) net
13:35:39: [INFO] Add Net-(D85-A) net
13:35:39: [INFO] Add Net-(D9-A) net
13:35:39: [INFO] Add ROW0 net
13:35:39: [INFO] Add ROW1 net
13:35:39: [INFO] Add ROW2 net
13:35:39: [INFO] Add ROW3 net
13:35:39: [INFO] Add ROW4 net
13:35:39: [INFO] Add ROW5 net
13:35:39: [INFO] Add ROW6 net
13:35:39: [INFO] Add ROW7 net
13:35:39: [INFO] Add ROW8 net
13:35:39: [INFO] Add ROW9 net
13:35:39: [INFO] Add SW1 footprint
13:35:39: [INFO] Add D1 footprint
13:35:39: [INFO] Add SW2 footprint
13:35:39: [INFO] Add D2 footprint
13:35:39: [INFO] Add SW3 footprint
13:35:39: [INFO] Add D3 footprint
13:35:39: [INFO] Add SW4 footprint
13:35:40: [INFO] Add D4 footprint
13:35:40: [INFO] Add SW5 footprint
13:35:40: [INFO] Add D5 footprint
13:35:40: [INFO] Add SW6 footprint
13:35:40: [INFO] Add D6 footprint
13:35:40: [INFO] Add SW7 footprint
13:35:40: [INFO] Add D7 footprint
13:35:40: [INFO] Add SW8 footprint
13:35:40: [INFO] Add D8 footprint
13:35:40: [INFO] Add SW9 footprint
13:35:40: [INFO] Add D9 footprint
13:35:40: [INFO] Add SW10 footprint
13:35:40: [INFO] Add D10 footprint
13:35:40: [INFO] Add SW11 footprint
13:35:40: [INFO] Add D11 footprint
13:35:40: [INFO] Add SW12 footprint
13:35:40: [INFO] Add D12 footprint
13:35:40: [INFO] Add SW13 footprint
13:35:40: [INFO] Add D13 footprint
13:35:40: [INFO] Add SW14 footprint
13:35:40: [INFO] Add D14 footprint
13:35:40: [INFO] Add SW15 footprint
13:35:40: [INFO] Add D15 footprint
13:35:40: [INFO] Add SW16 footprint
13:35:40: [INFO] Add D16 footprint
13:35:40: [INFO] Add SW17 footprint
13:35:40: [INFO] Add D17 footprint
13:35:40: [INFO] Add SW18 footprint
13:35:40: [INFO] Add D18 footprint
13:35:40: [INFO] Add SW19 footprint
13:35:40: [INFO] Add D19 footprint
13:35:40: [INFO] Add SW20 footprint
13:35:40: [INFO] Add D20 footprint
13:35:40: [INFO] Add SW21 footprint
13:35:40: [INFO] Add D21 footprint
13:35:40: [INFO] Add SW22 footprint
13:35:41: [INFO] Add D22 footprint
13:35:41: [INFO] Add SW23 footprint
13:35:41: [INFO] Add D23 footprint
13:35:41: [INFO] Add SW24 footprint
13:35:41: [INFO] Add D24 footprint
13:35:41: [INFO] Add SW25 footprint
13:35:41: [INFO] Add D25 footprint
13:35:41: [INFO] Add SW26 footprint
13:35:41: [INFO] Add D26 footprint
13:35:41: [INFO] Add SW27 footprint
13:35:41: [INFO] Add D27 footprint
13:35:41: [INFO] Add SW28 footprint
13:35:41: [INFO] Add D28 footprint
13:35:41: [WARNING] No stabilizer footprint for width 2.25u, using 2u as fallback
13:35:41: [INFO] Add ST28 footprint
13:35:41: [INFO] Add SW28a footprint
13:35:41: [INFO] Add SW29 footprint
13:35:41: [INFO] Add D29 footprint
13:35:41: [INFO] Add SW30 footprint
13:35:41: [INFO] Add D30 footprint
13:35:41: [INFO] Add SW31 footprint
13:35:41: [INFO] Add D31 footprint
13:35:41: [INFO] Add SW32 footprint
13:35:41: [INFO] Add D32 footprint
13:35:41: [INFO] Add SW33 footprint
13:35:41: [INFO] Add D33 footprint
13:35:41: [INFO] Add SW34 footprint
13:35:41: [INFO] Add D34 footprint
13:35:41: [INFO] Add SW35 footprint
13:35:41: [INFO] Add D35 footprint
13:35:41: [INFO] Add SW36 footprint
13:35:41: [INFO] Add D36 footprint
13:35:41: [INFO] Add SW37 footprint
13:35:41: [INFO] Add D37 footprint
13:35:41: [INFO] Add SW38 footprint
13:35:41: [INFO] Add D38 footprint
13:35:41: [INFO] Add SW39 footprint
13:35:41: [INFO] Add D39 footprint
13:35:41: [INFO] Add SW40 footprint
13:35:42: [INFO] Add D40 footprint
13:35:42: [INFO] Add SW40a footprint
13:35:42: [WARNING] No stabilizer footprint for width 2.25u, using 2u as fallback
13:35:42: [INFO] Add ST40a footprint
13:35:42: [INFO] Add SW41 footprint
13:35:42: [INFO] Add D41 footprint
13:35:42: [INFO] Add SW42 footprint
13:35:42: [INFO] Add D42 footprint
13:35:42: [WARNING] No stabilizer footprint for width 2.25u, using 2u as fallback
13:35:42: [INFO] Add ST42 footprint
13:35:42: [INFO] Add SW42a footprint
13:35:42: [INFO] Add SW43 footprint
13:35:42: [INFO] Add D43 footprint
13:35:42: [INFO] Add SW44 footprint
13:35:42: [INFO] Add D44 footprint
13:35:42: [INFO] Add SW45 footprint
13:35:42: [INFO] Add D45 footprint
13:35:42: [INFO] Add SW46 footprint
13:35:42: [INFO] Add D46 footprint
13:35:42: [INFO] Add SW47 footprint
13:35:42: [INFO] Add D47 footprint
13:35:42: [INFO] Add SW48 footprint
13:35:42: [INFO] Add D48 footprint
13:35:42: [INFO] Add SW49 footprint
13:35:42: [INFO] Add D49 footprint
13:35:42: [INFO] Add SW50 footprint
13:35:42: [INFO] Add D50 footprint
13:35:42: [INFO] Add ST50 footprint
13:35:42: [INFO] Add SW50a footprint
13:35:42: [INFO] Add SW51 footprint
13:35:42: [INFO] Add D51 footprint
13:35:42: [INFO] Add SW52 footprint
13:35:42: [INFO] Add D52 footprint
13:35:42: [INFO] Add SW53 footprint
13:35:42: [INFO] Add D53 footprint
13:35:42: [INFO] Add SW54 footprint
13:35:42: [INFO] Add D54 footprint
13:35:42: [INFO] Add SW55 footprint
13:35:42: [INFO] Add D55 footprint
13:35:42: [INFO] Add SW56 footprint
13:35:43: [INFO] Add D56 footprint
13:35:43: [INFO] Add SW57 footprint
13:35:43: [INFO] Add D57 footprint
13:35:43: [INFO] Add SW58 footprint
13:35:43: [INFO] Add D58 footprint
13:35:43: [INFO] Add SW59 footprint
13:35:43: [INFO] Add D59 footprint
13:35:43: [INFO] Add SW60 footprint
13:35:43: [INFO] Add D60 footprint
13:35:43: [INFO] Add SW61 footprint
13:35:43: [INFO] Add D61 footprint
13:35:43: [INFO] Add SW62 footprint
13:35:43: [INFO] Add D62 footprint
13:35:43: [INFO] Add SW63 footprint
13:35:43: [INFO] Add D63 footprint
13:35:43: [INFO] Add SW64 footprint
13:35:43: [INFO] Add D64 footprint
13:35:43: [INFO] Add SW65 footprint
13:35:43: [INFO] Add D65 footprint
13:35:43: [INFO] Add SW66 footprint
13:35:43: [INFO] Add D66 footprint
13:35:43: [INFO] Add SW67 footprint
13:35:43: [INFO] Add D67 footprint
13:35:43: [INFO] Add SW68 footprint
13:35:43: [INFO] Add D68 footprint
13:35:43: [WARNING] No stabilizer footprint for width 2.25u, using 2u as fallback
13:35:43: [INFO] Add ST68 footprint
13:35:43: [INFO] Add SW68a footprint
13:35:43: [INFO] Add ST68a footprint
13:35:43: [INFO] Add SW69 footprint
13:35:43: [INFO] Add D69 footprint
13:35:43: [INFO] Add SW70 footprint
13:35:43: [INFO] Add D70 footprint
13:35:43: [INFO] Add SW71 footprint
13:35:43: [INFO] Add D71 footprint
13:35:43: [INFO] Add SW72 footprint
13:35:43: [INFO] Add D72 footprint
13:35:44: [INFO] Add SW73 footprint
13:35:44: [INFO] Add D73 footprint
13:35:44: [INFO] Add SW74 footprint
13:35:44: [INFO] Add D74 footprint
13:35:44: [INFO] Add SW74a footprint
13:35:44: [INFO] Add SW75 footprint
13:35:44: [INFO] Add D75 footprint
13:35:44: [WARNING] No stabilizer footprint for width 2.75u, using 2u as fallback
13:35:44: [INFO] Add ST75 footprint
13:35:44: [INFO] Add SW75a footprint
13:35:44: [INFO] Add SW75b footprint
13:35:44: [INFO] Add SW76 footprint
13:35:44: [INFO] Add D76 footprint
13:35:44: [INFO] Add SW77 footprint
13:35:44: [INFO] Add D77 footprint
13:35:44: [INFO] Add SW78 footprint
13:35:44: [INFO] Add D78 footprint
13:35:44: [INFO] Add SW79 footprint
13:35:44: [INFO] Add D79 footprint
13:35:44: [WARNING] No stabilizer footprint for width 2.75u, using 2u as fallback
13:35:44: [INFO] Add ST79 footprint
13:35:44: [INFO] Add SW79a footprint
13:35:44: [INFO] Add SW80 footprint
13:35:44: [INFO] Add D80 footprint
13:35:44: [INFO] Add SW80a footprint
13:35:44: [INFO] Add SW81 footprint
13:35:44: [INFO] Add D81 footprint
13:35:44: [INFO] Add SW81a footprint
13:35:44: [INFO] Add SW82 footprint
13:35:44: [INFO] Add D82 footprint
13:35:44: [INFO] Add SW83 footprint
13:35:44: [INFO] Add D83 footprint
13:35:44: [INFO] Add SW83a footprint
13:35:44: [INFO] Add SW84 footprint
13:35:44: [INFO] Add D84 footprint
13:35:44: [INFO] Add SW84a footprint
13:35:44: [INFO] Add SW85 footprint
13:35:45: [INFO] Add D85 footprint
13:35:45: [INFO] Detected layout convertible to matrix annotated keyboard
13:35:45: [INFO] Using key 1U distance: (19.05, 19.05) mm
13:35:45: [INFO] Layout offset: (33337500, 28575000)
13:35:45: [INFO] Diode info: [ElementInfo(annotation_format='D{}', position_option=<PositionOption.CUSTOM: 'Custom'>, position=ElementPosition(x=5.08, y=4.0, orientation=90.0, side=<Side.BACK: 'Back'>), template_path='', start_index=-1)]
13:35:45: [INFO] Placing additional elements for SW85
13:35:45: [INFO] Placing additional elements for SW84a
13:35:45: [INFO] Placing additional elements for SW84
13:35:45: [INFO] Placing additional elements for SW83a
13:35:45: [INFO] Placing additional elements for SW83
13:35:45: [INFO] Placing additional elements for SW82
13:35:45: [INFO] Placing additional elements for SW81a
13:35:45: [INFO] Placing additional elements for SW81
13:35:45: [INFO] Placing additional elements for SW80a
13:35:45: [INFO] Placing additional elements for SW80
13:35:45: [INFO] Placing additional elements for SW79a
13:35:45: [INFO] Placing additional elements for SW79
13:35:45: [INFO] Placing additional elements for SW78
13:35:45: [INFO] Placing additional elements for SW77
13:35:45: [INFO] Placing additional elements for SW76
13:35:45: [INFO] Placing additional elements for SW75b
13:35:45: [INFO] Placing additional elements for SW75a
13:35:45: [INFO] Placing additional elements for SW75
13:35:45: [INFO] Placing additional elements for SW74a
13:35:45: [INFO] Placing additional elements for SW74
13:35:45: [INFO] Placing additional elements for SW73
13:35:45: [INFO] Placing additional elements for SW72
13:35:45: [INFO] Placing additional elements for SW71
13:35:45: [INFO] Placing additional elements for SW70
13:35:45: [INFO] Placing additional elements for SW69
13:35:45: [INFO] Placing additional elements for SW68a
13:35:45: [INFO] Placing additional elements for SW68
13:35:45: [INFO] Placing additional elements for SW67
13:35:45: [INFO] Placing additional elements for SW66
13:35:45: [INFO] Placing additional elements for SW65
13:35:45: [INFO] Placing additional elements for SW64
13:35:45: [INFO] Placing additional elements for SW63
13:35:45: [INFO] Placing additional elements for SW62
13:35:45: [INFO] Placing additional elements for SW61
13:35:45: [INFO] Placing additional elements for SW60
13:35:45: [INFO] Placing additional elements for SW59
13:35:45: [INFO] Placing additional elements for SW58
13:35:45: [INFO] Placing additional elements for SW57
13:35:45: [INFO] Placing additional elements for SW56
13:35:45: [INFO] Placing additional elements for SW55
13:35:45: [INFO] Placing additional elements for SW54
13:35:45: [INFO] Placing additional elements for SW53
13:35:45: [INFO] Placing additional elements for SW52
13:35:45: [INFO] Placing additional elements for SW51
13:35:45: [INFO] Placing additional elements for SW50a
13:35:45: [INFO] Placing additional elements for SW50
13:35:45: [INFO] Placing additional elements for SW49
13:35:45: [INFO] Placing additional elements for SW48
13:35:45: [INFO] Placing additional elements for SW47
13:35:45: [INFO] Placing additional elements for SW46
13:35:45: [INFO] Placing additional elements for SW45
13:35:45: [INFO] Placing additional elements for SW44
13:35:45: [INFO] Placing additional elements for SW43
13:35:45: [INFO] Placing additional elements for SW42a
13:35:45: [INFO] Placing additional elements for SW42
13:35:45: [INFO] Placing additional elements for SW41
13:35:45: [INFO] Placing additional elements for SW40a
13:35:45: [INFO] Placing additional elements for SW40
13:35:45: [INFO] Placing additional elements for SW39
13:35:45: [INFO] Placing additional elements for SW38
13:35:45: [INFO] Placing additional elements for SW37
13:35:45: [INFO] Placing additional elements for SW36
13:35:45: [INFO] Placing additional elements for SW35
13:35:45: [INFO] Placing additional elements for SW34
13:35:45: [INFO] Placing additional elements for SW33
13:35:45: [INFO] Placing additional elements for SW32
13:35:45: [INFO] Placing additional elements for SW31
13:35:45: [INFO] Placing additional elements for SW30
13:35:45: [INFO] Placing additional elements for SW29
13:35:45: [INFO] Placing additional elements for SW28a
13:35:45: [INFO] Placing additional elements for SW28
13:35:45: [INFO] Placing additional elements for SW27
13:35:45: [INFO] Placing additional elements for SW26
13:35:45: [INFO] Placing additional elements for SW25
13:35:45: [INFO] Placing additional elements for SW24
13:35:45: [INFO] Placing additional elements for SW23
13:35:45: [INFO] Placing additional elements for SW22
13:35:45: [INFO] Placing additional elements for SW21
13:35:45: [INFO] Placing additional elements for SW20
13:35:45: [INFO] Placing additional elements for SW19
13:35:45: [INFO] Placing additional elements for SW18
13:35:45: [INFO] Placing additional elements for SW17
13:35:45: [INFO] Placing additional elements for SW16
13:35:45: [INFO] Placing additional elements for SW15
13:35:45: [INFO] Placing additional elements for SW14
13:35:45: [INFO] Placing additional elements for SW13
13:35:45: [INFO] Placing additional elements for SW12
13:35:45: [INFO] Placing additional elements for SW11
13:35:45: [INFO] Placing additional elements for SW10
13:35:45: [INFO] Placing additional elements for SW9
13:35:45: [INFO] Placing additional elements for SW8
13:35:45: [INFO] Placing additional elements for SW7
13:35:45: [INFO] Placing additional elements for SW6
13:35:45: [INFO] Placing additional elements for SW5
13:35:45: [INFO] Placing additional elements for SW4
13:35:45: [INFO] Placing additional elements for SW3
13:35:45: [INFO] Placing additional elements for SW2
13:35:45: [INFO] Placing additional elements for SW1
13:35:45: [INFO] Routing SW85 with D85
13:35:45: [INFO] Using internal autorouter method
13:35:45: [INFO] Routing pad 'SW85:2' at (440690000, 109220000) with pad 'D85:2' at (443230000, 116900000) using coordinate system rotated by 0 degree(s)
13:35:45: [INFO] Adding track segment (B.Cu): [(440690000, 109220000), (440690000, 114360000)]
13:35:45: [INFO] Adding track segment (B.Cu): [(440690000, 114360000), (443230000, 116900000)]
13:35:45: [INFO] Routing SW84a with D84
13:35:45: [INFO] Using internal autorouter method
13:35:45: [INFO] Routing pad 'SW84a:2' at (421640000, 109220000) with pad 'D84:2' at (421798750, 116900000) using coordinate system rotated by 0 degree(s)
13:35:45: [INFO] Routing SW84 with D84
13:35:45: [INFO] Using internal autorouter method
13:35:45: [INFO] Routing pad 'SW84:2' at (419258750, 109220000) with pad 'D84:2' at (421798750, 116900000) using coordinate system rotated by 0 degree(s)
13:35:45: [INFO] Routing SW83a with D83
13:35:45: [INFO] Using internal autorouter method
13:35:45: [INFO] Routing pad 'SW83a:2' at (402590000, 109220000) with pad 'D83:2' at (397986250, 116900000) using coordinate system rotated by 0 degree(s)
13:35:45: [INFO] Routing SW83 with D83
13:35:45: [INFO] Using internal autorouter method
13:35:45: [INFO] Routing pad 'SW83:2' at (395446250, 109220000) with pad 'D83:2' at (397986250, 116900000) using coordinate system rotated by 0 degree(s)
13:35:45: [INFO] Routing SW82 with D82
13:35:45: [INFO] Using internal autorouter method
13:35:45: [INFO] Routing pad 'SW82:2' at (383540000, 109220000) with pad 'D82:2' at (386080000, 116900000) using coordinate system rotated by 0 degree(s)
13:35:45: [INFO] Adding track segment (B.Cu): [(383540000, 109220000), (383540000, 114360000)]
13:35:45: [INFO] Adding track segment (B.Cu): [(383540000, 114360000), (386080000, 116900000)]
13:35:45: [INFO] Routing SW81a with D81
13:35:45: [INFO] Using internal autorouter method
13:35:45: [INFO] Routing pad 'SW81a:2' at (364490000, 109220000) with pad 'D81:2' at (374173750, 116900000) using coordinate system rotated by 0 degree(s)
13:35:45: [INFO] Routing SW81 with D81
13:35:45: [INFO] Using internal autorouter method
13:35:45: [INFO] Routing pad 'SW81:2' at (371633750, 109220000) with pad 'D81:2' at (374173750, 116900000) using coordinate system rotated by 0 degree(s)
13:35:45: [INFO] Adding track segment (B.Cu): [(371633750, 109220000), (371633750, 114360000)]
13:35:45: [INFO] Adding track segment (B.Cu): [(371633750, 114360000), (374173750, 116900000)]
13:35:45: [INFO] Routing SW80a with D80
13:35:45: [INFO] Using internal autorouter method
13:35:45: [INFO] Routing pad 'SW80a:2' at (345440000, 109220000) with pad 'D80:2' at (350361250, 116900000) using coordinate system rotated by 0 degree(s)
13:35:45: [INFO] Routing SW80 with D80
13:35:45: [INFO] Using internal autorouter method
13:35:45: [INFO] Routing pad 'SW80:2' at (347821250, 109220000) with pad 'D80:2' at (350361250, 116900000) using coordinate system rotated by 0 degree(s)
13:35:45: [INFO] Routing SW79a with D79
13:35:45: [INFO] Using internal autorouter method
13:35:45: [INFO] Routing pad 'SW79a:2' at (321627500, 109220000) with pad 'D79:2' at (312261250, 116900000) using coordinate system rotated by 0 degree(s)
13:35:45: [INFO] Routing SW79 with D79
13:35:45: [INFO] Using internal autorouter method
13:35:45: [INFO] Routing pad 'SW79:2' at (309721250, 109220000) with pad 'D79:2' at (312261250, 116900000) using coordinate system rotated by 0 degree(s)
13:35:45: [INFO] Adding track segment (B.Cu): [(309721250, 109220000), (309721250, 114360000)]
13:35:45: [INFO] Adding track segment (B.Cu): [(309721250, 114360000), (312261250, 116900000)]
13:35:45: [INFO] Routing SW78 with D78
13:35:45: [INFO] Using internal autorouter method
13:35:45: [INFO] Routing pad 'SW78:2' at (295433750, 109220000) with pad 'D78:2' at (297973750, 116900000) using coordinate system rotated by 0 degree(s)
13:35:45: [INFO] Adding track segment (B.Cu): [(295433750, 109220000), (295433750, 114360000)]
13:35:45: [INFO] Adding track segment (B.Cu): [(295433750, 114360000), (297973750, 116900000)]
13:35:45: [INFO] Routing SW77 with D77
13:35:45: [INFO] Using internal autorouter method
13:35:45: [INFO] Routing pad 'SW77:2' at (440690000, 90170000) with pad 'D77:2' at (443230000, 97850000) using coordinate system rotated by 0 degree(s)
13:35:45: [INFO] Adding track segment (B.Cu): [(440690000, 90170000), (440690000, 95310000)]
13:35:45: [INFO] Adding track segment (B.Cu): [(440690000, 95310000), (443230000, 97850000)]
13:35:45: [INFO] Routing SW76 with D76
13:35:45: [INFO] Using internal autorouter method
13:35:45: [INFO] Routing pad 'SW76:2' at (421640000, 90170000) with pad 'D76:2' at (424180000, 97850000) using coordinate system rotated by 0 degree(s)
13:35:45: [INFO] Adding track segment (B.Cu): [(421640000, 90170000), (421640000, 95310000)]
13:35:45: [INFO] Adding track segment (B.Cu): [(421640000, 95310000), (424180000, 97850000)]
13:35:45: [INFO] Routing SW75b with D75
13:35:45: [INFO] Using internal autorouter method
13:35:45: [INFO] Routing pad 'SW75b:2' at (402590000, 90170000) with pad 'D75:2' at (407511250, 97850000) using coordinate system rotated by 0 degree(s)
13:35:45: [INFO] Routing SW75a with D75
13:35:45: [INFO] Using internal autorouter method
13:35:45: [INFO] Routing pad 'SW75a:2' at (395446250, 90170000) with pad 'D75:2' at (407511250, 97850000) using coordinate system rotated by 0 degree(s)
13:35:45: [INFO] Routing SW75 with D75
13:35:45: [INFO] Using internal autorouter method
13:35:45: [INFO] Routing pad 'SW75:2' at (404971250, 90170000) with pad 'D75:2' at (407511250, 97850000) using coordinate system rotated by 0 degree(s)
13:35:45: [INFO] Routing SW74a with D74
13:35:45: [INFO] Using internal autorouter method
13:35:45: [INFO] Routing pad 'SW74a:2' at (376396250, 90170000) with pad 'D74:2' at (371792500, 97850000) using coordinate system rotated by 0 degree(s)
13:35:45: [INFO] Routing SW74 with D74
13:35:45: [INFO] Using internal autorouter method
13:35:45: [INFO] Routing pad 'SW74:2' at (369252500, 90170000) with pad 'D74:2' at (371792500, 97850000) using coordinate system rotated by 0 degree(s)
13:35:45: [INFO] Routing SW73 with D73
13:35:45: [INFO] Using internal autorouter method
13:35:45: [INFO] Routing pad 'SW73:2' at (350202500, 90170000) with pad 'D73:2' at (352742500, 97850000) using coordinate system rotated by 0 degree(s)
13:35:45: [INFO] Adding track segment (B.Cu): [(350202500, 90170000), (350202500, 95310000)]
13:35:45: [INFO] Adding track segment (B.Cu): [(350202500, 95310000), (352742500, 97850000)]
13:35:45: [INFO] Routing SW72 with D72
13:35:45: [INFO] Using internal autorouter method
13:35:45: [INFO] Routing pad 'SW72:2' at (331152500, 90170000) with pad 'D72:2' at (333692500, 97850000) using coordinate system rotated by 0 degree(s)
13:35:45: [INFO] Adding track segment (B.Cu): [(331152500, 90170000), (331152500, 95310000)]
13:35:45: [INFO] Adding track segment (B.Cu): [(331152500, 95310000), (333692500, 97850000)]
13:35:45: [INFO] Routing SW71 with D71
13:35:45: [INFO] Using internal autorouter method
13:35:45: [INFO] Routing pad 'SW71:2' at (312102500, 90170000) with pad 'D71:2' at (314642500, 97850000) using coordinate system rotated by 0 degree(s)
13:35:45: [INFO] Adding track segment (B.Cu): [(312102500, 90170000), (312102500, 95310000)]
13:35:45: [INFO] Adding track segment (B.Cu): [(312102500, 95310000), (314642500, 97850000)]
13:35:45: [INFO] Routing SW70 with D70
13:35:45: [INFO] Using internal autorouter method
13:35:45: [INFO] Routing pad 'SW70:2' at (293052500, 90170000) with pad 'D70:2' at (295592500, 97850000) using coordinate system rotated by 0 degree(s)
13:35:45: [INFO] Adding track segment (B.Cu): [(293052500, 90170000), (293052500, 95310000)]
13:35:45: [INFO] Adding track segment (B.Cu): [(293052500, 95310000), (295592500, 97850000)]
13:35:45: [INFO] Routing SW69 with D69
13:35:45: [INFO] Using internal autorouter method
13:35:45: [INFO] Routing pad 'SW69:2' at (440690000, 71120000) with pad 'D69:2' at (443230000, 78800000) using coordinate system rotated by 0 degree(s)
13:35:45: [INFO] Adding track segment (B.Cu): [(440690000, 71120000), (440690000, 76260000)]
13:35:45: [INFO] Adding track segment (B.Cu): [(440690000, 76260000), (443230000, 78800000)]
13:35:45: [INFO] Routing SW68a with D68
13:35:45: [INFO] Using internal autorouter method
13:35:45: [INFO] Routing pad 'SW68a:2' at (419258750, 61595000) with pad 'D68:2' at (412273750, 78800000) using coordinate system rotated by 0 degree(s)
13:35:45: [INFO] Routing SW68 with D68
13:35:45: [INFO] Using internal autorouter method
13:35:45: [INFO] Routing pad 'SW68:2' at (409733750, 71120000) with pad 'D68:2' at (412273750, 78800000) using coordinate system rotated by 0 degree(s)
13:35:45: [INFO] Adding track segment (B.Cu): [(409733750, 71120000), (409733750, 76260000)]
13:35:45: [INFO] Adding track segment (B.Cu): [(409733750, 76260000), (412273750, 78800000)]
13:35:45: [INFO] Routing SW67 with D67
13:35:45: [INFO] Using internal autorouter method
13:35:45: [INFO] Routing pad 'SW67:2' at (397827500, 71120000) with pad 'D67:2' at (400367500, 78800000) using coordinate system rotated by 0 degree(s)
13:35:45: [INFO] Adding track segment (B.Cu): [(397827500, 71120000), (397827500, 76260000)]
13:35:45: [INFO] Adding track segment (B.Cu): [(397827500, 76260000), (400367500, 78800000)]
13:35:45: [INFO] Routing SW66 with D66
13:35:45: [INFO] Using internal autorouter method
13:35:45: [INFO] Routing pad 'SW66:2' at (378777500, 71120000) with pad 'D66:2' at (381317500, 78800000) using coordinate system rotated by 0 degree(s)
13:35:45: [INFO] Adding track segment (B.Cu): [(378777500, 71120000), (378777500, 76260000)]
13:35:45: [INFO] Adding track segment (B.Cu): [(378777500, 76260000), (381317500, 78800000)]
13:35:45: [INFO] Routing SW65 with D65
13:35:45: [INFO] Using internal autorouter method
13:35:45: [INFO] Routing pad 'SW65:2' at (359727500, 71120000) with pad 'D65:2' at (362267500, 78800000) using coordinate system rotated by 0 degree(s)
13:35:45: [INFO] Adding track segment (B.Cu): [(359727500, 71120000), (359727500, 76260000)]
13:35:45: [INFO] Adding track segment (B.Cu): [(359727500, 76260000), (362267500, 78800000)]
13:35:45: [INFO] Routing SW64 with D64
13:35:45: [INFO] Using internal autorouter method
13:35:45: [INFO] Routing pad 'SW64:2' at (340677500, 71120000) with pad 'D64:2' at (343217500, 78800000) using coordinate system rotated by 0 degree(s)
13:35:45: [INFO] Adding track segment (B.Cu): [(340677500, 71120000), (340677500, 76260000)]
13:35:45: [INFO] Adding track segment (B.Cu): [(340677500, 76260000), (343217500, 78800000)]
13:35:45: [INFO] Routing SW63 with D63
13:35:45: [INFO] Using internal autorouter method
13:35:45: [INFO] Routing pad 'SW63:2' at (321627500, 71120000) with pad 'D63:2' at (324167500, 78800000) using coordinate system rotated by 0 degree(s)
13:35:45: [INFO] Adding track segment (B.Cu): [(321627500, 71120000), (321627500, 76260000)]
13:35:45: [INFO] Adding track segment (B.Cu): [(321627500, 76260000), (324167500, 78800000)]
13:35:45: [INFO] Routing SW62 with D62
13:35:45: [INFO] Using internal autorouter method
13:35:45: [INFO] Routing pad 'SW62:2' at (302577500, 71120000) with pad 'D62:2' at (305117500, 78800000) using coordinate system rotated by 0 degree(s)
13:35:45: [INFO] Adding track segment (B.Cu): [(302577500, 71120000), (302577500, 76260000)]
13:35:45: [INFO] Adding track segment (B.Cu): [(302577500, 76260000), (305117500, 78800000)]
13:35:45: [INFO] Routing SW61 with D61
13:35:45: [INFO] Using internal autorouter method
13:35:45: [INFO] Routing pad 'SW61:2' at (283527500, 71120000) with pad 'D61:2' at (286067500, 78800000) using coordinate system rotated by 0 degree(s)
13:35:45: [INFO] Adding track segment (B.Cu): [(283527500, 71120000), (283527500, 76260000)]
13:35:45: [INFO] Adding track segment (B.Cu): [(283527500, 76260000), (286067500, 78800000)]
13:35:45: [INFO] Routing SW60 with D60
13:35:45: [INFO] Using internal autorouter method
13:35:45: [INFO] Routing pad 'SW60:2' at (440690000, 52070000) with pad 'D60:2' at (443230000, 59750000) using coordinate system rotated by 0 degree(s)
13:35:45: [INFO] Adding track segment (B.Cu): [(440690000, 52070000), (440690000, 57210000)]
13:35:45: [INFO] Adding track segment (B.Cu): [(440690000, 57210000), (443230000, 59750000)]
13:35:45: [INFO] Routing SW59 with D59
13:35:45: [INFO] Using internal autorouter method
13:35:45: [INFO] Routing pad 'SW59:2' at (416877500, 52070000) with pad 'D59:2' at (419417500, 59750000) using coordinate system rotated by 0 degree(s)
13:35:45: [INFO] Adding track segment (B.Cu): [(416877500, 52070000), (416877500, 57210000)]
13:35:45: [INFO] Adding track segment (B.Cu): [(416877500, 57210000), (419417500, 59750000)]
13:35:45: [INFO] Routing SW58 with D58
13:35:45: [INFO] Using internal autorouter method
13:35:45: [INFO] Routing pad 'SW58:2' at (393065000, 52070000) with pad 'D58:2' at (395605000, 59750000) using coordinate system rotated by 0 degree(s)
13:35:45: [INFO] Adding track segment (B.Cu): [(393065000, 52070000), (393065000, 57210000)]
13:35:45: [INFO] Adding track segment (B.Cu): [(393065000, 57210000), (395605000, 59750000)]
13:35:45: [INFO] Routing SW57 with D57
13:35:45: [INFO] Using internal autorouter method
13:35:45: [INFO] Routing pad 'SW57:2' at (374015000, 52070000) with pad 'D57:2' at (376555000, 59750000) using coordinate system rotated by 0 degree(s)
13:35:45: [INFO] Adding track segment (B.Cu): [(374015000, 52070000), (374015000, 57210000)]
13:35:45: [INFO] Adding track segment (B.Cu): [(374015000, 57210000), (376555000, 59750000)]
13:35:45: [INFO] Routing SW56 with D56
13:35:45: [INFO] Using internal autorouter method
13:35:45: [INFO] Routing pad 'SW56:2' at (354965000, 52070000) with pad 'D56:2' at (357505000, 59750000) using coordinate system rotated by 0 degree(s)
13:35:45: [INFO] Adding track segment (B.Cu): [(354965000, 52070000), (354965000, 57210000)]
13:35:45: [INFO] Adding track segment (B.Cu): [(354965000, 57210000), (357505000, 59750000)]
13:35:45: [INFO] Routing SW55 with D55
13:35:45: [INFO] Using internal autorouter method
13:35:45: [INFO] Routing pad 'SW55:2' at (335915000, 52070000) with pad 'D55:2' at (338455000, 59750000) using coordinate system rotated by 0 degree(s)
13:35:45: [INFO] Adding track segment (B.Cu): [(335915000, 52070000), (335915000, 57210000)]
13:35:45: [INFO] Adding track segment (B.Cu): [(335915000, 57210000), (338455000, 59750000)]
13:35:45: [INFO] Routing SW54 with D54
13:35:45: [INFO] Using internal autorouter method
13:35:45: [INFO] Routing pad 'SW54:2' at (316865000, 52070000) with pad 'D54:2' at (319405000, 59750000) using coordinate system rotated by 0 degree(s)
13:35:45: [INFO] Adding track segment (B.Cu): [(316865000, 52070000), (316865000, 57210000)]
13:35:45: [INFO] Adding track segment (B.Cu): [(316865000, 57210000), (319405000, 59750000)]
13:35:45: [INFO] Routing SW53 with D53
13:35:45: [INFO] Using internal autorouter method
13:35:45: [INFO] Routing pad 'SW53:2' at (297815000, 52070000) with pad 'D53:2' at (300355000, 59750000) using coordinate system rotated by 0 degree(s)
13:35:45: [INFO] Adding track segment (B.Cu): [(297815000, 52070000), (297815000, 57210000)]
13:35:45: [INFO] Adding track segment (B.Cu): [(297815000, 57210000), (300355000, 59750000)]
13:35:45: [INFO] Routing SW52 with D52
13:35:45: [INFO] Using internal autorouter method
13:35:45: [INFO] Routing pad 'SW52:2' at (278765000, 52070000) with pad 'D52:2' at (281305000, 59750000) using coordinate system rotated by 0 degree(s)
13:35:45: [INFO] Adding track segment (B.Cu): [(278765000, 52070000), (278765000, 57210000)]
13:35:45: [INFO] Adding track segment (B.Cu): [(278765000, 57210000), (281305000, 59750000)]
13:35:45: [INFO] Routing SW51 with D51
13:35:45: [INFO] Using internal autorouter method
13:35:45: [INFO] Routing pad 'SW51:2' at (440690000, 33020000) with pad 'D51:2' at (443230000, 40700000) using coordinate system rotated by 0 degree(s)
13:35:45: [INFO] Adding track segment (B.Cu): [(440690000, 33020000), (440690000, 38160000)]
13:35:45: [INFO] Adding track segment (B.Cu): [(440690000, 38160000), (443230000, 40700000)]
13:35:45: [INFO] Routing SW50a with D50
13:35:45: [INFO] Using internal autorouter method
13:35:45: [INFO] Routing pad 'SW50a:2' at (421640000, 33020000) with pad 'D50:2' at (414655000, 40700000) using coordinate system rotated by 0 degree(s)
13:35:45: [INFO] Routing SW50 with D50
13:35:45: [INFO] Using internal autorouter method
13:35:45: [INFO] Routing pad 'SW50:2' at (412115000, 33020000) with pad 'D50:2' at (414655000, 40700000) using coordinate system rotated by 0 degree(s)
13:35:46: [INFO] Adding track segment (B.Cu): [(412115000, 33020000), (412115000, 38160000)]
13:35:46: [INFO] Adding track segment (B.Cu): [(412115000, 38160000), (414655000, 40700000)]
13:35:46: [INFO] Routing SW49 with D49
13:35:46: [INFO] Using internal autorouter method
13:35:46: [INFO] Routing pad 'SW49:2' at (402590000, 33020000) with pad 'D49:2' at (405130000, 40700000) using coordinate system rotated by 0 degree(s)
13:35:46: [INFO] Adding track segment (B.Cu): [(402590000, 33020000), (402590000, 38160000)]
13:35:46: [INFO] Adding track segment (B.Cu): [(402590000, 38160000), (405130000, 40700000)]
13:35:46: [INFO] Routing SW48 with D48
13:35:46: [INFO] Using internal autorouter method
13:35:46: [INFO] Routing pad 'SW48:2' at (383540000, 33020000) with pad 'D48:2' at (386080000, 40700000) using coordinate system rotated by 0 degree(s)
13:35:46: [INFO] Adding track segment (B.Cu): [(383540000, 33020000), (383540000, 38160000)]
13:35:46: [INFO] Adding track segment (B.Cu): [(383540000, 38160000), (386080000, 40700000)]
13:35:46: [INFO] Routing SW47 with D47
13:35:46: [INFO] Using internal autorouter method
13:35:46: [INFO] Routing pad 'SW47:2' at (364490000, 33020000) with pad 'D47:2' at (367030000, 40700000) using coordinate system rotated by 0 degree(s)
13:35:46: [INFO] Adding track segment (B.Cu): [(364490000, 33020000), (364490000, 38160000)]
13:35:46: [INFO] Adding track segment (B.Cu): [(364490000, 38160000), (367030000, 40700000)]
13:35:46: [INFO] Routing SW46 with D46
13:35:46: [INFO] Using internal autorouter method
13:35:46: [INFO] Routing pad 'SW46:2' at (345440000, 33020000) with pad 'D46:2' at (347980000, 40700000) using coordinate system rotated by 0 degree(s)
13:35:46: [INFO] Adding track segment (B.Cu): [(345440000, 33020000), (345440000, 38160000)]
13:35:46: [INFO] Adding track segment (B.Cu): [(345440000, 38160000), (347980000, 40700000)]
13:35:46: [INFO] Routing SW45 with D45
13:35:46: [INFO] Using internal autorouter method
13:35:46: [INFO] Routing pad 'SW45:2' at (326390000, 33020000) with pad 'D45:2' at (328930000, 40700000) using coordinate system rotated by 0 degree(s)
13:35:46: [INFO] Adding track segment (B.Cu): [(326390000, 33020000), (326390000, 38160000)]
13:35:46: [INFO] Adding track segment (B.Cu): [(326390000, 38160000), (328930000, 40700000)]
13:35:46: [INFO] Routing SW44 with D44
13:35:46: [INFO] Using internal autorouter method
13:35:46: [INFO] Routing pad 'SW44:2' at (307340000, 33020000) with pad 'D44:2' at (309880000, 40700000) using coordinate system rotated by 0 degree(s)
13:35:46: [INFO] Adding track segment (B.Cu): [(307340000, 33020000), (307340000, 38160000)]
13:35:46: [INFO] Adding track segment (B.Cu): [(307340000, 38160000), (309880000, 40700000)]
13:35:46: [INFO] Routing SW43 with D43
13:35:46: [INFO] Using internal autorouter method
13:35:46: [INFO] Routing pad 'SW43:2' at (288290000, 33020000) with pad 'D43:2' at (290830000, 40700000) using coordinate system rotated by 0 degree(s)
13:35:46: [INFO] Adding track segment (B.Cu): [(288290000, 33020000), (288290000, 38160000)]
13:35:46: [INFO] Adding track segment (B.Cu): [(288290000, 38160000), (290830000, 40700000)]
13:35:46: [INFO] Routing SW42a with D42
13:35:46: [INFO] Using internal autorouter method
13:35:46: [INFO] Routing pad 'SW42a:2' at (252571250, 109220000) with pad 'D42:2' at (245586250, 116900000) using coordinate system rotated by 0 degree(s)
13:35:46: [INFO] Routing SW42 with D42
13:35:46: [INFO] Using internal autorouter method
13:35:46: [INFO] Routing pad 'SW42:2' at (243046250, 109220000) with pad 'D42:2' at (245586250, 116900000) using coordinate system rotated by 0 degree(s)
13:35:46: [INFO] Adding track segment (B.Cu): [(243046250, 109220000), (243046250, 114360000)]
13:35:46: [INFO] Adding track segment (B.Cu): [(243046250, 114360000), (245586250, 116900000)]
13:35:46: [INFO] Routing SW41 with D41
13:35:46: [INFO] Using internal autorouter method
13:35:46: [INFO] Routing pad 'SW41:2' at (231140000, 109220000) with pad 'D41:2' at (233680000, 116900000) using coordinate system rotated by 0 degree(s)
13:35:46: [INFO] Adding track segment (B.Cu): [(231140000, 109220000), (231140000, 114360000)]
13:35:46: [INFO] Adding track segment (B.Cu): [(231140000, 114360000), (233680000, 116900000)]
13:35:46: [INFO] Routing SW40a with D40
13:35:46: [INFO] Using internal autorouter method
13:35:46: [INFO] Routing pad 'SW40a:2' at (219233750, 109220000) with pad 'D40:2' at (212248750, 116900000) using coordinate system rotated by 0 degree(s)
13:35:46: [INFO] Routing SW40 with D40
13:35:46: [INFO] Using internal autorouter method
13:35:46: [INFO] Routing pad 'SW40:2' at (209708750, 109220000) with pad 'D40:2' at (212248750, 116900000) using coordinate system rotated by 0 degree(s)
13:35:46: [INFO] Adding track segment (B.Cu): [(209708750, 109220000), (209708750, 114360000)]
13:35:46: [INFO] Adding track segment (B.Cu): [(209708750, 114360000), (212248750, 116900000)]
13:35:46: [INFO] Routing SW39 with D39
13:35:46: [INFO] Using internal autorouter method
13:35:46: [INFO] Routing pad 'SW39:2' at (185896250, 109220000) with pad 'D39:2' at (188436250, 116900000) using coordinate system rotated by 0 degree(s)
13:35:46: [INFO] Adding track segment (B.Cu): [(185896250, 109220000), (185896250, 114360000)]
13:35:46: [INFO] Adding track segment (B.Cu): [(185896250, 114360000), (188436250, 116900000)]
13:35:46: [INFO] Routing SW38 with D38
13:35:46: [INFO] Using internal autorouter method
13:35:46: [INFO] Routing pad 'SW38:2' at (162083750, 109220000) with pad 'D38:2' at (164623750, 116900000) using coordinate system rotated by 0 degree(s)
13:35:46: [INFO] Adding track segment (B.Cu): [(162083750, 109220000), (162083750, 114360000)]
13:35:46: [INFO] Adding track segment (B.Cu): [(162083750, 114360000), (164623750, 116900000)]
13:35:46: [INFO] Routing SW37 with D37
13:35:46: [INFO] Using internal autorouter method
13:35:46: [INFO] Routing pad 'SW37:2' at (138271250, 109220000) with pad 'D37:2' at (140811250, 116900000) using coordinate system rotated by 0 degree(s)
13:35:46: [INFO] Adding track segment (B.Cu): [(138271250, 109220000), (138271250, 114360000)]
13:35:46: [INFO] Adding track segment (B.Cu): [(138271250, 114360000), (140811250, 116900000)]
13:35:46: [INFO] Routing SW36 with D36
13:35:46: [INFO] Using internal autorouter method
13:35:46: [INFO] Routing pad 'SW36:2' at (107315000, 109220000) with pad 'D36:2' at (109855000, 116900000) using coordinate system rotated by 0 degree(s)
13:35:46: [INFO] Adding track segment (B.Cu): [(107315000, 109220000), (107315000, 114360000)]
13:35:46: [INFO] Adding track segment (B.Cu): [(107315000, 114360000), (109855000, 116900000)]
13:35:46: [INFO] Routing SW35 with D35
13:35:46: [INFO] Using internal autorouter method
13:35:46: [INFO] Routing pad 'SW35:2' at (88265000, 109220000) with pad 'D35:2' at (90805000, 116900000) using coordinate system rotated by 0 degree(s)
13:35:46: [INFO] Adding track segment (B.Cu): [(88265000, 109220000), (88265000, 114360000)]
13:35:46: [INFO] Adding track segment (B.Cu): [(88265000, 114360000), (90805000, 116900000)]
13:35:46: [INFO] Routing SW34 with D34
13:35:46: [INFO] Using internal autorouter method
13:35:46: [INFO] Routing pad 'SW34:2' at (254952500, 90170000) with pad 'D34:2' at (257492500, 97850000) using coordinate system rotated by 0 degree(s)
13:35:46: [INFO] Adding track segment (B.Cu): [(254952500, 90170000), (254952500, 95310000)]
13:35:46: [INFO] Adding track segment (B.Cu): [(254952500, 95310000), (257492500, 97850000)]
13:35:46: [INFO] Routing SW33 with D33
13:35:46: [INFO] Using internal autorouter method
13:35:46: [INFO] Routing pad 'SW33:2' at (235902500, 90170000) with pad 'D33:2' at (238442500, 97850000) using coordinate system rotated by 0 degree(s)
13:35:46: [INFO] Adding track segment (B.Cu): [(235902500, 90170000), (235902500, 95310000)]
13:35:46: [INFO] Adding track segment (B.Cu): [(235902500, 95310000), (238442500, 97850000)]
13:35:46: [INFO] Routing SW32 with D32
13:35:46: [INFO] Using internal autorouter method
13:35:46: [INFO] Routing pad 'SW32:2' at (216852500, 90170000) with pad 'D32:2' at (219392500, 97850000) using coordinate system rotated by 0 degree(s)
13:35:46: [INFO] Adding track segment (B.Cu): [(216852500, 90170000), (216852500, 95310000)]
13:35:46: [INFO] Adding track segment (B.Cu): [(216852500, 95310000), (219392500, 97850000)]
13:35:46: [INFO] Routing SW31 with D31
13:35:46: [INFO] Using internal autorouter method
13:35:46: [INFO] Routing pad 'SW31:2' at (197802500, 90170000) with pad 'D31:2' at (200342500, 97850000) using coordinate system rotated by 0 degree(s)
13:35:46: [INFO] Adding track segment (B.Cu): [(197802500, 90170000), (197802500, 95310000)]
13:35:46: [INFO] Adding track segment (B.Cu): [(197802500, 95310000), (200342500, 97850000)]
13:35:46: [INFO] Routing SW30 with D30
13:35:46: [INFO] Using internal autorouter method
13:35:46: [INFO] Routing pad 'SW30:2' at (178752500, 90170000) with pad 'D30:2' at (181292500, 97850000) using coordinate system rotated by 0 degree(s)
13:35:46: [INFO] Adding track segment (B.Cu): [(178752500, 90170000), (178752500, 95310000)]
13:35:46: [INFO] Adding track segment (B.Cu): [(178752500, 95310000), (181292500, 97850000)]
13:35:46: [INFO] Routing SW29 with D29
13:35:46: [INFO] Using internal autorouter method
13:35:46: [INFO] Routing pad 'SW29:2' at (159702500, 90170000) with pad 'D29:2' at (162242500, 97850000) using coordinate system rotated by 0 degree(s)
13:35:46: [INFO] Adding track segment (B.Cu): [(159702500, 90170000), (159702500, 95310000)]
13:35:46: [INFO] Adding track segment (B.Cu): [(159702500, 95310000), (162242500, 97850000)]
13:35:46: [INFO] Routing SW28a with D28
13:35:46: [INFO] Using internal autorouter method
13:35:46: [INFO] Routing pad 'SW28a:2' at (138271250, 90170000) with pad 'D28:2' at (150336250, 97850000) using coordinate system rotated by 0 degree(s)
13:35:46: [INFO] Routing SW28 with D28
13:35:46: [INFO] Using internal autorouter method
13:35:46: [INFO] Routing pad 'SW28:2' at (147796250, 90170000) with pad 'D28:2' at (150336250, 97850000) using coordinate system rotated by 0 degree(s)
13:35:46: [INFO] Adding track segment (B.Cu): [(147796250, 90170000), (147796250, 95310000)]
13:35:46: [INFO] Adding track segment (B.Cu): [(147796250, 95310000), (150336250, 97850000)]
13:35:46: [INFO] Routing SW27 with D27
13:35:46: [INFO] Using internal autorouter method
13:35:46: [INFO] Routing pad 'SW27:2' at (107315000, 90170000) with pad 'D27:2' at (109855000, 97850000) using coordinate system rotated by 0 degree(s)
13:35:46: [INFO] Adding track segment (B.Cu): [(107315000, 90170000), (107315000, 95310000)]
13:35:46: [INFO] Adding track segment (B.Cu): [(107315000, 95310000), (109855000, 97850000)]
13:35:46: [INFO] Routing SW26 with D26
13:35:46: [INFO] Using internal autorouter method
13:35:46: [INFO] Routing pad 'SW26:2' at (88265000, 90170000) with pad 'D26:2' at (90805000, 97850000) using coordinate system rotated by 0 degree(s)
13:35:46: [INFO] Adding track segment (B.Cu): [(88265000, 90170000), (88265000, 95310000)]
13:35:46: [INFO] Adding track segment (B.Cu): [(88265000, 95310000), (90805000, 97850000)]
13:35:46: [INFO] Routing SW25 with D25
13:35:46: [INFO] Using internal autorouter method
13:35:46: [INFO] Routing pad 'SW25:2' at (245427500, 71120000) with pad 'D25:2' at (247967500, 78800000) using coordinate system rotated by 0 degree(s)
13:35:46: [INFO] Adding track segment (B.Cu): [(245427500, 71120000), (245427500, 76260000)]
13:35:46: [INFO] Adding track segment (B.Cu): [(245427500, 76260000), (247967500, 78800000)]
13:35:46: [INFO] Routing SW24 with D24
13:35:46: [INFO] Using internal autorouter method
13:35:46: [INFO] Routing pad 'SW24:2' at (226377500, 71120000) with pad 'D24:2' at (228917500, 78800000) using coordinate system rotated by 0 degree(s)
13:35:46: [INFO] Adding track segment (B.Cu): [(226377500, 71120000), (226377500, 76260000)]
13:35:46: [INFO] Adding track segment (B.Cu): [(226377500, 76260000), (228917500, 78800000)]
13:35:46: [INFO] Routing SW23 with D23
13:35:46: [INFO] Using internal autorouter method
13:35:46: [INFO] Routing pad 'SW23:2' at (207327500, 71120000) with pad 'D23:2' at (209867500, 78800000) using coordinate system rotated by 0 degree(s)
13:35:46: [INFO] Adding track segment (B.Cu): [(207327500, 71120000), (207327500, 76260000)]
13:35:46: [INFO] Adding track segment (B.Cu): [(207327500, 76260000), (209867500, 78800000)]
13:35:46: [INFO] Routing SW22 with D22
13:35:46: [INFO] Using internal autorouter method
13:35:46: [INFO] Routing pad 'SW22:2' at (188277500, 71120000) with pad 'D22:2' at (190817500, 78800000) using coordinate system rotated by 0 degree(s)
13:35:46: [INFO] Adding track segment (B.Cu): [(188277500, 71120000), (188277500, 76260000)]
13:35:46: [INFO] Adding track segment (B.Cu): [(188277500, 76260000), (190817500, 78800000)]
13:35:46: [INFO] Routing SW21 with D21
13:35:46: [INFO] Using internal autorouter method
13:35:46: [INFO] Routing pad 'SW21:2' at (169227500, 71120000) with pad 'D21:2' at (171767500, 78800000) using coordinate system rotated by 0 degree(s)
13:35:46: [INFO] Adding track segment (B.Cu): [(169227500, 71120000), (169227500, 76260000)]
13:35:46: [INFO] Adding track segment (B.Cu): [(169227500, 76260000), (171767500, 78800000)]
13:35:46: [INFO] Routing SW20 with D20
13:35:46: [INFO] Using internal autorouter method
13:35:46: [INFO] Routing pad 'SW20:2' at (143033750, 71120000) with pad 'D20:2' at (145573750, 78800000) using coordinate system rotated by 0 degree(s)
13:35:46: [INFO] Adding track segment (B.Cu): [(143033750, 71120000), (143033750, 76260000)]
13:35:46: [INFO] Adding track segment (B.Cu): [(143033750, 76260000), (145573750, 78800000)]
13:35:46: [INFO] Routing SW19 with D19
13:35:46: [INFO] Using internal autorouter method
13:35:46: [INFO] Routing pad 'SW19:2' at (107315000, 71120000) with pad 'D19:2' at (109855000, 78800000) using coordinate system rotated by 0 degree(s)
13:35:46: [INFO] Adding track segment (B.Cu): [(107315000, 71120000), (107315000, 76260000)]
13:35:46: [INFO] Adding track segment (B.Cu): [(107315000, 76260000), (109855000, 78800000)]
13:35:46: [INFO] Routing SW18 with D18
13:35:46: [INFO] Using internal autorouter method
13:35:46: [INFO] Routing pad 'SW18:2' at (88265000, 71120000) with pad 'D18:2' at (90805000, 78800000) using coordinate system rotated by 0 degree(s)
13:35:46: [INFO] Adding track segment (B.Cu): [(88265000, 71120000), (88265000, 76260000)]
13:35:46: [INFO] Adding track segment (B.Cu): [(88265000, 76260000), (90805000, 78800000)]
13:35:46: [INFO] Routing SW17 with D17
13:35:46: [INFO] Using internal autorouter method
13:35:46: [INFO] Routing pad 'SW17:2' at (240665000, 52070000) with pad 'D17:2' at (243205000, 59750000) using coordinate system rotated by 0 degree(s)
13:35:46: [INFO] Adding track segment (B.Cu): [(240665000, 52070000), (240665000, 57210000)]
13:35:46: [INFO] Adding track segment (B.Cu): [(240665000, 57210000), (243205000, 59750000)]
13:35:46: [INFO] Routing SW16 with D16
13:35:46: [INFO] Using internal autorouter method
13:35:46: [INFO] Routing pad 'SW16:2' at (221615000, 52070000) with pad 'D16:2' at (224155000, 59750000) using coordinate system rotated by 0 degree(s)
13:35:46: [INFO] Adding track segment (B.Cu): [(221615000, 52070000), (221615000, 57210000)]
13:35:46: [INFO] Adding track segment (B.Cu): [(221615000, 57210000), (224155000, 59750000)]
13:35:46: [INFO] Routing SW15 with D15
13:35:46: [INFO] Using internal autorouter method
13:35:46: [INFO] Routing pad 'SW15:2' at (202565000, 52070000) with pad 'D15:2' at (205105000, 59750000) using coordinate system rotated by 0 degree(s)
13:35:46: [INFO] Adding track segment (B.Cu): [(202565000, 52070000), (202565000, 57210000)]
13:35:46: [INFO] Adding track segment (B.Cu): [(202565000, 57210000), (205105000, 59750000)]
13:35:46: [INFO] Routing SW14 with D14
13:35:46: [INFO] Using internal autorouter method
13:35:46: [INFO] Routing pad 'SW14:2' at (183515000, 52070000) with pad 'D14:2' at (186055000, 59750000) using coordinate system rotated by 0 degree(s)
13:35:46: [INFO] Adding track segment (B.Cu): [(183515000, 52070000), (183515000, 57210000)]
13:35:46: [INFO] Adding track segment (B.Cu): [(183515000, 57210000), (186055000, 59750000)]
13:35:46: [INFO] Routing SW13 with D13
13:35:46: [INFO] Using internal autorouter method
13:35:46: [INFO] Routing pad 'SW13:2' at (164465000, 52070000) with pad 'D13:2' at (167005000, 59750000) using coordinate system rotated by 0 degree(s)
13:35:46: [INFO] Adding track segment (B.Cu): [(164465000, 52070000), (164465000, 57210000)]
13:35:46: [INFO] Adding track segment (B.Cu): [(164465000, 57210000), (167005000, 59750000)]
13:35:46: [INFO] Routing SW12 with D12
13:35:46: [INFO] Using internal autorouter method
13:35:46: [INFO] Routing pad 'SW12:2' at (140652500, 52070000) with pad 'D12:2' at (143192500, 59750000) using coordinate system rotated by 0 degree(s)
13:35:46: [INFO] Adding track segment (B.Cu): [(140652500, 52070000), (140652500, 57210000)]
13:35:46: [INFO] Adding track segment (B.Cu): [(140652500, 57210000), (143192500, 59750000)]
13:35:46: [INFO] Routing SW11 with D11
13:35:46: [INFO] Using internal autorouter method
13:35:46: [INFO] Routing pad 'SW11:2' at (107315000, 52070000) with pad 'D11:2' at (109855000, 59750000) using coordinate system rotated by 0 degree(s)
13:35:47: [INFO] Adding track segment (B.Cu): [(107315000, 52070000), (107315000, 57210000)]
13:35:47: [INFO] Adding track segment (B.Cu): [(107315000, 57210000), (109855000, 59750000)]
13:35:47: [INFO] Routing SW10 with D10
13:35:47: [INFO] Using internal autorouter method
13:35:47: [INFO] Routing pad 'SW10:2' at (88265000, 52070000) with pad 'D10:2' at (90805000, 59750000) using coordinate system rotated by 0 degree(s)
13:35:47: [INFO] Adding track segment (B.Cu): [(88265000, 52070000), (88265000, 57210000)]
13:35:47: [INFO] Adding track segment (B.Cu): [(88265000, 57210000), (90805000, 59750000)]
13:35:47: [INFO] Routing SW9 with D9
13:35:47: [INFO] Using internal autorouter method
13:35:47: [INFO] Routing pad 'SW9:2' at (250190000, 33020000) with pad 'D9:2' at (252730000, 40700000) using coordinate system rotated by 0 degree(s)
13:35:47: [INFO] Adding track segment (B.Cu): [(250190000, 33020000), (250190000, 38160000)]
13:35:47: [INFO] Adding track segment (B.Cu): [(250190000, 38160000), (252730000, 40700000)]
13:35:47: [INFO] Routing SW8 with D8
13:35:47: [INFO] Using internal autorouter method
13:35:47: [INFO] Routing pad 'SW8:2' at (231140000, 33020000) with pad 'D8:2' at (233680000, 40700000) using coordinate system rotated by 0 degree(s)
13:35:47: [INFO] Adding track segment (B.Cu): [(231140000, 33020000), (231140000, 38160000)]
13:35:47: [INFO] Adding track segment (B.Cu): [(231140000, 38160000), (233680000, 40700000)]
13:35:47: [INFO] Routing SW7 with D7
13:35:47: [INFO] Using internal autorouter method
13:35:47: [INFO] Routing pad 'SW7:2' at (212090000, 33020000) with pad 'D7:2' at (214630000, 40700000) using coordinate system rotated by 0 degree(s)
13:35:47: [INFO] Adding track segment (B.Cu): [(212090000, 33020000), (212090000, 38160000)]
13:35:47: [INFO] Adding track segment (B.Cu): [(212090000, 38160000), (214630000, 40700000)]
13:35:47: [INFO] Routing SW6 with D6
13:35:47: [INFO] Using internal autorouter method
13:35:47: [INFO] Routing pad 'SW6:2' at (193040000, 33020000) with pad 'D6:2' at (195580000, 40700000) using coordinate system rotated by 0 degree(s)
13:35:47: [INFO] Adding track segment (B.Cu): [(193040000, 33020000), (193040000, 38160000)]
13:35:47: [INFO] Adding track segment (B.Cu): [(193040000, 38160000), (195580000, 40700000)]
13:35:47: [INFO] Routing SW5 with D5
13:35:47: [INFO] Using internal autorouter method
13:35:47: [INFO] Routing pad 'SW5:2' at (173990000, 33020000) with pad 'D5:2' at (176530000, 40700000) using coordinate system rotated by 0 degree(s)
13:35:47: [INFO] Adding track segment (B.Cu): [(173990000, 33020000), (173990000, 38160000)]
13:35:47: [INFO] Adding track segment (B.Cu): [(173990000, 38160000), (176530000, 40700000)]
13:35:47: [INFO] Routing SW4 with D4
13:35:47: [INFO] Using internal autorouter method
13:35:47: [INFO] Routing pad 'SW4:2' at (154940000, 33020000) with pad 'D4:2' at (157480000, 40700000) using coordinate system rotated by 0 degree(s)
13:35:47: [INFO] Adding track segment (B.Cu): [(154940000, 33020000), (154940000, 38160000)]
13:35:47: [INFO] Adding track segment (B.Cu): [(154940000, 38160000), (157480000, 40700000)]
13:35:47: [INFO] Routing SW3 with D3
13:35:47: [INFO] Using internal autorouter method
13:35:47: [INFO] Routing pad 'SW3:2' at (135890000, 33020000) with pad 'D3:2' at (138430000, 40700000) using coordinate system rotated by 0 degree(s)
13:35:47: [INFO] Adding track segment (B.Cu): [(135890000, 33020000), (135890000, 38160000)]
13:35:47: [INFO] Adding track segment (B.Cu): [(135890000, 38160000), (138430000, 40700000)]
13:35:47: [INFO] Routing SW2 with D2
13:35:47: [INFO] Using internal autorouter method
13:35:47: [INFO] Routing pad 'SW2:2' at (107315000, 33020000) with pad 'D2:2' at (109855000, 40700000) using coordinate system rotated by 0 degree(s)
13:35:47: [INFO] Adding track segment (B.Cu): [(107315000, 33020000), (107315000, 38160000)]
13:35:47: [INFO] Adding track segment (B.Cu): [(107315000, 38160000), (109855000, 40700000)]
13:35:47: [INFO] Routing SW1 with D1
13:35:47: [INFO] Using internal autorouter method
13:35:47: [INFO] Routing pad 'SW1:2' at (88265000, 33020000) with pad 'D1:2' at (90805000, 40700000) using coordinate system rotated by 0 degree(s)
13:35:47: [INFO] Adding track segment (B.Cu): [(88265000, 33020000), (88265000, 38160000)]
13:35:47: [INFO] Adding track segment (B.Cu): [(88265000, 38160000), (90805000, 40700000)]
13:35:47: [INFO] Routing ROW7 pads
13:35:47: [INFO] Routing pad 'D61:1' at (286067500, 81600000) with pad 'D62:1' at (305117500, 81600000) using coordinate system rotated by 0 degree(s)
13:35:47: [INFO] Adding track segment (B.Cu): [(286067500, 81600000), (305117500, 81600000)]
13:35:47: [INFO] Routing pad 'D62:1' at (305117500, 81600000) with pad 'D63:1' at (324167500, 81600000) using coordinate system rotated by 0 degree(s)
13:35:47: [INFO] Adding track segment (B.Cu): [(305117500, 81600000), (324167500, 81600000)]
13:35:47: [INFO] Routing pad 'D63:1' at (324167500, 81600000) with pad 'D64:1' at (343217500, 81600000) using coordinate system rotated by 0 degree(s)
13:35:47: [INFO] Adding track segment (B.Cu): [(324167500, 81600000), (343217500, 81600000)]
13:35:47: [INFO] Routing pad 'D64:1' at (343217500, 81600000) with pad 'D65:1' at (362267500, 81600000) using coordinate system rotated by 0 degree(s)
13:35:47: [INFO] Adding track segment (B.Cu): [(343217500, 81600000), (362267500, 81600000)]
13:35:47: [INFO] Routing pad 'D65:1' at (362267500, 81600000) with pad 'D66:1' at (381317500, 81600000) using coordinate system rotated by 0 degree(s)
13:35:47: [INFO] Adding track segment (B.Cu): [(362267500, 81600000), (381317500, 81600000)]
13:35:47: [INFO] Routing pad 'D66:1' at (381317500, 81600000) with pad 'D67:1' at (400367500, 81600000) using coordinate system rotated by 0 degree(s)
13:35:47: [INFO] Adding track segment (B.Cu): [(381317500, 81600000), (400367500, 81600000)]
13:35:47: [INFO] Routing pad 'D67:1' at (400367500, 81600000) with pad 'D68:1' at (412273750, 81600000) using coordinate system rotated by 0 degree(s)
13:35:47: [INFO] Adding track segment (B.Cu): [(400367500, 81600000), (412273750, 81600000)]
13:35:47: [INFO] Routing pad 'D68:1' at (412273750, 81600000) with pad 'D69:1' at (443230000, 81600000) using coordinate system rotated by 0 degree(s)
13:35:47: [INFO] Adding track segment (B.Cu): [(412273750, 81600000), (443230000, 81600000)]
13:35:47: [INFO] Routing COL1 pads
13:35:47: [INFO] Routing pad 'SW2:1' at (100965000, 35560000) with pad 'SW11:1' at (100965000, 54610000) using coordinate system rotated by 0 degree(s)
13:35:47: [INFO] Adding track segment (F.Cu): [(100965000, 35560000), (100965000, 54610000)]
13:35:47: [INFO] Routing pad 'SW11:1' at (100965000, 54610000) with pad 'SW19:1' at (100965000, 73660000) using coordinate system rotated by 0 degree(s)
13:35:47: [INFO] Adding track segment (F.Cu): [(100965000, 54610000), (100965000, 73660000)]
13:35:47: [INFO] Routing pad 'SW19:1' at (100965000, 73660000) with pad 'SW27:1' at (100965000, 92710000) using coordinate system rotated by 0 degree(s)
13:35:47: [INFO] Adding track segment (F.Cu): [(100965000, 73660000), (100965000, 92710000)]
13:35:47: [INFO] Routing pad 'SW27:1' at (100965000, 92710000) with pad 'SW36:1' at (100965000, 111760000) using coordinate system rotated by 0 degree(s)
13:35:47: [INFO] Adding track segment (F.Cu): [(100965000, 92710000), (100965000, 111760000)]
13:35:47: [INFO] Routing pad 'SW11:1' at (100965000, 54610000) with pad 'SW53:1' at (291465000, 54610000) using coordinate system rotated by 0 degree(s)
13:35:47: [INFO] Adding track segment (F.Cu): [(100965000, 54610000), (291465000, 54610000)]
13:35:47: [INFO] Could not add track segment due to detected collision
13:35:47: [INFO] Routing pad 'SW53:1' at (291465000, 54610000) with pad 'SW62:1' at (296227500, 73660000) using coordinate system rotated by 0 degree(s)
13:35:47: [INFO] Adding track segment (F.Cu): [(291465000, 54610000), (291465000, 68897500)]
13:35:47: [INFO] Adding track segment (F.Cu): [(291465000, 68897500), (296227500, 73660000)]
13:35:47: [INFO] Routing pad 'SW53:1' at (291465000, 54610000) with pad 'SW44:1' at (300990000, 35560000) using coordinate system rotated by 0 degree(s)
13:35:47: [INFO] Adding track segment (F.Cu): [(291465000, 54610000), (300990000, 45085000)]
13:35:47: [INFO] Adding track segment (F.Cu): [(300990000, 45085000), (300990000, 35560000)]
13:35:47: [INFO] Routing pad 'SW71:1' at (305752500, 92710000) with pad 'SW79:1' at (303371250, 111760000) using coordinate system rotated by 0 degree(s)
13:35:47: [INFO] Adding track segment (F.Cu): [(305752500, 92710000), (305752500, 109378750)]
13:35:47: [INFO] Adding track segment (F.Cu): [(305752500, 109378750), (303371250, 111760000)]
13:35:47: [INFO] Routing pad 'SW62:1' at (296227500, 73660000) with pad 'SW71:1' at (305752500, 92710000) using coordinate system rotated by 0 degree(s)
13:35:47: [INFO] Adding track segment (F.Cu): [(296227500, 73660000), (296227500, 83185000)]
13:35:47: [INFO] Adding track segment (F.Cu): [(296227500, 83185000), (305752500, 92710000)]
13:35:47: [INFO] Routing pad 'SW79:1' at (303371250, 111760000) with pad 'SW79a:1' at (315277500, 111760000) using coordinate system rotated by 0 degree(s)
13:35:47: [INFO] Adding track segment (F.Cu): [(303371250, 111760000), (315277500, 111760000)]
13:35:47: [INFO] Routing ROW2 pads
13:35:47: [INFO] Routing pad 'D18:1' at (90805000, 81600000) with pad 'D19:1' at (109855000, 81600000) using coordinate system rotated by 0 degree(s)
13:35:47: [INFO] Adding track segment (B.Cu): [(90805000, 81600000), (109855000, 81600000)]
13:35:47: [INFO] Routing pad 'D19:1' at (109855000, 81600000) with pad 'D20:1' at (145573750, 81600000) using coordinate system rotated by 0 degree(s)
13:35:47: [INFO] Adding track segment (B.Cu): [(109855000, 81600000), (145573750, 81600000)]
13:35:47: [INFO] Routing pad 'D20:1' at (145573750, 81600000) with pad 'D21:1' at (171767500, 81600000) using coordinate system rotated by 0 degree(s)
13:35:47: [INFO] Adding track segment (B.Cu): [(145573750, 81600000), (171767500, 81600000)]
13:35:47: [INFO] Routing pad 'D21:1' at (171767500, 81600000) with pad 'D22:1' at (190817500, 81600000) using coordinate system rotated by 0 degree(s)
13:35:47: [INFO] Adding track segment (B.Cu): [(171767500, 81600000), (190817500, 81600000)]
13:35:47: [INFO] Routing pad 'D22:1' at (190817500, 81600000) with pad 'D23:1' at (209867500, 81600000) using coordinate system rotated by 0 degree(s)
13:35:47: [INFO] Adding track segment (B.Cu): [(190817500, 81600000), (209867500, 81600000)]
13:35:47: [INFO] Routing pad 'D23:1' at (209867500, 81600000) with pad 'D24:1' at (228917500, 81600000) using coordinate system rotated by 0 degree(s)
13:35:47: [INFO] Adding track segment (B.Cu): [(209867500, 81600000), (228917500, 81600000)]
13:35:47: [INFO] Routing pad 'D24:1' at (228917500, 81600000) with pad 'D25:1' at (247967500, 81600000) using coordinate system rotated by 0 degree(s)
13:35:47: [INFO] Adding track segment (B.Cu): [(228917500, 81600000), (247967500, 81600000)]
13:35:47: [INFO] Routing COL6 pads
13:35:47: [INFO] Routing pad 'SW24:1' at (220027500, 73660000) with pad 'SW32:1' at (210502500, 92710000) using coordinate system rotated by 0 degree(s)
13:35:47: [INFO] Adding track segment (F.Cu): [(220027500, 73660000), (220027500, 83185000)]
13:35:47: [INFO] Adding track segment (F.Cu): [(220027500, 83185000), (210502500, 92710000)]
13:35:47: [INFO] Routing pad 'SW7:1' at (205740000, 35560000) with pad 'SW16:1' at (215265000, 54610000) using coordinate system rotated by 0 degree(s)
13:35:47: [INFO] Adding track segment (F.Cu): [(205740000, 35560000), (205740000, 45085000)]
13:35:47: [INFO] Adding track segment (F.Cu): [(205740000, 45085000), (215265000, 54610000)]
13:35:47: [INFO] Routing pad 'SW16:1' at (215265000, 54610000) with pad 'SW24:1' at (220027500, 73660000) using coordinate system rotated by 0 degree(s)
13:35:47: [INFO] Adding track segment (F.Cu): [(215265000, 54610000), (215265000, 68897500)]
13:35:47: [INFO] Adding track segment (F.Cu): [(215265000, 68897500), (220027500, 73660000)]
13:35:47: [INFO] Routing pad 'SW32:1' at (210502500, 92710000) with pad 'SW41:1' at (224790000, 111760000) using coordinate system rotated by 0 degree(s)
13:35:47: [INFO] Adding track segment (F.Cu): [(210502500, 92710000), (210502500, 97472500)]
13:35:47: [INFO] Adding track segment (F.Cu): [(210502500, 97472500), (224790000, 111760000)]
13:35:47: [INFO] Routing pad 'SW67:1' at (391477500, 73660000) with pad 'SW58:1' at (386715000, 54610000) using coordinate system rotated by 0 degree(s)
13:35:47: [INFO] Adding track segment (F.Cu): [(391477500, 73660000), (386715000, 68897500)]
13:35:47: [INFO] Adding track segment (F.Cu): [(386715000, 68897500), (386715000, 54610000)]
13:35:47: [INFO] Routing pad 'SW83:1' at (389096250, 111760000) with pad 'SW75a:1' at (389096250, 92710000) using coordinate system rotated by 0 degree(s)
13:35:47: [INFO] Adding track segment (F.Cu): [(389096250, 111760000), (389096250, 92710000)]
13:35:47: [INFO] Could not add track segment due to detected collision
13:35:47: [INFO] Routing pad 'SW41:1' at (224790000, 111760000) with pad 'SW83:1' at (389096250, 111760000) using coordinate system rotated by 0 degree(s)
13:35:47: [INFO] Adding track segment (F.Cu): [(224790000, 111760000), (389096250, 111760000)]
13:35:47: [INFO] Could not add track segment due to detected collision
13:35:47: [INFO] Routing pad 'SW75a:1' at (389096250, 92710000) with pad 'SW67:1' at (391477500, 73660000) using coordinate system rotated by 0 degree(s)
13:35:47: [INFO] Routing pad 'SW58:1' at (386715000, 54610000) with pad 'SW49:1' at (396240000, 35560000) using coordinate system rotated by 0 degree(s)
13:35:47: [INFO] Routing pad 'SW75a:1' at (389096250, 92710000) with pad 'SW75b:1' at (396240000, 92710000) using coordinate system rotated by 0 degree(s)
13:35:47: [INFO] Adding track segment (F.Cu): [(389096250, 92710000), (396240000, 92710000)]
13:35:47: [INFO] Routing pad 'SW83:1' at (389096250, 111760000) with pad 'SW83a:1' at (396240000, 111760000) using coordinate system rotated by 0 degree(s)
13:35:47: [INFO] Adding track segment (F.Cu): [(389096250, 111760000), (396240000, 111760000)]
13:35:47: [INFO] Routing pad 'SW75b:1' at (396240000, 92710000) with pad 'SW75:1' at (398621250, 92710000) using coordinate system rotated by 0 degree(s)
13:35:47: [INFO] Adding track segment (F.Cu): [(396240000, 92710000), (398621250, 92710000)]
13:35:47: [INFO] Routing COL7 pads
13:35:47: [INFO] Routing pad 'SW25:1' at (239077500, 73660000) with pad 'SW33:1' at (229552500, 92710000) using coordinate system rotated by 0 degree(s)
13:35:47: [INFO] Adding track segment (F.Cu): [(239077500, 73660000), (239077500, 83185000)]
13:35:47: [INFO] Adding track segment (F.Cu): [(239077500, 83185000), (229552500, 92710000)]
13:35:47: [INFO] Routing pad 'SW8:1' at (224790000, 35560000) with pad 'SW17:1' at (234315000, 54610000) using coordinate system rotated by 0 degree(s)
13:35:47: [INFO] Adding track segment (F.Cu): [(224790000, 35560000), (224790000, 45085000)]
13:35:47: [INFO] Adding track segment (F.Cu): [(224790000, 45085000), (234315000, 54610000)]
13:35:47: [INFO] Routing pad 'SW33:1' at (229552500, 92710000) with pad 'SW42:1' at (236696250, 111760000) using coordinate system rotated by 0 degree(s)
13:35:47: [INFO] Adding track segment (F.Cu): [(229552500, 92710000), (229552500, 104616250)]
13:35:47: [INFO] Adding track segment (F.Cu): [(229552500, 104616250), (236696250, 111760000)]
13:35:47: [INFO] Routing pad 'SW17:1' at (234315000, 54610000) with pad 'SW25:1' at (239077500, 73660000) using coordinate system rotated by 0 degree(s)
13:35:47: [INFO] Adding track segment (F.Cu): [(234315000, 54610000), (234315000, 68897500)]
13:35:47: [INFO] Adding track segment (F.Cu): [(234315000, 68897500), (239077500, 73660000)]
13:35:47: [INFO] Routing pad 'SW42:1' at (236696250, 111760000) with pad 'SW42a:1' at (246221250, 111760000) using coordinate system rotated by 0 degree(s)
13:35:47: [INFO] Adding track segment (F.Cu): [(236696250, 111760000), (246221250, 111760000)]
13:35:47: [INFO] Routing pad 'SW42a:1' at (246221250, 111760000) with pad 'SW68:1' at (403383750, 73660000) using coordinate system rotated by 0 degree(s)
13:35:47: [INFO] Routing pad 'SW59:1' at (410527500, 54610000) with pad 'SW50:1' at (405765000, 35560000) using coordinate system rotated by 0 degree(s)
13:35:47: [INFO] Routing pad 'SW68a:1' at (412908750, 64135000) with pad 'SW59:1' at (410527500, 54610000) using coordinate system rotated by 0 degree(s)
13:35:47: [INFO] Routing pad 'SW68:1' at (403383750, 73660000) with pad 'SW68a:1' at (412908750, 64135000) using coordinate system rotated by 0 degree(s)
13:35:47: [INFO] Routing pad 'SW84a:1' at (415290000, 111760000) with pad 'SW84:1' at (412908750, 111760000) using coordinate system rotated by 0 degree(s)
13:35:47: [INFO] Adding track segment (F.Cu): [(415290000, 111760000), (412908750, 111760000)]
13:35:47: [INFO] Routing pad 'SW50:1' at (405765000, 35560000) with pad 'SW50a:1' at (415290000, 35560000) using coordinate system rotated by 0 degree(s)
13:35:47: [INFO] Adding track segment (F.Cu): [(405765000, 35560000), (415290000, 35560000)]
13:35:47: [INFO] Routing pad 'SW68:1' at (403383750, 73660000) with pad 'SW76:1' at (415290000, 92710000) using coordinate system rotated by 0 degree(s)
13:35:47: [INFO] Adding track segment (F.Cu): [(403383750, 73660000), (403383750, 80803750)]
13:35:47: [INFO] Adding track segment (F.Cu): [(403383750, 80803750), (415290000, 92710000)]
13:35:47: [INFO] Routing pad 'SW76:1' at (415290000, 92710000) with pad 'SW84a:1' at (415290000, 111760000) using coordinate system rotated by 0 degree(s)
13:35:47: [INFO] Adding track segment (F.Cu): [(415290000, 92710000), (415290000, 111760000)]
13:35:47: [INFO] Could not add track segment due to detected collision
13:35:47: [INFO] Routing COL0 pads
13:35:47: [INFO] Routing pad 'SW1:1' at (81915000, 35560000) with pad 'SW10:1' at (81915000, 54610000) using coordinate system rotated by 0 degree(s)
13:35:47: [INFO] Adding track segment (F.Cu): [(81915000, 35560000), (81915000, 54610000)]
13:35:47: [INFO] Routing pad 'SW10:1' at (81915000, 54610000) with pad 'SW18:1' at (81915000, 73660000) using coordinate system rotated by 0 degree(s)
13:35:47: [INFO] Adding track segment (F.Cu): [(81915000, 54610000), (81915000, 73660000)]
13:35:47: [INFO] Routing pad 'SW18:1' at (81915000, 73660000) with pad 'SW26:1' at (81915000, 92710000) using coordinate system rotated by 0 degree(s)
13:35:47: [INFO] Adding track segment (F.Cu): [(81915000, 73660000), (81915000, 92710000)]
13:35:47: [INFO] Routing pad 'SW26:1' at (81915000, 92710000) with pad 'SW35:1' at (81915000, 111760000) using coordinate system rotated by 0 degree(s)
13:35:47: [INFO] Adding track segment (F.Cu): [(81915000, 92710000), (81915000, 111760000)]
13:35:47: [INFO] Routing pad 'SW10:1' at (81915000, 54610000) with pad 'SW52:1' at (272415000, 54610000) using coordinate system rotated by 0 degree(s)
13:35:47: [INFO] Adding track segment (F.Cu): [(81915000, 54610000), (272415000, 54610000)]
13:35:47: [INFO] Could not add track segment due to detected collision
13:35:47: [INFO] Routing pad 'SW52:1' at (272415000, 54610000) with pad 'SW61:1' at (277177500, 73660000) using coordinate system rotated by 0 degree(s)
13:35:47: [INFO] Adding track segment (F.Cu): [(272415000, 54610000), (272415000, 68897500)]
13:35:47: [INFO] Adding track segment (F.Cu): [(272415000, 68897500), (277177500, 73660000)]
13:35:47: [INFO] Routing pad 'SW52:1' at (272415000, 54610000) with pad 'SW43:1' at (281940000, 35560000) using coordinate system rotated by 0 degree(s)
13:35:48: [INFO] Adding track segment (F.Cu): [(272415000, 54610000), (281940000, 45085000)]
13:35:48: [INFO] Adding track segment (F.Cu): [(281940000, 45085000), (281940000, 35560000)]
13:35:48: [INFO] Routing pad 'SW61:1' at (277177500, 73660000) with pad 'SW70:1' at (286702500, 92710000) using coordinate system rotated by 0 degree(s)
13:35:48: [INFO] Adding track segment (F.Cu): [(277177500, 73660000), (277177500, 83185000)]
13:35:48: [INFO] Adding track segment (F.Cu): [(277177500, 83185000), (286702500, 92710000)]
13:35:48: [INFO] Routing pad 'SW70:1' at (286702500, 92710000) with pad 'SW78:1' at (289083750, 111760000) using coordinate system rotated by 0 degree(s)
13:35:48: [INFO] Adding track segment (F.Cu): [(286702500, 92710000), (286702500, 109378750)]
13:35:48: [INFO] Adding track segment (F.Cu): [(286702500, 109378750), (289083750, 111760000)]
13:35:48: [INFO] Routing ROW3 pads
13:35:48: [INFO] Routing pad 'D26:1' at (90805000, 100650000) with pad 'D27:1' at (109855000, 100650000) using coordinate system rotated by 0 degree(s)
13:35:48: [INFO] Adding track segment (B.Cu): [(90805000, 100650000), (109855000, 100650000)]
13:35:48: [INFO] Routing pad 'D27:1' at (109855000, 100650000) with pad 'D28:1' at (150336250, 100650000) using coordinate system rotated by 0 degree(s)
13:35:48: [INFO] Adding track segment (B.Cu): [(109855000, 100650000), (150336250, 100650000)]
13:35:48: [INFO] Routing pad 'D28:1' at (150336250, 100650000) with pad 'D29:1' at (162242500, 100650000) using coordinate system rotated by 0 degree(s)
13:35:48: [INFO] Adding track segment (B.Cu): [(150336250, 100650000), (162242500, 100650000)]
13:35:48: [INFO] Routing pad 'D29:1' at (162242500, 100650000) with pad 'D30:1' at (181292500, 100650000) using coordinate system rotated by 0 degree(s)
13:35:48: [INFO] Adding track segment (B.Cu): [(162242500, 100650000), (181292500, 100650000)]
13:35:48: [INFO] Routing pad 'D30:1' at (181292500, 100650000) with pad 'D31:1' at (200342500, 100650000) using coordinate system rotated by 0 degree(s)
13:35:48: [INFO] Adding track segment (B.Cu): [(181292500, 100650000), (200342500, 100650000)]
13:35:48: [INFO] Routing pad 'D31:1' at (200342500, 100650000) with pad 'D32:1' at (219392500, 100650000) using coordinate system rotated by 0 degree(s)
13:35:48: [INFO] Adding track segment (B.Cu): [(200342500, 100650000), (219392500, 100650000)]
13:35:48: [INFO] Routing pad 'D32:1' at (219392500, 100650000) with pad 'D33:1' at (238442500, 100650000) using coordinate system rotated by 0 degree(s)
13:35:48: [INFO] Adding track segment (B.Cu): [(219392500, 100650000), (238442500, 100650000)]
13:35:48: [INFO] Routing pad 'D33:1' at (238442500, 100650000) with pad 'D34:1' at (257492500, 100650000) using coordinate system rotated by 0 degree(s)
13:35:48: [INFO] Adding track segment (B.Cu): [(238442500, 100650000), (257492500, 100650000)]
13:35:48: [INFO] Routing ROW8 pads
13:35:48: [INFO] Routing pad 'D70:1' at (295592500, 100650000) with pad 'D71:1' at (314642500, 100650000) using coordinate system rotated by 0 degree(s)
13:35:48: [INFO] Adding track segment (B.Cu): [(295592500, 100650000), (314642500, 100650000)]
13:35:48: [INFO] Routing pad 'D71:1' at (314642500, 100650000) with pad 'D72:1' at (333692500, 100650000) using coordinate system rotated by 0 degree(s)
13:35:48: [INFO] Adding track segment (B.Cu): [(314642500, 100650000), (333692500, 100650000)]
13:35:48: [INFO] Routing pad 'D72:1' at (333692500, 100650000) with pad 'D73:1' at (352742500, 100650000) using coordinate system rotated by 0 degree(s)
13:35:48: [INFO] Adding track segment (B.Cu): [(333692500, 100650000), (352742500, 100650000)]
13:35:48: [INFO] Routing pad 'D73:1' at (352742500, 100650000) with pad 'D74:1' at (371792500, 100650000) using coordinate system rotated by 0 degree(s)
13:35:48: [INFO] Adding track segment (B.Cu): [(352742500, 100650000), (371792500, 100650000)]
13:35:48: [INFO] Routing pad 'D74:1' at (371792500, 100650000) with pad 'D75:1' at (407511250, 100650000) using coordinate system rotated by 0 degree(s)
13:35:48: [INFO] Adding track segment (B.Cu): [(371792500, 100650000), (407511250, 100650000)]
13:35:48: [INFO] Routing pad 'D75:1' at (407511250, 100650000) with pad 'D76:1' at (424180000, 100650000) using coordinate system rotated by 0 degree(s)
13:35:48: [INFO] Adding track segment (B.Cu): [(407511250, 100650000), (424180000, 100650000)]
13:35:48: [INFO] Routing pad 'D76:1' at (424180000, 100650000) with pad 'D77:1' at (443230000, 100650000) using coordinate system rotated by 0 degree(s)
13:35:48: [INFO] Adding track segment (B.Cu): [(424180000, 100650000), (443230000, 100650000)]
13:35:48: [INFO] Routing COL3 pads
13:35:48: [INFO] Routing pad 'SW21:1' at (162877500, 73660000) with pad 'SW29:1' at (153352500, 92710000) using coordinate system rotated by 0 degree(s)
13:35:48: [INFO] Routing pad 'SW29:1' at (153352500, 92710000) with pad 'SW38:1' at (155733750, 111760000) using coordinate system rotated by 0 degree(s)
13:35:48: [INFO] Adding track segment (F.Cu): [(153352500, 92710000), (153352500, 109378750)]
13:35:48: [INFO] Adding track segment (F.Cu): [(153352500, 109378750), (155733750, 111760000)]
13:35:48: [INFO] Routing pad 'SW4:1' at (148590000, 35560000) with pad 'SW13:1' at (158115000, 54610000) using coordinate system rotated by 0 degree(s)
13:35:48: [INFO] Adding track segment (F.Cu): [(148590000, 35560000), (148590000, 45085000)]
13:35:48: [INFO] Adding track segment (F.Cu): [(148590000, 45085000), (158115000, 54610000)]
13:35:48: [INFO] Routing pad 'SW13:1' at (158115000, 54610000) with pad 'SW21:1' at (162877500, 73660000) using coordinate system rotated by 0 degree(s)
13:35:48: [INFO] Adding track segment (F.Cu): [(158115000, 54610000), (158115000, 68897500)]
13:35:48: [INFO] Adding track segment (F.Cu): [(158115000, 68897500), (162877500, 73660000)]
13:35:48: [INFO] Routing pad 'SW21:1' at (162877500, 73660000) with pad 'SW55:1' at (329565000, 54610000) using coordinate system rotated by 0 degree(s)
13:35:48: [INFO] Routing pad 'SW55:1' at (329565000, 54610000) with pad 'SW64:1' at (334327500, 73660000) using coordinate system rotated by 0 degree(s)
13:35:48: [INFO] Adding track segment (F.Cu): [(329565000, 54610000), (329565000, 68897500)]
13:35:48: [INFO] Adding track segment (F.Cu): [(329565000, 68897500), (334327500, 73660000)]
13:35:48: [INFO] Routing pad 'SW55:1' at (329565000, 54610000) with pad 'SW46:1' at (339090000, 35560000) using coordinate system rotated by 0 degree(s)
13:35:48: [INFO] Adding track segment (F.Cu): [(329565000, 54610000), (339090000, 45085000)]
13:35:48: [INFO] Adding track segment (F.Cu): [(339090000, 45085000), (339090000, 35560000)]
13:35:48: [INFO] Routing pad 'SW64:1' at (334327500, 73660000) with pad 'SW73:1' at (343852500, 92710000) using coordinate system rotated by 0 degree(s)
13:35:48: [INFO] Adding track segment (F.Cu): [(334327500, 73660000), (334327500, 83185000)]
13:35:48: [INFO] Adding track segment (F.Cu): [(334327500, 83185000), (343852500, 92710000)]
13:35:48: [INFO] Routing pad 'SW73:1' at (343852500, 92710000) with pad 'SW81a:1' at (358140000, 111760000) using coordinate system rotated by 0 degree(s)
13:35:48: [INFO] Adding track segment (F.Cu): [(343852500, 92710000), (343852500, 97472500)]
13:35:48: [INFO] Adding track segment (F.Cu): [(343852500, 97472500), (358140000, 111760000)]
13:35:48: [INFO] Routing pad 'SW81a:1' at (358140000, 111760000) with pad 'SW81:1' at (365283750, 111760000) using coordinate system rotated by 0 degree(s)
13:35:48: [INFO] Adding track segment (F.Cu): [(358140000, 111760000), (365283750, 111760000)]
13:35:48: [INFO] Routing COL4 pads
13:35:48: [INFO] Routing pad 'SW22:1' at (181927500, 73660000) with pad 'SW30:1' at (172402500, 92710000) using coordinate system rotated by 0 degree(s)
13:35:48: [INFO] Adding track segment (F.Cu): [(181927500, 73660000), (181927500, 83185000)]
13:35:48: [INFO] Adding track segment (F.Cu): [(181927500, 83185000), (172402500, 92710000)]
13:35:48: [INFO] Routing pad 'SW5:1' at (167640000, 35560000) with pad 'SW14:1' at (177165000, 54610000) using coordinate system rotated by 0 degree(s)
13:35:48: [INFO] Adding track segment (F.Cu): [(167640000, 35560000), (167640000, 45085000)]
13:35:48: [INFO] Adding track segment (F.Cu): [(167640000, 45085000), (177165000, 54610000)]
13:35:48: [INFO] Routing pad 'SW30:1' at (172402500, 92710000) with pad 'SW39:1' at (179546250, 111760000) using coordinate system rotated by 0 degree(s)
13:35:48: [INFO] Adding track segment (F.Cu): [(172402500, 92710000), (172402500, 104616250)]
13:35:48: [INFO] Adding track segment (F.Cu): [(172402500, 104616250), (179546250, 111760000)]
13:35:48: [INFO] Routing pad 'SW14:1' at (177165000, 54610000) with pad 'SW22:1' at (181927500, 73660000) using coordinate system rotated by 0 degree(s)
13:35:48: [INFO] Adding track segment (F.Cu): [(177165000, 54610000), (177165000, 68897500)]
13:35:48: [INFO] Adding track segment (F.Cu): [(177165000, 68897500), (181927500, 73660000)]
13:35:48: [INFO] Routing pad 'SW22:1' at (181927500, 73660000) with pad 'SW56:1' at (348615000, 54610000) using coordinate system rotated by 0 degree(s)
13:35:48: [INFO] Routing pad 'SW56:1' at (348615000, 54610000) with pad 'SW65:1' at (353377500, 73660000) using coordinate system rotated by 0 degree(s)
13:35:48: [INFO] Adding track segment (F.Cu): [(348615000, 54610000), (348615000, 68897500)]
13:35:48: [INFO] Adding track segment (F.Cu): [(348615000, 68897500), (353377500, 73660000)]
13:35:48: [INFO] Routing pad 'SW56:1' at (348615000, 54610000) with pad 'SW47:1' at (358140000, 35560000) using coordinate system rotated by 0 degree(s)
13:35:48: [INFO] Adding track segment (F.Cu): [(348615000, 54610000), (358140000, 45085000)]
13:35:48: [INFO] Adding track segment (F.Cu): [(358140000, 45085000), (358140000, 35560000)]
13:35:48: [INFO] Routing pad 'SW65:1' at (353377500, 73660000) with pad 'SW74:1' at (362902500, 92710000) using coordinate system rotated by 0 degree(s)
13:35:48: [INFO] Adding track segment (F.Cu): [(353377500, 73660000), (353377500, 83185000)]
13:35:48: [INFO] Adding track segment (F.Cu): [(353377500, 83185000), (362902500, 92710000)]
13:35:48: [INFO] Routing pad 'SW74:1' at (362902500, 92710000) with pad 'SW74a:1' at (370046250, 92710000) using coordinate system rotated by 0 degree(s)
13:35:48: [INFO] Adding track segment (F.Cu): [(362902500, 92710000), (370046250, 92710000)]
13:35:48: [INFO] Routing pad 'SW74a:1' at (370046250, 92710000) with pad 'SW82:1' at (377190000, 111760000) using coordinate system rotated by 0 degree(s)
13:35:48: [INFO] Adding track segment (F.Cu): [(370046250, 92710000), (370046250, 104616250)]
13:35:48: [INFO] Adding track segment (F.Cu): [(370046250, 104616250), (377190000, 111760000)]
13:35:48: [INFO] Routing ROW0 pads
13:35:48: [INFO] Routing pad 'D1:1' at (90805000, 43500000) with pad 'D2:1' at (109855000, 43500000) using coordinate system rotated by 0 degree(s)
13:35:48: [INFO] Adding track segment (B.Cu): [(90805000, 43500000), (109855000, 43500000)]
13:35:48: [INFO] Routing pad 'D2:1' at (109855000, 43500000) with pad 'D3:1' at (138430000, 43500000) using coordinate system rotated by 0 degree(s)
13:35:48: [INFO] Adding track segment (B.Cu): [(109855000, 43500000), (138430000, 43500000)]
13:35:48: [INFO] Routing pad 'D3:1' at (138430000, 43500000) with pad 'D4:1' at (157480000, 43500000) using coordinate system rotated by 0 degree(s)
13:35:48: [INFO] Adding track segment (B.Cu): [(138430000, 43500000), (157480000, 43500000)]
13:35:48: [INFO] Routing pad 'D4:1' at (157480000, 43500000) with pad 'D5:1' at (176530000, 43500000) using coordinate system rotated by 0 degree(s)
13:35:48: [INFO] Adding track segment (B.Cu): [(157480000, 43500000), (176530000, 43500000)]
13:35:48: [INFO] Routing pad 'D5:1' at (176530000, 43500000) with pad 'D6:1' at (195580000, 43500000) using coordinate system rotated by 0 degree(s)
13:35:48: [INFO] Adding track segment (B.Cu): [(176530000, 43500000), (195580000, 43500000)]
13:35:48: [INFO] Routing pad 'D6:1' at (195580000, 43500000) with pad 'D7:1' at (214630000, 43500000) using coordinate system rotated by 0 degree(s)
13:35:48: [INFO] Adding track segment (B.Cu): [(195580000, 43500000), (214630000, 43500000)]
13:35:48: [INFO] Routing pad 'D7:1' at (214630000, 43500000) with pad 'D8:1' at (233680000, 43500000) using coordinate system rotated by 0 degree(s)
13:35:48: [INFO] Adding track segment (B.Cu): [(214630000, 43500000), (233680000, 43500000)]
13:35:48: [INFO] Routing pad 'D8:1' at (233680000, 43500000) with pad 'D9:1' at (252730000, 43500000) using coordinate system rotated by 0 degree(s)
13:35:48: [INFO] Adding track segment (B.Cu): [(233680000, 43500000), (252730000, 43500000)]
13:35:48: [INFO] Routing ROW4 pads
13:35:48: [INFO] Routing pad 'D35:1' at (90805000, 119700000) with pad 'D36:1' at (109855000, 119700000) using coordinate system rotated by 0 degree(s)
13:35:48: [INFO] Adding track segment (B.Cu): [(90805000, 119700000), (109855000, 119700000)]
13:35:48: [INFO] Routing pad 'D36:1' at (109855000, 119700000) with pad 'D37:1' at (140811250, 119700000) using coordinate system rotated by 0 degree(s)
13:35:48: [INFO] Adding track segment (B.Cu): [(109855000, 119700000), (140811250, 119700000)]
13:35:48: [INFO] Routing pad 'D37:1' at (140811250, 119700000) with pad 'D38:1' at (164623750, 119700000) using coordinate system rotated by 0 degree(s)
13:35:48: [INFO] Adding track segment (B.Cu): [(140811250, 119700000), (164623750, 119700000)]
13:35:48: [INFO] Routing pad 'D38:1' at (164623750, 119700000) with pad 'D39:1' at (188436250, 119700000) using coordinate system rotated by 0 degree(s)
13:35:48: [INFO] Adding track segment (B.Cu): [(164623750, 119700000), (188436250, 119700000)]
13:35:48: [INFO] Routing pad 'D39:1' at (188436250, 119700000) with pad 'D40:1' at (212248750, 119700000) using coordinate system rotated by 0 degree(s)
13:35:48: [INFO] Adding track segment (B.Cu): [(188436250, 119700000), (212248750, 119700000)]
13:35:48: [INFO] Routing pad 'D40:1' at (212248750, 119700000) with pad 'D41:1' at (233680000, 119700000) using coordinate system rotated by 0 degree(s)
13:35:48: [INFO] Adding track segment (B.Cu): [(212248750, 119700000), (233680000, 119700000)]
13:35:48: [INFO] Routing pad 'D41:1' at (233680000, 119700000) with pad 'D42:1' at (245586250, 119700000) using coordinate system rotated by 0 degree(s)
13:35:48: [INFO] Adding track segment (B.Cu): [(233680000, 119700000), (245586250, 119700000)]
13:35:48: [INFO] Routing ROW9 pads
13:35:48: [INFO] Routing pad 'D78:1' at (297973750, 119700000) with pad 'D79:1' at (312261250, 119700000) using coordinate system rotated by 0 degree(s)
13:35:48: [INFO] Adding track segment (B.Cu): [(297973750, 119700000), (312261250, 119700000)]
13:35:48: [INFO] Routing pad 'D79:1' at (312261250, 119700000) with pad 'D80:1' at (350361250, 119700000) using coordinate system rotated by 0 degree(s)
13:35:48: [INFO] Adding track segment (B.Cu): [(312261250, 119700000), (350361250, 119700000)]
13:35:48: [INFO] Routing pad 'D80:1' at (350361250, 119700000) with pad 'D81:1' at (374173750, 119700000) using coordinate system rotated by 0 degree(s)
13:35:48: [INFO] Adding track segment (B.Cu): [(350361250, 119700000), (374173750, 119700000)]
13:35:48: [INFO] Routing pad 'D81:1' at (374173750, 119700000) with pad 'D82:1' at (386080000, 119700000) using coordinate system rotated by 0 degree(s)
13:35:48: [INFO] Adding track segment (B.Cu): [(374173750, 119700000), (386080000, 119700000)]
13:35:48: [INFO] Routing pad 'D82:1' at (386080000, 119700000) with pad 'D83:1' at (397986250, 119700000) using coordinate system rotated by 0 degree(s)
13:35:48: [INFO] Adding track segment (B.Cu): [(386080000, 119700000), (397986250, 119700000)]
13:35:48: [INFO] Routing pad 'D83:1' at (397986250, 119700000) with pad 'D84:1' at (421798750, 119700000) using coordinate system rotated by 0 degree(s)
13:35:48: [INFO] Adding track segment (B.Cu): [(397986250, 119700000), (421798750, 119700000)]
13:35:48: [INFO] Routing pad 'D84:1' at (421798750, 119700000) with pad 'D85:1' at (443230000, 119700000) using coordinate system rotated by 0 degree(s)
13:35:48: [INFO] Adding track segment (B.Cu): [(421798750, 119700000), (443230000, 119700000)]
13:35:48: [INFO] Routing COL5 pads
13:35:48: [INFO] Routing pad 'SW23:1' at (200977500, 73660000) with pad 'SW31:1' at (191452500, 92710000) using coordinate system rotated by 0 degree(s)
13:35:48: [INFO] Adding track segment (F.Cu): [(200977500, 73660000), (200977500, 83185000)]
13:35:48: [INFO] Adding track segment (F.Cu): [(200977500, 83185000), (191452500, 92710000)]
13:35:48: [INFO] Routing pad 'SW6:1' at (186690000, 35560000) with pad 'SW15:1' at (196215000, 54610000) using coordinate system rotated by 0 degree(s)
13:35:48: [INFO] Adding track segment (F.Cu): [(186690000, 35560000), (186690000, 45085000)]
13:35:48: [INFO] Adding track segment (F.Cu): [(186690000, 45085000), (196215000, 54610000)]
13:35:48: [INFO] Routing pad 'SW15:1' at (196215000, 54610000) with pad 'SW23:1' at (200977500, 73660000) using coordinate system rotated by 0 degree(s)
13:35:48: [INFO] Adding track segment (F.Cu): [(196215000, 54610000), (196215000, 68897500)]
13:35:48: [INFO] Adding track segment (F.Cu): [(196215000, 68897500), (200977500, 73660000)]
13:35:48: [INFO] Routing pad 'SW31:1' at (191452500, 92710000) with pad 'SW40:1' at (203358750, 111760000) using coordinate system rotated by 0 degree(s)
13:35:48: [INFO] Adding track segment (F.Cu): [(191452500, 92710000), (191452500, 99853750)]
13:35:48: [INFO] Adding track segment (F.Cu): [(191452500, 99853750), (203358750, 111760000)]
13:35:48: [INFO] Routing pad 'SW40:1' at (203358750, 111760000) with pad 'SW40a:1' at (212883750, 111760000) using coordinate system rotated by 0 degree(s)
13:35:48: [INFO] Adding track segment (F.Cu): [(203358750, 111760000), (212883750, 111760000)]
13:35:48: [INFO] Routing pad 'SW66:1' at (372427500, 73660000) with pad 'SW57:1' at (367665000, 54610000) using coordinate system rotated by 0 degree(s)
13:35:48: [INFO] Adding track segment (F.Cu): [(372427500, 73660000), (367665000, 68897500)]
13:35:49: [INFO] Adding track segment (F.Cu): [(367665000, 68897500), (367665000, 54610000)]
13:35:49: [INFO] Routing pad 'SW40a:1' at (212883750, 111760000) with pad 'SW66:1' at (372427500, 73660000) using coordinate system rotated by 0 degree(s)
13:35:49: [INFO] Routing pad 'SW57:1' at (367665000, 54610000) with pad 'SW48:1' at (377190000, 35560000) using coordinate system rotated by 0 degree(s)
13:35:49: [INFO] Adding track segment (F.Cu): [(367665000, 54610000), (377190000, 45085000)]
13:35:49: [INFO] Adding track segment (F.Cu): [(377190000, 45085000), (377190000, 35560000)]
13:35:49: [INFO] Routing ROW1 pads
13:35:49: [INFO] Routing pad 'D10:1' at (90805000, 62550000) with pad 'D11:1' at (109855000, 62550000) using coordinate system rotated by 0 degree(s)
13:35:49: [INFO] Adding track segment (B.Cu): [(90805000, 62550000), (109855000, 62550000)]
13:35:49: [INFO] Routing pad 'D11:1' at (109855000, 62550000) with pad 'D12:1' at (143192500, 62550000) using coordinate system rotated by 0 degree(s)
13:35:49: [INFO] Adding track segment (B.Cu): [(109855000, 62550000), (143192500, 62550000)]
13:35:49: [INFO] Routing pad 'D12:1' at (143192500, 62550000) with pad 'D13:1' at (167005000, 62550000) using coordinate system rotated by 0 degree(s)
13:35:49: [INFO] Adding track segment (B.Cu): [(143192500, 62550000), (167005000, 62550000)]
13:35:49: [INFO] Routing pad 'D13:1' at (167005000, 62550000) with pad 'D14:1' at (186055000, 62550000) using coordinate system rotated by 0 degree(s)
13:35:49: [INFO] Adding track segment (B.Cu): [(167005000, 62550000), (186055000, 62550000)]
13:35:49: [INFO] Routing pad 'D14:1' at (186055000, 62550000) with pad 'D15:1' at (205105000, 62550000) using coordinate system rotated by 0 degree(s)
13:35:49: [INFO] Adding track segment (B.Cu): [(186055000, 62550000), (205105000, 62550000)]
13:35:49: [INFO] Routing pad 'D15:1' at (205105000, 62550000) with pad 'D16:1' at (224155000, 62550000) using coordinate system rotated by 0 degree(s)
13:35:49: [INFO] Adding track segment (B.Cu): [(205105000, 62550000), (224155000, 62550000)]
13:35:49: [INFO] Routing pad 'D16:1' at (224155000, 62550000) with pad 'D17:1' at (243205000, 62550000) using coordinate system rotated by 0 degree(s)
13:35:49: [INFO] Adding track segment (B.Cu): [(224155000, 62550000), (243205000, 62550000)]
13:35:49: [INFO] Routing COL2 pads
13:35:49: [INFO] Routing pad 'SW20:1' at (136683750, 73660000) with pad 'SW28a:1' at (131921250, 92710000) using coordinate system rotated by 0 degree(s)
13:35:49: [INFO] Adding track segment (F.Cu): [(136683750, 73660000), (136683750, 87947500)]
13:35:49: [INFO] Adding track segment (F.Cu): [(136683750, 87947500), (131921250, 92710000)]
13:35:49: [INFO] Routing pad 'SW28a:1' at (131921250, 92710000) with pad 'SW37:1' at (131921250, 111760000) using coordinate system rotated by 0 degree(s)
13:35:49: [INFO] Adding track segment (F.Cu): [(131921250, 92710000), (131921250, 111760000)]
13:35:49: [INFO] Could not add track segment due to detected collision
13:35:49: [INFO] Routing pad 'SW3:1' at (129540000, 35560000) with pad 'SW12:1' at (134302500, 54610000) using coordinate system rotated by 0 degree(s)
13:35:49: [INFO] Adding track segment (F.Cu): [(129540000, 35560000), (129540000, 49847500)]
13:35:49: [INFO] Adding track segment (F.Cu): [(129540000, 49847500), (134302500, 54610000)]
13:35:49: [INFO] Routing pad 'SW12:1' at (134302500, 54610000) with pad 'SW20:1' at (136683750, 73660000) using coordinate system rotated by 0 degree(s)
13:35:49: [INFO] Adding track segment (F.Cu): [(134302500, 54610000), (134302500, 71278750)]
13:35:49: [INFO] Adding track segment (F.Cu): [(134302500, 71278750), (136683750, 73660000)]
13:35:49: [INFO] Routing pad 'SW28a:1' at (131921250, 92710000) with pad 'SW28:1' at (141446250, 92710000) using coordinate system rotated by 0 degree(s)
13:35:49: [INFO] Adding track segment (F.Cu): [(131921250, 92710000), (141446250, 92710000)]
13:35:49: [INFO] Routing pad 'SW28:1' at (141446250, 92710000) with pad 'SW54:1' at (310515000, 54610000) using coordinate system rotated by 0 degree(s)
13:35:49: [INFO] Routing pad 'SW54:1' at (310515000, 54610000) with pad 'SW63:1' at (315277500, 73660000) using coordinate system rotated by 0 degree(s)
13:35:49: [INFO] Adding track segment (F.Cu): [(310515000, 54610000), (310515000, 68897500)]
13:35:49: [INFO] Adding track segment (F.Cu): [(310515000, 68897500), (315277500, 73660000)]
13:35:49: [INFO] Routing pad 'SW54:1' at (310515000, 54610000) with pad 'SW45:1' at (320040000, 35560000) using coordinate system rotated by 0 degree(s)
13:35:49: [INFO] Adding track segment (F.Cu): [(310515000, 54610000), (320040000, 45085000)]
13:35:49: [INFO] Adding track segment (F.Cu): [(320040000, 45085000), (320040000, 35560000)]
13:35:49: [INFO] Routing pad 'SW63:1' at (315277500, 73660000) with pad 'SW72:1' at (324802500, 92710000) using coordinate system rotated by 0 degree(s)
13:35:49: [INFO] Adding track segment (F.Cu): [(315277500, 73660000), (315277500, 83185000)]
13:35:49: [INFO] Adding track segment (F.Cu): [(315277500, 83185000), (324802500, 92710000)]
13:35:49: [INFO] Routing pad 'SW72:1' at (324802500, 92710000) with pad 'SW80a:1' at (339090000, 111760000) using coordinate system rotated by 0 degree(s)
13:35:49: [INFO] Adding track segment (F.Cu): [(324802500, 92710000), (324802500, 97472500)]
13:35:49: [INFO] Adding track segment (F.Cu): [(324802500, 97472500), (339090000, 111760000)]
13:35:49: [INFO] Routing pad 'SW80a:1' at (339090000, 111760000) with pad 'SW80:1' at (341471250, 111760000) using coordinate system rotated by 0 degree(s)
13:35:49: [INFO] Adding track segment (F.Cu): [(339090000, 111760000), (341471250, 111760000)]
13:35:49: [INFO] Routing ROW5 pads
13:35:49: [INFO] Routing pad 'D43:1' at (290830000, 43500000) with pad 'D44:1' at (309880000, 43500000) using coordinate system rotated by 0 degree(s)
13:35:49: [INFO] Adding track segment (B.Cu): [(290830000, 43500000), (309880000, 43500000)]
13:35:49: [INFO] Routing pad 'D44:1' at (309880000, 43500000) with pad 'D45:1' at (328930000, 43500000) using coordinate system rotated by 0 degree(s)
13:35:49: [INFO] Adding track segment (B.Cu): [(309880000, 43500000), (328930000, 43500000)]
13:35:49: [INFO] Routing pad 'D45:1' at (328930000, 43500000) with pad 'D46:1' at (347980000, 43500000) using coordinate system rotated by 0 degree(s)
13:35:49: [INFO] Adding track segment (B.Cu): [(328930000, 43500000), (347980000, 43500000)]
13:35:49: [INFO] Routing pad 'D46:1' at (347980000, 43500000) with pad 'D47:1' at (367030000, 43500000) using coordinate system rotated by 0 degree(s)
13:35:49: [INFO] Adding track segment (B.Cu): [(347980000, 43500000), (367030000, 43500000)]
13:35:49: [INFO] Routing pad 'D47:1' at (367030000, 43500000) with pad 'D48:1' at (386080000, 43500000) using coordinate system rotated by 0 degree(s)
13:35:49: [INFO] Adding track segment (B.Cu): [(367030000, 43500000), (386080000, 43500000)]
13:35:49: [INFO] Routing pad 'D48:1' at (386080000, 43500000) with pad 'D49:1' at (405130000, 43500000) using coordinate system rotated by 0 degree(s)
13:35:49: [INFO] Adding track segment (B.Cu): [(386080000, 43500000), (405130000, 43500000)]
13:35:49: [INFO] Routing pad 'D49:1' at (405130000, 43500000) with pad 'D50:1' at (414655000, 43500000) using coordinate system rotated by 0 degree(s)
13:35:49: [INFO] Adding track segment (B.Cu): [(405130000, 43500000), (414655000, 43500000)]
13:35:49: [INFO] Routing pad 'D50:1' at (414655000, 43500000) with pad 'D51:1' at (443230000, 43500000) using coordinate system rotated by 0 degree(s)
13:35:49: [INFO] Adding track segment (B.Cu): [(414655000, 43500000), (443230000, 43500000)]
13:35:49: [INFO] Routing ROW6 pads
13:35:49: [INFO] Routing pad 'D52:1' at (281305000, 62550000) with pad 'D53:1' at (300355000, 62550000) using coordinate system rotated by 0 degree(s)
13:35:49: [INFO] Adding track segment (B.Cu): [(281305000, 62550000), (300355000, 62550000)]
13:35:49: [INFO] Routing pad 'D53:1' at (300355000, 62550000) with pad 'D54:1' at (319405000, 62550000) using coordinate system rotated by 0 degree(s)
13:35:49: [INFO] Adding track segment (B.Cu): [(300355000, 62550000), (319405000, 62550000)]
13:35:49: [INFO] Routing pad 'D54:1' at (319405000, 62550000) with pad 'D55:1' at (338455000, 62550000) using coordinate system rotated by 0 degree(s)
13:35:49: [INFO] Adding track segment (B.Cu): [(319405000, 62550000), (338455000, 62550000)]
13:35:49: [INFO] Routing pad 'D55:1' at (338455000, 62550000) with pad 'D56:1' at (357505000, 62550000) using coordinate system rotated by 0 degree(s)
13:35:49: [INFO] Adding track segment (B.Cu): [(338455000, 62550000), (357505000, 62550000)]
13:35:49: [INFO] Routing pad 'D56:1' at (357505000, 62550000) with pad 'D57:1' at (376555000, 62550000) using coordinate system rotated by 0 degree(s)
13:35:49: [INFO] Adding track segment (B.Cu): [(357505000, 62550000), (376555000, 62550000)]
13:35:49: [INFO] Routing pad 'D57:1' at (376555000, 62550000) with pad 'D58:1' at (395605000, 62550000) using coordinate system rotated by 0 degree(s)
13:35:49: [INFO] Adding track segment (B.Cu): [(376555000, 62550000), (395605000, 62550000)]
13:35:49: [INFO] Routing pad 'D58:1' at (395605000, 62550000) with pad 'D59:1' at (419417500, 62550000) using coordinate system rotated by 0 degree(s)
13:35:49: [INFO] Adding track segment (B.Cu): [(395605000, 62550000), (419417500, 62550000)]
13:35:49: [INFO] Could not add track segment due to detected collision
13:35:49: [INFO] Routing pad 'D59:1' at (419417500, 62550000) with pad 'D60:1' at (443230000, 62550000) using coordinate system rotated by 0 degree(s)
13:35:49: [INFO] Adding track segment (B.Cu): [(419417500, 62550000), (443230000, 62550000)]
13:35:49: [INFO] Could not add track segment due to detected collision
13:35:49: [INFO] Routing COL8 pads
13:35:49: [INFO] Routing pad 'SW9:1' at (243840000, 35560000) with pad 'SW34:1' at (248602500, 92710000) using coordinate system rotated by 0 degree(s)
13:35:49: [INFO] Routing pad 'SW60:1' at (434340000, 54610000) with pad 'SW51:1' at (434340000, 35560000) using coordinate system rotated by 0 degree(s)
13:35:49: [INFO] Adding track segment (F.Cu): [(434340000, 54610000), (434340000, 35560000)]
13:35:49: [INFO] Routing pad 'SW69:1' at (434340000, 73660000) with pad 'SW60:1' at (434340000, 54610000) using coordinate system rotated by 0 degree(s)
13:35:49: [INFO] Adding track segment (F.Cu): [(434340000, 73660000), (434340000, 54610000)]
13:35:49: [INFO] Routing pad 'SW77:1' at (434340000, 92710000) with pad 'SW69:1' at (434340000, 73660000) using coordinate system rotated by 0 degree(s)
13:35:49: [INFO] Adding track segment (F.Cu): [(434340000, 92710000), (434340000, 73660000)]
13:35:49: [INFO] Routing pad 'SW34:1' at (248602500, 92710000) with pad 'SW77:1' at (434340000, 92710000) using coordinate system rotated by 0 degree(s)
13:35:49: [INFO] Adding track segment (F.Cu): [(248602500, 92710000), (434340000, 92710000)]
13:35:49: [INFO] Could not add track segment due to detected collision
13:35:49: [INFO] Routing pad 'SW77:1' at (434340000, 92710000) with pad 'SW85:1' at (434340000, 111760000) using coordinate system rotated by 0 degree(s)
13:35:49: [INFO] Adding track segment (F.Cu): [(434340000, 92710000), (434340000, 111760000)]
13:35:49: [INFO] Removing dangling tracks
