=== kbplacer.kle_serial ===
=== layout2image.py ===
=== kbplacer ===
13:36:20: [INFO] User layout: https://editor.keyboard-tools.xyz/#share=NrDeCIBNwLgAgC4CcCuBTAvgGjuArFgAwA6AdmWQIxYBM4OEAxrLgMQCGnX42uBJ5QdUr04EAB4tCAOhoFcAZwC2LcEgD2CAPppGlEb3xEKQ44JMm0hURJaVp88M3jhWAdg+fR4Zap44jOgZwSXgZOQDnNkYY2P8+LABmbwIAFhSsPAyANhsQqVlHKNcubkMCNwyADjzQuHtCQ30sEQDmoLF8sMLI1VZYuKbqZLbqdNHM72bc4LrwvCGsSuDfFw1tXX148Gaqi1JEs33LVs656TdHVdxt3f3DkQBdLAAoMHAATwKI3Gh4ZHQhkIR0EwNOED+iFQmACYP2YNq3yKfVKnG2wIEJgx3jh5lI2NmBQWsNoeWK-QGzCBSRxWHGuGBWRJMwZS1pNUJ8AahmyRG8vNO4F5HSFNICvPpoqZnXJqPY2152X2qT54qWytVuF5HLOBUuAQA7iwaDz1XiVU9Xu9yZTmAFIQCYbhqJjQS08g7oU0WvD3Zy4PNei4OKjbiCyATnT68ZHbN1HEauQ5vR0mH1bWGRlHJdRpTssCz88tdUnGgE3JrwBXBRWRRWs1W6d4K3mKyyIIn6sny2aTPwySjQ4YKzq412E3YergABbGw10JOOacL+oBcQrgC082HvcEBEtbzTwYz9pYjsMNHD+L9nU9gICl8ovvBXQDU6cg9K20vrojlcfvrWP6MgTkmlwXqSwQ2pS35irgl6SpeeaXoWl7FmO3IBFUlbYYK2EithDbYZK2HSkebCeF4hrGoUhjYW4+z9lBn5lFhWCjq+IFBtEMF0QWjHus8h5QGeXoBIcv7Xi+d5OuADzPoi3Q-B+wZytsEmAd48kxpqY5cbgnY0LR4m0PsP4DsevEmZKhx5ochaHMWcnsYpXZlrgACclZeYKXkil5DZefS5ElKG1FgcSnn8XivJAVFDExd5LnAQ44VwEZ4EBF5SqJQe1rpjBp7-GJuAqpJCLBDJhgWgpKXKbKQ4BGVmlNdGWK6ZxqUGZOcjVZBnSdvYvWtVmHY9ZF4AqsF4CDcZpWTMxlkDN4hlzZNbL+g0aUZRNlAVTKLFok0wI0PsFZxTswKJGdlZ7XSN0XXdhZ3U5d01EJ7x1KkFygV2w24Icp14o+WlJGZN5jlUP1pUNu0nTdL6zf9l1g3i1bgI8jxAA
13:36:20: [INFO] Labels prefixes: for rows: 'ROW', for columns: 'COL'
13:36:20: [INFO] Matrix size: 11x8
13:36:21: [WARNING] No stabilizer footprint for width 2.25u, using 2u as fallback
13:36:21: [WARNING] No stabilizer footprint for width 2.25u, using 2u as fallback
13:36:21: [WARNING] No stabilizer footprint for width 2.25u, using 2u as fallback
13:36:21: [WARNING] No stabilizer footprint for width 2.75u, using 2u as fallback
13:36:21: [WARNING] No stabilizer footprint for width 2.75u, using 2u as fallback
13:36:21: [INFO] Add COL0 net
13:36:21: [INFO] Add COL1 net
13:36:21: [INFO] Add COL2 net
13:36:21: [INFO] Add COL3 net
13:36:21: [INFO] Add COL4 net
13:36:21: [INFO] Add COL5 net
13:36:21: [INFO] Add COL6 net
13:36:21: [INFO] Add COL7 net
13:36:21: [INFO] Add COL8 net
13:36:21: [INFO] Add Net-(D1-A) net
13:36:21: [INFO] Add Net-(D10-A) net
13:36:21: [INFO] Add Net-(D11-A) net
13:36:21: [INFO] Add Net-(D12-A) net
13:36:21: [INFO] Add Net-(D13-A) net
13:36:21: [INFO] Add Net-(D14-A) net
13:36:21: [INFO] Add Net-(D15-A) net
13:36:21: [INFO] Add Net-(D16-A) net
13:36:21: [INFO] Add Net-(D17-A) net
13:36:21: [INFO] Add Net-(D18-A) net
13:36:21: [INFO] Add Net-(D19-A) net
13:36:21: [INFO] Add Net-(D2-A) net
13:36:21: [INFO] Add Net-(D20-A) net
13:36:21: [INFO] Add Net-(D21-A) net
13:36:21: [INFO] Add Net-(D22-A) net
13:36:21: [INFO] Add Net-(D23-A) net
13:36:21: [INFO] Add Net-(D24-A) net
13:36:21: [INFO] Add Net-(D25-A) net
13:36:21: [INFO] Add Net-(D26-A) net
13:36:21: [INFO] Add Net-(D27-A) net
13:36:21: [INFO] Add Net-(D28-A) net
13:36:21: [INFO] Add Net-(D29-A) net
13:36:21: [INFO] Add Net-(D3-A) net
13:36:21: [INFO] Add Net-(D30-A) net
13:36:21: [INFO] Add Net-(D31-A) net
13:36:21: [INFO] Add Net-(D32-A) net
13:36:21: [INFO] Add Net-(D33-A) net
13:36:21: [INFO] Add Net-(D34-A) net
13:36:21: [INFO] Add Net-(D35-A) net
13:36:21: [INFO] Add Net-(D36-A) net
13:36:21: [INFO] Add Net-(D37-A) net
13:36:21: [INFO] Add Net-(D38-A) net
13:36:21: [INFO] Add Net-(D39-A) net
13:36:21: [INFO] Add Net-(D4-A) net
13:36:21: [INFO] Add Net-(D40-A) net
13:36:21: [INFO] Add Net-(D41-A) net
13:36:21: [INFO] Add Net-(D42-A) net
13:36:21: [INFO] Add Net-(D43-A) net
13:36:21: [INFO] Add Net-(D44-A) net
13:36:21: [INFO] Add Net-(D45-A) net
13:36:21: [INFO] Add Net-(D46-A) net
13:36:21: [INFO] Add Net-(D47-A) net
13:36:21: [INFO] Add Net-(D48-A) net
13:36:21: [INFO] Add Net-(D49-A) net
13:36:21: [INFO] Add Net-(D5-A) net
13:36:21: [INFO] Add Net-(D50-A) net
13:36:21: [INFO] Add Net-(D51-A) net
13:36:21: [INFO] Add Net-(D52-A) net
13:36:21: [INFO] Add Net-(D53-A) net
13:36:21: [INFO] Add Net-(D54-A) net
13:36:21: [INFO] Add Net-(D55-A) net
13:36:21: [INFO] Add Net-(D56-A) net
13:36:21: [INFO] Add Net-(D57-A) net
13:36:21: [INFO] Add Net-(D58-A) net
13:36:21: [INFO] Add Net-(D59-A) net
13:36:21: [INFO] Add Net-(D6-A) net
13:36:21: [INFO] Add Net-(D60-A) net
13:36:21: [INFO] Add Net-(D61-A) net
13:36:21: [INFO] Add Net-(D62-A) net
13:36:21: [INFO] Add Net-(D63-A) net
13:36:21: [INFO] Add Net-(D64-A) net
13:36:21: [INFO] Add Net-(D65-A) net
13:36:21: [INFO] Add Net-(D66-A) net
13:36:21: [INFO] Add Net-(D67-A) net
13:36:21: [INFO] Add Net-(D68-A) net
13:36:21: [INFO] Add Net-(D69-A) net
13:36:21: [INFO] Add Net-(D7-A) net
13:36:21: [INFO] Add Net-(D70-A) net
13:36:21: [INFO] Add Net-(D71-A) net
13:36:21: [INFO] Add Net-(D72-A) net
13:36:21: [INFO] Add Net-(D73-A) net
13:36:21: [INFO] Add Net-(D74-A) net
13:36:21: [INFO] Add Net-(D75-A) net
13:36:21: [INFO] Add Net-(D76-A) net
13:36:21: [INFO] Add Net-(D77-A) net
13:36:21: [INFO] Add Net-(D78-A) net
13:36:21: [INFO] Add Net-(D79-A) net
13:36:21: [INFO] Add Net-(D8-A) net
13:36:21: [INFO] Add Net-(D80-A) net
13:36:21: [INFO] Add Net-(D81-A) net
13:36:21: [INFO] Add Net-(D82-A) net
13:36:21: [INFO] Add Net-(D83-A) net
13:36:21: [INFO] Add Net-(D84-A) net
13:36:21: [INFO] Add Net-(D85-A) net
13:36:21: [INFO] Add Net-(D86-A) net
13:36:21: [INFO] Add Net-(D87-A) net
13:36:21: [INFO] Add Net-(D88-A) net
13:36:21: [INFO] Add Net-(D89-A) net
13:36:21: [INFO] Add Net-(D9-A) net
13:36:21: [INFO] Add Net-(D90-A) net
13:36:21: [INFO] Add Net-(D91-A) net
13:36:21: [INFO] Add Net-(D92-A) net
13:36:21: [INFO] Add Net-(D93-A) net
13:36:21: [INFO] Add Net-(D94-A) net
13:36:21: [INFO] Add Net-(D95-A) net
13:36:21: [INFO] Add Net-(D96-A) net
13:36:21: [INFO] Add Net-(D97-A) net
13:36:21: [INFO] Add Net-(D98-A) net
13:36:21: [INFO] Add Net-(D99-A) net
13:36:21: [INFO] Add ROW0 net
13:36:21: [INFO] Add ROW1 net
13:36:21: [INFO] Add ROW10 net
13:36:21: [INFO] Add ROW11 net
13:36:21: [INFO] Add ROW2 net
13:36:21: [INFO] Add ROW3 net
13:36:21: [INFO] Add ROW4 net
13:36:21: [INFO] Add ROW5 net
13:36:21: [INFO] Add ROW6 net
13:36:21: [INFO] Add ROW7 net
13:36:21: [INFO] Add ROW8 net
13:36:21: [INFO] Add ROW9 net
13:36:21: [INFO] Add SW1 footprint
13:36:21: [INFO] Add D1 footprint
13:36:21: [INFO] Add SW2 footprint
13:36:21: [INFO] Add D2 footprint
13:36:21: [INFO] Add SW3 footprint
13:36:21: [INFO] Add D3 footprint
13:36:21: [INFO] Add SW4 footprint
13:36:21: [INFO] Add D4 footprint
13:36:21: [INFO] Add SW5 footprint
13:36:21: [INFO] Add D5 footprint
13:36:21: [INFO] Add SW6 footprint
13:36:21: [INFO] Add D6 footprint
13:36:21: [INFO] Add SW7 footprint
13:36:21: [INFO] Add D7 footprint
13:36:21: [INFO] Add SW8 footprint
13:36:21: [INFO] Add D8 footprint
13:36:21: [INFO] Add SW9 footprint
13:36:21: [INFO] Add D9 footprint
13:36:21: [INFO] Add SW10 footprint
13:36:21: [INFO] Add D10 footprint
13:36:21: [INFO] Add SW11 footprint
13:36:21: [INFO] Add D11 footprint
13:36:21: [INFO] Add SW12 footprint
13:36:21: [INFO] Add D12 footprint
13:36:22: [INFO] Add SW13 footprint
13:36:22: [INFO] Add D13 footprint
13:36:22: [INFO] Add SW14 footprint
13:36:22: [INFO] Add D14 footprint
13:36:22: [INFO] Add SW15 footprint
13:36:22: [INFO] Add D15 footprint
13:36:22: [INFO] Add SW16 footprint
13:36:22: [INFO] Add D16 footprint
13:36:22: [INFO] Add SW17 footprint
13:36:22: [INFO] Add D17 footprint
13:36:22: [INFO] Add SW18 footprint
13:36:22: [INFO] Add D18 footprint
13:36:22: [INFO] Add SW19 footprint
13:36:22: [INFO] Add D19 footprint
13:36:22: [INFO] Add SW20 footprint
13:36:22: [INFO] Add D20 footprint
13:36:22: [INFO] Add SW21 footprint
13:36:22: [INFO] Add D21 footprint
13:36:22: [INFO] Add SW22 footprint
13:36:22: [INFO] Add D22 footprint
13:36:22: [INFO] Add SW23 footprint
13:36:22: [INFO] Add D23 footprint
13:36:22: [INFO] Add SW24 footprint
13:36:22: [INFO] Add D24 footprint
13:36:22: [INFO] Add SW25 footprint
13:36:22: [INFO] Add D25 footprint
13:36:22: [INFO] Add SW26 footprint
13:36:22: [INFO] Add D26 footprint
13:36:22: [INFO] Add SW27 footprint
13:36:22: [INFO] Add D27 footprint
13:36:22: [INFO] Add SW28 footprint
13:36:22: [INFO] Add D28 footprint
13:36:22: [WARNING] No stabilizer footprint for width 2.25u, using 2u as fallback
13:36:22: [INFO] Add ST28 footprint
13:36:22: [INFO] Add SW28a footprint
13:36:22: [INFO] Add SW29 footprint
13:36:22: [INFO] Add D29 footprint
13:36:22: [INFO] Add SW30 footprint
13:36:23: [INFO] Add D30 footprint
13:36:23: [INFO] Add SW31 footprint
13:36:23: [INFO] Add D31 footprint
13:36:23: [INFO] Add SW32 footprint
13:36:23: [INFO] Add D32 footprint
13:36:23: [INFO] Add SW33 footprint
13:36:23: [INFO] Add D33 footprint
13:36:23: [INFO] Add SW34 footprint
13:36:23: [INFO] Add D34 footprint
13:36:23: [INFO] Add SW35 footprint
13:36:23: [INFO] Add D35 footprint
13:36:23: [INFO] Add SW36 footprint
13:36:23: [INFO] Add D36 footprint
13:36:23: [INFO] Add SW37 footprint
13:36:23: [INFO] Add D37 footprint
13:36:23: [INFO] Add SW38 footprint
13:36:23: [INFO] Add D38 footprint
13:36:23: [INFO] Add SW39 footprint
13:36:23: [INFO] Add D39 footprint
13:36:23: [INFO] Add SW40 footprint
13:36:23: [INFO] Add D40 footprint
13:36:23: [INFO] Add SW41 footprint
13:36:23: [INFO] Add D41 footprint
13:36:23: [WARNING] No stabilizer footprint for width 2.25u, using 2u as fallback
13:36:23: [INFO] Add ST41 footprint
13:36:23: [INFO] Add SW42 footprint
13:36:23: [INFO] Add D42 footprint
13:36:23: [INFO] Add SW42a footprint
13:36:23: [INFO] Add SW43 footprint
13:36:23: [INFO] Add D43 footprint
13:36:23: [INFO] Add SW44 footprint
13:36:23: [INFO] Add D44 footprint
13:36:23: [INFO] Add SW45 footprint
13:36:23: [INFO] Add D45 footprint
13:36:23: [INFO] Add SW46 footprint
13:36:23: [INFO] Add D46 footprint
13:36:23: [INFO] Add SW47 footprint
13:36:24: [INFO] Add D47 footprint
13:36:24: [INFO] Add SW48 footprint
13:36:24: [INFO] Add D48 footprint
13:36:24: [INFO] Add SW49 footprint
13:36:24: [INFO] Add D49 footprint
13:36:24: [INFO] Add SW50 footprint
13:36:24: [INFO] Add D50 footprint
13:36:24: [INFO] Add SW51 footprint
13:36:24: [INFO] Add D51 footprint
13:36:24: [INFO] Add SW52 footprint
13:36:24: [INFO] Add D52 footprint
13:36:24: [INFO] Add SW53 footprint
13:36:24: [INFO] Add D53 footprint
13:36:24: [INFO] Add SW54 footprint
13:36:24: [INFO] Add D54 footprint
13:36:24: [INFO] Add SW55 footprint
13:36:24: [INFO] Add D55 footprint
13:36:24: [INFO] Add SW56 footprint
13:36:24: [INFO] Add D56 footprint
13:36:24: [INFO] Add SW57 footprint
13:36:24: [INFO] Add D57 footprint
13:36:24: [INFO] Add SW57a footprint
13:36:24: [INFO] Add ST57a footprint
13:36:24: [INFO] Add SW58 footprint
13:36:24: [INFO] Add D58 footprint
13:36:24: [INFO] Add SW59 footprint
13:36:24: [INFO] Add D59 footprint
13:36:24: [INFO] Add SW60 footprint
13:36:24: [INFO] Add D60 footprint
13:36:24: [INFO] Add SW61 footprint
13:36:24: [INFO] Add D61 footprint
13:36:24: [INFO] Add SW62 footprint
13:36:24: [INFO] Add D62 footprint
13:36:24: [INFO] Add SW63 footprint
13:36:24: [INFO] Add D63 footprint
13:36:24: [INFO] Add SW64 footprint
13:36:25: [INFO] Add D64 footprint
13:36:25: [INFO] Add SW65 footprint
13:36:25: [INFO] Add D65 footprint
13:36:25: [INFO] Add SW66 footprint
13:36:25: [INFO] Add D66 footprint
13:36:25: [INFO] Add SW66a footprint
13:36:25: [INFO] Add ST66a footprint
13:36:25: [INFO] Add SW67 footprint
13:36:25: [INFO] Add D67 footprint
13:36:25: [INFO] Add SW68 footprint
13:36:25: [INFO] Add D68 footprint
13:36:25: [INFO] Add SW69 footprint
13:36:25: [INFO] Add D69 footprint
13:36:25: [INFO] Add SW70 footprint
13:36:25: [INFO] Add D70 footprint
13:36:25: [INFO] Add SW71 footprint
13:36:25: [INFO] Add D71 footprint
13:36:25: [INFO] Add SW72 footprint
13:36:25: [INFO] Add D72 footprint
13:36:25: [INFO] Add SW73 footprint
13:36:25: [INFO] Add D73 footprint
13:36:25: [INFO] Add SW74 footprint
13:36:25: [INFO] Add D74 footprint
13:36:25: [INFO] Add SW75 footprint
13:36:25: [INFO] Add D75 footprint
13:36:25: [WARNING] No stabilizer footprint for width 2.25u, using 2u as fallback
13:36:25: [INFO] Add ST75 footprint
13:36:25: [INFO] Add SW76 footprint
13:36:25: [INFO] Add D76 footprint
13:36:25: [INFO] Add SW77 footprint
13:36:25: [INFO] Add D77 footprint
13:36:25: [INFO] Add SW78 footprint
13:36:25: [INFO] Add D78 footprint
13:36:25: [INFO] Add SW79 footprint
13:36:25: [INFO] Add D79 footprint
13:36:25: [INFO] Add SW80 footprint
13:36:25: [INFO] Add D80 footprint
13:36:26: [INFO] Add SW81 footprint
13:36:26: [INFO] Add D81 footprint
13:36:26: [INFO] Add SW82 footprint
13:36:26: [INFO] Add D82 footprint
13:36:26: [INFO] Add SW82a footprint
13:36:26: [WARNING] No stabilizer footprint for width 2.75u, using 2u as fallback
13:36:26: [INFO] Add ST82a footprint
13:36:26: [INFO] Add SW83 footprint
13:36:26: [INFO] Add D83 footprint
13:36:26: [INFO] Add SW84 footprint
13:36:26: [INFO] Add D84 footprint
13:36:26: [INFO] Add SW85 footprint
13:36:26: [INFO] Add D85 footprint
13:36:26: [WARNING] No stabilizer footprint for width 2.75u, using 2u as fallback
13:36:26: [INFO] Add ST85 footprint
13:36:26: [INFO] Add SW86 footprint
13:36:26: [INFO] Add D86 footprint
13:36:26: [INFO] Add SW86a footprint
13:36:26: [INFO] Add SW87 footprint
13:36:26: [INFO] Add D87 footprint
13:36:26: [INFO] Add SW87a footprint
13:36:26: [INFO] Add SW88 footprint
13:36:26: [INFO] Add D88 footprint
13:36:26: [INFO] Add SW89 footprint
13:36:26: [INFO] Add D89 footprint
13:36:26: [INFO] Add SW90 footprint
13:36:26: [INFO] Add D90 footprint
13:36:26: [INFO] Add SW91 footprint
13:36:26: [INFO] Add D91 footprint
13:36:26: [INFO] Add SW92 footprint
13:36:26: [INFO] Add D92 footprint
13:36:26: [INFO] Add SW93 footprint
13:36:26: [INFO] Add D93 footprint
13:36:26: [INFO] Add SW94 footprint
13:36:26: [INFO] Add D94 footprint
13:36:26: [INFO] Add SW95 footprint
13:36:27: [INFO] Add D95 footprint
13:36:27: [INFO] Add SW96 footprint
13:36:27: [INFO] Add D96 footprint
13:36:27: [INFO] Add SW97 footprint
13:36:27: [INFO] Add D97 footprint
13:36:27: [INFO] Add SW98 footprint
13:36:27: [INFO] Add D98 footprint
13:36:27: [INFO] Add SW99 footprint
13:36:27: [INFO] Add D99 footprint
13:36:27: [INFO] Add SW99a footprint
13:36:27: [INFO] Detected layout convertible to matrix annotated keyboard
13:36:27: [INFO] Using key 1U distance: (19.05, 19.05) mm
13:36:27: [INFO] Layout offset: (23812500, 28575000)
13:36:27: [INFO] Diode info: [ElementInfo(annotation_format='D{}', position_option=<PositionOption.CUSTOM: 'Custom'>, position=ElementPosition(x=5.08, y=4.0, orientation=90.0, side=<Side.BACK: 'Back'>), template_path='', start_index=-1)]
13:36:27: [INFO] Placing additional elements for SW99a
13:36:27: [INFO] Placing additional elements for SW99
13:36:27: [INFO] Placing additional elements for SW98
13:36:27: [INFO] Placing additional elements for SW97
13:36:27: [INFO] Placing additional elements for SW96
13:36:27: [INFO] Placing additional elements for SW95
13:36:27: [INFO] Placing additional elements for SW94
13:36:27: [INFO] Placing additional elements for SW93
13:36:27: [INFO] Placing additional elements for SW92
13:36:27: [INFO] Placing additional elements for SW91
13:36:27: [INFO] Placing additional elements for SW90
13:36:27: [INFO] Placing additional elements for SW89
13:36:27: [INFO] Placing additional elements for SW88
13:36:27: [INFO] Placing additional elements for SW87a
13:36:27: [INFO] Placing additional elements for SW87
13:36:27: [INFO] Placing additional elements for SW86a
13:36:27: [INFO] Placing additional elements for SW86
13:36:27: [INFO] Placing additional elements for SW85
13:36:27: [INFO] Placing additional elements for SW84
13:36:27: [INFO] Placing additional elements for SW83
13:36:27: [INFO] Placing additional elements for SW82a
13:36:27: [INFO] Placing additional elements for SW82
13:36:27: [INFO] Placing additional elements for SW81
13:36:27: [INFO] Placing additional elements for SW80
13:36:27: [INFO] Placing additional elements for SW79
13:36:27: [INFO] Placing additional elements for SW78
13:36:27: [INFO] Placing additional elements for SW77
13:36:27: [INFO] Placing additional elements for SW76
13:36:27: [INFO] Placing additional elements for SW75
13:36:27: [INFO] Placing additional elements for SW74
13:36:27: [INFO] Placing additional elements for SW73
13:36:27: [INFO] Placing additional elements for SW72
13:36:27: [INFO] Placing additional elements for SW71
13:36:27: [INFO] Placing additional elements for SW70
13:36:27: [INFO] Placing additional elements for SW69
13:36:27: [INFO] Placing additional elements for SW68
13:36:27: [INFO] Placing additional elements for SW67
13:36:27: [INFO] Placing additional elements for SW66a
13:36:27: [INFO] Placing additional elements for SW66
13:36:27: [INFO] Placing additional elements for SW65
13:36:27: [INFO] Placing additional elements for SW64
13:36:27: [INFO] Placing additional elements for SW63
13:36:27: [INFO] Placing additional elements for SW62
13:36:27: [INFO] Placing additional elements for SW61
13:36:27: [INFO] Placing additional elements for SW60
13:36:27: [INFO] Placing additional elements for SW59
13:36:27: [INFO] Placing additional elements for SW58
13:36:27: [INFO] Placing additional elements for SW57a
13:36:27: [INFO] Placing additional elements for SW57
13:36:27: [INFO] Placing additional elements for SW56
13:36:27: [INFO] Placing additional elements for SW55
13:36:27: [INFO] Placing additional elements for SW54
13:36:27: [INFO] Placing additional elements for SW53
13:36:27: [INFO] Placing additional elements for SW52
13:36:27: [INFO] Placing additional elements for SW51
13:36:27: [INFO] Placing additional elements for SW50
13:36:27: [INFO] Placing additional elements for SW49
13:36:27: [INFO] Placing additional elements for SW48
13:36:27: [INFO] Placing additional elements for SW47
13:36:27: [INFO] Placing additional elements for SW46
13:36:27: [INFO] Placing additional elements for SW45
13:36:27: [INFO] Placing additional elements for SW44
13:36:27: [INFO] Placing additional elements for SW43
13:36:27: [INFO] Placing additional elements for SW42a
13:36:27: [INFO] Placing additional elements for SW42
13:36:27: [INFO] Placing additional elements for SW41
13:36:27: [INFO] Placing additional elements for SW40
13:36:27: [INFO] Placing additional elements for SW39
13:36:27: [INFO] Placing additional elements for SW38
13:36:27: [INFO] Placing additional elements for SW37
13:36:27: [INFO] Placing additional elements for SW36
13:36:27: [INFO] Placing additional elements for SW35
13:36:27: [INFO] Placing additional elements for SW34
13:36:27: [INFO] Placing additional elements for SW33
13:36:27: [INFO] Placing additional elements for SW32
13:36:27: [INFO] Placing additional elements for SW31
13:36:27: [INFO] Placing additional elements for SW30
13:36:27: [INFO] Placing additional elements for SW29
13:36:27: [INFO] Placing additional elements for SW28a
13:36:27: [INFO] Placing additional elements for SW28
13:36:27: [INFO] Placing additional elements for SW27
13:36:27: [INFO] Placing additional elements for SW26
13:36:27: [INFO] Placing additional elements for SW25
13:36:27: [INFO] Placing additional elements for SW24
13:36:27: [INFO] Placing additional elements for SW23
13:36:27: [INFO] Placing additional elements for SW22
13:36:27: [INFO] Placing additional elements for SW21
13:36:27: [INFO] Placing additional elements for SW20
13:36:27: [INFO] Placing additional elements for SW19
13:36:27: [INFO] Placing additional elements for SW18
13:36:27: [INFO] Placing additional elements for SW17
13:36:27: [INFO] Placing additional elements for SW16
13:36:27: [INFO] Placing additional elements for SW15
13:36:27: [INFO] Placing additional elements for SW14
13:36:27: [INFO] Placing additional elements for SW13
13:36:27: [INFO] Placing additional elements for SW12
13:36:27: [INFO] Placing additional elements for SW11
13:36:27: [INFO] Placing additional elements for SW10
13:36:27: [INFO] Placing additional elements for SW9
13:36:27: [INFO] Placing additional elements for SW8
13:36:27: [INFO] Placing additional elements for SW7
13:36:27: [INFO] Placing additional elements for SW6
13:36:27: [INFO] Placing additional elements for SW5
13:36:27: [INFO] Placing additional elements for SW4
13:36:27: [INFO] Placing additional elements for SW3
13:36:27: [INFO] Placing additional elements for SW2
13:36:27: [INFO] Placing additional elements for SW1
13:36:27: [INFO] Routing SW99a with D99
13:36:27: [INFO] Using internal autorouter method
13:36:27: [INFO] Routing pad 'SW99a:2' at (431165000, 33020000) with pad 'D99:2' at (426205000, 38200000) using coordinate system rotated by 0 degree(s)
13:36:27: [INFO] Routing SW99 with D99
13:36:27: [INFO] Using internal autorouter method
13:36:27: [INFO] Routing pad 'SW99:S2' at (435625000, 35600000) with pad 'D99:2' at (426205000, 38200000) using coordinate system rotated by 0 degree(s)
13:36:27: [INFO] Routing SW98 with D98
13:36:27: [INFO] Using internal autorouter method
13:36:27: [INFO] Routing pad 'SW98:2' at (412115000, 33020000) with pad 'D98:2' at (414655000, 40700000) using coordinate system rotated by 0 degree(s)
13:36:27: [INFO] Adding track segment (B.Cu): [(412115000, 33020000), (412115000, 38160000)]
13:36:27: [INFO] Adding track segment (B.Cu): [(412115000, 38160000), (414655000, 40700000)]
13:36:27: [INFO] Routing SW97 with D97
13:36:27: [INFO] Using internal autorouter method
13:36:27: [INFO] Routing pad 'SW97:2' at (388302500, 33020000) with pad 'D97:2' at (390842500, 40700000) using coordinate system rotated by 0 degree(s)
13:36:27: [INFO] Adding track segment (B.Cu): [(388302500, 33020000), (388302500, 38160000)]
13:36:27: [INFO] Adding track segment (B.Cu): [(388302500, 38160000), (390842500, 40700000)]
13:36:27: [INFO] Routing SW96 with D96
13:36:27: [INFO] Using internal autorouter method
13:36:27: [INFO] Routing pad 'SW96:2' at (369252500, 33020000) with pad 'D96:2' at (371792500, 40700000) using coordinate system rotated by 0 degree(s)
13:36:27: [INFO] Adding track segment (B.Cu): [(369252500, 33020000), (369252500, 38160000)]
13:36:27: [INFO] Adding track segment (B.Cu): [(369252500, 38160000), (371792500, 40700000)]
13:36:27: [INFO] Routing SW95 with D95
13:36:27: [INFO] Using internal autorouter method
13:36:27: [INFO] Routing pad 'SW95:2' at (350202500, 33020000) with pad 'D95:2' at (352742500, 40700000) using coordinate system rotated by 0 degree(s)
13:36:27: [INFO] Adding track segment (B.Cu): [(350202500, 33020000), (350202500, 38160000)]
13:36:27: [INFO] Adding track segment (B.Cu): [(350202500, 38160000), (352742500, 40700000)]
13:36:27: [INFO] Routing SW94 with D94
13:36:27: [INFO] Using internal autorouter method
13:36:27: [INFO] Routing pad 'SW94:2' at (331152500, 33020000) with pad 'D94:2' at (333692500, 40700000) using coordinate system rotated by 0 degree(s)
13:36:27: [INFO] Adding track segment (B.Cu): [(331152500, 33020000), (331152500, 38160000)]
13:36:27: [INFO] Adding track segment (B.Cu): [(331152500, 38160000), (333692500, 40700000)]
13:36:27: [INFO] Routing SW93 with D93
13:36:27: [INFO] Using internal autorouter method
13:36:27: [INFO] Routing pad 'SW93:2' at (307340000, 33020000) with pad 'D93:2' at (309880000, 40700000) using coordinate system rotated by 0 degree(s)
13:36:27: [INFO] Adding track segment (B.Cu): [(307340000, 33020000), (307340000, 38160000)]
13:36:27: [INFO] Adding track segment (B.Cu): [(307340000, 38160000), (309880000, 40700000)]
13:36:27: [INFO] Routing SW92 with D92
13:36:27: [INFO] Using internal autorouter method
13:36:27: [INFO] Routing pad 'SW92:2' at (288290000, 33020000) with pad 'D92:2' at (290830000, 40700000) using coordinate system rotated by 0 degree(s)
13:36:27: [INFO] Adding track segment (B.Cu): [(288290000, 33020000), (288290000, 38160000)]
13:36:27: [INFO] Adding track segment (B.Cu): [(288290000, 38160000), (290830000, 40700000)]
13:36:27: [INFO] Routing SW91 with D91
13:36:27: [INFO] Using internal autorouter method
13:36:27: [INFO] Routing pad 'SW91:2' at (431165000, 133032500) with pad 'D91:2' at (433705000, 140712500) using coordinate system rotated by 0 degree(s)
13:36:27: [INFO] Adding track segment (B.Cu): [(431165000, 133032500), (431165000, 138172500)]
13:36:27: [INFO] Adding track segment (B.Cu): [(431165000, 138172500), (433705000, 140712500)]
13:36:27: [INFO] Routing SW90 with D90
13:36:27: [INFO] Using internal autorouter method
13:36:27: [INFO] Routing pad 'SW90:2' at (412115000, 133032500) with pad 'D90:2' at (414655000, 140712500) using coordinate system rotated by 0 degree(s)
13:36:27: [INFO] Adding track segment (B.Cu): [(412115000, 133032500), (412115000, 138172500)]
13:36:27: [INFO] Adding track segment (B.Cu): [(412115000, 138172500), (414655000, 140712500)]
13:36:27: [INFO] Routing SW89 with D89
13:36:27: [INFO] Using internal autorouter method
13:36:27: [INFO] Routing pad 'SW89:2' at (393065000, 133032500) with pad 'D89:2' at (395605000, 140712500) using coordinate system rotated by 0 degree(s)
13:36:27: [INFO] Adding track segment (B.Cu): [(393065000, 133032500), (393065000, 138172500)]
13:36:27: [INFO] Adding track segment (B.Cu): [(393065000, 138172500), (395605000, 140712500)]
13:36:27: [INFO] Routing SW88 with D88
13:36:27: [INFO] Using internal autorouter method
13:36:27: [INFO] Routing pad 'SW88:2' at (374015000, 133032500) with pad 'D88:2' at (376555000, 140712500) using coordinate system rotated by 0 degree(s)
13:36:27: [INFO] Adding track segment (B.Cu): [(374015000, 133032500), (374015000, 138172500)]
13:36:27: [INFO] Adding track segment (B.Cu): [(374015000, 138172500), (376555000, 140712500)]
13:36:27: [INFO] Routing SW87a with D87
13:36:27: [INFO] Using internal autorouter method
13:36:27: [INFO] Routing pad 'SW87a:2' at (362108750, 133032500) with pad 'D87:2' at (357505000, 140712500) using coordinate system rotated by 0 degree(s)
13:36:27: [INFO] Routing SW87 with D87
13:36:27: [INFO] Using internal autorouter method
13:36:27: [INFO] Routing pad 'SW87:2' at (354965000, 133032500) with pad 'D87:2' at (357505000, 140712500) using coordinate system rotated by 0 degree(s)
13:36:27: [INFO] Routing SW86a with D86
13:36:27: [INFO] Using internal autorouter method
13:36:27: [INFO] Routing pad 'SW86a:2' at (338296250, 133032500) with pad 'D86:2' at (338455000, 140712500) using coordinate system rotated by 0 degree(s)
13:36:27: [INFO] Routing SW86 with D86
13:36:27: [INFO] Using internal autorouter method
13:36:27: [INFO] Routing pad 'SW86:2' at (335915000, 133032500) with pad 'D86:2' at (338455000, 140712500) using coordinate system rotated by 0 degree(s)
13:36:27: [INFO] Routing SW85 with D85
13:36:27: [INFO] Using internal autorouter method
13:36:27: [INFO] Routing pad 'SW85:2' at (300196250, 133032500) with pad 'D85:2' at (302736250, 140712500) using coordinate system rotated by 0 degree(s)
13:36:27: [INFO] Adding track segment (B.Cu): [(300196250, 133032500), (300196250, 138172500)]
13:36:27: [INFO] Adding track segment (B.Cu): [(300196250, 138172500), (302736250, 140712500)]
13:36:27: [INFO] Routing SW84 with D84
13:36:27: [INFO] Using internal autorouter method
13:36:27: [INFO] Routing pad 'SW84:2' at (431165000, 113982500) with pad 'D84:2' at (433705000, 121662500) using coordinate system rotated by 0 degree(s)
13:36:27: [INFO] Adding track segment (B.Cu): [(431165000, 113982500), (431165000, 119122500)]
13:36:27: [INFO] Adding track segment (B.Cu): [(431165000, 119122500), (433705000, 121662500)]
13:36:27: [INFO] Routing SW83 with D83
13:36:27: [INFO] Using internal autorouter method
13:36:27: [INFO] Routing pad 'SW83:2' at (412115000, 113982500) with pad 'D83:2' at (414655000, 121662500) using coordinate system rotated by 0 degree(s)
13:36:27: [INFO] Adding track segment (B.Cu): [(412115000, 113982500), (412115000, 119122500)]
13:36:27: [INFO] Adding track segment (B.Cu): [(412115000, 119122500), (414655000, 121662500)]
13:36:27: [INFO] Routing SW82a with D82
13:36:27: [INFO] Using internal autorouter method
13:36:27: [INFO] Routing pad 'SW82a:2' at (395446250, 113982500) with pad 'D82:2' at (388461250, 121662500) using coordinate system rotated by 0 degree(s)
13:36:27: [INFO] Routing SW82 with D82
13:36:27: [INFO] Using internal autorouter method
13:36:27: [INFO] Routing pad 'SW82:2' at (385921250, 113982500) with pad 'D82:2' at (388461250, 121662500) using coordinate system rotated by 0 degree(s)
13:36:27: [INFO] Adding track segment (B.Cu): [(385921250, 113982500), (385921250, 119122500)]
13:36:27: [INFO] Adding track segment (B.Cu): [(385921250, 119122500), (388461250, 121662500)]
13:36:27: [INFO] Routing SW81 with D81
13:36:27: [INFO] Using internal autorouter method
13:36:27: [INFO] Routing pad 'SW81:2' at (359727500, 113982500) with pad 'D81:2' at (362267500, 121662500) using coordinate system rotated by 0 degree(s)
13:36:27: [INFO] Adding track segment (B.Cu): [(359727500, 113982500), (359727500, 119122500)]
13:36:27: [INFO] Adding track segment (B.Cu): [(359727500, 119122500), (362267500, 121662500)]
13:36:27: [INFO] Routing SW80 with D80
13:36:27: [INFO] Using internal autorouter method
13:36:27: [INFO] Routing pad 'SW80:2' at (340677500, 113982500) with pad 'D80:2' at (343217500, 121662500) using coordinate system rotated by 0 degree(s)
13:36:27: [INFO] Adding track segment (B.Cu): [(340677500, 113982500), (340677500, 119122500)]
13:36:27: [INFO] Adding track segment (B.Cu): [(340677500, 119122500), (343217500, 121662500)]
13:36:27: [INFO] Routing SW79 with D79
13:36:27: [INFO] Using internal autorouter method
13:36:27: [INFO] Routing pad 'SW79:2' at (321627500, 113982500) with pad 'D79:2' at (324167500, 121662500) using coordinate system rotated by 0 degree(s)
13:36:27: [INFO] Adding track segment (B.Cu): [(321627500, 113982500), (321627500, 119122500)]
13:36:27: [INFO] Adding track segment (B.Cu): [(321627500, 119122500), (324167500, 121662500)]
13:36:27: [INFO] Routing SW78 with D78
13:36:27: [INFO] Using internal autorouter method
13:36:27: [INFO] Routing pad 'SW78:2' at (302577500, 113982500) with pad 'D78:2' at (305117500, 121662500) using coordinate system rotated by 0 degree(s)
13:36:27: [INFO] Adding track segment (B.Cu): [(302577500, 113982500), (302577500, 119122500)]
13:36:27: [INFO] Adding track segment (B.Cu): [(302577500, 119122500), (305117500, 121662500)]
13:36:27: [INFO] Routing SW77 with D77
13:36:27: [INFO] Using internal autorouter method
13:36:27: [INFO] Routing pad 'SW77:2' at (283527500, 113982500) with pad 'D77:2' at (286067500, 121662500) using coordinate system rotated by 0 degree(s)
13:36:27: [INFO] Adding track segment (B.Cu): [(283527500, 113982500), (283527500, 119122500)]
13:36:28: [INFO] Adding track segment (B.Cu): [(283527500, 119122500), (286067500, 121662500)]
13:36:28: [INFO] Routing SW76 with D76
13:36:28: [INFO] Using internal autorouter method
13:36:28: [INFO] Routing pad 'SW76:2' at (431165000, 94932500) with pad 'D76:2' at (433705000, 102612500) using coordinate system rotated by 0 degree(s)
13:36:28: [INFO] Adding track segment (B.Cu): [(431165000, 94932500), (431165000, 100072500)]
13:36:28: [INFO] Adding track segment (B.Cu): [(431165000, 100072500), (433705000, 102612500)]
13:36:28: [INFO] Routing SW75 with D75
13:36:28: [INFO] Using internal autorouter method
13:36:28: [INFO] Routing pad 'SW75:2' at (400208750, 94932500) with pad 'D75:2' at (402748750, 102612500) using coordinate system rotated by 0 degree(s)
13:36:28: [INFO] Adding track segment (B.Cu): [(400208750, 94932500), (400208750, 100072500)]
13:36:28: [INFO] Adding track segment (B.Cu): [(400208750, 100072500), (402748750, 102612500)]
13:36:28: [INFO] Routing SW74 with D74
13:36:28: [INFO] Using internal autorouter method
13:36:28: [INFO] Routing pad 'SW74:2' at (388302500, 94932500) with pad 'D74:2' at (390842500, 102612500) using coordinate system rotated by 0 degree(s)
13:36:28: [INFO] Adding track segment (B.Cu): [(388302500, 94932500), (388302500, 100072500)]
13:36:28: [INFO] Adding track segment (B.Cu): [(388302500, 100072500), (390842500, 102612500)]
13:36:28: [INFO] Routing SW73 with D73
13:36:28: [INFO] Using internal autorouter method
13:36:28: [INFO] Routing pad 'SW73:2' at (369252500, 94932500) with pad 'D73:2' at (371792500, 102612500) using coordinate system rotated by 0 degree(s)
13:36:28: [INFO] Adding track segment (B.Cu): [(369252500, 94932500), (369252500, 100072500)]
13:36:28: [INFO] Adding track segment (B.Cu): [(369252500, 100072500), (371792500, 102612500)]
13:36:28: [INFO] Routing SW72 with D72
13:36:28: [INFO] Using internal autorouter method
13:36:28: [INFO] Routing pad 'SW72:2' at (350202500, 94932500) with pad 'D72:2' at (352742500, 102612500) using coordinate system rotated by 0 degree(s)
13:36:28: [INFO] Adding track segment (B.Cu): [(350202500, 94932500), (350202500, 100072500)]
13:36:28: [INFO] Adding track segment (B.Cu): [(350202500, 100072500), (352742500, 102612500)]
13:36:28: [INFO] Routing SW71 with D71
13:36:28: [INFO] Using internal autorouter method
13:36:28: [INFO] Routing pad 'SW71:2' at (331152500, 94932500) with pad 'D71:2' at (333692500, 102612500) using coordinate system rotated by 0 degree(s)
13:36:28: [INFO] Adding track segment (B.Cu): [(331152500, 94932500), (331152500, 100072500)]
13:36:28: [INFO] Adding track segment (B.Cu): [(331152500, 100072500), (333692500, 102612500)]
13:36:28: [INFO] Routing SW70 with D70
13:36:28: [INFO] Using internal autorouter method
13:36:28: [INFO] Routing pad 'SW70:2' at (312102500, 94932500) with pad 'D70:2' at (314642500, 102612500) using coordinate system rotated by 0 degree(s)
13:36:28: [INFO] Adding track segment (B.Cu): [(312102500, 94932500), (312102500, 100072500)]
13:36:28: [INFO] Adding track segment (B.Cu): [(312102500, 100072500), (314642500, 102612500)]
13:36:28: [INFO] Routing SW69 with D69
13:36:28: [INFO] Using internal autorouter method
13:36:28: [INFO] Routing pad 'SW69:2' at (293052500, 94932500) with pad 'D69:2' at (295592500, 102612500) using coordinate system rotated by 0 degree(s)
13:36:28: [INFO] Adding track segment (B.Cu): [(293052500, 94932500), (293052500, 100072500)]
13:36:28: [INFO] Adding track segment (B.Cu): [(293052500, 100072500), (295592500, 102612500)]
13:36:28: [INFO] Routing SW68 with D68
13:36:28: [INFO] Using internal autorouter method
13:36:28: [INFO] Routing pad 'SW68:2' at (274002500, 94932500) with pad 'D68:2' at (276542500, 102612500) using coordinate system rotated by 0 degree(s)
13:36:28: [INFO] Adding track segment (B.Cu): [(274002500, 94932500), (274002500, 100072500)]
13:36:28: [INFO] Adding track segment (B.Cu): [(274002500, 100072500), (276542500, 102612500)]
13:36:28: [INFO] Routing SW67 with D67
13:36:28: [INFO] Using internal autorouter method
13:36:28: [INFO] Routing pad 'SW67:2' at (431165000, 75882500) with pad 'D67:2' at (433705000, 83562500) using coordinate system rotated by 0 degree(s)
13:36:28: [INFO] Adding track segment (B.Cu): [(431165000, 75882500), (431165000, 81022500)]
13:36:28: [INFO] Adding track segment (B.Cu): [(431165000, 81022500), (433705000, 83562500)]
13:36:28: [INFO] Routing SW66a with D66
13:36:28: [INFO] Using internal autorouter method
13:36:28: [INFO] Routing pad 'SW66a:2' at (409733750, 85407500) with pad 'D66:2' at (409892500, 83562500) using coordinate system rotated by 0 degree(s)
13:36:28: [INFO] Adding track segment (B.Cu): [(409733750, 85407500), (409733750, 83721250)]
13:36:28: [INFO] Adding track segment (B.Cu): [(409733750, 83721250), (409892500, 83562500)]
13:36:28: [INFO] Routing SW66 with D66
13:36:28: [INFO] Using internal autorouter method
13:36:28: [INFO] Routing pad 'SW66:2' at (407352500, 75882500) with pad 'D66:2' at (409892500, 83562500) using coordinate system rotated by 0 degree(s)
13:36:28: [INFO] Adding track segment (B.Cu): [(407352500, 75882500), (407352500, 81022500)]
13:36:28: [INFO] Adding track segment (B.Cu): [(407352500, 81022500), (409892500, 83562500)]
13:36:28: [INFO] Routing SW65 with D65
13:36:28: [INFO] Using internal autorouter method
13:36:28: [INFO] Routing pad 'SW65:2' at (383540000, 75882500) with pad 'D65:2' at (386080000, 83562500) using coordinate system rotated by 0 degree(s)
13:36:28: [INFO] Adding track segment (B.Cu): [(383540000, 75882500), (383540000, 81022500)]
13:36:28: [INFO] Adding track segment (B.Cu): [(383540000, 81022500), (386080000, 83562500)]
13:36:28: [INFO] Routing SW64 with D64
13:36:28: [INFO] Using internal autorouter method
13:36:28: [INFO] Routing pad 'SW64:2' at (364490000, 75882500) with pad 'D64:2' at (367030000, 83562500) using coordinate system rotated by 0 degree(s)
13:36:28: [INFO] Adding track segment (B.Cu): [(364490000, 75882500), (364490000, 81022500)]
13:36:28: [INFO] Adding track segment (B.Cu): [(364490000, 81022500), (367030000, 83562500)]
13:36:28: [INFO] Routing SW63 with D63
13:36:28: [INFO] Using internal autorouter method
13:36:28: [INFO] Routing pad 'SW63:2' at (345440000, 75882500) with pad 'D63:2' at (347980000, 83562500) using coordinate system rotated by 0 degree(s)
13:36:28: [INFO] Adding track segment (B.Cu): [(345440000, 75882500), (345440000, 81022500)]
13:36:28: [INFO] Adding track segment (B.Cu): [(345440000, 81022500), (347980000, 83562500)]
13:36:28: [INFO] Routing SW62 with D62
13:36:28: [INFO] Using internal autorouter method
13:36:28: [INFO] Routing pad 'SW62:2' at (326390000, 75882500) with pad 'D62:2' at (328930000, 83562500) using coordinate system rotated by 0 degree(s)
13:36:28: [INFO] Adding track segment (B.Cu): [(326390000, 75882500), (326390000, 81022500)]
13:36:28: [INFO] Adding track segment (B.Cu): [(326390000, 81022500), (328930000, 83562500)]
13:36:28: [INFO] Routing SW61 with D61
13:36:28: [INFO] Using internal autorouter method
13:36:28: [INFO] Routing pad 'SW61:2' at (307340000, 75882500) with pad 'D61:2' at (309880000, 83562500) using coordinate system rotated by 0 degree(s)
13:36:28: [INFO] Adding track segment (B.Cu): [(307340000, 75882500), (307340000, 81022500)]
13:36:28: [INFO] Adding track segment (B.Cu): [(307340000, 81022500), (309880000, 83562500)]
13:36:28: [INFO] Routing SW60 with D60
13:36:28: [INFO] Using internal autorouter method
13:36:28: [INFO] Routing pad 'SW60:2' at (288290000, 75882500) with pad 'D60:2' at (290830000, 83562500) using coordinate system rotated by 0 degree(s)
13:36:28: [INFO] Adding track segment (B.Cu): [(288290000, 75882500), (288290000, 81022500)]
13:36:28: [INFO] Adding track segment (B.Cu): [(288290000, 81022500), (290830000, 83562500)]
13:36:28: [INFO] Routing SW59 with D59
13:36:28: [INFO] Using internal autorouter method
13:36:28: [INFO] Routing pad 'SW59:2' at (269240000, 75882500) with pad 'D59:2' at (271780000, 83562500) using coordinate system rotated by 0 degree(s)
13:36:28: [INFO] Adding track segment (B.Cu): [(269240000, 75882500), (269240000, 81022500)]
13:36:28: [INFO] Adding track segment (B.Cu): [(269240000, 81022500), (271780000, 83562500)]
13:36:28: [INFO] Routing SW58 with D58
13:36:28: [INFO] Using internal autorouter method
13:36:28: [INFO] Routing pad 'SW58:2' at (431165000, 56832500) with pad 'D58:2' at (433705000, 64512500) using coordinate system rotated by 0 degree(s)
13:36:28: [INFO] Adding track segment (B.Cu): [(431165000, 56832500), (431165000, 61972500)]
13:36:28: [INFO] Adding track segment (B.Cu): [(431165000, 61972500), (433705000, 64512500)]
13:36:28: [INFO] Routing SW57a with D57
13:36:28: [INFO] Using internal autorouter method
13:36:28: [INFO] Routing pad 'SW57a:2' at (402590000, 56832500) with pad 'D57:2' at (414655000, 64512500) using coordinate system rotated by 0 degree(s)
13:36:28: [INFO] Routing SW57 with D57
13:36:28: [INFO] Using internal autorouter method
13:36:28: [INFO] Routing pad 'SW57:2' at (412115000, 56832500) with pad 'D57:2' at (414655000, 64512500) using coordinate system rotated by 0 degree(s)
13:36:28: [INFO] Adding track segment (B.Cu): [(412115000, 56832500), (412115000, 61972500)]
13:36:28: [INFO] Adding track segment (B.Cu): [(412115000, 61972500), (414655000, 64512500)]
13:36:28: [INFO] Routing SW56 with D56
13:36:28: [INFO] Using internal autorouter method
13:36:28: [INFO] Routing pad 'SW56:2' at (393065000, 56832500) with pad 'D56:2' at (395605000, 64512500) using coordinate system rotated by 0 degree(s)
13:36:28: [INFO] Adding track segment (B.Cu): [(393065000, 56832500), (393065000, 61972500)]
13:36:28: [INFO] Adding track segment (B.Cu): [(393065000, 61972500), (395605000, 64512500)]
13:36:28: [INFO] Routing SW55 with D55
13:36:28: [INFO] Using internal autorouter method
13:36:28: [INFO] Routing pad 'SW55:2' at (374015000, 56832500) with pad 'D55:2' at (376555000, 64512500) using coordinate system rotated by 0 degree(s)
13:36:28: [INFO] Adding track segment (B.Cu): [(374015000, 56832500), (374015000, 61972500)]
13:36:28: [INFO] Adding track segment (B.Cu): [(374015000, 61972500), (376555000, 64512500)]
13:36:28: [INFO] Routing SW54 with D54
13:36:28: [INFO] Using internal autorouter method
13:36:28: [INFO] Routing pad 'SW54:2' at (354965000, 56832500) with pad 'D54:2' at (357505000, 64512500) using coordinate system rotated by 0 degree(s)
13:36:28: [INFO] Adding track segment (B.Cu): [(354965000, 56832500), (354965000, 61972500)]
13:36:28: [INFO] Adding track segment (B.Cu): [(354965000, 61972500), (357505000, 64512500)]
13:36:28: [INFO] Routing SW53 with D53
13:36:28: [INFO] Using internal autorouter method
13:36:28: [INFO] Routing pad 'SW53:2' at (335915000, 56832500) with pad 'D53:2' at (338455000, 64512500) using coordinate system rotated by 0 degree(s)
13:36:28: [INFO] Adding track segment (B.Cu): [(335915000, 56832500), (335915000, 61972500)]
13:36:28: [INFO] Adding track segment (B.Cu): [(335915000, 61972500), (338455000, 64512500)]
13:36:28: [INFO] Routing SW52 with D52
13:36:28: [INFO] Using internal autorouter method
13:36:28: [INFO] Routing pad 'SW52:2' at (316865000, 56832500) with pad 'D52:2' at (319405000, 64512500) using coordinate system rotated by 0 degree(s)
13:36:28: [INFO] Adding track segment (B.Cu): [(316865000, 56832500), (316865000, 61972500)]
13:36:28: [INFO] Adding track segment (B.Cu): [(316865000, 61972500), (319405000, 64512500)]
13:36:28: [INFO] Routing SW51 with D51
13:36:28: [INFO] Using internal autorouter method
13:36:28: [INFO] Routing pad 'SW51:2' at (297815000, 56832500) with pad 'D51:2' at (300355000, 64512500) using coordinate system rotated by 0 degree(s)
13:36:28: [INFO] Adding track segment (B.Cu): [(297815000, 56832500), (297815000, 61972500)]
13:36:28: [INFO] Adding track segment (B.Cu): [(297815000, 61972500), (300355000, 64512500)]
13:36:28: [INFO] Routing SW50 with D50
13:36:28: [INFO] Using internal autorouter method
13:36:28: [INFO] Routing pad 'SW50:2' at (278765000, 56832500) with pad 'D50:2' at (281305000, 64512500) using coordinate system rotated by 0 degree(s)
13:36:28: [INFO] Adding track segment (B.Cu): [(278765000, 56832500), (278765000, 61972500)]
13:36:28: [INFO] Adding track segment (B.Cu): [(278765000, 61972500), (281305000, 64512500)]
13:36:28: [INFO] Routing SW49 with D49
13:36:28: [INFO] Using internal autorouter method
13:36:28: [INFO] Routing pad 'SW49:2' at (250190000, 33020000) with pad 'D49:2' at (252730000, 40700000) using coordinate system rotated by 0 degree(s)
13:36:28: [INFO] Adding track segment (B.Cu): [(250190000, 33020000), (250190000, 38160000)]
13:36:28: [INFO] Adding track segment (B.Cu): [(250190000, 38160000), (252730000, 40700000)]
13:36:28: [INFO] Routing SW48 with D48
13:36:28: [INFO] Using internal autorouter method
13:36:28: [INFO] Routing pad 'SW48:2' at (231140000, 33020000) with pad 'D48:2' at (233680000, 40700000) using coordinate system rotated by 0 degree(s)
13:36:28: [INFO] Adding track segment (B.Cu): [(231140000, 33020000), (231140000, 38160000)]
13:36:28: [INFO] Adding track segment (B.Cu): [(231140000, 38160000), (233680000, 40700000)]
13:36:28: [INFO] Routing SW47 with D47
13:36:28: [INFO] Using internal autorouter method
13:36:28: [INFO] Routing pad 'SW47:2' at (207327500, 33020000) with pad 'D47:2' at (209867500, 40700000) using coordinate system rotated by 0 degree(s)
13:36:28: [INFO] Adding track segment (B.Cu): [(207327500, 33020000), (207327500, 38160000)]
13:36:28: [INFO] Adding track segment (B.Cu): [(207327500, 38160000), (209867500, 40700000)]
13:36:28: [INFO] Routing SW46 with D46
13:36:28: [INFO] Using internal autorouter method
13:36:28: [INFO] Routing pad 'SW46:2' at (188277500, 33020000) with pad 'D46:2' at (190817500, 40700000) using coordinate system rotated by 0 degree(s)
13:36:28: [INFO] Adding track segment (B.Cu): [(188277500, 33020000), (188277500, 38160000)]
13:36:28: [INFO] Adding track segment (B.Cu): [(188277500, 38160000), (190817500, 40700000)]
13:36:28: [INFO] Routing SW45 with D45
13:36:28: [INFO] Using internal autorouter method
13:36:28: [INFO] Routing pad 'SW45:2' at (169227500, 33020000) with pad 'D45:2' at (171767500, 40700000) using coordinate system rotated by 0 degree(s)
13:36:28: [INFO] Adding track segment (B.Cu): [(169227500, 33020000), (169227500, 38160000)]
13:36:28: [INFO] Adding track segment (B.Cu): [(169227500, 38160000), (171767500, 40700000)]
13:36:28: [INFO] Routing SW44 with D44
13:36:28: [INFO] Using internal autorouter method
13:36:28: [INFO] Routing pad 'SW44:2' at (150177500, 33020000) with pad 'D44:2' at (152717500, 40700000) using coordinate system rotated by 0 degree(s)
13:36:28: [INFO] Adding track segment (B.Cu): [(150177500, 33020000), (150177500, 38160000)]
13:36:28: [INFO] Adding track segment (B.Cu): [(150177500, 38160000), (152717500, 40700000)]
13:36:28: [INFO] Routing SW43 with D43
13:36:28: [INFO] Using internal autorouter method
13:36:28: [INFO] Routing pad 'SW43:2' at (126365000, 33020000) with pad 'D43:2' at (128905000, 40700000) using coordinate system rotated by 0 degree(s)
13:36:28: [INFO] Adding track segment (B.Cu): [(126365000, 33020000), (126365000, 38160000)]
13:36:28: [INFO] Adding track segment (B.Cu): [(126365000, 38160000), (128905000, 40700000)]
13:36:28: [INFO] Routing SW42a with D42
13:36:28: [INFO] Using internal autorouter method
13:36:28: [INFO] Routing pad 'SW42a:2' at (78740000, 33020000) with pad 'D42:2' at (73780000, 38200000) using coordinate system rotated by 0 degree(s)
13:36:28: [INFO] Routing SW42 with D42
13:36:28: [INFO] Using internal autorouter method
13:36:28: [INFO] Routing pad 'SW42:S2' at (83200000, 35600000) with pad 'D42:2' at (73780000, 38200000) using coordinate system rotated by 0 degree(s)
13:36:28: [INFO] Routing SW41 with D41
13:36:28: [INFO] Using internal autorouter method
13:36:28: [INFO] Routing pad 'SW41:2' at (233521250, 133032500) with pad 'D41:2' at (236061250, 140712500) using coordinate system rotated by 0 degree(s)
13:36:28: [INFO] Adding track segment (B.Cu): [(233521250, 133032500), (233521250, 138172500)]
13:36:28: [INFO] Adding track segment (B.Cu): [(233521250, 138172500), (236061250, 140712500)]
13:36:28: [INFO] Routing SW40 with D40
13:36:28: [INFO] Using internal autorouter method
13:36:28: [INFO] Routing pad 'SW40:2' at (200183750, 133032500) with pad 'D40:2' at (202723750, 140712500) using coordinate system rotated by 0 degree(s)
13:36:28: [INFO] Adding track segment (B.Cu): [(200183750, 133032500), (200183750, 138172500)]
13:36:28: [INFO] Adding track segment (B.Cu): [(200183750, 138172500), (202723750, 140712500)]
13:36:28: [INFO] Routing SW39 with D39
13:36:28: [INFO] Using internal autorouter method
13:36:28: [INFO] Routing pad 'SW39:2' at (176371250, 133032500) with pad 'D39:2' at (178911250, 140712500) using coordinate system rotated by 0 degree(s)
13:36:29: [INFO] Adding track segment (B.Cu): [(176371250, 133032500), (176371250, 138172500)]
13:36:29: [INFO] Adding track segment (B.Cu): [(176371250, 138172500), (178911250, 140712500)]
13:36:29: [INFO] Routing SW38 with D38
13:36:29: [INFO] Using internal autorouter method
13:36:29: [INFO] Routing pad 'SW38:2' at (152558750, 133032500) with pad 'D38:2' at (155098750, 140712500) using coordinate system rotated by 0 degree(s)
13:36:29: [INFO] Adding track segment (B.Cu): [(152558750, 133032500), (152558750, 138172500)]
13:36:29: [INFO] Adding track segment (B.Cu): [(152558750, 138172500), (155098750, 140712500)]
13:36:29: [INFO] Routing SW37 with D37
13:36:29: [INFO] Using internal autorouter method
13:36:29: [INFO] Routing pad 'SW37:2' at (128746250, 133032500) with pad 'D37:2' at (131286250, 140712500) using coordinate system rotated by 0 degree(s)
13:36:29: [INFO] Adding track segment (B.Cu): [(128746250, 133032500), (128746250, 138172500)]
13:36:29: [INFO] Adding track segment (B.Cu): [(128746250, 138172500), (131286250, 140712500)]
13:36:29: [INFO] Routing SW36 with D36
13:36:29: [INFO] Using internal autorouter method
13:36:29: [INFO] Routing pad 'SW36:2' at (97790000, 133032500) with pad 'D36:2' at (100330000, 140712500) using coordinate system rotated by 0 degree(s)
13:36:29: [INFO] Adding track segment (B.Cu): [(97790000, 133032500), (97790000, 138172500)]
13:36:29: [INFO] Adding track segment (B.Cu): [(97790000, 138172500), (100330000, 140712500)]
13:36:29: [INFO] Routing SW35 with D35
13:36:29: [INFO] Using internal autorouter method
13:36:29: [INFO] Routing pad 'SW35:2' at (78740000, 133032500) with pad 'D35:2' at (81280000, 140712500) using coordinate system rotated by 0 degree(s)
13:36:29: [INFO] Adding track segment (B.Cu): [(78740000, 133032500), (78740000, 138172500)]
13:36:29: [INFO] Adding track segment (B.Cu): [(78740000, 138172500), (81280000, 140712500)]
13:36:29: [INFO] Routing SW34 with D34
13:36:29: [INFO] Using internal autorouter method
13:36:29: [INFO] Routing pad 'SW34:2' at (245427500, 113982500) with pad 'D34:2' at (247967500, 121662500) using coordinate system rotated by 0 degree(s)
13:36:29: [INFO] Adding track segment (B.Cu): [(245427500, 113982500), (245427500, 119122500)]
13:36:29: [INFO] Adding track segment (B.Cu): [(245427500, 119122500), (247967500, 121662500)]
13:36:29: [INFO] Routing SW33 with D33
13:36:29: [INFO] Using internal autorouter method
13:36:29: [INFO] Routing pad 'SW33:2' at (226377500, 113982500) with pad 'D33:2' at (228917500, 121662500) using coordinate system rotated by 0 degree(s)
13:36:29: [INFO] Adding track segment (B.Cu): [(226377500, 113982500), (226377500, 119122500)]
13:36:29: [INFO] Adding track segment (B.Cu): [(226377500, 119122500), (228917500, 121662500)]
13:36:29: [INFO] Routing SW32 with D32
13:36:29: [INFO] Using internal autorouter method
13:36:29: [INFO] Routing pad 'SW32:2' at (207327500, 113982500) with pad 'D32:2' at (209867500, 121662500) using coordinate system rotated by 0 degree(s)
13:36:29: [INFO] Adding track segment (B.Cu): [(207327500, 113982500), (207327500, 119122500)]
13:36:29: [INFO] Adding track segment (B.Cu): [(207327500, 119122500), (209867500, 121662500)]
13:36:29: [INFO] Routing SW31 with D31
13:36:29: [INFO] Using internal autorouter method
13:36:29: [INFO] Routing pad 'SW31:2' at (188277500, 113982500) with pad 'D31:2' at (190817500, 121662500) using coordinate system rotated by 0 degree(s)
13:36:29: [INFO] Adding track segment (B.Cu): [(188277500, 113982500), (188277500, 119122500)]
13:36:29: [INFO] Adding track segment (B.Cu): [(188277500, 119122500), (190817500, 121662500)]
13:36:29: [INFO] Routing SW30 with D30
13:36:29: [INFO] Using internal autorouter method
13:36:29: [INFO] Routing pad 'SW30:2' at (169227500, 113982500) with pad 'D30:2' at (171767500, 121662500) using coordinate system rotated by 0 degree(s)
13:36:29: [INFO] Adding track segment (B.Cu): [(169227500, 113982500), (169227500, 119122500)]
13:36:29: [INFO] Adding track segment (B.Cu): [(169227500, 119122500), (171767500, 121662500)]
13:36:29: [INFO] Routing SW29 with D29
13:36:29: [INFO] Using internal autorouter method
13:36:29: [INFO] Routing pad 'SW29:2' at (150177500, 113982500) with pad 'D29:2' at (152717500, 121662500) using coordinate system rotated by 0 degree(s)
13:36:29: [INFO] Adding track segment (B.Cu): [(150177500, 113982500), (150177500, 119122500)]
13:36:29: [INFO] Adding track segment (B.Cu): [(150177500, 119122500), (152717500, 121662500)]
13:36:29: [INFO] Routing SW28a with D28
13:36:29: [INFO] Using internal autorouter method
13:36:29: [INFO] Routing pad 'SW28a:2' at (128746250, 113982500) with pad 'D28:2' at (140811250, 121662500) using coordinate system rotated by 0 degree(s)
13:36:29: [INFO] Routing SW28 with D28
13:36:29: [INFO] Using internal autorouter method
13:36:29: [INFO] Routing pad 'SW28:2' at (138271250, 113982500) with pad 'D28:2' at (140811250, 121662500) using coordinate system rotated by 0 degree(s)
13:36:29: [INFO] Adding track segment (B.Cu): [(138271250, 113982500), (138271250, 119122500)]
13:36:29: [INFO] Adding track segment (B.Cu): [(138271250, 119122500), (140811250, 121662500)]
13:36:29: [INFO] Routing SW27 with D27
13:36:29: [INFO] Using internal autorouter method
13:36:29: [INFO] Routing pad 'SW27:2' at (97790000, 113982500) with pad 'D27:2' at (100330000, 121662500) using coordinate system rotated by 0 degree(s)
13:36:29: [INFO] Adding track segment (B.Cu): [(97790000, 113982500), (97790000, 119122500)]
13:36:29: [INFO] Adding track segment (B.Cu): [(97790000, 119122500), (100330000, 121662500)]
13:36:29: [INFO] Routing SW26 with D26
13:36:29: [INFO] Using internal autorouter method
13:36:29: [INFO] Routing pad 'SW26:2' at (78740000, 113982500) with pad 'D26:2' at (81280000, 121662500) using coordinate system rotated by 0 degree(s)
13:36:29: [INFO] Adding track segment (B.Cu): [(78740000, 113982500), (78740000, 119122500)]
13:36:29: [INFO] Adding track segment (B.Cu): [(78740000, 119122500), (81280000, 121662500)]
13:36:29: [INFO] Routing SW25 with D25
13:36:29: [INFO] Using internal autorouter method
13:36:29: [INFO] Routing pad 'SW25:2' at (235902500, 94932500) with pad 'D25:2' at (238442500, 102612500) using coordinate system rotated by 0 degree(s)
13:36:29: [INFO] Adding track segment (B.Cu): [(235902500, 94932500), (235902500, 100072500)]
13:36:29: [INFO] Adding track segment (B.Cu): [(235902500, 100072500), (238442500, 102612500)]
13:36:29: [INFO] Routing SW24 with D24
13:36:29: [INFO] Using internal autorouter method
13:36:29: [INFO] Routing pad 'SW24:2' at (216852500, 94932500) with pad 'D24:2' at (219392500, 102612500) using coordinate system rotated by 0 degree(s)
13:36:29: [INFO] Adding track segment (B.Cu): [(216852500, 94932500), (216852500, 100072500)]
13:36:29: [INFO] Adding track segment (B.Cu): [(216852500, 100072500), (219392500, 102612500)]
13:36:29: [INFO] Routing SW23 with D23
13:36:29: [INFO] Using internal autorouter method
13:36:29: [INFO] Routing pad 'SW23:2' at (197802500, 94932500) with pad 'D23:2' at (200342500, 102612500) using coordinate system rotated by 0 degree(s)
13:36:29: [INFO] Adding track segment (B.Cu): [(197802500, 94932500), (197802500, 100072500)]
13:36:29: [INFO] Adding track segment (B.Cu): [(197802500, 100072500), (200342500, 102612500)]
13:36:29: [INFO] Routing SW22 with D22
13:36:29: [INFO] Using internal autorouter method
13:36:29: [INFO] Routing pad 'SW22:2' at (178752500, 94932500) with pad 'D22:2' at (181292500, 102612500) using coordinate system rotated by 0 degree(s)
13:36:29: [INFO] Adding track segment (B.Cu): [(178752500, 94932500), (178752500, 100072500)]
13:36:29: [INFO] Adding track segment (B.Cu): [(178752500, 100072500), (181292500, 102612500)]
13:36:29: [INFO] Routing SW21 with D21
13:36:29: [INFO] Using internal autorouter method
13:36:29: [INFO] Routing pad 'SW21:2' at (159702500, 94932500) with pad 'D21:2' at (162242500, 102612500) using coordinate system rotated by 0 degree(s)
13:36:29: [INFO] Adding track segment (B.Cu): [(159702500, 94932500), (159702500, 100072500)]
13:36:29: [INFO] Adding track segment (B.Cu): [(159702500, 100072500), (162242500, 102612500)]
13:36:29: [INFO] Routing SW20 with D20
13:36:29: [INFO] Using internal autorouter method
13:36:29: [INFO] Routing pad 'SW20:2' at (133508750, 94932500) with pad 'D20:2' at (136048750, 102612500) using coordinate system rotated by 0 degree(s)
13:36:29: [INFO] Adding track segment (B.Cu): [(133508750, 94932500), (133508750, 100072500)]
13:36:29: [INFO] Adding track segment (B.Cu): [(133508750, 100072500), (136048750, 102612500)]
13:36:29: [INFO] Routing SW19 with D19
13:36:29: [INFO] Using internal autorouter method
13:36:29: [INFO] Routing pad 'SW19:2' at (97790000, 94932500) with pad 'D19:2' at (100330000, 102612500) using coordinate system rotated by 0 degree(s)
13:36:29: [INFO] Adding track segment (B.Cu): [(97790000, 94932500), (97790000, 100072500)]
13:36:29: [INFO] Adding track segment (B.Cu): [(97790000, 100072500), (100330000, 102612500)]
13:36:29: [INFO] Routing SW18 with D18
13:36:29: [INFO] Using internal autorouter method
13:36:29: [INFO] Routing pad 'SW18:2' at (78740000, 94932500) with pad 'D18:2' at (81280000, 102612500) using coordinate system rotated by 0 degree(s)
13:36:29: [INFO] Adding track segment (B.Cu): [(78740000, 94932500), (78740000, 100072500)]
13:36:29: [INFO] Adding track segment (B.Cu): [(78740000, 100072500), (81280000, 102612500)]
13:36:29: [INFO] Routing SW17 with D17
13:36:29: [INFO] Using internal autorouter method
13:36:29: [INFO] Routing pad 'SW17:2' at (231140000, 75882500) with pad 'D17:2' at (233680000, 83562500) using coordinate system rotated by 0 degree(s)
13:36:29: [INFO] Adding track segment (B.Cu): [(231140000, 75882500), (231140000, 81022500)]
13:36:29: [INFO] Adding track segment (B.Cu): [(231140000, 81022500), (233680000, 83562500)]
13:36:29: [INFO] Routing SW16 with D16
13:36:29: [INFO] Using internal autorouter method
13:36:29: [INFO] Routing pad 'SW16:2' at (212090000, 75882500) with pad 'D16:2' at (214630000, 83562500) using coordinate system rotated by 0 degree(s)
13:36:29: [INFO] Adding track segment (B.Cu): [(212090000, 75882500), (212090000, 81022500)]
13:36:29: [INFO] Adding track segment (B.Cu): [(212090000, 81022500), (214630000, 83562500)]
13:36:29: [INFO] Routing SW15 with D15
13:36:29: [INFO] Using internal autorouter method
13:36:29: [INFO] Routing pad 'SW15:2' at (193040000, 75882500) with pad 'D15:2' at (195580000, 83562500) using coordinate system rotated by 0 degree(s)
13:36:29: [INFO] Adding track segment (B.Cu): [(193040000, 75882500), (193040000, 81022500)]
13:36:29: [INFO] Adding track segment (B.Cu): [(193040000, 81022500), (195580000, 83562500)]
13:36:29: [INFO] Routing SW14 with D14
13:36:29: [INFO] Using internal autorouter method
13:36:29: [INFO] Routing pad 'SW14:2' at (173990000, 75882500) with pad 'D14:2' at (176530000, 83562500) using coordinate system rotated by 0 degree(s)
13:36:29: [INFO] Adding track segment (B.Cu): [(173990000, 75882500), (173990000, 81022500)]
13:36:29: [INFO] Adding track segment (B.Cu): [(173990000, 81022500), (176530000, 83562500)]
13:36:29: [INFO] Routing SW13 with D13
13:36:29: [INFO] Using internal autorouter method
13:36:29: [INFO] Routing pad 'SW13:2' at (154940000, 75882500) with pad 'D13:2' at (157480000, 83562500) using coordinate system rotated by 0 degree(s)
13:36:29: [INFO] Adding track segment (B.Cu): [(154940000, 75882500), (154940000, 81022500)]
13:36:29: [INFO] Adding track segment (B.Cu): [(154940000, 81022500), (157480000, 83562500)]
13:36:29: [INFO] Routing SW12 with D12
13:36:29: [INFO] Using internal autorouter method
13:36:29: [INFO] Routing pad 'SW12:2' at (131127500, 75882500) with pad 'D12:2' at (133667500, 83562500) using coordinate system rotated by 0 degree(s)
13:36:29: [INFO] Adding track segment (B.Cu): [(131127500, 75882500), (131127500, 81022500)]
13:36:29: [INFO] Adding track segment (B.Cu): [(131127500, 81022500), (133667500, 83562500)]
13:36:29: [INFO] Routing SW11 with D11
13:36:29: [INFO] Using internal autorouter method
13:36:29: [INFO] Routing pad 'SW11:2' at (97790000, 75882500) with pad 'D11:2' at (100330000, 83562500) using coordinate system rotated by 0 degree(s)
13:36:29: [INFO] Adding track segment (B.Cu): [(97790000, 75882500), (97790000, 81022500)]
13:36:29: [INFO] Adding track segment (B.Cu): [(97790000, 81022500), (100330000, 83562500)]
13:36:29: [INFO] Routing SW10 with D10
13:36:29: [INFO] Using internal autorouter method
13:36:29: [INFO] Routing pad 'SW10:2' at (78740000, 75882500) with pad 'D10:2' at (81280000, 83562500) using coordinate system rotated by 0 degree(s)
13:36:29: [INFO] Adding track segment (B.Cu): [(78740000, 75882500), (78740000, 81022500)]
13:36:29: [INFO] Adding track segment (B.Cu): [(78740000, 81022500), (81280000, 83562500)]
13:36:29: [INFO] Routing SW9 with D9
13:36:29: [INFO] Using internal autorouter method
13:36:29: [INFO] Routing pad 'SW9:2' at (240665000, 56832500) with pad 'D9:2' at (243205000, 64512500) using coordinate system rotated by 0 degree(s)
13:36:29: [INFO] Adding track segment (B.Cu): [(240665000, 56832500), (240665000, 61972500)]
13:36:29: [INFO] Adding track segment (B.Cu): [(240665000, 61972500), (243205000, 64512500)]
13:36:29: [INFO] Routing SW8 with D8
13:36:29: [INFO] Using internal autorouter method
13:36:29: [INFO] Routing pad 'SW8:2' at (221615000, 56832500) with pad 'D8:2' at (224155000, 64512500) using coordinate system rotated by 0 degree(s)
13:36:29: [INFO] Adding track segment (B.Cu): [(221615000, 56832500), (221615000, 61972500)]
13:36:29: [INFO] Adding track segment (B.Cu): [(221615000, 61972500), (224155000, 64512500)]
13:36:29: [INFO] Routing SW7 with D7
13:36:29: [INFO] Using internal autorouter method
13:36:29: [INFO] Routing pad 'SW7:2' at (202565000, 56832500) with pad 'D7:2' at (205105000, 64512500) using coordinate system rotated by 0 degree(s)
13:36:29: [INFO] Adding track segment (B.Cu): [(202565000, 56832500), (202565000, 61972500)]
13:36:29: [INFO] Adding track segment (B.Cu): [(202565000, 61972500), (205105000, 64512500)]
13:36:29: [INFO] Routing SW6 with D6
13:36:29: [INFO] Using internal autorouter method
13:36:29: [INFO] Routing pad 'SW6:2' at (183515000, 56832500) with pad 'D6:2' at (186055000, 64512500) using coordinate system rotated by 0 degree(s)
13:36:29: [INFO] Adding track segment (B.Cu): [(183515000, 56832500), (183515000, 61972500)]
13:36:29: [INFO] Adding track segment (B.Cu): [(183515000, 61972500), (186055000, 64512500)]
13:36:29: [INFO] Routing SW5 with D5
13:36:29: [INFO] Using internal autorouter method
13:36:29: [INFO] Routing pad 'SW5:2' at (164465000, 56832500) with pad 'D5:2' at (167005000, 64512500) using coordinate system rotated by 0 degree(s)
13:36:29: [INFO] Adding track segment (B.Cu): [(164465000, 56832500), (164465000, 61972500)]
13:36:29: [INFO] Adding track segment (B.Cu): [(164465000, 61972500), (167005000, 64512500)]
13:36:29: [INFO] Routing SW4 with D4
13:36:29: [INFO] Using internal autorouter method
13:36:29: [INFO] Routing pad 'SW4:2' at (145415000, 56832500) with pad 'D4:2' at (147955000, 64512500) using coordinate system rotated by 0 degree(s)
13:36:29: [INFO] Adding track segment (B.Cu): [(145415000, 56832500), (145415000, 61972500)]
13:36:29: [INFO] Adding track segment (B.Cu): [(145415000, 61972500), (147955000, 64512500)]
13:36:29: [INFO] Routing SW3 with D3
13:36:29: [INFO] Using internal autorouter method
13:36:29: [INFO] Routing pad 'SW3:2' at (126365000, 56832500) with pad 'D3:2' at (128905000, 64512500) using coordinate system rotated by 0 degree(s)
13:36:30: [INFO] Adding track segment (B.Cu): [(126365000, 56832500), (126365000, 61972500)]
13:36:30: [INFO] Adding track segment (B.Cu): [(126365000, 61972500), (128905000, 64512500)]
13:36:30: [INFO] Routing SW2 with D2
13:36:30: [INFO] Using internal autorouter method
13:36:30: [INFO] Routing pad 'SW2:2' at (97790000, 56832500) with pad 'D2:2' at (100330000, 64512500) using coordinate system rotated by 0 degree(s)
13:36:30: [INFO] Adding track segment (B.Cu): [(97790000, 56832500), (97790000, 61972500)]
13:36:30: [INFO] Adding track segment (B.Cu): [(97790000, 61972500), (100330000, 64512500)]
13:36:30: [INFO] Routing SW1 with D1
13:36:30: [INFO] Using internal autorouter method
13:36:30: [INFO] Routing pad 'SW1:2' at (78740000, 56832500) with pad 'D1:2' at (81280000, 64512500) using coordinate system rotated by 0 degree(s)
13:36:30: [INFO] Adding track segment (B.Cu): [(78740000, 56832500), (78740000, 61972500)]
13:36:30: [INFO] Adding track segment (B.Cu): [(78740000, 61972500), (81280000, 64512500)]
13:36:30: [INFO] Routing COL3 pads
13:36:30: [INFO] Routing pad 'SW4:1' at (139065000, 59372500) with pad 'SW44:1' at (143827500, 35560000) using coordinate system rotated by 0 degree(s)
13:36:30: [INFO] Adding track segment (F.Cu): [(139065000, 59372500), (143827500, 54610000)]
13:36:30: [INFO] Adding track segment (F.Cu): [(143827500, 54610000), (143827500, 35560000)]
13:36:30: [INFO] Routing pad 'SW21:1' at (153352500, 97472500) with pad 'SW29:1' at (143827500, 116522500) using coordinate system rotated by 0 degree(s)
13:36:30: [INFO] Routing pad 'SW29:1' at (143827500, 116522500) with pad 'SW38:1' at (146208750, 135572500) using coordinate system rotated by 0 degree(s)
13:36:30: [INFO] Adding track segment (F.Cu): [(143827500, 116522500), (143827500, 133191250)]
13:36:30: [INFO] Adding track segment (F.Cu): [(143827500, 133191250), (146208750, 135572500)]
13:36:30: [INFO] Routing pad 'SW4:1' at (139065000, 59372500) with pad 'SW13:1' at (148590000, 78422500) using coordinate system rotated by 0 degree(s)
13:36:30: [INFO] Adding track segment (F.Cu): [(139065000, 59372500), (139065000, 68897500)]
13:36:30: [INFO] Adding track segment (F.Cu): [(139065000, 68897500), (148590000, 78422500)]
13:36:30: [INFO] Routing pad 'SW13:1' at (148590000, 78422500) with pad 'SW21:1' at (153352500, 97472500) using coordinate system rotated by 0 degree(s)
13:36:30: [INFO] Adding track segment (F.Cu): [(148590000, 78422500), (148590000, 92710000)]
13:36:30: [INFO] Adding track segment (F.Cu): [(148590000, 92710000), (153352500, 97472500)]
13:36:30: [INFO] Routing pad 'SW21:1' at (153352500, 97472500) with pad 'SW62:1' at (320040000, 78422500) using coordinate system rotated by 0 degree(s)
13:36:30: [INFO] Routing pad 'SW53:1' at (329565000, 59372500) with pad 'SW94:1' at (324802500, 35560000) using coordinate system rotated by 0 degree(s)
13:36:30: [INFO] Adding track segment (F.Cu): [(329565000, 59372500), (324802500, 54610000)]
13:36:30: [INFO] Adding track segment (F.Cu): [(324802500, 54610000), (324802500, 35560000)]
13:36:30: [INFO] Routing pad 'SW62:1' at (320040000, 78422500) with pad 'SW71:1' at (324802500, 97472500) using coordinate system rotated by 0 degree(s)
13:36:30: [INFO] Adding track segment (F.Cu): [(320040000, 78422500), (320040000, 92710000)]
13:36:30: [INFO] Adding track segment (F.Cu): [(320040000, 92710000), (324802500, 97472500)]
13:36:30: [INFO] Routing pad 'SW62:1' at (320040000, 78422500) with pad 'SW53:1' at (329565000, 59372500) using coordinate system rotated by 0 degree(s)
13:36:30: [INFO] Adding track segment (F.Cu): [(320040000, 78422500), (329565000, 68897500)]
13:36:30: [INFO] Adding track segment (F.Cu): [(329565000, 68897500), (329565000, 59372500)]
13:36:30: [INFO] Routing pad 'SW71:1' at (324802500, 97472500) with pad 'SW80:1' at (334327500, 116522500) using coordinate system rotated by 0 degree(s)
13:36:30: [INFO] Adding track segment (F.Cu): [(324802500, 97472500), (324802500, 106997500)]
13:36:30: [INFO] Adding track segment (F.Cu): [(324802500, 106997500), (334327500, 116522500)]
13:36:30: [INFO] Routing pad 'SW80:1' at (334327500, 116522500) with pad 'SW87:1' at (348615000, 135572500) using coordinate system rotated by 0 degree(s)
13:36:30: [INFO] Adding track segment (F.Cu): [(334327500, 116522500), (334327500, 121285000)]
13:36:30: [INFO] Adding track segment (F.Cu): [(334327500, 121285000), (348615000, 135572500)]
13:36:30: [INFO] Routing pad 'SW87:1' at (348615000, 135572500) with pad 'SW87a:1' at (355758750, 135572500) using coordinate system rotated by 0 degree(s)
13:36:30: [INFO] Adding track segment (F.Cu): [(348615000, 135572500), (355758750, 135572500)]
13:36:30: [INFO] Routing ROW10 pads
13:36:30: [INFO] Routing pad 'D85:1' at (302736250, 143512500) with pad 'D86:1' at (338455000, 143512500) using coordinate system rotated by 0 degree(s)
13:36:30: [INFO] Adding track segment (B.Cu): [(302736250, 143512500), (338455000, 143512500)]
13:36:30: [INFO] Routing pad 'D86:1' at (338455000, 143512500) with pad 'D87:1' at (357505000, 143512500) using coordinate system rotated by 0 degree(s)
13:36:30: [INFO] Adding track segment (B.Cu): [(338455000, 143512500), (357505000, 143512500)]
13:36:30: [INFO] Routing pad 'D87:1' at (357505000, 143512500) with pad 'D88:1' at (376555000, 143512500) using coordinate system rotated by 0 degree(s)
13:36:30: [INFO] Adding track segment (B.Cu): [(357505000, 143512500), (376555000, 143512500)]
13:36:30: [INFO] Routing pad 'D88:1' at (376555000, 143512500) with pad 'D89:1' at (395605000, 143512500) using coordinate system rotated by 0 degree(s)
13:36:30: [INFO] Adding track segment (B.Cu): [(376555000, 143512500), (395605000, 143512500)]
13:36:30: [INFO] Routing pad 'D89:1' at (395605000, 143512500) with pad 'D90:1' at (414655000, 143512500) using coordinate system rotated by 0 degree(s)
13:36:30: [INFO] Adding track segment (B.Cu): [(395605000, 143512500), (414655000, 143512500)]
13:36:30: [INFO] Routing pad 'D90:1' at (414655000, 143512500) with pad 'D91:1' at (433705000, 143512500) using coordinate system rotated by 0 degree(s)
13:36:30: [INFO] Adding track segment (B.Cu): [(414655000, 143512500), (433705000, 143512500)]
13:36:30: [INFO] Routing COL7 pads
13:36:30: [INFO] Routing pad 'SW25:1' at (229552500, 97472500) with pad 'SW33:1' at (220027500, 116522500) using coordinate system rotated by 0 degree(s)
13:36:30: [INFO] Adding track segment (F.Cu): [(229552500, 97472500), (229552500, 106997500)]
13:36:30: [INFO] Adding track segment (F.Cu): [(229552500, 106997500), (220027500, 116522500)]
13:36:30: [INFO] Routing pad 'SW8:1' at (215265000, 59372500) with pad 'SW48:1' at (224790000, 35560000) using coordinate system rotated by 0 degree(s)
13:36:30: [INFO] Adding track segment (F.Cu): [(215265000, 59372500), (224790000, 49847500)]
13:36:30: [INFO] Adding track segment (F.Cu): [(224790000, 49847500), (224790000, 35560000)]
13:36:30: [INFO] Routing pad 'SW8:1' at (215265000, 59372500) with pad 'SW17:1' at (224790000, 78422500) using coordinate system rotated by 0 degree(s)
13:36:30: [INFO] Adding track segment (F.Cu): [(215265000, 59372500), (215265000, 68897500)]
13:36:30: [INFO] Adding track segment (F.Cu): [(215265000, 68897500), (224790000, 78422500)]
13:36:30: [INFO] Routing pad 'SW33:1' at (220027500, 116522500) with pad 'SW41:1' at (227171250, 135572500) using coordinate system rotated by 0 degree(s)
13:36:30: [INFO] Adding track segment (F.Cu): [(220027500, 116522500), (220027500, 128428750)]
13:36:30: [INFO] Adding track segment (F.Cu): [(220027500, 128428750), (227171250, 135572500)]
13:36:30: [INFO] Routing pad 'SW17:1' at (224790000, 78422500) with pad 'SW25:1' at (229552500, 97472500) using coordinate system rotated by 0 degree(s)
13:36:30: [INFO] Adding track segment (F.Cu): [(224790000, 78422500), (224790000, 92710000)]
13:36:30: [INFO] Adding track segment (F.Cu): [(224790000, 92710000), (229552500, 97472500)]
13:36:30: [INFO] Routing pad 'SW25:1' at (229552500, 97472500) with pad 'SW75:1' at (393858750, 97472500) using coordinate system rotated by 0 degree(s)
13:36:30: [INFO] Adding track segment (F.Cu): [(229552500, 97472500), (393858750, 97472500)]
13:36:30: [INFO] Could not add track segment due to detected collision
13:36:30: [INFO] Routing pad 'SW66:1' at (401002500, 78422500) with pad 'SW57a:1' at (396240000, 59372500) using coordinate system rotated by 0 degree(s)
13:36:30: [INFO] Routing pad 'SW66a:1' at (403383750, 87947500) with pad 'SW66:1' at (401002500, 78422500) using coordinate system rotated by 0 degree(s)
13:36:30: [INFO] Routing pad 'SW75:1' at (393858750, 97472500) with pad 'SW66a:1' at (403383750, 87947500) using coordinate system rotated by 0 degree(s)
13:36:30: [INFO] Adding track segment (F.Cu): [(393858750, 97472500), (393858750, 97472500)]
13:36:30: [INFO] Adding track segment (F.Cu): [(393858750, 97472500), (403383750, 87947500)]
13:36:30: [INFO] Routing pad 'SW57:1' at (405765000, 59372500) with pad 'SW98:1' at (405765000, 35560000) using coordinate system rotated by 0 degree(s)
13:36:30: [INFO] Adding track segment (F.Cu): [(405765000, 59372500), (405765000, 35560000)]
13:36:30: [INFO] Routing pad 'SW57a:1' at (396240000, 59372500) with pad 'SW57:1' at (405765000, 59372500) using coordinate system rotated by 0 degree(s)
13:36:30: [INFO] Adding track segment (F.Cu): [(396240000, 59372500), (405765000, 59372500)]
13:36:30: [INFO] Routing pad 'SW75:1' at (393858750, 97472500) with pad 'SW83:1' at (405765000, 116522500) using coordinate system rotated by 0 degree(s)
13:36:30: [INFO] Adding track segment (F.Cu): [(393858750, 97472500), (393858750, 104616250)]
13:36:30: [INFO] Adding track segment (F.Cu): [(393858750, 104616250), (405765000, 116522500)]
13:36:30: [INFO] Routing pad 'SW83:1' at (405765000, 116522500) with pad 'SW90:1' at (405765000, 135572500) using coordinate system rotated by 0 degree(s)
13:36:30: [INFO] Adding track segment (F.Cu): [(405765000, 116522500), (405765000, 135572500)]
13:36:30: [INFO] Could not add track segment due to detected collision
13:36:30: [INFO] Routing ROW11 pads
13:36:30: [INFO] Routing pad 'D92:1' at (290830000, 43500000) with pad 'D93:1' at (309880000, 43500000) using coordinate system rotated by 0 degree(s)
13:36:30: [INFO] Adding track segment (B.Cu): [(290830000, 43500000), (309880000, 43500000)]
13:36:30: [INFO] Routing pad 'D93:1' at (309880000, 43500000) with pad 'D94:1' at (333692500, 43500000) using coordinate system rotated by 0 degree(s)
13:36:30: [INFO] Adding track segment (B.Cu): [(309880000, 43500000), (333692500, 43500000)]
13:36:30: [INFO] Routing pad 'D94:1' at (333692500, 43500000) with pad 'D95:1' at (352742500, 43500000) using coordinate system rotated by 0 degree(s)
13:36:30: [INFO] Adding track segment (B.Cu): [(333692500, 43500000), (352742500, 43500000)]
13:36:30: [INFO] Routing pad 'D95:1' at (352742500, 43500000) with pad 'D96:1' at (371792500, 43500000) using coordinate system rotated by 0 degree(s)
13:36:30: [INFO] Adding track segment (B.Cu): [(352742500, 43500000), (371792500, 43500000)]
13:36:30: [INFO] Routing pad 'D96:1' at (371792500, 43500000) with pad 'D97:1' at (390842500, 43500000) using coordinate system rotated by 0 degree(s)
13:36:30: [INFO] Adding track segment (B.Cu): [(371792500, 43500000), (390842500, 43500000)]
13:36:30: [INFO] Routing pad 'D97:1' at (390842500, 43500000) with pad 'D98:1' at (414655000, 43500000) using coordinate system rotated by 0 degree(s)
13:36:30: [INFO] Adding track segment (B.Cu): [(390842500, 43500000), (414655000, 43500000)]
13:36:30: [INFO] Routing pad 'D98:1' at (414655000, 43500000) with pad 'D99:1' at (426205000, 41000000) using coordinate system rotated by 0 degree(s)
13:36:30: [INFO] Adding track segment (B.Cu): [(414655000, 43500000), (423705000, 43500000)]
13:36:30: [INFO] Adding track segment (B.Cu): [(423705000, 43500000), (426205000, 41000000)]
13:36:30: [INFO] Routing ROW0 pads
13:36:30: [INFO] Routing pad 'D1:1' at (81280000, 67312500) with pad 'D2:1' at (100330000, 67312500) using coordinate system rotated by 0 degree(s)
13:36:30: [INFO] Adding track segment (B.Cu): [(81280000, 67312500), (100330000, 67312500)]
13:36:30: [INFO] Routing pad 'D2:1' at (100330000, 67312500) with pad 'D3:1' at (128905000, 67312500) using coordinate system rotated by 0 degree(s)
13:36:30: [INFO] Adding track segment (B.Cu): [(100330000, 67312500), (128905000, 67312500)]
13:36:30: [INFO] Routing pad 'D3:1' at (128905000, 67312500) with pad 'D4:1' at (147955000, 67312500) using coordinate system rotated by 0 degree(s)
13:36:30: [INFO] Adding track segment (B.Cu): [(128905000, 67312500), (147955000, 67312500)]
13:36:30: [INFO] Routing pad 'D4:1' at (147955000, 67312500) with pad 'D5:1' at (167005000, 67312500) using coordinate system rotated by 0 degree(s)
13:36:30: [INFO] Adding track segment (B.Cu): [(147955000, 67312500), (167005000, 67312500)]
13:36:30: [INFO] Routing pad 'D5:1' at (167005000, 67312500) with pad 'D6:1' at (186055000, 67312500) using coordinate system rotated by 0 degree(s)
13:36:30: [INFO] Adding track segment (B.Cu): [(167005000, 67312500), (186055000, 67312500)]
13:36:30: [INFO] Routing pad 'D6:1' at (186055000, 67312500) with pad 'D7:1' at (205105000, 67312500) using coordinate system rotated by 0 degree(s)
13:36:30: [INFO] Adding track segment (B.Cu): [(186055000, 67312500), (205105000, 67312500)]
13:36:30: [INFO] Routing pad 'D7:1' at (205105000, 67312500) with pad 'D8:1' at (224155000, 67312500) using coordinate system rotated by 0 degree(s)
13:36:30: [INFO] Adding track segment (B.Cu): [(205105000, 67312500), (224155000, 67312500)]
13:36:30: [INFO] Routing pad 'D8:1' at (224155000, 67312500) with pad 'D9:1' at (243205000, 67312500) using coordinate system rotated by 0 degree(s)
13:36:30: [INFO] Adding track segment (B.Cu): [(224155000, 67312500), (243205000, 67312500)]
13:36:30: [INFO] Routing COL0 pads
13:36:30: [INFO] Routing pad 'SW42:S1' at (83200000, 40600000) with pad 'SW1:1' at (72390000, 59372500) using coordinate system rotated by 0 degree(s)
13:36:30: [INFO] Adding track segment (F.Cu): [(83200000, 40600000), (83200000, 48562500)]
13:36:30: [INFO] Adding track segment (F.Cu): [(83200000, 48562500), (72390000, 59372500)]
13:36:30: [INFO] Routing pad 'SW1:1' at (72390000, 59372500) with pad 'SW10:1' at (72390000, 78422500) using coordinate system rotated by 0 degree(s)
13:36:30: [INFO] Adding track segment (F.Cu): [(72390000, 59372500), (72390000, 78422500)]
13:36:30: [INFO] Routing pad 'SW10:1' at (72390000, 78422500) with pad 'SW18:1' at (72390000, 97472500) using coordinate system rotated by 0 degree(s)
13:36:30: [INFO] Adding track segment (F.Cu): [(72390000, 78422500), (72390000, 97472500)]
13:36:30: [INFO] Routing pad 'SW18:1' at (72390000, 97472500) with pad 'SW26:1' at (72390000, 116522500) using coordinate system rotated by 0 degree(s)
13:36:30: [INFO] Adding track segment (F.Cu): [(72390000, 97472500), (72390000, 116522500)]
13:36:30: [INFO] Routing pad 'SW26:1' at (72390000, 116522500) with pad 'SW35:1' at (72390000, 135572500) using coordinate system rotated by 0 degree(s)
13:36:30: [INFO] Adding track segment (F.Cu): [(72390000, 116522500), (72390000, 135572500)]
13:36:30: [INFO] Routing pad 'SW42a:1' at (72390000, 35560000) with pad 'SW42:S1' at (83200000, 40600000) using coordinate system rotated by 0 degree(s)
13:36:30: [INFO] Routing pad 'SW42:S1' at (83200000, 40600000) with pad 'SW59:1' at (262890000, 78422500) using coordinate system rotated by 0 degree(s)
13:36:30: [INFO] Routing pad 'SW59:1' at (262890000, 78422500) with pad 'SW68:1' at (267652500, 97472500) using coordinate system rotated by 0 degree(s)
13:36:31: [INFO] Adding track segment (F.Cu): [(262890000, 78422500), (262890000, 92710000)]
13:36:31: [INFO] Adding track segment (F.Cu): [(262890000, 92710000), (267652500, 97472500)]
13:36:31: [INFO] Routing pad 'SW59:1' at (262890000, 78422500) with pad 'SW50:1' at (272415000, 59372500) using coordinate system rotated by 0 degree(s)
13:36:31: [INFO] Adding track segment (F.Cu): [(262890000, 78422500), (272415000, 68897500)]
13:36:31: [INFO] Adding track segment (F.Cu): [(272415000, 68897500), (272415000, 59372500)]
13:36:31: [INFO] Routing pad 'SW68:1' at (267652500, 97472500) with pad 'SW77:1' at (277177500, 116522500) using coordinate system rotated by 0 degree(s)
13:36:31: [INFO] Adding track segment (F.Cu): [(267652500, 97472500), (267652500, 106997500)]
13:36:31: [INFO] Adding track segment (F.Cu): [(267652500, 106997500), (277177500, 116522500)]
13:36:31: [INFO] Routing ROW5 pads
13:36:31: [INFO] Routing pad 'D42:1' at (73780000, 41000000) with pad 'D43:1' at (128905000, 43500000) using coordinate system rotated by 0 degree(s)
13:36:31: [INFO] Routing pad 'D43:1' at (128905000, 43500000) with pad 'D44:1' at (152717500, 43500000) using coordinate system rotated by 0 degree(s)
13:36:31: [INFO] Adding track segment (B.Cu): [(128905000, 43500000), (152717500, 43500000)]
13:36:31: [INFO] Routing pad 'D44:1' at (152717500, 43500000) with pad 'D45:1' at (171767500, 43500000) using coordinate system rotated by 0 degree(s)
13:36:31: [INFO] Adding track segment (B.Cu): [(152717500, 43500000), (171767500, 43500000)]
13:36:31: [INFO] Routing pad 'D45:1' at (171767500, 43500000) with pad 'D46:1' at (190817500, 43500000) using coordinate system rotated by 0 degree(s)
13:36:31: [INFO] Adding track segment (B.Cu): [(171767500, 43500000), (190817500, 43500000)]
13:36:31: [INFO] Routing pad 'D46:1' at (190817500, 43500000) with pad 'D47:1' at (209867500, 43500000) using coordinate system rotated by 0 degree(s)
13:36:31: [INFO] Adding track segment (B.Cu): [(190817500, 43500000), (209867500, 43500000)]
13:36:31: [INFO] Routing pad 'D47:1' at (209867500, 43500000) with pad 'D48:1' at (233680000, 43500000) using coordinate system rotated by 0 degree(s)
13:36:31: [INFO] Adding track segment (B.Cu): [(209867500, 43500000), (233680000, 43500000)]
13:36:31: [INFO] Routing pad 'D48:1' at (233680000, 43500000) with pad 'D49:1' at (252730000, 43500000) using coordinate system rotated by 0 degree(s)
13:36:31: [INFO] Adding track segment (B.Cu): [(233680000, 43500000), (252730000, 43500000)]
13:36:31: [INFO] Routing COL2 pads
13:36:31: [INFO] Routing pad 'SW43:1' at (120015000, 35560000) with pad 'SW3:1' at (120015000, 59372500) using coordinate system rotated by 0 degree(s)
13:36:31: [INFO] Adding track segment (F.Cu): [(120015000, 35560000), (120015000, 59372500)]
13:36:31: [INFO] Routing pad 'SW20:1' at (127158750, 97472500) with pad 'SW28a:1' at (122396250, 116522500) using coordinate system rotated by 0 degree(s)
13:36:31: [INFO] Adding track segment (F.Cu): [(127158750, 97472500), (127158750, 111760000)]
13:36:31: [INFO] Adding track segment (F.Cu): [(127158750, 111760000), (122396250, 116522500)]
13:36:31: [INFO] Routing pad 'SW28a:1' at (122396250, 116522500) with pad 'SW37:1' at (122396250, 135572500) using coordinate system rotated by 0 degree(s)
13:36:31: [INFO] Adding track segment (F.Cu): [(122396250, 116522500), (122396250, 135572500)]
13:36:31: [INFO] Could not add track segment due to detected collision
13:36:31: [INFO] Routing pad 'SW3:1' at (120015000, 59372500) with pad 'SW12:1' at (124777500, 78422500) using coordinate system rotated by 0 degree(s)
13:36:31: [INFO] Adding track segment (F.Cu): [(120015000, 59372500), (120015000, 73660000)]
13:36:31: [INFO] Adding track segment (F.Cu): [(120015000, 73660000), (124777500, 78422500)]
13:36:31: [INFO] Routing pad 'SW12:1' at (124777500, 78422500) with pad 'SW20:1' at (127158750, 97472500) using coordinate system rotated by 0 degree(s)
13:36:31: [INFO] Adding track segment (F.Cu): [(124777500, 78422500), (124777500, 95091250)]
13:36:31: [INFO] Adding track segment (F.Cu): [(124777500, 95091250), (127158750, 97472500)]
13:36:31: [INFO] Routing pad 'SW28a:1' at (122396250, 116522500) with pad 'SW28:1' at (131921250, 116522500) using coordinate system rotated by 0 degree(s)
13:36:31: [INFO] Adding track segment (F.Cu): [(122396250, 116522500), (131921250, 116522500)]
13:36:31: [INFO] Routing pad 'SW52:1' at (310515000, 59372500) with pad 'SW93:1' at (300990000, 35560000) using coordinate system rotated by 0 degree(s)
13:36:31: [INFO] Adding track segment (F.Cu): [(310515000, 59372500), (300990000, 49847500)]
13:36:31: [INFO] Adding track segment (F.Cu): [(300990000, 49847500), (300990000, 35560000)]
13:36:31: [INFO] Routing pad 'SW28:1' at (131921250, 116522500) with pad 'SW61:1' at (300990000, 78422500) using coordinate system rotated by 0 degree(s)
13:36:31: [INFO] Routing pad 'SW61:1' at (300990000, 78422500) with pad 'SW70:1' at (305752500, 97472500) using coordinate system rotated by 0 degree(s)
13:36:31: [INFO] Adding track segment (F.Cu): [(300990000, 78422500), (300990000, 92710000)]
13:36:31: [INFO] Adding track segment (F.Cu): [(300990000, 92710000), (305752500, 97472500)]
13:36:31: [INFO] Routing pad 'SW61:1' at (300990000, 78422500) with pad 'SW52:1' at (310515000, 59372500) using coordinate system rotated by 0 degree(s)
13:36:31: [INFO] Adding track segment (F.Cu): [(300990000, 78422500), (310515000, 68897500)]
13:36:31: [INFO] Adding track segment (F.Cu): [(310515000, 68897500), (310515000, 59372500)]
13:36:31: [INFO] Routing pad 'SW70:1' at (305752500, 97472500) with pad 'SW79:1' at (315277500, 116522500) using coordinate system rotated by 0 degree(s)
13:36:31: [INFO] Adding track segment (F.Cu): [(305752500, 97472500), (305752500, 106997500)]
13:36:31: [INFO] Adding track segment (F.Cu): [(305752500, 106997500), (315277500, 116522500)]
13:36:31: [INFO] Routing pad 'SW79:1' at (315277500, 116522500) with pad 'SW86:1' at (329565000, 135572500) using coordinate system rotated by 0 degree(s)
13:36:31: [INFO] Adding track segment (F.Cu): [(315277500, 116522500), (315277500, 121285000)]
13:36:31: [INFO] Adding track segment (F.Cu): [(315277500, 121285000), (329565000, 135572500)]
13:36:31: [INFO] Routing pad 'SW86:1' at (329565000, 135572500) with pad 'SW86a:1' at (331946250, 135572500) using coordinate system rotated by 0 degree(s)
13:36:31: [INFO] Adding track segment (F.Cu): [(329565000, 135572500), (331946250, 135572500)]
13:36:31: [INFO] Routing COL1 pads
13:36:31: [INFO] Routing pad 'SW2:1' at (91440000, 59372500) with pad 'SW11:1' at (91440000, 78422500) using coordinate system rotated by 0 degree(s)
13:36:31: [INFO] Adding track segment (F.Cu): [(91440000, 59372500), (91440000, 78422500)]
13:36:31: [INFO] Routing pad 'SW11:1' at (91440000, 78422500) with pad 'SW19:1' at (91440000, 97472500) using coordinate system rotated by 0 degree(s)
13:36:31: [INFO] Adding track segment (F.Cu): [(91440000, 78422500), (91440000, 97472500)]
13:36:31: [INFO] Routing pad 'SW19:1' at (91440000, 97472500) with pad 'SW27:1' at (91440000, 116522500) using coordinate system rotated by 0 degree(s)
13:36:31: [INFO] Adding track segment (F.Cu): [(91440000, 97472500), (91440000, 116522500)]
13:36:31: [INFO] Routing pad 'SW27:1' at (91440000, 116522500) with pad 'SW36:1' at (91440000, 135572500) using coordinate system rotated by 0 degree(s)
13:36:31: [INFO] Adding track segment (F.Cu): [(91440000, 116522500), (91440000, 135572500)]
13:36:31: [INFO] Routing pad 'SW51:1' at (291465000, 59372500) with pad 'SW92:1' at (281940000, 35560000) using coordinate system rotated by 0 degree(s)
13:36:31: [INFO] Adding track segment (F.Cu): [(291465000, 59372500), (281940000, 49847500)]
13:36:31: [INFO] Adding track segment (F.Cu): [(281940000, 49847500), (281940000, 35560000)]
13:36:31: [INFO] Routing pad 'SW11:1' at (91440000, 78422500) with pad 'SW60:1' at (281940000, 78422500) using coordinate system rotated by 0 degree(s)
13:36:31: [INFO] Adding track segment (F.Cu): [(91440000, 78422500), (281940000, 78422500)]
13:36:31: [INFO] Could not add track segment due to detected collision
13:36:31: [INFO] Routing pad 'SW60:1' at (281940000, 78422500) with pad 'SW69:1' at (286702500, 97472500) using coordinate system rotated by 0 degree(s)
13:36:31: [INFO] Adding track segment (F.Cu): [(281940000, 78422500), (281940000, 92710000)]
13:36:31: [INFO] Adding track segment (F.Cu): [(281940000, 92710000), (286702500, 97472500)]
13:36:31: [INFO] Routing pad 'SW60:1' at (281940000, 78422500) with pad 'SW51:1' at (291465000, 59372500) using coordinate system rotated by 0 degree(s)
13:36:31: [INFO] Adding track segment (F.Cu): [(281940000, 78422500), (291465000, 68897500)]
13:36:31: [INFO] Adding track segment (F.Cu): [(291465000, 68897500), (291465000, 59372500)]
13:36:31: [INFO] Routing pad 'SW78:1' at (296227500, 116522500) with pad 'SW85:1' at (293846250, 135572500) using coordinate system rotated by 0 degree(s)
13:36:31: [INFO] Adding track segment (F.Cu): [(296227500, 116522500), (296227500, 133191250)]
13:36:31: [INFO] Adding track segment (F.Cu): [(296227500, 133191250), (293846250, 135572500)]
13:36:31: [INFO] Routing pad 'SW69:1' at (286702500, 97472500) with pad 'SW78:1' at (296227500, 116522500) using coordinate system rotated by 0 degree(s)
13:36:31: [INFO] Adding track segment (F.Cu): [(286702500, 97472500), (286702500, 106997500)]
13:36:31: [INFO] Adding track segment (F.Cu): [(286702500, 106997500), (296227500, 116522500)]
13:36:31: [INFO] Routing ROW8 pads
13:36:31: [INFO] Routing pad 'D68:1' at (276542500, 105412500) with pad 'D69:1' at (295592500, 105412500) using coordinate system rotated by 0 degree(s)
13:36:31: [INFO] Adding track segment (B.Cu): [(276542500, 105412500), (295592500, 105412500)]
13:36:31: [INFO] Routing pad 'D69:1' at (295592500, 105412500) with pad 'D70:1' at (314642500, 105412500) using coordinate system rotated by 0 degree(s)
13:36:31: [INFO] Adding track segment (B.Cu): [(295592500, 105412500), (314642500, 105412500)]
13:36:31: [INFO] Routing pad 'D70:1' at (314642500, 105412500) with pad 'D71:1' at (333692500, 105412500) using coordinate system rotated by 0 degree(s)
13:36:31: [INFO] Adding track segment (B.Cu): [(314642500, 105412500), (333692500, 105412500)]
13:36:31: [INFO] Routing pad 'D71:1' at (333692500, 105412500) with pad 'D72:1' at (352742500, 105412500) using coordinate system rotated by 0 degree(s)
13:36:31: [INFO] Adding track segment (B.Cu): [(333692500, 105412500), (352742500, 105412500)]
13:36:31: [INFO] Routing pad 'D72:1' at (352742500, 105412500) with pad 'D73:1' at (371792500, 105412500) using coordinate system rotated by 0 degree(s)
13:36:31: [INFO] Adding track segment (B.Cu): [(352742500, 105412500), (371792500, 105412500)]
13:36:31: [INFO] Routing pad 'D73:1' at (371792500, 105412500) with pad 'D74:1' at (390842500, 105412500) using coordinate system rotated by 0 degree(s)
13:36:31: [INFO] Adding track segment (B.Cu): [(371792500, 105412500), (390842500, 105412500)]
13:36:31: [INFO] Routing pad 'D74:1' at (390842500, 105412500) with pad 'D75:1' at (402748750, 105412500) using coordinate system rotated by 0 degree(s)
13:36:31: [INFO] Adding track segment (B.Cu): [(390842500, 105412500), (402748750, 105412500)]
13:36:31: [INFO] Routing pad 'D75:1' at (402748750, 105412500) with pad 'D76:1' at (433705000, 105412500) using coordinate system rotated by 0 degree(s)
13:36:31: [INFO] Adding track segment (B.Cu): [(402748750, 105412500), (433705000, 105412500)]
13:36:31: [INFO] Routing COL4 pads
13:36:31: [INFO] Routing pad 'SW5:1' at (158115000, 59372500) with pad 'SW45:1' at (162877500, 35560000) using coordinate system rotated by 0 degree(s)
13:36:31: [INFO] Adding track segment (F.Cu): [(158115000, 59372500), (162877500, 54610000)]
13:36:31: [INFO] Adding track segment (F.Cu): [(162877500, 54610000), (162877500, 35560000)]
13:36:31: [INFO] Routing pad 'SW22:1' at (172402500, 97472500) with pad 'SW30:1' at (162877500, 116522500) using coordinate system rotated by 0 degree(s)
13:36:31: [INFO] Adding track segment (F.Cu): [(172402500, 97472500), (172402500, 106997500)]
13:36:31: [INFO] Adding track segment (F.Cu): [(172402500, 106997500), (162877500, 116522500)]
13:36:31: [INFO] Routing pad 'SW5:1' at (158115000, 59372500) with pad 'SW14:1' at (167640000, 78422500) using coordinate system rotated by 0 degree(s)
13:36:31: [INFO] Adding track segment (F.Cu): [(158115000, 59372500), (158115000, 68897500)]
13:36:31: [INFO] Adding track segment (F.Cu): [(158115000, 68897500), (167640000, 78422500)]
13:36:31: [INFO] Routing pad 'SW30:1' at (162877500, 116522500) with pad 'SW39:1' at (170021250, 135572500) using coordinate system rotated by 0 degree(s)
13:36:31: [INFO] Adding track segment (F.Cu): [(162877500, 116522500), (162877500, 128428750)]
13:36:31: [INFO] Adding track segment (F.Cu): [(162877500, 128428750), (170021250, 135572500)]
13:36:31: [INFO] Routing pad 'SW14:1' at (167640000, 78422500) with pad 'SW22:1' at (172402500, 97472500) using coordinate system rotated by 0 degree(s)
13:36:31: [INFO] Adding track segment (F.Cu): [(167640000, 78422500), (167640000, 92710000)]
13:36:31: [INFO] Adding track segment (F.Cu): [(167640000, 92710000), (172402500, 97472500)]
13:36:31: [INFO] Routing pad 'SW22:1' at (172402500, 97472500) with pad 'SW63:1' at (339090000, 78422500) using coordinate system rotated by 0 degree(s)
13:36:31: [INFO] Routing pad 'SW54:1' at (348615000, 59372500) with pad 'SW95:1' at (343852500, 35560000) using coordinate system rotated by 0 degree(s)
13:36:31: [INFO] Adding track segment (F.Cu): [(348615000, 59372500), (343852500, 54610000)]
13:36:31: [INFO] Adding track segment (F.Cu): [(343852500, 54610000), (343852500, 35560000)]
13:36:31: [INFO] Routing pad 'SW63:1' at (339090000, 78422500) with pad 'SW72:1' at (343852500, 97472500) using coordinate system rotated by 0 degree(s)
13:36:31: [INFO] Adding track segment (F.Cu): [(339090000, 78422500), (339090000, 92710000)]
13:36:31: [INFO] Adding track segment (F.Cu): [(339090000, 92710000), (343852500, 97472500)]
13:36:31: [INFO] Routing pad 'SW63:1' at (339090000, 78422500) with pad 'SW54:1' at (348615000, 59372500) using coordinate system rotated by 0 degree(s)
13:36:31: [INFO] Adding track segment (F.Cu): [(339090000, 78422500), (348615000, 68897500)]
13:36:31: [INFO] Adding track segment (F.Cu): [(348615000, 68897500), (348615000, 59372500)]
13:36:31: [INFO] Routing pad 'SW72:1' at (343852500, 97472500) with pad 'SW81:1' at (353377500, 116522500) using coordinate system rotated by 0 degree(s)
13:36:32: [INFO] Adding track segment (F.Cu): [(343852500, 97472500), (343852500, 106997500)]
13:36:32: [INFO] Adding track segment (F.Cu): [(343852500, 106997500), (353377500, 116522500)]
13:36:32: [INFO] Routing pad 'SW81:1' at (353377500, 116522500) with pad 'SW88:1' at (367665000, 135572500) using coordinate system rotated by 0 degree(s)
13:36:32: [INFO] Adding track segment (F.Cu): [(353377500, 116522500), (353377500, 121285000)]
13:36:32: [INFO] Adding track segment (F.Cu): [(353377500, 121285000), (367665000, 135572500)]
13:36:32: [INFO] Routing ROW6 pads
13:36:32: [INFO] Routing pad 'D50:1' at (281305000, 67312500) with pad 'D51:1' at (300355000, 67312500) using coordinate system rotated by 0 degree(s)
13:36:32: [INFO] Adding track segment (B.Cu): [(281305000, 67312500), (300355000, 67312500)]
13:36:32: [INFO] Routing pad 'D51:1' at (300355000, 67312500) with pad 'D52:1' at (319405000, 67312500) using coordinate system rotated by 0 degree(s)
13:36:32: [INFO] Adding track segment (B.Cu): [(300355000, 67312500), (319405000, 67312500)]
13:36:32: [INFO] Routing pad 'D52:1' at (319405000, 67312500) with pad 'D53:1' at (338455000, 67312500) using coordinate system rotated by 0 degree(s)
13:36:32: [INFO] Adding track segment (B.Cu): [(319405000, 67312500), (338455000, 67312500)]
13:36:32: [INFO] Routing pad 'D53:1' at (338455000, 67312500) with pad 'D54:1' at (357505000, 67312500) using coordinate system rotated by 0 degree(s)
13:36:32: [INFO] Adding track segment (B.Cu): [(338455000, 67312500), (357505000, 67312500)]
13:36:32: [INFO] Routing pad 'D54:1' at (357505000, 67312500) with pad 'D55:1' at (376555000, 67312500) using coordinate system rotated by 0 degree(s)
13:36:32: [INFO] Adding track segment (B.Cu): [(357505000, 67312500), (376555000, 67312500)]
13:36:32: [INFO] Routing pad 'D55:1' at (376555000, 67312500) with pad 'D56:1' at (395605000, 67312500) using coordinate system rotated by 0 degree(s)
13:36:32: [INFO] Adding track segment (B.Cu): [(376555000, 67312500), (395605000, 67312500)]
13:36:32: [INFO] Routing pad 'D56:1' at (395605000, 67312500) with pad 'D57:1' at (414655000, 67312500) using coordinate system rotated by 0 degree(s)
13:36:32: [INFO] Adding track segment (B.Cu): [(395605000, 67312500), (414655000, 67312500)]
13:36:32: [INFO] Routing pad 'D57:1' at (414655000, 67312500) with pad 'D58:1' at (433705000, 67312500) using coordinate system rotated by 0 degree(s)
13:36:32: [INFO] Adding track segment (B.Cu): [(414655000, 67312500), (433705000, 67312500)]
13:36:32: [INFO] Routing COL6 pads
13:36:32: [INFO] Routing pad 'SW7:1' at (196215000, 59372500) with pad 'SW47:1' at (200977500, 35560000) using coordinate system rotated by 0 degree(s)
13:36:32: [INFO] Adding track segment (F.Cu): [(196215000, 59372500), (200977500, 54610000)]
13:36:32: [INFO] Adding track segment (F.Cu): [(200977500, 54610000), (200977500, 35560000)]
13:36:32: [INFO] Routing pad 'SW24:1' at (210502500, 97472500) with pad 'SW32:1' at (200977500, 116522500) using coordinate system rotated by 0 degree(s)
13:36:32: [INFO] Adding track segment (F.Cu): [(210502500, 97472500), (210502500, 106997500)]
13:36:32: [INFO] Adding track segment (F.Cu): [(210502500, 106997500), (200977500, 116522500)]
13:36:32: [INFO] Routing pad 'SW7:1' at (196215000, 59372500) with pad 'SW16:1' at (205740000, 78422500) using coordinate system rotated by 0 degree(s)
13:36:32: [INFO] Adding track segment (F.Cu): [(196215000, 59372500), (196215000, 68897500)]
13:36:32: [INFO] Adding track segment (F.Cu): [(196215000, 68897500), (205740000, 78422500)]
13:36:32: [INFO] Routing pad 'SW16:1' at (205740000, 78422500) with pad 'SW24:1' at (210502500, 97472500) using coordinate system rotated by 0 degree(s)
13:36:32: [INFO] Adding track segment (F.Cu): [(205740000, 78422500), (205740000, 92710000)]
13:36:32: [INFO] Adding track segment (F.Cu): [(205740000, 92710000), (210502500, 97472500)]
13:36:32: [INFO] Routing pad 'SW24:1' at (210502500, 97472500) with pad 'SW65:1' at (377190000, 78422500) using coordinate system rotated by 0 degree(s)
13:36:32: [INFO] Routing pad 'SW74:1' at (381952500, 97472500) with pad 'SW82:1' at (379571250, 116522500) using coordinate system rotated by 0 degree(s)
13:36:32: [INFO] Routing pad 'SW56:1' at (386715000, 59372500) with pad 'SW97:1' at (381952500, 35560000) using coordinate system rotated by 0 degree(s)
13:36:32: [INFO] Adding track segment (F.Cu): [(386715000, 59372500), (381952500, 54610000)]
13:36:32: [INFO] Adding track segment (F.Cu): [(381952500, 54610000), (381952500, 35560000)]
13:36:32: [INFO] Routing pad 'SW65:1' at (377190000, 78422500) with pad 'SW74:1' at (381952500, 97472500) using coordinate system rotated by 0 degree(s)
13:36:32: [INFO] Adding track segment (F.Cu): [(377190000, 78422500), (377190000, 92710000)]
13:36:32: [INFO] Adding track segment (F.Cu): [(377190000, 92710000), (381952500, 97472500)]
13:36:32: [INFO] Routing pad 'SW65:1' at (377190000, 78422500) with pad 'SW56:1' at (386715000, 59372500) using coordinate system rotated by 0 degree(s)
13:36:32: [INFO] Routing pad 'SW82a:1' at (389096250, 116522500) with pad 'SW89:1' at (386715000, 135572500) using coordinate system rotated by 0 degree(s)
13:36:32: [INFO] Routing pad 'SW82:1' at (379571250, 116522500) with pad 'SW82a:1' at (389096250, 116522500) using coordinate system rotated by 0 degree(s)
13:36:32: [INFO] Adding track segment (F.Cu): [(379571250, 116522500), (389096250, 116522500)]
13:36:32: [INFO] Routing ROW1 pads
13:36:32: [INFO] Routing pad 'D10:1' at (81280000, 86362500) with pad 'D11:1' at (100330000, 86362500) using coordinate system rotated by 0 degree(s)
13:36:32: [INFO] Adding track segment (B.Cu): [(81280000, 86362500), (100330000, 86362500)]
13:36:32: [INFO] Routing pad 'D11:1' at (100330000, 86362500) with pad 'D12:1' at (133667500, 86362500) using coordinate system rotated by 0 degree(s)
13:36:32: [INFO] Adding track segment (B.Cu): [(100330000, 86362500), (133667500, 86362500)]
13:36:32: [INFO] Routing pad 'D12:1' at (133667500, 86362500) with pad 'D13:1' at (157480000, 86362500) using coordinate system rotated by 0 degree(s)
13:36:32: [INFO] Adding track segment (B.Cu): [(133667500, 86362500), (157480000, 86362500)]
13:36:32: [INFO] Routing pad 'D13:1' at (157480000, 86362500) with pad 'D14:1' at (176530000, 86362500) using coordinate system rotated by 0 degree(s)
13:36:32: [INFO] Adding track segment (B.Cu): [(157480000, 86362500), (176530000, 86362500)]
13:36:32: [INFO] Routing pad 'D14:1' at (176530000, 86362500) with pad 'D15:1' at (195580000, 86362500) using coordinate system rotated by 0 degree(s)
13:36:32: [INFO] Adding track segment (B.Cu): [(176530000, 86362500), (195580000, 86362500)]
13:36:32: [INFO] Routing pad 'D15:1' at (195580000, 86362500) with pad 'D16:1' at (214630000, 86362500) using coordinate system rotated by 0 degree(s)
13:36:32: [INFO] Adding track segment (B.Cu): [(195580000, 86362500), (214630000, 86362500)]
13:36:32: [INFO] Routing pad 'D16:1' at (214630000, 86362500) with pad 'D17:1' at (233680000, 86362500) using coordinate system rotated by 0 degree(s)
13:36:32: [INFO] Adding track segment (B.Cu): [(214630000, 86362500), (233680000, 86362500)]
13:36:32: [INFO] Routing COL8 pads
13:36:32: [INFO] Routing pad 'SW9:1' at (234315000, 59372500) with pad 'SW34:1' at (239077500, 116522500) using coordinate system rotated by 0 degree(s)
13:36:32: [INFO] Routing pad 'SW9:1' at (234315000, 59372500) with pad 'SW49:1' at (243840000, 35560000) using coordinate system rotated by 0 degree(s)
13:36:32: [INFO] Adding track segment (F.Cu): [(234315000, 59372500), (243840000, 49847500)]
13:36:32: [INFO] Adding track segment (F.Cu): [(243840000, 49847500), (243840000, 35560000)]
13:36:32: [INFO] Routing pad 'SW49:1' at (243840000, 35560000) with pad 'SW99a:1' at (424815000, 35560000) using coordinate system rotated by 0 degree(s)
13:36:32: [INFO] Adding track segment (F.Cu): [(243840000, 35560000), (424815000, 35560000)]
13:36:32: [INFO] Could not add track segment due to detected collision
13:36:32: [INFO] Routing pad 'SW99:S1' at (435625000, 40600000) with pad 'SW58:1' at (424815000, 59372500) using coordinate system rotated by 0 degree(s)
13:36:32: [INFO] Adding track segment (F.Cu): [(435625000, 40600000), (435625000, 48562500)]
13:36:32: [INFO] Adding track segment (F.Cu): [(435625000, 48562500), (424815000, 59372500)]
13:36:32: [INFO] Routing pad 'SW58:1' at (424815000, 59372500) with pad 'SW67:1' at (424815000, 78422500) using coordinate system rotated by 0 degree(s)
13:36:32: [INFO] Adding track segment (F.Cu): [(424815000, 59372500), (424815000, 78422500)]
13:36:32: [INFO] Routing pad 'SW67:1' at (424815000, 78422500) with pad 'SW76:1' at (424815000, 97472500) using coordinate system rotated by 0 degree(s)
13:36:32: [INFO] Adding track segment (F.Cu): [(424815000, 78422500), (424815000, 97472500)]
13:36:32: [INFO] Routing pad 'SW76:1' at (424815000, 97472500) with pad 'SW84:1' at (424815000, 116522500) using coordinate system rotated by 0 degree(s)
13:36:32: [INFO] Adding track segment (F.Cu): [(424815000, 97472500), (424815000, 116522500)]
13:36:32: [INFO] Routing pad 'SW84:1' at (424815000, 116522500) with pad 'SW91:1' at (424815000, 135572500) using coordinate system rotated by 0 degree(s)
13:36:32: [INFO] Adding track segment (F.Cu): [(424815000, 116522500), (424815000, 135572500)]
13:36:32: [INFO] Routing pad 'SW99a:1' at (424815000, 35560000) with pad 'SW99:S1' at (435625000, 40600000) using coordinate system rotated by 0 degree(s)
13:36:32: [INFO] Routing ROW4 pads
13:36:32: [INFO] Routing pad 'D35:1' at (81280000, 143512500) with pad 'D36:1' at (100330000, 143512500) using coordinate system rotated by 0 degree(s)
13:36:32: [INFO] Adding track segment (B.Cu): [(81280000, 143512500), (100330000, 143512500)]
13:36:32: [INFO] Routing pad 'D36:1' at (100330000, 143512500) with pad 'D37:1' at (131286250, 143512500) using coordinate system rotated by 0 degree(s)
13:36:32: [INFO] Adding track segment (B.Cu): [(100330000, 143512500), (131286250, 143512500)]
13:36:32: [INFO] Routing pad 'D37:1' at (131286250, 143512500) with pad 'D38:1' at (155098750, 143512500) using coordinate system rotated by 0 degree(s)
13:36:32: [INFO] Adding track segment (B.Cu): [(131286250, 143512500), (155098750, 143512500)]
13:36:32: [INFO] Routing pad 'D38:1' at (155098750, 143512500) with pad 'D39:1' at (178911250, 143512500) using coordinate system rotated by 0 degree(s)
13:36:32: [INFO] Adding track segment (B.Cu): [(155098750, 143512500), (178911250, 143512500)]
13:36:32: [INFO] Routing pad 'D39:1' at (178911250, 143512500) with pad 'D40:1' at (202723750, 143512500) using coordinate system rotated by 0 degree(s)
13:36:32: [INFO] Adding track segment (B.Cu): [(178911250, 143512500), (202723750, 143512500)]
13:36:32: [INFO] Routing pad 'D40:1' at (202723750, 143512500) with pad 'D41:1' at (236061250, 143512500) using coordinate system rotated by 0 degree(s)
13:36:32: [INFO] Adding track segment (B.Cu): [(202723750, 143512500), (236061250, 143512500)]
13:36:32: [INFO] Routing ROW9 pads
13:36:32: [INFO] Routing pad 'D77:1' at (286067500, 124462500) with pad 'D78:1' at (305117500, 124462500) using coordinate system rotated by 0 degree(s)
13:36:32: [INFO] Adding track segment (B.Cu): [(286067500, 124462500), (305117500, 124462500)]
13:36:32: [INFO] Routing pad 'D78:1' at (305117500, 124462500) with pad 'D79:1' at (324167500, 124462500) using coordinate system rotated by 0 degree(s)
13:36:32: [INFO] Adding track segment (B.Cu): [(305117500, 124462500), (324167500, 124462500)]
13:36:32: [INFO] Routing pad 'D79:1' at (324167500, 124462500) with pad 'D80:1' at (343217500, 124462500) using coordinate system rotated by 0 degree(s)
13:36:32: [INFO] Adding track segment (B.Cu): [(324167500, 124462500), (343217500, 124462500)]
13:36:32: [INFO] Routing pad 'D80:1' at (343217500, 124462500) with pad 'D81:1' at (362267500, 124462500) using coordinate system rotated by 0 degree(s)
13:36:32: [INFO] Adding track segment (B.Cu): [(343217500, 124462500), (362267500, 124462500)]
13:36:32: [INFO] Routing pad 'D81:1' at (362267500, 124462500) with pad 'D82:1' at (388461250, 124462500) using coordinate system rotated by 0 degree(s)
13:36:32: [INFO] Adding track segment (B.Cu): [(362267500, 124462500), (388461250, 124462500)]
13:36:32: [INFO] Routing pad 'D82:1' at (388461250, 124462500) with pad 'D83:1' at (414655000, 124462500) using coordinate system rotated by 0 degree(s)
13:36:32: [INFO] Adding track segment (B.Cu): [(388461250, 124462500), (414655000, 124462500)]
13:36:32: [INFO] Routing pad 'D83:1' at (414655000, 124462500) with pad 'D84:1' at (433705000, 124462500) using coordinate system rotated by 0 degree(s)
13:36:32: [INFO] Adding track segment (B.Cu): [(414655000, 124462500), (433705000, 124462500)]
13:36:32: [INFO] Routing ROW7 pads
13:36:32: [INFO] Routing pad 'D59:1' at (271780000, 86362500) with pad 'D60:1' at (290830000, 86362500) using coordinate system rotated by 0 degree(s)
13:36:32: [INFO] Adding track segment (B.Cu): [(271780000, 86362500), (290830000, 86362500)]
13:36:32: [INFO] Routing pad 'D60:1' at (290830000, 86362500) with pad 'D61:1' at (309880000, 86362500) using coordinate system rotated by 0 degree(s)
13:36:32: [INFO] Adding track segment (B.Cu): [(290830000, 86362500), (309880000, 86362500)]
13:36:32: [INFO] Routing pad 'D61:1' at (309880000, 86362500) with pad 'D62:1' at (328930000, 86362500) using coordinate system rotated by 0 degree(s)
13:36:32: [INFO] Adding track segment (B.Cu): [(309880000, 86362500), (328930000, 86362500)]
13:36:32: [INFO] Routing pad 'D62:1' at (328930000, 86362500) with pad 'D63:1' at (347980000, 86362500) using coordinate system rotated by 0 degree(s)
13:36:32: [INFO] Adding track segment (B.Cu): [(328930000, 86362500), (347980000, 86362500)]
13:36:32: [INFO] Routing pad 'D63:1' at (347980000, 86362500) with pad 'D64:1' at (367030000, 86362500) using coordinate system rotated by 0 degree(s)
13:36:32: [INFO] Adding track segment (B.Cu): [(347980000, 86362500), (367030000, 86362500)]
13:36:32: [INFO] Routing pad 'D64:1' at (367030000, 86362500) with pad 'D65:1' at (386080000, 86362500) using coordinate system rotated by 0 degree(s)
13:36:32: [INFO] Adding track segment (B.Cu): [(367030000, 86362500), (386080000, 86362500)]
13:36:32: [INFO] Routing pad 'D65:1' at (386080000, 86362500) with pad 'D66:1' at (409892500, 86362500) using coordinate system rotated by 0 degree(s)
13:36:32: [INFO] Adding track segment (B.Cu): [(386080000, 86362500), (409892500, 86362500)]
13:36:32: [INFO] Could not add track segment due to detected collision
13:36:32: [INFO] Routing pad 'D66:1' at (409892500, 86362500) with pad 'D67:1' at (433705000, 86362500) using coordinate system rotated by 0 degree(s)
13:36:32: [INFO] Adding track segment (B.Cu): [(409892500, 86362500), (433705000, 86362500)]
13:36:32: [INFO] Could not add track segment due to detected collision
13:36:32: [INFO] Routing COL5 pads
13:36:32: [INFO] Routing pad 'SW6:1' at (177165000, 59372500) with pad 'SW46:1' at (181927500, 35560000) using coordinate system rotated by 0 degree(s)
13:36:32: [INFO] Adding track segment (F.Cu): [(177165000, 59372500), (181927500, 54610000)]
13:36:32: [INFO] Adding track segment (F.Cu): [(181927500, 54610000), (181927500, 35560000)]
13:36:32: [INFO] Routing pad 'SW23:1' at (191452500, 97472500) with pad 'SW31:1' at (181927500, 116522500) using coordinate system rotated by 0 degree(s)
13:36:32: [INFO] Adding track segment (F.Cu): [(191452500, 97472500), (191452500, 106997500)]
13:36:32: [INFO] Adding track segment (F.Cu): [(191452500, 106997500), (181927500, 116522500)]
13:36:32: [INFO] Routing pad 'SW6:1' at (177165000, 59372500) with pad 'SW15:1' at (186690000, 78422500) using coordinate system rotated by 0 degree(s)
13:36:32: [INFO] Adding track segment (F.Cu): [(177165000, 59372500), (177165000, 68897500)]
13:36:32: [INFO] Adding track segment (F.Cu): [(177165000, 68897500), (186690000, 78422500)]
13:36:32: [INFO] Routing pad 'SW15:1' at (186690000, 78422500) with pad 'SW23:1' at (191452500, 97472500) using coordinate system rotated by 0 degree(s)
13:36:32: [INFO] Adding track segment (F.Cu): [(186690000, 78422500), (186690000, 92710000)]
13:36:32: [INFO] Adding track segment (F.Cu): [(186690000, 92710000), (191452500, 97472500)]
13:36:32: [INFO] Routing pad 'SW31:1' at (181927500, 116522500) with pad 'SW40:1' at (193833750, 135572500) using coordinate system rotated by 0 degree(s)
13:36:32: [INFO] Adding track segment (F.Cu): [(181927500, 116522500), (181927500, 123666250)]
13:36:32: [INFO] Adding track segment (F.Cu): [(181927500, 123666250), (193833750, 135572500)]
13:36:32: [INFO] Routing pad 'SW23:1' at (191452500, 97472500) with pad 'SW64:1' at (358140000, 78422500) using coordinate system rotated by 0 degree(s)
13:36:32: [INFO] Routing pad 'SW55:1' at (367665000, 59372500) with pad 'SW96:1' at (362902500, 35560000) using coordinate system rotated by 0 degree(s)
13:36:32: [INFO] Adding track segment (F.Cu): [(367665000, 59372500), (362902500, 54610000)]
13:36:32: [INFO] Adding track segment (F.Cu): [(362902500, 54610000), (362902500, 35560000)]
13:36:32: [INFO] Routing pad 'SW64:1' at (358140000, 78422500) with pad 'SW73:1' at (362902500, 97472500) using coordinate system rotated by 0 degree(s)
13:36:32: [INFO] Adding track segment (F.Cu): [(358140000, 78422500), (358140000, 92710000)]
13:36:32: [INFO] Adding track segment (F.Cu): [(358140000, 92710000), (362902500, 97472500)]
13:36:32: [INFO] Routing pad 'SW64:1' at (358140000, 78422500) with pad 'SW55:1' at (367665000, 59372500) using coordinate system rotated by 0 degree(s)
13:36:32: [INFO] Adding track segment (F.Cu): [(358140000, 78422500), (367665000, 68897500)]
13:36:32: [INFO] Adding track segment (F.Cu): [(367665000, 68897500), (367665000, 59372500)]
13:36:32: [INFO] Routing ROW3 pads
13:36:32: [INFO] Routing pad 'D26:1' at (81280000, 124462500) with pad 'D27:1' at (100330000, 124462500) using coordinate system rotated by 0 degree(s)
13:36:32: [INFO] Adding track segment (B.Cu): [(81280000, 124462500), (100330000, 124462500)]
13:36:32: [INFO] Routing pad 'D27:1' at (100330000, 124462500) with pad 'D28:1' at (140811250, 124462500) using coordinate system rotated by 0 degree(s)
13:36:32: [INFO] Adding track segment (B.Cu): [(100330000, 124462500), (140811250, 124462500)]
13:36:32: [INFO] Routing pad 'D28:1' at (140811250, 124462500) with pad 'D29:1' at (152717500, 124462500) using coordinate system rotated by 0 degree(s)
13:36:32: [INFO] Adding track segment (B.Cu): [(140811250, 124462500), (152717500, 124462500)]
13:36:32: [INFO] Routing pad 'D29:1' at (152717500, 124462500) with pad 'D30:1' at (171767500, 124462500) using coordinate system rotated by 0 degree(s)
13:36:32: [INFO] Adding track segment (B.Cu): [(152717500, 124462500), (171767500, 124462500)]
13:36:32: [INFO] Routing pad 'D30:1' at (171767500, 124462500) with pad 'D31:1' at (190817500, 124462500) using coordinate system rotated by 0 degree(s)
13:36:32: [INFO] Adding track segment (B.Cu): [(171767500, 124462500), (190817500, 124462500)]
13:36:32: [INFO] Routing pad 'D31:1' at (190817500, 124462500) with pad 'D32:1' at (209867500, 124462500) using coordinate system rotated by 0 degree(s)
13:36:32: [INFO] Adding track segment (B.Cu): [(190817500, 124462500), (209867500, 124462500)]
13:36:32: [INFO] Routing pad 'D32:1' at (209867500, 124462500) with pad 'D33:1' at (228917500, 124462500) using coordinate system rotated by 0 degree(s)
13:36:32: [INFO] Adding track segment (B.Cu): [(209867500, 124462500), (228917500, 124462500)]
13:36:32: [INFO] Routing pad 'D33:1' at (228917500, 124462500) with pad 'D34:1' at (247967500, 124462500) using coordinate system rotated by 0 degree(s)
13:36:32: [INFO] Adding track segment (B.Cu): [(228917500, 124462500), (247967500, 124462500)]
13:36:32: [INFO] Routing ROW2 pads
13:36:32: [INFO] Routing pad 'D18:1' at (81280000, 105412500) with pad 'D19:1' at (100330000, 105412500) using coordinate system rotated by 0 degree(s)
13:36:32: [INFO] Adding track segment (B.Cu): [(81280000, 105412500), (100330000, 105412500)]
13:36:32: [INFO] Routing pad 'D19:1' at (100330000, 105412500) with pad 'D20:1' at (136048750, 105412500) using coordinate system rotated by 0 degree(s)
13:36:32: [INFO] Adding track segment (B.Cu): [(100330000, 105412500), (136048750, 105412500)]
13:36:32: [INFO] Routing pad 'D20:1' at (136048750, 105412500) with pad 'D21:1' at (162242500, 105412500) using coordinate system rotated by 0 degree(s)
13:36:32: [INFO] Adding track segment (B.Cu): [(136048750, 105412500), (162242500, 105412500)]
13:36:33: [INFO] Routing pad 'D21:1' at (162242500, 105412500) with pad 'D22:1' at (181292500, 105412500) using coordinate system rotated by 0 degree(s)
13:36:33: [INFO] Adding track segment (B.Cu): [(162242500, 105412500), (181292500, 105412500)]
13:36:33: [INFO] Routing pad 'D22:1' at (181292500, 105412500) with pad 'D23:1' at (200342500, 105412500) using coordinate system rotated by 0 degree(s)
13:36:33: [INFO] Adding track segment (B.Cu): [(181292500, 105412500), (200342500, 105412500)]
13:36:33: [INFO] Routing pad 'D23:1' at (200342500, 105412500) with pad 'D24:1' at (219392500, 105412500) using coordinate system rotated by 0 degree(s)
13:36:33: [INFO] Adding track segment (B.Cu): [(200342500, 105412500), (219392500, 105412500)]
13:36:33: [INFO] Routing pad 'D24:1' at (219392500, 105412500) with pad 'D25:1' at (238442500, 105412500) using coordinate system rotated by 0 degree(s)
13:36:33: [INFO] Adding track segment (B.Cu): [(219392500, 105412500), (238442500, 105412500)]
13:36:33: [INFO] Removing dangling tracks
13:36:33: [INFO] Removing ada9979d-6c31-4177-a845-80cb49d747b0
