=== kbplacer.kle_serial ===
=== layout2image.py ===
=== kbplacer ===
13:29:33: [INFO] User layout: https://editor.keyboard-tools.xyz/#share=NrDeCIA9wLgAgEwDoCsAaO4DGtMGIBDI48AXw3AAY1LwLqBGOzahZqtAZmYmnktQUc8cHgDsEyWXpoALDyi4BCdJmH4smrdJZoU7agDYDaMSYAcCvnGUpyugJwmGtDL1wMkle+EM12fkxuivxIKj5+3BR+8tF6AWjGwda2EaZWSmGq2LiixCRplnFOALpoAFBgIYiCmACemXYUDP7NaEGYLWxtUXDuodnqolraPi2xnfFtSZNmbUWTTm0uGfCe3hRirZhbHeBb3Ttc7FsT+1N9OSKE+QTsAO64CD5bYgA6AHafn9SulylZF5oBbnJb-DxeIS5PAjTQ6c6Gb5fD6ME6mJE-drgMqVCAACyePk4NAxH12qxsgIoCC4pMCFNS1JJyM+Wz+4BpexphwgQxu+XYBPgzwoxM4dO2-Up2Uea1QPhpE150NhOAVFw5iXYNLmmBpIJpYKl6x85m24DNezNhwtxwoZrOZv09q1wVlcE8TUwZveLI+LT+UtsUOutzupuB7DNRuqnjEg2hkikFHdnhUFCFiBTbDl2TxOY9FEgBYAtIzMA50X6WkwcVVrGmE9dVfCxRKOkGqZhiZRSWz2MS9sSebHald8GGHhD40S5Ao+S3Z87u66V7rwMSQcSYw2vD5K+zK3tKzbK71wJWzpXl8rrkmJFPhV2L1WkQGGVkQxPbvDKyDKzumTxl+wywr+iSkjW2IVPWTzyhQsjMkiB7sIheyISOfKThmhIUOg4p+magbVAIMpweECFyKSNLEQuYE+IhMzgIh66ISCiFgsx7TEbuGydKizSsOwLh2vxc6CRct7fgKKZwTOEmIn6PYUsgZFyvJYmKUig7CdQvraVidZSggnCfvUuBlkgwFqCq9ESZYRnVKpFANPAlnppg7oipg6AMKSKF4WgCCkkRFKeiB-IkLJuY+Ogsikoh7LoCgCWSuAqbwT5r7Iol862SMj5wJwsVoA4qU8RC1CebgxXNF0pLoLR0LYdVMV1VRfqNcJLQpZ1aUZV64AMC0WnIl1jnWAgyAeeArlwJZ1njqBBVjC067DZG7WlDBEBzcGmCZt54CNf5WLJBCFGYIlp0jtYpmLVhP7RR6mXHR1SJoQoGWXW9vUfWdlwDSV+k5QDUnLdoz3IBpb1lX6n3nXKVXpXJg0bcFfUdktkVEIVnqre9Y1gyjco-Rtf1E1jQPtaNny+dBuKxhFi6BX5fpHh+P0nezQXsL5N2c020lRa1L0-Yh8V+pyqF6NRxMAjN32DXFqUjkrJUU58GFfRdyvZVrvOBeYqt5c2YFQ8+6Bw-9t2VRbZP1X1mHNT+BMEUi6Bq7rBOSx7huA977Wax8ns66TaMjQ1vMTR4LmNMzdlXbShHy4HSfu8i1oM1UXklRjSKWoLechf7b0Z58WclCUQA
13:29:33: [INFO] Labels prefixes: for rows: 'ROW', for columns: 'COL'
13:29:33: [INFO] Matrix size: 11x10
13:29:34: [WARNING] No stabilizer footprint for width 2.25u, using 2u as fallback
13:29:34: [WARNING] No stabilizer footprint for width 2.75u, using 2u as fallback
13:29:34: [WARNING] No stabilizer footprint for width 2.25u, using 2u as fallback
13:29:34: [WARNING] No stabilizer footprint for width 2.25u, using 2u as fallback
13:29:34: [WARNING] No stabilizer footprint for width 2.75u, using 2u as fallback
13:29:34: [WARNING] No stabilizer footprint for width 2.75u, using 2u as fallback
13:29:34: [WARNING] No stabilizer footprint for width 2.25u, using 2u as fallback
13:29:34: [INFO] Add COL0 net
13:29:34: [INFO] Add COL1 net
13:29:34: [INFO] Add COL10 net
13:29:34: [INFO] Add COL2 net
13:29:34: [INFO] Add COL3 net
13:29:34: [INFO] Add COL4 net
13:29:34: [INFO] Add COL5 net
13:29:34: [INFO] Add COL6 net
13:29:34: [INFO] Add COL7 net
13:29:34: [INFO] Add COL8 net
13:29:34: [INFO] Add COL9 net
13:29:34: [INFO] Add Net-(D1-A) net
13:29:34: [INFO] Add Net-(D10-A) net
13:29:34: [INFO] Add Net-(D100-A) net
13:29:34: [INFO] Add Net-(D101-A) net
13:29:34: [INFO] Add Net-(D102-A) net
13:29:34: [INFO] Add Net-(D103-A) net
13:29:34: [INFO] Add Net-(D104-A) net
13:29:34: [INFO] Add Net-(D105-A) net
13:29:34: [INFO] Add Net-(D106-A) net
13:29:34: [INFO] Add Net-(D107-A) net
13:29:34: [INFO] Add Net-(D108-A) net
13:29:34: [INFO] Add Net-(D109-A) net
13:29:34: [INFO] Add Net-(D11-A) net
13:29:34: [INFO] Add Net-(D110-A) net
13:29:34: [INFO] Add Net-(D111-A) net
13:29:34: [INFO] Add Net-(D112-A) net
13:29:34: [INFO] Add Net-(D113-A) net
13:29:34: [INFO] Add Net-(D114-A) net
13:29:34: [INFO] Add Net-(D115-A) net
13:29:34: [INFO] Add Net-(D116-A) net
13:29:34: [INFO] Add Net-(D117-A) net
13:29:34: [INFO] Add Net-(D12-A) net
13:29:34: [INFO] Add Net-(D13-A) net
13:29:34: [INFO] Add Net-(D14-A) net
13:29:34: [INFO] Add Net-(D15-A) net
13:29:34: [INFO] Add Net-(D16-A) net
13:29:34: [INFO] Add Net-(D17-A) net
13:29:34: [INFO] Add Net-(D18-A) net
13:29:34: [INFO] Add Net-(D19-A) net
13:29:34: [INFO] Add Net-(D2-A) net
13:29:34: [INFO] Add Net-(D20-A) net
13:29:34: [INFO] Add Net-(D21-A) net
13:29:34: [INFO] Add Net-(D22-A) net
13:29:34: [INFO] Add Net-(D23-A) net
13:29:34: [INFO] Add Net-(D24-A) net
13:29:34: [INFO] Add Net-(D25-A) net
13:29:34: [INFO] Add Net-(D26-A) net
13:29:34: [INFO] Add Net-(D27-A) net
13:29:34: [INFO] Add Net-(D28-A) net
13:29:34: [INFO] Add Net-(D29-A) net
13:29:34: [INFO] Add Net-(D3-A) net
13:29:34: [INFO] Add Net-(D30-A) net
13:29:34: [INFO] Add Net-(D31-A) net
13:29:34: [INFO] Add Net-(D32-A) net
13:29:34: [INFO] Add Net-(D33-A) net
13:29:34: [INFO] Add Net-(D34-A) net
13:29:34: [INFO] Add Net-(D35-A) net
13:29:34: [INFO] Add Net-(D36-A) net
13:29:34: [INFO] Add Net-(D37-A) net
13:29:34: [INFO] Add Net-(D38-A) net
13:29:34: [INFO] Add Net-(D39-A) net
13:29:34: [INFO] Add Net-(D4-A) net
13:29:34: [INFO] Add Net-(D40-A) net
13:29:34: [INFO] Add Net-(D41-A) net
13:29:34: [INFO] Add Net-(D42-A) net
13:29:34: [INFO] Add Net-(D43-A) net
13:29:34: [INFO] Add Net-(D44-A) net
13:29:34: [INFO] Add Net-(D45-A) net
13:29:34: [INFO] Add Net-(D46-A) net
13:29:34: [INFO] Add Net-(D47-A) net
13:29:34: [INFO] Add Net-(D48-A) net
13:29:34: [INFO] Add Net-(D49-A) net
13:29:34: [INFO] Add Net-(D5-A) net
13:29:34: [INFO] Add Net-(D50-A) net
13:29:34: [INFO] Add Net-(D51-A) net
13:29:34: [INFO] Add Net-(D52-A) net
13:29:34: [INFO] Add Net-(D53-A) net
13:29:34: [INFO] Add Net-(D54-A) net
13:29:34: [INFO] Add Net-(D55-A) net
13:29:34: [INFO] Add Net-(D56-A) net
13:29:34: [INFO] Add Net-(D57-A) net
13:29:34: [INFO] Add Net-(D58-A) net
13:29:34: [INFO] Add Net-(D59-A) net
13:29:34: [INFO] Add Net-(D6-A) net
13:29:34: [INFO] Add Net-(D60-A) net
13:29:34: [INFO] Add Net-(D61-A) net
13:29:34: [INFO] Add Net-(D62-A) net
13:29:34: [INFO] Add Net-(D63-A) net
13:29:34: [INFO] Add Net-(D64-A) net
13:29:34: [INFO] Add Net-(D65-A) net
13:29:34: [INFO] Add Net-(D66-A) net
13:29:34: [INFO] Add Net-(D67-A) net
13:29:34: [INFO] Add Net-(D68-A) net
13:29:34: [INFO] Add Net-(D69-A) net
13:29:34: [INFO] Add Net-(D7-A) net
13:29:34: [INFO] Add Net-(D70-A) net
13:29:34: [INFO] Add Net-(D71-A) net
13:29:34: [INFO] Add Net-(D72-A) net
13:29:34: [INFO] Add Net-(D73-A) net
13:29:34: [INFO] Add Net-(D74-A) net
13:29:34: [INFO] Add Net-(D75-A) net
13:29:34: [INFO] Add Net-(D76-A) net
13:29:34: [INFO] Add Net-(D77-A) net
13:29:34: [INFO] Add Net-(D78-A) net
13:29:34: [INFO] Add Net-(D79-A) net
13:29:34: [INFO] Add Net-(D8-A) net
13:29:34: [INFO] Add Net-(D80-A) net
13:29:34: [INFO] Add Net-(D81-A) net
13:29:34: [INFO] Add Net-(D82-A) net
13:29:34: [INFO] Add Net-(D83-A) net
13:29:34: [INFO] Add Net-(D84-A) net
13:29:34: [INFO] Add Net-(D85-A) net
13:29:34: [INFO] Add Net-(D86-A) net
13:29:34: [INFO] Add Net-(D87-A) net
13:29:34: [INFO] Add Net-(D88-A) net
13:29:34: [INFO] Add Net-(D89-A) net
13:29:34: [INFO] Add Net-(D9-A) net
13:29:34: [INFO] Add Net-(D90-A) net
13:29:34: [INFO] Add Net-(D91-A) net
13:29:34: [INFO] Add Net-(D92-A) net
13:29:34: [INFO] Add Net-(D93-A) net
13:29:34: [INFO] Add Net-(D94-A) net
13:29:34: [INFO] Add Net-(D95-A) net
13:29:34: [INFO] Add Net-(D96-A) net
13:29:34: [INFO] Add Net-(D97-A) net
13:29:34: [INFO] Add Net-(D98-A) net
13:29:34: [INFO] Add Net-(D99-A) net
13:29:34: [INFO] Add ROW0 net
13:29:34: [INFO] Add ROW1 net
13:29:34: [INFO] Add ROW10 net
13:29:34: [INFO] Add ROW11 net
13:29:34: [INFO] Add ROW2 net
13:29:34: [INFO] Add ROW3 net
13:29:34: [INFO] Add ROW4 net
13:29:34: [INFO] Add ROW5 net
13:29:34: [INFO] Add ROW6 net
13:29:34: [INFO] Add ROW7 net
13:29:34: [INFO] Add ROW8 net
13:29:34: [INFO] Add ROW9 net
13:29:34: [INFO] Add SW1 footprint
13:29:34: [INFO] Add D1 footprint
13:29:34: [INFO] Add SW2 footprint
13:29:34: [INFO] Add D2 footprint
13:29:34: [INFO] Add SW3 footprint
13:29:34: [INFO] Add D3 footprint
13:29:34: [INFO] Add SW4 footprint
13:29:35: [INFO] Add D4 footprint
13:29:35: [INFO] Add SW5 footprint
13:29:35: [INFO] Add D5 footprint
13:29:35: [INFO] Add SW6 footprint
13:29:35: [INFO] Add D6 footprint
13:29:35: [INFO] Add SW7 footprint
13:29:35: [INFO] Add D7 footprint
13:29:35: [INFO] Add SW8 footprint
13:29:35: [INFO] Add D8 footprint
13:29:35: [INFO] Add SW9 footprint
13:29:35: [INFO] Add D9 footprint
13:29:35: [INFO] Add SW10 footprint
13:29:35: [INFO] Add D10 footprint
13:29:35: [INFO] Add SW11 footprint
13:29:35: [INFO] Add D11 footprint
13:29:35: [INFO] Add SW12 footprint
13:29:35: [INFO] Add D12 footprint
13:29:35: [INFO] Add SW13 footprint
13:29:35: [INFO] Add D13 footprint
13:29:35: [INFO] Add SW14 footprint
13:29:35: [INFO] Add D14 footprint
13:29:35: [INFO] Add SW15 footprint
13:29:35: [INFO] Add D15 footprint
13:29:35: [INFO] Add SW16 footprint
13:29:35: [INFO] Add D16 footprint
13:29:35: [INFO] Add SW17 footprint
13:29:35: [INFO] Add D17 footprint
13:29:35: [INFO] Add SW18 footprint
13:29:35: [INFO] Add D18 footprint
13:29:35: [INFO] Add SW19 footprint
13:29:35: [INFO] Add D19 footprint
13:29:35: [INFO] Add SW20 footprint
13:29:35: [INFO] Add D20 footprint
13:29:36: [INFO] Add SW21 footprint
13:29:36: [INFO] Add D21 footprint
13:29:36: [INFO] Add SW22 footprint
13:29:36: [INFO] Add D22 footprint
13:29:36: [INFO] Add SW23 footprint
13:29:36: [INFO] Add D23 footprint
13:29:36: [INFO] Add SW24 footprint
13:29:36: [INFO] Add D24 footprint
13:29:36: [INFO] Add SW25 footprint
13:29:36: [INFO] Add D25 footprint
13:29:36: [INFO] Add SW26 footprint
13:29:36: [INFO] Add D26 footprint
13:29:36: [INFO] Add SW27 footprint
13:29:36: [INFO] Add D27 footprint
13:29:36: [INFO] Add SW28 footprint
13:29:36: [INFO] Add D28 footprint
13:29:36: [INFO] Add SW29 footprint
13:29:36: [INFO] Add D29 footprint
13:29:36: [INFO] Add SW30 footprint
13:29:36: [INFO] Add D30 footprint
13:29:36: [INFO] Add SW31 footprint
13:29:36: [INFO] Add D31 footprint
13:29:36: [INFO] Add SW32 footprint
13:29:36: [INFO] Add D32 footprint
13:29:36: [INFO] Add SW33 footprint
13:29:36: [INFO] Add D33 footprint
13:29:36: [INFO] Add SW33a footprint
13:29:36: [INFO] Add ST33a footprint
13:29:36: [INFO] Add SW34 footprint
13:29:36: [INFO] Add D34 footprint
13:29:36: [INFO] Add SW35 footprint
13:29:36: [INFO] Add D35 footprint
13:29:36: [INFO] Add SW36 footprint
13:29:36: [INFO] Add D36 footprint
13:29:36: [INFO] Add ST36 footprint
13:29:36: [INFO] Add SW36a footprint
13:29:36: [INFO] Add SW37 footprint
13:29:37: [INFO] Add D37 footprint
13:29:37: [INFO] Add SW38 footprint
13:29:37: [INFO] Add D38 footprint
13:29:37: [INFO] Add SW39 footprint
13:29:37: [INFO] Add D39 footprint
13:29:37: [INFO] Add SW40 footprint
13:29:37: [INFO] Add D40 footprint
13:29:37: [INFO] Add SW41 footprint
13:29:37: [INFO] Add D41 footprint
13:29:37: [INFO] Add SW42 footprint
13:29:37: [INFO] Add D42 footprint
13:29:37: [INFO] Add SW43 footprint
13:29:37: [INFO] Add D43 footprint
13:29:37: [INFO] Add SW44 footprint
13:29:37: [INFO] Add D44 footprint
13:29:37: [INFO] Add SW45 footprint
13:29:37: [INFO] Add D45 footprint
13:29:37: [INFO] Add SW46 footprint
13:29:37: [INFO] Add D46 footprint
13:29:37: [INFO] Add SW47 footprint
13:29:37: [INFO] Add D47 footprint
13:29:37: [WARNING] No stabilizer footprint for width 2.25u, using 2u as fallback
13:29:37: [INFO] Add ST47 footprint
13:29:37: [INFO] Add SW47a footprint
13:29:37: [INFO] Add SW48 footprint
13:29:37: [INFO] Add D48 footprint
13:29:37: [INFO] Add SW49 footprint
13:29:37: [INFO] Add D49 footprint
13:29:37: [INFO] Add SW50 footprint
13:29:37: [INFO] Add D50 footprint
13:29:37: [INFO] Add SW51 footprint
13:29:37: [INFO] Add D51 footprint
13:29:37: [INFO] Add SW52 footprint
13:29:37: [INFO] Add D52 footprint
13:29:38: [INFO] Add SW53 footprint
13:29:38: [INFO] Add D53 footprint
13:29:38: [INFO] Add SW54 footprint
13:29:38: [INFO] Add D54 footprint
13:29:38: [INFO] Add ST54 footprint
13:29:38: [INFO] Add SW54a footprint
13:29:38: [INFO] Add SW55 footprint
13:29:38: [INFO] Add D55 footprint
13:29:38: [INFO] Add ST55 footprint
13:29:38: [INFO] Add SW55a footprint
13:29:38: [INFO] Add SW56 footprint
13:29:38: [INFO] Add D56 footprint
13:29:38: [INFO] Add SW56a footprint
13:29:38: [INFO] Add ST56a footprint
13:29:38: [INFO] Add SW57 footprint
13:29:38: [INFO] Add D57 footprint
13:29:38: [INFO] Add ST57 footprint
13:29:38: [INFO] Add SW57a footprint
13:29:38: [INFO] Add SW58 footprint
13:29:38: [INFO] Add D58 footprint
13:29:38: [INFO] Add SW58a footprint
13:29:38: [INFO] Add SW59 footprint
13:29:38: [INFO] Add D59 footprint
13:29:38: [INFO] Add SW59a footprint
13:29:38: [INFO] Add SW59b footprint
13:29:38: [INFO] Add SW60 footprint
13:29:38: [INFO] Add D60 footprint
13:29:38: [INFO] Add SW60a footprint
13:29:38: [INFO] Add SW60b footprint
13:29:38: [INFO] Add SW61 footprint
13:29:38: [INFO] Add D61 footprint
13:29:38: [INFO] Add SW62 footprint
13:29:38: [INFO] Add D62 footprint
13:29:38: [INFO] Add ST62 footprint
13:29:38: [INFO] Add SW62a footprint
13:29:38: [WARNING] No stabilizer footprint for width 2.75u, using 2u as fallback
13:29:38: [INFO] Add ST62a footprint
13:29:38: [INFO] Add SW62b footprint
13:29:38: [WARNING] No stabilizer footprint for width 2.25u, using 2u as fallback
13:29:38: [INFO] Add ST62b footprint
13:29:38: [INFO] Add SW63 footprint
13:29:39: [INFO] Add D63 footprint
13:29:39: [INFO] Add SW64 footprint
13:29:39: [INFO] Add D64 footprint
13:29:39: [INFO] Add SW65 footprint
13:29:39: [INFO] Add D65 footprint
13:29:39: [INFO] Add SW66 footprint
13:29:39: [INFO] Add D66 footprint
13:29:39: [INFO] Add SW67 footprint
13:29:39: [INFO] Add D67 footprint
13:29:39: [INFO] Add SW68 footprint
13:29:39: [INFO] Add D68 footprint
13:29:39: [INFO] Add SW69 footprint
13:29:39: [INFO] Add D69 footprint
13:29:39: [INFO] Add SW70 footprint
13:29:39: [INFO] Add D70 footprint
13:29:39: [INFO] Add SW71 footprint
13:29:39: [INFO] Add D71 footprint
13:29:39: [INFO] Add SW72 footprint
13:29:39: [INFO] Add D72 footprint
13:29:39: [INFO] Add SW73 footprint
13:29:39: [INFO] Add D73 footprint
13:29:39: [INFO] Add SW74 footprint
13:29:39: [INFO] Add D74 footprint
13:29:39: [INFO] Add SW75 footprint
13:29:39: [INFO] Add D75 footprint
13:29:39: [INFO] Add SW76 footprint
13:29:39: [INFO] Add D76 footprint
13:29:39: [INFO] Add SW77 footprint
13:29:39: [INFO] Add D77 footprint
13:29:39: [INFO] Add SW78 footprint
13:29:39: [INFO] Add D78 footprint
13:29:40: [INFO] Add SW79 footprint
13:29:40: [INFO] Add D79 footprint
13:29:40: [INFO] Add ST79 footprint
13:29:40: [INFO] Add SW79a footprint
13:29:40: [INFO] Add SW80 footprint
13:29:40: [INFO] Add D80 footprint
13:29:40: [INFO] Add SW81 footprint
13:29:40: [INFO] Add D81 footprint
13:29:40: [INFO] Add SW82 footprint
13:29:40: [INFO] Add D82 footprint
13:29:40: [INFO] Add SW83 footprint
13:29:40: [INFO] Add D83 footprint
13:29:40: [INFO] Add SW84 footprint
13:29:40: [INFO] Add D84 footprint
13:29:40: [INFO] Add SW85 footprint
13:29:40: [INFO] Add D85 footprint
13:29:40: [INFO] Add SW86 footprint
13:29:40: [INFO] Add D86 footprint
13:29:40: [INFO] Add SW87 footprint
13:29:40: [INFO] Add D87 footprint
13:29:40: [INFO] Add SW88 footprint
13:29:40: [INFO] Add D88 footprint
13:29:40: [INFO] Add SW89 footprint
13:29:40: [INFO] Add D89 footprint
13:29:40: [INFO] Add SW90 footprint
13:29:40: [INFO] Add D90 footprint
13:29:40: [INFO] Add SW91 footprint
13:29:40: [INFO] Add D91 footprint
13:29:40: [INFO] Add SW92 footprint
13:29:40: [INFO] Add D92 footprint
13:29:40: [INFO] Add SW93 footprint
13:29:41: [INFO] Add D93 footprint
13:29:41: [INFO] Add SW94 footprint
13:29:41: [INFO] Add D94 footprint
13:29:41: [INFO] Add SW95 footprint
13:29:41: [INFO] Add D95 footprint
13:29:41: [INFO] Add SW96 footprint
13:29:41: [INFO] Add D96 footprint
13:29:41: [INFO] Add SW97 footprint
13:29:41: [INFO] Add D97 footprint
13:29:41: [INFO] Add SW98 footprint
13:29:41: [INFO] Add D98 footprint
13:29:41: [INFO] Add SW99 footprint
13:29:41: [INFO] Add D99 footprint
13:29:41: [WARNING] No stabilizer footprint for width 2.25u, using 2u as fallback
13:29:41: [INFO] Add ST99 footprint
13:29:41: [INFO] Add SW99a footprint
13:29:41: [INFO] Add ST99a footprint
13:29:41: [INFO] Add SW100 footprint
13:29:41: [INFO] Add D100 footprint
13:29:41: [INFO] Add SW101 footprint
13:29:41: [INFO] Add D101 footprint
13:29:41: [INFO] Add SW102 footprint
13:29:41: [INFO] Add D102 footprint
13:29:41: [INFO] Add SW103 footprint
13:29:41: [INFO] Add D103 footprint
13:29:41: [INFO] Add SW104 footprint
13:29:41: [INFO] Add D104 footprint
13:29:41: [INFO] Add SW105 footprint
13:29:41: [INFO] Add D105 footprint
13:29:41: [INFO] Add SW106 footprint
13:29:41: [INFO] Add D106 footprint
13:29:41: [INFO] Add SW107 footprint
13:29:41: [INFO] Add D107 footprint
13:29:41: [WARNING] No stabilizer footprint for width 2.75u, using 2u as fallback
13:29:41: [INFO] Add ST107 footprint
13:29:41: [INFO] Add SW107a footprint
13:29:42: [INFO] Add SW108 footprint
13:29:42: [INFO] Add D108 footprint
13:29:42: [INFO] Add SW109 footprint
13:29:42: [INFO] Add D109 footprint
13:29:42: [INFO] Add SW110 footprint
13:29:42: [INFO] Add D110 footprint
13:29:42: [INFO] Add ST110 footprint
13:29:42: [INFO] Add SW110a footprint
13:29:42: [WARNING] No stabilizer footprint for width 2.75u, using 2u as fallback
13:29:42: [INFO] Add ST110a footprint
13:29:42: [INFO] Add SW110b footprint
13:29:42: [WARNING] No stabilizer footprint for width 2.25u, using 2u as fallback
13:29:42: [INFO] Add ST110b footprint
13:29:42: [INFO] Add SW111 footprint
13:29:42: [INFO] Add D111 footprint
13:29:42: [INFO] Add SW112 footprint
13:29:42: [INFO] Add D112 footprint
13:29:42: [INFO] Add SW112a footprint
13:29:42: [INFO] Add SW112b footprint
13:29:42: [INFO] Add SW113 footprint
13:29:42: [INFO] Add D113 footprint
13:29:42: [INFO] Add SW113a footprint
13:29:42: [INFO] Add SW113b footprint
13:29:42: [INFO] Add SW114 footprint
13:29:42: [INFO] Add D114 footprint
13:29:42: [INFO] Add SW114a footprint
13:29:42: [INFO] Add SW115 footprint
13:29:42: [INFO] Add D115 footprint
13:29:42: [INFO] Add SW116 footprint
13:29:42: [INFO] Add D116 footprint
13:29:42: [INFO] Add SW117 footprint
13:29:42: [INFO] Add D117 footprint
13:29:43: [INFO] Detected layout convertible to matrix annotated keyboard
13:29:43: [INFO] Using key 1U distance: (19.05, 19.05) mm
13:29:43: [INFO] Layout offset: (38100000, 28575000)
13:29:43: [INFO] Diode info: [ElementInfo(annotation_format='D{}', position_option=<PositionOption.CUSTOM: 'Custom'>, position=ElementPosition(x=5.08, y=4.0, orientation=90.0, side=<Side.BACK: 'Back'>), template_path='', start_index=-1)]
13:29:43: [INFO] Placing additional elements for SW117
13:29:43: [INFO] Placing additional elements for SW116
13:29:43: [INFO] Placing additional elements for SW115
13:29:43: [INFO] Placing additional elements for SW114a
13:29:43: [INFO] Placing additional elements for SW114
13:29:43: [INFO] Placing additional elements for SW113b
13:29:43: [INFO] Placing additional elements for SW113a
13:29:43: [INFO] Placing additional elements for SW113
13:29:43: [INFO] Placing additional elements for SW112b
13:29:43: [INFO] Placing additional elements for SW112a
13:29:43: [INFO] Placing additional elements for SW112
13:29:43: [INFO] Placing additional elements for SW111
13:29:43: [INFO] Placing additional elements for SW110b
13:29:43: [INFO] Placing additional elements for SW110a
13:29:43: [INFO] Placing additional elements for SW110
13:29:43: [INFO] Placing additional elements for SW109
13:29:43: [INFO] Placing additional elements for SW108
13:29:43: [INFO] Placing additional elements for SW107a
13:29:43: [INFO] Placing additional elements for SW107
13:29:43: [INFO] Placing additional elements for SW106
13:29:43: [INFO] Placing additional elements for SW105
13:29:43: [INFO] Placing additional elements for SW104
13:29:43: [INFO] Placing additional elements for SW103
13:29:43: [INFO] Placing additional elements for SW102
13:29:43: [INFO] Placing additional elements for SW101
13:29:43: [INFO] Placing additional elements for SW100
13:29:43: [INFO] Placing additional elements for SW99a
13:29:43: [INFO] Placing additional elements for SW99
13:29:43: [INFO] Placing additional elements for SW98
13:29:43: [INFO] Placing additional elements for SW97
13:29:43: [INFO] Placing additional elements for SW96
13:29:43: [INFO] Placing additional elements for SW95
13:29:43: [INFO] Placing additional elements for SW94
13:29:43: [INFO] Placing additional elements for SW93
13:29:43: [INFO] Placing additional elements for SW92
13:29:43: [INFO] Placing additional elements for SW91
13:29:43: [INFO] Placing additional elements for SW90
13:29:43: [INFO] Placing additional elements for SW89
13:29:43: [INFO] Placing additional elements for SW88
13:29:43: [INFO] Placing additional elements for SW87
13:29:43: [INFO] Placing additional elements for SW86
13:29:43: [INFO] Placing additional elements for SW85
13:29:43: [INFO] Placing additional elements for SW84
13:29:43: [INFO] Placing additional elements for SW83
13:29:43: [INFO] Placing additional elements for SW82
13:29:43: [INFO] Placing additional elements for SW81
13:29:43: [INFO] Placing additional elements for SW80
13:29:43: [INFO] Placing additional elements for SW79a
13:29:43: [INFO] Placing additional elements for SW79
13:29:43: [INFO] Placing additional elements for SW78
13:29:43: [INFO] Placing additional elements for SW77
13:29:43: [INFO] Placing additional elements for SW76
13:29:43: [INFO] Placing additional elements for SW75
13:29:43: [INFO] Placing additional elements for SW74
13:29:43: [INFO] Placing additional elements for SW73
13:29:43: [INFO] Placing additional elements for SW72
13:29:43: [INFO] Placing additional elements for SW71
13:29:43: [INFO] Placing additional elements for SW70
13:29:43: [INFO] Placing additional elements for SW69
13:29:43: [INFO] Placing additional elements for SW68
13:29:43: [INFO] Placing additional elements for SW67
13:29:43: [INFO] Placing additional elements for SW66
13:29:43: [INFO] Placing additional elements for SW65
13:29:43: [INFO] Placing additional elements for SW64
13:29:43: [INFO] Placing additional elements for SW63
13:29:43: [INFO] Placing additional elements for SW62b
13:29:43: [INFO] Placing additional elements for SW62a
13:29:43: [INFO] Placing additional elements for SW62
13:29:43: [INFO] Placing additional elements for SW61
13:29:43: [INFO] Placing additional elements for SW60b
13:29:43: [INFO] Placing additional elements for SW60a
13:29:43: [INFO] Placing additional elements for SW60
13:29:43: [INFO] Placing additional elements for SW59b
13:29:43: [INFO] Placing additional elements for SW59a
13:29:43: [INFO] Placing additional elements for SW59
13:29:43: [INFO] Placing additional elements for SW58a
13:29:43: [INFO] Placing additional elements for SW58
13:29:43: [INFO] Placing additional elements for SW57a
13:29:43: [INFO] Placing additional elements for SW57
13:29:43: [INFO] Placing additional elements for SW56a
13:29:43: [INFO] Placing additional elements for SW56
13:29:43: [INFO] Placing additional elements for SW55a
13:29:43: [INFO] Placing additional elements for SW55
13:29:43: [INFO] Placing additional elements for SW54a
13:29:43: [INFO] Placing additional elements for SW54
13:29:43: [INFO] Placing additional elements for SW53
13:29:43: [INFO] Placing additional elements for SW52
13:29:43: [INFO] Placing additional elements for SW51
13:29:43: [INFO] Placing additional elements for SW50
13:29:43: [INFO] Placing additional elements for SW49
13:29:43: [INFO] Placing additional elements for SW48
13:29:43: [INFO] Placing additional elements for SW47a
13:29:43: [INFO] Placing additional elements for SW47
13:29:43: [INFO] Placing additional elements for SW46
13:29:43: [INFO] Placing additional elements for SW45
13:29:43: [INFO] Placing additional elements for SW44
13:29:43: [INFO] Placing additional elements for SW43
13:29:43: [INFO] Placing additional elements for SW42
13:29:43: [INFO] Placing additional elements for SW41
13:29:43: [INFO] Placing additional elements for SW40
13:29:43: [INFO] Placing additional elements for SW39
13:29:43: [INFO] Placing additional elements for SW38
13:29:43: [INFO] Placing additional elements for SW37
13:29:43: [INFO] Placing additional elements for SW36a
13:29:43: [INFO] Placing additional elements for SW36
13:29:43: [INFO] Placing additional elements for SW35
13:29:43: [INFO] Placing additional elements for SW34
13:29:43: [INFO] Placing additional elements for SW33a
13:29:43: [INFO] Placing additional elements for SW33
13:29:43: [INFO] Placing additional elements for SW32
13:29:43: [INFO] Placing additional elements for SW31
13:29:43: [INFO] Placing additional elements for SW30
13:29:43: [INFO] Placing additional elements for SW29
13:29:43: [INFO] Placing additional elements for SW28
13:29:43: [INFO] Placing additional elements for SW27
13:29:43: [INFO] Placing additional elements for SW26
13:29:43: [INFO] Placing additional elements for SW25
13:29:43: [INFO] Placing additional elements for SW24
13:29:43: [INFO] Placing additional elements for SW23
13:29:43: [INFO] Placing additional elements for SW22
13:29:43: [INFO] Placing additional elements for SW21
13:29:43: [INFO] Placing additional elements for SW20
13:29:43: [INFO] Placing additional elements for SW19
13:29:43: [INFO] Placing additional elements for SW18
13:29:43: [INFO] Placing additional elements for SW17
13:29:43: [INFO] Placing additional elements for SW16
13:29:43: [INFO] Placing additional elements for SW15
13:29:43: [INFO] Placing additional elements for SW14
13:29:43: [INFO] Placing additional elements for SW13
13:29:43: [INFO] Placing additional elements for SW12
13:29:43: [INFO] Placing additional elements for SW11
13:29:43: [INFO] Placing additional elements for SW10
13:29:43: [INFO] Placing additional elements for SW9
13:29:43: [INFO] Placing additional elements for SW8
13:29:43: [INFO] Placing additional elements for SW7
13:29:43: [INFO] Placing additional elements for SW6
13:29:43: [INFO] Placing additional elements for SW5
13:29:43: [INFO] Placing additional elements for SW4
13:29:43: [INFO] Placing additional elements for SW3
13:29:43: [INFO] Placing additional elements for SW2
13:29:43: [INFO] Placing additional elements for SW1
13:29:43: [INFO] Routing SW117 with D117
13:29:43: [INFO] Using internal autorouter method
13:29:43: [INFO] Routing pad 'SW117:2' at (512127500, 142557500) with pad 'D117:2' at (514667500, 150237500) using coordinate system rotated by 0 degree(s)
13:29:43: [INFO] Adding track segment (B.Cu): [(512127500, 142557500), (512127500, 147697500)]
13:29:43: [INFO] Adding track segment (B.Cu): [(512127500, 147697500), (514667500, 150237500)]
13:29:43: [INFO] Routing SW116 with D116
13:29:43: [INFO] Using internal autorouter method
13:29:43: [INFO] Routing pad 'SW116:2' at (493077500, 142557500) with pad 'D116:2' at (495617500, 150237500) using coordinate system rotated by 0 degree(s)
13:29:43: [INFO] Adding track segment (B.Cu): [(493077500, 142557500), (493077500, 147697500)]
13:29:43: [INFO] Adding track segment (B.Cu): [(493077500, 147697500), (495617500, 150237500)]
13:29:43: [INFO] Routing SW115 with D115
13:29:43: [INFO] Using internal autorouter method
13:29:43: [INFO] Routing pad 'SW115:2' at (474027500, 142557500) with pad 'D115:2' at (476567500, 150237500) using coordinate system rotated by 0 degree(s)
13:29:43: [INFO] Adding track segment (B.Cu): [(474027500, 142557500), (474027500, 147697500)]
13:29:43: [INFO] Adding track segment (B.Cu): [(474027500, 147697500), (476567500, 150237500)]
13:29:43: [INFO] Routing SW114a with D114
13:29:43: [INFO] Using internal autorouter method
13:29:43: [INFO] Routing pad 'SW114a:2' at (447833750, 137795000) with pad 'D114:2' at (447992500, 145475000) using coordinate system rotated by 0 degree(s)
13:29:43: [INFO] Routing SW114 with D114
13:29:43: [INFO] Using internal autorouter method
13:29:43: [INFO] Routing pad 'SW114:2' at (445452500, 137795000) with pad 'D114:2' at (447992500, 145475000) using coordinate system rotated by 0 degree(s)
13:29:43: [INFO] Routing SW113b with D113
13:29:43: [INFO] Using internal autorouter method
13:29:43: [INFO] Routing pad 'SW113b:2' at (424021250, 137795000) with pad 'D113:2' at (424180000, 145475000) using coordinate system rotated by 0 degree(s)
13:29:43: [INFO] Routing SW113a with D113
13:29:43: [INFO] Using internal autorouter method
13:29:43: [INFO] Routing pad 'SW113a:2' at (419258750, 137795000) with pad 'D113:2' at (424180000, 145475000) using coordinate system rotated by 0 degree(s)
13:29:43: [INFO] Routing SW113 with D113
13:29:43: [INFO] Using internal autorouter method
13:29:43: [INFO] Routing pad 'SW113:2' at (421640000, 137795000) with pad 'D113:2' at (424180000, 145475000) using coordinate system rotated by 0 degree(s)
13:29:43: [INFO] Routing SW112b with D112
13:29:43: [INFO] Using internal autorouter method
13:29:43: [INFO] Routing pad 'SW112b:2' at (400208750, 137795000) with pad 'D112:2' at (400367500, 145475000) using coordinate system rotated by 0 degree(s)
13:29:43: [INFO] Routing SW112a with D112
13:29:43: [INFO] Using internal autorouter method
13:29:43: [INFO] Routing pad 'SW112a:2' at (393065000, 137795000) with pad 'D112:2' at (400367500, 145475000) using coordinate system rotated by 0 degree(s)
13:29:43: [INFO] Routing SW112 with D112
13:29:43: [INFO] Using internal autorouter method
13:29:43: [INFO] Routing pad 'SW112:2' at (397827500, 137795000) with pad 'D112:2' at (400367500, 145475000) using coordinate system rotated by 0 degree(s)
13:29:43: [INFO] Routing SW111 with D111
13:29:43: [INFO] Using internal autorouter method
13:29:43: [INFO] Routing pad 'SW111:2' at (378777500, 137795000) with pad 'D111:2' at (381317500, 145475000) using coordinate system rotated by 0 degree(s)
13:29:43: [INFO] Adding track segment (B.Cu): [(378777500, 137795000), (378777500, 142935000)]
13:29:43: [INFO] Adding track segment (B.Cu): [(378777500, 142935000), (381317500, 145475000)]
13:29:43: [INFO] Routing SW110b with D110
13:29:43: [INFO] Using internal autorouter method
13:29:43: [INFO] Routing pad 'SW110b:2' at (347821250, 137795000) with pad 'D110:2' at (357505000, 145475000) using coordinate system rotated by 0 degree(s)
13:29:43: [INFO] Routing SW110a with D110
13:29:43: [INFO] Using internal autorouter method
13:29:43: [INFO] Routing pad 'SW110a:2' at (352583750, 137795000) with pad 'D110:2' at (357505000, 145475000) using coordinate system rotated by 0 degree(s)
13:29:43: [INFO] Routing SW110 with D110
13:29:43: [INFO] Using internal autorouter method
13:29:43: [INFO] Routing pad 'SW110:2' at (354965000, 137795000) with pad 'D110:2' at (357505000, 145475000) using coordinate system rotated by 0 degree(s)
13:29:43: [INFO] Routing SW109 with D109
13:29:43: [INFO] Using internal autorouter method
13:29:43: [INFO] Routing pad 'SW109:2' at (493077500, 123507500) with pad 'D109:2' at (495617500, 131187500) using coordinate system rotated by 0 degree(s)
13:29:43: [INFO] Adding track segment (B.Cu): [(493077500, 123507500), (493077500, 128647500)]
13:29:43: [INFO] Adding track segment (B.Cu): [(493077500, 128647500), (495617500, 131187500)]
13:29:43: [INFO] Routing SW108 with D108
13:29:43: [INFO] Using internal autorouter method
13:29:43: [INFO] Routing pad 'SW108:2' at (469265000, 118745000) with pad 'D108:2' at (471805000, 126425000) using coordinate system rotated by 0 degree(s)
13:29:43: [INFO] Adding track segment (B.Cu): [(469265000, 118745000), (469265000, 123885000)]
13:29:43: [INFO] Adding track segment (B.Cu): [(469265000, 123885000), (471805000, 126425000)]
13:29:43: [INFO] Routing SW107a with D107
13:29:43: [INFO] Using internal autorouter method
13:29:43: [INFO] Routing pad 'SW107a:2' at (443071250, 118745000) with pad 'D107:2' at (455136250, 126425000) using coordinate system rotated by 0 degree(s)
13:29:43: [INFO] Routing SW107 with D107
13:29:43: [INFO] Using internal autorouter method
13:29:43: [INFO] Routing pad 'SW107:2' at (452596250, 118745000) with pad 'D107:2' at (455136250, 126425000) using coordinate system rotated by 0 degree(s)
13:29:43: [INFO] Adding track segment (B.Cu): [(452596250, 118745000), (452596250, 123885000)]
13:29:43: [INFO] Adding track segment (B.Cu): [(452596250, 123885000), (455136250, 126425000)]
13:29:43: [INFO] Routing SW106 with D106
13:29:43: [INFO] Using internal autorouter method
13:29:43: [INFO] Routing pad 'SW106:2' at (416877500, 118745000) with pad 'D106:2' at (419417500, 126425000) using coordinate system rotated by 0 degree(s)
13:29:43: [INFO] Adding track segment (B.Cu): [(416877500, 118745000), (416877500, 123885000)]
13:29:43: [INFO] Adding track segment (B.Cu): [(416877500, 123885000), (419417500, 126425000)]
13:29:43: [INFO] Routing SW105 with D105
13:29:43: [INFO] Using internal autorouter method
13:29:43: [INFO] Routing pad 'SW105:2' at (397827500, 118745000) with pad 'D105:2' at (400367500, 126425000) using coordinate system rotated by 0 degree(s)
13:29:43: [INFO] Adding track segment (B.Cu): [(397827500, 118745000), (397827500, 123885000)]
13:29:43: [INFO] Adding track segment (B.Cu): [(397827500, 123885000), (400367500, 126425000)]
13:29:43: [INFO] Routing SW104 with D104
13:29:43: [INFO] Using internal autorouter method
13:29:43: [INFO] Routing pad 'SW104:2' at (378777500, 118745000) with pad 'D104:2' at (381317500, 126425000) using coordinate system rotated by 0 degree(s)
13:29:43: [INFO] Adding track segment (B.Cu): [(378777500, 118745000), (378777500, 123885000)]
13:29:43: [INFO] Adding track segment (B.Cu): [(378777500, 123885000), (381317500, 126425000)]
13:29:43: [INFO] Routing SW103 with D103
13:29:43: [INFO] Using internal autorouter method
13:29:43: [INFO] Routing pad 'SW103:2' at (359727500, 118745000) with pad 'D103:2' at (362267500, 126425000) using coordinate system rotated by 0 degree(s)
13:29:43: [INFO] Adding track segment (B.Cu): [(359727500, 118745000), (359727500, 123885000)]
13:29:43: [INFO] Adding track segment (B.Cu): [(359727500, 123885000), (362267500, 126425000)]
13:29:43: [INFO] Routing SW102 with D102
13:29:43: [INFO] Using internal autorouter method
13:29:43: [INFO] Routing pad 'SW102:2' at (340677500, 118745000) with pad 'D102:2' at (343217500, 126425000) using coordinate system rotated by 0 degree(s)
13:29:43: [INFO] Adding track segment (B.Cu): [(340677500, 118745000), (340677500, 123885000)]
13:29:43: [INFO] Adding track segment (B.Cu): [(340677500, 123885000), (343217500, 126425000)]
13:29:43: [INFO] Routing SW101 with D101
13:29:43: [INFO] Using internal autorouter method
13:29:43: [INFO] Routing pad 'SW101:2' at (512127500, 99695000) with pad 'D101:2' at (514667500, 107375000) using coordinate system rotated by 0 degree(s)
13:29:43: [INFO] Adding track segment (B.Cu): [(512127500, 99695000), (512127500, 104835000)]
13:29:43: [INFO] Adding track segment (B.Cu): [(512127500, 104835000), (514667500, 107375000)]
13:29:43: [INFO] Routing SW100 with D100
13:29:43: [INFO] Using internal autorouter method
13:29:43: [INFO] Routing pad 'SW100:2' at (493077500, 99695000) with pad 'D100:2' at (495617500, 107375000) using coordinate system rotated by 0 degree(s)
13:29:43: [INFO] Adding track segment (B.Cu): [(493077500, 99695000), (493077500, 104835000)]
13:29:43: [INFO] Adding track segment (B.Cu): [(493077500, 104835000), (495617500, 107375000)]
13:29:43: [INFO] Routing SW99a with D99
13:29:43: [INFO] Using internal autorouter method
13:29:43: [INFO] Routing pad 'SW99a:2' at (466883750, 90170000) with pad 'D99:2' at (459898750, 107375000) using coordinate system rotated by 0 degree(s)
13:29:43: [INFO] Routing SW99 with D99
13:29:43: [INFO] Using internal autorouter method
13:29:43: [INFO] Routing pad 'SW99:2' at (457358750, 99695000) with pad 'D99:2' at (459898750, 107375000) using coordinate system rotated by 0 degree(s)
13:29:43: [INFO] Adding track segment (B.Cu): [(457358750, 99695000), (457358750, 104835000)]
13:29:43: [INFO] Adding track segment (B.Cu): [(457358750, 104835000), (459898750, 107375000)]
13:29:43: [INFO] Routing SW98 with D98
13:29:43: [INFO] Using internal autorouter method
13:29:43: [INFO] Routing pad 'SW98:2' at (445452500, 99695000) with pad 'D98:2' at (447992500, 107375000) using coordinate system rotated by 0 degree(s)
13:29:43: [INFO] Adding track segment (B.Cu): [(445452500, 99695000), (445452500, 104835000)]
13:29:43: [INFO] Adding track segment (B.Cu): [(445452500, 104835000), (447992500, 107375000)]
13:29:43: [INFO] Routing SW97 with D97
13:29:43: [INFO] Using internal autorouter method
13:29:43: [INFO] Routing pad 'SW97:2' at (426402500, 99695000) with pad 'D97:2' at (428942500, 107375000) using coordinate system rotated by 0 degree(s)
13:29:43: [INFO] Adding track segment (B.Cu): [(426402500, 99695000), (426402500, 104835000)]
13:29:43: [INFO] Adding track segment (B.Cu): [(426402500, 104835000), (428942500, 107375000)]
13:29:43: [INFO] Routing SW96 with D96
13:29:43: [INFO] Using internal autorouter method
13:29:43: [INFO] Routing pad 'SW96:2' at (407352500, 99695000) with pad 'D96:2' at (409892500, 107375000) using coordinate system rotated by 0 degree(s)
13:29:43: [INFO] Adding track segment (B.Cu): [(407352500, 99695000), (407352500, 104835000)]
13:29:43: [INFO] Adding track segment (B.Cu): [(407352500, 104835000), (409892500, 107375000)]
13:29:43: [INFO] Routing SW95 with D95
13:29:43: [INFO] Using internal autorouter method
13:29:43: [INFO] Routing pad 'SW95:2' at (388302500, 99695000) with pad 'D95:2' at (390842500, 107375000) using coordinate system rotated by 0 degree(s)
13:29:43: [INFO] Adding track segment (B.Cu): [(388302500, 99695000), (388302500, 104835000)]
13:29:43: [INFO] Adding track segment (B.Cu): [(388302500, 104835000), (390842500, 107375000)]
13:29:43: [INFO] Routing SW94 with D94
13:29:43: [INFO] Using internal autorouter method
13:29:43: [INFO] Routing pad 'SW94:2' at (369252500, 99695000) with pad 'D94:2' at (371792500, 107375000) using coordinate system rotated by 0 degree(s)
13:29:43: [INFO] Adding track segment (B.Cu): [(369252500, 99695000), (369252500, 104835000)]
13:29:43: [INFO] Adding track segment (B.Cu): [(369252500, 104835000), (371792500, 107375000)]
13:29:44: [INFO] Routing SW93 with D93
13:29:44: [INFO] Using internal autorouter method
13:29:44: [INFO] Routing pad 'SW93:2' at (350202500, 99695000) with pad 'D93:2' at (352742500, 107375000) using coordinate system rotated by 0 degree(s)
13:29:44: [INFO] Adding track segment (B.Cu): [(350202500, 99695000), (350202500, 104835000)]
13:29:44: [INFO] Adding track segment (B.Cu): [(350202500, 104835000), (352742500, 107375000)]
13:29:44: [INFO] Routing SW92 with D92
13:29:44: [INFO] Using internal autorouter method
13:29:44: [INFO] Routing pad 'SW92:2' at (331152500, 99695000) with pad 'D92:2' at (333692500, 107375000) using coordinate system rotated by 0 degree(s)
13:29:44: [INFO] Adding track segment (B.Cu): [(331152500, 99695000), (331152500, 104835000)]
13:29:44: [INFO] Adding track segment (B.Cu): [(331152500, 104835000), (333692500, 107375000)]
13:29:44: [INFO] Routing SW91 with D91
13:29:44: [INFO] Using internal autorouter method
13:29:44: [INFO] Routing pad 'SW91:2' at (512127500, 80645000) with pad 'D91:2' at (514667500, 88325000) using coordinate system rotated by 0 degree(s)
13:29:44: [INFO] Adding track segment (B.Cu): [(512127500, 80645000), (512127500, 85785000)]
13:29:44: [INFO] Adding track segment (B.Cu): [(512127500, 85785000), (514667500, 88325000)]
13:29:44: [INFO] Routing SW90 with D90
13:29:44: [INFO] Using internal autorouter method
13:29:44: [INFO] Routing pad 'SW90:2' at (493077500, 80645000) with pad 'D90:2' at (495617500, 88325000) using coordinate system rotated by 0 degree(s)
13:29:44: [INFO] Adding track segment (B.Cu): [(493077500, 80645000), (493077500, 85785000)]
13:29:44: [INFO] Adding track segment (B.Cu): [(493077500, 85785000), (495617500, 88325000)]
13:29:44: [INFO] Routing SW89 with D89
13:29:44: [INFO] Using internal autorouter method
13:29:44: [INFO] Routing pad 'SW89:2' at (464502500, 80645000) with pad 'D89:2' at (467042500, 88325000) using coordinate system rotated by 0 degree(s)
13:29:44: [INFO] Adding track segment (B.Cu): [(464502500, 80645000), (464502500, 85785000)]
13:29:44: [INFO] Adding track segment (B.Cu): [(464502500, 85785000), (467042500, 88325000)]
13:29:44: [INFO] Routing SW88 with D88
13:29:44: [INFO] Using internal autorouter method
13:29:44: [INFO] Routing pad 'SW88:2' at (440690000, 80645000) with pad 'D88:2' at (443230000, 88325000) using coordinate system rotated by 0 degree(s)
13:29:44: [INFO] Adding track segment (B.Cu): [(440690000, 80645000), (440690000, 85785000)]
13:29:44: [INFO] Adding track segment (B.Cu): [(440690000, 85785000), (443230000, 88325000)]
13:29:44: [INFO] Routing SW87 with D87
13:29:44: [INFO] Using internal autorouter method
13:29:44: [INFO] Routing pad 'SW87:2' at (421640000, 80645000) with pad 'D87:2' at (424180000, 88325000) using coordinate system rotated by 0 degree(s)
13:29:44: [INFO] Adding track segment (B.Cu): [(421640000, 80645000), (421640000, 85785000)]
13:29:44: [INFO] Adding track segment (B.Cu): [(421640000, 85785000), (424180000, 88325000)]
13:29:44: [INFO] Routing SW86 with D86
13:29:44: [INFO] Using internal autorouter method
13:29:44: [INFO] Routing pad 'SW86:2' at (402590000, 80645000) with pad 'D86:2' at (405130000, 88325000) using coordinate system rotated by 0 degree(s)
13:29:44: [INFO] Adding track segment (B.Cu): [(402590000, 80645000), (402590000, 85785000)]
13:29:44: [INFO] Adding track segment (B.Cu): [(402590000, 85785000), (405130000, 88325000)]
13:29:44: [INFO] Routing SW85 with D85
13:29:44: [INFO] Using internal autorouter method
13:29:44: [INFO] Routing pad 'SW85:2' at (383540000, 80645000) with pad 'D85:2' at (386080000, 88325000) using coordinate system rotated by 0 degree(s)
13:29:44: [INFO] Adding track segment (B.Cu): [(383540000, 80645000), (383540000, 85785000)]
13:29:44: [INFO] Adding track segment (B.Cu): [(383540000, 85785000), (386080000, 88325000)]
13:29:44: [INFO] Routing SW84 with D84
13:29:44: [INFO] Using internal autorouter method
13:29:44: [INFO] Routing pad 'SW84:2' at (364490000, 80645000) with pad 'D84:2' at (367030000, 88325000) using coordinate system rotated by 0 degree(s)
13:29:44: [INFO] Adding track segment (B.Cu): [(364490000, 80645000), (364490000, 85785000)]
13:29:44: [INFO] Adding track segment (B.Cu): [(364490000, 85785000), (367030000, 88325000)]
13:29:44: [INFO] Routing SW83 with D83
13:29:44: [INFO] Using internal autorouter method
13:29:44: [INFO] Routing pad 'SW83:2' at (345440000, 80645000) with pad 'D83:2' at (347980000, 88325000) using coordinate system rotated by 0 degree(s)
13:29:44: [INFO] Adding track segment (B.Cu): [(345440000, 80645000), (345440000, 85785000)]
13:29:44: [INFO] Adding track segment (B.Cu): [(345440000, 85785000), (347980000, 88325000)]
13:29:44: [INFO] Routing SW82 with D82
13:29:44: [INFO] Using internal autorouter method
13:29:44: [INFO] Routing pad 'SW82:2' at (326390000, 80645000) with pad 'D82:2' at (328930000, 88325000) using coordinate system rotated by 0 degree(s)
13:29:44: [INFO] Adding track segment (B.Cu): [(326390000, 80645000), (326390000, 85785000)]
13:29:44: [INFO] Adding track segment (B.Cu): [(326390000, 85785000), (328930000, 88325000)]
13:29:44: [INFO] Routing SW81 with D81
13:29:44: [INFO] Using internal autorouter method
13:29:44: [INFO] Routing pad 'SW81:2' at (512127500, 61595000) with pad 'D81:2' at (514667500, 69275000) using coordinate system rotated by 0 degree(s)
13:29:44: [INFO] Adding track segment (B.Cu): [(512127500, 61595000), (512127500, 66735000)]
13:29:44: [INFO] Adding track segment (B.Cu): [(512127500, 66735000), (514667500, 69275000)]
13:29:44: [INFO] Routing SW80 with D80
13:29:44: [INFO] Using internal autorouter method
13:29:44: [INFO] Routing pad 'SW80:2' at (493077500, 61595000) with pad 'D80:2' at (495617500, 69275000) using coordinate system rotated by 0 degree(s)
13:29:44: [INFO] Adding track segment (B.Cu): [(493077500, 61595000), (493077500, 66735000)]
13:29:44: [INFO] Adding track segment (B.Cu): [(493077500, 66735000), (495617500, 69275000)]
13:29:44: [INFO] Routing SW79a with D79
13:29:44: [INFO] Using internal autorouter method
13:29:44: [INFO] Routing pad 'SW79a:2' at (469265000, 61595000) with pad 'D79:2' at (462280000, 69275000) using coordinate system rotated by 0 degree(s)
13:29:44: [INFO] Routing SW79 with D79
13:29:44: [INFO] Using internal autorouter method
13:29:44: [INFO] Routing pad 'SW79:2' at (459740000, 61595000) with pad 'D79:2' at (462280000, 69275000) using coordinate system rotated by 0 degree(s)
13:29:44: [INFO] Adding track segment (B.Cu): [(459740000, 61595000), (459740000, 66735000)]
13:29:44: [INFO] Adding track segment (B.Cu): [(459740000, 66735000), (462280000, 69275000)]
13:29:44: [INFO] Routing SW78 with D78
13:29:44: [INFO] Using internal autorouter method
13:29:44: [INFO] Routing pad 'SW78:2' at (450215000, 61595000) with pad 'D78:2' at (452755000, 69275000) using coordinate system rotated by 0 degree(s)
13:29:44: [INFO] Adding track segment (B.Cu): [(450215000, 61595000), (450215000, 66735000)]
13:29:44: [INFO] Adding track segment (B.Cu): [(450215000, 66735000), (452755000, 69275000)]
13:29:44: [INFO] Routing SW77 with D77
13:29:44: [INFO] Using internal autorouter method
13:29:44: [INFO] Routing pad 'SW77:2' at (431165000, 61595000) with pad 'D77:2' at (433705000, 69275000) using coordinate system rotated by 0 degree(s)
13:29:44: [INFO] Adding track segment (B.Cu): [(431165000, 61595000), (431165000, 66735000)]
13:29:44: [INFO] Adding track segment (B.Cu): [(431165000, 66735000), (433705000, 69275000)]
13:29:44: [INFO] Routing SW76 with D76
13:29:44: [INFO] Using internal autorouter method
13:29:44: [INFO] Routing pad 'SW76:2' at (412115000, 61595000) with pad 'D76:2' at (414655000, 69275000) using coordinate system rotated by 0 degree(s)
13:29:44: [INFO] Adding track segment (B.Cu): [(412115000, 61595000), (412115000, 66735000)]
13:29:44: [INFO] Adding track segment (B.Cu): [(412115000, 66735000), (414655000, 69275000)]
13:29:44: [INFO] Routing SW75 with D75
13:29:44: [INFO] Using internal autorouter method
13:29:44: [INFO] Routing pad 'SW75:2' at (393065000, 61595000) with pad 'D75:2' at (395605000, 69275000) using coordinate system rotated by 0 degree(s)
13:29:44: [INFO] Adding track segment (B.Cu): [(393065000, 61595000), (393065000, 66735000)]
13:29:44: [INFO] Adding track segment (B.Cu): [(393065000, 66735000), (395605000, 69275000)]
13:29:44: [INFO] Routing SW74 with D74
13:29:44: [INFO] Using internal autorouter method
13:29:44: [INFO] Routing pad 'SW74:2' at (374015000, 61595000) with pad 'D74:2' at (376555000, 69275000) using coordinate system rotated by 0 degree(s)
13:29:44: [INFO] Adding track segment (B.Cu): [(374015000, 61595000), (374015000, 66735000)]
13:29:44: [INFO] Adding track segment (B.Cu): [(374015000, 66735000), (376555000, 69275000)]
13:29:44: [INFO] Routing SW73 with D73
13:29:44: [INFO] Using internal autorouter method
13:29:44: [INFO] Routing pad 'SW73:2' at (354965000, 61595000) with pad 'D73:2' at (357505000, 69275000) using coordinate system rotated by 0 degree(s)
13:29:44: [INFO] Adding track segment (B.Cu): [(354965000, 61595000), (354965000, 66735000)]
13:29:44: [INFO] Adding track segment (B.Cu): [(354965000, 66735000), (357505000, 69275000)]
13:29:44: [INFO] Routing SW72 with D72
13:29:44: [INFO] Using internal autorouter method
13:29:44: [INFO] Routing pad 'SW72:2' at (335915000, 61595000) with pad 'D72:2' at (338455000, 69275000) using coordinate system rotated by 0 degree(s)
13:29:44: [INFO] Adding track segment (B.Cu): [(335915000, 61595000), (335915000, 66735000)]
13:29:44: [INFO] Adding track segment (B.Cu): [(335915000, 66735000), (338455000, 69275000)]
13:29:44: [INFO] Routing SW71 with D71
13:29:44: [INFO] Using internal autorouter method
13:29:44: [INFO] Routing pad 'SW71:2' at (512127500, 33020000) with pad 'D71:2' at (514667500, 40700000) using coordinate system rotated by 0 degree(s)
13:29:44: [INFO] Adding track segment (B.Cu): [(512127500, 33020000), (512127500, 38160000)]
13:29:44: [INFO] Adding track segment (B.Cu): [(512127500, 38160000), (514667500, 40700000)]
13:29:44: [INFO] Routing SW70 with D70
13:29:44: [INFO] Using internal autorouter method
13:29:44: [INFO] Routing pad 'SW70:2' at (493077500, 33020000) with pad 'D70:2' at (495617500, 40700000) using coordinate system rotated by 0 degree(s)
13:29:44: [INFO] Adding track segment (B.Cu): [(493077500, 33020000), (493077500, 38160000)]
13:29:44: [INFO] Adding track segment (B.Cu): [(493077500, 38160000), (495617500, 40700000)]
13:29:44: [INFO] Routing SW69 with D69
13:29:44: [INFO] Using internal autorouter method
13:29:44: [INFO] Routing pad 'SW69:2' at (469265000, 33020000) with pad 'D69:2' at (471805000, 40700000) using coordinate system rotated by 0 degree(s)
13:29:44: [INFO] Adding track segment (B.Cu): [(469265000, 33020000), (469265000, 38160000)]
13:29:44: [INFO] Adding track segment (B.Cu): [(469265000, 38160000), (471805000, 40700000)]
13:29:44: [INFO] Routing SW68 with D68
13:29:44: [INFO] Using internal autorouter method
13:29:44: [INFO] Routing pad 'SW68:2' at (445452500, 33020000) with pad 'D68:2' at (447992500, 40700000) using coordinate system rotated by 0 degree(s)
13:29:44: [INFO] Adding track segment (B.Cu): [(445452500, 33020000), (445452500, 38160000)]
13:29:44: [INFO] Adding track segment (B.Cu): [(445452500, 38160000), (447992500, 40700000)]
13:29:44: [INFO] Routing SW67 with D67
13:29:44: [INFO] Using internal autorouter method
13:29:44: [INFO] Routing pad 'SW67:2' at (426402500, 33020000) with pad 'D67:2' at (428942500, 40700000) using coordinate system rotated by 0 degree(s)
13:29:44: [INFO] Adding track segment (B.Cu): [(426402500, 33020000), (426402500, 38160000)]
13:29:44: [INFO] Adding track segment (B.Cu): [(426402500, 38160000), (428942500, 40700000)]
13:29:44: [INFO] Routing SW66 with D66
13:29:44: [INFO] Using internal autorouter method
13:29:44: [INFO] Routing pad 'SW66:2' at (407352500, 33020000) with pad 'D66:2' at (409892500, 40700000) using coordinate system rotated by 0 degree(s)
13:29:44: [INFO] Adding track segment (B.Cu): [(407352500, 33020000), (407352500, 38160000)]
13:29:44: [INFO] Adding track segment (B.Cu): [(407352500, 38160000), (409892500, 40700000)]
13:29:44: [INFO] Routing SW65 with D65
13:29:44: [INFO] Using internal autorouter method
13:29:44: [INFO] Routing pad 'SW65:2' at (388302500, 33020000) with pad 'D65:2' at (390842500, 40700000) using coordinate system rotated by 0 degree(s)
13:29:44: [INFO] Adding track segment (B.Cu): [(388302500, 33020000), (388302500, 38160000)]
13:29:44: [INFO] Adding track segment (B.Cu): [(388302500, 38160000), (390842500, 40700000)]
13:29:45: [INFO] Routing SW64 with D64
13:29:45: [INFO] Using internal autorouter method
13:29:45: [INFO] Routing pad 'SW64:2' at (364490000, 33020000) with pad 'D64:2' at (367030000, 40700000) using coordinate system rotated by 0 degree(s)
13:29:45: [INFO] Adding track segment (B.Cu): [(364490000, 33020000), (364490000, 38160000)]
13:29:45: [INFO] Adding track segment (B.Cu): [(364490000, 38160000), (367030000, 40700000)]
13:29:45: [INFO] Routing SW63 with D63
13:29:45: [INFO] Using internal autorouter method
13:29:45: [INFO] Routing pad 'SW63:2' at (345440000, 33020000) with pad 'D63:2' at (347980000, 40700000) using coordinate system rotated by 0 degree(s)
13:29:45: [INFO] Adding track segment (B.Cu): [(345440000, 33020000), (345440000, 38160000)]
13:29:45: [INFO] Adding track segment (B.Cu): [(345440000, 38160000), (347980000, 40700000)]
13:29:45: [INFO] Routing SW62b with D62
13:29:45: [INFO] Using internal autorouter method
13:29:45: [INFO] Routing pad 'SW62b:2' at (285908750, 137795000) with pad 'D62:2' at (281305000, 145475000) using coordinate system rotated by 0 degree(s)
13:29:45: [INFO] Routing SW62a with D62
13:29:45: [INFO] Using internal autorouter method
13:29:45: [INFO] Routing pad 'SW62a:2' at (281146250, 137795000) with pad 'D62:2' at (281305000, 145475000) using coordinate system rotated by 0 degree(s)
13:29:45: [INFO] Routing SW62 with D62
13:29:45: [INFO] Using internal autorouter method
13:29:45: [INFO] Routing pad 'SW62:2' at (278765000, 137795000) with pad 'D62:2' at (281305000, 145475000) using coordinate system rotated by 0 degree(s)
13:29:45: [INFO] Routing SW61 with D61
13:29:45: [INFO] Using internal autorouter method
13:29:45: [INFO] Routing pad 'SW61:2' at (254952500, 137795000) with pad 'D61:2' at (257492500, 145475000) using coordinate system rotated by 0 degree(s)
13:29:45: [INFO] Adding track segment (B.Cu): [(254952500, 137795000), (254952500, 142935000)]
13:29:45: [INFO] Adding track segment (B.Cu): [(254952500, 142935000), (257492500, 145475000)]
13:29:45: [INFO] Routing SW60b with D60
13:29:45: [INFO] Using internal autorouter method
13:29:45: [INFO] Routing pad 'SW60b:2' at (233521250, 137795000) with pad 'D60:2' at (238442500, 145475000) using coordinate system rotated by 0 degree(s)
13:29:45: [INFO] Routing SW60a with D60
13:29:45: [INFO] Using internal autorouter method
13:29:45: [INFO] Routing pad 'SW60a:2' at (240665000, 137795000) with pad 'D60:2' at (238442500, 145475000) using coordinate system rotated by 0 degree(s)
13:29:45: [INFO] Routing SW60 with D60
13:29:45: [INFO] Using internal autorouter method
13:29:45: [INFO] Routing pad 'SW60:2' at (235902500, 137795000) with pad 'D60:2' at (238442500, 145475000) using coordinate system rotated by 0 degree(s)
13:29:45: [INFO] Routing SW59b with D59
13:29:45: [INFO] Using internal autorouter method
13:29:45: [INFO] Routing pad 'SW59b:2' at (209708750, 137795000) with pad 'D59:2' at (214630000, 145475000) using coordinate system rotated by 0 degree(s)
13:29:45: [INFO] Routing SW59a with D59
13:29:45: [INFO] Using internal autorouter method
13:29:45: [INFO] Routing pad 'SW59a:2' at (214471250, 137795000) with pad 'D59:2' at (214630000, 145475000) using coordinate system rotated by 0 degree(s)
13:29:45: [INFO] Routing SW59 with D59
13:29:45: [INFO] Using internal autorouter method
13:29:45: [INFO] Routing pad 'SW59:2' at (212090000, 137795000) with pad 'D59:2' at (214630000, 145475000) using coordinate system rotated by 0 degree(s)
13:29:45: [INFO] Routing SW58a with D58
13:29:45: [INFO] Using internal autorouter method
13:29:45: [INFO] Routing pad 'SW58a:2' at (185896250, 137795000) with pad 'D58:2' at (190817500, 145475000) using coordinate system rotated by 0 degree(s)
13:29:45: [INFO] Routing SW58 with D58
13:29:45: [INFO] Using internal autorouter method
13:29:45: [INFO] Routing pad 'SW58:2' at (188277500, 137795000) with pad 'D58:2' at (190817500, 145475000) using coordinate system rotated by 0 degree(s)
13:29:45: [INFO] Routing SW57a with D57
13:29:45: [INFO] Using internal autorouter method
13:29:45: [INFO] Routing pad 'SW57a:2' at (154940000, 137795000) with pad 'D57:2' at (157480000, 135950000) using coordinate system rotated by 0 degree(s)
13:29:45: [INFO] Adding track segment (B.Cu): [(154940000, 137795000), (155635000, 137795000)]
13:29:45: [INFO] Adding track segment (B.Cu): [(155635000, 137795000), (157480000, 135950000)]
13:29:45: [INFO] Routing SW57 with D57
13:29:45: [INFO] Using internal autorouter method
13:29:45: [INFO] Routing pad 'SW57:2' at (154940000, 128270000) with pad 'D57:2' at (157480000, 135950000) using coordinate system rotated by 0 degree(s)
13:29:45: [INFO] Adding track segment (B.Cu): [(154940000, 128270000), (154940000, 133410000)]
13:29:45: [INFO] Adding track segment (B.Cu): [(154940000, 133410000), (157480000, 135950000)]
13:29:45: [INFO] Routing SW56a with D56
13:29:45: [INFO] Using internal autorouter method
13:29:45: [INFO] Routing pad 'SW56a:2' at (145415000, 137795000) with pad 'D56:2' at (138430000, 145475000) using coordinate system rotated by 0 degree(s)
13:29:45: [INFO] Routing SW56 with D56
13:29:45: [INFO] Using internal autorouter method
13:29:45: [INFO] Routing pad 'SW56:2' at (135890000, 137795000) with pad 'D56:2' at (138430000, 145475000) using coordinate system rotated by 0 degree(s)
13:29:45: [INFO] Adding track segment (B.Cu): [(135890000, 137795000), (135890000, 142935000)]
13:29:45: [INFO] Adding track segment (B.Cu): [(135890000, 142935000), (138430000, 145475000)]
13:29:45: [INFO] Routing SW55a with D55
13:29:45: [INFO] Using internal autorouter method
13:29:45: [INFO] Routing pad 'SW55a:2' at (116840000, 137795000) with pad 'D55:2' at (109855000, 145475000) using coordinate system rotated by 0 degree(s)
13:29:45: [INFO] Routing SW55 with D55
13:29:45: [INFO] Using internal autorouter method
13:29:45: [INFO] Routing pad 'SW55:2' at (107315000, 137795000) with pad 'D55:2' at (109855000, 145475000) using coordinate system rotated by 0 degree(s)
13:29:45: [INFO] Adding track segment (B.Cu): [(107315000, 137795000), (107315000, 142935000)]
13:29:45: [INFO] Adding track segment (B.Cu): [(107315000, 142935000), (109855000, 145475000)]
13:29:45: [INFO] Routing SW54a with D54
13:29:45: [INFO] Using internal autorouter method
13:29:45: [INFO] Routing pad 'SW54a:2' at (97790000, 137795000) with pad 'D54:2' at (100330000, 135950000) using coordinate system rotated by 0 degree(s)
13:29:45: [INFO] Adding track segment (B.Cu): [(97790000, 137795000), (98485000, 137795000)]
13:29:45: [INFO] Adding track segment (B.Cu): [(98485000, 137795000), (100330000, 135950000)]
13:29:45: [INFO] Routing SW54 with D54
13:29:45: [INFO] Using internal autorouter method
13:29:45: [INFO] Routing pad 'SW54:2' at (97790000, 128270000) with pad 'D54:2' at (100330000, 135950000) using coordinate system rotated by 0 degree(s)
13:29:45: [INFO] Adding track segment (B.Cu): [(97790000, 128270000), (97790000, 133410000)]
13:29:45: [INFO] Adding track segment (B.Cu): [(97790000, 133410000), (100330000, 135950000)]
13:29:45: [INFO] Routing SW53 with D53
13:29:45: [INFO] Using internal autorouter method
13:29:45: [INFO] Routing pad 'SW53:2' at (302577500, 118745000) with pad 'D53:2' at (305117500, 126425000) using coordinate system rotated by 0 degree(s)
13:29:45: [INFO] Adding track segment (B.Cu): [(302577500, 118745000), (302577500, 123885000)]
13:29:45: [INFO] Adding track segment (B.Cu): [(302577500, 123885000), (305117500, 126425000)]
13:29:45: [INFO] Routing SW52 with D52
13:29:45: [INFO] Using internal autorouter method
13:29:45: [INFO] Routing pad 'SW52:2' at (283527500, 118745000) with pad 'D52:2' at (286067500, 126425000) using coordinate system rotated by 0 degree(s)
13:29:45: [INFO] Adding track segment (B.Cu): [(283527500, 118745000), (283527500, 123885000)]
13:29:45: [INFO] Adding track segment (B.Cu): [(283527500, 123885000), (286067500, 126425000)]
13:29:45: [INFO] Routing SW51 with D51
13:29:45: [INFO] Using internal autorouter method
13:29:45: [INFO] Routing pad 'SW51:2' at (264477500, 118745000) with pad 'D51:2' at (267017500, 126425000) using coordinate system rotated by 0 degree(s)
13:29:45: [INFO] Adding track segment (B.Cu): [(264477500, 118745000), (264477500, 123885000)]
13:29:45: [INFO] Adding track segment (B.Cu): [(264477500, 123885000), (267017500, 126425000)]
13:29:45: [INFO] Routing SW50 with D50
13:29:45: [INFO] Using internal autorouter method
13:29:45: [INFO] Routing pad 'SW50:2' at (245427500, 118745000) with pad 'D50:2' at (247967500, 126425000) using coordinate system rotated by 0 degree(s)
13:29:45: [INFO] Adding track segment (B.Cu): [(245427500, 118745000), (245427500, 123885000)]
13:29:45: [INFO] Adding track segment (B.Cu): [(245427500, 123885000), (247967500, 126425000)]
13:29:45: [INFO] Routing SW49 with D49
13:29:45: [INFO] Using internal autorouter method
13:29:45: [INFO] Routing pad 'SW49:2' at (226377500, 118745000) with pad 'D49:2' at (228917500, 126425000) using coordinate system rotated by 0 degree(s)
13:29:45: [INFO] Adding track segment (B.Cu): [(226377500, 118745000), (226377500, 123885000)]
13:29:45: [INFO] Adding track segment (B.Cu): [(226377500, 123885000), (228917500, 126425000)]
13:29:45: [INFO] Routing SW48 with D48
13:29:45: [INFO] Using internal autorouter method
13:29:45: [INFO] Routing pad 'SW48:2' at (207327500, 118745000) with pad 'D48:2' at (209867500, 126425000) using coordinate system rotated by 0 degree(s)
13:29:45: [INFO] Adding track segment (B.Cu): [(207327500, 118745000), (207327500, 123885000)]
13:29:45: [INFO] Adding track segment (B.Cu): [(207327500, 123885000), (209867500, 126425000)]
13:29:45: [INFO] Routing SW47a with D47
13:29:45: [INFO] Using internal autorouter method
13:29:45: [INFO] Routing pad 'SW47a:2' at (185896250, 118745000) with pad 'D47:2' at (197961250, 126425000) using coordinate system rotated by 0 degree(s)
13:29:45: [INFO] Routing SW47 with D47
13:29:45: [INFO] Using internal autorouter method
13:29:45: [INFO] Routing pad 'SW47:2' at (195421250, 118745000) with pad 'D47:2' at (197961250, 126425000) using coordinate system rotated by 0 degree(s)
13:29:45: [INFO] Adding track segment (B.Cu): [(195421250, 118745000), (195421250, 123885000)]
13:29:45: [INFO] Adding track segment (B.Cu): [(195421250, 123885000), (197961250, 126425000)]
13:29:45: [INFO] Routing SW46 with D46
13:29:45: [INFO] Using internal autorouter method
13:29:45: [INFO] Routing pad 'SW46:2' at (154940000, 118745000) with pad 'D46:2' at (157480000, 126425000) using coordinate system rotated by 0 degree(s)
13:29:45: [INFO] Adding track segment (B.Cu): [(154940000, 118745000), (154940000, 123885000)]
13:29:45: [INFO] Adding track segment (B.Cu): [(154940000, 123885000), (157480000, 126425000)]
13:29:45: [INFO] Routing SW45 with D45
13:29:45: [INFO] Using internal autorouter method
13:29:45: [INFO] Routing pad 'SW45:2' at (135890000, 118745000) with pad 'D45:2' at (138430000, 126425000) using coordinate system rotated by 0 degree(s)
13:29:45: [INFO] Adding track segment (B.Cu): [(135890000, 118745000), (135890000, 123885000)]
13:29:45: [INFO] Adding track segment (B.Cu): [(135890000, 123885000), (138430000, 126425000)]
13:29:45: [INFO] Routing SW44 with D44
13:29:45: [INFO] Using internal autorouter method
13:29:45: [INFO] Routing pad 'SW44:2' at (116840000, 118745000) with pad 'D44:2' at (119380000, 126425000) using coordinate system rotated by 0 degree(s)
13:29:45: [INFO] Adding track segment (B.Cu): [(116840000, 118745000), (116840000, 123885000)]
13:29:45: [INFO] Adding track segment (B.Cu): [(116840000, 123885000), (119380000, 126425000)]
13:29:45: [INFO] Routing SW43 with D43
13:29:45: [INFO] Using internal autorouter method
13:29:45: [INFO] Routing pad 'SW43:2' at (97790000, 118745000) with pad 'D43:2' at (100330000, 126425000) using coordinate system rotated by 0 degree(s)
13:29:45: [INFO] Adding track segment (B.Cu): [(97790000, 118745000), (97790000, 123885000)]
13:29:45: [INFO] Adding track segment (B.Cu): [(97790000, 123885000), (100330000, 126425000)]
13:29:45: [INFO] Routing SW42 with D42
13:29:45: [INFO] Using internal autorouter method
13:29:45: [INFO] Routing pad 'SW42:2' at (293052500, 99695000) with pad 'D42:2' at (295592500, 107375000) using coordinate system rotated by 0 degree(s)
13:29:45: [INFO] Adding track segment (B.Cu): [(293052500, 99695000), (293052500, 104835000)]
13:29:46: [INFO] Adding track segment (B.Cu): [(293052500, 104835000), (295592500, 107375000)]
13:29:46: [INFO] Routing SW41 with D41
13:29:46: [INFO] Using internal autorouter method
13:29:46: [INFO] Routing pad 'SW41:2' at (274002500, 99695000) with pad 'D41:2' at (276542500, 107375000) using coordinate system rotated by 0 degree(s)
13:29:46: [INFO] Adding track segment (B.Cu): [(274002500, 99695000), (274002500, 104835000)]
13:29:46: [INFO] Adding track segment (B.Cu): [(274002500, 104835000), (276542500, 107375000)]
13:29:46: [INFO] Routing SW40 with D40
13:29:46: [INFO] Using internal autorouter method
13:29:46: [INFO] Routing pad 'SW40:2' at (254952500, 99695000) with pad 'D40:2' at (257492500, 107375000) using coordinate system rotated by 0 degree(s)
13:29:46: [INFO] Adding track segment (B.Cu): [(254952500, 99695000), (254952500, 104835000)]
13:29:46: [INFO] Adding track segment (B.Cu): [(254952500, 104835000), (257492500, 107375000)]
13:29:46: [INFO] Routing SW39 with D39
13:29:46: [INFO] Using internal autorouter method
13:29:46: [INFO] Routing pad 'SW39:2' at (235902500, 99695000) with pad 'D39:2' at (238442500, 107375000) using coordinate system rotated by 0 degree(s)
13:29:46: [INFO] Adding track segment (B.Cu): [(235902500, 99695000), (235902500, 104835000)]
13:29:46: [INFO] Adding track segment (B.Cu): [(235902500, 104835000), (238442500, 107375000)]
13:29:46: [INFO] Routing SW38 with D38
13:29:46: [INFO] Using internal autorouter method
13:29:46: [INFO] Routing pad 'SW38:2' at (216852500, 99695000) with pad 'D38:2' at (219392500, 107375000) using coordinate system rotated by 0 degree(s)
13:29:46: [INFO] Adding track segment (B.Cu): [(216852500, 99695000), (216852500, 104835000)]
13:29:46: [INFO] Adding track segment (B.Cu): [(216852500, 104835000), (219392500, 107375000)]
13:29:46: [INFO] Routing SW37 with D37
13:29:46: [INFO] Using internal autorouter method
13:29:46: [INFO] Routing pad 'SW37:2' at (190658750, 99695000) with pad 'D37:2' at (193198750, 107375000) using coordinate system rotated by 0 degree(s)
13:29:46: [INFO] Adding track segment (B.Cu): [(190658750, 99695000), (190658750, 104835000)]
13:29:46: [INFO] Adding track segment (B.Cu): [(190658750, 104835000), (193198750, 107375000)]
13:29:46: [INFO] Routing SW36a with D36
13:29:46: [INFO] Using internal autorouter method
13:29:46: [INFO] Routing pad 'SW36a:2' at (154940000, 99695000) with pad 'D36:2' at (157480000, 97850000) using coordinate system rotated by 0 degree(s)
13:29:46: [INFO] Adding track segment (B.Cu): [(154940000, 99695000), (155635000, 99695000)]
13:29:46: [INFO] Adding track segment (B.Cu): [(155635000, 99695000), (157480000, 97850000)]
13:29:46: [INFO] Routing SW36 with D36
13:29:46: [INFO] Using internal autorouter method
13:29:46: [INFO] Routing pad 'SW36:2' at (154940000, 90170000) with pad 'D36:2' at (157480000, 97850000) using coordinate system rotated by 0 degree(s)
13:29:46: [INFO] Adding track segment (B.Cu): [(154940000, 90170000), (154940000, 95310000)]
13:29:46: [INFO] Adding track segment (B.Cu): [(154940000, 95310000), (157480000, 97850000)]
13:29:46: [INFO] Routing SW35 with D35
13:29:46: [INFO] Using internal autorouter method
13:29:46: [INFO] Routing pad 'SW35:2' at (135890000, 99695000) with pad 'D35:2' at (138430000, 107375000) using coordinate system rotated by 0 degree(s)
13:29:46: [INFO] Adding track segment (B.Cu): [(135890000, 99695000), (135890000, 104835000)]
13:29:46: [INFO] Adding track segment (B.Cu): [(135890000, 104835000), (138430000, 107375000)]
13:29:46: [INFO] Routing SW34 with D34
13:29:46: [INFO] Using internal autorouter method
13:29:46: [INFO] Routing pad 'SW34:2' at (116840000, 99695000) with pad 'D34:2' at (119380000, 107375000) using coordinate system rotated by 0 degree(s)
13:29:46: [INFO] Adding track segment (B.Cu): [(116840000, 99695000), (116840000, 104835000)]
13:29:46: [INFO] Adding track segment (B.Cu): [(116840000, 104835000), (119380000, 107375000)]
13:29:46: [INFO] Routing SW33a with D33
13:29:46: [INFO] Using internal autorouter method
13:29:46: [INFO] Routing pad 'SW33a:2' at (97790000, 90170000) with pad 'D33:2' at (100330000, 107375000) using coordinate system rotated by 0 degree(s)
13:29:46: [INFO] Adding track segment (B.Cu): [(97790000, 90170000), (97790000, 104835000)]
13:29:46: [INFO] Adding track segment (B.Cu): [(97790000, 104835000), (100330000, 107375000)]
13:29:46: [INFO] Routing SW33 with D33
13:29:46: [INFO] Using internal autorouter method
13:29:46: [INFO] Routing pad 'SW33:2' at (97790000, 99695000) with pad 'D33:2' at (100330000, 107375000) using coordinate system rotated by 0 degree(s)
13:29:46: [INFO] Adding track segment (B.Cu): [(97790000, 99695000), (97790000, 104835000)]
13:29:46: [INFO] Adding track segment (B.Cu): [(97790000, 104835000), (100330000, 107375000)]
13:29:46: [INFO] Routing SW32 with D32
13:29:46: [INFO] Using internal autorouter method
13:29:46: [INFO] Routing pad 'SW32:2' at (288290000, 80645000) with pad 'D32:2' at (290830000, 88325000) using coordinate system rotated by 0 degree(s)
13:29:46: [INFO] Adding track segment (B.Cu): [(288290000, 80645000), (288290000, 85785000)]
13:29:46: [INFO] Adding track segment (B.Cu): [(288290000, 85785000), (290830000, 88325000)]
13:29:46: [INFO] Routing SW31 with D31
13:29:46: [INFO] Using internal autorouter method
13:29:46: [INFO] Routing pad 'SW31:2' at (269240000, 80645000) with pad 'D31:2' at (271780000, 88325000) using coordinate system rotated by 0 degree(s)
13:29:46: [INFO] Adding track segment (B.Cu): [(269240000, 80645000), (269240000, 85785000)]
13:29:46: [INFO] Adding track segment (B.Cu): [(269240000, 85785000), (271780000, 88325000)]
13:29:46: [INFO] Routing SW30 with D30
13:29:46: [INFO] Using internal autorouter method
13:29:46: [INFO] Routing pad 'SW30:2' at (250190000, 80645000) with pad 'D30:2' at (252730000, 88325000) using coordinate system rotated by 0 degree(s)
13:29:46: [INFO] Adding track segment (B.Cu): [(250190000, 80645000), (250190000, 85785000)]
13:29:46: [INFO] Adding track segment (B.Cu): [(250190000, 85785000), (252730000, 88325000)]
13:29:46: [INFO] Routing SW29 with D29
13:29:46: [INFO] Using internal autorouter method
13:29:46: [INFO] Routing pad 'SW29:2' at (231140000, 80645000) with pad 'D29:2' at (233680000, 88325000) using coordinate system rotated by 0 degree(s)
13:29:46: [INFO] Adding track segment (B.Cu): [(231140000, 80645000), (231140000, 85785000)]
13:29:46: [INFO] Adding track segment (B.Cu): [(231140000, 85785000), (233680000, 88325000)]
13:29:46: [INFO] Routing SW28 with D28
13:29:46: [INFO] Using internal autorouter method
13:29:46: [INFO] Routing pad 'SW28:2' at (212090000, 80645000) with pad 'D28:2' at (214630000, 88325000) using coordinate system rotated by 0 degree(s)
13:29:46: [INFO] Adding track segment (B.Cu): [(212090000, 80645000), (212090000, 85785000)]
13:29:46: [INFO] Adding track segment (B.Cu): [(212090000, 85785000), (214630000, 88325000)]
13:29:46: [INFO] Routing SW27 with D27
13:29:46: [INFO] Using internal autorouter method
13:29:46: [INFO] Routing pad 'SW27:2' at (188277500, 80645000) with pad 'D27:2' at (190817500, 88325000) using coordinate system rotated by 0 degree(s)
13:29:46: [INFO] Adding track segment (B.Cu): [(188277500, 80645000), (188277500, 85785000)]
13:29:46: [INFO] Adding track segment (B.Cu): [(188277500, 85785000), (190817500, 88325000)]
13:29:46: [INFO] Routing SW26 with D26
13:29:46: [INFO] Using internal autorouter method
13:29:46: [INFO] Routing pad 'SW26:2' at (154940000, 80645000) with pad 'D26:2' at (157480000, 88325000) using coordinate system rotated by 0 degree(s)
13:29:46: [INFO] Adding track segment (B.Cu): [(154940000, 80645000), (154940000, 85785000)]
13:29:46: [INFO] Adding track segment (B.Cu): [(154940000, 85785000), (157480000, 88325000)]
13:29:46: [INFO] Routing SW25 with D25
13:29:46: [INFO] Using internal autorouter method
13:29:46: [INFO] Routing pad 'SW25:2' at (135890000, 80645000) with pad 'D25:2' at (138430000, 88325000) using coordinate system rotated by 0 degree(s)
13:29:46: [INFO] Adding track segment (B.Cu): [(135890000, 80645000), (135890000, 85785000)]
13:29:46: [INFO] Adding track segment (B.Cu): [(135890000, 85785000), (138430000, 88325000)]
13:29:46: [INFO] Routing SW24 with D24
13:29:46: [INFO] Using internal autorouter method
13:29:46: [INFO] Routing pad 'SW24:2' at (116840000, 80645000) with pad 'D24:2' at (119380000, 88325000) using coordinate system rotated by 0 degree(s)
13:29:46: [INFO] Adding track segment (B.Cu): [(116840000, 80645000), (116840000, 85785000)]
13:29:46: [INFO] Adding track segment (B.Cu): [(116840000, 85785000), (119380000, 88325000)]
13:29:46: [INFO] Routing SW23 with D23
13:29:46: [INFO] Using internal autorouter method
13:29:46: [INFO] Routing pad 'SW23:2' at (97790000, 80645000) with pad 'D23:2' at (100330000, 88325000) using coordinate system rotated by 0 degree(s)
13:29:46: [INFO] Adding track segment (B.Cu): [(97790000, 80645000), (97790000, 85785000)]
13:29:46: [INFO] Adding track segment (B.Cu): [(97790000, 85785000), (100330000, 88325000)]
13:29:46: [INFO] Routing SW22 with D22
13:29:46: [INFO] Using internal autorouter method
13:29:46: [INFO] Routing pad 'SW22:2' at (297815000, 61595000) with pad 'D22:2' at (300355000, 69275000) using coordinate system rotated by 0 degree(s)
13:29:46: [INFO] Adding track segment (B.Cu): [(297815000, 61595000), (297815000, 66735000)]
13:29:46: [INFO] Adding track segment (B.Cu): [(297815000, 66735000), (300355000, 69275000)]
13:29:46: [INFO] Routing SW21 with D21
13:29:46: [INFO] Using internal autorouter method
13:29:46: [INFO] Routing pad 'SW21:2' at (278765000, 61595000) with pad 'D21:2' at (281305000, 69275000) using coordinate system rotated by 0 degree(s)
13:29:46: [INFO] Adding track segment (B.Cu): [(278765000, 61595000), (278765000, 66735000)]
13:29:46: [INFO] Adding track segment (B.Cu): [(278765000, 66735000), (281305000, 69275000)]
13:29:46: [INFO] Routing SW20 with D20
13:29:46: [INFO] Using internal autorouter method
13:29:46: [INFO] Routing pad 'SW20:2' at (259715000, 61595000) with pad 'D20:2' at (262255000, 69275000) using coordinate system rotated by 0 degree(s)
13:29:46: [INFO] Adding track segment (B.Cu): [(259715000, 61595000), (259715000, 66735000)]
13:29:46: [INFO] Adding track segment (B.Cu): [(259715000, 66735000), (262255000, 69275000)]
13:29:46: [INFO] Routing SW19 with D19
13:29:46: [INFO] Using internal autorouter method
13:29:46: [INFO] Routing pad 'SW19:2' at (240665000, 61595000) with pad 'D19:2' at (243205000, 69275000) using coordinate system rotated by 0 degree(s)
13:29:46: [INFO] Adding track segment (B.Cu): [(240665000, 61595000), (240665000, 66735000)]
13:29:46: [INFO] Adding track segment (B.Cu): [(240665000, 66735000), (243205000, 69275000)]
13:29:46: [INFO] Routing SW18 with D18
13:29:46: [INFO] Using internal autorouter method
13:29:46: [INFO] Routing pad 'SW18:2' at (221615000, 61595000) with pad 'D18:2' at (224155000, 69275000) using coordinate system rotated by 0 degree(s)
13:29:46: [INFO] Adding track segment (B.Cu): [(221615000, 61595000), (221615000, 66735000)]
13:29:46: [INFO] Adding track segment (B.Cu): [(221615000, 66735000), (224155000, 69275000)]
13:29:46: [INFO] Routing SW17 with D17
13:29:46: [INFO] Using internal autorouter method
13:29:46: [INFO] Routing pad 'SW17:2' at (202565000, 61595000) with pad 'D17:2' at (205105000, 69275000) using coordinate system rotated by 0 degree(s)
13:29:46: [INFO] Adding track segment (B.Cu): [(202565000, 61595000), (202565000, 66735000)]
13:29:46: [INFO] Adding track segment (B.Cu): [(202565000, 66735000), (205105000, 69275000)]
13:29:47: [INFO] Routing SW16 with D16
13:29:47: [INFO] Using internal autorouter method
13:29:47: [INFO] Routing pad 'SW16:2' at (183515000, 61595000) with pad 'D16:2' at (186055000, 69275000) using coordinate system rotated by 0 degree(s)
13:29:47: [INFO] Adding track segment (B.Cu): [(183515000, 61595000), (183515000, 66735000)]
13:29:47: [INFO] Adding track segment (B.Cu): [(183515000, 66735000), (186055000, 69275000)]
13:29:47: [INFO] Routing SW15 with D15
13:29:47: [INFO] Using internal autorouter method
13:29:47: [INFO] Routing pad 'SW15:2' at (154940000, 61595000) with pad 'D15:2' at (157480000, 69275000) using coordinate system rotated by 0 degree(s)
13:29:47: [INFO] Adding track segment (B.Cu): [(154940000, 61595000), (154940000, 66735000)]
13:29:47: [INFO] Adding track segment (B.Cu): [(154940000, 66735000), (157480000, 69275000)]
13:29:47: [INFO] Routing SW14 with D14
13:29:47: [INFO] Using internal autorouter method
13:29:47: [INFO] Routing pad 'SW14:2' at (135890000, 61595000) with pad 'D14:2' at (138430000, 69275000) using coordinate system rotated by 0 degree(s)
13:29:47: [INFO] Adding track segment (B.Cu): [(135890000, 61595000), (135890000, 66735000)]
13:29:47: [INFO] Adding track segment (B.Cu): [(135890000, 66735000), (138430000, 69275000)]
13:29:47: [INFO] Routing SW13 with D13
13:29:47: [INFO] Using internal autorouter method
13:29:47: [INFO] Routing pad 'SW13:2' at (116840000, 61595000) with pad 'D13:2' at (119380000, 69275000) using coordinate system rotated by 0 degree(s)
13:29:47: [INFO] Adding track segment (B.Cu): [(116840000, 61595000), (116840000, 66735000)]
13:29:47: [INFO] Adding track segment (B.Cu): [(116840000, 66735000), (119380000, 69275000)]
13:29:47: [INFO] Routing SW12 with D12
13:29:47: [INFO] Using internal autorouter method
13:29:47: [INFO] Routing pad 'SW12:2' at (97790000, 61595000) with pad 'D12:2' at (100330000, 69275000) using coordinate system rotated by 0 degree(s)
13:29:47: [INFO] Adding track segment (B.Cu): [(97790000, 61595000), (97790000, 66735000)]
13:29:47: [INFO] Adding track segment (B.Cu): [(97790000, 66735000), (100330000, 69275000)]
13:29:47: [INFO] Routing SW11 with D11
13:29:47: [INFO] Using internal autorouter method
13:29:47: [INFO] Routing pad 'SW11:2' at (307340000, 33020000) with pad 'D11:2' at (309880000, 40700000) using coordinate system rotated by 0 degree(s)
13:29:47: [INFO] Adding track segment (B.Cu): [(307340000, 33020000), (307340000, 38160000)]
13:29:47: [INFO] Adding track segment (B.Cu): [(307340000, 38160000), (309880000, 40700000)]
13:29:47: [INFO] Routing SW10 with D10
13:29:47: [INFO] Using internal autorouter method
13:29:47: [INFO] Routing pad 'SW10:2' at (288290000, 33020000) with pad 'D10:2' at (290830000, 40700000) using coordinate system rotated by 0 degree(s)
13:29:47: [INFO] Adding track segment (B.Cu): [(288290000, 33020000), (288290000, 38160000)]
13:29:47: [INFO] Adding track segment (B.Cu): [(288290000, 38160000), (290830000, 40700000)]
13:29:47: [INFO] Routing SW9 with D9
13:29:47: [INFO] Using internal autorouter method
13:29:47: [INFO] Routing pad 'SW9:2' at (264477500, 33020000) with pad 'D9:2' at (267017500, 40700000) using coordinate system rotated by 0 degree(s)
13:29:47: [INFO] Adding track segment (B.Cu): [(264477500, 33020000), (264477500, 38160000)]
13:29:47: [INFO] Adding track segment (B.Cu): [(264477500, 38160000), (267017500, 40700000)]
13:29:47: [INFO] Routing SW8 with D8
13:29:47: [INFO] Using internal autorouter method
13:29:47: [INFO] Routing pad 'SW8:2' at (245427500, 33020000) with pad 'D8:2' at (247967500, 40700000) using coordinate system rotated by 0 degree(s)
13:29:47: [INFO] Adding track segment (B.Cu): [(245427500, 33020000), (245427500, 38160000)]
13:29:47: [INFO] Adding track segment (B.Cu): [(245427500, 38160000), (247967500, 40700000)]
13:29:47: [INFO] Routing SW7 with D7
13:29:47: [INFO] Using internal autorouter method
13:29:47: [INFO] Routing pad 'SW7:2' at (226377500, 33020000) with pad 'D7:2' at (228917500, 40700000) using coordinate system rotated by 0 degree(s)
13:29:47: [INFO] Adding track segment (B.Cu): [(226377500, 33020000), (226377500, 38160000)]
13:29:47: [INFO] Adding track segment (B.Cu): [(226377500, 38160000), (228917500, 40700000)]
13:29:47: [INFO] Routing SW6 with D6
13:29:47: [INFO] Using internal autorouter method
13:29:47: [INFO] Routing pad 'SW6:2' at (207327500, 33020000) with pad 'D6:2' at (209867500, 40700000) using coordinate system rotated by 0 degree(s)
13:29:47: [INFO] Adding track segment (B.Cu): [(207327500, 33020000), (207327500, 38160000)]
13:29:47: [INFO] Adding track segment (B.Cu): [(207327500, 38160000), (209867500, 40700000)]
13:29:47: [INFO] Routing SW5 with D5
13:29:47: [INFO] Using internal autorouter method
13:29:47: [INFO] Routing pad 'SW5:2' at (183515000, 33020000) with pad 'D5:2' at (186055000, 40700000) using coordinate system rotated by 0 degree(s)
13:29:47: [INFO] Adding track segment (B.Cu): [(183515000, 33020000), (183515000, 38160000)]
13:29:47: [INFO] Adding track segment (B.Cu): [(183515000, 38160000), (186055000, 40700000)]
13:29:47: [INFO] Routing SW4 with D4
13:29:47: [INFO] Using internal autorouter method
13:29:47: [INFO] Routing pad 'SW4:2' at (154940000, 33020000) with pad 'D4:2' at (157480000, 40700000) using coordinate system rotated by 0 degree(s)
13:29:47: [INFO] Adding track segment (B.Cu): [(154940000, 33020000), (154940000, 38160000)]
13:29:47: [INFO] Adding track segment (B.Cu): [(154940000, 38160000), (157480000, 40700000)]
13:29:47: [INFO] Routing SW3 with D3
13:29:47: [INFO] Using internal autorouter method
13:29:47: [INFO] Routing pad 'SW3:2' at (135890000, 33020000) with pad 'D3:2' at (138430000, 40700000) using coordinate system rotated by 0 degree(s)
13:29:47: [INFO] Adding track segment (B.Cu): [(135890000, 33020000), (135890000, 38160000)]
13:29:47: [INFO] Adding track segment (B.Cu): [(135890000, 38160000), (138430000, 40700000)]
13:29:47: [INFO] Routing SW2 with D2
13:29:47: [INFO] Using internal autorouter method
13:29:47: [INFO] Routing pad 'SW2:2' at (116840000, 33020000) with pad 'D2:2' at (119380000, 40700000) using coordinate system rotated by 0 degree(s)
13:29:47: [INFO] Adding track segment (B.Cu): [(116840000, 33020000), (116840000, 38160000)]
13:29:47: [INFO] Adding track segment (B.Cu): [(116840000, 38160000), (119380000, 40700000)]
13:29:47: [INFO] Routing SW1 with D1
13:29:47: [INFO] Using internal autorouter method
13:29:47: [INFO] Routing pad 'SW1:2' at (97790000, 33020000) with pad 'D1:2' at (100330000, 40700000) using coordinate system rotated by 0 degree(s)
13:29:47: [INFO] Adding track segment (B.Cu): [(97790000, 33020000), (97790000, 38160000)]
13:29:47: [INFO] Adding track segment (B.Cu): [(97790000, 38160000), (100330000, 40700000)]
13:29:47: [INFO] Routing ROW4 pads
13:29:47: [INFO] Routing pad 'D43:1' at (100330000, 129225000) with pad 'D44:1' at (119380000, 129225000) using coordinate system rotated by 0 degree(s)
13:29:47: [INFO] Adding track segment (B.Cu): [(100330000, 129225000), (119380000, 129225000)]
13:29:47: [INFO] Routing pad 'D44:1' at (119380000, 129225000) with pad 'D45:1' at (138430000, 129225000) using coordinate system rotated by 0 degree(s)
13:29:47: [INFO] Adding track segment (B.Cu): [(119380000, 129225000), (138430000, 129225000)]
13:29:47: [INFO] Routing pad 'D45:1' at (138430000, 129225000) with pad 'D46:1' at (157480000, 129225000) using coordinate system rotated by 0 degree(s)
13:29:47: [INFO] Adding track segment (B.Cu): [(138430000, 129225000), (157480000, 129225000)]
13:29:47: [INFO] Could not add track segment due to detected collision
13:29:47: [INFO] Routing pad 'D46:1' at (157480000, 129225000) with pad 'D47:1' at (197961250, 129225000) using coordinate system rotated by 0 degree(s)
13:29:47: [INFO] Adding track segment (B.Cu): [(157480000, 129225000), (197961250, 129225000)]
13:29:47: [INFO] Routing pad 'D47:1' at (197961250, 129225000) with pad 'D48:1' at (209867500, 129225000) using coordinate system rotated by 0 degree(s)
13:29:47: [INFO] Adding track segment (B.Cu): [(197961250, 129225000), (209867500, 129225000)]
13:29:47: [INFO] Routing pad 'D48:1' at (209867500, 129225000) with pad 'D49:1' at (228917500, 129225000) using coordinate system rotated by 0 degree(s)
13:29:47: [INFO] Adding track segment (B.Cu): [(209867500, 129225000), (228917500, 129225000)]
13:29:47: [INFO] Routing pad 'D49:1' at (228917500, 129225000) with pad 'D50:1' at (247967500, 129225000) using coordinate system rotated by 0 degree(s)
13:29:47: [INFO] Adding track segment (B.Cu): [(228917500, 129225000), (247967500, 129225000)]
13:29:47: [INFO] Routing pad 'D50:1' at (247967500, 129225000) with pad 'D51:1' at (267017500, 129225000) using coordinate system rotated by 0 degree(s)
13:29:47: [INFO] Adding track segment (B.Cu): [(247967500, 129225000), (267017500, 129225000)]
13:29:47: [INFO] Routing pad 'D51:1' at (267017500, 129225000) with pad 'D52:1' at (286067500, 129225000) using coordinate system rotated by 0 degree(s)
13:29:47: [INFO] Adding track segment (B.Cu): [(267017500, 129225000), (286067500, 129225000)]
13:29:47: [INFO] Routing pad 'D52:1' at (286067500, 129225000) with pad 'D53:1' at (305117500, 129225000) using coordinate system rotated by 0 degree(s)
13:29:47: [INFO] Adding track segment (B.Cu): [(286067500, 129225000), (305117500, 129225000)]
13:29:47: [INFO] Routing COL10 pads
13:29:47: [INFO] Routing pad 'SW22:1' at (291465000, 64135000) with pad 'SW53:1' at (296227500, 121285000) using coordinate system rotated by 0 degree(s)
13:29:47: [INFO] Routing pad 'SW22:1' at (291465000, 64135000) with pad 'SW11:1' at (300990000, 35560000) using coordinate system rotated by 0 degree(s)
13:29:47: [INFO] Adding track segment (F.Cu): [(291465000, 64135000), (300990000, 54610000)]
13:29:47: [INFO] Adding track segment (F.Cu): [(300990000, 54610000), (300990000, 35560000)]
13:29:47: [INFO] Routing COL8 pads
13:29:47: [INFO] Routing pad 'SW31:1' at (262890000, 83185000) with pad 'SW20:1' at (253365000, 64135000) using coordinate system rotated by 0 degree(s)
13:29:47: [INFO] Adding track segment (F.Cu): [(262890000, 83185000), (253365000, 73660000)]
13:29:47: [INFO] Adding track segment (F.Cu): [(253365000, 73660000), (253365000, 64135000)]
13:29:47: [INFO] Routing pad 'SW20:1' at (253365000, 64135000) with pad 'SW9:1' at (258127500, 35560000) using coordinate system rotated by 0 degree(s)
13:29:47: [INFO] Adding track segment (F.Cu): [(253365000, 64135000), (258127500, 59372500)]
13:29:47: [INFO] Adding track segment (F.Cu): [(258127500, 59372500), (258127500, 35560000)]
13:29:47: [INFO] Routing pad 'SW61:1' at (248602500, 140335000) with pad 'SW51:1' at (258127500, 121285000) using coordinate system rotated by 0 degree(s)
13:29:47: [INFO] Adding track segment (F.Cu): [(248602500, 140335000), (258127500, 130810000)]
13:29:47: [INFO] Adding track segment (F.Cu): [(258127500, 130810000), (258127500, 121285000)]
13:29:47: [INFO] Routing pad 'SW41:1' at (267652500, 102235000) with pad 'SW31:1' at (262890000, 83185000) using coordinate system rotated by 0 degree(s)
13:29:47: [INFO] Adding track segment (F.Cu): [(267652500, 102235000), (262890000, 97472500)]
13:29:47: [INFO] Adding track segment (F.Cu): [(262890000, 97472500), (262890000, 83185000)]
13:29:47: [INFO] Routing pad 'SW51:1' at (258127500, 121285000) with pad 'SW41:1' at (267652500, 102235000) using coordinate system rotated by 0 degree(s)
13:29:48: [INFO] Adding track segment (F.Cu): [(258127500, 121285000), (267652500, 111760000)]
13:29:48: [INFO] Adding track segment (F.Cu): [(267652500, 111760000), (267652500, 102235000)]
13:29:48: [INFO] Routing pad 'SW80:1' at (486727500, 64135000) with pad 'SW70:1' at (486727500, 35560000) using coordinate system rotated by 0 degree(s)
13:29:48: [INFO] Adding track segment (F.Cu): [(486727500, 64135000), (486727500, 35560000)]
13:29:48: [INFO] Routing pad 'SW90:1' at (486727500, 83185000) with pad 'SW80:1' at (486727500, 64135000) using coordinate system rotated by 0 degree(s)
13:29:48: [INFO] Adding track segment (F.Cu): [(486727500, 83185000), (486727500, 64135000)]
13:29:48: [INFO] Routing pad 'SW100:1' at (486727500, 102235000) with pad 'SW90:1' at (486727500, 83185000) using coordinate system rotated by 0 degree(s)
13:29:48: [INFO] Adding track segment (F.Cu): [(486727500, 102235000), (486727500, 83185000)]
13:29:48: [INFO] Routing pad 'SW41:1' at (267652500, 102235000) with pad 'SW100:1' at (486727500, 102235000) using coordinate system rotated by 0 degree(s)
13:29:48: [INFO] Adding track segment (F.Cu): [(267652500, 102235000), (486727500, 102235000)]
13:29:48: [INFO] Could not add track segment due to detected collision
13:29:48: [INFO] Routing pad 'SW100:1' at (486727500, 102235000) with pad 'SW109:1' at (486727500, 126047500) using coordinate system rotated by 0 degree(s)
13:29:48: [INFO] Adding track segment (F.Cu): [(486727500, 102235000), (486727500, 126047500)]
13:29:48: [INFO] Routing pad 'SW109:1' at (486727500, 126047500) with pad 'SW116:1' at (486727500, 145097500) using coordinate system rotated by 0 degree(s)
13:29:48: [INFO] Adding track segment (F.Cu): [(486727500, 126047500), (486727500, 145097500)]
13:29:48: [INFO] Routing ROW0 pads
13:29:48: [INFO] Routing pad 'D1:1' at (100330000, 43500000) with pad 'D2:1' at (119380000, 43500000) using coordinate system rotated by 0 degree(s)
13:29:48: [INFO] Adding track segment (B.Cu): [(100330000, 43500000), (119380000, 43500000)]
13:29:48: [INFO] Routing pad 'D2:1' at (119380000, 43500000) with pad 'D3:1' at (138430000, 43500000) using coordinate system rotated by 0 degree(s)
13:29:48: [INFO] Adding track segment (B.Cu): [(119380000, 43500000), (138430000, 43500000)]
13:29:48: [INFO] Routing pad 'D3:1' at (138430000, 43500000) with pad 'D4:1' at (157480000, 43500000) using coordinate system rotated by 0 degree(s)
13:29:48: [INFO] Adding track segment (B.Cu): [(138430000, 43500000), (157480000, 43500000)]
13:29:48: [INFO] Routing pad 'D4:1' at (157480000, 43500000) with pad 'D5:1' at (186055000, 43500000) using coordinate system rotated by 0 degree(s)
13:29:48: [INFO] Adding track segment (B.Cu): [(157480000, 43500000), (186055000, 43500000)]
13:29:48: [INFO] Routing pad 'D5:1' at (186055000, 43500000) with pad 'D6:1' at (209867500, 43500000) using coordinate system rotated by 0 degree(s)
13:29:48: [INFO] Adding track segment (B.Cu): [(186055000, 43500000), (209867500, 43500000)]
13:29:48: [INFO] Routing pad 'D6:1' at (209867500, 43500000) with pad 'D7:1' at (228917500, 43500000) using coordinate system rotated by 0 degree(s)
13:29:48: [INFO] Adding track segment (B.Cu): [(209867500, 43500000), (228917500, 43500000)]
13:29:48: [INFO] Routing pad 'D7:1' at (228917500, 43500000) with pad 'D8:1' at (247967500, 43500000) using coordinate system rotated by 0 degree(s)
13:29:48: [INFO] Adding track segment (B.Cu): [(228917500, 43500000), (247967500, 43500000)]
13:29:48: [INFO] Routing pad 'D8:1' at (247967500, 43500000) with pad 'D9:1' at (267017500, 43500000) using coordinate system rotated by 0 degree(s)
13:29:48: [INFO] Adding track segment (B.Cu): [(247967500, 43500000), (267017500, 43500000)]
13:29:48: [INFO] Routing pad 'D9:1' at (267017500, 43500000) with pad 'D10:1' at (290830000, 43500000) using coordinate system rotated by 0 degree(s)
13:29:48: [INFO] Adding track segment (B.Cu): [(267017500, 43500000), (290830000, 43500000)]
13:29:48: [INFO] Routing pad 'D10:1' at (290830000, 43500000) with pad 'D11:1' at (309880000, 43500000) using coordinate system rotated by 0 degree(s)
13:29:48: [INFO] Adding track segment (B.Cu): [(290830000, 43500000), (309880000, 43500000)]
13:29:48: [INFO] Routing ROW7 pads
13:29:48: [INFO] Routing pad 'D72:1' at (338455000, 72075000) with pad 'D73:1' at (357505000, 72075000) using coordinate system rotated by 0 degree(s)
13:29:48: [INFO] Adding track segment (B.Cu): [(338455000, 72075000), (357505000, 72075000)]
13:29:48: [INFO] Routing pad 'D73:1' at (357505000, 72075000) with pad 'D74:1' at (376555000, 72075000) using coordinate system rotated by 0 degree(s)
13:29:48: [INFO] Adding track segment (B.Cu): [(357505000, 72075000), (376555000, 72075000)]
13:29:48: [INFO] Routing pad 'D74:1' at (376555000, 72075000) with pad 'D75:1' at (395605000, 72075000) using coordinate system rotated by 0 degree(s)
13:29:48: [INFO] Adding track segment (B.Cu): [(376555000, 72075000), (395605000, 72075000)]
13:29:48: [INFO] Routing pad 'D75:1' at (395605000, 72075000) with pad 'D76:1' at (414655000, 72075000) using coordinate system rotated by 0 degree(s)
13:29:48: [INFO] Adding track segment (B.Cu): [(395605000, 72075000), (414655000, 72075000)]
13:29:48: [INFO] Routing pad 'D76:1' at (414655000, 72075000) with pad 'D77:1' at (433705000, 72075000) using coordinate system rotated by 0 degree(s)
13:29:48: [INFO] Adding track segment (B.Cu): [(414655000, 72075000), (433705000, 72075000)]
13:29:48: [INFO] Routing pad 'D77:1' at (433705000, 72075000) with pad 'D78:1' at (452755000, 72075000) using coordinate system rotated by 0 degree(s)
13:29:48: [INFO] Adding track segment (B.Cu): [(433705000, 72075000), (452755000, 72075000)]
13:29:48: [INFO] Routing pad 'D78:1' at (452755000, 72075000) with pad 'D79:1' at (462280000, 72075000) using coordinate system rotated by 0 degree(s)
13:29:48: [INFO] Adding track segment (B.Cu): [(452755000, 72075000), (462280000, 72075000)]
13:29:48: [INFO] Routing pad 'D79:1' at (462280000, 72075000) with pad 'D80:1' at (495617500, 72075000) using coordinate system rotated by 0 degree(s)
13:29:48: [INFO] Adding track segment (B.Cu): [(462280000, 72075000), (495617500, 72075000)]
13:29:48: [INFO] Routing pad 'D80:1' at (495617500, 72075000) with pad 'D81:1' at (514667500, 72075000) using coordinate system rotated by 0 degree(s)
13:29:48: [INFO] Adding track segment (B.Cu): [(495617500, 72075000), (514667500, 72075000)]
13:29:48: [INFO] Routing ROW11 pads
13:29:48: [INFO] Routing pad 'D110:1' at (357505000, 148275000) with pad 'D111:1' at (381317500, 148275000) using coordinate system rotated by 0 degree(s)
13:29:48: [INFO] Adding track segment (B.Cu): [(357505000, 148275000), (381317500, 148275000)]
13:29:48: [INFO] Routing pad 'D111:1' at (381317500, 148275000) with pad 'D112:1' at (400367500, 148275000) using coordinate system rotated by 0 degree(s)
13:29:48: [INFO] Adding track segment (B.Cu): [(381317500, 148275000), (400367500, 148275000)]
13:29:48: [INFO] Routing pad 'D112:1' at (400367500, 148275000) with pad 'D113:1' at (424180000, 148275000) using coordinate system rotated by 0 degree(s)
13:29:48: [INFO] Adding track segment (B.Cu): [(400367500, 148275000), (424180000, 148275000)]
13:29:48: [INFO] Routing pad 'D113:1' at (424180000, 148275000) with pad 'D114:1' at (447992500, 148275000) using coordinate system rotated by 0 degree(s)
13:29:48: [INFO] Adding track segment (B.Cu): [(424180000, 148275000), (447992500, 148275000)]
13:29:48: [INFO] Routing pad 'D114:1' at (447992500, 148275000) with pad 'D115:1' at (476567500, 153037500) using coordinate system rotated by 0 degree(s)
13:29:48: [INFO] Adding track segment (B.Cu): [(447992500, 148275000), (452755000, 153037500)]
13:29:48: [INFO] Adding track segment (B.Cu): [(452755000, 153037500), (476567500, 153037500)]
13:29:48: [INFO] Routing pad 'D115:1' at (476567500, 153037500) with pad 'D116:1' at (495617500, 153037500) using coordinate system rotated by 0 degree(s)
13:29:48: [INFO] Adding track segment (B.Cu): [(476567500, 153037500), (495617500, 153037500)]
13:29:48: [INFO] Routing pad 'D116:1' at (495617500, 153037500) with pad 'D117:1' at (514667500, 153037500) using coordinate system rotated by 0 degree(s)
13:29:48: [INFO] Adding track segment (B.Cu): [(495617500, 153037500), (514667500, 153037500)]
13:29:48: [INFO] Routing ROW2 pads
13:29:48: [INFO] Routing pad 'D23:1' at (100330000, 91125000) with pad 'D24:1' at (119380000, 91125000) using coordinate system rotated by 0 degree(s)
13:29:48: [INFO] Adding track segment (B.Cu): [(100330000, 91125000), (119380000, 91125000)]
13:29:48: [INFO] Routing pad 'D24:1' at (119380000, 91125000) with pad 'D25:1' at (138430000, 91125000) using coordinate system rotated by 0 degree(s)
13:29:48: [INFO] Adding track segment (B.Cu): [(119380000, 91125000), (138430000, 91125000)]
13:29:48: [INFO] Routing pad 'D25:1' at (138430000, 91125000) with pad 'D26:1' at (157480000, 91125000) using coordinate system rotated by 0 degree(s)
13:29:48: [INFO] Adding track segment (B.Cu): [(138430000, 91125000), (157480000, 91125000)]
13:29:48: [INFO] Could not add track segment due to detected collision
13:29:48: [INFO] Routing pad 'D26:1' at (157480000, 91125000) with pad 'D27:1' at (190817500, 91125000) using coordinate system rotated by 0 degree(s)
13:29:48: [INFO] Adding track segment (B.Cu): [(157480000, 91125000), (190817500, 91125000)]
13:29:48: [INFO] Routing pad 'D27:1' at (190817500, 91125000) with pad 'D28:1' at (214630000, 91125000) using coordinate system rotated by 0 degree(s)
13:29:48: [INFO] Adding track segment (B.Cu): [(190817500, 91125000), (214630000, 91125000)]
13:29:48: [INFO] Routing pad 'D28:1' at (214630000, 91125000) with pad 'D29:1' at (233680000, 91125000) using coordinate system rotated by 0 degree(s)
13:29:48: [INFO] Adding track segment (B.Cu): [(214630000, 91125000), (233680000, 91125000)]
13:29:48: [INFO] Routing pad 'D29:1' at (233680000, 91125000) with pad 'D30:1' at (252730000, 91125000) using coordinate system rotated by 0 degree(s)
13:29:48: [INFO] Adding track segment (B.Cu): [(233680000, 91125000), (252730000, 91125000)]
13:29:48: [INFO] Routing pad 'D30:1' at (252730000, 91125000) with pad 'D31:1' at (271780000, 91125000) using coordinate system rotated by 0 degree(s)
13:29:48: [INFO] Adding track segment (B.Cu): [(252730000, 91125000), (271780000, 91125000)]
13:29:48: [INFO] Routing pad 'D31:1' at (271780000, 91125000) with pad 'D32:1' at (290830000, 91125000) using coordinate system rotated by 0 degree(s)
13:29:48: [INFO] Adding track segment (B.Cu): [(271780000, 91125000), (290830000, 91125000)]
13:29:48: [INFO] Routing COL0 pads
13:29:48: [INFO] Routing pad 'SW1:1' at (91440000, 35560000) with pad 'SW12:1' at (91440000, 64135000) using coordinate system rotated by 0 degree(s)
13:29:48: [INFO] Adding track segment (F.Cu): [(91440000, 35560000), (91440000, 64135000)]
13:29:48: [INFO] Routing pad 'SW12:1' at (91440000, 64135000) with pad 'SW23:1' at (91440000, 83185000) using coordinate system rotated by 0 degree(s)
13:29:48: [INFO] Adding track segment (F.Cu): [(91440000, 64135000), (91440000, 83185000)]
13:29:48: [INFO] Routing pad 'SW23:1' at (91440000, 83185000) with pad 'SW33a:1' at (91440000, 92710000) using coordinate system rotated by 0 degree(s)
13:29:48: [INFO] Adding track segment (F.Cu): [(91440000, 83185000), (91440000, 92710000)]
13:29:48: [INFO] Routing pad 'SW33a:1' at (91440000, 92710000) with pad 'SW33:1' at (91440000, 102235000) using coordinate system rotated by 0 degree(s)
13:29:48: [INFO] Adding track segment (F.Cu): [(91440000, 92710000), (91440000, 102235000)]
13:29:48: [INFO] Routing pad 'SW33:1' at (91440000, 102235000) with pad 'SW43:1' at (91440000, 121285000) using coordinate system rotated by 0 degree(s)
13:29:48: [INFO] Adding track segment (F.Cu): [(91440000, 102235000), (91440000, 121285000)]
13:29:48: [INFO] Routing pad 'SW43:1' at (91440000, 121285000) with pad 'SW54:1' at (91440000, 130810000) using coordinate system rotated by 0 degree(s)
13:29:48: [INFO] Adding track segment (F.Cu): [(91440000, 121285000), (91440000, 130810000)]
13:29:48: [INFO] Routing pad 'SW54:1' at (91440000, 130810000) with pad 'SW54a:1' at (91440000, 140335000) using coordinate system rotated by 0 degree(s)
13:29:48: [INFO] Adding track segment (F.Cu): [(91440000, 130810000), (91440000, 140335000)]
13:29:48: [INFO] Could not add track segment due to detected collision
13:29:48: [INFO] Routing pad 'SW23:1' at (91440000, 83185000) with pad 'SW82:1' at (320040000, 83185000) using coordinate system rotated by 0 degree(s)
13:29:48: [INFO] Adding track segment (F.Cu): [(91440000, 83185000), (320040000, 83185000)]
13:29:48: [INFO] Could not add track segment due to detected collision
13:29:48: [INFO] Routing pad 'SW82:1' at (320040000, 83185000) with pad 'SW92:1' at (324802500, 102235000) using coordinate system rotated by 0 degree(s)
13:29:48: [INFO] Adding track segment (F.Cu): [(320040000, 83185000), (320040000, 97472500)]
13:29:48: [INFO] Adding track segment (F.Cu): [(320040000, 97472500), (324802500, 102235000)]
13:29:48: [INFO] Routing pad 'SW82:1' at (320040000, 83185000) with pad 'SW72:1' at (329565000, 64135000) using coordinate system rotated by 0 degree(s)
13:29:48: [INFO] Adding track segment (F.Cu): [(320040000, 83185000), (329565000, 73660000)]
13:29:48: [INFO] Adding track segment (F.Cu): [(329565000, 73660000), (329565000, 64135000)]
13:29:48: [INFO] Routing pad 'SW72:1' at (329565000, 64135000) with pad 'SW63:1' at (339090000, 35560000) using coordinate system rotated by 0 degree(s)
13:29:48: [INFO] Adding track segment (F.Cu): [(329565000, 64135000), (339090000, 54610000)]
13:29:48: [INFO] Adding track segment (F.Cu): [(339090000, 54610000), (339090000, 35560000)]
13:29:48: [INFO] Routing ROW9 pads
13:29:48: [INFO] Routing pad 'D92:1' at (333692500, 110175000) with pad 'D93:1' at (352742500, 110175000) using coordinate system rotated by 0 degree(s)
13:29:48: [INFO] Adding track segment (B.Cu): [(333692500, 110175000), (352742500, 110175000)]
13:29:48: [INFO] Routing pad 'D93:1' at (352742500, 110175000) with pad 'D94:1' at (371792500, 110175000) using coordinate system rotated by 0 degree(s)
13:29:48: [INFO] Adding track segment (B.Cu): [(352742500, 110175000), (371792500, 110175000)]
13:29:48: [INFO] Routing pad 'D94:1' at (371792500, 110175000) with pad 'D95:1' at (390842500, 110175000) using coordinate system rotated by 0 degree(s)
13:29:48: [INFO] Adding track segment (B.Cu): [(371792500, 110175000), (390842500, 110175000)]
13:29:48: [INFO] Routing pad 'D95:1' at (390842500, 110175000) with pad 'D96:1' at (409892500, 110175000) using coordinate system rotated by 0 degree(s)
13:29:48: [INFO] Adding track segment (B.Cu): [(390842500, 110175000), (409892500, 110175000)]
13:29:48: [INFO] Routing pad 'D96:1' at (409892500, 110175000) with pad 'D97:1' at (428942500, 110175000) using coordinate system rotated by 0 degree(s)
13:29:48: [INFO] Adding track segment (B.Cu): [(409892500, 110175000), (428942500, 110175000)]
13:29:48: [INFO] Routing pad 'D97:1' at (428942500, 110175000) with pad 'D98:1' at (447992500, 110175000) using coordinate system rotated by 0 degree(s)
13:29:48: [INFO] Adding track segment (B.Cu): [(428942500, 110175000), (447992500, 110175000)]
13:29:48: [INFO] Routing pad 'D98:1' at (447992500, 110175000) with pad 'D99:1' at (459898750, 110175000) using coordinate system rotated by 0 degree(s)
13:29:48: [INFO] Adding track segment (B.Cu): [(447992500, 110175000), (459898750, 110175000)]
13:29:48: [INFO] Routing pad 'D99:1' at (459898750, 110175000) with pad 'D100:1' at (495617500, 110175000) using coordinate system rotated by 0 degree(s)
13:29:48: [INFO] Adding track segment (B.Cu): [(459898750, 110175000), (495617500, 110175000)]
13:29:48: [INFO] Routing pad 'D100:1' at (495617500, 110175000) with pad 'D101:1' at (514667500, 110175000) using coordinate system rotated by 0 degree(s)
13:29:48: [INFO] Adding track segment (B.Cu): [(495617500, 110175000), (514667500, 110175000)]
13:29:48: [INFO] Routing ROW10 pads
13:29:48: [INFO] Routing pad 'D102:1' at (343217500, 129225000) with pad 'D103:1' at (362267500, 129225000) using coordinate system rotated by 0 degree(s)
13:29:48: [INFO] Adding track segment (B.Cu): [(343217500, 129225000), (362267500, 129225000)]
13:29:48: [INFO] Routing pad 'D103:1' at (362267500, 129225000) with pad 'D104:1' at (381317500, 129225000) using coordinate system rotated by 0 degree(s)
13:29:48: [INFO] Adding track segment (B.Cu): [(362267500, 129225000), (381317500, 129225000)]
13:29:48: [INFO] Routing pad 'D104:1' at (381317500, 129225000) with pad 'D105:1' at (400367500, 129225000) using coordinate system rotated by 0 degree(s)
13:29:48: [INFO] Adding track segment (B.Cu): [(381317500, 129225000), (400367500, 129225000)]
13:29:48: [INFO] Routing pad 'D105:1' at (400367500, 129225000) with pad 'D106:1' at (419417500, 129225000) using coordinate system rotated by 0 degree(s)
13:29:48: [INFO] Adding track segment (B.Cu): [(400367500, 129225000), (419417500, 129225000)]
13:29:48: [INFO] Routing pad 'D106:1' at (419417500, 129225000) with pad 'D107:1' at (455136250, 129225000) using coordinate system rotated by 0 degree(s)
13:29:48: [INFO] Adding track segment (B.Cu): [(419417500, 129225000), (455136250, 129225000)]
13:29:48: [INFO] Routing pad 'D107:1' at (455136250, 129225000) with pad 'D108:1' at (471805000, 129225000) using coordinate system rotated by 0 degree(s)
13:29:48: [INFO] Adding track segment (B.Cu): [(455136250, 129225000), (471805000, 129225000)]
13:29:48: [INFO] Routing pad 'D108:1' at (471805000, 129225000) with pad 'D109:1' at (495617500, 133987500) using coordinate system rotated by 0 degree(s)
13:29:48: [INFO] Adding track segment (B.Cu): [(471805000, 129225000), (476567500, 133987500)]
13:29:48: [INFO] Adding track segment (B.Cu): [(476567500, 133987500), (495617500, 133987500)]
13:29:48: [INFO] Routing ROW1 pads
13:29:48: [INFO] Routing pad 'D12:1' at (100330000, 72075000) with pad 'D13:1' at (119380000, 72075000) using coordinate system rotated by 0 degree(s)
13:29:48: [INFO] Adding track segment (B.Cu): [(100330000, 72075000), (119380000, 72075000)]
13:29:48: [INFO] Routing pad 'D13:1' at (119380000, 72075000) with pad 'D14:1' at (138430000, 72075000) using coordinate system rotated by 0 degree(s)
13:29:48: [INFO] Adding track segment (B.Cu): [(119380000, 72075000), (138430000, 72075000)]
13:29:48: [INFO] Routing pad 'D14:1' at (138430000, 72075000) with pad 'D15:1' at (157480000, 72075000) using coordinate system rotated by 0 degree(s)
13:29:48: [INFO] Adding track segment (B.Cu): [(138430000, 72075000), (157480000, 72075000)]
13:29:48: [INFO] Routing pad 'D15:1' at (157480000, 72075000) with pad 'D16:1' at (186055000, 72075000) using coordinate system rotated by 0 degree(s)
13:29:48: [INFO] Adding track segment (B.Cu): [(157480000, 72075000), (186055000, 72075000)]
13:29:48: [INFO] Routing pad 'D16:1' at (186055000, 72075000) with pad 'D17:1' at (205105000, 72075000) using coordinate system rotated by 0 degree(s)
13:29:48: [INFO] Adding track segment (B.Cu): [(186055000, 72075000), (205105000, 72075000)]
13:29:48: [INFO] Routing pad 'D17:1' at (205105000, 72075000) with pad 'D18:1' at (224155000, 72075000) using coordinate system rotated by 0 degree(s)
13:29:48: [INFO] Adding track segment (B.Cu): [(205105000, 72075000), (224155000, 72075000)]
13:29:48: [INFO] Routing pad 'D18:1' at (224155000, 72075000) with pad 'D19:1' at (243205000, 72075000) using coordinate system rotated by 0 degree(s)
13:29:48: [INFO] Adding track segment (B.Cu): [(224155000, 72075000), (243205000, 72075000)]
13:29:48: [INFO] Routing pad 'D19:1' at (243205000, 72075000) with pad 'D20:1' at (262255000, 72075000) using coordinate system rotated by 0 degree(s)
13:29:48: [INFO] Adding track segment (B.Cu): [(243205000, 72075000), (262255000, 72075000)]
13:29:48: [INFO] Routing pad 'D20:1' at (262255000, 72075000) with pad 'D21:1' at (281305000, 72075000) using coordinate system rotated by 0 degree(s)
13:29:48: [INFO] Adding track segment (B.Cu): [(262255000, 72075000), (281305000, 72075000)]
13:29:48: [INFO] Routing pad 'D21:1' at (281305000, 72075000) with pad 'D22:1' at (300355000, 72075000) using coordinate system rotated by 0 degree(s)
13:29:48: [INFO] Adding track segment (B.Cu): [(281305000, 72075000), (300355000, 72075000)]
13:29:48: [INFO] Routing COL7 pads
13:29:48: [INFO] Routing pad 'SW60b:1' at (227171250, 140335000) with pad 'SW60:1' at (229552500, 140335000) using coordinate system rotated by 0 degree(s)
13:29:48: [INFO] Adding track segment (F.Cu): [(227171250, 140335000), (229552500, 140335000)]
13:29:48: [INFO] Routing pad 'SW30:1' at (243840000, 83185000) with pad 'SW19:1' at (234315000, 64135000) using coordinate system rotated by 0 degree(s)
13:29:49: [INFO] Adding track segment (F.Cu): [(243840000, 83185000), (234315000, 73660000)]
13:29:49: [INFO] Adding track segment (F.Cu): [(234315000, 73660000), (234315000, 64135000)]
13:29:49: [INFO] Routing pad 'SW60:1' at (229552500, 140335000) with pad 'SW60a:1' at (234315000, 140335000) using coordinate system rotated by 0 degree(s)
13:29:49: [INFO] Adding track segment (F.Cu): [(229552500, 140335000), (234315000, 140335000)]
13:29:49: [INFO] Routing pad 'SW19:1' at (234315000, 64135000) with pad 'SW8:1' at (239077500, 35560000) using coordinate system rotated by 0 degree(s)
13:29:49: [INFO] Adding track segment (F.Cu): [(234315000, 64135000), (239077500, 59372500)]
13:29:49: [INFO] Adding track segment (F.Cu): [(239077500, 59372500), (239077500, 35560000)]
13:29:49: [INFO] Routing pad 'SW60a:1' at (234315000, 140335000) with pad 'SW50:1' at (239077500, 121285000) using coordinate system rotated by 0 degree(s)
13:29:49: [INFO] Routing pad 'SW40:1' at (248602500, 102235000) with pad 'SW30:1' at (243840000, 83185000) using coordinate system rotated by 0 degree(s)
13:29:49: [INFO] Adding track segment (F.Cu): [(248602500, 102235000), (243840000, 97472500)]
13:29:49: [INFO] Adding track segment (F.Cu): [(243840000, 97472500), (243840000, 83185000)]
13:29:49: [INFO] Routing pad 'SW50:1' at (239077500, 121285000) with pad 'SW40:1' at (248602500, 102235000) using coordinate system rotated by 0 degree(s)
13:29:49: [INFO] Adding track segment (F.Cu): [(239077500, 121285000), (248602500, 111760000)]
13:29:49: [INFO] Adding track segment (F.Cu): [(248602500, 111760000), (248602500, 102235000)]
13:29:49: [INFO] Routing pad 'SW40:1' at (248602500, 102235000) with pad 'SW99:1' at (451008750, 102235000) using coordinate system rotated by 0 degree(s)
13:29:49: [INFO] Adding track segment (F.Cu): [(248602500, 102235000), (451008750, 102235000)]
13:29:49: [INFO] Could not add track segment due to detected collision
13:29:49: [INFO] Routing pad 'SW89:1' at (458152500, 83185000) with pad 'SW79:1' at (453390000, 64135000) using coordinate system rotated by 0 degree(s)
13:29:49: [INFO] Routing pad 'SW99a:1' at (460533750, 92710000) with pad 'SW89:1' at (458152500, 83185000) using coordinate system rotated by 0 degree(s)
13:29:49: [INFO] Routing pad 'SW99:1' at (451008750, 102235000) with pad 'SW99a:1' at (460533750, 92710000) using coordinate system rotated by 0 degree(s)
13:29:49: [INFO] Adding track segment (F.Cu): [(451008750, 102235000), (451008750, 102235000)]
13:29:49: [INFO] Adding track segment (F.Cu): [(451008750, 102235000), (460533750, 92710000)]
13:29:49: [INFO] Routing pad 'SW79a:1' at (462915000, 64135000) with pad 'SW69:1' at (462915000, 35560000) using coordinate system rotated by 0 degree(s)
13:29:49: [INFO] Adding track segment (F.Cu): [(462915000, 64135000), (462915000, 35560000)]
13:29:49: [INFO] Routing pad 'SW79:1' at (453390000, 64135000) with pad 'SW79a:1' at (462915000, 64135000) using coordinate system rotated by 0 degree(s)
13:29:49: [INFO] Adding track segment (F.Cu): [(453390000, 64135000), (462915000, 64135000)]
13:29:49: [INFO] Routing pad 'SW99:1' at (451008750, 102235000) with pad 'SW108:1' at (462915000, 121285000) using coordinate system rotated by 0 degree(s)
13:29:49: [INFO] Adding track segment (F.Cu): [(451008750, 102235000), (451008750, 109378750)]
13:29:49: [INFO] Adding track segment (F.Cu): [(451008750, 109378750), (462915000, 121285000)]
13:29:49: [INFO] Routing pad 'SW108:1' at (462915000, 121285000) with pad 'SW115:1' at (467677500, 145097500) using coordinate system rotated by 0 degree(s)
13:29:49: [INFO] Routing COL5 pads
13:29:49: [INFO] Routing pad 'SW17:1' at (196215000, 64135000) with pad 'SW6:1' at (200977500, 35560000) using coordinate system rotated by 0 degree(s)
13:29:49: [INFO] Adding track segment (F.Cu): [(196215000, 64135000), (200977500, 59372500)]
13:29:49: [INFO] Adding track segment (F.Cu): [(200977500, 59372500), (200977500, 35560000)]
13:29:49: [INFO] Routing pad 'SW38:1' at (210502500, 102235000) with pad 'SW48:1' at (200977500, 121285000) using coordinate system rotated by 0 degree(s)
13:29:49: [INFO] Routing pad 'SW48:1' at (200977500, 121285000) with pad 'SW59b:1' at (203358750, 140335000) using coordinate system rotated by 0 degree(s)
13:29:49: [INFO] Adding track segment (F.Cu): [(200977500, 121285000), (200977500, 137953750)]
13:29:49: [INFO] Adding track segment (F.Cu): [(200977500, 137953750), (203358750, 140335000)]
13:29:49: [INFO] Routing pad 'SW17:1' at (196215000, 64135000) with pad 'SW28:1' at (205740000, 83185000) using coordinate system rotated by 0 degree(s)
13:29:49: [INFO] Adding track segment (F.Cu): [(196215000, 64135000), (196215000, 73660000)]
13:29:49: [INFO] Adding track segment (F.Cu): [(196215000, 73660000), (205740000, 83185000)]
13:29:49: [INFO] Routing pad 'SW59b:1' at (203358750, 140335000) with pad 'SW59:1' at (205740000, 140335000) using coordinate system rotated by 0 degree(s)
13:29:49: [INFO] Adding track segment (F.Cu): [(203358750, 140335000), (205740000, 140335000)]
13:29:49: [INFO] Routing pad 'SW59:1' at (205740000, 140335000) with pad 'SW59a:1' at (208121250, 140335000) using coordinate system rotated by 0 degree(s)
13:29:49: [INFO] Adding track segment (F.Cu): [(205740000, 140335000), (208121250, 140335000)]
13:29:49: [INFO] Routing pad 'SW28:1' at (205740000, 83185000) with pad 'SW38:1' at (210502500, 102235000) using coordinate system rotated by 0 degree(s)
13:29:49: [INFO] Adding track segment (F.Cu): [(205740000, 83185000), (205740000, 97472500)]
13:29:49: [INFO] Adding track segment (F.Cu): [(205740000, 97472500), (210502500, 102235000)]
13:29:49: [INFO] Routing pad 'SW38:1' at (210502500, 102235000) with pad 'SW106:1' at (410527500, 121285000) using coordinate system rotated by 0 degree(s)
13:29:49: [INFO] Routing pad 'SW106:1' at (410527500, 121285000) with pad 'SW113a:1' at (412908750, 140335000) using coordinate system rotated by 0 degree(s)
13:29:49: [INFO] Adding track segment (F.Cu): [(410527500, 121285000), (410527500, 137953750)]
13:29:49: [INFO] Adding track segment (F.Cu): [(410527500, 137953750), (412908750, 140335000)]
13:29:49: [INFO] Routing pad 'SW97:1' at (420052500, 102235000) with pad 'SW87:1' at (415290000, 83185000) using coordinate system rotated by 0 degree(s)
13:29:49: [INFO] Adding track segment (F.Cu): [(420052500, 102235000), (415290000, 97472500)]
13:29:49: [INFO] Adding track segment (F.Cu): [(415290000, 97472500), (415290000, 83185000)]
13:29:49: [INFO] Routing pad 'SW113a:1' at (412908750, 140335000) with pad 'SW113:1' at (415290000, 140335000) using coordinate system rotated by 0 degree(s)
13:29:49: [INFO] Adding track segment (F.Cu): [(412908750, 140335000), (415290000, 140335000)]
13:29:49: [INFO] Routing pad 'SW113:1' at (415290000, 140335000) with pad 'SW113b:1' at (417671250, 140335000) using coordinate system rotated by 0 degree(s)
13:29:49: [INFO] Adding track segment (F.Cu): [(415290000, 140335000), (417671250, 140335000)]
13:29:49: [INFO] Routing pad 'SW77:1' at (424815000, 64135000) with pad 'SW67:1' at (420052500, 35560000) using coordinate system rotated by 0 degree(s)
13:29:49: [INFO] Adding track segment (F.Cu): [(424815000, 64135000), (420052500, 59372500)]
13:29:49: [INFO] Adding track segment (F.Cu): [(420052500, 59372500), (420052500, 35560000)]
13:29:49: [INFO] Routing pad 'SW106:1' at (410527500, 121285000) with pad 'SW97:1' at (420052500, 102235000) using coordinate system rotated by 0 degree(s)
13:29:49: [INFO] Adding track segment (F.Cu): [(410527500, 121285000), (420052500, 111760000)]
13:29:49: [INFO] Adding track segment (F.Cu): [(420052500, 111760000), (420052500, 102235000)]
13:29:49: [INFO] Routing pad 'SW87:1' at (415290000, 83185000) with pad 'SW77:1' at (424815000, 64135000) using coordinate system rotated by 0 degree(s)
13:29:49: [INFO] Adding track segment (F.Cu): [(415290000, 83185000), (424815000, 73660000)]
13:29:49: [INFO] Adding track segment (F.Cu): [(424815000, 73660000), (424815000, 64135000)]
13:29:49: [INFO] Routing COL3 pads
13:29:49: [INFO] Routing pad 'SW4:1' at (148590000, 35560000) with pad 'SW15:1' at (148590000, 64135000) using coordinate system rotated by 0 degree(s)
13:29:49: [INFO] Adding track segment (F.Cu): [(148590000, 35560000), (148590000, 64135000)]
13:29:49: [INFO] Routing pad 'SW15:1' at (148590000, 64135000) with pad 'SW26:1' at (148590000, 83185000) using coordinate system rotated by 0 degree(s)
13:29:49: [INFO] Adding track segment (F.Cu): [(148590000, 64135000), (148590000, 83185000)]
13:29:49: [INFO] Routing pad 'SW26:1' at (148590000, 83185000) with pad 'SW36:1' at (148590000, 92710000) using coordinate system rotated by 0 degree(s)
13:29:49: [INFO] Adding track segment (F.Cu): [(148590000, 83185000), (148590000, 92710000)]
13:29:49: [INFO] Routing pad 'SW36:1' at (148590000, 92710000) with pad 'SW36a:1' at (148590000, 102235000) using coordinate system rotated by 0 degree(s)
13:29:49: [INFO] Adding track segment (F.Cu): [(148590000, 92710000), (148590000, 102235000)]
13:29:49: [INFO] Routing pad 'SW36a:1' at (148590000, 102235000) with pad 'SW46:1' at (148590000, 121285000) using coordinate system rotated by 0 degree(s)
13:29:49: [INFO] Adding track segment (F.Cu): [(148590000, 102235000), (148590000, 121285000)]
13:29:49: [INFO] Routing pad 'SW46:1' at (148590000, 121285000) with pad 'SW57:1' at (148590000, 130810000) using coordinate system rotated by 0 degree(s)
13:29:49: [INFO] Adding track segment (F.Cu): [(148590000, 121285000), (148590000, 130810000)]
13:29:49: [INFO] Routing pad 'SW57:1' at (148590000, 130810000) with pad 'SW57a:1' at (148590000, 140335000) using coordinate system rotated by 0 degree(s)
13:29:49: [INFO] Adding track segment (F.Cu): [(148590000, 130810000), (148590000, 140335000)]
13:29:49: [INFO] Routing pad 'SW46:1' at (148590000, 121285000) with pad 'SW104:1' at (372427500, 121285000) using coordinate system rotated by 0 degree(s)
13:29:49: [INFO] Adding track segment (F.Cu): [(148590000, 121285000), (372427500, 121285000)]
13:29:49: [INFO] Could not add track segment due to detected collision
13:29:49: [INFO] Routing pad 'SW104:1' at (372427500, 121285000) with pad 'SW111:1' at (372427500, 140335000) using coordinate system rotated by 0 degree(s)
13:29:49: [INFO] Adding track segment (F.Cu): [(372427500, 121285000), (372427500, 140335000)]
13:29:49: [INFO] Could not add track segment due to detected collision
13:29:49: [INFO] Routing pad 'SW95:1' at (381952500, 102235000) with pad 'SW85:1' at (377190000, 83185000) using coordinate system rotated by 0 degree(s)
13:29:49: [INFO] Adding track segment (F.Cu): [(381952500, 102235000), (377190000, 97472500)]
13:29:49: [INFO] Adding track segment (F.Cu): [(377190000, 97472500), (377190000, 83185000)]
13:29:49: [INFO] Routing pad 'SW75:1' at (386715000, 64135000) with pad 'SW65:1' at (381952500, 35560000) using coordinate system rotated by 0 degree(s)
13:29:50: [INFO] Adding track segment (F.Cu): [(386715000, 64135000), (381952500, 59372500)]
13:29:50: [INFO] Adding track segment (F.Cu): [(381952500, 59372500), (381952500, 35560000)]
13:29:50: [INFO] Routing pad 'SW104:1' at (372427500, 121285000) with pad 'SW95:1' at (381952500, 102235000) using coordinate system rotated by 0 degree(s)
13:29:50: [INFO] Adding track segment (F.Cu): [(372427500, 121285000), (381952500, 111760000)]
13:29:50: [INFO] Adding track segment (F.Cu): [(381952500, 111760000), (381952500, 102235000)]
13:29:50: [INFO] Routing pad 'SW85:1' at (377190000, 83185000) with pad 'SW75:1' at (386715000, 64135000) using coordinate system rotated by 0 degree(s)
13:29:50: [INFO] Adding track segment (F.Cu): [(377190000, 83185000), (386715000, 73660000)]
13:29:50: [INFO] Adding track segment (F.Cu): [(386715000, 73660000), (386715000, 64135000)]
13:29:50: [INFO] Routing ROW8 pads
13:29:50: [INFO] Routing pad 'D82:1' at (328930000, 91125000) with pad 'D83:1' at (347980000, 91125000) using coordinate system rotated by 0 degree(s)
13:29:50: [INFO] Adding track segment (B.Cu): [(328930000, 91125000), (347980000, 91125000)]
13:29:50: [INFO] Routing pad 'D83:1' at (347980000, 91125000) with pad 'D84:1' at (367030000, 91125000) using coordinate system rotated by 0 degree(s)
13:29:50: [INFO] Adding track segment (B.Cu): [(347980000, 91125000), (367030000, 91125000)]
13:29:50: [INFO] Routing pad 'D84:1' at (367030000, 91125000) with pad 'D85:1' at (386080000, 91125000) using coordinate system rotated by 0 degree(s)
13:29:50: [INFO] Adding track segment (B.Cu): [(367030000, 91125000), (386080000, 91125000)]
13:29:50: [INFO] Routing pad 'D85:1' at (386080000, 91125000) with pad 'D86:1' at (405130000, 91125000) using coordinate system rotated by 0 degree(s)
13:29:50: [INFO] Adding track segment (B.Cu): [(386080000, 91125000), (405130000, 91125000)]
13:29:50: [INFO] Routing pad 'D86:1' at (405130000, 91125000) with pad 'D87:1' at (424180000, 91125000) using coordinate system rotated by 0 degree(s)
13:29:50: [INFO] Adding track segment (B.Cu): [(405130000, 91125000), (424180000, 91125000)]
13:29:50: [INFO] Routing pad 'D87:1' at (424180000, 91125000) with pad 'D88:1' at (443230000, 91125000) using coordinate system rotated by 0 degree(s)
13:29:50: [INFO] Adding track segment (B.Cu): [(424180000, 91125000), (443230000, 91125000)]
13:29:50: [INFO] Routing pad 'D88:1' at (443230000, 91125000) with pad 'D89:1' at (467042500, 91125000) using coordinate system rotated by 0 degree(s)
13:29:50: [INFO] Adding track segment (B.Cu): [(443230000, 91125000), (467042500, 91125000)]
13:29:50: [INFO] Could not add track segment due to detected collision
13:29:50: [INFO] Routing pad 'D89:1' at (467042500, 91125000) with pad 'D90:1' at (495617500, 91125000) using coordinate system rotated by 0 degree(s)
13:29:50: [INFO] Adding track segment (B.Cu): [(467042500, 91125000), (495617500, 91125000)]
13:29:50: [INFO] Could not add track segment due to detected collision
13:29:50: [INFO] Routing pad 'D90:1' at (495617500, 91125000) with pad 'D91:1' at (514667500, 91125000) using coordinate system rotated by 0 degree(s)
13:29:50: [INFO] Adding track segment (B.Cu): [(495617500, 91125000), (514667500, 91125000)]
13:29:50: [INFO] Routing COL6 pads
13:29:50: [INFO] Routing pad 'SW18:1' at (215265000, 64135000) with pad 'SW7:1' at (220027500, 35560000) using coordinate system rotated by 0 degree(s)
13:29:50: [INFO] Adding track segment (F.Cu): [(215265000, 64135000), (220027500, 59372500)]
13:29:50: [INFO] Adding track segment (F.Cu): [(220027500, 59372500), (220027500, 35560000)]
13:29:50: [INFO] Routing pad 'SW39:1' at (229552500, 102235000) with pad 'SW49:1' at (220027500, 121285000) using coordinate system rotated by 0 degree(s)
13:29:50: [INFO] Adding track segment (F.Cu): [(229552500, 102235000), (229552500, 111760000)]
13:29:50: [INFO] Adding track segment (F.Cu): [(229552500, 111760000), (220027500, 121285000)]
13:29:50: [INFO] Routing pad 'SW18:1' at (215265000, 64135000) with pad 'SW29:1' at (224790000, 83185000) using coordinate system rotated by 0 degree(s)
13:29:50: [INFO] Adding track segment (F.Cu): [(215265000, 64135000), (215265000, 73660000)]
13:29:50: [INFO] Adding track segment (F.Cu): [(215265000, 73660000), (224790000, 83185000)]
13:29:50: [INFO] Routing pad 'SW29:1' at (224790000, 83185000) with pad 'SW39:1' at (229552500, 102235000) using coordinate system rotated by 0 degree(s)
13:29:50: [INFO] Adding track segment (F.Cu): [(224790000, 83185000), (224790000, 97472500)]
13:29:50: [INFO] Adding track segment (F.Cu): [(224790000, 97472500), (229552500, 102235000)]
13:29:50: [INFO] Routing pad 'SW39:1' at (229552500, 102235000) with pad 'SW88:1' at (434340000, 83185000) using coordinate system rotated by 0 degree(s)
13:29:50: [INFO] Routing pad 'SW98:1' at (439102500, 102235000) with pad 'SW107a:1' at (436721250, 121285000) using coordinate system rotated by 0 degree(s)
13:29:50: [INFO] Routing pad 'SW78:1' at (443865000, 64135000) with pad 'SW68:1' at (439102500, 35560000) using coordinate system rotated by 0 degree(s)
13:29:50: [INFO] Adding track segment (F.Cu): [(443865000, 64135000), (439102500, 59372500)]
13:29:50: [INFO] Adding track segment (F.Cu): [(439102500, 59372500), (439102500, 35560000)]
13:29:50: [INFO] Routing pad 'SW88:1' at (434340000, 83185000) with pad 'SW98:1' at (439102500, 102235000) using coordinate system rotated by 0 degree(s)
13:29:50: [INFO] Adding track segment (F.Cu): [(434340000, 83185000), (434340000, 97472500)]
13:29:50: [INFO] Adding track segment (F.Cu): [(434340000, 97472500), (439102500, 102235000)]
13:29:50: [INFO] Routing pad 'SW107a:1' at (436721250, 121285000) with pad 'SW114:1' at (439102500, 140335000) using coordinate system rotated by 0 degree(s)
13:29:50: [INFO] Routing pad 'SW114:1' at (439102500, 140335000) with pad 'SW114a:1' at (441483750, 140335000) using coordinate system rotated by 0 degree(s)
13:29:50: [INFO] Adding track segment (F.Cu): [(439102500, 140335000), (441483750, 140335000)]
13:29:50: [INFO] Routing pad 'SW88:1' at (434340000, 83185000) with pad 'SW78:1' at (443865000, 64135000) using coordinate system rotated by 0 degree(s)
13:29:50: [INFO] Routing pad 'SW107a:1' at (436721250, 121285000) with pad 'SW107:1' at (446246250, 121285000) using coordinate system rotated by 0 degree(s)
13:29:50: [INFO] Adding track segment (F.Cu): [(436721250, 121285000), (446246250, 121285000)]
13:29:50: [INFO] Routing ROW5 pads
13:29:50: [INFO] Routing pad 'D54:1' at (100330000, 138750000) with pad 'D55:1' at (109855000, 148275000) using coordinate system rotated by 0 degree(s)
13:29:50: [INFO] Routing pad 'D55:1' at (109855000, 148275000) with pad 'D56:1' at (138430000, 148275000) using coordinate system rotated by 0 degree(s)
13:29:50: [INFO] Adding track segment (B.Cu): [(109855000, 148275000), (138430000, 148275000)]
13:29:50: [INFO] Routing pad 'D56:1' at (138430000, 148275000) with pad 'D57:1' at (157480000, 138750000) using coordinate system rotated by 0 degree(s)
13:29:50: [INFO] Routing pad 'D57:1' at (157480000, 138750000) with pad 'D58:1' at (190817500, 148275000) using coordinate system rotated by 0 degree(s)
13:29:50: [INFO] Adding track segment (B.Cu): [(157480000, 138750000), (167005000, 148275000)]
13:29:50: [INFO] Adding track segment (B.Cu): [(167005000, 148275000), (190817500, 148275000)]
13:29:50: [INFO] Routing pad 'D58:1' at (190817500, 148275000) with pad 'D59:1' at (214630000, 148275000) using coordinate system rotated by 0 degree(s)
13:29:50: [INFO] Adding track segment (B.Cu): [(190817500, 148275000), (214630000, 148275000)]
13:29:50: [INFO] Routing pad 'D59:1' at (214630000, 148275000) with pad 'D60:1' at (238442500, 148275000) using coordinate system rotated by 0 degree(s)
13:29:50: [INFO] Adding track segment (B.Cu): [(214630000, 148275000), (238442500, 148275000)]
13:29:50: [INFO] Routing pad 'D60:1' at (238442500, 148275000) with pad 'D61:1' at (257492500, 148275000) using coordinate system rotated by 0 degree(s)
13:29:50: [INFO] Adding track segment (B.Cu): [(238442500, 148275000), (257492500, 148275000)]
13:29:50: [INFO] Routing pad 'D61:1' at (257492500, 148275000) with pad 'D62:1' at (281305000, 148275000) using coordinate system rotated by 0 degree(s)
13:29:50: [INFO] Adding track segment (B.Cu): [(257492500, 148275000), (281305000, 148275000)]
13:29:50: [INFO] Routing ROW3 pads
13:29:50: [INFO] Routing pad 'D33:1' at (100330000, 110175000) with pad 'D34:1' at (119380000, 110175000) using coordinate system rotated by 0 degree(s)
13:29:50: [INFO] Adding track segment (B.Cu): [(100330000, 110175000), (119380000, 110175000)]
13:29:50: [INFO] Routing pad 'D34:1' at (119380000, 110175000) with pad 'D35:1' at (138430000, 110175000) using coordinate system rotated by 0 degree(s)
13:29:50: [INFO] Adding track segment (B.Cu): [(119380000, 110175000), (138430000, 110175000)]
13:29:50: [INFO] Routing pad 'D35:1' at (138430000, 110175000) with pad 'D36:1' at (157480000, 100650000) using coordinate system rotated by 0 degree(s)
13:29:50: [INFO] Routing pad 'D36:1' at (157480000, 100650000) with pad 'D37:1' at (193198750, 110175000) using coordinate system rotated by 0 degree(s)
13:29:50: [INFO] Adding track segment (B.Cu): [(157480000, 100650000), (167005000, 110175000)]
13:29:50: [INFO] Adding track segment (B.Cu): [(167005000, 110175000), (193198750, 110175000)]
13:29:50: [INFO] Routing pad 'D37:1' at (193198750, 110175000) with pad 'D38:1' at (219392500, 110175000) using coordinate system rotated by 0 degree(s)
13:29:50: [INFO] Adding track segment (B.Cu): [(193198750, 110175000), (219392500, 110175000)]
13:29:50: [INFO] Routing pad 'D38:1' at (219392500, 110175000) with pad 'D39:1' at (238442500, 110175000) using coordinate system rotated by 0 degree(s)
13:29:50: [INFO] Adding track segment (B.Cu): [(219392500, 110175000), (238442500, 110175000)]
13:29:50: [INFO] Routing pad 'D39:1' at (238442500, 110175000) with pad 'D40:1' at (257492500, 110175000) using coordinate system rotated by 0 degree(s)
13:29:50: [INFO] Adding track segment (B.Cu): [(238442500, 110175000), (257492500, 110175000)]
13:29:50: [INFO] Routing pad 'D40:1' at (257492500, 110175000) with pad 'D41:1' at (276542500, 110175000) using coordinate system rotated by 0 degree(s)
13:29:50: [INFO] Adding track segment (B.Cu): [(257492500, 110175000), (276542500, 110175000)]
13:29:51: [INFO] Routing pad 'D41:1' at (276542500, 110175000) with pad 'D42:1' at (295592500, 110175000) using coordinate system rotated by 0 degree(s)
13:29:51: [INFO] Adding track segment (B.Cu): [(276542500, 110175000), (295592500, 110175000)]
13:29:51: [INFO] Routing COL4 pads
13:29:51: [INFO] Routing pad 'SW5:1' at (177165000, 35560000) with pad 'SW16:1' at (177165000, 64135000) using coordinate system rotated by 0 degree(s)
13:29:51: [INFO] Adding track segment (F.Cu): [(177165000, 35560000), (177165000, 64135000)]
13:29:51: [INFO] Routing pad 'SW37:1' at (184308750, 102235000) with pad 'SW47a:1' at (179546250, 121285000) using coordinate system rotated by 0 degree(s)
13:29:51: [INFO] Adding track segment (F.Cu): [(184308750, 102235000), (184308750, 116522500)]
13:29:51: [INFO] Adding track segment (F.Cu): [(184308750, 116522500), (179546250, 121285000)]
13:29:51: [INFO] Routing pad 'SW47a:1' at (179546250, 121285000) with pad 'SW58a:1' at (179546250, 140335000) using coordinate system rotated by 0 degree(s)
13:29:51: [INFO] Adding track segment (F.Cu): [(179546250, 121285000), (179546250, 140335000)]
13:29:51: [INFO] Could not add track segment due to detected collision
13:29:51: [INFO] Routing pad 'SW16:1' at (177165000, 64135000) with pad 'SW27:1' at (181927500, 83185000) using coordinate system rotated by 0 degree(s)
13:29:51: [INFO] Adding track segment (F.Cu): [(177165000, 64135000), (177165000, 78422500)]
13:29:51: [INFO] Adding track segment (F.Cu): [(177165000, 78422500), (181927500, 83185000)]
13:29:51: [INFO] Routing pad 'SW58a:1' at (179546250, 140335000) with pad 'SW58:1' at (181927500, 140335000) using coordinate system rotated by 0 degree(s)
13:29:51: [INFO] Adding track segment (F.Cu): [(179546250, 140335000), (181927500, 140335000)]
13:29:51: [INFO] Routing pad 'SW27:1' at (181927500, 83185000) with pad 'SW37:1' at (184308750, 102235000) using coordinate system rotated by 0 degree(s)
13:29:51: [INFO] Adding track segment (F.Cu): [(181927500, 83185000), (181927500, 99853750)]
13:29:51: [INFO] Adding track segment (F.Cu): [(181927500, 99853750), (184308750, 102235000)]
13:29:51: [INFO] Routing pad 'SW47a:1' at (179546250, 121285000) with pad 'SW47:1' at (189071250, 121285000) using coordinate system rotated by 0 degree(s)
13:29:51: [INFO] Adding track segment (F.Cu): [(179546250, 121285000), (189071250, 121285000)]
13:29:51: [INFO] Routing pad 'SW47:1' at (189071250, 121285000) with pad 'SW112a:1' at (386715000, 140335000) using coordinate system rotated by 0 degree(s)
13:29:51: [INFO] Routing pad 'SW112:1' at (391477500, 140335000) with pad 'SW105:1' at (391477500, 121285000) using coordinate system rotated by 0 degree(s)
13:29:51: [INFO] Adding track segment (F.Cu): [(391477500, 140335000), (391477500, 121285000)]
13:29:51: [INFO] Routing pad 'SW112a:1' at (386715000, 140335000) with pad 'SW112:1' at (391477500, 140335000) using coordinate system rotated by 0 degree(s)
13:29:51: [INFO] Adding track segment (F.Cu): [(386715000, 140335000), (391477500, 140335000)]
13:29:51: [INFO] Routing pad 'SW112:1' at (391477500, 140335000) with pad 'SW112b:1' at (393858750, 140335000) using coordinate system rotated by 0 degree(s)
13:29:51: [INFO] Adding track segment (F.Cu): [(391477500, 140335000), (393858750, 140335000)]
13:29:51: [INFO] Routing pad 'SW96:1' at (401002500, 102235000) with pad 'SW86:1' at (396240000, 83185000) using coordinate system rotated by 0 degree(s)
13:29:51: [INFO] Adding track segment (F.Cu): [(401002500, 102235000), (396240000, 97472500)]
13:29:51: [INFO] Adding track segment (F.Cu): [(396240000, 97472500), (396240000, 83185000)]
13:29:51: [INFO] Routing pad 'SW76:1' at (405765000, 64135000) with pad 'SW66:1' at (401002500, 35560000) using coordinate system rotated by 0 degree(s)
13:29:51: [INFO] Adding track segment (F.Cu): [(405765000, 64135000), (401002500, 59372500)]
13:29:51: [INFO] Adding track segment (F.Cu): [(401002500, 59372500), (401002500, 35560000)]
13:29:51: [INFO] Routing pad 'SW105:1' at (391477500, 121285000) with pad 'SW96:1' at (401002500, 102235000) using coordinate system rotated by 0 degree(s)
13:29:51: [INFO] Adding track segment (F.Cu): [(391477500, 121285000), (401002500, 111760000)]
13:29:51: [INFO] Adding track segment (F.Cu): [(401002500, 111760000), (401002500, 102235000)]
13:29:51: [INFO] Routing pad 'SW86:1' at (396240000, 83185000) with pad 'SW76:1' at (405765000, 64135000) using coordinate system rotated by 0 degree(s)
13:29:51: [INFO] Adding track segment (F.Cu): [(396240000, 83185000), (405765000, 73660000)]
13:29:51: [INFO] Adding track segment (F.Cu): [(405765000, 73660000), (405765000, 64135000)]
13:29:51: [INFO] Routing ROW6 pads
13:29:51: [INFO] Routing pad 'D63:1' at (347980000, 43500000) with pad 'D64:1' at (367030000, 43500000) using coordinate system rotated by 0 degree(s)
13:29:51: [INFO] Adding track segment (B.Cu): [(347980000, 43500000), (367030000, 43500000)]
13:29:51: [INFO] Routing pad 'D64:1' at (367030000, 43500000) with pad 'D65:1' at (390842500, 43500000) using coordinate system rotated by 0 degree(s)
13:29:51: [INFO] Adding track segment (B.Cu): [(367030000, 43500000), (390842500, 43500000)]
13:29:51: [INFO] Routing pad 'D65:1' at (390842500, 43500000) with pad 'D66:1' at (409892500, 43500000) using coordinate system rotated by 0 degree(s)
13:29:51: [INFO] Adding track segment (B.Cu): [(390842500, 43500000), (409892500, 43500000)]
13:29:51: [INFO] Routing pad 'D66:1' at (409892500, 43500000) with pad 'D67:1' at (428942500, 43500000) using coordinate system rotated by 0 degree(s)
13:29:51: [INFO] Adding track segment (B.Cu): [(409892500, 43500000), (428942500, 43500000)]
13:29:51: [INFO] Routing pad 'D67:1' at (428942500, 43500000) with pad 'D68:1' at (447992500, 43500000) using coordinate system rotated by 0 degree(s)
13:29:51: [INFO] Adding track segment (B.Cu): [(428942500, 43500000), (447992500, 43500000)]
13:29:51: [INFO] Routing pad 'D68:1' at (447992500, 43500000) with pad 'D69:1' at (471805000, 43500000) using coordinate system rotated by 0 degree(s)
13:29:51: [INFO] Adding track segment (B.Cu): [(447992500, 43500000), (471805000, 43500000)]
13:29:51: [INFO] Routing pad 'D69:1' at (471805000, 43500000) with pad 'D70:1' at (495617500, 43500000) using coordinate system rotated by 0 degree(s)
13:29:51: [INFO] Adding track segment (B.Cu): [(471805000, 43500000), (495617500, 43500000)]
13:29:51: [INFO] Routing pad 'D70:1' at (495617500, 43500000) with pad 'D71:1' at (514667500, 43500000) using coordinate system rotated by 0 degree(s)
13:29:51: [INFO] Adding track segment (B.Cu): [(495617500, 43500000), (514667500, 43500000)]
13:29:51: [INFO] Routing COL2 pads
13:29:51: [INFO] Routing pad 'SW3:1' at (129540000, 35560000) with pad 'SW14:1' at (129540000, 64135000) using coordinate system rotated by 0 degree(s)
13:29:51: [INFO] Adding track segment (F.Cu): [(129540000, 35560000), (129540000, 64135000)]
13:29:51: [INFO] Routing pad 'SW14:1' at (129540000, 64135000) with pad 'SW25:1' at (129540000, 83185000) using coordinate system rotated by 0 degree(s)
13:29:51: [INFO] Adding track segment (F.Cu): [(129540000, 64135000), (129540000, 83185000)]
13:29:51: [INFO] Routing pad 'SW25:1' at (129540000, 83185000) with pad 'SW35:1' at (129540000, 102235000) using coordinate system rotated by 0 degree(s)
13:29:51: [INFO] Adding track segment (F.Cu): [(129540000, 83185000), (129540000, 102235000)]
13:29:51: [INFO] Routing pad 'SW35:1' at (129540000, 102235000) with pad 'SW45:1' at (129540000, 121285000) using coordinate system rotated by 0 degree(s)
13:29:51: [INFO] Adding track segment (F.Cu): [(129540000, 102235000), (129540000, 121285000)]
13:29:51: [INFO] Routing pad 'SW45:1' at (129540000, 121285000) with pad 'SW56:1' at (129540000, 140335000) using coordinate system rotated by 0 degree(s)
13:29:51: [INFO] Adding track segment (F.Cu): [(129540000, 121285000), (129540000, 140335000)]
13:29:51: [INFO] Could not add track segment due to detected collision
13:29:51: [INFO] Routing pad 'SW56:1' at (129540000, 140335000) with pad 'SW56a:1' at (139065000, 140335000) using coordinate system rotated by 0 degree(s)
13:29:51: [INFO] Adding track segment (F.Cu): [(129540000, 140335000), (139065000, 140335000)]
13:29:51: [INFO] Routing pad 'SW56a:1' at (139065000, 140335000) with pad 'SW110b:1' at (341471250, 140335000) using coordinate system rotated by 0 degree(s)
13:29:51: [INFO] Adding track segment (F.Cu): [(139065000, 140335000), (341471250, 140335000)]
13:29:51: [INFO] Could not add track segment due to detected collision
13:29:51: [INFO] Routing pad 'SW110b:1' at (341471250, 140335000) with pad 'SW110a:1' at (346233750, 140335000) using coordinate system rotated by 0 degree(s)
13:29:51: [INFO] Adding track segment (F.Cu): [(341471250, 140335000), (346233750, 140335000)]
13:29:51: [INFO] Routing pad 'SW110a:1' at (346233750, 140335000) with pad 'SW110:1' at (348615000, 140335000) using coordinate system rotated by 0 degree(s)
13:29:51: [INFO] Adding track segment (F.Cu): [(346233750, 140335000), (348615000, 140335000)]
13:29:51: [INFO] Routing pad 'SW110:1' at (348615000, 140335000) with pad 'SW103:1' at (353377500, 121285000) using coordinate system rotated by 0 degree(s)
13:29:51: [INFO] Routing pad 'SW94:1' at (362902500, 102235000) with pad 'SW84:1' at (358140000, 83185000) using coordinate system rotated by 0 degree(s)
13:29:51: [INFO] Adding track segment (F.Cu): [(362902500, 102235000), (358140000, 97472500)]
13:29:51: [INFO] Adding track segment (F.Cu): [(358140000, 97472500), (358140000, 83185000)]
13:29:51: [INFO] Routing pad 'SW103:1' at (353377500, 121285000) with pad 'SW94:1' at (362902500, 102235000) using coordinate system rotated by 0 degree(s)
13:29:51: [INFO] Adding track segment (F.Cu): [(353377500, 121285000), (362902500, 111760000)]
13:29:51: [INFO] Adding track segment (F.Cu): [(362902500, 111760000), (362902500, 102235000)]
13:29:51: [INFO] Routing pad 'SW84:1' at (358140000, 83185000) with pad 'SW74:1' at (367665000, 64135000) using coordinate system rotated by 0 degree(s)
13:29:51: [INFO] Adding track segment (F.Cu): [(358140000, 83185000), (367665000, 73660000)]
13:29:51: [INFO] Adding track segment (F.Cu): [(367665000, 73660000), (367665000, 64135000)]
13:29:51: [INFO] Routing COL9 pads
13:29:51: [INFO] Routing pad 'SW62a:1' at (274796250, 140335000) with pad 'SW62:1' at (272415000, 140335000) using coordinate system rotated by 0 degree(s)
13:29:51: [INFO] Adding track segment (F.Cu): [(274796250, 140335000), (272415000, 140335000)]
13:29:51: [INFO] Routing pad 'SW52:1' at (277177500, 121285000) with pad 'SW62a:1' at (274796250, 140335000) using coordinate system rotated by 0 degree(s)
13:29:51: [INFO] Adding track segment (F.Cu): [(277177500, 121285000), (277177500, 137953750)]
13:29:51: [INFO] Adding track segment (F.Cu): [(277177500, 137953750), (274796250, 140335000)]
13:29:51: [INFO] Routing pad 'SW42:1' at (286702500, 102235000) with pad 'SW52:1' at (277177500, 121285000) using coordinate system rotated by 0 degree(s)
13:29:51: [INFO] Adding track segment (F.Cu): [(286702500, 102235000), (286702500, 111760000)]
13:29:51: [INFO] Adding track segment (F.Cu): [(286702500, 111760000), (277177500, 121285000)]
13:29:51: [INFO] Routing pad 'SW62a:1' at (274796250, 140335000) with pad 'SW62b:1' at (279558750, 140335000) using coordinate system rotated by 0 degree(s)
13:29:51: [INFO] Adding track segment (F.Cu): [(274796250, 140335000), (279558750, 140335000)]
13:29:51: [INFO] Routing pad 'SW21:1' at (272415000, 64135000) with pad 'SW10:1' at (281940000, 35560000) using coordinate system rotated by 0 degree(s)
13:29:51: [INFO] Adding track segment (F.Cu): [(272415000, 64135000), (281940000, 54610000)]
13:29:51: [INFO] Adding track segment (F.Cu): [(281940000, 54610000), (281940000, 35560000)]
13:29:51: [INFO] Routing pad 'SW21:1' at (272415000, 64135000) with pad 'SW32:1' at (281940000, 83185000) using coordinate system rotated by 0 degree(s)
13:29:52: [INFO] Adding track segment (F.Cu): [(272415000, 64135000), (272415000, 73660000)]
13:29:52: [INFO] Adding track segment (F.Cu): [(272415000, 73660000), (281940000, 83185000)]
13:29:52: [INFO] Routing pad 'SW32:1' at (281940000, 83185000) with pad 'SW42:1' at (286702500, 102235000) using coordinate system rotated by 0 degree(s)
13:29:52: [INFO] Adding track segment (F.Cu): [(281940000, 83185000), (281940000, 97472500)]
13:29:52: [INFO] Adding track segment (F.Cu): [(281940000, 97472500), (286702500, 102235000)]
13:29:52: [INFO] Routing pad 'SW81:1' at (505777500, 64135000) with pad 'SW71:1' at (505777500, 35560000) using coordinate system rotated by 0 degree(s)
13:29:52: [INFO] Adding track segment (F.Cu): [(505777500, 64135000), (505777500, 35560000)]
13:29:52: [INFO] Routing pad 'SW91:1' at (505777500, 83185000) with pad 'SW81:1' at (505777500, 64135000) using coordinate system rotated by 0 degree(s)
13:29:52: [INFO] Adding track segment (F.Cu): [(505777500, 83185000), (505777500, 64135000)]
13:29:52: [INFO] Routing pad 'SW101:1' at (505777500, 102235000) with pad 'SW91:1' at (505777500, 83185000) using coordinate system rotated by 0 degree(s)
13:29:52: [INFO] Adding track segment (F.Cu): [(505777500, 102235000), (505777500, 83185000)]
13:29:52: [INFO] Routing pad 'SW42:1' at (286702500, 102235000) with pad 'SW101:1' at (505777500, 102235000) using coordinate system rotated by 0 degree(s)
13:29:52: [INFO] Adding track segment (F.Cu): [(286702500, 102235000), (505777500, 102235000)]
13:29:52: [INFO] Could not add track segment due to detected collision
13:29:52: [INFO] Routing pad 'SW101:1' at (505777500, 102235000) with pad 'SW117:1' at (505777500, 145097500) using coordinate system rotated by 0 degree(s)
13:29:52: [INFO] Adding track segment (F.Cu): [(505777500, 102235000), (505777500, 145097500)]
13:29:52: [INFO] Routing COL1 pads
13:29:52: [INFO] Routing pad 'SW13:1' at (110490000, 64135000) with pad 'SW2:1' at (110490000, 35560000) using coordinate system rotated by 0 degree(s)
13:29:52: [INFO] Adding track segment (F.Cu): [(110490000, 64135000), (110490000, 35560000)]
13:29:52: [INFO] Routing pad 'SW24:1' at (110490000, 83185000) with pad 'SW13:1' at (110490000, 64135000) using coordinate system rotated by 0 degree(s)
13:29:52: [INFO] Adding track segment (F.Cu): [(110490000, 83185000), (110490000, 64135000)]
13:29:52: [INFO] Routing pad 'SW34:1' at (110490000, 102235000) with pad 'SW24:1' at (110490000, 83185000) using coordinate system rotated by 0 degree(s)
13:29:52: [INFO] Adding track segment (F.Cu): [(110490000, 102235000), (110490000, 83185000)]
13:29:52: [INFO] Routing pad 'SW44:1' at (110490000, 121285000) with pad 'SW34:1' at (110490000, 102235000) using coordinate system rotated by 0 degree(s)
13:29:52: [INFO] Adding track segment (F.Cu): [(110490000, 121285000), (110490000, 102235000)]
13:29:52: [INFO] Routing pad 'SW55a:1' at (110490000, 140335000) with pad 'SW44:1' at (110490000, 121285000) using coordinate system rotated by 0 degree(s)
13:29:52: [INFO] Adding track segment (F.Cu): [(110490000, 140335000), (110490000, 121285000)]
13:29:52: [INFO] Routing pad 'SW55:1' at (100965000, 140335000) with pad 'SW55a:1' at (110490000, 140335000) using coordinate system rotated by 0 degree(s)
13:29:52: [INFO] Adding track segment (F.Cu): [(100965000, 140335000), (110490000, 140335000)]
13:29:52: [INFO] Routing pad 'SW44:1' at (110490000, 121285000) with pad 'SW102:1' at (334327500, 121285000) using coordinate system rotated by 0 degree(s)
13:29:52: [INFO] Adding track segment (F.Cu): [(110490000, 121285000), (334327500, 121285000)]
13:29:52: [INFO] Could not add track segment due to detected collision
13:29:52: [INFO] Routing pad 'SW93:1' at (343852500, 102235000) with pad 'SW83:1' at (339090000, 83185000) using coordinate system rotated by 0 degree(s)
13:29:52: [INFO] Adding track segment (F.Cu): [(343852500, 102235000), (339090000, 97472500)]
13:29:52: [INFO] Adding track segment (F.Cu): [(339090000, 97472500), (339090000, 83185000)]
13:29:52: [INFO] Routing pad 'SW102:1' at (334327500, 121285000) with pad 'SW93:1' at (343852500, 102235000) using coordinate system rotated by 0 degree(s)
13:29:52: [INFO] Adding track segment (F.Cu): [(334327500, 121285000), (343852500, 111760000)]
13:29:52: [INFO] Adding track segment (F.Cu): [(343852500, 111760000), (343852500, 102235000)]
13:29:52: [INFO] Routing pad 'SW83:1' at (339090000, 83185000) with pad 'SW73:1' at (348615000, 64135000) using coordinate system rotated by 0 degree(s)
13:29:52: [INFO] Adding track segment (F.Cu): [(339090000, 83185000), (348615000, 73660000)]
13:29:52: [INFO] Adding track segment (F.Cu): [(348615000, 73660000), (348615000, 64135000)]
13:29:52: [INFO] Routing pad 'SW73:1' at (348615000, 64135000) with pad 'SW64:1' at (358140000, 35560000) using coordinate system rotated by 0 degree(s)
13:29:52: [INFO] Adding track segment (F.Cu): [(348615000, 64135000), (358140000, 54610000)]
13:29:52: [INFO] Adding track segment (F.Cu): [(358140000, 54610000), (358140000, 35560000)]
13:29:52: [INFO] Removing dangling tracks
13:29:52: [INFO] Removing d8928d5c-57ff-48e3-8f16-cc98ea405137
