=== kbplacer.kle_serial ===
=== layout2image.py ===
=== kbplacer ===
13:32:41: [INFO] User layout: https://editor.keyboard-tools.xyz/#share=NrDeCIA9wLgAgEwGYB0CCsAaO4Ces4AGFARm3AGcBbA8AJwHsAXAfQFMBjEk8AX3MKYAnAB0AduMkTpU8W0LgAupgBQYKAQQosOfPAC0xMjg60AxAHYr18OWq0+AzAuwRo8YhnKn44MxwDAxxxBHnIyMLg3AiEUC3R+EMwANlscMlTXDQ80BPDBTKSLJVV1d0RPHTwCQxRkvPTMYqcADjTwEkE28OEStWj4EnRc8j04WqHEjsF0PrKCVGNqg2IhBo7nds7N5X7suBJkkd0a1amEFLSIHxwzAEMHx-aAd00poUus8pIUQRNzQJBc5NLaYbo4D7giAACze5BaYLmA0QKBaVTGE285keT3Ir0G2mBLii4BufkBAWC4A+xORCCMVTJlmsVheBB+XhwsPgFxwzwQ7O05GhAsG5EgovGlSmFhSsjEoSR+0Oo1OKA+-18-gpVKQnxwCMKEHxB0J5FlFnlglp+2I8SmeuaOAu4PAsrau3mPLi6LVSyZOIebIJ9vIeptTIppimCJt31ihCmyTlMgVmB4nuRQ2Oyyl6pjmFm5AALPrruYWay8ZpcjKU1JrVdbT6sVqo1TS07wHrXcmoeBuYgplgPaUIBijK3boG7sHTRgpqXCPKIk3Izq68vU6uvgRKlO-DO51oFyXnCvNll14CqVgM2Plb6Vvmz0WcLK3+WtUfq97QzgsCNZUhU1W52ymbYu1LUc9nKelVWfCxS1AvxK2KYcQUzfYtCfPMkGTFD7kDOcOXWLAbRNUikx2B9vmGeIELzDVwEo2tyCwT8WMFU8cGTWYsPjRjagYwi0KpZMuwRLsPmKLC6HZP56HKPUcDoMZixzOCQNzfRUBE0kAQ3JwBR6EySXKaUnCQUFrIEzRGMs510y2RVyAuMzpkwDyLls2ia3WPVImpZywy89oPgFOy-3WUsgoRILSw8hFIr8+BUB4t0QoAsLzRynA9V82CFm0gNiN-ed1mTSIvzAnVyq0f9wGTFK9nkgxtlU74cPINSCGQ-Z9B+RSMRw95MGs-JxqbCy2KSYt2hmJVevgDTOQG0ihJ+dYEQmxp5sm-bGn41Lxh+RrZV28ALkO4KbouN9guOor2rNXiptCm6ERuvUnq9cYtETdj3pwUsbqwG7ZXmqLTpbPkawy0tdpqw8yrhgkMuTKHFCAA
13:32:41: [INFO] Labels prefixes: for rows: 'ROW', for columns: 'COL'
13:32:41: [INFO] Matrix size: 10x9
13:32:41: [WARNING] No stabilizer footprint for width 2.25u, using 2u as fallback
13:32:41: [WARNING] No stabilizer footprint for width 2.25u, using 2u as fallback
13:32:41: [WARNING] No stabilizer footprint for width 2.75u, using 2u as fallback
13:32:41: [WARNING] No stabilizer footprint for width 2.75u, using 2u as fallback
13:32:41: [WARNING] No stabilizer footprint for width 2.25u, using 2u as fallback
13:32:42: [INFO] Add COL0 net
13:32:42: [INFO] Add COL1 net
13:32:42: [INFO] Add COL2 net
13:32:42: [INFO] Add COL3 net
13:32:42: [INFO] Add COL4 net
13:32:42: [INFO] Add COL5 net
13:32:42: [INFO] Add COL6 net
13:32:42: [INFO] Add COL7 net
13:32:42: [INFO] Add COL8 net
13:32:42: [INFO] Add COL9 net
13:32:42: [INFO] Add Net-(D1-A) net
13:32:42: [INFO] Add Net-(D10-A) net
13:32:42: [INFO] Add Net-(D100-A) net
13:32:42: [INFO] Add Net-(D101-A) net
13:32:42: [INFO] Add Net-(D11-A) net
13:32:42: [INFO] Add Net-(D12-A) net
13:32:42: [INFO] Add Net-(D13-A) net
13:32:42: [INFO] Add Net-(D14-A) net
13:32:42: [INFO] Add Net-(D15-A) net
13:32:42: [INFO] Add Net-(D16-A) net
13:32:42: [INFO] Add Net-(D17-A) net
13:32:42: [INFO] Add Net-(D18-A) net
13:32:42: [INFO] Add Net-(D19-A) net
13:32:42: [INFO] Add Net-(D2-A) net
13:32:42: [INFO] Add Net-(D20-A) net
13:32:42: [INFO] Add Net-(D21-A) net
13:32:42: [INFO] Add Net-(D22-A) net
13:32:42: [INFO] Add Net-(D23-A) net
13:32:42: [INFO] Add Net-(D24-A) net
13:32:42: [INFO] Add Net-(D25-A) net
13:32:42: [INFO] Add Net-(D26-A) net
13:32:42: [INFO] Add Net-(D27-A) net
13:32:42: [INFO] Add Net-(D28-A) net
13:32:42: [INFO] Add Net-(D29-A) net
13:32:42: [INFO] Add Net-(D3-A) net
13:32:42: [INFO] Add Net-(D30-A) net
13:32:42: [INFO] Add Net-(D31-A) net
13:32:42: [INFO] Add Net-(D32-A) net
13:32:42: [INFO] Add Net-(D33-A) net
13:32:42: [INFO] Add Net-(D34-A) net
13:32:42: [INFO] Add Net-(D35-A) net
13:32:42: [INFO] Add Net-(D36-A) net
13:32:42: [INFO] Add Net-(D37-A) net
13:32:42: [INFO] Add Net-(D38-A) net
13:32:42: [INFO] Add Net-(D39-A) net
13:32:42: [INFO] Add Net-(D4-A) net
13:32:42: [INFO] Add Net-(D40-A) net
13:32:42: [INFO] Add Net-(D41-A) net
13:32:42: [INFO] Add Net-(D42-A) net
13:32:42: [INFO] Add Net-(D43-A) net
13:32:42: [INFO] Add Net-(D44-A) net
13:32:42: [INFO] Add Net-(D45-A) net
13:32:42: [INFO] Add Net-(D46-A) net
13:32:42: [INFO] Add Net-(D47-A) net
13:32:42: [INFO] Add Net-(D48-A) net
13:32:42: [INFO] Add Net-(D49-A) net
13:32:42: [INFO] Add Net-(D5-A) net
13:32:42: [INFO] Add Net-(D50-A) net
13:32:42: [INFO] Add Net-(D51-A) net
13:32:42: [INFO] Add Net-(D52-A) net
13:32:42: [INFO] Add Net-(D53-A) net
13:32:42: [INFO] Add Net-(D54-A) net
13:32:42: [INFO] Add Net-(D55-A) net
13:32:42: [INFO] Add Net-(D56-A) net
13:32:42: [INFO] Add Net-(D57-A) net
13:32:42: [INFO] Add Net-(D58-A) net
13:32:42: [INFO] Add Net-(D59-A) net
13:32:42: [INFO] Add Net-(D6-A) net
13:32:42: [INFO] Add Net-(D60-A) net
13:32:42: [INFO] Add Net-(D61-A) net
13:32:42: [INFO] Add Net-(D62-A) net
13:32:42: [INFO] Add Net-(D63-A) net
13:32:42: [INFO] Add Net-(D64-A) net
13:32:42: [INFO] Add Net-(D65-A) net
13:32:42: [INFO] Add Net-(D66-A) net
13:32:42: [INFO] Add Net-(D67-A) net
13:32:42: [INFO] Add Net-(D68-A) net
13:32:42: [INFO] Add Net-(D69-A) net
13:32:42: [INFO] Add Net-(D7-A) net
13:32:42: [INFO] Add Net-(D70-A) net
13:32:42: [INFO] Add Net-(D71-A) net
13:32:42: [INFO] Add Net-(D72-A) net
13:32:42: [INFO] Add Net-(D73-A) net
13:32:42: [INFO] Add Net-(D74-A) net
13:32:42: [INFO] Add Net-(D75-A) net
13:32:42: [INFO] Add Net-(D76-A) net
13:32:42: [INFO] Add Net-(D77-A) net
13:32:42: [INFO] Add Net-(D78-A) net
13:32:42: [INFO] Add Net-(D79-A) net
13:32:42: [INFO] Add Net-(D8-A) net
13:32:42: [INFO] Add Net-(D80-A) net
13:32:42: [INFO] Add Net-(D81-A) net
13:32:42: [INFO] Add Net-(D82-A) net
13:32:42: [INFO] Add Net-(D83-A) net
13:32:42: [INFO] Add Net-(D84-A) net
13:32:42: [INFO] Add Net-(D85-A) net
13:32:42: [INFO] Add Net-(D86-A) net
13:32:42: [INFO] Add Net-(D87-A) net
13:32:42: [INFO] Add Net-(D88-A) net
13:32:42: [INFO] Add Net-(D89-A) net
13:32:42: [INFO] Add Net-(D9-A) net
13:32:42: [INFO] Add Net-(D90-A) net
13:32:42: [INFO] Add Net-(D91-A) net
13:32:42: [INFO] Add Net-(D92-A) net
13:32:42: [INFO] Add Net-(D93-A) net
13:32:42: [INFO] Add Net-(D94-A) net
13:32:42: [INFO] Add Net-(D95-A) net
13:32:42: [INFO] Add Net-(D96-A) net
13:32:42: [INFO] Add Net-(D97-A) net
13:32:42: [INFO] Add Net-(D98-A) net
13:32:42: [INFO] Add Net-(D99-A) net
13:32:42: [INFO] Add ROW0 net
13:32:42: [INFO] Add ROW1 net
13:32:42: [INFO] Add ROW10 net
13:32:42: [INFO] Add ROW2 net
13:32:42: [INFO] Add ROW3 net
13:32:42: [INFO] Add ROW4 net
13:32:42: [INFO] Add ROW5 net
13:32:42: [INFO] Add ROW6 net
13:32:42: [INFO] Add ROW7 net
13:32:42: [INFO] Add ROW8 net
13:32:42: [INFO] Add ROW9 net
13:32:42: [INFO] Add SW1 footprint
13:32:42: [INFO] Add D1 footprint
13:32:42: [INFO] Add SW2 footprint
13:32:42: [INFO] Add D2 footprint
13:32:42: [INFO] Add SW3 footprint
13:32:42: [INFO] Add D3 footprint
13:32:42: [INFO] Add SW4 footprint
13:32:42: [INFO] Add D4 footprint
13:32:42: [INFO] Add SW5 footprint
13:32:42: [INFO] Add D5 footprint
13:32:42: [INFO] Add SW6 footprint
13:32:42: [INFO] Add D6 footprint
13:32:42: [INFO] Add SW7 footprint
13:32:42: [INFO] Add D7 footprint
13:32:42: [INFO] Add SW8 footprint
13:32:42: [INFO] Add D8 footprint
13:32:42: [INFO] Add SW9 footprint
13:32:42: [INFO] Add D9 footprint
13:32:42: [INFO] Add SW10 footprint
13:32:42: [INFO] Add D10 footprint
13:32:42: [INFO] Add SW11 footprint
13:32:42: [INFO] Add D11 footprint
13:32:42: [INFO] Add SW12 footprint
13:32:42: [INFO] Add D12 footprint
13:32:42: [INFO] Add SW13 footprint
13:32:42: [INFO] Add D13 footprint
13:32:43: [INFO] Add SW14 footprint
13:32:43: [INFO] Add D14 footprint
13:32:43: [INFO] Add SW15 footprint
13:32:43: [INFO] Add D15 footprint
13:32:43: [INFO] Add SW16 footprint
13:32:43: [INFO] Add D16 footprint
13:32:43: [INFO] Add SW17 footprint
13:32:43: [INFO] Add D17 footprint
13:32:43: [INFO] Add SW18 footprint
13:32:43: [INFO] Add D18 footprint
13:32:43: [INFO] Add SW19 footprint
13:32:43: [INFO] Add D19 footprint
13:32:43: [INFO] Add SW20 footprint
13:32:43: [INFO] Add D20 footprint
13:32:43: [INFO] Add SW21 footprint
13:32:43: [INFO] Add D21 footprint
13:32:43: [INFO] Add SW22 footprint
13:32:43: [INFO] Add D22 footprint
13:32:43: [INFO] Add SW23 footprint
13:32:43: [INFO] Add D23 footprint
13:32:43: [INFO] Add SW24 footprint
13:32:43: [INFO] Add D24 footprint
13:32:43: [INFO] Add SW25 footprint
13:32:43: [INFO] Add D25 footprint
13:32:43: [INFO] Add SW26 footprint
13:32:43: [INFO] Add D26 footprint
13:32:43: [INFO] Add SW27 footprint
13:32:43: [INFO] Add D27 footprint
13:32:43: [INFO] Add SW28 footprint
13:32:43: [INFO] Add D28 footprint
13:32:43: [INFO] Add SW29 footprint
13:32:43: [INFO] Add D29 footprint
13:32:43: [INFO] Add SW30 footprint
13:32:43: [INFO] Add D30 footprint
13:32:44: [INFO] Add SW31 footprint
13:32:44: [INFO] Add D31 footprint
13:32:44: [INFO] Add SW32 footprint
13:32:44: [INFO] Add D32 footprint
13:32:44: [INFO] Add SW33 footprint
13:32:44: [INFO] Add D33 footprint
13:32:44: [INFO] Add SW34 footprint
13:32:44: [INFO] Add D34 footprint
13:32:44: [INFO] Add SW35 footprint
13:32:44: [INFO] Add D35 footprint
13:32:44: [INFO] Add SW36 footprint
13:32:44: [INFO] Add D36 footprint
13:32:44: [INFO] Add SW37 footprint
13:32:44: [INFO] Add D37 footprint
13:32:44: [INFO] Add SW38 footprint
13:32:44: [INFO] Add D38 footprint
13:32:44: [INFO] Add SW39 footprint
13:32:44: [INFO] Add D39 footprint
13:32:44: [WARNING] No stabilizer footprint for width 2.25u, using 2u as fallback
13:32:44: [INFO] Add ST39 footprint
13:32:44: [INFO] Add SW39a footprint
13:32:44: [INFO] Add SW40 footprint
13:32:44: [INFO] Add D40 footprint
13:32:44: [INFO] Add SW41 footprint
13:32:44: [INFO] Add D41 footprint
13:32:44: [INFO] Add SW42 footprint
13:32:44: [INFO] Add D42 footprint
13:32:44: [WARNING] No stabilizer footprint for width 2.25u, using 2u as fallback
13:32:44: [INFO] Add ST42 footprint
13:32:44: [INFO] Add SW43 footprint
13:32:44: [INFO] Add D43 footprint
13:32:44: [INFO] Add SW44 footprint
13:32:44: [INFO] Add D44 footprint
13:32:44: [INFO] Add SW45 footprint
13:32:44: [INFO] Add D45 footprint
13:32:44: [INFO] Add SW46 footprint
13:32:44: [INFO] Add D46 footprint
13:32:44: [INFO] Add SW47 footprint
13:32:44: [INFO] Add D47 footprint
13:32:45: [INFO] Add SW48 footprint
13:32:45: [INFO] Add D48 footprint
13:32:45: [INFO] Add SW49 footprint
13:32:45: [INFO] Add D49 footprint
13:32:45: [INFO] Add SW50 footprint
13:32:45: [INFO] Add D50 footprint
13:32:45: [INFO] Add SW51 footprint
13:32:45: [INFO] Add D51 footprint
13:32:45: [INFO] Add SW52 footprint
13:32:45: [INFO] Add D52 footprint
13:32:45: [INFO] Add SW53 footprint
13:32:45: [INFO] Add D53 footprint
13:32:45: [INFO] Add SW54 footprint
13:32:45: [INFO] Add D54 footprint
13:32:45: [WARNING] No stabilizer footprint for width 2.75u, using 2u as fallback
13:32:45: [INFO] Add ST54 footprint
13:32:45: [INFO] Add SW55 footprint
13:32:45: [INFO] Add D55 footprint
13:32:45: [INFO] Add SW56 footprint
13:32:45: [INFO] Add D56 footprint
13:32:45: [INFO] Add ST56 footprint
13:32:45: [INFO] Add SW57 footprint
13:32:45: [INFO] Add D57 footprint
13:32:45: [INFO] Add SW58 footprint
13:32:45: [INFO] Add D58 footprint
13:32:45: [INFO] Add SW59 footprint
13:32:45: [INFO] Add D59 footprint
13:32:45: [WARNING] No stabilizer footprint for width 2.75u, using 2u as fallback
13:32:45: [INFO] Add ST59 footprint
13:32:45: [INFO] Add SW60 footprint
13:32:45: [INFO] Add D60 footprint
13:32:45: [INFO] Add SW61 footprint
13:32:45: [INFO] Add D61 footprint
13:32:45: [INFO] Add SW62 footprint
13:32:45: [INFO] Add D62 footprint
13:32:45: [INFO] Add SW63 footprint
13:32:45: [INFO] Add D63 footprint
13:32:46: [INFO] Add SW64 footprint
13:32:46: [INFO] Add D64 footprint
13:32:46: [INFO] Add SW65 footprint
13:32:46: [INFO] Add D65 footprint
13:32:46: [INFO] Add SW66 footprint
13:32:46: [INFO] Add D66 footprint
13:32:46: [INFO] Add SW67 footprint
13:32:46: [INFO] Add D67 footprint
13:32:46: [INFO] Add SW68 footprint
13:32:46: [INFO] Add D68 footprint
13:32:46: [INFO] Add SW69 footprint
13:32:46: [INFO] Add D69 footprint
13:32:46: [INFO] Add SW70 footprint
13:32:46: [INFO] Add D70 footprint
13:32:46: [INFO] Add SW71 footprint
13:32:46: [INFO] Add D71 footprint
13:32:46: [INFO] Add SW72 footprint
13:32:46: [INFO] Add D72 footprint
13:32:46: [WARNING] No stabilizer footprint for width 2.25u, using 2u as fallback
13:32:46: [INFO] Add ST72 footprint
13:32:46: [INFO] Add SW72a footprint
13:32:46: [INFO] Add ST72a footprint
13:32:46: [INFO] Add SW73 footprint
13:32:46: [INFO] Add D73 footprint
13:32:46: [INFO] Add SW74 footprint
13:32:46: [INFO] Add D74 footprint
13:32:46: [INFO] Add SW75 footprint
13:32:46: [INFO] Add D75 footprint
13:32:46: [INFO] Add SW76 footprint
13:32:46: [INFO] Add D76 footprint
13:32:46: [INFO] Add SW77 footprint
13:32:46: [INFO] Add D77 footprint
13:32:46: [INFO] Add SW78 footprint
13:32:46: [INFO] Add D78 footprint
13:32:46: [INFO] Add SW79 footprint
13:32:46: [INFO] Add D79 footprint
13:32:46: [INFO] Add SW80 footprint
13:32:47: [INFO] Add D80 footprint
13:32:47: [INFO] Add SW81 footprint
13:32:47: [INFO] Add D81 footprint
13:32:47: [INFO] Add SW82 footprint
13:32:47: [INFO] Add D82 footprint
13:32:47: [INFO] Add SW83 footprint
13:32:47: [INFO] Add D83 footprint
13:32:47: [INFO] Add ST83 footprint
13:32:47: [INFO] Add SW84 footprint
13:32:47: [INFO] Add D84 footprint
13:32:47: [INFO] Add SW85 footprint
13:32:47: [INFO] Add D85 footprint
13:32:47: [INFO] Add SW86 footprint
13:32:47: [INFO] Add D86 footprint
13:32:47: [INFO] Add SW87 footprint
13:32:47: [INFO] Add D87 footprint
13:32:47: [INFO] Add SW88 footprint
13:32:47: [INFO] Add D88 footprint
13:32:47: [INFO] Add SW89 footprint
13:32:47: [INFO] Add D89 footprint
13:32:47: [INFO] Add SW90 footprint
13:32:47: [INFO] Add D90 footprint
13:32:47: [INFO] Add ST90 footprint
13:32:47: [INFO] Add SW91 footprint
13:32:47: [INFO] Add D91 footprint
13:32:47: [INFO] Add SW92 footprint
13:32:47: [INFO] Add D92 footprint
13:32:47: [INFO] Add SW93 footprint
13:32:47: [INFO] Add D93 footprint
13:32:47: [INFO] Add SW94 footprint
13:32:47: [INFO] Add D94 footprint
13:32:47: [INFO] Add SW95 footprint
13:32:47: [INFO] Add D95 footprint
13:32:47: [INFO] Add SW96 footprint
13:32:48: [INFO] Add D96 footprint
13:32:48: [INFO] Add SW97 footprint
13:32:48: [INFO] Add D97 footprint
13:32:48: [INFO] Add SW98 footprint
13:32:48: [INFO] Add D98 footprint
13:32:48: [INFO] Add SW99 footprint
13:32:48: [INFO] Add D99 footprint
13:32:48: [INFO] Add SW100 footprint
13:32:48: [INFO] Add D100 footprint
13:32:48: [INFO] Add SW101 footprint
13:32:48: [INFO] Add D101 footprint
13:32:48: [INFO] Detected layout convertible to matrix annotated keyboard
13:32:48: [INFO] Using key 1U distance: (19.05, 19.05) mm
13:32:48: [INFO] Layout offset: (23812500, 26670000)
13:32:48: [INFO] Diode info: [ElementInfo(annotation_format='D{}', position_option=<PositionOption.CUSTOM: 'Custom'>, position=ElementPosition(x=5.08, y=4.0, orientation=90.0, side=<Side.BACK: 'Back'>), template_path='', start_index=-1)]
13:32:48: [INFO] Placing additional elements for SW101
13:32:48: [INFO] Placing additional elements for SW100
13:32:48: [INFO] Placing additional elements for SW99
13:32:48: [INFO] Placing additional elements for SW98
13:32:48: [INFO] Placing additional elements for SW97
13:32:48: [INFO] Placing additional elements for SW96
13:32:48: [INFO] Placing additional elements for SW95
13:32:48: [INFO] Placing additional elements for SW94
13:32:48: [INFO] Placing additional elements for SW93
13:32:48: [INFO] Placing additional elements for SW92
13:32:48: [INFO] Placing additional elements for SW91
13:32:48: [INFO] Placing additional elements for SW90
13:32:48: [INFO] Placing additional elements for SW89
13:32:48: [INFO] Placing additional elements for SW88
13:32:48: [INFO] Placing additional elements for SW87
13:32:48: [INFO] Placing additional elements for SW86
13:32:48: [INFO] Placing additional elements for SW85
13:32:48: [INFO] Placing additional elements for SW84
13:32:48: [INFO] Placing additional elements for SW83
13:32:48: [INFO] Placing additional elements for SW82
13:32:48: [INFO] Placing additional elements for SW81
13:32:48: [INFO] Placing additional elements for SW80
13:32:48: [INFO] Placing additional elements for SW79
13:32:48: [INFO] Placing additional elements for SW78
13:32:48: [INFO] Placing additional elements for SW77
13:32:48: [INFO] Placing additional elements for SW76
13:32:48: [INFO] Placing additional elements for SW75
13:32:48: [INFO] Placing additional elements for SW74
13:32:48: [INFO] Placing additional elements for SW73
13:32:48: [INFO] Placing additional elements for SW72a
13:32:48: [INFO] Placing additional elements for SW72
13:32:48: [INFO] Placing additional elements for SW71
13:32:48: [INFO] Placing additional elements for SW70
13:32:48: [INFO] Placing additional elements for SW69
13:32:48: [INFO] Placing additional elements for SW68
13:32:48: [INFO] Placing additional elements for SW67
13:32:48: [INFO] Placing additional elements for SW66
13:32:48: [INFO] Placing additional elements for SW65
13:32:48: [INFO] Placing additional elements for SW64
13:32:48: [INFO] Placing additional elements for SW63
13:32:48: [INFO] Placing additional elements for SW62
13:32:48: [INFO] Placing additional elements for SW61
13:32:48: [INFO] Placing additional elements for SW60
13:32:48: [INFO] Placing additional elements for SW59
13:32:48: [INFO] Placing additional elements for SW58
13:32:48: [INFO] Placing additional elements for SW57
13:32:48: [INFO] Placing additional elements for SW56
13:32:48: [INFO] Placing additional elements for SW55
13:32:48: [INFO] Placing additional elements for SW54
13:32:48: [INFO] Placing additional elements for SW53
13:32:48: [INFO] Placing additional elements for SW52
13:32:48: [INFO] Placing additional elements for SW51
13:32:48: [INFO] Placing additional elements for SW50
13:32:48: [INFO] Placing additional elements for SW49
13:32:48: [INFO] Placing additional elements for SW48
13:32:48: [INFO] Placing additional elements for SW47
13:32:48: [INFO] Placing additional elements for SW46
13:32:48: [INFO] Placing additional elements for SW45
13:32:48: [INFO] Placing additional elements for SW44
13:32:48: [INFO] Placing additional elements for SW43
13:32:48: [INFO] Placing additional elements for SW42
13:32:48: [INFO] Placing additional elements for SW41
13:32:48: [INFO] Placing additional elements for SW40
13:32:48: [INFO] Placing additional elements for SW39a
13:32:48: [INFO] Placing additional elements for SW39
13:32:48: [INFO] Placing additional elements for SW38
13:32:48: [INFO] Placing additional elements for SW37
13:32:48: [INFO] Placing additional elements for SW36
13:32:48: [INFO] Placing additional elements for SW35
13:32:48: [INFO] Placing additional elements for SW34
13:32:48: [INFO] Placing additional elements for SW33
13:32:48: [INFO] Placing additional elements for SW32
13:32:48: [INFO] Placing additional elements for SW31
13:32:48: [INFO] Placing additional elements for SW30
13:32:48: [INFO] Placing additional elements for SW29
13:32:48: [INFO] Placing additional elements for SW28
13:32:48: [INFO] Placing additional elements for SW27
13:32:48: [INFO] Placing additional elements for SW26
13:32:48: [INFO] Placing additional elements for SW25
13:32:48: [INFO] Placing additional elements for SW24
13:32:48: [INFO] Placing additional elements for SW23
13:32:48: [INFO] Placing additional elements for SW22
13:32:48: [INFO] Placing additional elements for SW21
13:32:48: [INFO] Placing additional elements for SW20
13:32:48: [INFO] Placing additional elements for SW19
13:32:48: [INFO] Placing additional elements for SW18
13:32:48: [INFO] Placing additional elements for SW17
13:32:48: [INFO] Placing additional elements for SW16
13:32:48: [INFO] Placing additional elements for SW15
13:32:48: [INFO] Placing additional elements for SW14
13:32:48: [INFO] Placing additional elements for SW13
13:32:48: [INFO] Placing additional elements for SW12
13:32:48: [INFO] Placing additional elements for SW11
13:32:48: [INFO] Placing additional elements for SW10
13:32:48: [INFO] Placing additional elements for SW9
13:32:48: [INFO] Placing additional elements for SW8
13:32:48: [INFO] Placing additional elements for SW7
13:32:48: [INFO] Placing additional elements for SW6
13:32:48: [INFO] Placing additional elements for SW5
13:32:48: [INFO] Placing additional elements for SW4
13:32:48: [INFO] Placing additional elements for SW3
13:32:48: [INFO] Placing additional elements for SW2
13:32:48: [INFO] Placing additional elements for SW1
13:32:48: [INFO] Routing SW101 with D101
13:32:48: [INFO] Using internal autorouter method
13:32:48: [INFO] Routing pad 'SW101:2' at (459740000, 56832500) with pad 'D101:2' at (462280000, 64512500) using coordinate system rotated by 0 degree(s)
13:32:48: [INFO] Adding track segment (B.Cu): [(459740000, 56832500), (459740000, 61972500)]
13:32:48: [INFO] Adding track segment (B.Cu): [(459740000, 61972500), (462280000, 64512500)]
13:32:48: [INFO] Routing SW100 with D100
13:32:48: [INFO] Using internal autorouter method
13:32:48: [INFO] Routing pad 'SW100:2' at (440690000, 133032500) with pad 'D100:2' at (443230000, 140712500) using coordinate system rotated by 0 degree(s)
13:32:48: [INFO] Adding track segment (B.Cu): [(440690000, 133032500), (440690000, 138172500)]
13:32:48: [INFO] Adding track segment (B.Cu): [(440690000, 138172500), (443230000, 140712500)]
13:32:48: [INFO] Routing SW99 with D99
13:32:48: [INFO] Using internal autorouter method
13:32:48: [INFO] Routing pad 'SW99:2' at (374015000, 50165000) with pad 'D99:2' at (376555000, 57845000) using coordinate system rotated by 0 degree(s)
13:32:48: [INFO] Adding track segment (B.Cu): [(374015000, 50165000), (374015000, 55305000)]
13:32:48: [INFO] Adding track segment (B.Cu): [(374015000, 55305000), (376555000, 57845000)]
13:32:48: [INFO] Routing SW98 with D98
13:32:48: [INFO] Using internal autorouter method
13:32:48: [INFO] Routing pad 'SW98:2' at (326390000, 73025000) with pad 'D98:2' at (328930000, 80705000) using coordinate system rotated by 0 degree(s)
13:32:48: [INFO] Adding track segment (B.Cu): [(326390000, 73025000), (326390000, 78165000)]
13:32:48: [INFO] Adding track segment (B.Cu): [(326390000, 78165000), (328930000, 80705000)]
13:32:48: [INFO] Routing SW97 with D97
13:32:48: [INFO] Using internal autorouter method
13:32:48: [INFO] Routing pad 'SW97:2' at (283699516, 79293025) with pad 'D97:2' at (287534546, 86415282) using coordinate system rotated by 350.0 degree(s)
13:32:48: [INFO] Adding track segment (B.Cu): [(283699516, 79293025), (284592066, 84354936)]
13:32:48: [INFO] Adding track segment (B.Cu): [(284592066, 84354936), (287534546, 86415282)]
13:32:48: [INFO] Routing SW96 with D96
13:32:48: [INFO] Using internal autorouter method
13:32:48: [INFO] Routing pad 'SW96:2' at (266321077, 58250936) with pad 'D96:2' at (270156107, 65373193) using coordinate system rotated by 350.0 degree(s)
13:32:48: [INFO] Adding track segment (B.Cu): [(266321077, 58250936), (267213627, 63312846)]
13:32:48: [INFO] Adding track segment (B.Cu): [(267213627, 63312846), (270156107, 65373193)]
13:32:48: [INFO] Routing SW95 with D95
13:32:48: [INFO] Using internal autorouter method
13:32:48: [INFO] Routing pad 'SW95:2' at (194145272, 83743555) with pad 'D95:2' at (195313065, 91747944) using coordinate system rotated by 10.0 degree(s)
13:32:48: [INFO] Adding track segment (B.Cu): [(194145272, 83743555), (193252719, 88805466)]
13:32:48: [INFO] Adding track segment (B.Cu): [(193252719, 88805466), (195313065, 91747944)]
13:32:48: [INFO] Routing SW94 with D94
13:32:48: [INFO] Using internal autorouter method
13:32:48: [INFO] Routing pad 'SW94:2' at (156624097, 77127560) with pad 'D94:2' at (157791890, 85131949) using coordinate system rotated by 10.0 degree(s)
13:32:48: [INFO] Adding track segment (B.Cu): [(156624097, 77127560), (155731545, 82189471)]
13:32:48: [INFO] Adding track segment (B.Cu): [(155731545, 82189471), (157791890, 85131949)]
13:32:48: [INFO] Routing SW93 with D93
13:32:48: [INFO] Using internal autorouter method
13:32:48: [INFO] Routing pad 'SW93:2' at (113982500, 73977500) with pad 'D93:2' at (116522500, 81657500) using coordinate system rotated by 0 degree(s)
13:32:48: [INFO] Adding track segment (B.Cu): [(113982500, 73977500), (113982500, 79117500)]
13:32:48: [INFO] Adding track segment (B.Cu): [(113982500, 79117500), (116522500, 81657500)]
13:32:48: [INFO] Routing SW92 with D92
13:32:48: [INFO] Using internal autorouter method
13:32:48: [INFO] Routing pad 'SW92:2' at (459740000, 75882500) with pad 'D92:2' at (462280000, 83562500) using coordinate system rotated by 0 degree(s)
13:32:48: [INFO] Adding track segment (B.Cu): [(459740000, 75882500), (459740000, 81022500)]
13:32:48: [INFO] Adding track segment (B.Cu): [(459740000, 81022500), (462280000, 83562500)]
13:32:48: [INFO] Routing SW91 with D91
13:32:48: [INFO] Using internal autorouter method
13:32:48: [INFO] Routing pad 'SW91:2' at (435927500, 156845000) with pad 'D91:2' at (438467500, 164525000) using coordinate system rotated by 0 degree(s)
13:32:48: [INFO] Adding track segment (B.Cu): [(435927500, 156845000), (435927500, 161985000)]
13:32:48: [INFO] Adding track segment (B.Cu): [(435927500, 161985000), (438467500, 164525000)]
13:32:48: [INFO] Routing SW90 with D90
13:32:48: [INFO] Using internal autorouter method
13:32:48: [INFO] Routing pad 'SW90:2' at (374015000, 75882500) with pad 'D90:2' at (376555000, 83562500) using coordinate system rotated by 0 degree(s)
13:32:48: [INFO] Adding track segment (B.Cu): [(374015000, 75882500), (374015000, 81022500)]
13:32:48: [INFO] Adding track segment (B.Cu): [(374015000, 81022500), (376555000, 83562500)]
13:32:48: [INFO] Routing SW89 with D89
13:32:48: [INFO] Using internal autorouter method
13:32:48: [INFO] Routing pad 'SW89:2' at (315148395, 93091616) with pad 'D89:2' at (318983425, 100213873) using coordinate system rotated by 350.0 degree(s)
13:32:48: [INFO] Adding track segment (B.Cu): [(315148395, 93091616), (316040946, 98153527)]
13:32:48: [INFO] Adding track segment (B.Cu): [(316040946, 98153527), (318983425, 100213873)]
13:32:48: [INFO] Routing SW88 with D88
13:32:48: [INFO] Using internal autorouter method
13:32:48: [INFO] Routing pad 'SW88:2' at (277627220, 99707612) with pad 'D88:2' at (281462250, 106829869) using coordinate system rotated by 350.0 degree(s)
13:32:48: [INFO] Adding track segment (B.Cu): [(277627220, 99707612), (278519771, 104769523)]
13:32:48: [INFO] Adding track segment (B.Cu): [(278519771, 104769523), (281462250, 106829869)]
13:32:48: [INFO] Routing SW87 with D87
13:32:48: [INFO] Using internal autorouter method
13:32:48: [INFO] Routing pad 'SW87:2' at (247560490, 61558934) with pad 'D87:2' at (251395520, 68681191) using coordinate system rotated by 350.0 degree(s)
13:32:48: [INFO] Adding track segment (B.Cu): [(247560490, 61558934), (248453041, 66620845)]
13:32:48: [INFO] Adding track segment (B.Cu): [(248453041, 66620845), (251395520, 68681191)]
13:32:48: [INFO] Routing SW86 with D86
13:32:48: [INFO] Using internal autorouter method
13:32:48: [INFO] Routing pad 'SW86:2' at (200217568, 104158142) with pad 'D86:2' at (201385361, 112162531) using coordinate system rotated by 10.0 degree(s)
13:32:48: [INFO] Adding track segment (B.Cu): [(200217568, 104158142), (199325015, 109220053)]
13:32:48: [INFO] Adding track segment (B.Cu): [(199325015, 109220053), (201385361, 112162531)]
13:32:48: [INFO] Routing SW85 with D85
13:32:48: [INFO] Using internal autorouter method
13:32:48: [INFO] Routing pad 'SW85:2' at (162696393, 97542146) with pad 'D85:2' at (163864186, 105546535) using coordinate system rotated by 10.0 degree(s)
13:32:49: [INFO] Adding track segment (B.Cu): [(162696393, 97542146), (161803841, 102604057)]
13:32:49: [INFO] Adding track segment (B.Cu): [(161803841, 102604057), (163864186, 105546535)]
13:32:49: [INFO] Routing SW84 with D84
13:32:49: [INFO] Using internal autorouter method
13:32:49: [INFO] Routing pad 'SW84:2' at (118745000, 93027500) with pad 'D84:2' at (121285000, 100707500) using coordinate system rotated by 0 degree(s)
13:32:49: [INFO] Adding track segment (B.Cu): [(118745000, 93027500), (118745000, 98167500)]
13:32:49: [INFO] Adding track segment (B.Cu): [(118745000, 98167500), (121285000, 100707500)]
13:32:49: [INFO] Routing SW83 with D83
13:32:49: [INFO] Using internal autorouter method
13:32:49: [INFO] Routing pad 'SW83:2' at (478790000, 85407500) with pad 'D83:2' at (481330000, 93087500) using coordinate system rotated by 0 degree(s)
13:32:49: [INFO] Adding track segment (B.Cu): [(478790000, 85407500), (478790000, 90547500)]
13:32:49: [INFO] Adding track segment (B.Cu): [(478790000, 90547500), (481330000, 93087500)]
13:32:49: [INFO] Routing SW82 with D82
13:32:49: [INFO] Using internal autorouter method
13:32:49: [INFO] Routing pad 'SW82:2' at (416877500, 156845000) with pad 'D82:2' at (419417500, 164525000) using coordinate system rotated by 0 degree(s)
13:32:49: [INFO] Adding track segment (B.Cu): [(416877500, 156845000), (416877500, 161985000)]
13:32:49: [INFO] Adding track segment (B.Cu): [(416877500, 161985000), (419417500, 164525000)]
13:32:49: [INFO] Routing SW81 with D81
13:32:49: [INFO] Using internal autorouter method
13:32:49: [INFO] Routing pad 'SW81:2' at (359727500, 94932500) with pad 'D81:2' at (362267500, 102612500) using coordinate system rotated by 0 degree(s)
13:32:49: [INFO] Adding track segment (B.Cu): [(359727500, 94932500), (359727500, 100072500)]
13:32:49: [INFO] Adding track segment (B.Cu): [(359727500, 100072500), (362267500, 102612500)]
13:32:49: [INFO] Routing SW80 with D80
13:32:49: [INFO] Using internal autorouter method
13:32:49: [INFO] Routing pad 'SW80:2' at (326390000, 113982500) with pad 'D80:2' at (328930000, 121662500) using coordinate system rotated by 0 degree(s)
13:32:49: [INFO] Adding track segment (B.Cu): [(326390000, 113982500), (326390000, 119122500)]
13:32:49: [INFO] Adding track segment (B.Cu): [(326390000, 119122500), (328930000, 121662500)]
13:32:49: [INFO] Routing SW79 with D79
13:32:49: [INFO] Using internal autorouter method
13:32:49: [INFO] Routing pad 'SW79:2' at (285625364, 117641200) with pad 'D79:2' at (289460394, 124763457) using coordinate system rotated by 350.0 degree(s)
13:32:49: [INFO] Adding track segment (B.Cu): [(285625364, 117641200), (286517914, 122703110)]
13:32:49: [INFO] Adding track segment (B.Cu): [(286517914, 122703110), (289460394, 124763457)]
13:32:49: [INFO] Routing SW78 with D78
13:32:49: [INFO] Using internal autorouter method
13:32:49: [INFO] Routing pad 'SW78:2' at (246178340, 85909021) with pad 'D78:2' at (250013370, 93031278) using coordinate system rotated by 350.0 degree(s)
13:32:49: [INFO] Adding track segment (B.Cu): [(246178340, 85909021), (247070890, 90970930)]
13:32:49: [INFO] Adding track segment (B.Cu): [(247070890, 90970930), (250013370, 93031278)]
13:32:49: [INFO] Routing SW77 with D77
13:32:49: [INFO] Using internal autorouter method
13:32:49: [INFO] Routing pad 'SW77:2' at (201599717, 123745729) with pad 'D77:2' at (202767510, 131750118) using coordinate system rotated by 10.0 degree(s)
13:32:49: [INFO] Adding track segment (B.Cu): [(201599717, 123745729), (200707164, 128807640)]
13:32:49: [INFO] Adding track segment (B.Cu): [(200707164, 128807640), (202767510, 131750118)]
13:32:49: [INFO] Routing SW76 with D76
13:32:49: [INFO] Using internal autorouter method
13:32:49: [INFO] Routing pad 'SW76:2' at (164078542, 117129734) with pad 'D76:2' at (165246335, 125134123) using coordinate system rotated by 10.0 degree(s)
13:32:49: [INFO] Adding track segment (B.Cu): [(164078542, 117129734), (163185990, 122191645)]
13:32:49: [INFO] Adding track segment (B.Cu): [(163185990, 122191645), (165246335, 125134123)]
13:32:49: [INFO] Routing SW75 with D75
13:32:49: [INFO] Using internal autorouter method
13:32:49: [INFO] Routing pad 'SW75:2' at (121602500, 112077500) with pad 'D75:2' at (124142500, 119757500) using coordinate system rotated by 0 degree(s)
13:32:49: [INFO] Adding track segment (B.Cu): [(121602500, 112077500), (121602500, 117217500)]
13:32:49: [INFO] Adding track segment (B.Cu): [(121602500, 117217500), (124142500, 119757500)]
13:32:49: [INFO] Routing SW74 with D74
13:32:49: [INFO] Using internal autorouter method
13:32:49: [INFO] Routing pad 'SW74:2' at (459740000, 94932500) with pad 'D74:2' at (462280000, 102612500) using coordinate system rotated by 0 degree(s)
13:32:49: [INFO] Adding track segment (B.Cu): [(459740000, 94932500), (459740000, 100072500)]
13:32:49: [INFO] Adding track segment (B.Cu): [(459740000, 100072500), (462280000, 102612500)]
13:32:49: [INFO] Routing SW73 with D73
13:32:49: [INFO] Using internal autorouter method
13:32:49: [INFO] Routing pad 'SW73:2' at (383540000, 94932500) with pad 'D73:2' at (386080000, 102612500) using coordinate system rotated by 0 degree(s)
13:32:49: [INFO] Adding track segment (B.Cu): [(383540000, 94932500), (383540000, 100072500)]
13:32:49: [INFO] Adding track segment (B.Cu): [(383540000, 100072500), (386080000, 102612500)]
13:32:49: [INFO] Routing SW72a with D72
13:32:49: [INFO] Using internal autorouter method
13:32:49: [INFO] Routing pad 'SW72a:2' at (385921250, 104457500) with pad 'D72:2' at (378936250, 121662500) using coordinate system rotated by 0 degree(s)
13:32:49: [INFO] Routing SW72 with D72
13:32:49: [INFO] Using internal autorouter method
13:32:49: [INFO] Routing pad 'SW72:2' at (376396250, 113982500) with pad 'D72:2' at (378936250, 121662500) using coordinate system rotated by 0 degree(s)
13:32:49: [INFO] Adding track segment (B.Cu): [(376396250, 113982500), (376396250, 119122500)]
13:32:49: [INFO] Adding track segment (B.Cu): [(376396250, 119122500), (378936250, 121662500)]
13:32:49: [INFO] Routing SW71 with D71
13:32:49: [INFO] Using internal autorouter method
13:32:49: [INFO] Routing pad 'SW71:2' at (340677500, 133032500) with pad 'D71:2' at (343217500, 140712500) using coordinate system rotated by 0 degree(s)
13:32:49: [INFO] Adding track segment (B.Cu): [(340677500, 133032500), (340677500, 138172500)]
13:32:49: [INFO] Adding track segment (B.Cu): [(340677500, 138172500), (343217500, 140712500)]
13:32:49: [INFO] Routing SW70 with D70
13:32:49: [INFO] Using internal autorouter method
13:32:49: [INFO] Routing pad 'SW70:2' at (298313656, 134747789) with pad 'D70:2' at (302148686, 141870046) using coordinate system rotated by 350.0 degree(s)
13:32:49: [INFO] Adding track segment (B.Cu): [(298313656, 134747789), (299206207, 139809699)]
13:32:49: [INFO] Adding track segment (B.Cu): [(299206207, 139809699), (302148686, 141870046)]
13:32:49: [INFO] Routing SW69 with D69
13:32:49: [INFO] Using internal autorouter method
13:32:49: [INFO] Routing pad 'SW69:2' at (240106044, 106323607) with pad 'D69:2' at (243941074, 113445864) using coordinate system rotated by 350.0 degree(s)
13:32:49: [INFO] Adding track segment (B.Cu): [(240106044, 106323607), (240998595, 111385518)]
13:32:49: [INFO] Adding track segment (B.Cu): [(240998595, 111385518), (243941074, 113445864)]
13:32:49: [INFO] Routing SW68 with D68
13:32:49: [INFO] Using internal autorouter method
13:32:49: [INFO] Routing pad 'SW68:2' at (188911425, 140852318) with pad 'D68:2' at (190079218, 148856707) using coordinate system rotated by 10.0 degree(s)
13:32:49: [INFO] Adding track segment (B.Cu): [(188911425, 140852318), (188018873, 145914229)]
13:32:49: [INFO] Adding track segment (B.Cu): [(188018873, 145914229), (190079218, 148856707)]
13:32:49: [INFO] Routing SW67 with D67
13:32:49: [INFO] Using internal autorouter method
13:32:49: [INFO] Routing pad 'SW67:2' at (151390250, 134236322) with pad 'D67:2' at (152558043, 142240711) using coordinate system rotated by 10.0 degree(s)
13:32:49: [INFO] Adding track segment (B.Cu): [(151390250, 134236322), (150497697, 139298233)]
13:32:49: [INFO] Adding track segment (B.Cu): [(150497697, 139298233), (152558043, 142240711)]
13:32:49: [INFO] Routing SW66 with D66
13:32:49: [INFO] Using internal autorouter method
13:32:49: [INFO] Routing pad 'SW66:2' at (107315000, 131127500) with pad 'D66:2' at (109855000, 138807500) using coordinate system rotated by 0 degree(s)
13:32:49: [INFO] Adding track segment (B.Cu): [(107315000, 131127500), (107315000, 136267500)]
13:32:49: [INFO] Adding track segment (B.Cu): [(107315000, 136267500), (109855000, 138807500)]
13:32:49: [INFO] Routing SW65 with D65
13:32:49: [INFO] Using internal autorouter method
13:32:49: [INFO] Routing pad 'SW65:2' at (459740000, 113982500) with pad 'D65:2' at (462280000, 121662500) using coordinate system rotated by 0 degree(s)
13:32:49: [INFO] Adding track segment (B.Cu): [(459740000, 113982500), (459740000, 119122500)]
13:32:49: [INFO] Adding track segment (B.Cu): [(459740000, 119122500), (462280000, 121662500)]
13:32:49: [INFO] Routing SW64 with D64
13:32:49: [INFO] Using internal autorouter method
13:32:49: [INFO] Routing pad 'SW64:2' at (397827500, 156845000) with pad 'D64:2' at (400367500, 164525000) using coordinate system rotated by 0 degree(s)
13:32:49: [INFO] Adding track segment (B.Cu): [(397827500, 156845000), (397827500, 161985000)]
13:32:49: [INFO] Adding track segment (B.Cu): [(397827500, 161985000), (400367500, 164525000)]
13:32:49: [INFO] Routing SW63 with D63
13:32:49: [INFO] Using internal autorouter method
13:32:49: [INFO] Routing pad 'SW63:2' at (364490000, 113982500) with pad 'D63:2' at (367030000, 121662500) using coordinate system rotated by 0 degree(s)
13:32:49: [INFO] Adding track segment (B.Cu): [(364490000, 113982500), (364490000, 119122500)]
13:32:49: [INFO] Adding track segment (B.Cu): [(364490000, 119122500), (367030000, 121662500)]
13:32:49: [INFO] Routing SW62 with D62
13:32:49: [INFO] Using internal autorouter method
13:32:49: [INFO] Routing pad 'SW62:2' at (362108750, 152082500) with pad 'D62:2' at (364648750, 159762500) using coordinate system rotated by 0 degree(s)
13:32:49: [INFO] Adding track segment (B.Cu): [(362108750, 152082500), (362108750, 157222500)]
13:32:49: [INFO] Adding track segment (B.Cu): [(362108750, 157222500), (364648750, 159762500)]
13:32:49: [INFO] Routing SW61 with D61
13:32:49: [INFO] Using internal autorouter method
13:32:49: [INFO] Routing pad 'SW61:2' at (294586434, 154748876) with pad 'D61:2' at (298421464, 161871133) using coordinate system rotated by 350.0 degree(s)
13:32:49: [INFO] Adding track segment (B.Cu): [(294586434, 154748876), (295478984, 159810786)]
13:32:49: [INFO] Adding track segment (B.Cu): [(295478984, 159810786), (298421464, 161871133)]
13:32:49: [INFO] Routing SW60 with D60
13:32:49: [INFO] Using internal autorouter method
13:32:49: [INFO] Routing pad 'SW60:2' at (248104189, 124257195) with pad 'D60:2' at (251939219, 131379452) using coordinate system rotated by 350.0 degree(s)
13:32:49: [INFO] Adding track segment (B.Cu): [(248104189, 124257195), (248996740, 129319106)]
13:32:49: [INFO] Adding track segment (B.Cu): [(248996740, 129319106), (251939219, 131379452)]
13:32:49: [INFO] Routing SW59 with D59
13:32:49: [INFO] Using internal autorouter method
13:32:49: [INFO] Routing pad 'SW59:2' at (192638648, 160853405) with pad 'D59:2' at (193806441, 168857794) using coordinate system rotated by 10.0 degree(s)
13:32:49: [INFO] Adding track segment (B.Cu): [(192638648, 160853405), (191746095, 165915316)]
13:32:49: [INFO] Adding track segment (B.Cu): [(191746095, 165915316), (193806441, 168857794)]
13:32:49: [INFO] Routing SW58 with D58
13:32:49: [INFO] Using internal autorouter method
13:32:49: [INFO] Routing pad 'SW58:2' at (155117473, 154237409) with pad 'D58:2' at (156285266, 162241798) using coordinate system rotated by 10.0 degree(s)
13:32:49: [INFO] Adding track segment (B.Cu): [(155117473, 154237409), (154224921, 159299320)]
13:32:49: [INFO] Adding track segment (B.Cu): [(154224921, 159299320), (156285266, 162241798)]
13:32:49: [INFO] Routing SW57 with D57
13:32:49: [INFO] Using internal autorouter method
13:32:49: [INFO] Routing pad 'SW57:2' at (109696250, 150177500) with pad 'D57:2' at (112236250, 157857500) using coordinate system rotated by 0 degree(s)
13:32:49: [INFO] Adding track segment (B.Cu): [(109696250, 150177500), (109696250, 155317500)]
13:32:49: [INFO] Adding track segment (B.Cu): [(109696250, 155317500), (112236250, 157857500)]
13:32:49: [INFO] Routing SW56 with D56
13:32:49: [INFO] Using internal autorouter method
13:32:49: [INFO] Routing pad 'SW56:2' at (478790000, 123507500) with pad 'D56:2' at (481330000, 131187500) using coordinate system rotated by 0 degree(s)
13:32:49: [INFO] Adding track segment (B.Cu): [(478790000, 123507500), (478790000, 128647500)]
13:32:49: [INFO] Adding track segment (B.Cu): [(478790000, 128647500), (481330000, 131187500)]
13:32:49: [INFO] Routing SW55 with D55
13:32:49: [INFO] Using internal autorouter method
13:32:49: [INFO] Routing pad 'SW55:2' at (416877500, 137985500) with pad 'D55:2' at (419417500, 145665500) using coordinate system rotated by 0 degree(s)
13:32:49: [INFO] Adding track segment (B.Cu): [(416877500, 137985500), (416877500, 143125500)]
13:32:49: [INFO] Adding track segment (B.Cu): [(416877500, 143125500), (419417500, 145665500)]
13:32:49: [INFO] Routing SW54 with D54
13:32:49: [INFO] Using internal autorouter method
13:32:49: [INFO] Routing pad 'SW54:2' at (376396250, 133032500) with pad 'D54:2' at (378936250, 140712500) using coordinate system rotated by 0 degree(s)
13:32:49: [INFO] Adding track segment (B.Cu): [(376396250, 133032500), (376396250, 138172500)]
13:32:49: [INFO] Adding track segment (B.Cu): [(376396250, 138172500), (378936250, 140712500)]
13:32:49: [INFO] Routing SW53 with D53
13:32:49: [INFO] Using internal autorouter method
13:32:49: [INFO] Routing pad 'SW53:2' at (338296250, 152082500) with pad 'D53:2' at (340836250, 159762500) using coordinate system rotated by 0 degree(s)
13:32:49: [INFO] Adding track segment (B.Cu): [(338296250, 152082500), (338296250, 157222500)]
13:32:49: [INFO] Adding track segment (B.Cu): [(338296250, 157222500), (340836250, 159762500)]
13:32:49: [INFO] Routing SW52 with D52
13:32:49: [INFO] Using internal autorouter method
13:32:49: [INFO] Routing pad 'SW52:2' at (279553068, 138055786) with pad 'D52:2' at (283388098, 145178043) using coordinate system rotated by 350.0 degree(s)
13:32:49: [INFO] Adding track segment (B.Cu): [(279553068, 138055786), (280445619, 143117697)]
13:32:49: [INFO] Adding track segment (B.Cu): [(280445619, 143117697), (283388098, 145178043)]
13:32:49: [INFO] Routing SW51 with D51
13:32:49: [INFO] Using internal autorouter method
13:32:49: [INFO] Routing pad 'SW51:2' at (242031893, 144671782) with pad 'D51:2' at (245866923, 151794039) using coordinate system rotated by 350.0 degree(s)
13:32:49: [INFO] Adding track segment (B.Cu): [(242031893, 144671782), (242924444, 149733693)]
13:32:49: [INFO] Adding track segment (B.Cu): [(242924444, 149733693), (245866923, 151794039)]
13:32:49: [INFO] Routing SW50 with D50
13:32:49: [INFO] Using internal autorouter method
13:32:49: [INFO] Routing pad 'SW50:2' at (170150838, 137544320) with pad 'D50:2' at (171318631, 145548709) using coordinate system rotated by 10.0 degree(s)
13:32:49: [INFO] Adding track segment (B.Cu): [(170150838, 137544320), (169258285, 142606229)]
13:32:49: [INFO] Adding track segment (B.Cu): [(169258285, 142606229), (171318631, 145548709)]
13:32:49: [INFO] Routing SW49 with D49
13:32:49: [INFO] Using internal autorouter method
13:32:49: [INFO] Routing pad 'SW49:2' at (126365000, 131127500) with pad 'D49:2' at (128905000, 138807500) using coordinate system rotated by 0 degree(s)
13:32:49: [INFO] Adding track segment (B.Cu): [(126365000, 131127500), (126365000, 136267500)]
13:32:49: [INFO] Adding track segment (B.Cu): [(126365000, 136267500), (128905000, 138807500)]
13:32:49: [INFO] Routing SW48 with D48
13:32:49: [INFO] Using internal autorouter method
13:32:49: [INFO] Routing pad 'SW48:2' at (85883750, 150177500) with pad 'D48:2' at (88423750, 157857500) using coordinate system rotated by 0 degree(s)
13:32:49: [INFO] Adding track segment (B.Cu): [(85883750, 150177500), (85883750, 155317500)]
13:32:49: [INFO] Adding track segment (B.Cu): [(85883750, 155317500), (88423750, 157857500)]
13:32:49: [INFO] Routing SW47 with D47
13:32:49: [INFO] Using internal autorouter method
13:32:49: [INFO] Routing pad 'SW47:2' at (459740000, 133032500) with pad 'D47:2' at (462280000, 140712500) using coordinate system rotated by 0 degree(s)
13:32:49: [INFO] Adding track segment (B.Cu): [(459740000, 133032500), (459740000, 138172500)]
13:32:50: [INFO] Adding track segment (B.Cu): [(459740000, 138172500), (462280000, 140712500)]
13:32:50: [INFO] Routing SW46 with D46
13:32:50: [INFO] Using internal autorouter method
13:32:50: [INFO] Routing pad 'SW46:2' at (421640000, 113982500) with pad 'D46:2' at (424180000, 121662500) using coordinate system rotated by 0 degree(s)
13:32:50: [INFO] Adding track segment (B.Cu): [(421640000, 113982500), (421640000, 119122500)]
13:32:50: [INFO] Adding track segment (B.Cu): [(421640000, 119122500), (424180000, 121662500)]
13:32:50: [INFO] Routing SW45 with D45
13:32:50: [INFO] Using internal autorouter method
13:32:50: [INFO] Routing pad 'SW45:2' at (345440000, 113982500) with pad 'D45:2' at (347980000, 121662500) using coordinate system rotated by 0 degree(s)
13:32:50: [INFO] Adding track segment (B.Cu): [(345440000, 113982500), (345440000, 119122500)]
13:32:50: [INFO] Adding track segment (B.Cu): [(345440000, 119122500), (347980000, 121662500)]
13:32:50: [INFO] Routing SW44 with D44
13:32:50: [INFO] Using internal autorouter method
13:32:50: [INFO] Routing pad 'SW44:2' at (321627500, 133032500) with pad 'D44:2' at (324167500, 140712500) using coordinate system rotated by 0 degree(s)
13:32:50: [INFO] Adding track segment (B.Cu): [(321627500, 133032500), (321627500, 138172500)]
13:32:50: [INFO] Adding track segment (B.Cu): [(321627500, 138172500), (324167500, 140712500)]
13:32:50: [INFO] Routing SW43 with D43
13:32:50: [INFO] Using internal autorouter method
13:32:50: [INFO] Routing pad 'SW43:2' at (260792481, 141363784) with pad 'D43:2' at (264627511, 148486041) using coordinate system rotated by 350.0 degree(s)
13:32:50: [INFO] Adding track segment (B.Cu): [(260792481, 141363784), (261685031, 146425694)]
13:32:50: [INFO] Adding track segment (B.Cu): [(261685031, 146425694), (264627511, 148486041)]
13:32:50: [INFO] Routing SW42 with D42
13:32:50: [INFO] Using internal autorouter method
13:32:50: [INFO] Routing pad 'SW42:2' at (261755405, 160537872) with pad 'D42:2' at (265590435, 167660129) using coordinate system rotated by 350.0 degree(s)
13:32:50: [INFO] Adding track segment (B.Cu): [(261755405, 160537872), (262647956, 165599782)]
13:32:50: [INFO] Adding track segment (B.Cu): [(262647956, 165599782), (265590435, 167660129)]
13:32:50: [INFO] Routing SW41 with D41
13:32:50: [INFO] Using internal autorouter method
13:32:50: [INFO] Routing pad 'SW41:2' at (182839129, 120437731) with pad 'D41:2' at (184006922, 128442120) using coordinate system rotated by 10.0 degree(s)
13:32:50: [INFO] Adding track segment (B.Cu): [(182839129, 120437731), (181946577, 125499642)]
13:32:50: [INFO] Adding track segment (B.Cu): [(181946577, 125499642), (184006922, 128442120)]
13:32:50: [INFO] Routing SW40 with D40
13:32:50: [INFO] Using internal autorouter method
13:32:50: [INFO] Routing pad 'SW40:2' at (145317954, 113821736) with pad 'D40:2' at (146485747, 121826125) using coordinate system rotated by 10.0 degree(s)
13:32:50: [INFO] Adding track segment (B.Cu): [(145317954, 113821736), (144425401, 118883647)]
13:32:50: [INFO] Adding track segment (B.Cu): [(144425401, 118883647), (146485747, 121826125)]
13:32:50: [INFO] Routing SW39a with D39
13:32:50: [INFO] Using internal autorouter method
13:32:50: [INFO] Routing pad 'SW39a:2' at (85883750, 131127500) with pad 'D39:2' at (97948750, 138807500) using coordinate system rotated by 0 degree(s)
13:32:50: [INFO] Routing SW39 with D39
13:32:50: [INFO] Using internal autorouter method
13:32:50: [INFO] Routing pad 'SW39:2' at (95408750, 131127500) with pad 'D39:2' at (97948750, 138807500) using coordinate system rotated by 0 degree(s)
13:32:50: [INFO] Adding track segment (B.Cu): [(95408750, 131127500), (95408750, 136267500)]
13:32:50: [INFO] Adding track segment (B.Cu): [(95408750, 136267500), (97948750, 138807500)]
13:32:50: [INFO] Routing SW38 with D38
13:32:50: [INFO] Using internal autorouter method
13:32:50: [INFO] Routing pad 'SW38:2' at (440690000, 113982500) with pad 'D38:2' at (443230000, 121662500) using coordinate system rotated by 0 degree(s)
13:32:50: [INFO] Adding track segment (B.Cu): [(440690000, 113982500), (440690000, 119122500)]
13:32:50: [INFO] Adding track segment (B.Cu): [(440690000, 119122500), (443230000, 121662500)]
13:32:50: [INFO] Routing SW37 with D37
13:32:50: [INFO] Using internal autorouter method
13:32:50: [INFO] Routing pad 'SW37:2' at (421640000, 94932500) with pad 'D37:2' at (424180000, 102612500) using coordinate system rotated by 0 degree(s)
13:32:50: [INFO] Adding track segment (B.Cu): [(421640000, 94932500), (421640000, 100072500)]
13:32:50: [INFO] Adding track segment (B.Cu): [(421640000, 100072500), (424180000, 102612500)]
13:32:50: [INFO] Routing SW36 with D36
13:32:50: [INFO] Using internal autorouter method
13:32:50: [INFO] Routing pad 'SW36:2' at (340677500, 94932500) with pad 'D36:2' at (343217500, 102612500) using coordinate system rotated by 0 degree(s)
13:32:50: [INFO] Adding track segment (B.Cu): [(340677500, 94932500), (340677500, 100072500)]
13:32:50: [INFO] Adding track segment (B.Cu): [(340677500, 100072500), (343217500, 102612500)]
13:32:50: [INFO] Routing SW35 with D35
13:32:50: [INFO] Using internal autorouter method
13:32:50: [INFO] Routing pad 'SW35:2' at (304385952, 114333202) with pad 'D35:2' at (308220982, 121455459) using coordinate system rotated by 350.0 degree(s)
13:32:50: [INFO] Adding track segment (B.Cu): [(304385952, 114333202), (305278503, 119395113)]
13:32:50: [INFO] Adding track segment (B.Cu): [(305278503, 119395113), (308220982, 121455459)]
13:32:50: [INFO] Routing SW34 with D34
13:32:50: [INFO] Using internal autorouter method
13:32:50: [INFO] Routing pad 'SW34:2' at (266864777, 120949198) with pad 'D34:2' at (270699807, 128071455) using coordinate system rotated by 350.0 degree(s)
13:32:50: [INFO] Adding track segment (B.Cu): [(266864777, 120949198), (267757328, 126011109)]
13:32:50: [INFO] Adding track segment (B.Cu): [(267757328, 126011109), (270699807, 128071455)]
13:32:50: [INFO] Routing SW33 with D33
13:32:50: [INFO] Using internal autorouter method
13:32:50: [INFO] Routing pad 'SW33:2' at (207672013, 144160316) with pad 'D33:2' at (208839806, 152164705) using coordinate system rotated by 10.0 degree(s)
13:32:50: [INFO] Adding track segment (B.Cu): [(207672013, 144160316), (206779460, 149222227)]
13:32:50: [INFO] Adding track segment (B.Cu): [(206779460, 149222227), (208839806, 152164705)]
13:32:50: [INFO] Routing SW32 with D32
13:32:50: [INFO] Using internal autorouter method
13:32:50: [INFO] Routing pad 'SW32:2' at (181456980, 100850144) with pad 'D32:2' at (182624773, 108854533) using coordinate system rotated by 10.0 degree(s)
13:32:50: [INFO] Adding track segment (B.Cu): [(181456980, 100850144), (180564427, 105912055)]
13:32:50: [INFO] Adding track segment (B.Cu): [(180564427, 105912055), (182624773, 108854533)]
13:32:50: [INFO] Routing SW31 with D31
13:32:50: [INFO] Using internal autorouter method
13:32:50: [INFO] Routing pad 'SW31:2' at (143935805, 94234149) with pad 'D31:2' at (145103598, 102238538) using coordinate system rotated by 10.0 degree(s)
13:32:50: [INFO] Adding track segment (B.Cu): [(143935805, 94234149), (143043252, 99296059)]
13:32:50: [INFO] Adding track segment (B.Cu): [(143043252, 99296059), (145103598, 102238538)]
13:32:50: [INFO] Routing SW30 with D30
13:32:50: [INFO] Using internal autorouter method
13:32:50: [INFO] Routing pad 'SW30:2' at (95408750, 112077500) with pad 'D30:2' at (97948750, 119757500) using coordinate system rotated by 0 degree(s)
13:32:50: [INFO] Adding track segment (B.Cu): [(95408750, 112077500), (95408750, 117217500)]
13:32:50: [INFO] Adding track segment (B.Cu): [(95408750, 117217500), (97948750, 119757500)]
13:32:50: [INFO] Routing SW29 with D29
13:32:50: [INFO] Using internal autorouter method
13:32:50: [INFO] Routing pad 'SW29:2' at (440690000, 94932500) with pad 'D29:2' at (443230000, 102612500) using coordinate system rotated by 0 degree(s)
13:32:50: [INFO] Adding track segment (B.Cu): [(440690000, 94932500), (440690000, 100072500)]
13:32:50: [INFO] Adding track segment (B.Cu): [(440690000, 100072500), (443230000, 102612500)]
13:32:50: [INFO] Routing SW28 with D28
13:32:50: [INFO] Using internal autorouter method
13:32:50: [INFO] Routing pad 'SW28:2' at (421640000, 75882500) with pad 'D28:2' at (424180000, 83562500) using coordinate system rotated by 0 degree(s)
13:32:50: [INFO] Adding track segment (B.Cu): [(421640000, 75882500), (421640000, 81022500)]
13:32:50: [INFO] Adding track segment (B.Cu): [(421640000, 81022500), (424180000, 83562500)]
13:32:50: [INFO] Routing SW27 with D27
13:32:50: [INFO] Using internal autorouter method
13:32:50: [INFO] Routing pad 'SW27:2' at (345440000, 75882500) with pad 'D27:2' at (347980000, 83562500) using coordinate system rotated by 0 degree(s)
13:32:50: [INFO] Adding track segment (B.Cu): [(345440000, 75882500), (345440000, 81022500)]
13:32:50: [INFO] Adding track segment (B.Cu): [(345440000, 81022500), (347980000, 83562500)]
13:32:50: [INFO] Routing SW26 with D26
13:32:50: [INFO] Using internal autorouter method
13:32:50: [INFO] Routing pad 'SW26:2' at (296387807, 96399614) with pad 'D26:2' at (300222837, 103521871) using coordinate system rotated by 350.0 degree(s)
13:32:50: [INFO] Adding track segment (B.Cu): [(296387807, 96399614), (297280357, 101461524)]
13:32:50: [INFO] Adding track segment (B.Cu): [(297280357, 101461524), (300222837, 103521871)]
13:32:50: [INFO] Routing SW25 with D25
13:32:50: [INFO] Using internal autorouter method
13:32:50: [INFO] Routing pad 'SW25:2' at (258866632, 103015609) with pad 'D25:2' at (262701662, 110137866) using coordinate system rotated by 350.0 degree(s)
13:32:50: [INFO] Adding track segment (B.Cu): [(258866632, 103015609), (259759183, 108077520)]
13:32:50: [INFO] Adding track segment (B.Cu): [(259759183, 108077520), (262701662, 110137866)]
13:32:50: [INFO] Routing SW24 with D24
13:32:50: [INFO] Using internal autorouter method
13:32:50: [INFO] Routing pad 'SW24:2' at (212905860, 87051553) with pad 'D24:2' at (214073653, 95055942) using coordinate system rotated by 10.0 degree(s)
13:32:50: [INFO] Adding track segment (B.Cu): [(212905860, 87051553), (212013308, 92113464)]
13:32:50: [INFO] Adding track segment (B.Cu): [(212013308, 92113464), (214073653, 95055942)]
13:32:50: [INFO] Routing SW23 with D23
13:32:50: [INFO] Using internal autorouter method
13:32:50: [INFO] Routing pad 'SW23:2' at (175384684, 80435558) with pad 'D23:2' at (176552477, 88439947) using coordinate system rotated by 10.0 degree(s)
13:32:50: [INFO] Adding track segment (B.Cu): [(175384684, 80435558), (174492131, 85497469)]
13:32:50: [INFO] Adding track segment (B.Cu): [(174492131, 85497469), (176552477, 88439947)]
13:32:50: [INFO] Routing SW22 with D22
13:32:50: [INFO] Using internal autorouter method
13:32:50: [INFO] Routing pad 'SW22:2' at (137863509, 73819562) with pad 'D22:2' at (139031302, 81823951) using coordinate system rotated by 10.0 degree(s)
13:32:50: [INFO] Adding track segment (B.Cu): [(137863509, 73819562), (136970956, 78881472)]
13:32:50: [INFO] Adding track segment (B.Cu): [(136970956, 78881472), (139031302, 81823951)]
13:32:50: [INFO] Routing SW21 with D21
13:32:50: [INFO] Using internal autorouter method
13:32:50: [INFO] Routing pad 'SW21:2' at (94932500, 93027500) with pad 'D21:2' at (97472500, 100707500) using coordinate system rotated by 0 degree(s)
13:32:50: [INFO] Adding track segment (B.Cu): [(94932500, 93027500), (94932500, 98167500)]
13:32:50: [INFO] Adding track segment (B.Cu): [(94932500, 98167500), (97472500, 100707500)]
13:32:50: [INFO] Routing SW20 with D20
13:32:50: [INFO] Using internal autorouter method
13:32:50: [INFO] Routing pad 'SW20:2' at (478790000, 56832500) with pad 'D20:2' at (481330000, 64512500) using coordinate system rotated by 0 degree(s)
13:32:50: [INFO] Adding track segment (B.Cu): [(478790000, 56832500), (478790000, 61972500)]
13:32:50: [INFO] Adding track segment (B.Cu): [(478790000, 61972500), (481330000, 64512500)]
13:32:50: [INFO] Routing SW19 with D19
13:32:50: [INFO] Using internal autorouter method
13:32:50: [INFO] Routing pad 'SW19:2' at (440690000, 75882500) with pad 'D19:2' at (443230000, 83562500) using coordinate system rotated by 0 degree(s)
13:32:50: [INFO] Adding track segment (B.Cu): [(440690000, 75882500), (440690000, 81022500)]
13:32:50: [INFO] Adding track segment (B.Cu): [(440690000, 81022500), (443230000, 83562500)]
13:32:50: [INFO] Routing SW18 with D18
13:32:50: [INFO] Using internal autorouter method
13:32:50: [INFO] Routing pad 'SW18:2' at (421640000, 56832500) with pad 'D18:2' at (424180000, 64512500) using coordinate system rotated by 0 degree(s)
13:32:50: [INFO] Adding track segment (B.Cu): [(421640000, 56832500), (421640000, 61972500)]
13:32:50: [INFO] Adding track segment (B.Cu): [(421640000, 61972500), (424180000, 64512500)]
13:32:50: [INFO] Routing SW17 with D17
13:32:50: [INFO] Using internal autorouter method
13:32:50: [INFO] Routing pad 'SW17:2' at (350202500, 50165000) with pad 'D17:2' at (352742500, 57845000) using coordinate system rotated by 0 degree(s)
13:32:50: [INFO] Adding track segment (B.Cu): [(350202500, 50165000), (350202500, 55305000)]
13:32:50: [INFO] Adding track segment (B.Cu): [(350202500, 55305000), (352742500, 57845000)]
13:32:50: [INFO] Routing SW16 with D16
13:32:50: [INFO] Using internal autorouter method
13:32:50: [INFO] Routing pad 'SW16:2' at (302460104, 75985027) with pad 'D16:2' at (306295134, 83107284) using coordinate system rotated by 350.0 degree(s)
13:32:50: [INFO] Adding track segment (B.Cu): [(302460104, 75985027), (303352654, 81046937)]
13:32:50: [INFO] Adding track segment (B.Cu): [(303352654, 81046937), (306295134, 83107284)]
13:32:50: [INFO] Routing SW15 with D15
13:32:50: [INFO] Using internal autorouter method
13:32:50: [INFO] Routing pad 'SW15:2' at (264938928, 82601023) with pad 'D15:2' at (268773958, 89723280) using coordinate system rotated by 350.0 degree(s)
13:32:50: [INFO] Adding track segment (B.Cu): [(264938928, 82601023), (265831479, 87662934)]
13:32:50: [INFO] Adding track segment (B.Cu): [(265831479, 87662934), (268773958, 89723280)]
13:32:50: [INFO] Routing SW14 with D14
13:32:50: [INFO] Using internal autorouter method
13:32:50: [INFO] Routing pad 'SW14:2' at (212350710, 62773819) with pad 'D14:2' at (213518503, 70778208) using coordinate system rotated by 10.0 degree(s)
13:32:50: [INFO] Adding track segment (B.Cu): [(212350710, 62773819), (211458157, 67835729)]
13:32:50: [INFO] Adding track segment (B.Cu): [(211458157, 67835729), (213518503, 70778208)]
13:32:50: [INFO] Routing SW13 with D13
13:32:50: [INFO] Using internal autorouter method
13:32:50: [INFO] Routing pad 'SW13:2' at (170139388, 55330824) with pad 'D13:2' at (171307181, 63335213) using coordinate system rotated by 10.0 degree(s)
13:32:50: [INFO] Adding track segment (B.Cu): [(170139388, 55330824), (169246836, 60392735)]
13:32:51: [INFO] Adding track segment (B.Cu): [(169246836, 60392735), (171307181, 63335213)]
13:32:51: [INFO] Routing SW12 with D12
13:32:51: [INFO] Using internal autorouter method
13:32:51: [INFO] Routing pad 'SW12:2' at (126365000, 50165000) with pad 'D12:2' at (128905000, 57845000) using coordinate system rotated by 0 degree(s)
13:32:51: [INFO] Adding track segment (B.Cu): [(126365000, 50165000), (126365000, 55305000)]
13:32:51: [INFO] Adding track segment (B.Cu): [(126365000, 55305000), (128905000, 57845000)]
13:32:51: [INFO] Routing SW11 with D11
13:32:51: [INFO] Using internal autorouter method
13:32:51: [INFO] Routing pad 'SW11:2' at (94932500, 73977500) with pad 'D11:2' at (97472500, 81657500) using coordinate system rotated by 0 degree(s)
13:32:51: [INFO] Adding track segment (B.Cu): [(94932500, 73977500), (94932500, 79117500)]
13:32:51: [INFO] Adding track segment (B.Cu): [(94932500, 79117500), (97472500, 81657500)]
13:32:51: [INFO] Routing SW10 with D10
13:32:51: [INFO] Using internal autorouter method
13:32:51: [INFO] Routing pad 'SW10:S2' at (483250000, 35600000) with pad 'D10:2' at (473830000, 38200000) using coordinate system rotated by 0 degree(s)
13:32:51: [INFO] Adding track segment (B.Cu): [(483250000, 35600000), (476430000, 35600000)]
13:32:51: [INFO] Adding track segment (B.Cu): [(476430000, 35600000), (473830000, 38200000)]
13:32:51: [INFO] Routing SW9 with D9
13:32:51: [INFO] Using internal autorouter method
13:32:51: [INFO] Routing pad 'SW9:2' at (440690000, 56832500) with pad 'D9:2' at (443230000, 64512500) using coordinate system rotated by 0 degree(s)
13:32:51: [INFO] Adding track segment (B.Cu): [(440690000, 56832500), (440690000, 61972500)]
13:32:51: [INFO] Adding track segment (B.Cu): [(440690000, 61972500), (443230000, 64512500)]
13:32:51: [INFO] Routing SW8 with D8
13:32:51: [INFO] Using internal autorouter method
13:32:51: [INFO] Routing pad 'SW8:2' at (393065000, 50165000) with pad 'D8:2' at (395605000, 57845000) using coordinate system rotated by 0 degree(s)
13:32:51: [INFO] Adding track segment (B.Cu): [(393065000, 50165000), (393065000, 55305000)]
13:32:51: [INFO] Adding track segment (B.Cu): [(393065000, 55305000), (395605000, 57845000)]
13:32:51: [INFO] Routing SW7 with D7
13:32:51: [INFO] Using internal autorouter method
13:32:51: [INFO] Routing pad 'SW7:2' at (331152500, 50165000) with pad 'D7:2' at (333692500, 57845000) using coordinate system rotated by 0 degree(s)
13:32:51: [INFO] Adding track segment (B.Cu): [(331152500, 50165000), (331152500, 55305000)]
13:32:51: [INFO] Adding track segment (B.Cu): [(331152500, 55305000), (333692500, 57845000)]
13:32:51: [INFO] Routing SW6 with D6
13:32:51: [INFO] Using internal autorouter method
13:32:51: [INFO] Routing pad 'SW6:2' at (308532400, 50807941) with pad 'D6:2' at (312367430, 57930198) using coordinate system rotated by 350.0 degree(s)
13:32:51: [INFO] Adding track segment (B.Cu): [(308532400, 50807941), (309424951, 55869852)]
13:32:51: [INFO] Adding track segment (B.Cu): [(309424951, 55869852), (312367430, 57930198)]
13:32:51: [INFO] Routing SW5 with D5
13:32:51: [INFO] Using internal autorouter method
13:32:51: [INFO] Routing pad 'SW5:2' at (289771812, 54115938) with pad 'D5:2' at (293606842, 61238195) using coordinate system rotated by 350.0 degree(s)
13:32:51: [INFO] Adding track segment (B.Cu): [(289771812, 54115938), (290664363, 59177849)]
13:32:51: [INFO] Adding track segment (B.Cu): [(290664363, 59177849), (293606842, 61238195)]
13:32:51: [INFO] Routing SW4 with D4
13:32:51: [INFO] Using internal autorouter method
13:32:51: [INFO] Routing pad 'SW4:2' at (193590122, 59465821) with pad 'D4:2' at (194757915, 67470210) using coordinate system rotated by 10.0 degree(s)
13:32:51: [INFO] Adding track segment (B.Cu): [(193590122, 59465821), (192697569, 64527732)]
13:32:51: [INFO] Adding track segment (B.Cu): [(192697569, 64527732), (194757915, 67470210)]
13:32:51: [INFO] Routing SW3 with D3
13:32:51: [INFO] Using internal autorouter method
13:32:51: [INFO] Routing pad 'SW3:2' at (151378800, 52022826) with pad 'D3:2' at (152546593, 60027215) using coordinate system rotated by 10.0 degree(s)
13:32:51: [INFO] Adding track segment (B.Cu): [(151378800, 52022826), (150486247, 57084737)]
13:32:51: [INFO] Adding track segment (B.Cu): [(150486247, 57084737), (152546593, 60027215)]
13:32:51: [INFO] Routing SW2 with D2
13:32:51: [INFO] Using internal autorouter method
13:32:51: [INFO] Routing pad 'SW2:2' at (107315000, 50165000) with pad 'D2:2' at (109855000, 57845000) using coordinate system rotated by 0 degree(s)
13:32:51: [INFO] Adding track segment (B.Cu): [(107315000, 50165000), (107315000, 55305000)]
13:32:51: [INFO] Adding track segment (B.Cu): [(107315000, 55305000), (109855000, 57845000)]
13:32:51: [INFO] Routing SW1 with D1
13:32:51: [INFO] Using internal autorouter method
13:32:51: [INFO] Routing pad 'SW1:2' at (83502500, 50165000) with pad 'D1:2' at (86042500, 57845000) using coordinate system rotated by 0 degree(s)
13:32:51: [INFO] Adding track segment (B.Cu): [(83502500, 50165000), (83502500, 55305000)]
13:32:51: [INFO] Adding track segment (B.Cu): [(83502500, 55305000), (86042500, 57845000)]
13:32:51: [INFO] Routing COL5 pads
13:32:51: [INFO] Routing pad 'SW89:1' at (309335932, 96695694) with pad 'SW16:1' at (296647641, 79589105) using coordinate system rotated by 350.0 degree(s)
13:32:51: [INFO] Adding track segment (F.Cu): [(309335932, 96695694), (298301639, 88969399)]
13:32:51: [INFO] Adding track segment (F.Cu): [(298301639, 88969399), (296647641, 79589105)]
13:32:51: [INFO] Routing pad 'SW26:1' at (290575344, 100003692) with pad 'SW35:1' at (298573489, 117937280) using coordinate system rotated by 350.0 degree(s)
13:32:51: [INFO] Adding track segment (F.Cu): [(290575344, 100003692), (293056341, 114074130)]
13:32:51: [INFO] Adding track segment (F.Cu): [(293056341, 114074130), (298573489, 117937280)]
13:32:51: [INFO] Routing pad 'SW16:1' at (296647641, 79589105) with pad 'SW6:1' at (302719937, 54412019) using coordinate system rotated by 350.0 degree(s)
13:32:51: [INFO] Adding track segment (F.Cu): [(296647641, 79589105), (305044764, 67596768)]
13:32:51: [INFO] Adding track segment (F.Cu): [(305044764, 67596768), (302719937, 54412019)]
13:32:51: [INFO] Routing pad 'SW26:1' at (290575344, 100003692) with pad 'SW89:1' at (309335932, 96695694) using coordinate system rotated by 350.0 degree(s)
13:32:51: [INFO] Adding track segment (F.Cu): [(290575344, 100003692), (309335931, 96695693)]
13:32:51: [INFO] Adding track segment (F.Cu): [(309335931, 96695693), (309335932, 96695694)]
13:32:51: [INFO] Routing pad 'SW80:1' at (320040000, 116522500) with pad 'SW44:1' at (315277500, 135572500) using coordinate system rotated by 0 degree(s)
13:32:51: [INFO] Adding track segment (F.Cu): [(320040000, 116522500), (320040000, 130810000)]
13:32:51: [INFO] Adding track segment (F.Cu): [(320040000, 130810000), (315277500, 135572500)]
13:32:51: [WARNING] Could not route pads when parent footprints not rotated the same, footprint1: SW89 at 10.0 degree(s) and footprint2: SW98 at 0.0 degree(s)
13:32:51: [WARNING] Could not route pads when parent footprints not rotated the same, footprint1: SW35 at 10.0 degree(s) and footprint2: SW80 at 0.0 degree(s)
13:32:51: [INFO] Routing pad 'SW71:1' at (334327500, 135572500) with pad 'SW53:1' at (331946250, 154622500) using coordinate system rotated by 0 degree(s)
13:32:51: [INFO] Adding track segment (F.Cu): [(334327500, 135572500), (334327500, 152241250)]
13:32:51: [INFO] Adding track segment (F.Cu): [(334327500, 152241250), (331946250, 154622500)]
13:32:51: [INFO] Routing pad 'SW44:1' at (315277500, 135572500) with pad 'SW71:1' at (334327500, 135572500) using coordinate system rotated by 0 degree(s)
13:32:51: [INFO] Adding track segment (F.Cu): [(315277500, 135572500), (334327500, 135572500)]
13:32:51: [INFO] Routing pad 'SW53:1' at (331946250, 154622500) with pad 'SW62:1' at (355758750, 154622500) using coordinate system rotated by 0 degree(s)
13:32:51: [INFO] Adding track segment (F.Cu): [(331946250, 154622500), (355758750, 154622500)]
13:32:51: [INFO] Routing ROW0 pads
13:32:51: [INFO] Routing pad 'D1:1' at (86042500, 60645000) with pad 'D2:1' at (109855000, 60645000) using coordinate system rotated by 0 degree(s)
13:32:51: [INFO] Adding track segment (B.Cu): [(86042500, 60645000), (109855000, 60645000)]
13:32:51: [WARNING] Could not route pads when parent footprints not rotated the same, footprint1: D2 at 90.0 degree(s) and footprint2: D3 at 80.0 degree(s)
13:32:51: [INFO] Routing pad 'D3:1' at (152060379, 62784677) with pad 'D4:1' at (194271701, 70227672) using coordinate system rotated by 280.0 degree(s)
13:32:51: [WARNING] Could not route pads when parent footprints not rotated the same, footprint1: D4 at 80.0 degree(s) and footprint2: D5 at 100.0 degree(s)
13:32:51: [INFO] Routing pad 'D5:1' at (294093056, 63995657) with pad 'D6:1' at (312853644, 60687660) using coordinate system rotated by 260.0 degree(s)
13:32:51: [INFO] Adding track segment (B.Cu): [(294093056, 63995657), (312853642, 60687659)]
13:32:51: [INFO] Adding track segment (B.Cu): [(312853642, 60687659), (312853644, 60687660)]
13:32:51: [WARNING] Could not route pads when parent footprints not rotated the same, footprint1: D6 at 100.0 degree(s) and footprint2: D7 at 90.0 degree(s)
13:32:51: [INFO] Routing pad 'D7:1' at (333692500, 60645000) with pad 'D8:1' at (395605000, 60645000) using coordinate system rotated by 0 degree(s)
13:32:51: [INFO] Adding track segment (B.Cu): [(333692500, 60645000), (395605000, 60645000)]
13:32:51: [INFO] Could not add track segment due to detected collision
13:32:51: [INFO] Routing pad 'D8:1' at (395605000, 60645000) with pad 'D9:1' at (443230000, 67312500) using coordinate system rotated by 0 degree(s)
13:32:51: [INFO] Routing pad 'D9:1' at (443230000, 67312500) with pad 'D10:1' at (473830000, 41000000) using coordinate system rotated by 0 degree(s)
13:32:51: [INFO] Routing COL2 pads
13:32:51: [INFO] Routing pad 'SW3:1' at (144684205, 53421572) with pad 'SW13:1' at (163444793, 56729570) using coordinate system rotated by 10.0 degree(s)
13:32:51: [INFO] Adding track segment (F.Cu): [(144684205, 53421572), (163444792, 56729568)]
13:32:51: [INFO] Adding track segment (F.Cu): [(163444792, 56729568), (163444793, 56729570)]
13:32:51: [INFO] Routing pad 'SW41:1' at (176144534, 121836477) with pad 'SW50:1' at (163456243, 138943066) using coordinate system rotated by 10.0 degree(s)
13:32:51: [INFO] Adding track segment (F.Cu): [(176144534, 121836477), (174490534, 131216770)]
13:32:51: [INFO] Adding track segment (F.Cu): [(174490534, 131216770), (163456243, 138943066)]
13:32:51: [INFO] Routing pad 'SW13:1' at (163444793, 56729570) with pad 'SW23:1' at (168690089, 81834304) using coordinate system rotated by 10.0 degree(s)
13:32:51: [INFO] Adding track segment (F.Cu): [(163444793, 56729570), (160963793, 70800010)]
13:32:51: [INFO] Adding track segment (F.Cu): [(160963793, 70800010), (168690089, 81834304)]
13:32:51: [INFO] Routing pad 'SW23:1' at (168690089, 81834304) with pad 'SW32:1' at (174762385, 102248890) using coordinate system rotated by 10.0 degree(s)
13:32:51: [INFO] Adding track segment (F.Cu): [(168690089, 81834304), (167036090, 91214596)]
13:32:51: [INFO] Adding track segment (F.Cu): [(167036090, 91214596), (174762385, 102248890)]
13:32:51: [INFO] Routing pad 'SW32:1' at (174762385, 102248890) with pad 'SW41:1' at (176144534, 121836477) using coordinate system rotated by 10.0 degree(s)
13:32:51: [INFO] Adding track segment (F.Cu): [(174762385, 102248890), (172281386, 116319330)]
13:32:51: [INFO] Adding track segment (F.Cu): [(172281386, 116319330), (176144534, 121836477)]
13:32:51: [INFO] Routing pad 'SW50:1' at (163456243, 138943066) with pad 'SW68:1' at (182216830, 142251064) using coordinate system rotated by 10.0 degree(s)
13:32:51: [INFO] Adding track segment (F.Cu): [(163456243, 138943066), (182216828, 142251062)]
13:32:51: [INFO] Adding track segment (F.Cu): [(182216828, 142251062), (182216830, 142251064)]
13:32:51: [INFO] Routing pad 'SW68:1' at (182216830, 142251064) with pad 'SW59:1' at (185944053, 162252151) using coordinate system rotated by 10.0 degree(s)
13:32:51: [INFO] Adding track segment (F.Cu): [(182216830, 142251064), (180149330, 153976429)]
13:32:51: [INFO] Adding track segment (F.Cu): [(180149330, 153976429), (185944053, 162252151)]
13:32:51: [INFO] Routing pad 'SW23:1' at (168690089, 81834304) with pad 'SW95:1' at (187450677, 85142301) using coordinate system rotated by 10.0 degree(s)
13:32:51: [INFO] Adding track segment (F.Cu): [(168690089, 81834304), (187450675, 85142301)]
13:32:51: [INFO] Adding track segment (F.Cu): [(187450675, 85142301), (187450677, 85142301)]
13:32:51: [INFO] Routing pad 'SW32:1' at (174762385, 102248890) with pad 'SW86:1' at (193522973, 105556888) using coordinate system rotated by 10.0 degree(s)
13:32:51: [INFO] Adding track segment (F.Cu): [(174762385, 102248890), (193522971, 105556886)]
13:32:51: [INFO] Adding track segment (F.Cu): [(193522971, 105556886), (193522973, 105556888)]
13:32:51: [INFO] Routing pad 'SW41:1' at (176144534, 121836477) with pad 'SW77:1' at (194905122, 125144475) using coordinate system rotated by 10.0 degree(s)
13:32:51: [INFO] Adding track segment (F.Cu): [(176144534, 121836477), (194905121, 125144473)]
13:32:51: [INFO] Adding track segment (F.Cu): [(194905121, 125144473), (194905122, 125144475)]
13:32:51: [INFO] Routing COL0 pads
13:32:51: [INFO] Routing pad 'SW39:1' at (89058750, 133667500) with pad 'SW39a:1' at (79533750, 133667500) using coordinate system rotated by 0 degree(s)
13:32:51: [INFO] Adding track segment (F.Cu): [(89058750, 133667500), (79533750, 133667500)]
13:32:51: [INFO] Routing pad 'SW39a:1' at (79533750, 133667500) with pad 'SW48:1' at (79533750, 152717500) using coordinate system rotated by 0 degree(s)
13:32:51: [INFO] Adding track segment (F.Cu): [(79533750, 133667500), (79533750, 152717500)]
13:32:52: [INFO] Could not add track segment due to detected collision
13:32:52: [INFO] Routing pad 'SW1:1' at (77152500, 52705000) with pad 'SW11:1' at (88582500, 76517500) using coordinate system rotated by 0 degree(s)
13:32:52: [INFO] Adding track segment (F.Cu): [(77152500, 52705000), (77152500, 65087500)]
13:32:52: [INFO] Adding track segment (F.Cu): [(77152500, 65087500), (88582500, 76517500)]
13:32:52: [INFO] Routing pad 'SW11:1' at (88582500, 76517500) with pad 'SW21:1' at (88582500, 95567500) using coordinate system rotated by 0 degree(s)
13:32:52: [INFO] Adding track segment (F.Cu): [(88582500, 76517500), (88582500, 95567500)]
13:32:52: [INFO] Routing pad 'SW21:1' at (88582500, 95567500) with pad 'SW30:1' at (89058750, 114617500) using coordinate system rotated by 0 degree(s)
13:32:52: [INFO] Adding track segment (F.Cu): [(88582500, 95567500), (88582500, 114141250)]
13:32:52: [INFO] Adding track segment (F.Cu): [(88582500, 114141250), (89058750, 114617500)]
13:32:52: [INFO] Routing pad 'SW30:1' at (89058750, 114617500) with pad 'SW39:1' at (89058750, 133667500) using coordinate system rotated by 0 degree(s)
13:32:52: [INFO] Adding track segment (F.Cu): [(89058750, 114617500), (89058750, 133667500)]
13:32:52: [INFO] Routing pad 'SW39:1' at (89058750, 133667500) with pad 'SW66:1' at (100965000, 133667500) using coordinate system rotated by 0 degree(s)
13:32:52: [INFO] Adding track segment (F.Cu): [(89058750, 133667500), (100965000, 133667500)]
13:32:52: [INFO] Routing pad 'SW66:1' at (100965000, 133667500) with pad 'SW57:1' at (103346250, 152717500) using coordinate system rotated by 0 degree(s)
13:32:52: [INFO] Adding track segment (F.Cu): [(100965000, 133667500), (100965000, 150336250)]
13:32:52: [INFO] Adding track segment (F.Cu): [(100965000, 150336250), (103346250, 152717500)]
13:32:52: [INFO] Routing pad 'SW11:1' at (88582500, 76517500) with pad 'SW93:1' at (107632500, 76517500) using coordinate system rotated by 0 degree(s)
13:32:52: [INFO] Adding track segment (F.Cu): [(88582500, 76517500), (107632500, 76517500)]
13:32:52: [INFO] Routing pad 'SW93:1' at (107632500, 76517500) with pad 'SW84:1' at (112395000, 95567500) using coordinate system rotated by 0 degree(s)
13:32:52: [INFO] Adding track segment (F.Cu): [(107632500, 76517500), (107632500, 90805000)]
13:32:52: [INFO] Adding track segment (F.Cu): [(107632500, 90805000), (112395000, 95567500)]
13:32:52: [INFO] Routing pad 'SW84:1' at (112395000, 95567500) with pad 'SW75:1' at (115252500, 114617500) using coordinate system rotated by 0 degree(s)
13:32:52: [INFO] Adding track segment (F.Cu): [(112395000, 95567500), (112395000, 111760000)]
13:32:52: [INFO] Adding track segment (F.Cu): [(112395000, 111760000), (115252500, 114617500)]
13:32:52: [INFO] Routing ROW7 pads
13:32:52: [WARNING] Could not route pads when parent footprints not rotated the same, footprint1: D66 at 90.0 degree(s) and footprint2: D67 at 80.0 degree(s)
13:32:52: [INFO] Routing pad 'D67:1' at (152071829, 144998173) with pad 'D68:1' at (189593004, 151614169) using coordinate system rotated by 280.0 degree(s)
13:32:52: [WARNING] Could not route pads when parent footprints not rotated the same, footprint1: D68 at 80.0 degree(s) and footprint2: D69 at 100.0 degree(s)
13:32:52: [INFO] Routing pad 'D69:1' at (244427288, 116203326) with pad 'D70:1' at (302634900, 144627508) using coordinate system rotated by 260.0 degree(s)
13:32:52: [WARNING] Could not route pads when parent footprints not rotated the same, footprint1: D70 at 100.0 degree(s) and footprint2: D71 at 90.0 degree(s)
13:32:52: [INFO] Routing pad 'D71:1' at (343217500, 143512500) with pad 'D72:1' at (378936250, 124462500) using coordinate system rotated by 0 degree(s)
13:32:52: [INFO] Adding track segment (B.Cu): [(343217500, 143512500), (359886250, 143512500)]
13:32:52: [INFO] Adding track segment (B.Cu): [(359886250, 143512500), (378936250, 124462500)]
13:32:52: [INFO] Routing pad 'D72:1' at (378936250, 124462500) with pad 'D73:1' at (386080000, 105412500) using coordinate system rotated by 0 degree(s)
13:32:52: [INFO] Routing pad 'D73:1' at (386080000, 105412500) with pad 'D74:1' at (462280000, 105412500) using coordinate system rotated by 0 degree(s)
13:32:52: [INFO] Adding track segment (B.Cu): [(386080000, 105412500), (462280000, 105412500)]
13:32:52: [INFO] Could not add track segment due to detected collision
13:32:52: [INFO] Routing ROW4 pads
13:32:52: [WARNING] Could not route pads when parent footprints not rotated the same, footprint1: D39 at 90.0 degree(s) and footprint2: D40 at 80.0 degree(s)
13:32:52: [INFO] Routing pad 'D40:1' at (145999533, 124583587) with pad 'D41:1' at (183520708, 131199582) using coordinate system rotated by 280.0 degree(s)
13:32:52: [WARNING] Could not route pads when parent footprints not rotated the same, footprint1: D41 at 80.0 degree(s) and footprint2: D43 at 100.0 degree(s)
13:32:52: [INFO] Routing pad 'D43:1' at (265113725, 151243503) with pad 'D42:1' at (266076649, 170417591) using coordinate system rotated by 260.0 degree(s)
13:32:52: [INFO] Adding track segment (B.Cu): [(265113725, 151243503), (268008222, 167659016)]
13:32:52: [INFO] Adding track segment (B.Cu): [(268008222, 167659016), (266076649, 170417591)]
13:32:52: [WARNING] Could not route pads when parent footprints not rotated the same, footprint1: D43 at 100.0 degree(s) and footprint2: D44 at 90.0 degree(s)
13:32:52: [INFO] Routing pad 'D44:1' at (324167500, 143512500) with pad 'D45:1' at (347980000, 124462500) using coordinate system rotated by 0 degree(s)
13:32:52: [INFO] Adding track segment (B.Cu): [(324167500, 143512500), (343217500, 124462500)]
13:32:52: [INFO] Adding track segment (B.Cu): [(343217500, 124462500), (347980000, 124462500)]
13:32:52: [INFO] Routing pad 'D45:1' at (347980000, 124462500) with pad 'D46:1' at (424180000, 124462500) using coordinate system rotated by 0 degree(s)
13:32:52: [INFO] Adding track segment (B.Cu): [(347980000, 124462500), (424180000, 124462500)]
13:32:52: [INFO] Could not add track segment due to detected collision
13:32:52: [INFO] Routing pad 'D46:1' at (424180000, 124462500) with pad 'D47:1' at (462280000, 143512500) using coordinate system rotated by 0 degree(s)
13:32:52: [INFO] Routing ROW3 pads
13:32:52: [WARNING] Could not route pads when parent footprints not rotated the same, footprint1: D30 at 90.0 degree(s) and footprint2: D31 at 80.0 degree(s)
13:32:52: [INFO] Routing pad 'D31:1' at (144617384, 104996000) with pad 'D32:1' at (182138559, 111611995) using coordinate system rotated by 280.0 degree(s)
13:32:52: [INFO] Routing pad 'D32:1' at (182138559, 111611995) with pad 'D33:1' at (208353592, 154922167) using coordinate system rotated by 280.0 degree(s)
13:32:52: [WARNING] Could not route pads when parent footprints not rotated the same, footprint1: D33 at 80.0 degree(s) and footprint2: D34 at 100.0 degree(s)
13:32:52: [INFO] Routing pad 'D34:1' at (271186021, 130828917) with pad 'D35:1' at (308707196, 124212921) using coordinate system rotated by 260.0 degree(s)
13:32:52: [WARNING] Could not route pads when parent footprints not rotated the same, footprint1: D35 at 100.0 degree(s) and footprint2: D36 at 90.0 degree(s)
13:32:52: [INFO] Routing pad 'D36:1' at (343217500, 105412500) with pad 'D37:1' at (424180000, 105412500) using coordinate system rotated by 0 degree(s)
13:32:52: [INFO] Adding track segment (B.Cu): [(343217500, 105412500), (424180000, 105412500)]
13:32:52: [INFO] Could not add track segment due to detected collision
13:32:52: [INFO] Routing pad 'D37:1' at (424180000, 105412500) with pad 'D38:1' at (443230000, 124462500) using coordinate system rotated by 0 degree(s)
13:32:52: [INFO] Routing ROW1 pads
13:32:52: [INFO] Routing pad 'D11:1' at (97472500, 84457500) with pad 'D12:1' at (128905000, 60645000) using coordinate system rotated by 0 degree(s)
13:32:52: [INFO] Adding track segment (B.Cu): [(97472500, 84457500), (121285000, 60645000)]
13:32:52: [INFO] Adding track segment (B.Cu): [(121285000, 60645000), (128905000, 60645000)]
13:32:52: [WARNING] Could not route pads when parent footprints not rotated the same, footprint1: D12 at 90.0 degree(s) and footprint2: D13 at 80.0 degree(s)
13:32:52: [INFO] Routing pad 'D13:1' at (170820967, 66092675) with pad 'D14:1' at (213032289, 73535670) using coordinate system rotated by 280.0 degree(s)
13:32:52: [WARNING] Could not route pads when parent footprints not rotated the same, footprint1: D14 at 80.0 degree(s) and footprint2: D15 at 100.0 degree(s)
13:32:52: [INFO] Routing pad 'D15:1' at (269260172, 92480742) with pad 'D16:1' at (306781348, 85864746) using coordinate system rotated by 260.0 degree(s)
13:32:52: [WARNING] Could not route pads when parent footprints not rotated the same, footprint1: D16 at 100.0 degree(s) and footprint2: D17 at 90.0 degree(s)
13:32:52: [INFO] Routing pad 'D17:1' at (352742500, 60645000) with pad 'D18:1' at (424180000, 67312500) using coordinate system rotated by 0 degree(s)
13:32:52: [INFO] Adding track segment (B.Cu): [(352742500, 60645000), (359410000, 67312500)]
13:32:52: [INFO] Adding track segment (B.Cu): [(359410000, 67312500), (424180000, 67312500)]
13:32:52: [INFO] Routing pad 'D18:1' at (424180000, 67312500) with pad 'D19:1' at (443230000, 86362500) using coordinate system rotated by 0 degree(s)
13:32:52: [INFO] Routing pad 'D19:1' at (443230000, 86362500) with pad 'D20:1' at (481330000, 67312500) using coordinate system rotated by 0 degree(s)
13:32:52: [INFO] Routing COL7 pads
13:32:52: [INFO] Routing pad 'SW18:1' at (415290000, 59372500) with pad 'SW8:1' at (386715000, 52705000) using coordinate system rotated by 0 degree(s)
13:32:52: [INFO] Adding track segment (F.Cu): [(415290000, 59372500), (408622500, 52705000)]
13:32:52: [INFO] Adding track segment (F.Cu): [(408622500, 52705000), (386715000, 52705000)]
13:32:52: [INFO] Routing pad 'SW82:1' at (410527500, 159385000) with pad 'SW64:1' at (391477500, 159385000) using coordinate system rotated by 0 degree(s)
13:32:52: [INFO] Adding track segment (F.Cu): [(410527500, 159385000), (391477500, 159385000)]
13:32:52: [INFO] Routing pad 'SW46:1' at (415290000, 116522500) with pad 'SW55:1' at (410527500, 140525500) using coordinate system rotated by 0 degree(s)
13:32:52: [INFO] Adding track segment (F.Cu): [(415290000, 116522500), (415290000, 135763000)]
13:32:52: [INFO] Adding track segment (F.Cu): [(415290000, 135763000), (410527500, 140525500)]
13:32:52: [INFO] Routing pad 'SW55:1' at (410527500, 140525500) with pad 'SW82:1' at (410527500, 159385000) using coordinate system rotated by 0 degree(s)
13:32:52: [INFO] Adding track segment (F.Cu): [(410527500, 140525500), (410527500, 159385000)]
13:32:52: [INFO] Routing pad 'SW28:1' at (415290000, 78422500) with pad 'SW18:1' at (415290000, 59372500) using coordinate system rotated by 0 degree(s)
13:32:52: [INFO] Adding track segment (F.Cu): [(415290000, 78422500), (415290000, 59372500)]
13:32:52: [INFO] Routing pad 'SW37:1' at (415290000, 97472500) with pad 'SW28:1' at (415290000, 78422500) using coordinate system rotated by 0 degree(s)
13:32:52: [INFO] Adding track segment (F.Cu): [(415290000, 97472500), (415290000, 78422500)]
13:32:52: [INFO] Routing pad 'SW73:1' at (377190000, 97472500) with pad 'SW37:1' at (415290000, 97472500) using coordinate system rotated by 0 degree(s)
13:32:52: [INFO] Adding track segment (F.Cu): [(377190000, 97472500), (415290000, 97472500)]
13:32:52: [INFO] Could not add track segment due to detected collision
13:32:52: [INFO] Routing pad 'SW37:1' at (415290000, 97472500) with pad 'SW46:1' at (415290000, 116522500) using coordinate system rotated by 0 degree(s)
13:32:52: [INFO] Adding track segment (F.Cu): [(415290000, 97472500), (415290000, 116522500)]
13:32:52: [INFO] Routing pad 'SW82:1' at (410527500, 159385000) with pad 'SW91:1' at (429577500, 159385000) using coordinate system rotated by 0 degree(s)
13:32:52: [INFO] Adding track segment (F.Cu): [(410527500, 159385000), (429577500, 159385000)]
13:32:52: [INFO] Routing pad 'SW91:1' at (429577500, 159385000) with pad 'SW100:1' at (434340000, 135572500) using coordinate system rotated by 0 degree(s)
13:32:52: [INFO] Adding track segment (F.Cu): [(429577500, 159385000), (434340000, 154622500)]
13:32:52: [INFO] Adding track segment (F.Cu): [(434340000, 154622500), (434340000, 135572500)]
13:32:52: [INFO] Routing ROW9 pads
13:32:52: [WARNING] Could not route pads when parent footprints not rotated the same, footprint1: D84 at 90.0 degree(s) and footprint2: D85 at 80.0 degree(s)
13:32:52: [INFO] Routing pad 'D85:1' at (163377972, 108303997) with pad 'D86:1' at (200899147, 114919993) using coordinate system rotated by 280.0 degree(s)
13:32:52: [WARNING] Could not route pads when parent footprints not rotated the same, footprint1: D86 at 80.0 degree(s) and footprint2: D87 at 100.0 degree(s)
13:32:52: [INFO] Routing pad 'D87:1' at (251881734, 71438653) with pad 'D88:1' at (281948464, 109587331) using coordinate system rotated by 260.0 degree(s)
13:32:52: [INFO] Routing pad 'D88:1' at (281948464, 109587331) with pad 'D89:1' at (319469639, 102971335) using coordinate system rotated by 260.0 degree(s)
13:32:52: [WARNING] Could not route pads when parent footprints not rotated the same, footprint1: D89 at 100.0 degree(s) and footprint2: D90 at 90.0 degree(s)
13:32:52: [INFO] Routing pad 'D92:1' at (462280000, 86362500) with pad 'D91:1' at (438467500, 167325000) using coordinate system rotated by 0 degree(s)
13:32:52: [INFO] Routing pad 'D90:1' at (376555000, 86362500) with pad 'D92:1' at (462280000, 86362500) using coordinate system rotated by 0 degree(s)
13:32:52: [INFO] Adding track segment (B.Cu): [(376555000, 86362500), (462280000, 86362500)]
13:32:52: [INFO] Could not add track segment due to detected collision
13:32:52: [INFO] Routing COL8 pads
13:32:52: [INFO] Routing pad 'SW9:1' at (434340000, 59372500) with pad 'SW19:1' at (434340000, 78422500) using coordinate system rotated by 0 degree(s)
13:32:52: [INFO] Adding track segment (F.Cu): [(434340000, 59372500), (434340000, 78422500)]
13:32:52: [INFO] Routing pad 'SW19:1' at (434340000, 78422500) with pad 'SW29:1' at (434340000, 97472500) using coordinate system rotated by 0 degree(s)
13:32:52: [INFO] Adding track segment (F.Cu): [(434340000, 78422500), (434340000, 97472500)]
13:32:52: [INFO] Routing pad 'SW29:1' at (434340000, 97472500) with pad 'SW38:1' at (434340000, 116522500) using coordinate system rotated by 0 degree(s)
13:32:52: [INFO] Adding track segment (F.Cu): [(434340000, 97472500), (434340000, 116522500)]
13:32:52: [INFO] Routing pad 'SW9:1' at (434340000, 59372500) with pad 'SW101:1' at (453390000, 59372500) using coordinate system rotated by 0 degree(s)
13:32:52: [INFO] Adding track segment (F.Cu): [(434340000, 59372500), (453390000, 59372500)]
13:32:52: [INFO] Routing pad 'SW19:1' at (434340000, 78422500) with pad 'SW92:1' at (453390000, 78422500) using coordinate system rotated by 0 degree(s)
13:32:52: [INFO] Adding track segment (F.Cu): [(434340000, 78422500), (453390000, 78422500)]
13:32:52: [INFO] Routing pad 'SW29:1' at (434340000, 97472500) with pad 'SW74:1' at (453390000, 97472500) using coordinate system rotated by 0 degree(s)
13:32:52: [INFO] Adding track segment (F.Cu): [(434340000, 97472500), (453390000, 97472500)]
13:32:52: [INFO] Routing pad 'SW38:1' at (434340000, 116522500) with pad 'SW65:1' at (453390000, 116522500) using coordinate system rotated by 0 degree(s)
13:32:52: [INFO] Adding track segment (F.Cu): [(434340000, 116522500), (453390000, 116522500)]
13:32:52: [INFO] Routing pad 'SW65:1' at (453390000, 116522500) with pad 'SW47:1' at (453390000, 135572500) using coordinate system rotated by 0 degree(s)
13:32:52: [INFO] Adding track segment (F.Cu): [(453390000, 116522500), (453390000, 135572500)]
13:32:52: [INFO] Routing pad 'SW92:1' at (453390000, 78422500) with pad 'SW83:1' at (472440000, 87947500) using coordinate system rotated by 0 degree(s)
13:32:52: [INFO] Adding track segment (F.Cu): [(453390000, 78422500), (462915000, 78422500)]
13:32:52: [INFO] Adding track segment (F.Cu): [(462915000, 78422500), (472440000, 87947500)]
13:32:52: [INFO] Routing pad 'SW65:1' at (453390000, 116522500) with pad 'SW56:1' at (472440000, 126047500) using coordinate system rotated by 0 degree(s)
13:32:52: [INFO] Adding track segment (F.Cu): [(453390000, 116522500), (462915000, 116522500)]
13:32:52: [INFO] Adding track segment (F.Cu): [(462915000, 116522500), (472440000, 126047500)]
13:32:52: [INFO] Routing ROW2 pads
13:32:52: [WARNING] Could not route pads when parent footprints not rotated the same, footprint1: D21 at 90.0 degree(s) and footprint2: D22 at 80.0 degree(s)
13:32:52: [INFO] Routing pad 'D22:1' at (138545088, 84581413) with pad 'D23:1' at (176066263, 91197409) using coordinate system rotated by 280.0 degree(s)
13:32:52: [INFO] Routing pad 'D23:1' at (176066263, 91197409) with pad 'D24:1' at (213587439, 97813404) using coordinate system rotated by 280.0 degree(s)
13:32:52: [WARNING] Could not route pads when parent footprints not rotated the same, footprint1: D24 at 80.0 degree(s) and footprint2: D25 at 100.0 degree(s)
13:32:52: [INFO] Routing pad 'D25:1' at (263187876, 112895328) with pad 'D26:1' at (300709051, 106279333) using coordinate system rotated by 260.0 degree(s)
13:32:52: [WARNING] Could not route pads when parent footprints not rotated the same, footprint1: D26 at 100.0 degree(s) and footprint2: D27 at 90.0 degree(s)
13:32:52: [INFO] Routing pad 'D27:1' at (347980000, 86362500) with pad 'D28:1' at (424180000, 86362500) using coordinate system rotated by 0 degree(s)
13:32:52: [INFO] Adding track segment (B.Cu): [(347980000, 86362500), (424180000, 86362500)]
13:32:52: [INFO] Could not add track segment due to detected collision
13:32:52: [INFO] Routing pad 'D28:1' at (424180000, 86362500) with pad 'D29:1' at (443230000, 105412500) using coordinate system rotated by 0 degree(s)
13:32:52: [INFO] Routing COL3 pads
13:32:52: [WARNING] Could not route pads when parent footprints not rotated the same, footprint1: SW51 at 10.0 degree(s) and footprint2: SW33 at -10.0 degree(s)
13:32:52: [INFO] Routing pad 'SW4:1' at (186895527, 60864567) with pad 'SW14:1' at (205656115, 64172565) using coordinate system rotated by 10.0 degree(s)
13:32:52: [INFO] Adding track segment (F.Cu): [(186895527, 60864567), (205656114, 64172563)]
13:32:52: [INFO] Adding track segment (F.Cu): [(205656114, 64172563), (205656115, 64172565)]
13:32:52: [INFO] Routing pad 'SW14:1' at (205656115, 64172565) with pad 'SW24:1' at (206211265, 88450299) using coordinate system rotated by 10.0 degree(s)
13:32:52: [INFO] Adding track segment (F.Cu): [(205656115, 64172565), (202348116, 82933151)]
13:32:52: [INFO] Adding track segment (F.Cu): [(202348116, 82933151), (206211265, 88450299)]
13:32:52: [INFO] Routing pad 'SW78:1' at (240365877, 89513099) with pad 'SW69:1' at (234293581, 109927685) using coordinate system rotated by 350.0 degree(s)
13:32:52: [INFO] Adding track segment (F.Cu): [(240365877, 89513099), (242019874, 98893391)]
13:32:52: [INFO] Adding track segment (F.Cu): [(242019874, 98893391), (234293581, 109927685)]
13:32:52: [INFO] Routing pad 'SW60:1' at (242291726, 127861273) with pad 'SW51:1' at (236219430, 148275860) using coordinate system rotated by 350.0 degree(s)
13:32:52: [INFO] Adding track segment (F.Cu): [(242291726, 127861273), (243945724, 137241567)]
13:32:52: [INFO] Adding track segment (F.Cu): [(243945724, 137241567), (236219430, 148275860)]
13:32:52: [WARNING] Could not route pads when parent footprints not rotated the same, footprint1: SW24 at -10.0 degree(s) and footprint2: SW78 at 10.0 degree(s)
13:32:52: [INFO] Routing pad 'SW78:1' at (240365877, 89513099) with pad 'SW87:1' at (241748027, 65163012) using coordinate system rotated by 350.0 degree(s)
13:32:52: [INFO] Adding track segment (F.Cu): [(240365877, 89513099), (244899852, 83037909)]
13:32:52: [INFO] Adding track segment (F.Cu): [(244899852, 83037909), (241748027, 65163012)]
13:32:52: [INFO] Routing pad 'SW69:1' at (234293581, 109927685) with pad 'SW60:1' at (242291726, 127861273) using coordinate system rotated by 350.0 degree(s)
13:32:52: [INFO] Adding track segment (F.Cu): [(234293581, 109927685), (236774578, 123998124)]
13:32:52: [INFO] Adding track segment (F.Cu): [(236774578, 123998124), (242291726, 127861273)]
13:32:53: [INFO] Routing pad 'SW51:1' at (236219430, 148275860) with pad 'SW42:1' at (255942942, 164141950) using coordinate system rotated by 350.0 degree(s)
13:32:53: [INFO] Adding track segment (F.Cu): [(236219430, 148275860), (236632929, 150620933)]
13:32:53: [INFO] Adding track segment (F.Cu): [(236632929, 150620933), (255942942, 164141950)]
13:32:53: [INFO] Routing pad 'SW87:1' at (241748027, 65163012) with pad 'SW96:1' at (260508614, 61855014) using coordinate system rotated by 350.0 degree(s)
13:32:53: [INFO] Adding track segment (F.Cu): [(241748027, 65163012), (260508613, 61855013)]
13:32:53: [INFO] Adding track segment (F.Cu): [(260508613, 61855013), (260508614, 61855014)]
13:32:53: [INFO] Routing COL9 pads
13:32:53: [INFO] Routing pad 'SW20:1' at (472440000, 59372500) with pad 'SW10:S1' at (483250000, 40600000) using coordinate system rotated by 0 degree(s)
13:32:53: [INFO] Adding track segment (F.Cu): [(472440000, 59372500), (472440000, 51410000)]
13:32:53: [INFO] Adding track segment (F.Cu): [(472440000, 51410000), (483250000, 40600000)]
13:32:53: [INFO] Routing ROW6 pads
13:32:53: [WARNING] Could not route pads when parent footprints not rotated the same, footprint1: D57 at 90.0 degree(s) and footprint2: D58 at 80.0 degree(s)
13:32:53: [INFO] Routing pad 'D58:1' at (155799052, 164999260) with pad 'D59:1' at (193320227, 171615256) using coordinate system rotated by 280.0 degree(s)
13:32:53: [INFO] Adding track segment (B.Cu): [(155799052, 164999260), (193320226, 171615255)]
13:32:53: [INFO] Adding track segment (B.Cu): [(193320226, 171615255), (193320227, 171615256)]
13:32:53: [WARNING] Could not route pads when parent footprints not rotated the same, footprint1: D59 at 80.0 degree(s) and footprint2: D60 at 100.0 degree(s)
13:32:53: [INFO] Routing pad 'D60:1' at (252425433, 134136914) with pad 'D61:1' at (298907678, 164628595) using coordinate system rotated by 260.0 degree(s)
13:32:53: [WARNING] Could not route pads when parent footprints not rotated the same, footprint1: D61 at 100.0 degree(s) and footprint2: D62 at 90.0 degree(s)
13:32:53: [INFO] Routing pad 'D62:1' at (364648750, 162562500) with pad 'D63:1' at (367030000, 124462500) using coordinate system rotated by 0 degree(s)
13:32:53: [INFO] Routing pad 'D62:1' at (364648750, 162562500) with pad 'D64:1' at (400367500, 167325000) using coordinate system rotated by 0 degree(s)
13:32:53: [INFO] Adding track segment (B.Cu): [(364648750, 162562500), (369411250, 167325000)]
13:32:53: [INFO] Adding track segment (B.Cu): [(369411250, 167325000), (400367500, 167325000)]
13:32:53: [INFO] Routing pad 'D64:1' at (400367500, 167325000) with pad 'D65:1' at (462280000, 124462500) using coordinate system rotated by 0 degree(s)
13:32:53: [INFO] Routing COL6 pads
13:32:53: [INFO] Routing pad 'SW81:1' at (353377500, 97472500) with pad 'SW36:1' at (334327500, 97472500) using coordinate system rotated by 0 degree(s)
13:32:53: [INFO] Adding track segment (F.Cu): [(353377500, 97472500), (334327500, 97472500)]
13:32:53: [INFO] Routing pad 'SW36:1' at (334327500, 97472500) with pad 'SW27:1' at (339090000, 78422500) using coordinate system rotated by 0 degree(s)
13:32:53: [INFO] Adding track segment (F.Cu): [(334327500, 97472500), (339090000, 92710000)]
13:32:53: [INFO] Adding track segment (F.Cu): [(339090000, 92710000), (339090000, 78422500)]
13:32:53: [INFO] Routing pad 'SW36:1' at (334327500, 97472500) with pad 'SW45:1' at (339090000, 116522500) using coordinate system rotated by 0 degree(s)
13:32:53: [INFO] Adding track segment (F.Cu): [(334327500, 97472500), (334327500, 111760000)]
13:32:53: [INFO] Adding track segment (F.Cu): [(334327500, 111760000), (339090000, 116522500)]
13:32:53: [INFO] Routing pad 'SW7:1' at (324802500, 52705000) with pad 'SW17:1' at (343852500, 52705000) using coordinate system rotated by 0 degree(s)
13:32:53: [INFO] Adding track segment (F.Cu): [(324802500, 52705000), (343852500, 52705000)]
13:32:53: [INFO] Routing pad 'SW90:1' at (367665000, 78422500) with pad 'SW81:1' at (353377500, 97472500) using coordinate system rotated by 0 degree(s)
13:32:53: [INFO] Routing pad 'SW45:1' at (339090000, 116522500) with pad 'SW63:1' at (358140000, 116522500) using coordinate system rotated by 0 degree(s)
13:32:53: [INFO] Adding track segment (F.Cu): [(339090000, 116522500), (358140000, 116522500)]
13:32:53: [INFO] Routing pad 'SW17:1' at (343852500, 52705000) with pad 'SW99:1' at (367665000, 52705000) using coordinate system rotated by 0 degree(s)
13:32:53: [INFO] Adding track segment (F.Cu): [(343852500, 52705000), (367665000, 52705000)]
13:32:53: [INFO] Routing pad 'SW99:1' at (367665000, 52705000) with pad 'SW90:1' at (367665000, 78422500) using coordinate system rotated by 0 degree(s)
13:32:53: [INFO] Adding track segment (F.Cu): [(367665000, 52705000), (367665000, 78422500)]
13:32:53: [INFO] Routing pad 'SW63:1' at (358140000, 116522500) with pad 'SW72:1' at (370046250, 116522500) using coordinate system rotated by 0 degree(s)
13:32:53: [INFO] Adding track segment (F.Cu): [(358140000, 116522500), (370046250, 116522500)]
13:32:53: [INFO] Routing pad 'SW72:1' at (370046250, 116522500) with pad 'SW54:1' at (370046250, 135572500) using coordinate system rotated by 0 degree(s)
13:32:53: [INFO] Adding track segment (F.Cu): [(370046250, 116522500), (370046250, 135572500)]
13:32:53: [INFO] Routing pad 'SW72:1' at (370046250, 116522500) with pad 'SW72a:1' at (379571250, 106997500) using coordinate system rotated by 0 degree(s)
13:32:53: [INFO] Routing COL4 pads
13:32:53: [INFO] Routing pad 'SW34:1' at (261052314, 124553276) with pad 'SW43:1' at (254980018, 144967862) using coordinate system rotated by 350.0 degree(s)
13:32:53: [INFO] Adding track segment (F.Cu): [(261052314, 124553276), (262706312, 133933568)]
13:32:53: [INFO] Adding track segment (F.Cu): [(262706312, 133933568), (254980018, 144967862)]
13:32:53: [INFO] Routing pad 'SW25:1' at (253054169, 106619687) with pad 'SW15:1' at (259126465, 86205101) using coordinate system rotated by 350.0 degree(s)
13:32:53: [INFO] Adding track segment (F.Cu): [(253054169, 106619687), (260780463, 95585393)]
13:32:53: [INFO] Adding track segment (F.Cu): [(260780463, 95585393), (259126465, 86205101)]
13:32:53: [INFO] Routing pad 'SW79:1' at (279812901, 121245278) with pad 'SW34:1' at (261052314, 124553276) using coordinate system rotated by 350.0 degree(s)
13:32:53: [INFO] Adding track segment (F.Cu): [(279812901, 121245278), (261052313, 124553275)]
13:32:53: [INFO] Adding track segment (F.Cu): [(261052313, 124553275), (261052314, 124553276)]
13:32:53: [INFO] Routing pad 'SW25:1' at (253054169, 106619687) with pad 'SW88:1' at (271814757, 103311690) using coordinate system rotated by 350.0 degree(s)
13:32:53: [INFO] Adding track segment (F.Cu): [(253054169, 106619687), (271814755, 103311688)]
13:32:53: [INFO] Adding track segment (F.Cu): [(271814755, 103311688), (271814757, 103311690)]
13:32:53: [INFO] Routing pad 'SW43:1' at (254980018, 144967862) with pad 'SW52:1' at (273740605, 141659864) using coordinate system rotated by 350.0 degree(s)
13:32:53: [INFO] Adding track segment (F.Cu): [(254980018, 144967862), (273740604, 141659863)]
13:32:53: [INFO] Adding track segment (F.Cu): [(273740604, 141659863), (273740605, 141659864)]
13:32:53: [INFO] Routing pad 'SW15:1' at (259126465, 86205101) with pad 'SW97:1' at (277887053, 82897103) using coordinate system rotated by 350.0 degree(s)
13:32:53: [INFO] Adding track segment (F.Cu): [(259126465, 86205101), (277887052, 82897102)]
13:32:53: [INFO] Adding track segment (F.Cu): [(277887052, 82897102), (277887053, 82897103)]
13:32:53: [INFO] Routing pad 'SW88:1' at (271814757, 103311690) with pad 'SW79:1' at (279812901, 121245278) using coordinate system rotated by 350.0 degree(s)
13:32:53: [INFO] Adding track segment (F.Cu): [(271814757, 103311690), (274295755, 117382131)]
13:32:53: [INFO] Adding track segment (F.Cu): [(274295755, 117382131), (279812901, 121245278)]
13:32:53: [INFO] Routing pad 'SW97:1' at (277887053, 82897103) with pad 'SW5:1' at (283959349, 57720016) using coordinate system rotated by 350.0 degree(s)
13:32:53: [INFO] Adding track segment (F.Cu): [(277887053, 82897103), (286284175, 70904768)]
13:32:53: [INFO] Adding track segment (F.Cu): [(286284175, 70904768), (283959349, 57720016)]
13:32:53: [INFO] Routing pad 'SW70:1' at (292501193, 138351867) with pad 'SW61:1' at (288773971, 158352954) using coordinate system rotated by 350.0 degree(s)
13:32:53: [INFO] Adding track segment (F.Cu): [(292501193, 138351867), (294568691, 150077233)]
13:32:53: [INFO] Adding track segment (F.Cu): [(294568691, 150077233), (288773971, 158352954)]
13:32:53: [INFO] Routing pad 'SW52:1' at (273740605, 141659864) with pad 'SW70:1' at (292501193, 138351867) using coordinate system rotated by 350.0 degree(s)
13:32:53: [INFO] Adding track segment (F.Cu): [(273740605, 141659864), (292501191, 138351865)]
13:32:53: [INFO] Adding track segment (F.Cu): [(292501191, 138351865), (292501193, 138351867)]
13:32:53: [INFO] Routing ROW10 pads
13:32:53: [WARNING] Could not route pads when parent footprints not rotated the same, footprint1: D93 at 90.0 degree(s) and footprint2: D94 at 80.0 degree(s)
13:32:53: [INFO] Routing pad 'D94:1' at (157305676, 87889411) with pad 'D95:1' at (194826851, 94505406) using coordinate system rotated by 280.0 degree(s)
13:32:53: [WARNING] Could not route pads when parent footprints not rotated the same, footprint1: D95 at 80.0 degree(s) and footprint2: D96 at 100.0 degree(s)
13:32:53: [INFO] Routing pad 'D96:1' at (270642321, 68130655) with pad 'D97:1' at (288020760, 89172744) using coordinate system rotated by 260.0 degree(s)
13:32:53: [WARNING] Could not route pads when parent footprints not rotated the same, footprint1: D97 at 100.0 degree(s) and footprint2: D98 at 90.0 degree(s)
13:32:53: [INFO] Routing pad 'D98:1' at (328930000, 83505000) with pad 'D99:1' at (376555000, 60645000) using coordinate system rotated by 0 degree(s)
13:32:53: [INFO] Routing pad 'D101:1' at (462280000, 67312500) with pad 'D100:1' at (443230000, 143512500) using coordinate system rotated by 0 degree(s)
13:32:53: [INFO] Routing pad 'D99:1' at (376555000, 60645000) with pad 'D101:1' at (462280000, 67312500) using coordinate system rotated by 0 degree(s)
13:32:53: [INFO] Routing ROW8 pads
13:32:53: [WARNING] Could not route pads when parent footprints not rotated the same, footprint1: D75 at 90.0 degree(s) and footprint2: D76 at 80.0 degree(s)
13:32:53: [INFO] Routing pad 'D76:1' at (164760121, 127891585) with pad 'D77:1' at (202281296, 134507580) using coordinate system rotated by 280.0 degree(s)
13:32:53: [WARNING] Could not route pads when parent footprints not rotated the same, footprint1: D77 at 80.0 degree(s) and footprint2: D78 at 100.0 degree(s)
13:32:53: [INFO] Routing pad 'D78:1' at (250499584, 95788740) with pad 'D79:1' at (289946608, 127520919) using coordinate system rotated by 260.0 degree(s)
13:32:53: [WARNING] Could not route pads when parent footprints not rotated the same, footprint1: D79 at 100.0 degree(s) and footprint2: D80 at 90.0 degree(s)
13:32:53: [INFO] Routing pad 'D80:1' at (328930000, 124462500) with pad 'D81:1' at (362267500, 105412500) using coordinate system rotated by 0 degree(s)
13:32:53: [INFO] Adding track segment (B.Cu): [(328930000, 124462500), (347980000, 105412500)]
13:32:53: [INFO] Adding track segment (B.Cu): [(347980000, 105412500), (362267500, 105412500)]
13:32:53: [INFO] Routing pad 'D81:1' at (362267500, 105412500) with pad 'D82:1' at (419417500, 167325000) using coordinate system rotated by 0 degree(s)
13:32:53: [INFO] Routing pad 'D82:1' at (419417500, 167325000) with pad 'D83:1' at (481330000, 95887500) using coordinate system rotated by 0 degree(s)
13:32:53: [INFO] Routing ROW5 pads
13:32:53: [INFO] Routing pad 'D48:1' at (88423750, 160657500) with pad 'D49:1' at (128905000, 141607500) using coordinate system rotated by 0 degree(s)
13:32:53: [WARNING] Could not route pads when parent footprints not rotated the same, footprint1: D49 at 90.0 degree(s) and footprint2: D50 at 80.0 degree(s)
13:32:53: [WARNING] Could not route pads when parent footprints not rotated the same, footprint1: D50 at 80.0 degree(s) and footprint2: D51 at 100.0 degree(s)
13:32:53: [INFO] Routing pad 'D51:1' at (246353137, 154551501) with pad 'D52:1' at (283874312, 147935505) using coordinate system rotated by 260.0 degree(s)
13:32:53: [WARNING] Could not route pads when parent footprints not rotated the same, footprint1: D52 at 100.0 degree(s) and footprint2: D53 at 90.0 degree(s)
13:32:53: [INFO] Routing pad 'D53:1' at (340836250, 162562500) with pad 'D54:1' at (378936250, 143512500) using coordinate system rotated by 0 degree(s)
13:32:53: [INFO] Routing pad 'D54:1' at (378936250, 143512500) with pad 'D55:1' at (419417500, 148465500) using coordinate system rotated by 0 degree(s)
13:32:53: [INFO] Adding track segment (B.Cu): [(378936250, 143512500), (383889250, 148465500)]
13:32:53: [INFO] Adding track segment (B.Cu): [(383889250, 148465500), (419417500, 148465500)]
13:32:53: [INFO] Routing pad 'D55:1' at (419417500, 148465500) with pad 'D56:1' at (481330000, 133987500) using coordinate system rotated by 0 degree(s)
13:32:53: [INFO] Adding track segment (B.Cu): [(419417500, 148465500), (466852000, 148465500)]
13:32:53: [INFO] Adding track segment (B.Cu): [(466852000, 148465500), (481330000, 133987500)]
13:32:54: [INFO] Routing COL1 pads
13:32:54: [INFO] Routing pad 'SW2:1' at (100965000, 52705000) with pad 'SW12:1' at (120015000, 52705000) using coordinate system rotated by 0 degree(s)
13:32:54: [INFO] Adding track segment (F.Cu): [(100965000, 52705000), (120015000, 52705000)]
13:32:54: [WARNING] Could not route pads when parent footprints not rotated the same, footprint1: SW67 at -10.0 degree(s) and footprint2: SW49 at 0.0 degree(s)
13:32:54: [WARNING] Could not route pads when parent footprints not rotated the same, footprint1: SW12 at 0.0 degree(s) and footprint2: SW22 at -10.0 degree(s)
13:32:54: [INFO] Routing pad 'SW85:1' at (156001798, 98940892) with pad 'SW31:1' at (137241210, 95632895) using coordinate system rotated by 10.0 degree(s)
13:32:54: [INFO] Adding track segment (F.Cu): [(156001798, 98940892), (137241210, 95632893)]
13:32:54: [INFO] Adding track segment (F.Cu): [(137241210, 95632893), (137241210, 95632895)]
13:32:54: [INFO] Routing pad 'SW31:1' at (137241210, 95632895) with pad 'SW40:1' at (138623359, 115220482) using coordinate system rotated by 10.0 degree(s)
13:32:54: [INFO] Adding track segment (F.Cu): [(137241210, 95632895), (134760211, 109703335)]
13:32:54: [INFO] Adding track segment (F.Cu): [(134760211, 109703335), (138623359, 115220482)]
13:32:54: [INFO] Routing pad 'SW40:1' at (138623359, 115220482) with pad 'SW67:1' at (144695655, 135635068) using coordinate system rotated by 10.0 degree(s)
13:32:54: [INFO] Adding track segment (F.Cu): [(138623359, 115220482), (136969359, 124600774)]
13:32:54: [INFO] Adding track segment (F.Cu): [(136969359, 124600774), (144695655, 135635068)]
13:32:54: [INFO] Routing pad 'SW67:1' at (144695655, 135635068) with pad 'SW58:1' at (148422878, 155636155) using coordinate system rotated by 10.0 degree(s)
13:32:54: [INFO] Adding track segment (F.Cu): [(144695655, 135635068), (142628156, 147360434)]
13:32:54: [INFO] Adding track segment (F.Cu): [(142628156, 147360434), (148422878, 155636155)]
13:32:54: [INFO] Routing pad 'SW22:1' at (131168914, 75218308) with pad 'SW94:1' at (149929502, 78526306) using coordinate system rotated by 10.0 degree(s)
13:32:54: [INFO] Adding track segment (F.Cu): [(131168914, 75218308), (149929501, 78526305)]
13:32:54: [INFO] Adding track segment (F.Cu): [(149929501, 78526305), (149929502, 78526306)]
13:32:54: [INFO] Routing pad 'SW94:1' at (149929502, 78526306) with pad 'SW85:1' at (156001798, 98940892) using coordinate system rotated by 10.0 degree(s)
13:32:54: [INFO] Adding track segment (F.Cu): [(149929502, 78526306), (148275502, 87906598)]
13:32:54: [INFO] Adding track segment (F.Cu): [(148275502, 87906598), (156001798, 98940892)]
13:32:54: [INFO] Routing pad 'SW40:1' at (138623359, 115220482) with pad 'SW76:1' at (157383947, 118528480) using coordinate system rotated by 10.0 degree(s)
13:32:54: [INFO] Adding track segment (F.Cu): [(138623359, 115220482), (157383946, 118528479)]
13:32:54: [INFO] Adding track segment (F.Cu): [(157383946, 118528479), (157383947, 118528480)]
13:32:54: [INFO] Removing dangling tracks
