=== kbplacer.kle_serial ===
=== layout2image.py ===
=== kbplacer ===
13:34:15: [INFO] User layout: https://editor.keyboard-tools.xyz/#share=NrDeCIA9wLgAgEwAYB0CCsAaO4Ces4BGNdAX23CU0IBZwKrD16dGA2cAXUwCgwoCyEhXzxUAdjIVC1OtOrN5hDtz4Ro8IRnI4EsluD1MDRlb34bExDCILEkO8DQVdz6wam0UstAz8U4PmZq4ABOdgDMFJYRKJK28AC0ABwoDgyYSCzu8PaOjAZUCIWYESVyrJjMqhYEsfE4okRpjjJZSgYyxfJl8hXgMgEDmMG18PVYOADudihSupkm1EvdC70L-XrVbgLjcZPgM7n7jlHtOFGEBlGr4FHrd5j9UdshltYHR81eOM5IADoAOyBQKMBmchBBwMBYOwOTgnk+ghIjj+UNBiwozluzgezn6ziGzlG8ImFC+H0cWAB0KBf2yh1mP3APnRgPpcMZx2ZWAQbI5cAgFJR3ie-Mxgq5iBFgSq4qyNVJ+wSCOE01m8xZmXFV1FkNp7OWor5BohDOFmqwNB15uRPLlpuWit2cDJ6uOlu1jturO9to9VMwJqh2L8Yr9nK+CBlWvQ4uKzpiyvdzU9NJDpTD+oz6yFGsDwehuLD1sduallNFcbLYbY4rKibqyYrc0D6aLTyz4oqeYDxu7JYHVaHkuF9rrjrozvCSUIURw7yojQIiTYrYyHAy4hKyRKAE4SoRzpRqLrKoQEztFyq8vJt-Jd-ID0pjzJCGfhhf-YhWtQImyqAVK9BFiGxlySCRNTff8DQKDI5wAp1gPgPc5hVRJEUcPRNwWe8FkfBZnwWI8lnfUjVl7VMsL-Nk2lcN5BGccC4Aw5sxwOAALQRyWKD0KA43iiGiQTWOZS4YKhN96LGOBUIaPAV0wigohwx48MeAjHiIx4SOU09v2jMSaINOjG00ecFIgk49IvWikIYlC1UslilNldTnHczBNOcbSIWPCEz0o6NJFRahCyBM5pPhBBowOJpWPk4UQqxMK2UucFjKhdKzNkpz4sRclkWS2U9zZalv0rWUjzKiVKMqrV3xq846pjHxwsBcrIyZT0EINcqctQsDnIKlNgs9Uq+qNUd8z1dsgR8LNs2hBa9Xalbpr7KqJOW+yZMGpFNGskqap9ag5o6oMKvXKqlvmy7VpOq6eu2u7Lwc3L7WSGryyS8bvqzc6sB+mabv+h7JuBzaGpei6G2Qj6DuaYqtS+yb+iwCaoStAGap7Fsetui70dStGnsDXqsc7ThOCAA
13:34:15: [INFO] Labels prefixes: for rows: 'ROW', for columns: 'COL'
13:34:15: [INFO] Matrix size: 5x16
13:34:16: [WARNING] No stabilizer footprint for width 2.25u, using 2u as fallback
13:34:16: [WARNING] No stabilizer footprint for width 2.25u, using 2u as fallback
13:34:16: [WARNING] No stabilizer footprint for width 2.75u, using 2u as fallback
13:34:16: [WARNING] No stabilizer footprint for width 2.25u, using 2u as fallback
13:34:16: [WARNING] No stabilizer footprint for width 2.75u, using 2u as fallback
13:34:16: [INFO] Add COL0 net
13:34:16: [INFO] Add COL1 net
13:34:16: [INFO] Add COL10 net
13:34:16: [INFO] Add COL11 net
13:34:16: [INFO] Add COL12 net
13:34:16: [INFO] Add COL13 net
13:34:16: [INFO] Add COL14 net
13:34:16: [INFO] Add COL15 net
13:34:16: [INFO] Add COL16 net
13:34:16: [INFO] Add COL2 net
13:34:16: [INFO] Add COL3 net
13:34:16: [INFO] Add COL4 net
13:34:16: [INFO] Add COL5 net
13:34:16: [INFO] Add COL6 net
13:34:16: [INFO] Add COL7 net
13:34:16: [INFO] Add COL8 net
13:34:16: [INFO] Add COL9 net
13:34:16: [INFO] Add Net-(D1-A) net
13:34:16: [INFO] Add Net-(D10-A) net
13:34:16: [INFO] Add Net-(D11-A) net
13:34:16: [INFO] Add Net-(D12-A) net
13:34:16: [INFO] Add Net-(D13-A) net
13:34:16: [INFO] Add Net-(D14-A) net
13:34:16: [INFO] Add Net-(D15-A) net
13:34:16: [INFO] Add Net-(D16-A) net
13:34:16: [INFO] Add Net-(D17-A) net
13:34:16: [INFO] Add Net-(D18-A) net
13:34:16: [INFO] Add Net-(D19-A) net
13:34:16: [INFO] Add Net-(D2-A) net
13:34:16: [INFO] Add Net-(D20-A) net
13:34:16: [INFO] Add Net-(D21-A) net
13:34:16: [INFO] Add Net-(D22-A) net
13:34:16: [INFO] Add Net-(D23-A) net
13:34:16: [INFO] Add Net-(D24-A) net
13:34:16: [INFO] Add Net-(D25-A) net
13:34:16: [INFO] Add Net-(D26-A) net
13:34:16: [INFO] Add Net-(D27-A) net
13:34:16: [INFO] Add Net-(D28-A) net
13:34:16: [INFO] Add Net-(D29-A) net
13:34:16: [INFO] Add Net-(D3-A) net
13:34:16: [INFO] Add Net-(D30-A) net
13:34:16: [INFO] Add Net-(D31-A) net
13:34:16: [INFO] Add Net-(D32-A) net
13:34:16: [INFO] Add Net-(D33-A) net
13:34:16: [INFO] Add Net-(D34-A) net
13:34:16: [INFO] Add Net-(D35-A) net
13:34:16: [INFO] Add Net-(D36-A) net
13:34:16: [INFO] Add Net-(D37-A) net
13:34:16: [INFO] Add Net-(D38-A) net
13:34:16: [INFO] Add Net-(D39-A) net
13:34:16: [INFO] Add Net-(D4-A) net
13:34:16: [INFO] Add Net-(D40-A) net
13:34:16: [INFO] Add Net-(D41-A) net
13:34:16: [INFO] Add Net-(D42-A) net
13:34:16: [INFO] Add Net-(D43-A) net
13:34:16: [INFO] Add Net-(D44-A) net
13:34:16: [INFO] Add Net-(D45-A) net
13:34:16: [INFO] Add Net-(D46-A) net
13:34:16: [INFO] Add Net-(D47-A) net
13:34:16: [INFO] Add Net-(D48-A) net
13:34:16: [INFO] Add Net-(D49-A) net
13:34:16: [INFO] Add Net-(D5-A) net
13:34:16: [INFO] Add Net-(D50-A) net
13:34:16: [INFO] Add Net-(D51-A) net
13:34:16: [INFO] Add Net-(D52-A) net
13:34:16: [INFO] Add Net-(D53-A) net
13:34:16: [INFO] Add Net-(D54-A) net
13:34:16: [INFO] Add Net-(D55-A) net
13:34:16: [INFO] Add Net-(D56-A) net
13:34:16: [INFO] Add Net-(D57-A) net
13:34:16: [INFO] Add Net-(D58-A) net
13:34:16: [INFO] Add Net-(D59-A) net
13:34:16: [INFO] Add Net-(D6-A) net
13:34:16: [INFO] Add Net-(D60-A) net
13:34:16: [INFO] Add Net-(D61-A) net
13:34:16: [INFO] Add Net-(D62-A) net
13:34:16: [INFO] Add Net-(D63-A) net
13:34:16: [INFO] Add Net-(D64-A) net
13:34:16: [INFO] Add Net-(D65-A) net
13:34:16: [INFO] Add Net-(D66-A) net
13:34:16: [INFO] Add Net-(D67-A) net
13:34:16: [INFO] Add Net-(D68-A) net
13:34:16: [INFO] Add Net-(D69-A) net
13:34:16: [INFO] Add Net-(D7-A) net
13:34:16: [INFO] Add Net-(D70-A) net
13:34:16: [INFO] Add Net-(D71-A) net
13:34:16: [INFO] Add Net-(D72-A) net
13:34:16: [INFO] Add Net-(D73-A) net
13:34:16: [INFO] Add Net-(D74-A) net
13:34:16: [INFO] Add Net-(D75-A) net
13:34:16: [INFO] Add Net-(D76-A) net
13:34:16: [INFO] Add Net-(D77-A) net
13:34:16: [INFO] Add Net-(D78-A) net
13:34:16: [INFO] Add Net-(D79-A) net
13:34:16: [INFO] Add Net-(D8-A) net
13:34:16: [INFO] Add Net-(D80-A) net
13:34:16: [INFO] Add Net-(D81-A) net
13:34:16: [INFO] Add Net-(D82-A) net
13:34:16: [INFO] Add Net-(D83-A) net
13:34:16: [INFO] Add Net-(D84-A) net
13:34:16: [INFO] Add Net-(D85-A) net
13:34:16: [INFO] Add Net-(D86-A) net
13:34:16: [INFO] Add Net-(D87-A) net
13:34:16: [INFO] Add Net-(D88-A) net
13:34:16: [INFO] Add Net-(D89-A) net
13:34:16: [INFO] Add Net-(D9-A) net
13:34:16: [INFO] Add Net-(D90-A) net
13:34:16: [INFO] Add Net-(D91-A) net
13:34:16: [INFO] Add Net-(D92-A) net
13:34:16: [INFO] Add Net-(D93-A) net
13:34:16: [INFO] Add Net-(D94-A) net
13:34:16: [INFO] Add Net-(D95-A) net
13:34:16: [INFO] Add Net-(D96-A) net
13:34:16: [INFO] Add ROW0 net
13:34:16: [INFO] Add ROW1 net
13:34:16: [INFO] Add ROW2 net
13:34:16: [INFO] Add ROW3 net
13:34:16: [INFO] Add ROW4 net
13:34:16: [INFO] Add ROW5 net
13:34:16: [INFO] Add SW1 footprint
13:34:16: [INFO] Add D1 footprint
13:34:16: [INFO] Add SW2 footprint
13:34:16: [INFO] Add D2 footprint
13:34:16: [INFO] Add SW3 footprint
13:34:16: [INFO] Add D3 footprint
13:34:16: [INFO] Add SW4 footprint
13:34:16: [INFO] Add D4 footprint
13:34:16: [INFO] Add SW5 footprint
13:34:16: [INFO] Add D5 footprint
13:34:16: [INFO] Add SW6 footprint
13:34:16: [INFO] Add D6 footprint
13:34:16: [INFO] Add SW7 footprint
13:34:16: [INFO] Add D7 footprint
13:34:16: [INFO] Add SW8 footprint
13:34:16: [INFO] Add D8 footprint
13:34:16: [INFO] Add SW9 footprint
13:34:16: [INFO] Add D9 footprint
13:34:16: [INFO] Add SW10 footprint
13:34:16: [INFO] Add D10 footprint
13:34:16: [INFO] Add SW11 footprint
13:34:17: [INFO] Add D11 footprint
13:34:17: [INFO] Add SW12 footprint
13:34:17: [INFO] Add D12 footprint
13:34:17: [INFO] Add SW13 footprint
13:34:17: [INFO] Add D13 footprint
13:34:17: [INFO] Add SW14 footprint
13:34:17: [INFO] Add D14 footprint
13:34:17: [INFO] Add SW15 footprint
13:34:17: [INFO] Add D15 footprint
13:34:17: [INFO] Add SW16 footprint
13:34:17: [INFO] Add D16 footprint
13:34:17: [INFO] Add SW17 footprint
13:34:17: [INFO] Add D17 footprint
13:34:17: [INFO] Add SW18 footprint
13:34:17: [INFO] Add D18 footprint
13:34:17: [INFO] Add SW19 footprint
13:34:17: [INFO] Add D19 footprint
13:34:17: [INFO] Add SW20 footprint
13:34:17: [INFO] Add D20 footprint
13:34:17: [INFO] Add SW21 footprint
13:34:17: [INFO] Add D21 footprint
13:34:17: [INFO] Add SW22 footprint
13:34:17: [INFO] Add D22 footprint
13:34:17: [INFO] Add SW23 footprint
13:34:17: [INFO] Add D23 footprint
13:34:17: [INFO] Add SW24 footprint
13:34:17: [INFO] Add D24 footprint
13:34:17: [INFO] Add SW25 footprint
13:34:17: [INFO] Add D25 footprint
13:34:17: [INFO] Add SW26 footprint
13:34:17: [INFO] Add D26 footprint
13:34:18: [INFO] Add SW27 footprint
13:34:18: [INFO] Add D27 footprint
13:34:18: [INFO] Add SW28 footprint
13:34:18: [INFO] Add D28 footprint
13:34:18: [INFO] Add SW29 footprint
13:34:18: [INFO] Add D29 footprint
13:34:18: [INFO] Add SW30 footprint
13:34:18: [INFO] Add D30 footprint
13:34:18: [INFO] Add SW31 footprint
13:34:18: [INFO] Add D31 footprint
13:34:18: [INFO] Add ST31 footprint
13:34:18: [INFO] Add SW31a footprint
13:34:18: [INFO] Add SW32 footprint
13:34:18: [INFO] Add D32 footprint
13:34:18: [INFO] Add SW33 footprint
13:34:18: [INFO] Add D33 footprint
13:34:18: [INFO] Add SW34 footprint
13:34:18: [INFO] Add D34 footprint
13:34:18: [INFO] Add SW35 footprint
13:34:18: [INFO] Add D35 footprint
13:34:18: [INFO] Add SW36 footprint
13:34:18: [INFO] Add D36 footprint
13:34:18: [INFO] Add SW37 footprint
13:34:18: [INFO] Add D37 footprint
13:34:18: [INFO] Add SW38 footprint
13:34:18: [INFO] Add D38 footprint
13:34:18: [INFO] Add SW39 footprint
13:34:18: [INFO] Add D39 footprint
13:34:18: [INFO] Add SW40 footprint
13:34:18: [INFO] Add D40 footprint
13:34:19: [INFO] Add SW41 footprint
13:34:19: [INFO] Add D41 footprint
13:34:19: [INFO] Add SW42 footprint
13:34:19: [INFO] Add D42 footprint
13:34:19: [INFO] Add SW43 footprint
13:34:19: [INFO] Add D43 footprint
13:34:19: [INFO] Add SW44 footprint
13:34:19: [INFO] Add D44 footprint
13:34:19: [INFO] Add SW45 footprint
13:34:19: [INFO] Add D45 footprint
13:34:19: [INFO] Add SW46 footprint
13:34:19: [INFO] Add D46 footprint
13:34:19: [INFO] Add SW47 footprint
13:34:19: [INFO] Add D47 footprint
13:34:19: [INFO] Add SW48 footprint
13:34:19: [INFO] Add D48 footprint
13:34:19: [INFO] Add SW49 footprint
13:34:19: [INFO] Add D49 footprint
13:34:19: [INFO] Add SW50 footprint
13:34:19: [INFO] Add D50 footprint
13:34:19: [INFO] Add SW51 footprint
13:34:19: [INFO] Add D51 footprint
13:34:19: [INFO] Add SW52 footprint
13:34:19: [INFO] Add D52 footprint
13:34:19: [INFO] Add SW53 footprint
13:34:19: [INFO] Add D53 footprint
13:34:19: [INFO] Add SW54 footprint
13:34:19: [INFO] Add D54 footprint
13:34:19: [INFO] Add SW55 footprint
13:34:19: [INFO] Add D55 footprint
13:34:19: [INFO] Add SW56 footprint
13:34:20: [INFO] Add D56 footprint
13:34:20: [INFO] Add SW57 footprint
13:34:20: [INFO] Add D57 footprint
13:34:20: [INFO] Add SW58 footprint
13:34:20: [INFO] Add D58 footprint
13:34:20: [INFO] Add SW59 footprint
13:34:20: [INFO] Add D59 footprint
13:34:20: [INFO] Add SW60 footprint
13:34:20: [INFO] Add D60 footprint
13:34:20: [INFO] Add SW61 footprint
13:34:20: [INFO] Add D61 footprint
13:34:20: [INFO] Add SW62 footprint
13:34:20: [INFO] Add D62 footprint
13:34:20: [INFO] Add SW63 footprint
13:34:20: [INFO] Add D63 footprint
13:34:20: [INFO] Add SW64 footprint
13:34:20: [INFO] Add D64 footprint
13:34:20: [INFO] Add SW65 footprint
13:34:20: [INFO] Add D65 footprint
13:34:20: [WARNING] No stabilizer footprint for width 2.25u, using 2u as fallback
13:34:20: [INFO] Add ST65 footprint
13:34:20: [INFO] Add SW65a footprint
13:34:20: [INFO] Add ST65a footprint
13:34:20: [INFO] Add SW66 footprint
13:34:20: [INFO] Add D66 footprint
13:34:20: [WARNING] No stabilizer footprint for width 2.25u, using 2u as fallback
13:34:20: [INFO] Add ST66 footprint
13:34:20: [INFO] Add SW66a footprint
13:34:20: [INFO] Add SW67 footprint
13:34:20: [INFO] Add D67 footprint
13:34:20: [INFO] Add SW68 footprint
13:34:20: [INFO] Add D68 footprint
13:34:20: [INFO] Add SW69 footprint
13:34:20: [INFO] Add D69 footprint
13:34:20: [INFO] Add SW70 footprint
13:34:20: [INFO] Add D70 footprint
13:34:20: [INFO] Add SW71 footprint
13:34:20: [INFO] Add D71 footprint
13:34:20: [INFO] Add SW72 footprint
13:34:21: [INFO] Add D72 footprint
13:34:21: [INFO] Add SW73 footprint
13:34:21: [INFO] Add D73 footprint
13:34:21: [INFO] Add SW74 footprint
13:34:21: [INFO] Add D74 footprint
13:34:21: [INFO] Add SW75 footprint
13:34:21: [INFO] Add D75 footprint
13:34:21: [INFO] Add SW76 footprint
13:34:21: [INFO] Add D76 footprint
13:34:21: [INFO] Add SW77 footprint
13:34:21: [INFO] Add D77 footprint
13:34:21: [INFO] Add SW78 footprint
13:34:21: [INFO] Add D78 footprint
13:34:21: [WARNING] No stabilizer footprint for width 2.75u, using 2u as fallback
13:34:21: [INFO] Add ST78 footprint
13:34:21: [INFO] Add SW78a footprint
13:34:21: [INFO] Add SW79 footprint
13:34:21: [INFO] Add D79 footprint
13:34:21: [INFO] Add SW80 footprint
13:34:21: [INFO] Add D80 footprint
13:34:21: [INFO] Add SW81 footprint
13:34:21: [INFO] Add D81 footprint
13:34:21: [INFO] Add SW81a footprint
13:34:21: [INFO] Add SW82 footprint
13:34:21: [INFO] Add D82 footprint
13:34:21: [INFO] Add SW82a footprint
13:34:21: [INFO] Add SW83 footprint
13:34:21: [INFO] Add D83 footprint
13:34:21: [INFO] Add SW83a footprint
13:34:21: [INFO] Add SW83b footprint
13:34:21: [INFO] Add SW84 footprint
13:34:21: [INFO] Add D84 footprint
13:34:21: [INFO] Add SW84a footprint
13:34:21: [INFO] Add SW84b footprint
13:34:21: [INFO] Add SW85 footprint
13:34:22: [INFO] Add D85 footprint
13:34:22: [WARNING] No stabilizer footprint for width 2.25u, using 2u as fallback
13:34:22: [INFO] Add ST85 footprint
13:34:22: [INFO] Add SW85a footprint
13:34:22: [INFO] Add SW85b footprint
13:34:22: [INFO] Add SW86 footprint
13:34:22: [INFO] Add D86 footprint
13:34:22: [INFO] Add SW86a footprint
13:34:22: [INFO] Add SW87 footprint
13:34:22: [INFO] Add D87 footprint
13:34:22: [INFO] Add SW88 footprint
13:34:22: [INFO] Add D88 footprint
13:34:22: [INFO] Add SW88a footprint
13:34:22: [INFO] Add SW89 footprint
13:34:22: [INFO] Add D89 footprint
13:34:22: [WARNING] No stabilizer footprint for width 2.75u, using 2u as fallback
13:34:22: [INFO] Add ST89 footprint
13:34:22: [INFO] Add SW89a footprint
13:34:22: [INFO] Add SW89b footprint
13:34:22: [INFO] Add SW90 footprint
13:34:22: [INFO] Add D90 footprint
13:34:22: [INFO] Add SW90a footprint
13:34:22: [INFO] Add SW90b footprint
13:34:22: [INFO] Add SW91 footprint
13:34:22: [INFO] Add D91 footprint
13:34:22: [INFO] Add SW91a footprint
13:34:22: [INFO] Add SW91b footprint
13:34:22: [INFO] Add SW92 footprint
13:34:22: [INFO] Add D92 footprint
13:34:22: [INFO] Add SW92a footprint
13:34:22: [INFO] Add SW93 footprint
13:34:22: [INFO] Add D93 footprint
13:34:22: [INFO] Add SW93a footprint
13:34:22: [INFO] Add SW94 footprint
13:34:23: [INFO] Add D94 footprint
13:34:23: [INFO] Add SW95 footprint
13:34:23: [INFO] Add D95 footprint
13:34:23: [INFO] Add SW96 footprint
13:34:23: [INFO] Add D96 footprint
13:34:23: [INFO] Detected layout convertible to matrix annotated keyboard
13:34:23: [INFO] Using key 1U distance: (19.05, 19.05) mm
13:34:23: [INFO] Layout offset: (23812500, 23812500)
13:34:23: [INFO] Diode info: [ElementInfo(annotation_format='D{}', position_option=<PositionOption.CUSTOM: 'Custom'>, position=ElementPosition(x=5.08, y=4.0, orientation=90.0, side=<Side.BACK: 'Back'>), template_path='', start_index=-1)]
13:34:23: [INFO] Placing additional elements for SW96
13:34:23: [INFO] Placing additional elements for SW95
13:34:23: [INFO] Placing additional elements for SW94
13:34:23: [INFO] Placing additional elements for SW93a
13:34:23: [INFO] Placing additional elements for SW93
13:34:23: [INFO] Placing additional elements for SW92a
13:34:23: [INFO] Placing additional elements for SW92
13:34:23: [INFO] Placing additional elements for SW91b
13:34:23: [INFO] Placing additional elements for SW91a
13:34:23: [INFO] Placing additional elements for SW91
13:34:23: [INFO] Placing additional elements for SW90b
13:34:23: [INFO] Placing additional elements for SW90a
13:34:23: [INFO] Placing additional elements for SW90
13:34:23: [INFO] Placing additional elements for SW89b
13:34:23: [INFO] Placing additional elements for SW89a
13:34:23: [INFO] Placing additional elements for SW89
13:34:23: [INFO] Placing additional elements for SW88a
13:34:23: [INFO] Placing additional elements for SW88
13:34:23: [INFO] Placing additional elements for SW87
13:34:23: [INFO] Placing additional elements for SW86a
13:34:23: [INFO] Placing additional elements for SW86
13:34:23: [INFO] Placing additional elements for SW85b
13:34:23: [INFO] Placing additional elements for SW85a
13:34:23: [INFO] Placing additional elements for SW85
13:34:23: [INFO] Placing additional elements for SW84b
13:34:23: [INFO] Placing additional elements for SW84a
13:34:23: [INFO] Placing additional elements for SW84
13:34:23: [INFO] Placing additional elements for SW83b
13:34:23: [INFO] Placing additional elements for SW83a
13:34:23: [INFO] Placing additional elements for SW83
13:34:23: [INFO] Placing additional elements for SW82a
13:34:23: [INFO] Placing additional elements for SW82
13:34:23: [INFO] Placing additional elements for SW81a
13:34:23: [INFO] Placing additional elements for SW81
13:34:23: [INFO] Placing additional elements for SW80
13:34:23: [INFO] Placing additional elements for SW79
13:34:23: [INFO] Placing additional elements for SW78a
13:34:23: [INFO] Placing additional elements for SW78
13:34:23: [INFO] Placing additional elements for SW77
13:34:23: [INFO] Placing additional elements for SW76
13:34:23: [INFO] Placing additional elements for SW75
13:34:23: [INFO] Placing additional elements for SW74
13:34:23: [INFO] Placing additional elements for SW73
13:34:23: [INFO] Placing additional elements for SW72
13:34:23: [INFO] Placing additional elements for SW71
13:34:23: [INFO] Placing additional elements for SW70
13:34:23: [INFO] Placing additional elements for SW69
13:34:23: [INFO] Placing additional elements for SW68
13:34:23: [INFO] Placing additional elements for SW67
13:34:23: [INFO] Placing additional elements for SW66a
13:34:23: [INFO] Placing additional elements for SW66
13:34:23: [INFO] Placing additional elements for SW65a
13:34:23: [INFO] Placing additional elements for SW65
13:34:23: [INFO] Placing additional elements for SW64
13:34:23: [INFO] Placing additional elements for SW63
13:34:23: [INFO] Placing additional elements for SW62
13:34:23: [INFO] Placing additional elements for SW61
13:34:23: [INFO] Placing additional elements for SW60
13:34:23: [INFO] Placing additional elements for SW59
13:34:23: [INFO] Placing additional elements for SW58
13:34:23: [INFO] Placing additional elements for SW57
13:34:23: [INFO] Placing additional elements for SW56
13:34:23: [INFO] Placing additional elements for SW55
13:34:23: [INFO] Placing additional elements for SW54
13:34:23: [INFO] Placing additional elements for SW53
13:34:23: [INFO] Placing additional elements for SW52
13:34:23: [INFO] Placing additional elements for SW51
13:34:23: [INFO] Placing additional elements for SW50
13:34:23: [INFO] Placing additional elements for SW49
13:34:23: [INFO] Placing additional elements for SW48
13:34:23: [INFO] Placing additional elements for SW47
13:34:23: [INFO] Placing additional elements for SW46
13:34:23: [INFO] Placing additional elements for SW45
13:34:23: [INFO] Placing additional elements for SW44
13:34:23: [INFO] Placing additional elements for SW43
13:34:23: [INFO] Placing additional elements for SW42
13:34:23: [INFO] Placing additional elements for SW41
13:34:23: [INFO] Placing additional elements for SW40
13:34:23: [INFO] Placing additional elements for SW39
13:34:23: [INFO] Placing additional elements for SW38
13:34:23: [INFO] Placing additional elements for SW37
13:34:23: [INFO] Placing additional elements for SW36
13:34:23: [INFO] Placing additional elements for SW35
13:34:23: [INFO] Placing additional elements for SW34
13:34:23: [INFO] Placing additional elements for SW33
13:34:23: [INFO] Placing additional elements for SW32
13:34:23: [INFO] Placing additional elements for SW31a
13:34:23: [INFO] Placing additional elements for SW31
13:34:23: [INFO] Placing additional elements for SW30
13:34:23: [INFO] Placing additional elements for SW29
13:34:23: [INFO] Placing additional elements for SW28
13:34:23: [INFO] Placing additional elements for SW27
13:34:23: [INFO] Placing additional elements for SW26
13:34:23: [INFO] Placing additional elements for SW25
13:34:23: [INFO] Placing additional elements for SW24
13:34:23: [INFO] Placing additional elements for SW23
13:34:23: [INFO] Placing additional elements for SW22
13:34:23: [INFO] Placing additional elements for SW21
13:34:23: [INFO] Placing additional elements for SW20
13:34:23: [INFO] Placing additional elements for SW19
13:34:23: [INFO] Placing additional elements for SW18
13:34:23: [INFO] Placing additional elements for SW17
13:34:23: [INFO] Placing additional elements for SW16
13:34:23: [INFO] Placing additional elements for SW15
13:34:23: [INFO] Placing additional elements for SW14
13:34:23: [INFO] Placing additional elements for SW13
13:34:23: [INFO] Placing additional elements for SW12
13:34:23: [INFO] Placing additional elements for SW11
13:34:23: [INFO] Placing additional elements for SW10
13:34:23: [INFO] Placing additional elements for SW9
13:34:23: [INFO] Placing additional elements for SW8
13:34:23: [INFO] Placing additional elements for SW7
13:34:23: [INFO] Placing additional elements for SW6
13:34:23: [INFO] Placing additional elements for SW5
13:34:23: [INFO] Placing additional elements for SW4
13:34:23: [INFO] Placing additional elements for SW3
13:34:23: [INFO] Placing additional elements for SW2
13:34:23: [INFO] Placing additional elements for SW1
13:34:23: [INFO] Routing SW96 with D96
13:34:23: [INFO] Using internal autorouter method
13:34:23: [INFO] Routing pad 'SW96:2' at (459740000, 161607500) with pad 'D96:2' at (462280000, 169287500) using coordinate system rotated by 0 degree(s)
13:34:23: [INFO] Adding track segment (B.Cu): [(459740000, 161607500), (459740000, 166747500)]
13:34:23: [INFO] Adding track segment (B.Cu): [(459740000, 166747500), (462280000, 169287500)]
13:34:23: [INFO] Routing SW95 with D95
13:34:23: [INFO] Using internal autorouter method
13:34:23: [INFO] Routing pad 'SW95:2' at (440690000, 161607500) with pad 'D95:2' at (443230000, 169287500) using coordinate system rotated by 0 degree(s)
13:34:23: [INFO] Adding track segment (B.Cu): [(440690000, 161607500), (440690000, 166747500)]
13:34:23: [INFO] Adding track segment (B.Cu): [(440690000, 166747500), (443230000, 169287500)]
13:34:23: [INFO] Routing SW94 with D94
13:34:23: [INFO] Using internal autorouter method
13:34:23: [INFO] Routing pad 'SW94:2' at (421640000, 161607500) with pad 'D94:2' at (424180000, 169287500) using coordinate system rotated by 0 degree(s)
13:34:23: [INFO] Adding track segment (B.Cu): [(421640000, 161607500), (421640000, 166747500)]
13:34:23: [INFO] Adding track segment (B.Cu): [(421640000, 166747500), (424180000, 169287500)]
13:34:23: [INFO] Routing SW93a with D93
13:34:23: [INFO] Using internal autorouter method
13:34:23: [INFO] Routing pad 'SW93a:2' at (374982905, 157474598) with pad 'D93:2' at (381505648, 163850719) using coordinate system rotated by 347.0 degree(s)
13:34:23: [INFO] Routing SW93 with D93
13:34:23: [INFO] Using internal autorouter method
13:34:23: [INFO] Routing pad 'SW93:2' at (377303124, 156938933) with pad 'D93:2' at (381505648, 163850719) using coordinate system rotated by 347.0 degree(s)
13:34:23: [INFO] Routing SW92a with D92
13:34:23: [INFO] Using internal autorouter method
13:34:23: [INFO] Routing pad 'SW92a:2' at (351780718, 162831245) with pad 'D92:2' at (358303461, 169207366) using coordinate system rotated by 347.0 degree(s)
13:34:23: [INFO] Routing SW92 with D92
13:34:23: [INFO] Using internal autorouter method
13:34:23: [INFO] Routing pad 'SW92:2' at (354100937, 162295580) with pad 'D92:2' at (358303461, 169207366) using coordinate system rotated by 347.0 degree(s)
13:34:23: [INFO] Routing SW91b with D91
13:34:23: [INFO] Using internal autorouter method
13:34:23: [INFO] Routing pad 'SW91b:2' at (328578531, 168187892) with pad 'D91:2' at (335101273, 174564013) using coordinate system rotated by 347.0 degree(s)
13:34:23: [INFO] Routing SW91a with D91
13:34:23: [INFO] Using internal autorouter method
13:34:23: [INFO] Routing pad 'SW91a:2' at (333218968, 167116562) with pad 'D91:2' at (335101273, 174564013) using coordinate system rotated by 347.0 degree(s)
13:34:23: [INFO] Routing SW91 with D91
13:34:23: [INFO] Using internal autorouter method
13:34:23: [INFO] Routing pad 'SW91:2' at (330898749, 167652227) with pad 'D91:2' at (335101273, 174564013) using coordinate system rotated by 347.0 degree(s)
13:34:23: [INFO] Routing SW90b with D90
13:34:23: [INFO] Using internal autorouter method
13:34:23: [INFO] Routing pad 'SW90b:2' at (305376344, 173544539) with pad 'D90:2' at (311899086, 179920660) using coordinate system rotated by 347.0 degree(s)
13:34:23: [INFO] Routing SW90a with D90
13:34:23: [INFO] Using internal autorouter method
13:34:23: [INFO] Routing pad 'SW90a:2' at (310016781, 172473209) with pad 'D90:2' at (311899086, 179920660) using coordinate system rotated by 347.0 degree(s)
13:34:23: [INFO] Routing SW90 with D90
13:34:23: [INFO] Using internal autorouter method
13:34:23: [INFO] Routing pad 'SW90:2' at (307696562, 173008874) with pad 'D90:2' at (311899086, 179920660) using coordinate system rotated by 347.0 degree(s)
13:34:23: [INFO] Routing SW89b with D89
13:34:23: [INFO] Using internal autorouter method
13:34:23: [INFO] Routing pad 'SW89b:2' at (286814594, 177829856) with pad 'D89:2' at (274775587, 188491295) using coordinate system rotated by 347.0 degree(s)
13:34:23: [INFO] Routing SW89a with D89
13:34:23: [INFO] Using internal autorouter method
13:34:23: [INFO] Routing pad 'SW89a:2' at (279853938, 179436850) with pad 'D89:2' at (274775587, 188491295) using coordinate system rotated by 347.0 degree(s)
13:34:23: [INFO] Routing SW89 with D89
13:34:23: [INFO] Using internal autorouter method
13:34:23: [INFO] Routing pad 'SW89:2' at (270573063, 181579509) with pad 'D89:2' at (274775587, 188491295) using coordinate system rotated by 347.0 degree(s)
13:34:23: [INFO] Adding track segment (B.Cu): [(270573063, 181579509), (271729310, 186587770)]
13:34:23: [INFO] Adding track segment (B.Cu): [(271729310, 186587770), (274775587, 188491295)]
13:34:23: [INFO] Routing SW88a with D88
13:34:23: [INFO] Using internal autorouter method
13:34:23: [INFO] Routing pad 'SW88a:2' at (261292188, 183722168) with pad 'D88:2' at (258534056, 192240948) using coordinate system rotated by 347.0 degree(s)
13:34:23: [INFO] Routing SW88 with D88
13:34:23: [INFO] Using internal autorouter method
13:34:23: [INFO] Routing pad 'SW88:2' at (254331532, 185329162) with pad 'D88:2' at (258534056, 192240948) using coordinate system rotated by 347.0 degree(s)
13:34:23: [INFO] Routing SW87 with D87
13:34:23: [INFO] Using internal autorouter method
13:34:23: [INFO] Routing pad 'SW87:2' at (250046214, 166767412) with pad 'D87:2' at (254248738, 173679198) using coordinate system rotated by 347.0 degree(s)
13:34:23: [INFO] Adding track segment (B.Cu): [(250046214, 166767412), (251202461, 171775673)]
13:34:23: [INFO] Adding track segment (B.Cu): [(251202461, 171775673), (254248738, 173679198)]
13:34:23: [INFO] Routing SW86a with D86
13:34:23: [INFO] Using internal autorouter method
13:34:23: [INFO] Routing pad 'SW86a:2' at (192153740, 184545619) with pad 'D86:2' at (195221234, 193135821) using coordinate system rotated by 13.0 degree(s)
13:34:23: [INFO] Routing SW86 with D86
13:34:23: [INFO] Using internal autorouter method
13:34:23: [INFO] Routing pad 'SW86:2' at (194473959, 185081284) with pad 'D86:2' at (195221234, 193135821) using coordinate system rotated by 13.0 degree(s)
13:34:23: [INFO] Routing SW85b with D85
13:34:23: [INFO] Using internal autorouter method
13:34:23: [INFO] Routing pad 'SW85b:2' at (171271772, 179724637) with pad 'D85:2' at (183620140, 190457497) using coordinate system rotated by 13.0 degree(s)
13:34:23: [INFO] Routing SW85a with D85
13:34:23: [INFO] Using internal autorouter method
13:34:23: [INFO] Routing pad 'SW85a:2' at (173591990, 180260302) with pad 'D85:2' at (183620140, 190457497) using coordinate system rotated by 13.0 degree(s)
13:34:23: [INFO] Routing SW85 with D85
13:34:23: [INFO] Using internal autorouter method
13:34:23: [INFO] Routing pad 'SW85:2' at (182872865, 182402960) with pad 'D85:2' at (183620140, 190457497) using coordinate system rotated by 13.0 degree(s)
13:34:23: [INFO] Adding track segment (B.Cu): [(182872865, 182402960), (181716616, 187411221)]
13:34:23: [INFO] Adding track segment (B.Cu): [(181716616, 187411221), (183620140, 190457497)]
13:34:23: [INFO] Routing SW84b with D84
13:34:23: [INFO] Using internal autorouter method
13:34:23: [INFO] Routing pad 'SW84b:2' at (152710022, 175439319) with pad 'D84:2' at (151137078, 182958192) using coordinate system rotated by 13.0 degree(s)
13:34:23: [INFO] Routing SW84a with D84
13:34:23: [INFO] Using internal autorouter method
13:34:23: [INFO] Routing pad 'SW84a:2' at (148069585, 174367990) with pad 'D84:2' at (151137078, 182958192) using coordinate system rotated by 13.0 degree(s)
13:34:23: [INFO] Routing SW84 with D84
13:34:23: [INFO] Using internal autorouter method
13:34:23: [INFO] Routing pad 'SW84:2' at (150389803, 174903655) with pad 'D84:2' at (151137078, 182958192) using coordinate system rotated by 13.0 degree(s)
13:34:23: [INFO] Routing SW83b with D83
13:34:23: [INFO] Using internal autorouter method
13:34:23: [INFO] Routing pad 'SW83b:2' at (129507835, 170082672) with pad 'D83:2' at (127934891, 177601545) using coordinate system rotated by 13.0 degree(s)
13:34:23: [INFO] Routing SW83a with D83
13:34:23: [INFO] Using internal autorouter method
13:34:23: [INFO] Routing pad 'SW83a:2' at (124867397, 169011343) with pad 'D83:2' at (127934891, 177601545) using coordinate system rotated by 13.0 degree(s)
13:34:23: [INFO] Routing SW83 with D83
13:34:23: [INFO] Using internal autorouter method
13:34:23: [INFO] Routing pad 'SW83:2' at (127187616, 169547008) with pad 'D83:2' at (127934891, 177601545) using coordinate system rotated by 13.0 degree(s)
13:34:23: [INFO] Routing SW82a with D82
13:34:23: [INFO] Using internal autorouter method
13:34:23: [INFO] Routing pad 'SW82a:2' at (106305648, 164726025) with pad 'D82:2' at (104732704, 172244898) using coordinate system rotated by 13.0 degree(s)
13:34:23: [INFO] Routing SW82 with D82
13:34:23: [INFO] Using internal autorouter method
13:34:23: [INFO] Routing pad 'SW82:2' at (103985429, 164190361) with pad 'D82:2' at (104732704, 172244898) using coordinate system rotated by 13.0 degree(s)
13:34:23: [INFO] Routing SW81a with D81
13:34:23: [INFO] Using internal autorouter method
13:34:23: [INFO] Routing pad 'SW81a:2' at (83103460, 159369378) with pad 'D81:2' at (81530517, 166888251) using coordinate system rotated by 13.0 degree(s)
13:34:23: [INFO] Routing SW81 with D81
13:34:23: [INFO] Using internal autorouter method
13:34:23: [INFO] Routing pad 'SW81:2' at (80783242, 158833714) with pad 'D81:2' at (81530517, 166888251) using coordinate system rotated by 13.0 degree(s)
13:34:23: [INFO] Routing SW80 with D80
13:34:23: [INFO] Using internal autorouter method
13:34:23: [INFO] Routing pad 'SW80:2' at (440690000, 142557500) with pad 'D80:2' at (443230000, 150237500) using coordinate system rotated by 0 degree(s)
13:34:23: [INFO] Adding track segment (B.Cu): [(440690000, 142557500), (440690000, 147697500)]
13:34:23: [INFO] Adding track segment (B.Cu): [(440690000, 147697500), (443230000, 150237500)]
13:34:23: [INFO] Routing SW79 with D79
13:34:23: [INFO] Using internal autorouter method
13:34:23: [INFO] Routing pad 'SW79:2' at (393899775, 133556201) with pad 'D79:2' at (398102299, 140467987) using coordinate system rotated by 347.0 degree(s)
13:34:23: [INFO] Adding track segment (B.Cu): [(393899775, 133556201), (395056023, 138564462)]
13:34:23: [INFO] Adding track segment (B.Cu): [(395056023, 138564462), (398102299, 140467987)]
13:34:23: [INFO] Routing SW78a with D78
13:34:23: [INFO] Using internal autorouter method
13:34:23: [INFO] Routing pad 'SW78a:2' at (368377369, 139448513) with pad 'D78:2' at (381860768, 144217640) using coordinate system rotated by 347.0 degree(s)
13:34:23: [INFO] Routing SW78 with D78
13:34:23: [INFO] Using internal autorouter method
13:34:23: [INFO] Routing pad 'SW78:2' at (377658244, 137305854) with pad 'D78:2' at (381860768, 144217640) using coordinate system rotated by 347.0 degree(s)
13:34:23: [INFO] Adding track segment (B.Cu): [(377658244, 137305854), (378814492, 142314115)]
13:34:23: [INFO] Adding track segment (B.Cu): [(378814492, 142314115), (381860768, 144217640)]
13:34:23: [INFO] Routing SW77 with D77
13:34:23: [INFO] Using internal autorouter method
13:34:23: [INFO] Routing pad 'SW77:2' at (342854963, 145340824) with pad 'D77:2' at (347057487, 152252610) using coordinate system rotated by 347.0 degree(s)
13:34:23: [INFO] Adding track segment (B.Cu): [(342854963, 145340824), (344011210, 150349085)]
13:34:23: [INFO] Adding track segment (B.Cu): [(344011210, 150349085), (347057487, 152252610)]
13:34:23: [INFO] Routing SW76 with D76
13:34:23: [INFO] Using internal autorouter method
13:34:23: [INFO] Routing pad 'SW76:2' at (324293213, 149626142) with pad 'D76:2' at (328495737, 156537928) using coordinate system rotated by 347.0 degree(s)
13:34:23: [INFO] Adding track segment (B.Cu): [(324293213, 149626142), (325449460, 154634403)]
13:34:23: [INFO] Adding track segment (B.Cu): [(325449460, 154634403), (328495737, 156537928)]
13:34:23: [INFO] Routing SW75 with D75
13:34:23: [INFO] Using internal autorouter method
13:34:23: [INFO] Routing pad 'SW75:2' at (305731463, 153911460) with pad 'D75:2' at (309933987, 160823246) using coordinate system rotated by 347.0 degree(s)
13:34:23: [INFO] Adding track segment (B.Cu): [(305731463, 153911460), (306887710, 158919721)]
13:34:23: [INFO] Adding track segment (B.Cu): [(306887710, 158919721), (309933987, 160823246)]
13:34:23: [INFO] Routing SW74 with D74
13:34:23: [INFO] Using internal autorouter method
13:34:23: [INFO] Routing pad 'SW74:2' at (287169714, 158196777) with pad 'D74:2' at (291372238, 165108563) using coordinate system rotated by 347.0 degree(s)
13:34:23: [INFO] Adding track segment (B.Cu): [(287169714, 158196777), (288325962, 163205038)]
13:34:23: [INFO] Adding track segment (B.Cu): [(288325962, 163205038), (291372238, 165108563)]
13:34:23: [INFO] Routing SW73 with D73
13:34:23: [INFO] Using internal autorouter method
13:34:23: [INFO] Routing pad 'SW73:2' at (268607964, 162482095) with pad 'D73:2' at (272810488, 169393881) using coordinate system rotated by 347.0 degree(s)
13:34:23: [INFO] Adding track segment (B.Cu): [(268607964, 162482095), (269764211, 167490356)]
13:34:23: [INFO] Adding track segment (B.Cu): [(269764211, 167490356), (272810488, 169393881)]
13:34:24: [INFO] Routing SW72 with D72
13:34:24: [INFO] Using internal autorouter method
13:34:24: [INFO] Routing pad 'SW72:2' at (198759276, 166519534) with pad 'D72:2' at (199506551, 174574071) using coordinate system rotated by 13.0 degree(s)
13:34:24: [INFO] Adding track segment (B.Cu): [(198759276, 166519534), (197603027, 171527795)]
13:34:24: [INFO] Adding track segment (B.Cu): [(197603027, 171527795), (199506551, 174574071)]
13:34:24: [INFO] Routing SW71 with D71
13:34:24: [INFO] Using internal autorouter method
13:34:24: [INFO] Routing pad 'SW71:2' at (180197527, 162234217) with pad 'D71:2' at (180944802, 170288754) using coordinate system rotated by 13.0 degree(s)
13:34:24: [INFO] Adding track segment (B.Cu): [(180197527, 162234217), (179041278, 167242479)]
13:34:24: [INFO] Adding track segment (B.Cu): [(179041278, 167242479), (180944802, 170288754)]
13:34:24: [INFO] Routing SW70 with D70
13:34:24: [INFO] Using internal autorouter method
13:34:24: [INFO] Routing pad 'SW70:2' at (161635777, 157948899) with pad 'D70:2' at (162383052, 166003436) using coordinate system rotated by 13.0 degree(s)
13:34:24: [INFO] Adding track segment (B.Cu): [(161635777, 157948899), (160479527, 162957160)]
13:34:24: [INFO] Adding track segment (B.Cu): [(160479527, 162957160), (162383052, 166003436)]
13:34:24: [INFO] Routing SW69 with D69
13:34:24: [INFO] Using internal autorouter method
13:34:24: [INFO] Routing pad 'SW69:2' at (143074027, 153663581) with pad 'D69:2' at (143821302, 161718118) using coordinate system rotated by 13.0 degree(s)
13:34:24: [INFO] Adding track segment (B.Cu): [(143074027, 153663581), (141917778, 158671842)]
13:34:24: [INFO] Adding track segment (B.Cu): [(141917778, 158671842), (143821302, 161718118)]
13:34:24: [INFO] Routing SW68 with D68
13:34:24: [INFO] Using internal autorouter method
13:34:24: [INFO] Routing pad 'SW68:2' at (124512278, 149378264) with pad 'D68:2' at (125259553, 157432801) using coordinate system rotated by 13.0 degree(s)
13:34:24: [INFO] Adding track segment (B.Cu): [(124512278, 149378264), (123356029, 154386525)]
13:34:24: [INFO] Adding track segment (B.Cu): [(123356029, 154386525), (125259553, 157432801)]
13:34:24: [INFO] Routing SW67 with D67
13:34:24: [INFO] Using internal autorouter method
13:34:24: [INFO] Routing pad 'SW67:2' at (105950528, 145092946) with pad 'D67:2' at (106697803, 153147483) using coordinate system rotated by 13.0 degree(s)
13:34:24: [INFO] Adding track segment (B.Cu): [(105950528, 145092946), (104794279, 150101208)]
13:34:24: [INFO] Adding track segment (B.Cu): [(104794279, 150101208), (106697803, 153147483)]
13:34:24: [INFO] Routing SW66a with D66
13:34:24: [INFO] Using internal autorouter method
13:34:24: [INFO] Routing pad 'SW66a:2' at (85068559, 140271964) with pad 'D66:2' at (95096709, 150469160) using coordinate system rotated by 13.0 degree(s)
13:34:24: [INFO] Routing SW66 with D66
13:34:24: [INFO] Using internal autorouter method
13:34:24: [INFO] Routing pad 'SW66:2' at (94349434, 142414623) with pad 'D66:2' at (95096709, 150469160) using coordinate system rotated by 13.0 degree(s)
13:34:24: [INFO] Adding track segment (B.Cu): [(94349434, 142414623), (93193184, 147422885)]
13:34:24: [INFO] Adding track segment (B.Cu): [(93193184, 147422885), (95096709, 150469160)]
13:34:24: [INFO] Routing SW65a with D65
13:34:24: [INFO] Using internal autorouter method
13:34:24: [INFO] Routing pad 'SW65a:2' at (385151580, 106249241) with pad 'D65:2' at (382215887, 124584561) using coordinate system rotated by 347.0 degree(s)
13:34:24: [INFO] Routing SW65 with D65
13:34:24: [INFO] Using internal autorouter method
13:34:24: [INFO] Routing pad 'SW65:2' at (378013363, 117672775) with pad 'D65:2' at (382215887, 124584561) using coordinate system rotated by 347.0 degree(s)
13:34:24: [INFO] Adding track segment (B.Cu): [(378013363, 117672775), (379169611, 122681036)]
13:34:24: [INFO] Adding track segment (B.Cu): [(379169611, 122681036), (382215887, 124584561)]
13:34:24: [INFO] Routing SW64 with D64
13:34:24: [INFO] Using internal autorouter method
13:34:24: [INFO] Routing pad 'SW64:2' at (366412270, 120351098) with pad 'D64:2' at (370614794, 127262884) using coordinate system rotated by 347.0 degree(s)
13:34:24: [INFO] Adding track segment (B.Cu): [(366412270, 120351098), (367568517, 125359359)]
13:34:24: [INFO] Adding track segment (B.Cu): [(367568517, 125359359), (370614794, 127262884)]
13:34:24: [INFO] Routing SW63 with D63
13:34:24: [INFO] Using internal autorouter method
13:34:24: [INFO] Routing pad 'SW63:2' at (347850520, 124636416) with pad 'D63:2' at (352053044, 131548202) using coordinate system rotated by 347.0 degree(s)
13:34:24: [INFO] Adding track segment (B.Cu): [(347850520, 124636416), (349006767, 129644677)]
13:34:24: [INFO] Adding track segment (B.Cu): [(349006767, 129644677), (352053044, 131548202)]
13:34:24: [INFO] Routing SW62 with D62
13:34:24: [INFO] Using internal autorouter method
13:34:24: [INFO] Routing pad 'SW62:2' at (329288770, 128921733) with pad 'D62:2' at (333491294, 135833519) using coordinate system rotated by 347.0 degree(s)
13:34:24: [INFO] Adding track segment (B.Cu): [(329288770, 128921733), (330445017, 133929993)]
13:34:24: [INFO] Adding track segment (B.Cu): [(330445017, 133929993), (333491294, 135833519)]
13:34:24: [INFO] Routing SW61 with D61
13:34:24: [INFO] Using internal autorouter method
13:34:24: [INFO] Routing pad 'SW61:2' at (310727021, 133207051) with pad 'D61:2' at (314929545, 140118837) using coordinate system rotated by 347.0 degree(s)
13:34:24: [INFO] Adding track segment (B.Cu): [(310727021, 133207051), (311883269, 138215312)]
13:34:24: [INFO] Adding track segment (B.Cu): [(311883269, 138215312), (314929545, 140118837)]
13:34:24: [INFO] Routing SW60 with D60
13:34:24: [INFO] Using internal autorouter method
13:34:24: [INFO] Routing pad 'SW60:2' at (292165271, 137492369) with pad 'D60:2' at (296367795, 144404155) using coordinate system rotated by 347.0 degree(s)
13:34:24: [INFO] Adding track segment (B.Cu): [(292165271, 137492369), (293321518, 142500630)]
13:34:24: [INFO] Adding track segment (B.Cu): [(293321518, 142500630), (296367795, 144404155)]
13:34:24: [INFO] Routing SW59 with D59
13:34:24: [INFO] Using internal autorouter method
13:34:24: [INFO] Routing pad 'SW59:2' at (273603521, 141777686) with pad 'D59:2' at (277806045, 148689472) using coordinate system rotated by 347.0 degree(s)
13:34:24: [INFO] Adding track segment (B.Cu): [(273603521, 141777686), (274759768, 146785947)]
13:34:24: [INFO] Adding track segment (B.Cu): [(274759768, 146785947), (277806045, 148689472)]
13:34:24: [INFO] Routing SW58 with D58
13:34:24: [INFO] Using internal autorouter method
13:34:24: [INFO] Routing pad 'SW58:2' at (255041771, 146063004) with pad 'D58:2' at (259244295, 152974790) using coordinate system rotated by 347.0 degree(s)
13:34:24: [INFO] Adding track segment (B.Cu): [(255041771, 146063004), (256198019, 151071265)]
13:34:24: [INFO] Adding track segment (B.Cu): [(256198019, 151071265), (259244295, 152974790)]
13:34:24: [INFO] Routing SW57 with D57
13:34:24: [INFO] Using internal autorouter method
13:34:24: [INFO] Routing pad 'SW57:2' at (193763719, 145815126) with pad 'D57:2' at (194510994, 153869663) using coordinate system rotated by 13.0 degree(s)
13:34:24: [INFO] Adding track segment (B.Cu): [(193763719, 145815126), (192607469, 150823388)]
13:34:24: [INFO] Adding track segment (B.Cu): [(192607469, 150823388), (194510994, 153869663)]
13:34:24: [INFO] Routing SW56 with D56
13:34:24: [INFO] Using internal autorouter method
13:34:24: [INFO] Routing pad 'SW56:2' at (175201969, 141529808) with pad 'D56:2' at (175949244, 149584345) using coordinate system rotated by 13.0 degree(s)
13:34:24: [INFO] Adding track segment (B.Cu): [(175201969, 141529808), (174045720, 146538069)]
13:34:24: [INFO] Adding track segment (B.Cu): [(174045720, 146538069), (175949244, 149584345)]
13:34:24: [INFO] Routing SW55 with D55
13:34:24: [INFO] Using internal autorouter method
13:34:24: [INFO] Routing pad 'SW55:2' at (156640220, 137244490) with pad 'D55:2' at (157387495, 145299027) using coordinate system rotated by 13.0 degree(s)
13:34:24: [INFO] Adding track segment (B.Cu): [(156640220, 137244490), (155483971, 142252752)]
13:34:24: [INFO] Adding track segment (B.Cu): [(155483971, 142252752), (157387495, 145299027)]
13:34:24: [INFO] Routing SW54 with D54
13:34:24: [INFO] Using internal autorouter method
13:34:24: [INFO] Routing pad 'SW54:2' at (138078470, 132959173) with pad 'D54:2' at (138825745, 141013710) using coordinate system rotated by 13.0 degree(s)
13:34:24: [INFO] Adding track segment (B.Cu): [(138078470, 132959173), (136922220, 137967435)]
13:34:24: [INFO] Adding track segment (B.Cu): [(136922220, 137967435), (138825745, 141013710)]
13:34:24: [INFO] Routing SW53 with D53
13:34:24: [INFO] Using internal autorouter method
13:34:24: [INFO] Routing pad 'SW53:2' at (119516720, 128673855) with pad 'D53:2' at (120263995, 136728392) using coordinate system rotated by 13.0 degree(s)
13:34:24: [INFO] Adding track segment (B.Cu): [(119516720, 128673855), (118360471, 133682116)]
13:34:24: [INFO] Adding track segment (B.Cu): [(118360471, 133682116), (120263995, 136728392)]
13:34:24: [INFO] Routing SW52 with D52
13:34:24: [INFO] Using internal autorouter method
13:34:24: [INFO] Routing pad 'SW52:2' at (93994314, 122781544) with pad 'D52:2' at (94741589, 130836081) using coordinate system rotated by 13.0 degree(s)
13:34:24: [INFO] Adding track segment (B.Cu): [(93994314, 122781544), (92838064, 127789806)]
13:34:24: [INFO] Adding track segment (B.Cu): [(92838064, 127789806), (94741589, 130836081)]
13:34:24: [INFO] Routing SW51 with D51
13:34:24: [INFO] Using internal autorouter method
13:34:24: [INFO] Routing pad 'SW51:2' at (459740000, 104457500) with pad 'D51:2' at (462280000, 112137500) using coordinate system rotated by 0 degree(s)
13:34:24: [INFO] Adding track segment (B.Cu): [(459740000, 104457500), (459740000, 109597500)]
13:34:24: [INFO] Adding track segment (B.Cu): [(459740000, 109597500), (462280000, 112137500)]
13:34:24: [INFO] Routing SW50 with D50
13:34:24: [INFO] Using internal autorouter method
13:34:24: [INFO] Routing pad 'SW50:2' at (440690000, 104457500) with pad 'D50:2' at (443230000, 112137500) using coordinate system rotated by 0 degree(s)
13:34:24: [INFO] Adding track segment (B.Cu): [(440690000, 104457500), (440690000, 109597500)]
13:34:24: [INFO] Adding track segment (B.Cu): [(440690000, 109597500), (443230000, 112137500)]
13:34:24: [INFO] Routing SW49 with D49
13:34:24: [INFO] Using internal autorouter method
13:34:24: [INFO] Routing pad 'SW49:2' at (421640000, 104457500) with pad 'D49:2' at (424180000, 112137500) using coordinate system rotated by 0 degree(s)
13:34:24: [INFO] Adding track segment (B.Cu): [(421640000, 104457500), (421640000, 109597500)]
13:34:24: [INFO] Adding track segment (B.Cu): [(421640000, 109597500), (424180000, 112137500)]
13:34:24: [INFO] Routing SW48 with D48
13:34:24: [INFO] Using internal autorouter method
13:34:24: [INFO] Routing pad 'SW48:2' at (380688702, 97504031) with pad 'D48:2' at (384891226, 104415817) using coordinate system rotated by 347.0 degree(s)
13:34:24: [INFO] Adding track segment (B.Cu): [(380688702, 97504031), (381844949, 102512292)]
13:34:24: [INFO] Adding track segment (B.Cu): [(381844949, 102512292), (384891226, 104415817)]
13:34:24: [INFO] Routing SW47 with D47
13:34:24: [INFO] Using internal autorouter method
13:34:24: [INFO] Routing pad 'SW47:2' at (357486515, 102860678) with pad 'D47:2' at (361689039, 109772464) using coordinate system rotated by 347.0 degree(s)
13:34:24: [INFO] Adding track segment (B.Cu): [(357486515, 102860678), (358642762, 107868939)]
13:34:24: [INFO] Adding track segment (B.Cu): [(358642762, 107868939), (361689039, 109772464)]
13:34:24: [INFO] Routing SW46 with D46
13:34:24: [INFO] Using internal autorouter method
13:34:24: [INFO] Routing pad 'SW46:2' at (338924765, 107145996) with pad 'D46:2' at (343127289, 114057782) using coordinate system rotated by 347.0 degree(s)
13:34:24: [INFO] Adding track segment (B.Cu): [(338924765, 107145996), (340081012, 112154256)]
13:34:24: [INFO] Adding track segment (B.Cu): [(340081012, 112154256), (343127289, 114057782)]
13:34:24: [INFO] Routing SW45 with D45
13:34:24: [INFO] Using internal autorouter method
13:34:24: [INFO] Routing pad 'SW45:2' at (320363015, 111431313) with pad 'D45:2' at (324565539, 118343099) using coordinate system rotated by 347.0 degree(s)
13:34:24: [INFO] Adding track segment (B.Cu): [(320363015, 111431313), (321519262, 116439574)]
13:34:24: [INFO] Adding track segment (B.Cu): [(321519262, 116439574), (324565539, 118343099)]
13:34:24: [INFO] Routing SW44 with D44
13:34:24: [INFO] Using internal autorouter method
13:34:24: [INFO] Routing pad 'SW44:2' at (301801266, 115716631) with pad 'D44:2' at (306003790, 122628417) using coordinate system rotated by 347.0 degree(s)
13:34:24: [INFO] Adding track segment (B.Cu): [(301801266, 115716631), (302957513, 120724892)]
13:34:24: [INFO] Adding track segment (B.Cu): [(302957513, 120724892), (306003790, 122628417)]
13:34:24: [INFO] Routing SW43 with D43
13:34:24: [INFO] Using internal autorouter method
13:34:24: [INFO] Routing pad 'SW43:2' at (283239516, 120001948) with pad 'D43:2' at (287442040, 126913734) using coordinate system rotated by 347.0 degree(s)
13:34:24: [INFO] Adding track segment (B.Cu): [(283239516, 120001948), (284395763, 125010209)]
13:34:24: [INFO] Adding track segment (B.Cu): [(284395763, 125010209), (287442040, 126913734)]
13:34:24: [INFO] Routing SW42 with D42
13:34:24: [INFO] Using internal autorouter method
13:34:24: [INFO] Routing pad 'SW42:2' at (264677766, 124287266) with pad 'D42:2' at (268880290, 131199052) using coordinate system rotated by 347.0 degree(s)
13:34:24: [INFO] Adding track segment (B.Cu): [(264677766, 124287266), (265834013, 129295527)]
13:34:24: [INFO] Adding track segment (B.Cu): [(265834013, 129295527), (268880290, 131199052)]
13:34:24: [INFO] Routing SW41 with D41
13:34:24: [INFO] Using internal autorouter method
13:34:24: [INFO] Routing pad 'SW41:2' at (246116016, 128572583) with pad 'D41:2' at (250318540, 135484369) using coordinate system rotated by 347.0 degree(s)
13:34:24: [INFO] Adding track segment (B.Cu): [(246116016, 128572583), (247272263, 133580843)]
13:34:24: [INFO] Adding track segment (B.Cu): [(247272263, 133580843), (250318540, 135484369)]
13:34:24: [INFO] Routing SW40 with D40
13:34:24: [INFO] Using internal autorouter method
13:34:24: [INFO] Routing pad 'SW40:2' at (193408599, 126182047) with pad 'D40:2' at (194155874, 134236584) using coordinate system rotated by 13.0 degree(s)
13:34:24: [INFO] Adding track segment (B.Cu): [(193408599, 126182047), (192252349, 131190308)]
13:34:24: [INFO] Adding track segment (B.Cu): [(192252349, 131190308), (194155874, 134236584)]
13:34:24: [INFO] Routing SW39 with D39
13:34:24: [INFO] Using internal autorouter method
13:34:24: [INFO] Routing pad 'SW39:2' at (174846850, 121896729) with pad 'D39:2' at (175594125, 129951266) using coordinate system rotated by 13.0 degree(s)
13:34:24: [INFO] Adding track segment (B.Cu): [(174846850, 121896729), (173690601, 126904990)]
13:34:24: [INFO] Adding track segment (B.Cu): [(173690601, 126904990), (175594125, 129951266)]
13:34:24: [INFO] Routing SW38 with D38
13:34:24: [INFO] Using internal autorouter method
13:34:24: [INFO] Routing pad 'SW38:2' at (156285100, 117611411) with pad 'D38:2' at (157032375, 125665948) using coordinate system rotated by 13.0 degree(s)
13:34:25: [INFO] Adding track segment (B.Cu): [(156285100, 117611411), (155128850, 122619672)]
13:34:25: [INFO] Adding track segment (B.Cu): [(155128850, 122619672), (157032375, 125665948)]
13:34:25: [INFO] Routing SW37 with D37
13:34:25: [INFO] Using internal autorouter method
13:34:25: [INFO] Routing pad 'SW37:2' at (137723350, 113326094) with pad 'D37:2' at (138470625, 121380631) using coordinate system rotated by 13.0 degree(s)
13:34:25: [INFO] Adding track segment (B.Cu): [(137723350, 113326094), (136567100, 118334356)]
13:34:25: [INFO] Adding track segment (B.Cu): [(136567100, 118334356), (138470625, 121380631)]
13:34:25: [INFO] Routing SW36 with D36
13:34:25: [INFO] Using internal autorouter method
13:34:25: [INFO] Routing pad 'SW36:2' at (119161600, 109040776) with pad 'D36:2' at (119908875, 117095313) using coordinate system rotated by 13.0 degree(s)
13:34:25: [INFO] Adding track segment (B.Cu): [(119161600, 109040776), (118005351, 114049037)]
13:34:25: [INFO] Adding track segment (B.Cu): [(118005351, 114049037), (119908875, 117095313)]
13:34:25: [INFO] Routing SW35 with D35
13:34:25: [INFO] Using internal autorouter method
13:34:25: [INFO] Routing pad 'SW35:2' at (95959413, 103684129) with pad 'D35:2' at (96706688, 111738666) using coordinate system rotated by 13.0 degree(s)
13:34:25: [INFO] Adding track segment (B.Cu): [(95959413, 103684129), (94803164, 108692390)]
13:34:25: [INFO] Adding track segment (B.Cu): [(94803164, 108692390), (96706688, 111738666)]
13:34:25: [INFO] Routing SW34 with D34
13:34:25: [INFO] Using internal autorouter method
13:34:25: [INFO] Routing pad 'SW34:2' at (459740000, 85407500) with pad 'D34:2' at (462280000, 93087500) using coordinate system rotated by 0 degree(s)
13:34:25: [INFO] Adding track segment (B.Cu): [(459740000, 85407500), (459740000, 90547500)]
13:34:25: [INFO] Adding track segment (B.Cu): [(459740000, 90547500), (462280000, 93087500)]
13:34:25: [INFO] Routing SW33 with D33
13:34:25: [INFO] Using internal autorouter method
13:34:25: [INFO] Routing pad 'SW33:2' at (440690000, 85407500) with pad 'D33:2' at (443230000, 93087500) using coordinate system rotated by 0 degree(s)
13:34:25: [INFO] Adding track segment (B.Cu): [(440690000, 85407500), (440690000, 90547500)]
13:34:25: [INFO] Adding track segment (B.Cu): [(440690000, 90547500), (443230000, 93087500)]
13:34:25: [INFO] Routing SW32 with D32
13:34:25: [INFO] Using internal autorouter method
13:34:25: [INFO] Routing pad 'SW32:2' at (421640000, 85407500) with pad 'D32:2' at (424180000, 93087500) using coordinate system rotated by 0 degree(s)
13:34:25: [INFO] Adding track segment (B.Cu): [(421640000, 85407500), (421640000, 90547500)]
13:34:25: [INFO] Adding track segment (B.Cu): [(421640000, 90547500), (424180000, 93087500)]
13:34:25: [INFO] Routing SW31a with D31
13:34:25: [INFO] Using internal autorouter method
13:34:25: [INFO] Routing pad 'SW31a:2' at (362482072, 82156269) with pad 'D31:2' at (375965471, 86925397) using coordinate system rotated by 347.0 degree(s)
13:34:25: [INFO] Routing SW31 with D31
13:34:25: [INFO] Using internal autorouter method
13:34:25: [INFO] Routing pad 'SW31:2' at (371762947, 80013611) with pad 'D31:2' at (375965471, 86925397) using coordinate system rotated by 347.0 degree(s)
13:34:25: [INFO] Adding track segment (B.Cu): [(371762947, 80013611), (372919194, 85021872)]
13:34:25: [INFO] Adding track segment (B.Cu): [(372919194, 85021872), (375965471, 86925397)]
13:34:25: [INFO] Routing SW30 with D30
13:34:25: [INFO] Using internal autorouter method
13:34:25: [INFO] Routing pad 'SW30:2' at (343920322, 86441587) with pad 'D30:2' at (348122846, 93353373) using coordinate system rotated by 347.0 degree(s)
13:34:25: [INFO] Adding track segment (B.Cu): [(343920322, 86441587), (345076569, 91449848)]
13:34:25: [INFO] Adding track segment (B.Cu): [(345076569, 91449848), (348122846, 93353373)]
13:34:25: [INFO] Routing SW29 with D29
13:34:25: [INFO] Using internal autorouter method
13:34:25: [INFO] Routing pad 'SW29:2' at (325358573, 90726905) with pad 'D29:2' at (329561097, 97638691) using coordinate system rotated by 347.0 degree(s)
13:34:25: [INFO] Adding track segment (B.Cu): [(325358573, 90726905), (326514820, 95735166)]
13:34:25: [INFO] Adding track segment (B.Cu): [(326514820, 95735166), (329561097, 97638691)]
13:34:25: [INFO] Routing SW28 with D28
13:34:25: [INFO] Using internal autorouter method
13:34:25: [INFO] Routing pad 'SW28:2' at (306796823, 95012222) with pad 'D28:2' at (310999347, 101924008) using coordinate system rotated by 347.0 degree(s)
13:34:25: [INFO] Adding track segment (B.Cu): [(306796823, 95012222), (307953070, 100020483)]
13:34:25: [INFO] Adding track segment (B.Cu): [(307953070, 100020483), (310999347, 101924008)]
13:34:25: [INFO] Routing SW27 with D27
13:34:25: [INFO] Using internal autorouter method
13:34:25: [INFO] Routing pad 'SW27:2' at (288235073, 99297540) with pad 'D27:2' at (292437597, 106209326) using coordinate system rotated by 347.0 degree(s)
13:34:25: [INFO] Adding track segment (B.Cu): [(288235073, 99297540), (289391320, 104305801)]
13:34:25: [INFO] Adding track segment (B.Cu): [(289391320, 104305801), (292437597, 106209326)]
13:34:25: [INFO] Routing SW26 with D26
13:34:25: [INFO] Using internal autorouter method
13:34:25: [INFO] Routing pad 'SW26:2' at (269673323, 103582857) with pad 'D26:2' at (273875847, 110494643) using coordinate system rotated by 347.0 degree(s)
13:34:25: [INFO] Adding track segment (B.Cu): [(269673323, 103582857), (270829571, 108591118)]
13:34:25: [INFO] Adding track segment (B.Cu): [(270829571, 108591118), (273875847, 110494643)]
13:34:25: [INFO] Routing SW25 with D25
13:34:25: [INFO] Using internal autorouter method
13:34:25: [INFO] Routing pad 'SW25:2' at (251111574, 107868175) with pad 'D25:2' at (255314098, 114779961) using coordinate system rotated by 347.0 degree(s)
13:34:25: [INFO] Adding track segment (B.Cu): [(251111574, 107868175), (252267821, 112876436)]
13:34:25: [INFO] Adding track segment (B.Cu): [(252267821, 112876436), (255314098, 114779961)]
13:34:25: [INFO] Routing SW24 with D24
13:34:25: [INFO] Using internal autorouter method
13:34:25: [INFO] Routing pad 'SW24:2' at (206974792, 109762956) with pad 'D24:2' at (207722067, 117817493) using coordinate system rotated by 13.0 degree(s)
13:34:25: [INFO] Adding track segment (B.Cu): [(206974792, 109762956), (205818543, 114771218)]
13:34:25: [INFO] Adding track segment (B.Cu): [(205818543, 114771218), (207722067, 117817493)]
13:34:25: [INFO] Routing SW23 with D23
13:34:25: [INFO] Using internal autorouter method
13:34:25: [INFO] Routing pad 'SW23:2' at (188413042, 105477638) with pad 'D23:2' at (189160317, 113532175) using coordinate system rotated by 13.0 degree(s)
13:34:25: [INFO] Adding track segment (B.Cu): [(188413042, 105477638), (187256792, 110485899)]
13:34:25: [INFO] Adding track segment (B.Cu): [(187256792, 110485899), (189160317, 113532175)]
13:34:25: [INFO] Routing SW22 with D22
13:34:25: [INFO] Using internal autorouter method
13:34:25: [INFO] Routing pad 'SW22:2' at (169851292, 101192320) with pad 'D22:2' at (170598567, 109246857) using coordinate system rotated by 13.0 degree(s)
13:34:25: [INFO] Adding track segment (B.Cu): [(169851292, 101192320), (168695043, 106200581)]
13:34:25: [INFO] Adding track segment (B.Cu): [(168695043, 106200581), (170598567, 109246857)]
13:34:25: [INFO] Routing SW21 with D21
13:34:25: [INFO] Using internal autorouter method
13:34:25: [INFO] Routing pad 'SW21:2' at (151289543, 96907003) with pad 'D21:2' at (152036818, 104961540) using coordinate system rotated by 13.0 degree(s)
13:34:25: [INFO] Adding track segment (B.Cu): [(151289543, 96907003), (150133294, 101915265)]
13:34:25: [INFO] Adding track segment (B.Cu): [(150133294, 101915265), (152036818, 104961540)]
13:34:25: [INFO] Routing SW20 with D20
13:34:25: [INFO] Using internal autorouter method
13:34:25: [INFO] Routing pad 'SW20:2' at (132727793, 92621685) with pad 'D20:2' at (133475068, 100676222) using coordinate system rotated by 13.0 degree(s)
13:34:25: [INFO] Adding track segment (B.Cu): [(132727793, 92621685), (131571543, 97629946)]
13:34:25: [INFO] Adding track segment (B.Cu): [(131571543, 97629946), (133475068, 100676222)]
13:34:25: [INFO] Routing SW19 with D19
13:34:25: [INFO] Using internal autorouter method
13:34:25: [INFO] Routing pad 'SW19:2' at (114166043, 88336368) with pad 'D19:2' at (114913318, 96390905) using coordinate system rotated by 13.0 degree(s)
13:34:25: [INFO] Adding track segment (B.Cu): [(114166043, 88336368), (113009793, 93344630)]
13:34:25: [INFO] Adding track segment (B.Cu): [(113009793, 93344630), (114913318, 96390905)]
13:34:25: [INFO] Routing SW18 with D18
13:34:25: [INFO] Using internal autorouter method
13:34:25: [INFO] Routing pad 'SW18:2' at (95604293, 84051050) with pad 'D18:2' at (96351568, 92105587) using coordinate system rotated by 13.0 degree(s)
13:34:25: [INFO] Adding track segment (B.Cu): [(95604293, 84051050), (94448044, 89059311)]
13:34:25: [INFO] Adding track segment (B.Cu): [(94448044, 89059311), (96351568, 92105587)]
13:34:25: [INFO] Routing SW17 with D17
13:34:25: [INFO] Using internal autorouter method
13:34:25: [INFO] Routing pad 'SW17:2' at (459740000, 52070000) with pad 'D17:2' at (462280000, 59750000) using coordinate system rotated by 0 degree(s)
13:34:25: [INFO] Adding track segment (B.Cu): [(459740000, 52070000), (459740000, 57210000)]
13:34:25: [INFO] Adding track segment (B.Cu): [(459740000, 57210000), (462280000, 59750000)]
13:34:25: [INFO] Routing SW16 with D16
13:34:25: [INFO] Using internal autorouter method
13:34:25: [INFO] Routing pad 'SW16:2' at (440690000, 52070000) with pad 'D16:2' at (443230000, 59750000) using coordinate system rotated by 0 degree(s)
13:34:25: [INFO] Adding track segment (B.Cu): [(440690000, 52070000), (440690000, 57210000)]
13:34:25: [INFO] Adding track segment (B.Cu): [(440690000, 57210000), (443230000, 59750000)]
13:34:25: [INFO] Routing SW15 with D15
13:34:25: [INFO] Using internal autorouter method
13:34:25: [INFO] Routing pad 'SW15:2' at (421640000, 52070000) with pad 'D15:2' at (424180000, 59750000) using coordinate system rotated by 0 degree(s)
13:34:25: [INFO] Adding track segment (B.Cu): [(421640000, 52070000), (421640000, 57210000)]
13:34:25: [INFO] Adding track segment (B.Cu): [(421640000, 57210000), (424180000, 59750000)]
13:34:25: [INFO] Routing SW14 with D14
13:34:25: [INFO] Using internal autorouter method
13:34:25: [INFO] Routing pad 'SW14:2' at (381043822, 77870952) with pad 'D14:2' at (385246346, 84782738) using coordinate system rotated by 347.0 degree(s)
13:34:25: [INFO] Adding track segment (B.Cu): [(381043822, 77870952), (382200069, 82879213)]
13:34:25: [INFO] Adding track segment (B.Cu): [(382200069, 82879213), (385246346, 84782738)]
13:34:25: [INFO] Routing SW13 with D13
13:34:25: [INFO] Using internal autorouter method
13:34:25: [INFO] Routing pad 'SW13:2' at (353911437, 45032770) with pad 'D13:2' at (358113961, 51944556) using coordinate system rotated by 347.0 degree(s)
13:34:25: [INFO] Adding track segment (B.Cu): [(353911437, 45032770), (355067684, 50041031)]
13:34:25: [INFO] Adding track segment (B.Cu): [(355067684, 50041031), (358113961, 51944556)]
13:34:25: [INFO] Routing SW12 with D12
13:34:25: [INFO] Using internal autorouter method
13:34:25: [INFO] Routing pad 'SW12:2' at (335349687, 49318088) with pad 'D12:2' at (339552211, 56229874) using coordinate system rotated by 347.0 degree(s)
13:34:25: [INFO] Adding track segment (B.Cu): [(335349687, 49318088), (336505934, 54326348)]
13:34:25: [INFO] Adding track segment (B.Cu): [(336505934, 54326348), (339552211, 56229874)]
13:34:25: [INFO] Routing SW11 with D11
13:34:25: [INFO] Using internal autorouter method
13:34:25: [INFO] Routing pad 'SW11:2' at (316787937, 53603405) with pad 'D11:2' at (320990461, 60515191) using coordinate system rotated by 347.0 degree(s)
13:34:25: [INFO] Adding track segment (B.Cu): [(316787937, 53603405), (317944185, 58611666)]
13:34:25: [INFO] Adding track segment (B.Cu): [(317944185, 58611666), (320990461, 60515191)]
13:34:25: [INFO] Routing SW10 with D10
13:34:25: [INFO] Using internal autorouter method
13:34:25: [INFO] Routing pad 'SW10:2' at (298226188, 57888723) with pad 'D10:2' at (302428712, 64800509) using coordinate system rotated by 347.0 degree(s)
13:34:25: [INFO] Adding track segment (B.Cu): [(298226188, 57888723), (299382435, 62896984)]
13:34:25: [INFO] Adding track segment (B.Cu): [(299382435, 62896984), (302428712, 64800509)]
13:34:25: [INFO] Routing SW9 with D9
13:34:25: [INFO] Using internal autorouter method
13:34:25: [INFO] Routing pad 'SW9:2' at (279664438, 62174040) with pad 'D9:2' at (283866962, 69085826) using coordinate system rotated by 347.0 degree(s)
13:34:25: [INFO] Adding track segment (B.Cu): [(279664438, 62174040), (280820685, 67182301)]
13:34:25: [INFO] Adding track segment (B.Cu): [(280820685, 67182301), (283866962, 69085826)]
13:34:25: [INFO] Routing SW8 with D8
13:34:25: [INFO] Using internal autorouter method
13:34:25: [INFO] Routing pad 'SW8:2' at (261102688, 66459358) with pad 'D8:2' at (265305212, 73371144) using coordinate system rotated by 347.0 degree(s)
13:34:25: [INFO] Adding track segment (B.Cu): [(261102688, 66459358), (262258935, 71467619)]
13:34:25: [INFO] Adding track segment (B.Cu): [(262258935, 71467619), (265305212, 73371144)]
13:34:25: [INFO] Routing SW7 with D7
13:34:25: [INFO] Using internal autorouter method
13:34:25: [INFO] Routing pad 'SW7:2' at (242540939, 70744675) with pad 'D7:2' at (246743463, 77656461) using coordinate system rotated by 347.0 degree(s)
13:34:26: [INFO] Adding track segment (B.Cu): [(242540939, 70744675), (243697187, 75752936)]
13:34:26: [INFO] Adding track segment (B.Cu): [(243697187, 75752936), (246743463, 77656461)]
13:34:26: [INFO] Routing SW6 with D6
13:34:26: [INFO] Using internal autorouter method
13:34:26: [INFO] Routing pad 'SW6:2' at (215545427, 72639456) with pad 'D6:2' at (216292702, 80693993) using coordinate system rotated by 13.0 degree(s)
13:34:26: [INFO] Adding track segment (B.Cu): [(215545427, 72639456), (214389177, 77647717)]
13:34:26: [INFO] Adding track segment (B.Cu): [(214389177, 77647717), (216292702, 80693993)]
13:34:26: [INFO] Routing SW5 with D5
13:34:26: [INFO] Using internal autorouter method
13:34:26: [INFO] Routing pad 'SW5:2' at (196983677, 68354139) with pad 'D5:2' at (197730952, 76408676) using coordinate system rotated by 13.0 degree(s)
13:34:26: [INFO] Adding track segment (B.Cu): [(196983677, 68354139), (195827427, 73362400)]
13:34:26: [INFO] Adding track segment (B.Cu): [(195827427, 73362400), (197730952, 76408676)]
13:34:26: [INFO] Routing SW4 with D4
13:34:26: [INFO] Using internal autorouter method
13:34:26: [INFO] Routing pad 'SW4:2' at (178421928, 64068821) with pad 'D4:2' at (179169203, 72123358) using coordinate system rotated by 13.0 degree(s)
13:34:26: [INFO] Adding track segment (B.Cu): [(178421928, 64068821), (177265679, 69077082)]
13:34:26: [INFO] Adding track segment (B.Cu): [(177265679, 69077082), (179169203, 72123358)]
13:34:26: [INFO] Routing SW3 with D3
13:34:26: [INFO] Using internal autorouter method
13:34:26: [INFO] Routing pad 'SW3:2' at (159860178, 59783503) with pad 'D3:2' at (160607453, 67838040) using coordinate system rotated by 13.0 degree(s)
13:34:26: [INFO] Adding track segment (B.Cu): [(159860178, 59783503), (158703929, 64791765)]
13:34:26: [INFO] Adding track segment (B.Cu): [(158703929, 64791765), (160607453, 67838040)]
13:34:26: [INFO] Routing SW2 with D2
13:34:26: [INFO] Using internal autorouter method
13:34:26: [INFO] Routing pad 'SW2:2' at (141298428, 55498186) with pad 'D2:2' at (142045703, 63552723) using coordinate system rotated by 13.0 degree(s)
13:34:26: [INFO] Adding track segment (B.Cu): [(141298428, 55498186), (140142178, 60506448)]
13:34:26: [INFO] Adding track segment (B.Cu): [(140142178, 60506448), (142045703, 63552723)]
13:34:26: [INFO] Routing SW1 with D1
13:34:26: [INFO] Using internal autorouter method
13:34:26: [INFO] Routing pad 'SW1:2' at (104174929, 46927551) with pad 'D1:2' at (104922204, 54982088) using coordinate system rotated by 13.0 degree(s)
13:34:26: [INFO] Adding track segment (B.Cu): [(104174929, 46927551), (103018680, 51935813)]
13:34:26: [INFO] Adding track segment (B.Cu): [(103018680, 51935813), (104922204, 54982088)]
13:34:26: [INFO] Routing ROW1 pads
13:34:26: [INFO] Routing pad 'D18:1' at (95721706, 94833823) with pad 'D19:1' at (114283456, 99119141) using coordinate system rotated by 283.0 degree(s)
13:34:26: [INFO] Adding track segment (B.Cu): [(95721706, 94833823), (114283455, 99119139)]
13:34:26: [INFO] Adding track segment (B.Cu): [(114283455, 99119139), (114283456, 99119141)]
13:34:26: [INFO] Routing pad 'D19:1' at (114283456, 99119141) with pad 'D20:1' at (132845206, 103404458) using coordinate system rotated by 283.0 degree(s)
13:34:26: [INFO] Adding track segment (B.Cu): [(114283456, 99119141), (132845205, 103404457)]
13:34:26: [INFO] Adding track segment (B.Cu): [(132845205, 103404457), (132845206, 103404458)]
13:34:26: [INFO] Routing pad 'D20:1' at (132845206, 103404458) with pad 'D21:1' at (151406956, 107689776) using coordinate system rotated by 283.0 degree(s)
13:34:26: [INFO] Adding track segment (B.Cu): [(132845206, 103404458), (151406955, 107689775)]
13:34:26: [INFO] Adding track segment (B.Cu): [(151406955, 107689775), (151406956, 107689776)]
13:34:26: [INFO] Routing pad 'D21:1' at (151406956, 107689776) with pad 'D22:1' at (169968705, 111975093) using coordinate system rotated by 283.0 degree(s)
13:34:26: [INFO] Adding track segment (B.Cu): [(151406956, 107689776), (169968704, 111975092)]
13:34:26: [INFO] Adding track segment (B.Cu): [(169968704, 111975092), (169968705, 111975093)]
13:34:26: [INFO] Routing pad 'D22:1' at (169968705, 111975093) with pad 'D23:1' at (188530455, 116260411) using coordinate system rotated by 283.0 degree(s)
13:34:26: [INFO] Adding track segment (B.Cu): [(169968705, 111975093), (188530454, 116260410)]
13:34:26: [INFO] Adding track segment (B.Cu): [(188530454, 116260410), (188530455, 116260411)]
13:34:26: [INFO] Routing pad 'D23:1' at (188530455, 116260411) with pad 'D24:1' at (207092205, 120545729) using coordinate system rotated by 283.0 degree(s)
13:34:26: [INFO] Adding track segment (B.Cu): [(188530455, 116260411), (207092205, 120545728)]
13:34:26: [INFO] Adding track segment (B.Cu): [(207092205, 120545728), (207092205, 120545729)]
13:34:26: [WARNING] Could not route pads when parent footprints not rotated the same, footprint1: D24 at 77.0 degree(s) and footprint2: D25 at 103.0 degree(s)
13:34:26: [INFO] Routing pad 'D25:1' at (255943960, 117508197) with pad 'D26:1' at (274505709, 113222879) using coordinate system rotated by 257.0 degree(s)
13:34:26: [INFO] Adding track segment (B.Cu): [(255943960, 117508197), (274505707, 113222879)]
13:34:26: [INFO] Adding track segment (B.Cu): [(274505707, 113222879), (274505709, 113222879)]
13:34:26: [INFO] Routing pad 'D26:1' at (274505709, 113222879) with pad 'D27:1' at (293067459, 108937562) using coordinate system rotated by 257.0 degree(s)
13:34:26: [INFO] Adding track segment (B.Cu): [(274505709, 113222879), (293067457, 108937561)]
13:34:26: [INFO] Adding track segment (B.Cu): [(293067457, 108937561), (293067459, 108937562)]
13:34:26: [INFO] Routing pad 'D27:1' at (293067459, 108937562) with pad 'D28:1' at (311629209, 104652244) using coordinate system rotated by 257.0 degree(s)
13:34:26: [INFO] Adding track segment (B.Cu): [(293067459, 108937562), (311629207, 104652244)]
13:34:26: [INFO] Adding track segment (B.Cu): [(311629207, 104652244), (311629209, 104652244)]
13:34:26: [INFO] Routing pad 'D28:1' at (311629209, 104652244) with pad 'D29:1' at (330190959, 100366927) using coordinate system rotated by 257.0 degree(s)
13:34:26: [INFO] Adding track segment (B.Cu): [(311629209, 104652244), (330190957, 100366925)]
13:34:26: [INFO] Adding track segment (B.Cu): [(330190957, 100366925), (330190959, 100366927)]
13:34:26: [INFO] Routing pad 'D29:1' at (330190959, 100366927) with pad 'D30:1' at (348752708, 96081609) using coordinate system rotated by 257.0 degree(s)
13:34:26: [INFO] Adding track segment (B.Cu): [(330190959, 100366927), (348752706, 96081609)]
13:34:26: [INFO] Adding track segment (B.Cu): [(348752706, 96081609), (348752708, 96081609)]
13:34:26: [INFO] Routing pad 'D30:1' at (348752708, 96081609) with pad 'D31:1' at (376595333, 89653633) using coordinate system rotated by 257.0 degree(s)
13:34:26: [INFO] Adding track segment (B.Cu): [(348752708, 96081609), (376595330, 89653632)]
13:34:26: [INFO] Adding track segment (B.Cu): [(376595330, 89653632), (376595333, 89653633)]
13:34:26: [WARNING] Could not route pads when parent footprints not rotated the same, footprint1: D31 at 103.0 degree(s) and footprint2: D32 at 90.0 degree(s)
13:34:26: [INFO] Routing pad 'D32:1' at (424180000, 95887500) with pad 'D33:1' at (443230000, 95887500) using coordinate system rotated by 0 degree(s)
13:34:26: [INFO] Adding track segment (B.Cu): [(424180000, 95887500), (443230000, 95887500)]
13:34:26: [INFO] Routing pad 'D33:1' at (443230000, 95887500) with pad 'D34:1' at (462280000, 95887500) using coordinate system rotated by 0 degree(s)
13:34:26: [INFO] Adding track segment (B.Cu): [(443230000, 95887500), (462280000, 95887500)]
13:34:26: [INFO] Routing COL11 pads
13:34:26: [INFO] Routing pad 'SW91:1' at (325282874, 171555567) with pad 'SW91b:1' at (322962656, 172091232) using coordinate system rotated by 347.0 degree(s)
13:34:26: [INFO] Adding track segment (F.Cu): [(325282874, 171555567), (322962654, 172091231)]
13:34:26: [INFO] Adding track segment (F.Cu): [(322962654, 172091231), (322962656, 172091232)]
13:34:26: [INFO] Routing pad 'SW91a:1' at (327603093, 171019902) with pad 'SW91:1' at (325282874, 171555567) using coordinate system rotated by 347.0 degree(s)
13:34:26: [INFO] Adding track segment (F.Cu): [(327603093, 171019902), (325282873, 171555566)]
13:34:26: [INFO] Adding track segment (F.Cu): [(325282873, 171555566), (325282874, 171555567)]
13:34:26: [INFO] Routing pad 'SW77:1' at (337239088, 149244164) with pad 'SW91a:1' at (327603093, 171019902) using coordinate system rotated by 347.0 degree(s)
13:34:26: [INFO] Routing pad 'SW29:1' at (319742698, 94630245) with pad 'SW12:1' at (329733812, 53221428) using coordinate system rotated by 347.0 degree(s)
13:34:26: [INFO] Adding track segment (F.Cu): [(319742698, 94630245), (334019128, 71783176)]
13:34:26: [INFO] Adding track segment (F.Cu): [(334019128, 71783176), (329733812, 53221428)]
13:34:26: [INFO] Routing pad 'SW29:1' at (319742698, 94630245) with pad 'SW46:1' at (333308890, 111049336) using coordinate system rotated by 347.0 degree(s)
13:34:26: [INFO] Adding track segment (F.Cu): [(319742698, 94630245), (321885355, 103911119)]
13:34:26: [INFO] Adding track segment (F.Cu): [(321885355, 103911119), (333308890, 111049336)]
13:34:26: [INFO] Routing pad 'SW63:1' at (342234645, 128539756) with pad 'SW77:1' at (337239088, 149244164) using coordinate system rotated by 347.0 degree(s)
13:34:26: [INFO] Adding track segment (F.Cu): [(342234645, 128539756), (344377303, 137820630)]
13:34:26: [INFO] Adding track segment (F.Cu): [(344377303, 137820630), (337239088, 149244164)]
13:34:26: [INFO] Routing pad 'SW46:1' at (333308890, 111049336) with pad 'SW63:1' at (342234645, 128539756) using coordinate system rotated by 347.0 degree(s)
13:34:26: [INFO] Adding track segment (F.Cu): [(333308890, 111049336), (336522877, 124970647)]
13:34:26: [INFO] Adding track segment (F.Cu): [(336522877, 124970647), (342234645, 128539756)]
13:34:26: [INFO] Routing COL1 pads
13:34:26: [INFO] Routing pad 'SW82:1' at (97226804, 165236822) with pad 'SW67:1' at (99191903, 146139407) using coordinate system rotated by 13.0 degree(s)
13:34:26: [INFO] Adding track segment (F.Cu): [(97226804, 165236822), (95442249, 162380937)]
13:34:26: [INFO] Adding track segment (F.Cu): [(95442249, 162380937), (99191903, 146139407)]
13:34:26: [INFO] Routing pad 'SW82:1' at (97226804, 165236822) with pad 'SW82a:1' at (99547023, 165772486) using coordinate system rotated by 13.0 degree(s)
13:34:26: [INFO] Adding track segment (F.Cu): [(97226804, 165236822), (99547022, 165772485)]
13:34:26: [INFO] Adding track segment (F.Cu): [(99547022, 165772485), (99547023, 165772486)]
13:34:27: [INFO] Routing pad 'SW36:1' at (112402975, 110087237) with pad 'SW19:1' at (107407418, 89382829) using coordinate system rotated by 13.0 degree(s)
13:34:27: [INFO] Adding track segment (F.Cu): [(112402975, 110087237), (105264758, 98663702)]
13:34:27: [INFO] Adding track segment (F.Cu): [(105264758, 98663702), (107407418, 89382829)]
13:34:27: [INFO] Routing pad 'SW53:1' at (112758095, 129720316) with pad 'SW36:1' at (112402975, 110087237) using coordinate system rotated by 13.0 degree(s)
13:34:27: [INFO] Adding track segment (F.Cu): [(112758095, 129720316), (109188986, 124008548)]
13:34:27: [INFO] Adding track segment (F.Cu): [(109188986, 124008548), (112402975, 110087237)]
13:34:27: [INFO] Routing pad 'SW67:1' at (99191903, 146139407) with pad 'SW53:1' at (112758095, 129720316) using coordinate system rotated by 13.0 degree(s)
13:34:27: [INFO] Routing pad 'SW19:1' at (107407418, 89382829) with pad 'SW2:1' at (134539803, 56544647) using coordinate system rotated by 13.0 degree(s)
13:34:27: [INFO] Adding track segment (F.Cu): [(107407418, 89382829), (130254485, 75106395)]
13:34:27: [INFO] Adding track segment (F.Cu): [(130254485, 75106395), (134539803, 56544647)]
13:34:27: [INFO] Routing COL13 pads
13:34:27: [INFO] Routing pad 'SW31a:1' at (356866197, 86059609) with pad 'SW31:1' at (366147072, 83916951) using coordinate system rotated by 347.0 degree(s)
13:34:27: [INFO] Adding track segment (F.Cu): [(356866197, 86059609), (366147071, 83916950)]
13:34:27: [INFO] Adding track segment (F.Cu): [(366147071, 83916950), (366147072, 83916951)]
13:34:27: [INFO] Routing pad 'SW93:1' at (371687249, 160842273) with pad 'SW93a:1' at (369367030, 161377938) using coordinate system rotated by 347.0 degree(s)
13:34:27: [INFO] Adding track segment (F.Cu): [(371687249, 160842273), (369367029, 161377937)]
13:34:27: [INFO] Adding track segment (F.Cu): [(369367029, 161377937), (369367030, 161377938)]
13:34:27: [INFO] Routing pad 'SW79:1' at (388283900, 137459541) with pad 'SW93:1' at (371687249, 160842273) using coordinate system rotated by 347.0 degree(s)
13:34:27: [INFO] Routing pad 'SW65a:1' at (379535705, 110152581) with pad 'SW65:1' at (372397488, 121576115) using coordinate system rotated by 347.0 degree(s)
13:34:27: [INFO] Adding track segment (F.Cu): [(379535705, 110152581), (379535703, 110152580)]
13:34:27: [INFO] Adding track segment (F.Cu): [(379535703, 110152580), (372397488, 121576115)]
13:34:27: [INFO] Routing pad 'SW31:1' at (366147072, 83916951) with pad 'SW48:1' at (375072827, 101407371) using coordinate system rotated by 347.0 degree(s)
13:34:27: [INFO] Routing pad 'SW31:1' at (366147072, 83916951) with pad 'SW14:1' at (375427947, 81774292) using coordinate system rotated by 347.0 degree(s)
13:34:27: [INFO] Adding track segment (F.Cu): [(366147072, 83916951), (375427946, 81774291)]
13:34:27: [INFO] Adding track segment (F.Cu): [(375427946, 81774291), (375427947, 81774292)]
13:34:27: [INFO] Routing pad 'SW48:1' at (375072827, 101407371) with pad 'SW65a:1' at (379535705, 110152581) using coordinate system rotated by 347.0 degree(s)
13:34:27: [INFO] Routing pad 'SW65:1' at (372397488, 121576115) with pad 'SW79:1' at (388283900, 137459541) using coordinate system rotated by 347.0 degree(s)
13:34:27: [INFO] Adding track segment (F.Cu): [(372397488, 121576115), (374004481, 128536769)]
13:34:27: [INFO] Adding track segment (F.Cu): [(374004481, 128536769), (388283900, 137459541)]
13:34:27: [INFO] Routing COL10 pads
13:34:27: [INFO] Routing pad 'SW45:1' at (314747140, 115334653) with pad 'SW28:1' at (301180948, 98915562) using coordinate system rotated by 347.0 degree(s)
13:34:27: [INFO] Adding track segment (F.Cu): [(314747140, 115334653), (303323605, 108196436)]
13:34:27: [INFO] Adding track segment (F.Cu): [(303323605, 108196436), (301180948, 98915562)]
13:34:27: [INFO] Routing pad 'SW90b:1' at (299760469, 177447879) with pad 'SW90:1' at (302080687, 176912214) using coordinate system rotated by 347.0 degree(s)
13:34:27: [INFO] Adding track segment (F.Cu): [(299760469, 177447879), (302080686, 176912213)]
13:34:27: [INFO] Adding track segment (F.Cu): [(302080686, 176912213), (302080687, 176912214)]
13:34:27: [INFO] Routing pad 'SW90:1' at (302080687, 176912214) with pad 'SW90a:1' at (304400906, 176376549) using coordinate system rotated by 347.0 degree(s)
13:34:27: [INFO] Adding track segment (F.Cu): [(302080687, 176912214), (304400905, 176376548)]
13:34:27: [INFO] Adding track segment (F.Cu): [(304400905, 176376548), (304400906, 176376549)]
13:34:27: [INFO] Routing pad 'SW28:1' at (301180948, 98915562) with pad 'SW11:1' at (311172062, 57506745) using coordinate system rotated by 347.0 degree(s)
13:34:27: [INFO] Adding track segment (F.Cu): [(301180948, 98915562), (315457379, 76068494)]
13:34:27: [INFO] Adding track segment (F.Cu): [(315457379, 76068494), (311172062, 57506745)]
13:34:27: [INFO] Routing pad 'SW62:1' at (323672895, 132825073) with pad 'SW45:1' at (314747140, 115334653) using coordinate system rotated by 347.0 degree(s)
13:34:27: [INFO] Adding track segment (F.Cu): [(323672895, 132825073), (317961127, 129255964)]
13:34:27: [INFO] Adding track segment (F.Cu): [(317961127, 129255964), (314747140, 115334653)]
13:34:27: [INFO] Routing pad 'SW90a:1' at (304400906, 176376549) with pad 'SW76:1' at (318677338, 153529482) using coordinate system rotated by 347.0 degree(s)
13:34:27: [INFO] Routing pad 'SW76:1' at (318677338, 153529482) with pad 'SW62:1' at (323672895, 132825073) using coordinate system rotated by 347.0 degree(s)
13:34:27: [INFO] Adding track segment (F.Cu): [(318677338, 153529482), (325815553, 142105947)]
13:34:27: [INFO] Adding track segment (F.Cu): [(325815553, 142105947), (323672895, 132825073)]
13:34:27: [INFO] Routing ROW4 pads
13:34:27: [INFO] Routing pad 'D66:1' at (94466847, 153197396) with pad 'D67:1' at (106067941, 155875719) using coordinate system rotated by 283.0 degree(s)
13:34:27: [INFO] Adding track segment (B.Cu): [(94466847, 153197396), (106067940, 155875718)]
13:34:27: [INFO] Adding track segment (B.Cu): [(106067940, 155875718), (106067941, 155875719)]
13:34:27: [INFO] Routing pad 'D67:1' at (106067941, 155875719) with pad 'D68:1' at (124629691, 160161037) using coordinate system rotated by 283.0 degree(s)
13:34:27: [INFO] Adding track segment (B.Cu): [(106067941, 155875719), (124629690, 160161036)]
13:34:27: [INFO] Adding track segment (B.Cu): [(124629690, 160161036), (124629691, 160161037)]
13:34:27: [INFO] Routing pad 'D68:1' at (124629691, 160161037) with pad 'D69:1' at (143191440, 164446354) using coordinate system rotated by 283.0 degree(s)
13:34:27: [INFO] Adding track segment (B.Cu): [(124629691, 160161037), (143191439, 164446353)]
13:34:27: [INFO] Adding track segment (B.Cu): [(143191439, 164446353), (143191440, 164446354)]
13:34:27: [INFO] Routing pad 'D69:1' at (143191440, 164446354) with pad 'D70:1' at (161753190, 168731672) using coordinate system rotated by 283.0 degree(s)
13:34:27: [INFO] Adding track segment (B.Cu): [(143191440, 164446354), (161753189, 168731671)]
13:34:27: [INFO] Adding track segment (B.Cu): [(161753189, 168731671), (161753190, 168731672)]
13:34:27: [INFO] Routing pad 'D70:1' at (161753190, 168731672) with pad 'D71:1' at (180314940, 173016990) using coordinate system rotated by 283.0 degree(s)
13:34:27: [INFO] Adding track segment (B.Cu): [(161753190, 168731672), (180314940, 173016989)]
13:34:27: [INFO] Adding track segment (B.Cu): [(180314940, 173016989), (180314940, 173016990)]
13:34:27: [INFO] Routing pad 'D71:1' at (180314940, 173016990) with pad 'D72:1' at (198876689, 177302307) using coordinate system rotated by 283.0 degree(s)
13:34:27: [INFO] Adding track segment (B.Cu): [(180314940, 173016990), (198876688, 177302306)]
13:34:27: [INFO] Adding track segment (B.Cu): [(198876688, 177302306), (198876689, 177302307)]
13:34:27: [WARNING] Could not route pads when parent footprints not rotated the same, footprint1: D72 at 77.0 degree(s) and footprint2: D73 at 103.0 degree(s)
13:34:27: [INFO] Routing pad 'D73:1' at (273440350, 172122117) with pad 'D74:1' at (292002100, 167836799) using coordinate system rotated by 257.0 degree(s)
13:34:27: [INFO] Adding track segment (B.Cu): [(273440350, 172122117), (292002098, 167836799)]
13:34:27: [INFO] Adding track segment (B.Cu): [(292002098, 167836799), (292002100, 167836799)]
13:34:27: [INFO] Routing pad 'D74:1' at (292002100, 167836799) with pad 'D75:1' at (310563849, 163551482) using coordinate system rotated by 257.0 degree(s)
13:34:27: [INFO] Adding track segment (B.Cu): [(292002100, 167836799), (310563847, 163551480)]
13:34:27: [INFO] Adding track segment (B.Cu): [(310563847, 163551480), (310563849, 163551482)]
13:34:27: [INFO] Routing pad 'D75:1' at (310563849, 163551482) with pad 'D76:1' at (329125599, 159266164) using coordinate system rotated by 257.0 degree(s)
13:34:27: [INFO] Adding track segment (B.Cu): [(310563849, 163551482), (329125598, 159266164)]
13:34:27: [INFO] Adding track segment (B.Cu): [(329125598, 159266164), (329125599, 159266164)]
13:34:27: [INFO] Routing pad 'D76:1' at (329125599, 159266164) with pad 'D77:1' at (347687349, 154980846) using coordinate system rotated by 257.0 degree(s)
13:34:28: [INFO] Adding track segment (B.Cu): [(329125599, 159266164), (347687348, 154980846)]
13:34:28: [INFO] Adding track segment (B.Cu): [(347687348, 154980846), (347687349, 154980846)]
13:34:28: [INFO] Routing pad 'D77:1' at (347687349, 154980846) with pad 'D78:1' at (382490630, 146945876) using coordinate system rotated by 257.0 degree(s)
13:34:28: [INFO] Adding track segment (B.Cu): [(347687349, 154980846), (382490628, 146945875)]
13:34:28: [INFO] Adding track segment (B.Cu): [(382490628, 146945875), (382490630, 146945876)]
13:34:28: [INFO] Routing pad 'D78:1' at (382490630, 146945876) with pad 'D79:1' at (398732161, 143196223) using coordinate system rotated by 257.0 degree(s)
13:34:28: [INFO] Adding track segment (B.Cu): [(382490630, 146945876), (398732160, 143196222)]
13:34:28: [INFO] Adding track segment (B.Cu): [(398732160, 143196222), (398732161, 143196223)]
13:34:28: [WARNING] Could not route pads when parent footprints not rotated the same, footprint1: D79 at 103.0 degree(s) and footprint2: D80 at 90.0 degree(s)
13:34:28: [INFO] Routing COL9 pads
13:34:28: [INFO] Routing pad 'SW89:1' at (264957188, 185482849) with pad 'SW89a:1' at (274238063, 183340190) using coordinate system rotated by 347.0 degree(s)
13:34:28: [INFO] Adding track segment (F.Cu): [(264957188, 185482849), (274238062, 183340189)]
13:34:28: [INFO] Adding track segment (F.Cu): [(274238062, 183340189), (274238063, 183340190)]
13:34:28: [INFO] Routing pad 'SW89a:1' at (274238063, 183340190) with pad 'SW89b:1' at (281198719, 181733196) using coordinate system rotated by 347.0 degree(s)
13:34:28: [INFO] Adding track segment (F.Cu): [(274238063, 183340190), (281198718, 181733195)]
13:34:28: [INFO] Adding track segment (F.Cu): [(281198718, 181733195), (281198719, 181733196)]
13:34:28: [INFO] Routing pad 'SW44:1' at (296185391, 119619971) with pad 'SW27:1' at (282619198, 103200880) using coordinate system rotated by 347.0 degree(s)
13:34:28: [INFO] Adding track segment (F.Cu): [(296185391, 119619971), (284761855, 112481753)]
13:34:28: [INFO] Adding track segment (F.Cu): [(284761855, 112481753), (282619198, 103200880)]
13:34:28: [INFO] Routing pad 'SW27:1' at (282619198, 103200880) with pad 'SW10:1' at (292610313, 61792063) using coordinate system rotated by 347.0 degree(s)
13:34:28: [INFO] Adding track segment (F.Cu): [(282619198, 103200880), (296895629, 80353812)]
13:34:28: [INFO] Adding track segment (F.Cu): [(296895629, 80353812), (292610313, 61792063)]
13:34:28: [INFO] Routing pad 'SW61:1' at (305111146, 137110391) with pad 'SW44:1' at (296185391, 119619971) using coordinate system rotated by 347.0 degree(s)
13:34:28: [INFO] Adding track segment (F.Cu): [(305111146, 137110391), (299399378, 133541282)]
13:34:28: [INFO] Adding track segment (F.Cu): [(299399378, 133541282), (296185391, 119619971)]
13:34:28: [INFO] Routing pad 'SW89b:1' at (281198719, 181733196) with pad 'SW75:1' at (300115588, 157814800) using coordinate system rotated by 347.0 degree(s)
13:34:28: [INFO] Adding track segment (F.Cu): [(281198719, 181733196), (295475151, 158886128)]
13:34:28: [INFO] Adding track segment (F.Cu): [(295475151, 158886128), (300115588, 157814800)]
13:34:28: [INFO] Routing pad 'SW75:1' at (300115588, 157814800) with pad 'SW61:1' at (305111146, 137110391) using coordinate system rotated by 347.0 degree(s)
13:34:28: [INFO] Adding track segment (F.Cu): [(300115588, 157814800), (307253804, 146391264)]
13:34:28: [INFO] Adding track segment (F.Cu): [(307253804, 146391264), (305111146, 137110391)]
13:34:28: [INFO] Routing COL7 pads
13:34:28: [INFO] Routing pad 'SW42:1' at (259061891, 128190606) with pad 'SW25:1' at (245495699, 111771515) using coordinate system rotated by 347.0 degree(s)
13:34:28: [INFO] Adding track segment (F.Cu): [(259061891, 128190606), (247638356, 121052389)]
13:34:28: [INFO] Adding track segment (F.Cu): [(247638356, 121052389), (245495699, 111771515)]
13:34:28: [INFO] Routing pad 'SW25:1' at (245495699, 111771515) with pad 'SW8:1' at (255486813, 70362698) using coordinate system rotated by 347.0 degree(s)
13:34:28: [INFO] Adding track segment (F.Cu): [(245495699, 111771515), (259772130, 88924447)]
13:34:28: [INFO] Adding track segment (F.Cu): [(259772130, 88924447), (255486813, 70362698)]
13:34:28: [INFO] Routing pad 'SW59:1' at (267987646, 145681026) with pad 'SW42:1' at (259061891, 128190606) using coordinate system rotated by 347.0 degree(s)
13:34:28: [INFO] Adding track segment (F.Cu): [(267987646, 145681026), (262275878, 142111917)]
13:34:28: [INFO] Adding track segment (F.Cu): [(262275878, 142111917), (259061891, 128190606)]
13:34:28: [INFO] Routing pad 'SW87:1' at (244430339, 170670752) with pad 'SW73:1' at (262992089, 166385435) using coordinate system rotated by 347.0 degree(s)
13:34:28: [INFO] Adding track segment (F.Cu): [(244430339, 170670752), (262992088, 166385434)]
13:34:28: [INFO] Adding track segment (F.Cu): [(262992088, 166385434), (262992089, 166385435)]
13:34:28: [INFO] Routing pad 'SW73:1' at (262992089, 166385435) with pad 'SW59:1' at (267987646, 145681026) using coordinate system rotated by 347.0 degree(s)
13:34:28: [INFO] Adding track segment (F.Cu): [(262992089, 166385435), (270130304, 154961900)]
13:34:28: [INFO] Adding track segment (F.Cu): [(270130304, 154961900), (267987646, 145681026)]
13:34:28: [INFO] Routing COL4 pads
13:34:28: [INFO] Routing pad 'SW84a:1' at (141310960, 175414451) with pad 'SW84:1' at (143631178, 175950116) using coordinate system rotated by 13.0 degree(s)
13:34:28: [INFO] Adding track segment (F.Cu): [(141310960, 175414451), (143631177, 175950114)]
13:34:28: [INFO] Adding track segment (F.Cu): [(143631177, 175950114), (143631178, 175950116)]
13:34:28: [INFO] Routing pad 'SW84:1' at (143631178, 175950116) with pad 'SW84b:1' at (145951397, 176485780) using coordinate system rotated by 13.0 degree(s)
13:34:28: [INFO] Adding track segment (F.Cu): [(143631178, 175950116), (145951396, 176485779)]
13:34:28: [INFO] Adding track segment (F.Cu): [(145951396, 176485779), (145951397, 176485780)]
13:34:28: [INFO] Routing pad 'SW84b:1' at (145951397, 176485780) with pad 'SW70:1' at (154877152, 158995360) using coordinate system rotated by 13.0 degree(s)
13:34:28: [INFO] Routing pad 'SW39:1' at (168088225, 122943190) with pad 'SW22:1' at (163092667, 102238781) using coordinate system rotated by 13.0 degree(s)
13:34:28: [INFO] Adding track segment (F.Cu): [(168088225, 122943190), (160950008, 111519655)]
13:34:28: [INFO] Adding track segment (F.Cu): [(160950008, 111519655), (163092667, 102238781)]
13:34:28: [INFO] Routing pad 'SW56:1' at (168443344, 142576269) with pad 'SW39:1' at (168088225, 122943190) using coordinate system rotated by 13.0 degree(s)
13:34:28: [INFO] Adding track segment (F.Cu): [(168443344, 142576269), (164874236, 136864501)]
13:34:28: [INFO] Adding track segment (F.Cu): [(164874236, 136864501), (168088225, 122943190)]
13:34:29: [INFO] Routing pad 'SW70:1' at (154877152, 158995360) with pad 'SW56:1' at (168443344, 142576269) using coordinate system rotated by 13.0 degree(s)
13:34:29: [INFO] Adding track segment (F.Cu): [(154877152, 158995360), (166300685, 151857143)]
13:34:29: [INFO] Adding track segment (F.Cu): [(166300685, 151857143), (168443344, 142576269)]
13:34:29: [INFO] Routing pad 'SW22:1' at (163092667, 102238781) with pad 'SW5:1' at (190225052, 69400600) using coordinate system rotated by 13.0 degree(s)
13:34:29: [INFO] Adding track segment (F.Cu): [(163092667, 102238781), (185939734, 87962348)]
13:34:29: [INFO] Adding track segment (F.Cu): [(185939734, 87962348), (190225052, 69400600)]
13:34:29: [INFO] Routing ROW0 pads
13:34:29: [INFO] Routing pad 'D1:1' at (104292342, 57710324) with pad 'D2:1' at (141415841, 66280959) using coordinate system rotated by 283.0 degree(s)
13:34:29: [INFO] Adding track segment (B.Cu): [(104292342, 57710324), (141415840, 66280958)]
13:34:29: [INFO] Adding track segment (B.Cu): [(141415840, 66280958), (141415841, 66280959)]
13:34:29: [INFO] Routing pad 'D2:1' at (141415841, 66280959) with pad 'D3:1' at (159977591, 70566276) using coordinate system rotated by 283.0 degree(s)
13:34:29: [INFO] Adding track segment (B.Cu): [(141415841, 66280959), (159977590, 70566275)]
13:34:29: [INFO] Adding track segment (B.Cu): [(159977590, 70566275), (159977591, 70566276)]
13:34:29: [INFO] Routing pad 'D3:1' at (159977591, 70566276) with pad 'D4:1' at (178539341, 74851594) using coordinate system rotated by 283.0 degree(s)
13:34:29: [INFO] Adding track segment (B.Cu): [(159977591, 70566276), (178539340, 74851593)]
13:34:29: [INFO] Adding track segment (B.Cu): [(178539340, 74851593), (178539341, 74851594)]
13:34:29: [INFO] Routing pad 'D4:1' at (178539341, 74851594) with pad 'D5:1' at (197101090, 79136912) using coordinate system rotated by 283.0 degree(s)
13:34:29: [INFO] Adding track segment (B.Cu): [(178539341, 74851594), (197101088, 79136910)]
13:34:29: [INFO] Adding track segment (B.Cu): [(197101088, 79136910), (197101090, 79136912)]
13:34:29: [INFO] Routing pad 'D5:1' at (197101090, 79136912) with pad 'D6:1' at (215662840, 83422229) using coordinate system rotated by 283.0 degree(s)
13:34:29: [INFO] Adding track segment (B.Cu): [(197101090, 79136912), (215662838, 83422229)]
13:34:29: [INFO] Adding track segment (B.Cu): [(215662838, 83422229), (215662840, 83422229)]
13:34:29: [WARNING] Could not route pads when parent footprints not rotated the same, footprint1: D6 at 77.0 degree(s) and footprint2: D7 at 103.0 degree(s)
13:34:29: [INFO] Routing pad 'D7:1' at (247373325, 80384697) with pad 'D8:1' at (265935074, 76099380) using coordinate system rotated by 257.0 degree(s)
13:34:29: [INFO] Adding track segment (B.Cu): [(247373325, 80384697), (265935072, 76099379)]
13:34:29: [INFO] Adding track segment (B.Cu): [(265935072, 76099379), (265935074, 76099380)]
13:34:29: [INFO] Routing pad 'D8:1' at (265935074, 76099380) with pad 'D9:1' at (284496824, 71814062) using coordinate system rotated by 257.0 degree(s)
13:34:29: [INFO] Adding track segment (B.Cu): [(265935074, 76099380), (284496822, 71814062)]
13:34:29: [INFO] Adding track segment (B.Cu): [(284496822, 71814062), (284496824, 71814062)]
13:34:29: [INFO] Routing pad 'D9:1' at (284496824, 71814062) with pad 'D10:1' at (303058574, 67528745) using coordinate system rotated by 257.0 degree(s)
13:34:29: [INFO] Adding track segment (B.Cu): [(284496824, 71814062), (303058571, 67528744)]
13:34:29: [INFO] Adding track segment (B.Cu): [(303058571, 67528744), (303058574, 67528745)]
13:34:29: [INFO] Routing pad 'D10:1' at (303058574, 67528745) with pad 'D11:1' at (321620323, 63243427) using coordinate system rotated by 257.0 degree(s)
13:34:29: [INFO] Adding track segment (B.Cu): [(303058574, 67528745), (321620321, 63243427)]
13:34:29: [INFO] Adding track segment (B.Cu): [(321620321, 63243427), (321620323, 63243427)]
13:34:29: [INFO] Routing pad 'D11:1' at (321620323, 63243427) with pad 'D12:1' at (340182073, 58958110) using coordinate system rotated by 257.0 degree(s)
13:34:29: [INFO] Adding track segment (B.Cu): [(321620323, 63243427), (340182071, 58958108)]
13:34:29: [INFO] Adding track segment (B.Cu): [(340182071, 58958108), (340182073, 58958110)]
13:34:29: [INFO] Routing pad 'D12:1' at (340182073, 58958110) with pad 'D13:1' at (358743823, 54672792) using coordinate system rotated by 257.0 degree(s)
13:34:29: [INFO] Adding track segment (B.Cu): [(340182073, 58958110), (358743822, 54672792)]
13:34:29: [INFO] Adding track segment (B.Cu): [(358743822, 54672792), (358743823, 54672792)]
13:34:29: [INFO] Routing pad 'D13:1' at (358743823, 54672792) with pad 'D14:1' at (385876208, 87510974) using coordinate system rotated by 257.0 degree(s)
13:34:29: [WARNING] Could not route pads when parent footprints not rotated the same, footprint1: D14 at 103.0 degree(s) and footprint2: D15 at 90.0 degree(s)
13:34:29: [INFO] Routing pad 'D15:1' at (424180000, 62550000) with pad 'D16:1' at (443230000, 62550000) using coordinate system rotated by 0 degree(s)
13:34:29: [INFO] Adding track segment (B.Cu): [(424180000, 62550000), (443230000, 62550000)]
13:34:29: [INFO] Routing pad 'D16:1' at (443230000, 62550000) with pad 'D17:1' at (462280000, 62550000) using coordinate system rotated by 0 degree(s)
13:34:29: [INFO] Adding track segment (B.Cu): [(443230000, 62550000), (462280000, 62550000)]
13:34:29: [INFO] Routing ROW5 pads
13:34:29: [INFO] Routing pad 'D81:1' at (80900655, 169616487) with pad 'D82:1' at (104102842, 174973134) using coordinate system rotated by 283.0 degree(s)
13:34:29: [INFO] Adding track segment (B.Cu): [(80900655, 169616487), (104102841, 174973132)]
13:34:29: [INFO] Adding track segment (B.Cu): [(104102841, 174973132), (104102842, 174973134)]
13:34:29: [INFO] Routing pad 'D82:1' at (104102842, 174973134) with pad 'D83:1' at (127305029, 180329781) using coordinate system rotated by 283.0 degree(s)
13:34:29: [INFO] Adding track segment (B.Cu): [(104102842, 174973134), (127305028, 180329779)]
13:34:29: [INFO] Adding track segment (B.Cu): [(127305028, 180329779), (127305029, 180329781)]
13:34:29: [INFO] Routing pad 'D83:1' at (127305029, 180329781) with pad 'D84:1' at (150507216, 185686428) using coordinate system rotated by 283.0 degree(s)
13:34:29: [INFO] Adding track segment (B.Cu): [(127305029, 180329781), (150507215, 185686426)]
13:34:29: [INFO] Adding track segment (B.Cu): [(150507215, 185686426), (150507216, 185686428)]
13:34:29: [INFO] Routing pad 'D84:1' at (150507216, 185686428) with pad 'D85:1' at (182990278, 193185733) using coordinate system rotated by 283.0 degree(s)
13:34:29: [INFO] Adding track segment (B.Cu): [(150507216, 185686428), (182990277, 193185732)]
13:34:29: [INFO] Adding track segment (B.Cu): [(182990277, 193185732), (182990278, 193185733)]
13:34:29: [INFO] Routing pad 'D85:1' at (182990278, 193185733) with pad 'D86:1' at (194591372, 195864057) using coordinate system rotated by 283.0 degree(s)
13:34:29: [INFO] Adding track segment (B.Cu): [(182990278, 193185733), (194591371, 195864056)]
13:34:29: [INFO] Adding track segment (B.Cu): [(194591371, 195864056), (194591372, 195864057)]
13:34:29: [WARNING] Could not route pads when parent footprints not rotated the same, footprint1: D86 at 77.0 degree(s) and footprint2: D87 at 103.0 degree(s)
13:34:29: [INFO] Routing pad 'D87:1' at (254878600, 176407434) with pad 'D88:1' at (259163918, 194969184) using coordinate system rotated by 257.0 degree(s)
13:34:29: [INFO] Routing pad 'D88:1' at (259163918, 194969184) with pad 'D89:1' at (275405449, 191219531) using coordinate system rotated by 257.0 degree(s)
13:34:29: [INFO] Adding track segment (B.Cu): [(259163918, 194969184), (275405447, 191219531)]
13:34:29: [INFO] Adding track segment (B.Cu): [(275405447, 191219531), (275405449, 191219531)]
13:34:29: [INFO] Routing pad 'D89:1' at (275405449, 191219531) with pad 'D90:1' at (312528948, 182648896) using coordinate system rotated by 257.0 degree(s)
13:34:29: [INFO] Adding track segment (B.Cu): [(275405449, 191219531), (312528947, 182648895)]
13:34:29: [INFO] Adding track segment (B.Cu): [(312528947, 182648895), (312528948, 182648896)]
13:34:29: [INFO] Routing pad 'D90:1' at (312528948, 182648896) with pad 'D91:1' at (335731135, 177292249) using coordinate system rotated by 257.0 degree(s)
13:34:29: [INFO] Adding track segment (B.Cu): [(312528948, 182648896), (335731134, 177292248)]
13:34:30: [INFO] Adding track segment (B.Cu): [(335731134, 177292248), (335731135, 177292249)]
13:34:30: [INFO] Routing pad 'D91:1' at (335731135, 177292249) with pad 'D92:1' at (358933323, 171935602) using coordinate system rotated by 257.0 degree(s)
13:34:30: [INFO] Adding track segment (B.Cu): [(335731135, 177292249), (358933321, 171935601)]
13:34:30: [INFO] Adding track segment (B.Cu): [(358933321, 171935601), (358933323, 171935602)]
13:34:30: [INFO] Routing pad 'D92:1' at (358933323, 171935602) with pad 'D93:1' at (382135510, 166578955) using coordinate system rotated by 257.0 degree(s)
13:34:30: [INFO] Adding track segment (B.Cu): [(358933323, 171935602), (382135509, 166578954)]
13:34:30: [INFO] Adding track segment (B.Cu): [(382135509, 166578954), (382135510, 166578955)]
13:34:30: [WARNING] Could not route pads when parent footprints not rotated the same, footprint1: D93 at 103.0 degree(s) and footprint2: D94 at 90.0 degree(s)
13:34:30: [INFO] Routing pad 'D94:1' at (424180000, 172087500) with pad 'D95:1' at (443230000, 172087500) using coordinate system rotated by 0 degree(s)
13:34:30: [INFO] Adding track segment (B.Cu): [(424180000, 172087500), (443230000, 172087500)]
13:34:30: [INFO] Routing pad 'D95:1' at (443230000, 172087500) with pad 'D96:1' at (462280000, 172087500) using coordinate system rotated by 0 degree(s)
13:34:30: [INFO] Adding track segment (B.Cu): [(443230000, 172087500), (462280000, 172087500)]
13:34:30: [INFO] Routing COL2 pads
13:34:30: [INFO] Routing pad 'SW68:1' at (117753653, 150424725) with pad 'SW83a:1' at (118108772, 170057804) using coordinate system rotated by 13.0 degree(s)
13:34:30: [INFO] Adding track segment (F.Cu): [(117753653, 150424725), (114539663, 164346036)]
13:34:30: [INFO] Adding track segment (F.Cu): [(114539663, 164346036), (118108772, 170057804)]
13:34:30: [INFO] Routing pad 'SW83a:1' at (118108772, 170057804) with pad 'SW83:1' at (120428991, 170593469) using coordinate system rotated by 13.0 degree(s)
13:34:30: [INFO] Adding track segment (F.Cu): [(118108772, 170057804), (120428990, 170593467)]
13:34:30: [INFO] Adding track segment (F.Cu): [(120428990, 170593467), (120428991, 170593469)]
13:34:30: [INFO] Routing pad 'SW83:1' at (120428991, 170593469) with pad 'SW83b:1' at (122749210, 171129133) using coordinate system rotated by 13.0 degree(s)
13:34:30: [INFO] Adding track segment (F.Cu): [(120428991, 170593469), (122749209, 171129132)]
13:34:30: [INFO] Adding track segment (F.Cu): [(122749209, 171129132), (122749210, 171129133)]
13:34:30: [INFO] Routing pad 'SW37:1' at (130964725, 114372555) with pad 'SW20:1' at (125969168, 93668146) using coordinate system rotated by 13.0 degree(s)
13:34:30: [INFO] Adding track segment (F.Cu): [(130964725, 114372555), (123826508, 102949020)]
13:34:30: [INFO] Adding track segment (F.Cu): [(123826508, 102949020), (125969168, 93668146)]
13:34:30: [INFO] Routing pad 'SW54:1' at (131319845, 134005634) with pad 'SW37:1' at (130964725, 114372555) using coordinate system rotated by 13.0 degree(s)
13:34:30: [INFO] Adding track segment (F.Cu): [(131319845, 134005634), (127750736, 128293866)]
13:34:30: [INFO] Adding track segment (F.Cu): [(127750736, 128293866), (130964725, 114372555)]
13:34:30: [INFO] Routing pad 'SW68:1' at (117753653, 150424725) with pad 'SW54:1' at (131319845, 134005634) using coordinate system rotated by 13.0 degree(s)
13:34:30: [INFO] Adding track segment (F.Cu): [(117753653, 150424725), (129177185, 143286508)]
13:34:30: [INFO] Adding track segment (F.Cu): [(129177185, 143286508), (131319845, 134005634)]
13:34:30: [INFO] Routing pad 'SW20:1' at (125969168, 93668146) with pad 'SW3:1' at (153101553, 60829964) using coordinate system rotated by 13.0 degree(s)
13:34:30: [INFO] Adding track segment (F.Cu): [(125969168, 93668146), (148816234, 79391713)]
13:34:30: [INFO] Adding track segment (F.Cu): [(148816234, 79391713), (153101553, 60829964)]
13:34:30: [INFO] Routing COL3 pads
13:34:30: [INFO] Routing pad 'SW38:1' at (149526475, 118657872) with pad 'SW21:1' at (144530918, 97953464) using coordinate system rotated by 13.0 degree(s)
13:34:30: [INFO] Adding track segment (F.Cu): [(149526475, 118657872), (142388258, 107234337)]
13:34:30: [INFO] Adding track segment (F.Cu): [(142388258, 107234337), (144530918, 97953464)]
13:34:30: [INFO] Routing pad 'SW55:1' at (149881595, 138290951) with pad 'SW38:1' at (149526475, 118657872) using coordinate system rotated by 13.0 degree(s)
13:34:30: [INFO] Adding track segment (F.Cu): [(149881595, 138290951), (146312486, 132579183)]
13:34:30: [INFO] Adding track segment (F.Cu): [(146312486, 132579183), (149526475, 118657872)]
13:34:30: [INFO] Routing pad 'SW69:1' at (136315402, 154710042) with pad 'SW55:1' at (149881595, 138290951) using coordinate system rotated by 13.0 degree(s)
13:34:30: [INFO] Adding track segment (F.Cu): [(136315402, 154710042), (147738935, 147571825)]
13:34:30: [INFO] Adding track segment (F.Cu): [(147738935, 147571825), (149881595, 138290951)]
13:34:30: [INFO] Routing pad 'SW21:1' at (144530918, 97953464) with pad 'SW4:1' at (171663303, 65115282) using coordinate system rotated by 13.0 degree(s)
13:34:30: [INFO] Adding track segment (F.Cu): [(144530918, 97953464), (167377985, 83677030)]
13:34:30: [INFO] Adding track segment (F.Cu): [(167377985, 83677030), (171663303, 65115282)]
13:34:30: [INFO] Routing COL0 pads
13:34:30: [INFO] Routing pad 'SW81:1' at (74024617, 159880175) with pad 'SW81a:1' at (76344835, 160415839) using coordinate system rotated by 13.0 degree(s)
13:34:30: [INFO] Adding track segment (F.Cu): [(74024617, 159880175), (76344834, 160415838)]
13:34:30: [INFO] Adding track segment (F.Cu): [(76344834, 160415838), (76344835, 160415839)]
13:34:30: [INFO] Routing pad 'SW81:1' at (74024617, 159880175) with pad 'SW66a:1' at (78309934, 141318425) using coordinate system rotated by 13.0 degree(s)
13:34:30: [INFO] Routing pad 'SW66a:1' at (78309934, 141318425) with pad 'SW52:1' at (87235689, 123828005) using coordinate system rotated by 13.0 degree(s)
13:34:30: [INFO] Adding track segment (F.Cu): [(78309934, 141318425), (84021700, 137749316)]
13:34:30: [INFO] Adding track segment (F.Cu): [(84021700, 137749316), (87235689, 123828005)]
13:34:30: [INFO] Routing pad 'SW66a:1' at (78309934, 141318425) with pad 'SW66:1' at (87590809, 143461084) using coordinate system rotated by 13.0 degree(s)
13:34:30: [INFO] Adding track segment (F.Cu): [(78309934, 141318425), (87590808, 143461083)]
13:34:30: [INFO] Adding track segment (F.Cu): [(87590808, 143461083), (87590809, 143461084)]
13:34:30: [INFO] Routing pad 'SW35:1' at (89200788, 104730590) with pad 'SW18:1' at (88845668, 85097511) using coordinate system rotated by 13.0 degree(s)
13:34:30: [INFO] Adding track segment (F.Cu): [(89200788, 104730590), (85631679, 99018822)]
13:34:30: [INFO] Adding track segment (F.Cu): [(85631679, 99018822), (88845668, 85097511)]
13:34:30: [INFO] Routing pad 'SW52:1' at (87235689, 123828005) with pad 'SW35:1' at (89200788, 104730590) using coordinate system rotated by 13.0 degree(s)
13:34:30: [INFO] Adding track segment (F.Cu): [(87235689, 123828005), (85451134, 120972121)]
13:34:30: [INFO] Adding track segment (F.Cu): [(85451134, 120972121), (89200788, 104730590)]
13:34:30: [INFO] Routing pad 'SW18:1' at (88845668, 85097511) with pad 'SW1:1' at (97416304, 47974012) using coordinate system rotated by 13.0 degree(s)
13:34:30: [INFO] Adding track segment (F.Cu): [(88845668, 85097511), (97416302, 47974011)]
13:34:30: [INFO] Adding track segment (F.Cu): [(97416302, 47974011), (97416304, 47974012)]
13:34:30: [INFO] Routing COL12 pads
13:34:30: [INFO] Routing pad 'SW92:1' at (348485062, 166198920) with pad 'SW92a:1' at (346164843, 166734585) using coordinate system rotated by 347.0 degree(s)
13:34:30: [INFO] Adding track segment (F.Cu): [(348485062, 166198920), (346164842, 166734584)]
13:34:31: [INFO] Adding track segment (F.Cu): [(346164842, 166734584), (346164843, 166734585)]
13:34:31: [INFO] Routing pad 'SW30:1' at (338304447, 90344927) with pad 'SW13:1' at (348295562, 48936110) using coordinate system rotated by 347.0 degree(s)
13:34:31: [INFO] Adding track segment (F.Cu): [(338304447, 90344927), (352580878, 67497859)]
13:34:31: [INFO] Adding track segment (F.Cu): [(352580878, 67497859), (348295562, 48936110)]
13:34:31: [INFO] Routing pad 'SW78a:1' at (362761494, 143351853) with pad 'SW92:1' at (348485062, 166198920) using coordinate system rotated by 347.0 degree(s)
13:34:31: [INFO] Routing pad 'SW30:1' at (338304447, 90344927) with pad 'SW47:1' at (351870640, 106764018) using coordinate system rotated by 347.0 degree(s)
13:34:31: [INFO] Adding track segment (F.Cu): [(338304447, 90344927), (340447105, 99625801)]
13:34:31: [INFO] Adding track segment (F.Cu): [(340447105, 99625801), (351870640, 106764018)]
13:34:31: [INFO] Routing pad 'SW47:1' at (351870640, 106764018) with pad 'SW64:1' at (360796395, 124254438) using coordinate system rotated by 347.0 degree(s)
13:34:31: [INFO] Adding track segment (F.Cu): [(351870640, 106764018), (355084627, 120685329)]
13:34:31: [INFO] Adding track segment (F.Cu): [(355084627, 120685329), (360796395, 124254438)]
13:34:31: [INFO] Routing pad 'SW64:1' at (360796395, 124254438) with pad 'SW78a:1' at (362761494, 143351853) using coordinate system rotated by 347.0 degree(s)
13:34:31: [INFO] Routing pad 'SW78a:1' at (362761494, 143351853) with pad 'SW78:1' at (372042369, 141209194) using coordinate system rotated by 347.0 degree(s)
13:34:31: [INFO] Adding track segment (F.Cu): [(362761494, 143351853), (372042368, 141209193)]
13:34:31: [INFO] Adding track segment (F.Cu): [(372042368, 141209193), (372042369, 141209194)]
13:34:31: [INFO] Routing ROW3 pads
13:34:31: [INFO] Routing pad 'D52:1' at (94111727, 133564317) with pad 'D53:1' at (119634133, 139456628) using coordinate system rotated by 283.0 degree(s)
13:34:31: [INFO] Adding track segment (B.Cu): [(94111727, 133564317), (119634132, 139456627)]
13:34:31: [INFO] Adding track segment (B.Cu): [(119634132, 139456627), (119634133, 139456628)]
13:34:31: [INFO] Routing pad 'D53:1' at (119634133, 139456628) with pad 'D54:1' at (138195883, 143741946) using coordinate system rotated by 283.0 degree(s)
13:34:31: [INFO] Adding track segment (B.Cu): [(119634133, 139456628), (138195882, 143741945)]
13:34:31: [INFO] Adding track segment (B.Cu): [(138195882, 143741945), (138195883, 143741946)]
13:34:31: [INFO] Routing pad 'D54:1' at (138195883, 143741946) with pad 'D55:1' at (156757633, 148027263) using coordinate system rotated by 283.0 degree(s)
13:34:31: [INFO] Adding track segment (B.Cu): [(138195883, 143741946), (156757632, 148027262)]
13:34:31: [INFO] Adding track segment (B.Cu): [(156757632, 148027262), (156757633, 148027263)]
13:34:31: [INFO] Routing pad 'D55:1' at (156757633, 148027263) with pad 'D56:1' at (175319382, 152312581) using coordinate system rotated by 283.0 degree(s)
13:34:31: [INFO] Adding track segment (B.Cu): [(156757633, 148027263), (175319381, 152312580)]
13:34:31: [INFO] Adding track segment (B.Cu): [(175319381, 152312580), (175319382, 152312581)]
13:34:31: [INFO] Routing pad 'D56:1' at (175319382, 152312581) with pad 'D57:1' at (193881132, 156597899) using coordinate system rotated by 283.0 degree(s)
13:34:31: [INFO] Adding track segment (B.Cu): [(175319382, 152312581), (193881131, 156597897)]
13:34:31: [INFO] Adding track segment (B.Cu): [(193881131, 156597897), (193881132, 156597899)]
13:34:31: [WARNING] Could not route pads when parent footprints not rotated the same, footprint1: D57 at 77.0 degree(s) and footprint2: D58 at 103.0 degree(s)
13:34:31: [INFO] Routing pad 'D58:1' at (259874157, 155703026) with pad 'D59:1' at (278435907, 151417708) using coordinate system rotated by 257.0 degree(s)
13:34:31: [INFO] Adding track segment (B.Cu): [(259874157, 155703026), (278435905, 151417708)]
13:34:31: [INFO] Adding track segment (B.Cu): [(278435905, 151417708), (278435907, 151417708)]
13:34:31: [INFO] Routing pad 'D59:1' at (278435907, 151417708) with pad 'D60:1' at (296997657, 147132391) using coordinate system rotated by 257.0 degree(s)
13:34:31: [INFO] Adding track segment (B.Cu): [(278435907, 151417708), (296997654, 147132390)]
13:34:31: [INFO] Adding track segment (B.Cu): [(296997654, 147132390), (296997657, 147132391)]
13:34:31: [INFO] Routing pad 'D60:1' at (296997657, 147132391) with pad 'D61:1' at (315559407, 142847073) using coordinate system rotated by 257.0 degree(s)
13:34:31: [INFO] Adding track segment (B.Cu): [(296997657, 147132391), (315559406, 142847072)]
13:34:31: [INFO] Adding track segment (B.Cu): [(315559406, 142847072), (315559407, 142847073)]
13:34:31: [INFO] Routing pad 'D61:1' at (315559407, 142847073) with pad 'D62:1' at (334121156, 138561755) using coordinate system rotated by 257.0 degree(s)
13:34:31: [INFO] Adding track segment (B.Cu): [(315559407, 142847073), (334121154, 138561755)]
13:34:31: [INFO] Adding track segment (B.Cu): [(334121154, 138561755), (334121156, 138561755)]
13:34:31: [INFO] Routing pad 'D62:1' at (334121156, 138561755) with pad 'D63:1' at (352682906, 134276438) using coordinate system rotated by 257.0 degree(s)
13:34:31: [INFO] Adding track segment (B.Cu): [(334121156, 138561755), (352682904, 134276437)]
13:34:31: [INFO] Adding track segment (B.Cu): [(352682904, 134276437), (352682906, 134276438)]
13:34:31: [INFO] Routing pad 'D63:1' at (352682906, 134276438) with pad 'D64:1' at (371244656, 129991120) using coordinate system rotated by 257.0 degree(s)
13:34:31: [INFO] Adding track segment (B.Cu): [(352682906, 134276438), (371244655, 129991120)]
13:34:31: [INFO] Adding track segment (B.Cu): [(371244655, 129991120), (371244656, 129991120)]
13:34:31: [INFO] Routing pad 'D64:1' at (371244656, 129991120) with pad 'D65:1' at (382845749, 127312797) using coordinate system rotated by 257.0 degree(s)
13:34:31: [INFO] Adding track segment (B.Cu): [(371244656, 129991120), (382845747, 127312796)]
13:34:31: [INFO] Adding track segment (B.Cu): [(382845747, 127312796), (382845749, 127312797)]
13:34:31: [INFO] Routing COL8 pads
13:34:31: [INFO] Routing pad 'SW88:1' at (248715657, 189232502) with pad 'SW88a:1' at (255676313, 187625508) using coordinate system rotated by 347.0 degree(s)
13:34:31: [INFO] Adding track segment (F.Cu): [(248715657, 189232502), (255676312, 187625507)]
13:34:31: [INFO] Adding track segment (F.Cu): [(255676312, 187625507), (255676313, 187625508)]
13:34:31: [INFO] Routing pad 'SW43:1' at (277623641, 123905288) with pad 'SW26:1' at (264057448, 107486197) using coordinate system rotated by 347.0 degree(s)
13:34:31: [INFO] Adding track segment (F.Cu): [(277623641, 123905288), (266200106, 116767071)]
13:34:31: [INFO] Adding track segment (F.Cu): [(266200106, 116767071), (264057448, 107486197)]
13:34:31: [INFO] Routing pad 'SW26:1' at (264057448, 107486197) with pad 'SW9:1' at (274048563, 66077380) using coordinate system rotated by 347.0 degree(s)
13:34:31: [INFO] Adding track segment (F.Cu): [(264057448, 107486197), (278333879, 84639129)]
13:34:31: [INFO] Adding track segment (F.Cu): [(278333879, 84639129), (274048563, 66077380)]
13:34:31: [INFO] Routing pad 'SW60:1' at (286549396, 141395709) with pad 'SW43:1' at (277623641, 123905288) using coordinate system rotated by 347.0 degree(s)
13:34:31: [INFO] Adding track segment (F.Cu): [(286549396, 141395709), (280837628, 137826600)]
13:34:31: [INFO] Adding track segment (F.Cu): [(280837628, 137826600), (277623641, 123905288)]
13:34:31: [INFO] Routing pad 'SW88a:1' at (255676313, 187625508) with pad 'SW74:1' at (281553839, 162100117) using coordinate system rotated by 347.0 degree(s)
13:34:31: [INFO] Routing pad 'SW74:1' at (281553839, 162100117) with pad 'SW60:1' at (286549396, 141395709) using coordinate system rotated by 347.0 degree(s)
13:34:31: [INFO] Adding track segment (F.Cu): [(281553839, 162100117), (288692054, 150676584)]
13:34:31: [INFO] Adding track segment (F.Cu): [(288692054, 150676584), (286549396, 141395709)]
13:34:31: [INFO] Routing COL14 pads
13:34:31: [INFO] Routing pad 'SW15:1' at (415290000, 54610000) with pad 'SW32:1' at (415290000, 87947500) using coordinate system rotated by 0 degree(s)
13:34:31: [INFO] Adding track segment (F.Cu): [(415290000, 54610000), (415290000, 87947500)]
13:34:31: [INFO] Routing pad 'SW32:1' at (415290000, 87947500) with pad 'SW49:1' at (415290000, 106997500) using coordinate system rotated by 0 degree(s)
13:34:31: [INFO] Adding track segment (F.Cu): [(415290000, 87947500), (415290000, 106997500)]
13:34:32: [INFO] Routing pad 'SW49:1' at (415290000, 106997500) with pad 'SW94:1' at (415290000, 164147500) using coordinate system rotated by 0 degree(s)
13:34:32: [INFO] Adding track segment (F.Cu): [(415290000, 106997500), (415290000, 164147500)]
13:34:32: [INFO] Routing ROW2 pads
13:34:32: [INFO] Routing pad 'D35:1' at (96076826, 114466902) with pad 'D36:1' at (119279013, 119823549) using coordinate system rotated by 283.0 degree(s)
13:34:32: [INFO] Adding track segment (B.Cu): [(96076826, 114466902), (119279012, 119823548)]
13:34:32: [INFO] Adding track segment (B.Cu): [(119279012, 119823548), (119279013, 119823549)]
13:34:32: [INFO] Routing pad 'D36:1' at (119279013, 119823549) with pad 'D37:1' at (137840763, 124108867) using coordinate system rotated by 283.0 degree(s)
13:34:32: [INFO] Adding track segment (B.Cu): [(119279013, 119823549), (137840762, 124108866)]
13:34:32: [INFO] Adding track segment (B.Cu): [(137840762, 124108866), (137840763, 124108867)]
13:34:32: [INFO] Routing pad 'D37:1' at (137840763, 124108867) with pad 'D38:1' at (156402513, 128394184) using coordinate system rotated by 283.0 degree(s)
13:34:32: [INFO] Adding track segment (B.Cu): [(137840763, 124108867), (156402512, 128394183)]
13:34:32: [INFO] Adding track segment (B.Cu): [(156402512, 128394183), (156402513, 128394184)]
13:34:32: [INFO] Routing pad 'D38:1' at (156402513, 128394184) with pad 'D39:1' at (174964263, 132679502) using coordinate system rotated by 283.0 degree(s)
13:34:32: [INFO] Adding track segment (B.Cu): [(156402513, 128394184), (174964262, 132679501)]
13:34:32: [INFO] Adding track segment (B.Cu): [(174964262, 132679501), (174964263, 132679502)]
13:34:32: [INFO] Routing pad 'D39:1' at (174964263, 132679502) with pad 'D40:1' at (193526012, 136964820) using coordinate system rotated by 283.0 degree(s)
13:34:32: [INFO] Adding track segment (B.Cu): [(174964263, 132679502), (193526010, 136964818)]
13:34:32: [INFO] Adding track segment (B.Cu): [(193526010, 136964818), (193526012, 136964820)]
13:34:32: [WARNING] Could not route pads when parent footprints not rotated the same, footprint1: D40 at 77.0 degree(s) and footprint2: D41 at 103.0 degree(s)
13:34:32: [INFO] Routing pad 'D41:1' at (250948402, 138212605) with pad 'D42:1' at (269510152, 133927288) using coordinate system rotated by 257.0 degree(s)
13:34:32: [INFO] Adding track segment (B.Cu): [(250948402, 138212605), (269510150, 133927287)]
13:34:32: [INFO] Adding track segment (B.Cu): [(269510150, 133927287), (269510152, 133927288)]
13:34:32: [INFO] Routing pad 'D42:1' at (269510152, 133927288) with pad 'D43:1' at (288071902, 129641970) using coordinate system rotated by 257.0 degree(s)
13:34:32: [INFO] Adding track segment (B.Cu): [(269510152, 133927288), (288071900, 129641970)]
13:34:32: [INFO] Adding track segment (B.Cu): [(288071900, 129641970), (288071902, 129641970)]
13:34:32: [INFO] Routing pad 'D43:1' at (288071902, 129641970) with pad 'D44:1' at (306633652, 125356653) using coordinate system rotated by 257.0 degree(s)
13:34:32: [INFO] Adding track segment (B.Cu): [(288071902, 129641970), (306633650, 125356651)]
13:34:32: [INFO] Adding track segment (B.Cu): [(306633650, 125356651), (306633652, 125356653)]
13:34:32: [INFO] Routing pad 'D44:1' at (306633652, 125356653) with pad 'D45:1' at (325195401, 121071335) using coordinate system rotated by 257.0 degree(s)
13:34:32: [INFO] Adding track segment (B.Cu): [(306633652, 125356653), (325195399, 121071335)]
13:34:32: [INFO] Adding track segment (B.Cu): [(325195399, 121071335), (325195401, 121071335)]
13:34:32: [INFO] Routing pad 'D45:1' at (325195401, 121071335) with pad 'D46:1' at (343757151, 116786018) using coordinate system rotated by 257.0 degree(s)
13:34:32: [INFO] Adding track segment (B.Cu): [(325195401, 121071335), (343757149, 116786016)]
13:34:32: [INFO] Adding track segment (B.Cu): [(343757149, 116786016), (343757151, 116786018)]
13:34:32: [INFO] Routing pad 'D46:1' at (343757151, 116786018) with pad 'D47:1' at (362318901, 112500700) using coordinate system rotated by 257.0 degree(s)
13:34:32: [INFO] Adding track segment (B.Cu): [(343757151, 116786018), (362318900, 112500700)]
13:34:32: [INFO] Adding track segment (B.Cu): [(362318900, 112500700), (362318901, 112500700)]
13:34:32: [INFO] Routing pad 'D47:1' at (362318901, 112500700) with pad 'D48:1' at (385521088, 107144053) using coordinate system rotated by 257.0 degree(s)
13:34:32: [WARNING] Could not route pads when parent footprints not rotated the same, footprint1: D48 at 103.0 degree(s) and footprint2: D49 at 90.0 degree(s)
13:34:32: [INFO] Routing pad 'D49:1' at (424180000, 114937500) with pad 'D50:1' at (443230000, 114937500) using coordinate system rotated by 0 degree(s)
13:34:32: [INFO] Adding track segment (B.Cu): [(424180000, 114937500), (443230000, 114937500)]
13:34:32: [INFO] Routing pad 'D50:1' at (443230000, 114937500) with pad 'D51:1' at (462280000, 114937500) using coordinate system rotated by 0 degree(s)
13:34:32: [INFO] Adding track segment (B.Cu): [(443230000, 114937500), (462280000, 114937500)]
13:34:32: [INFO] Routing COL6 pads
13:34:32: [INFO] Routing pad 'SW86a:1' at (185395115, 185592080) with pad 'SW86:1' at (187715334, 186127745) using coordinate system rotated by 13.0 degree(s)
13:34:32: [INFO] Adding track segment (F.Cu): [(185395115, 185592080), (187715333, 186127744)]
13:34:32: [INFO] Adding track segment (F.Cu): [(187715333, 186127744), (187715334, 186127745)]
13:34:32: [INFO] Routing pad 'SW86:1' at (187715334, 186127745) with pad 'SW72:1' at (192000651, 167565995) using coordinate system rotated by 13.0 degree(s)
13:34:32: [INFO] Adding track segment (F.Cu): [(187715334, 186127745), (192000651, 167565994)]
13:34:32: [INFO] Adding track segment (F.Cu): [(192000651, 167565994), (192000651, 167565995)]
13:34:32: [INFO] Routing pad 'SW72:1' at (192000651, 167565995) with pad 'SW24:1' at (200216167, 110809417) using coordinate system rotated by 13.0 degree(s)
13:34:32: [WARNING] Could not route pads when parent footprints not rotated the same, footprint1: SW24 at -13.0 degree(s) and footprint2: SW7 at 13.0 degree(s)
13:34:32: [WARNING] Could not route pads when parent footprints not rotated the same, footprint1: SW24 at -13.0 degree(s) and footprint2: SW41 at 13.0 degree(s)
13:34:32: [INFO] Routing pad 'SW41:1' at (240500141, 132475923) with pad 'SW58:1' at (249425896, 149966344) using coordinate system rotated by 347.0 degree(s)
13:34:32: [INFO] Adding track segment (F.Cu): [(240500141, 132475923), (243714128, 146397235)]
13:34:32: [INFO] Adding track segment (F.Cu): [(243714128, 146397235), (249425896, 149966344)]
13:34:32: [INFO] Routing COL16 pads
13:34:32: [INFO] Routing pad 'SW17:1' at (453390000, 54610000) with pad 'SW34:1' at (453390000, 87947500) using coordinate system rotated by 0 degree(s)
13:34:32: [INFO] Adding track segment (F.Cu): [(453390000, 54610000), (453390000, 87947500)]
13:34:32: [INFO] Routing pad 'SW34:1' at (453390000, 87947500) with pad 'SW51:1' at (453390000, 106997500) using coordinate system rotated by 0 degree(s)
13:34:32: [INFO] Adding track segment (F.Cu): [(453390000, 87947500), (453390000, 106997500)]
13:34:32: [INFO] Routing pad 'SW51:1' at (453390000, 106997500) with pad 'SW96:1' at (453390000, 164147500) using coordinate system rotated by 0 degree(s)
13:34:32: [INFO] Adding track segment (F.Cu): [(453390000, 106997500), (453390000, 164147500)]
13:34:32: [INFO] Routing COL15 pads
13:34:32: [INFO] Routing pad 'SW16:1' at (434340000, 54610000) with pad 'SW33:1' at (434340000, 87947500) using coordinate system rotated by 0 degree(s)
13:34:32: [INFO] Adding track segment (F.Cu): [(434340000, 54610000), (434340000, 87947500)]
13:34:32: [INFO] Routing pad 'SW33:1' at (434340000, 87947500) with pad 'SW50:1' at (434340000, 106997500) using coordinate system rotated by 0 degree(s)
13:34:32: [INFO] Adding track segment (F.Cu): [(434340000, 87947500), (434340000, 106997500)]
13:34:32: [INFO] Routing pad 'SW50:1' at (434340000, 106997500) with pad 'SW80:1' at (434340000, 145097500) using coordinate system rotated by 0 degree(s)
13:34:32: [INFO] Adding track segment (F.Cu): [(434340000, 106997500), (434340000, 145097500)]
13:34:32: [INFO] Routing pad 'SW80:1' at (434340000, 145097500) with pad 'SW95:1' at (434340000, 164147500) using coordinate system rotated by 0 degree(s)
13:34:32: [INFO] Adding track segment (F.Cu): [(434340000, 145097500), (434340000, 164147500)]
13:34:32: [INFO] Routing COL5 pads
13:34:32: [INFO] Routing pad 'SW85b:1' at (164513147, 180771098) with pad 'SW85a:1' at (166833365, 181306763) using coordinate system rotated by 13.0 degree(s)
13:34:32: [INFO] Adding track segment (F.Cu): [(164513147, 180771098), (166833364, 181306761)]
13:34:32: [INFO] Adding track segment (F.Cu): [(166833364, 181306761), (166833365, 181306763)]
13:34:32: [INFO] Routing pad 'SW85a:1' at (166833365, 181306763) with pad 'SW71:1' at (173438902, 163280678) using coordinate system rotated by 13.0 degree(s)
13:34:32: [INFO] Routing pad 'SW85a:1' at (166833365, 181306763) with pad 'SW85:1' at (176114240, 183449421) using coordinate system rotated by 13.0 degree(s)
13:34:32: [INFO] Adding track segment (F.Cu): [(166833365, 181306763), (176114238, 183449421)]
13:34:32: [INFO] Adding track segment (F.Cu): [(176114238, 183449421), (176114240, 183449421)]
13:34:32: [INFO] Routing pad 'SW40:1' at (186649974, 127228508) with pad 'SW23:1' at (181654417, 106524099) using coordinate system rotated by 13.0 degree(s)
13:34:32: [INFO] Adding track segment (F.Cu): [(186649974, 127228508), (179511757, 115804974)]
13:34:32: [INFO] Adding track segment (F.Cu): [(179511757, 115804974), (181654417, 106524099)]
13:34:32: [INFO] Routing pad 'SW57:1' at (187005094, 146861587) with pad 'SW40:1' at (186649974, 127228508) using coordinate system rotated by 13.0 degree(s)
13:34:32: [INFO] Adding track segment (F.Cu): [(187005094, 146861587), (183435985, 141149819)]
13:34:32: [INFO] Adding track segment (F.Cu): [(183435985, 141149819), (186649974, 127228508)]
13:34:32: [INFO] Routing pad 'SW71:1' at (173438902, 163280678) with pad 'SW57:1' at (187005094, 146861587) using coordinate system rotated by 13.0 degree(s)
13:34:32: [INFO] Adding track segment (F.Cu): [(173438902, 163280678), (184862435, 156142460)]
13:34:32: [INFO] Adding track segment (F.Cu): [(184862435, 156142460), (187005094, 146861587)]
13:34:33: [INFO] Routing pad 'SW23:1' at (181654417, 106524099) with pad 'SW6:1' at (208786802, 73685917) using coordinate system rotated by 13.0 degree(s)
13:34:33: [INFO] Adding track segment (F.Cu): [(181654417, 106524099), (204501484, 92247666)]
13:34:33: [INFO] Adding track segment (F.Cu): [(204501484, 92247666), (208786802, 73685917)]
13:34:33: [INFO] Removing dangling tracks
