=== kbplacer.kle_serial ===
=== layout2image.py ===
=== kbplacer ===
13:38:34: [INFO] User layout: https://editor.keyboard-tools.xyz/#share=NrDeCIA9wLgAgIwFYB0B2JBfANHcDs0AdAO1NIIXF32wDZyyTLwBdbAKDCljgCZ0SGgE9eABhRC8AY17gAxGiXLwOPAA5sY6nAjR4CFGJqz4C6RcuqaATi07wmqrezON2Pjr3jJJufIBDIODrPDtPGk0AZgc7GMjsABYvHngJKXBTPHlLKzVwO2SEpFjsEoS6FP04CT4sF0qE9VLm9i5veAEMER86-ONtGgJBvGM3WnHjCLwCafBjeJnsRfmkhwIi0bL17ZpjRt1M-2CQmgB3Xj58ggYmCntcDpqUOr8zHNzZfuxmoZ+HRL-NrcapdDJZBQnIIOC4GST5PgPQ4Qj65ULgKJI8CI8aY8aIuaYuaIlaYlaIzYYtY0RHlPCYunY+gpWGIeE0TG3RiIkZPWr1PCI370-40ITCp4CV4yfzKFTnXiGaXgAAWl3OnjhGRVmsQNEguoAtPz8kIuUwcWxOCDLoI3tkoQEYYrBPlAbyju9Pl8aIDxkJxoC5kI5oCVkIVoDKUJKYDGUJGYCDhAUXKlM7Oi8BeAzYxSDyqrxEr4ZV7PujOXmSJbgSnjlCM2y+jQ0Foq3iUijvei7MQ7iQO49Us9wfWTo2pdnW2J20i62W0fk6K4HK3xsu5q25suVq2VsvKa3KcvGa26fOHQ2FZmMEv6FX3YW4cqu+W7xLh4ZuqXL+Pr2zbxoZdzVIP1O38bt8lbECSDA2thzBe1ISvPBWUMbNlxnfsBnAhcrBoAATXgABcACcAFcAFN8irHChxRR1G3Q-JND7Rg6ORCDy3-NBvjYpgOIvZC-1Ql1s0xfjSEEz1sm7QiSIo6iaFoucZOE05RK1U1CBUj1qn5JDUTyIDCFXUyWyBa1JTtPBRDSEs1MCFDwDQ9k8EwlT-TbbCVyHVzs1YzzcNk7jNLgXi9h0ny3CEpyRJcsT8gkoLfSi9jfMOfztMkkgxitdoEJshLnww7z0umCBXObPAhCw8qWRdarHDSgSPGC8xQuKuA6CzPiVIqxzGP-JVs0RHKpgakqkpaqS2r8xrs0Bca5syhbsv6thWCAA
13:38:34: [INFO] Labels prefixes: for rows: 'ROW', for columns: 'COL'
13:38:34: [INFO] Matrix size: 9x8
13:38:34: [WARNING] No stabilizer footprint for width 2.25u, using 2u as fallback
13:38:34: [WARNING] No stabilizer footprint for width 2.75u, using 2u as fallback
13:38:34: [WARNING] No stabilizer footprint for width 2.25u, using 2u as fallback
13:38:35: [INFO] Add COL0 net
13:38:35: [INFO] Add COL1 net
13:38:35: [INFO] Add COL2 net
13:38:35: [INFO] Add COL3 net
13:38:35: [INFO] Add COL4 net
13:38:35: [INFO] Add COL5 net
13:38:35: [INFO] Add COL6 net
13:38:35: [INFO] Add COL7 net
13:38:35: [INFO] Add COL8 net
13:38:35: [INFO] Add Net-(D1-A) net
13:38:35: [INFO] Add Net-(D10-A) net
13:38:35: [INFO] Add Net-(D11-A) net
13:38:35: [INFO] Add Net-(D12-A) net
13:38:35: [INFO] Add Net-(D13-A) net
13:38:35: [INFO] Add Net-(D14-A) net
13:38:35: [INFO] Add Net-(D15-A) net
13:38:35: [INFO] Add Net-(D16-A) net
13:38:35: [INFO] Add Net-(D17-A) net
13:38:35: [INFO] Add Net-(D18-A) net
13:38:35: [INFO] Add Net-(D19-A) net
13:38:35: [INFO] Add Net-(D2-A) net
13:38:35: [INFO] Add Net-(D20-A) net
13:38:35: [INFO] Add Net-(D21-A) net
13:38:35: [INFO] Add Net-(D22-A) net
13:38:35: [INFO] Add Net-(D23-A) net
13:38:35: [INFO] Add Net-(D24-A) net
13:38:35: [INFO] Add Net-(D25-A) net
13:38:35: [INFO] Add Net-(D26-A) net
13:38:35: [INFO] Add Net-(D27-A) net
13:38:35: [INFO] Add Net-(D28-A) net
13:38:35: [INFO] Add Net-(D29-A) net
13:38:35: [INFO] Add Net-(D3-A) net
13:38:35: [INFO] Add Net-(D30-A) net
13:38:35: [INFO] Add Net-(D31-A) net
13:38:35: [INFO] Add Net-(D32-A) net
13:38:35: [INFO] Add Net-(D33-A) net
13:38:35: [INFO] Add Net-(D34-A) net
13:38:35: [INFO] Add Net-(D35-A) net
13:38:35: [INFO] Add Net-(D36-A) net
13:38:35: [INFO] Add Net-(D37-A) net
13:38:35: [INFO] Add Net-(D38-A) net
13:38:35: [INFO] Add Net-(D39-A) net
13:38:35: [INFO] Add Net-(D4-A) net
13:38:35: [INFO] Add Net-(D40-A) net
13:38:35: [INFO] Add Net-(D41-A) net
13:38:35: [INFO] Add Net-(D42-A) net
13:38:35: [INFO] Add Net-(D43-A) net
13:38:35: [INFO] Add Net-(D44-A) net
13:38:35: [INFO] Add Net-(D45-A) net
13:38:35: [INFO] Add Net-(D46-A) net
13:38:35: [INFO] Add Net-(D47-A) net
13:38:35: [INFO] Add Net-(D48-A) net
13:38:35: [INFO] Add Net-(D49-A) net
13:38:35: [INFO] Add Net-(D5-A) net
13:38:35: [INFO] Add Net-(D50-A) net
13:38:35: [INFO] Add Net-(D51-A) net
13:38:35: [INFO] Add Net-(D52-A) net
13:38:35: [INFO] Add Net-(D53-A) net
13:38:35: [INFO] Add Net-(D54-A) net
13:38:35: [INFO] Add Net-(D55-A) net
13:38:35: [INFO] Add Net-(D56-A) net
13:38:35: [INFO] Add Net-(D57-A) net
13:38:35: [INFO] Add Net-(D58-A) net
13:38:35: [INFO] Add Net-(D59-A) net
13:38:35: [INFO] Add Net-(D6-A) net
13:38:35: [INFO] Add Net-(D60-A) net
13:38:35: [INFO] Add Net-(D61-A) net
13:38:35: [INFO] Add Net-(D62-A) net
13:38:35: [INFO] Add Net-(D63-A) net
13:38:35: [INFO] Add Net-(D64-A) net
13:38:35: [INFO] Add Net-(D65-A) net
13:38:35: [INFO] Add Net-(D66-A) net
13:38:35: [INFO] Add Net-(D67-A) net
13:38:35: [INFO] Add Net-(D68-A) net
13:38:35: [INFO] Add Net-(D69-A) net
13:38:35: [INFO] Add Net-(D7-A) net
13:38:35: [INFO] Add Net-(D70-A) net
13:38:35: [INFO] Add Net-(D71-A) net
13:38:35: [INFO] Add Net-(D72-A) net
13:38:35: [INFO] Add Net-(D73-A) net
13:38:35: [INFO] Add Net-(D74-A) net
13:38:35: [INFO] Add Net-(D75-A) net
13:38:35: [INFO] Add Net-(D76-A) net
13:38:35: [INFO] Add Net-(D77-A) net
13:38:35: [INFO] Add Net-(D78-A) net
13:38:35: [INFO] Add Net-(D79-A) net
13:38:35: [INFO] Add Net-(D8-A) net
13:38:35: [INFO] Add Net-(D80-A) net
13:38:35: [INFO] Add Net-(D81-A) net
13:38:35: [INFO] Add Net-(D82-A) net
13:38:35: [INFO] Add Net-(D83-A) net
13:38:35: [INFO] Add Net-(D84-A) net
13:38:35: [INFO] Add Net-(D85-A) net
13:38:35: [INFO] Add Net-(D86-A) net
13:38:35: [INFO] Add Net-(D87-A) net
13:38:35: [INFO] Add Net-(D88-A) net
13:38:35: [INFO] Add Net-(D89-A) net
13:38:35: [INFO] Add Net-(D9-A) net
13:38:35: [INFO] Add Net-(D90-A) net
13:38:35: [INFO] Add ROW0 net
13:38:35: [INFO] Add ROW1 net
13:38:35: [INFO] Add ROW2 net
13:38:35: [INFO] Add ROW3 net
13:38:35: [INFO] Add ROW4 net
13:38:35: [INFO] Add ROW5 net
13:38:35: [INFO] Add ROW6 net
13:38:35: [INFO] Add ROW7 net
13:38:35: [INFO] Add ROW8 net
13:38:35: [INFO] Add ROW9 net
13:38:35: [INFO] Add SW1 footprint
13:38:35: [INFO] Add D1 footprint
13:38:35: [INFO] Add SW2 footprint
13:38:35: [INFO] Add D2 footprint
13:38:35: [INFO] Add SW3 footprint
13:38:35: [INFO] Add D3 footprint
13:38:35: [INFO] Add SW4 footprint
13:38:35: [INFO] Add D4 footprint
13:38:35: [INFO] Add SW5 footprint
13:38:35: [INFO] Add D5 footprint
13:38:35: [INFO] Add SW6 footprint
13:38:35: [INFO] Add D6 footprint
13:38:35: [INFO] Add SW7 footprint
13:38:35: [INFO] Add D7 footprint
13:38:35: [INFO] Add SW8 footprint
13:38:35: [INFO] Add D8 footprint
13:38:35: [INFO] Add ST8 footprint
13:38:35: [INFO] Add SW8a footprint
13:38:35: [INFO] Add ST8a footprint
13:38:35: [INFO] Add SW9 footprint
13:38:35: [INFO] Add D9 footprint
13:38:35: [INFO] Add SW10 footprint
13:38:35: [INFO] Add D10 footprint
13:38:35: [INFO] Add SW11 footprint
13:38:35: [INFO] Add D11 footprint
13:38:35: [INFO] Add SW12 footprint
13:38:35: [INFO] Add D12 footprint
13:38:35: [INFO] Add SW13 footprint
13:38:35: [INFO] Add D13 footprint
13:38:35: [INFO] Add SW14 footprint
13:38:35: [INFO] Add D14 footprint
13:38:35: [INFO] Add SW15 footprint
13:38:35: [INFO] Add D15 footprint
13:38:36: [INFO] Add SW16 footprint
13:38:36: [INFO] Add D16 footprint
13:38:36: [INFO] Add ST16 footprint
13:38:36: [INFO] Add SW16a footprint
13:38:36: [INFO] Add SW17 footprint
13:38:36: [INFO] Add D17 footprint
13:38:36: [INFO] Add SW18 footprint
13:38:36: [INFO] Add D18 footprint
13:38:36: [INFO] Add SW19 footprint
13:38:36: [INFO] Add D19 footprint
13:38:36: [INFO] Add SW20 footprint
13:38:36: [INFO] Add D20 footprint
13:38:36: [INFO] Add SW21 footprint
13:38:36: [INFO] Add D21 footprint
13:38:36: [INFO] Add SW22 footprint
13:38:36: [INFO] Add D22 footprint
13:38:36: [INFO] Add SW23 footprint
13:38:36: [INFO] Add D23 footprint
13:38:36: [INFO] Add SW24 footprint
13:38:36: [INFO] Add D24 footprint
13:38:36: [INFO] Add SW25 footprint
13:38:36: [INFO] Add D25 footprint
13:38:36: [INFO] Add SW26 footprint
13:38:36: [INFO] Add D26 footprint
13:38:36: [INFO] Add SW27 footprint
13:38:36: [INFO] Add D27 footprint
13:38:36: [INFO] Add SW28 footprint
13:38:36: [INFO] Add D28 footprint
13:38:36: [INFO] Add SW29 footprint
13:38:36: [INFO] Add D29 footprint
13:38:36: [INFO] Add SW30 footprint
13:38:36: [INFO] Add D30 footprint
13:38:37: [INFO] Add SW31 footprint
13:38:37: [INFO] Add D31 footprint
13:38:37: [INFO] Add SW32 footprint
13:38:37: [INFO] Add D32 footprint
13:38:37: [INFO] Add SW33 footprint
13:38:37: [INFO] Add D33 footprint
13:38:37: [INFO] Add SW34 footprint
13:38:37: [INFO] Add D34 footprint
13:38:37: [INFO] Add SW34a footprint
13:38:37: [INFO] Add SW35 footprint
13:38:37: [INFO] Add D35 footprint
13:38:37: [INFO] Add SW35a footprint
13:38:37: [INFO] Add SW36 footprint
13:38:37: [INFO] Add D36 footprint
13:38:37: [INFO] Add SW37 footprint
13:38:37: [INFO] Add D37 footprint
13:38:37: [INFO] Add SW38 footprint
13:38:37: [INFO] Add D38 footprint
13:38:37: [INFO] Add SW39 footprint
13:38:37: [INFO] Add D39 footprint
13:38:37: [INFO] Add SW40 footprint
13:38:37: [INFO] Add D40 footprint
13:38:37: [INFO] Add SW41 footprint
13:38:37: [INFO] Add D41 footprint
13:38:37: [INFO] Add SW42 footprint
13:38:37: [INFO] Add D42 footprint
13:38:37: [INFO] Add SW43 footprint
13:38:37: [INFO] Add D43 footprint
13:38:37: [INFO] Add SW44 footprint
13:38:37: [INFO] Add D44 footprint
13:38:37: [INFO] Add SW44a footprint
13:38:37: [INFO] Add SW45 footprint
13:38:37: [INFO] Add D45 footprint
13:38:37: [INFO] Add SW46 footprint
13:38:38: [INFO] Add D46 footprint
13:38:38: [INFO] Add SW46a footprint
13:38:38: [INFO] Add SW47 footprint
13:38:38: [INFO] Add D47 footprint
13:38:38: [INFO] Add SW48 footprint
13:38:38: [INFO] Add D48 footprint
13:38:38: [INFO] Add SW49 footprint
13:38:38: [INFO] Add D49 footprint
13:38:38: [INFO] Add SW50 footprint
13:38:38: [INFO] Add D50 footprint
13:38:38: [INFO] Add SW51 footprint
13:38:38: [INFO] Add D51 footprint
13:38:38: [INFO] Add SW52 footprint
13:38:38: [INFO] Add D52 footprint
13:38:38: [WARNING] No stabilizer footprint for width 2.25u, using 2u as fallback
13:38:38: [INFO] Add ST52 footprint
13:38:38: [INFO] Add SW52a footprint
13:38:38: [INFO] Add ST52a footprint
13:38:38: [INFO] Add SW53 footprint
13:38:38: [INFO] Add D53 footprint
13:38:38: [INFO] Add SW53a footprint
13:38:38: [INFO] Add SW54 footprint
13:38:38: [INFO] Add D54 footprint
13:38:38: [INFO] Add SW55 footprint
13:38:38: [INFO] Add D55 footprint
13:38:38: [INFO] Add SW55a footprint
13:38:38: [INFO] Add SW56 footprint
13:38:38: [INFO] Add D56 footprint
13:38:38: [INFO] Add SW57 footprint
13:38:38: [INFO] Add D57 footprint
13:38:38: [INFO] Add SW58 footprint
13:38:38: [INFO] Add D58 footprint
13:38:38: [INFO] Add SW59 footprint
13:38:38: [INFO] Add D59 footprint
13:38:38: [INFO] Add SW60 footprint
13:38:39: [INFO] Add D60 footprint
13:38:39: [INFO] Add SW61 footprint
13:38:39: [INFO] Add D61 footprint
13:38:39: [WARNING] No stabilizer footprint for width 2.75u, using 2u as fallback
13:38:39: [INFO] Add ST61 footprint
13:38:39: [INFO] Add SW61a footprint
13:38:39: [INFO] Add SW62 footprint
13:38:39: [INFO] Add D62 footprint
13:38:39: [INFO] Add SW63 footprint
13:38:39: [INFO] Add D63 footprint
13:38:39: [INFO] Add SW64 footprint
13:38:39: [INFO] Add D64 footprint
13:38:39: [WARNING] No stabilizer footprint for width 2.25u, using 2u as fallback
13:38:39: [INFO] Add ST64 footprint
13:38:39: [INFO] Add SW64a footprint
13:38:39: [INFO] Add SW65 footprint
13:38:39: [INFO] Add D65 footprint
13:38:39: [INFO] Add SW66 footprint
13:38:39: [INFO] Add D66 footprint
13:38:39: [INFO] Add SW67 footprint
13:38:39: [INFO] Add D67 footprint
13:38:39: [INFO] Add SW68 footprint
13:38:39: [INFO] Add D68 footprint
13:38:39: [INFO] Add SW69 footprint
13:38:39: [INFO] Add D69 footprint
13:38:39: [INFO] Add SW70 footprint
13:38:39: [INFO] Add D70 footprint
13:38:39: [INFO] Add SW71 footprint
13:38:39: [INFO] Add D71 footprint
13:38:39: [INFO] Add SW72 footprint
13:38:39: [INFO] Add D72 footprint
13:38:39: [INFO] Add SW73 footprint
13:38:39: [INFO] Add D73 footprint
13:38:39: [INFO] Add SW74 footprint
13:38:39: [INFO] Add D74 footprint
13:38:39: [INFO] Add SW75 footprint
13:38:40: [INFO] Add D75 footprint
13:38:40: [INFO] Add SW76 footprint
13:38:40: [INFO] Add D76 footprint
13:38:40: [INFO] Add SW77 footprint
13:38:40: [INFO] Add D77 footprint
13:38:40: [INFO] Add SW78 footprint
13:38:40: [INFO] Add D78 footprint
13:38:40: [INFO] Add SW79 footprint
13:38:40: [INFO] Add D79 footprint
13:38:40: [INFO] Add SW80 footprint
13:38:40: [INFO] Add D80 footprint
13:38:40: [INFO] Add SW80a footprint
13:38:40: [INFO] Add SW81 footprint
13:38:40: [INFO] Add D81 footprint
13:38:40: [INFO] Add SW82 footprint
13:38:40: [INFO] Add D82 footprint
13:38:40: [INFO] Add SW83 footprint
13:38:40: [INFO] Add D83 footprint
13:38:40: [INFO] Add SW84 footprint
13:38:40: [INFO] Add D84 footprint
13:38:40: [INFO] Add SW85 footprint
13:38:40: [INFO] Add D85 footprint
13:38:40: [INFO] Add SW86 footprint
13:38:40: [INFO] Add D86 footprint
13:38:40: [INFO] Add SW87 footprint
13:38:40: [INFO] Add D87 footprint
13:38:40: [INFO] Add SW88 footprint
13:38:40: [INFO] Add D88 footprint
13:38:40: [INFO] Add SW89 footprint
13:38:40: [INFO] Add D89 footprint
13:38:40: [INFO] Add SW90 footprint
13:38:41: [INFO] Add D90 footprint
13:38:41: [INFO] Detected layout convertible to matrix annotated keyboard
13:38:41: [INFO] Using key 1U distance: (19.05, 19.05) mm
13:38:41: [INFO] Layout offset: (33337500, 38100000)
13:38:41: [INFO] Diode info: [ElementInfo(annotation_format='D{}', position_option=<PositionOption.CUSTOM: 'Custom'>, position=ElementPosition(x=5.08, y=4.0, orientation=90.0, side=<Side.BACK: 'Back'>), template_path='', start_index=-1)]
13:38:41: [INFO] Placing additional elements for SW90
13:38:41: [INFO] Placing additional elements for SW89
13:38:41: [INFO] Placing additional elements for SW88
13:38:41: [INFO] Placing additional elements for SW87
13:38:41: [INFO] Placing additional elements for SW86
13:38:41: [INFO] Placing additional elements for SW85
13:38:41: [INFO] Placing additional elements for SW84
13:38:41: [INFO] Placing additional elements for SW83
13:38:41: [INFO] Placing additional elements for SW82
13:38:41: [INFO] Placing additional elements for SW81
13:38:41: [INFO] Placing additional elements for SW80a
13:38:41: [INFO] Placing additional elements for SW80
13:38:41: [INFO] Placing additional elements for SW79
13:38:41: [INFO] Placing additional elements for SW78
13:38:41: [INFO] Placing additional elements for SW77
13:38:41: [INFO] Placing additional elements for SW76
13:38:41: [INFO] Placing additional elements for SW75
13:38:41: [INFO] Placing additional elements for SW74
13:38:41: [INFO] Placing additional elements for SW73
13:38:41: [INFO] Placing additional elements for SW72
13:38:41: [INFO] Placing additional elements for SW71
13:38:41: [INFO] Placing additional elements for SW70
13:38:41: [INFO] Placing additional elements for SW69
13:38:41: [INFO] Placing additional elements for SW68
13:38:41: [INFO] Placing additional elements for SW67
13:38:41: [INFO] Placing additional elements for SW66
13:38:41: [INFO] Placing additional elements for SW65
13:38:41: [INFO] Placing additional elements for SW64a
13:38:41: [INFO] Placing additional elements for SW64
13:38:41: [INFO] Placing additional elements for SW63
13:38:41: [INFO] Placing additional elements for SW62
13:38:41: [INFO] Placing additional elements for SW61a
13:38:41: [INFO] Placing additional elements for SW61
13:38:41: [INFO] Placing additional elements for SW60
13:38:41: [INFO] Placing additional elements for SW59
13:38:41: [INFO] Placing additional elements for SW58
13:38:41: [INFO] Placing additional elements for SW57
13:38:41: [INFO] Placing additional elements for SW56
13:38:41: [INFO] Placing additional elements for SW55a
13:38:41: [INFO] Placing additional elements for SW55
13:38:41: [INFO] Placing additional elements for SW54
13:38:41: [INFO] Placing additional elements for SW53a
13:38:41: [INFO] Placing additional elements for SW53
13:38:41: [INFO] Placing additional elements for SW52a
13:38:41: [INFO] Placing additional elements for SW52
13:38:41: [INFO] Placing additional elements for SW51
13:38:41: [INFO] Placing additional elements for SW50
13:38:41: [INFO] Placing additional elements for SW49
13:38:41: [INFO] Placing additional elements for SW48
13:38:41: [INFO] Placing additional elements for SW47
13:38:41: [INFO] Placing additional elements for SW46a
13:38:41: [INFO] Placing additional elements for SW46
13:38:41: [INFO] Placing additional elements for SW45
13:38:41: [INFO] Placing additional elements for SW44a
13:38:41: [INFO] Placing additional elements for SW44
13:38:41: [INFO] Placing additional elements for SW43
13:38:41: [INFO] Placing additional elements for SW42
13:38:41: [INFO] Placing additional elements for SW41
13:38:41: [INFO] Placing additional elements for SW40
13:38:41: [INFO] Placing additional elements for SW39
13:38:41: [INFO] Placing additional elements for SW38
13:38:41: [INFO] Placing additional elements for SW37
13:38:41: [INFO] Placing additional elements for SW36
13:38:41: [INFO] Placing additional elements for SW35a
13:38:41: [INFO] Placing additional elements for SW35
13:38:41: [INFO] Placing additional elements for SW34a
13:38:41: [INFO] Placing additional elements for SW34
13:38:41: [INFO] Placing additional elements for SW33
13:38:41: [INFO] Placing additional elements for SW32
13:38:41: [INFO] Placing additional elements for SW31
13:38:41: [INFO] Placing additional elements for SW30
13:38:41: [INFO] Placing additional elements for SW29
13:38:41: [INFO] Placing additional elements for SW28
13:38:41: [INFO] Placing additional elements for SW27
13:38:41: [INFO] Placing additional elements for SW26
13:38:41: [INFO] Placing additional elements for SW25
13:38:41: [INFO] Placing additional elements for SW24
13:38:41: [INFO] Placing additional elements for SW23
13:38:41: [INFO] Placing additional elements for SW22
13:38:41: [INFO] Placing additional elements for SW21
13:38:41: [INFO] Placing additional elements for SW20
13:38:41: [INFO] Placing additional elements for SW19
13:38:41: [INFO] Placing additional elements for SW18
13:38:41: [INFO] Placing additional elements for SW17
13:38:41: [INFO] Placing additional elements for SW16a
13:38:41: [INFO] Placing additional elements for SW16
13:38:41: [INFO] Placing additional elements for SW15
13:38:41: [INFO] Placing additional elements for SW14
13:38:41: [INFO] Placing additional elements for SW13
13:38:41: [INFO] Placing additional elements for SW12
13:38:41: [INFO] Placing additional elements for SW11
13:38:41: [INFO] Placing additional elements for SW10
13:38:41: [INFO] Placing additional elements for SW9
13:38:41: [INFO] Placing additional elements for SW8a
13:38:41: [INFO] Placing additional elements for SW8
13:38:41: [INFO] Placing additional elements for SW7
13:38:41: [INFO] Placing additional elements for SW6
13:38:41: [INFO] Placing additional elements for SW5
13:38:41: [INFO] Placing additional elements for SW4
13:38:41: [INFO] Placing additional elements for SW3
13:38:41: [INFO] Placing additional elements for SW2
13:38:41: [INFO] Placing additional elements for SW1
13:38:41: [INFO] Routing SW90 with D90
13:38:41: [INFO] Using internal autorouter method
13:38:41: [INFO] Routing pad 'SW90:2' at (426402500, 71120000) with pad 'D90:2' at (428942500, 78800000) using coordinate system rotated by 0 degree(s)
13:38:41: [INFO] Adding track segment (B.Cu): [(426402500, 71120000), (426402500, 76260000)]
13:38:41: [INFO] Adding track segment (B.Cu): [(426402500, 76260000), (428942500, 78800000)]
13:38:41: [INFO] Routing SW89 with D89
13:38:41: [INFO] Using internal autorouter method
13:38:41: [INFO] Routing pad 'SW89:2' at (121602500, 152082500) with pad 'D89:2' at (124142500, 159762500) using coordinate system rotated by 0 degree(s)
13:38:41: [INFO] Adding track segment (B.Cu): [(121602500, 152082500), (121602500, 157222500)]
13:38:41: [INFO] Adding track segment (B.Cu): [(121602500, 157222500), (124142500, 159762500)]
13:38:41: [INFO] Routing SW88 with D88
13:38:41: [INFO] Using internal autorouter method
13:38:41: [INFO] Routing pad 'SW88:2' at (388302500, 71120000) with pad 'D88:2' at (390842500, 78800000) using coordinate system rotated by 0 degree(s)
13:38:41: [INFO] Adding track segment (B.Cu): [(388302500, 71120000), (388302500, 76260000)]
13:38:41: [INFO] Adding track segment (B.Cu): [(388302500, 76260000), (390842500, 78800000)]
13:38:41: [INFO] Routing SW87 with D87
13:38:41: [INFO] Using internal autorouter method
13:38:41: [INFO] Routing pad 'SW87:2' at (345440000, 71120000) with pad 'D87:2' at (347980000, 78800000) using coordinate system rotated by 0 degree(s)
13:38:41: [INFO] Adding track segment (B.Cu): [(345440000, 71120000), (345440000, 76260000)]
13:38:41: [INFO] Adding track segment (B.Cu): [(345440000, 76260000), (347980000, 78800000)]
13:38:41: [INFO] Routing SW86 with D86
13:38:41: [INFO] Using internal autorouter method
13:38:41: [INFO] Routing pad 'SW86:2' at (307340000, 71120000) with pad 'D86:2' at (309880000, 78800000) using coordinate system rotated by 0 degree(s)
13:38:41: [INFO] Adding track segment (B.Cu): [(307340000, 71120000), (307340000, 76260000)]
13:38:41: [INFO] Adding track segment (B.Cu): [(307340000, 76260000), (309880000, 78800000)]
13:38:41: [INFO] Routing SW85 with D85
13:38:41: [INFO] Using internal autorouter method
13:38:41: [INFO] Routing pad 'SW85:2' at (259715000, 71120000) with pad 'D85:2' at (262255000, 78800000) using coordinate system rotated by 0 degree(s)
13:38:41: [INFO] Adding track segment (B.Cu): [(259715000, 71120000), (259715000, 76260000)]
13:38:41: [INFO] Adding track segment (B.Cu): [(259715000, 76260000), (262255000, 78800000)]
13:38:41: [INFO] Routing SW84 with D84
13:38:41: [INFO] Using internal autorouter method
13:38:41: [INFO] Routing pad 'SW84:2' at (221615000, 71120000) with pad 'D84:2' at (224155000, 78800000) using coordinate system rotated by 0 degree(s)
13:38:41: [INFO] Adding track segment (B.Cu): [(221615000, 71120000), (221615000, 76260000)]
13:38:41: [INFO] Adding track segment (B.Cu): [(221615000, 76260000), (224155000, 78800000)]
13:38:41: [INFO] Routing SW83 with D83
13:38:41: [INFO] Using internal autorouter method
13:38:41: [INFO] Routing pad 'SW83:2' at (173990000, 71120000) with pad 'D83:2' at (176530000, 78800000) using coordinate system rotated by 0 degree(s)
13:38:41: [INFO] Adding track segment (B.Cu): [(173990000, 71120000), (173990000, 76260000)]
13:38:41: [INFO] Adding track segment (B.Cu): [(173990000, 76260000), (176530000, 78800000)]
13:38:41: [INFO] Routing SW82 with D82
13:38:41: [INFO] Using internal autorouter method
13:38:41: [INFO] Routing pad 'SW82:2' at (135890000, 71120000) with pad 'D82:2' at (138430000, 78800000) using coordinate system rotated by 0 degree(s)
13:38:41: [INFO] Adding track segment (B.Cu): [(135890000, 71120000), (135890000, 76260000)]
13:38:41: [INFO] Adding track segment (B.Cu): [(135890000, 76260000), (138430000, 78800000)]
13:38:41: [INFO] Routing SW81 with D81
13:38:41: [INFO] Using internal autorouter method
13:38:41: [INFO] Routing pad 'SW81:2' at (407352500, 71120000) with pad 'D81:2' at (409892500, 78800000) using coordinate system rotated by 0 degree(s)
13:38:41: [INFO] Adding track segment (B.Cu): [(407352500, 71120000), (407352500, 76260000)]
13:38:41: [INFO] Adding track segment (B.Cu): [(407352500, 76260000), (409892500, 78800000)]
13:38:41: [INFO] Routing SW80a with D80
13:38:41: [INFO] Using internal autorouter method
13:38:41: [INFO] Routing pad 'SW80a:2' at (147796250, 171132500) with pad 'D80:2' at (152717500, 178812500) using coordinate system rotated by 0 degree(s)
13:38:41: [INFO] Routing SW80 with D80
13:38:41: [INFO] Using internal autorouter method
13:38:41: [INFO] Routing pad 'SW80:2' at (150177500, 171132500) with pad 'D80:2' at (152717500, 178812500) using coordinate system rotated by 0 degree(s)
13:38:41: [INFO] Routing SW79 with D79
13:38:41: [INFO] Using internal autorouter method
13:38:41: [INFO] Routing pad 'SW79:2' at (364490000, 71120000) with pad 'D79:2' at (367030000, 78800000) using coordinate system rotated by 0 degree(s)
13:38:41: [INFO] Adding track segment (B.Cu): [(364490000, 71120000), (364490000, 76260000)]
13:38:41: [INFO] Adding track segment (B.Cu): [(364490000, 76260000), (367030000, 78800000)]
13:38:41: [INFO] Routing SW78 with D78
13:38:41: [INFO] Using internal autorouter method
13:38:41: [INFO] Routing pad 'SW78:2' at (326390000, 71120000) with pad 'D78:2' at (328930000, 78800000) using coordinate system rotated by 0 degree(s)
13:38:41: [INFO] Adding track segment (B.Cu): [(326390000, 71120000), (326390000, 76260000)]
13:38:41: [INFO] Adding track segment (B.Cu): [(326390000, 76260000), (328930000, 78800000)]
13:38:41: [INFO] Routing SW77 with D77
13:38:41: [INFO] Using internal autorouter method
13:38:41: [INFO] Routing pad 'SW77:2' at (278765000, 71120000) with pad 'D77:2' at (281305000, 78800000) using coordinate system rotated by 0 degree(s)
13:38:41: [INFO] Adding track segment (B.Cu): [(278765000, 71120000), (278765000, 76260000)]
13:38:41: [INFO] Adding track segment (B.Cu): [(278765000, 76260000), (281305000, 78800000)]
13:38:41: [INFO] Routing SW76 with D76
13:38:41: [INFO] Using internal autorouter method
13:38:41: [INFO] Routing pad 'SW76:2' at (240665000, 71120000) with pad 'D76:2' at (243205000, 78800000) using coordinate system rotated by 0 degree(s)
13:38:41: [INFO] Adding track segment (B.Cu): [(240665000, 71120000), (240665000, 76260000)]
13:38:41: [INFO] Adding track segment (B.Cu): [(240665000, 76260000), (243205000, 78800000)]
13:38:41: [INFO] Routing SW75 with D75
13:38:41: [INFO] Using internal autorouter method
13:38:41: [INFO] Routing pad 'SW75:2' at (193040000, 71120000) with pad 'D75:2' at (195580000, 78800000) using coordinate system rotated by 0 degree(s)
13:38:41: [INFO] Adding track segment (B.Cu): [(193040000, 71120000), (193040000, 76260000)]
13:38:41: [INFO] Adding track segment (B.Cu): [(193040000, 76260000), (195580000, 78800000)]
13:38:41: [INFO] Routing SW74 with D74
13:38:41: [INFO] Using internal autorouter method
13:38:41: [INFO] Routing pad 'SW74:2' at (154940000, 71120000) with pad 'D74:2' at (157480000, 78800000) using coordinate system rotated by 0 degree(s)
13:38:41: [INFO] Adding track segment (B.Cu): [(154940000, 71120000), (154940000, 76260000)]
13:38:41: [INFO] Adding track segment (B.Cu): [(154940000, 76260000), (157480000, 78800000)]
13:38:41: [INFO] Routing SW73 with D73
13:38:41: [INFO] Using internal autorouter method
13:38:41: [INFO] Routing pad 'SW73:2' at (97790000, 71120000) with pad 'D73:2' at (100330000, 78800000) using coordinate system rotated by 0 degree(s)
13:38:41: [INFO] Adding track segment (B.Cu): [(97790000, 71120000), (97790000, 76260000)]
13:38:41: [INFO] Adding track segment (B.Cu): [(97790000, 76260000), (100330000, 78800000)]
13:38:41: [INFO] Routing SW72 with D72
13:38:41: [INFO] Using internal autorouter method
13:38:41: [INFO] Routing pad 'SW72:2' at (426402500, 171132500) with pad 'D72:2' at (428942500, 178812500) using coordinate system rotated by 0 degree(s)
13:38:41: [INFO] Adding track segment (B.Cu): [(426402500, 171132500), (426402500, 176272500)]
13:38:41: [INFO] Adding track segment (B.Cu): [(426402500, 176272500), (428942500, 178812500)]
13:38:41: [INFO] Routing SW71 with D71
13:38:41: [INFO] Using internal autorouter method
13:38:41: [INFO] Routing pad 'SW71:2' at (407352500, 171132500) with pad 'D71:2' at (409892500, 178812500) using coordinate system rotated by 0 degree(s)
13:38:41: [INFO] Adding track segment (B.Cu): [(407352500, 171132500), (407352500, 176272500)]
13:38:41: [INFO] Adding track segment (B.Cu): [(407352500, 176272500), (409892500, 178812500)]
13:38:41: [INFO] Routing SW70 with D70
13:38:41: [INFO] Using internal autorouter method
13:38:41: [INFO] Routing pad 'SW70:2' at (364490000, 152082500) with pad 'D70:2' at (367030000, 159762500) using coordinate system rotated by 0 degree(s)
13:38:41: [INFO] Adding track segment (B.Cu): [(364490000, 152082500), (364490000, 157222500)]
13:38:41: [INFO] Adding track segment (B.Cu): [(364490000, 157222500), (367030000, 159762500)]
13:38:41: [INFO] Routing SW69 with D69
13:38:41: [INFO] Using internal autorouter method
13:38:41: [INFO] Routing pad 'SW69:2' at (312102500, 152082500) with pad 'D69:2' at (314642500, 159762500) using coordinate system rotated by 0 degree(s)
13:38:41: [INFO] Adding track segment (B.Cu): [(312102500, 152082500), (312102500, 157222500)]
13:38:41: [INFO] Adding track segment (B.Cu): [(312102500, 157222500), (314642500, 159762500)]
13:38:41: [INFO] Routing SW68 with D68
13:38:41: [INFO] Using internal autorouter method
13:38:41: [INFO] Routing pad 'SW68:2' at (274002500, 152082500) with pad 'D68:2' at (276542500, 159762500) using coordinate system rotated by 0 degree(s)
13:38:41: [INFO] Adding track segment (B.Cu): [(274002500, 152082500), (274002500, 157222500)]
13:38:41: [INFO] Adding track segment (B.Cu): [(274002500, 157222500), (276542500, 159762500)]
13:38:41: [INFO] Routing SW67 with D67
13:38:41: [INFO] Using internal autorouter method
13:38:41: [INFO] Routing pad 'SW67:2' at (235902500, 152082500) with pad 'D67:2' at (238442500, 159762500) using coordinate system rotated by 0 degree(s)
13:38:41: [INFO] Adding track segment (B.Cu): [(235902500, 152082500), (235902500, 157222500)]
13:38:41: [INFO] Adding track segment (B.Cu): [(235902500, 157222500), (238442500, 159762500)]
13:38:41: [INFO] Routing SW66 with D66
13:38:41: [INFO] Using internal autorouter method
13:38:41: [INFO] Routing pad 'SW66:2' at (197802500, 152082500) with pad 'D66:2' at (200342500, 159762500) using coordinate system rotated by 0 degree(s)
13:38:41: [INFO] Adding track segment (B.Cu): [(197802500, 152082500), (197802500, 157222500)]
13:38:41: [INFO] Adding track segment (B.Cu): [(197802500, 157222500), (200342500, 159762500)]
13:38:41: [INFO] Routing SW65 with D65
13:38:41: [INFO] Using internal autorouter method
13:38:41: [INFO] Routing pad 'SW65:2' at (159702500, 152082500) with pad 'D65:2' at (162242500, 159762500) using coordinate system rotated by 0 degree(s)
13:38:41: [INFO] Adding track segment (B.Cu): [(159702500, 152082500), (159702500, 157222500)]
13:38:41: [INFO] Adding track segment (B.Cu): [(159702500, 157222500), (162242500, 159762500)]
13:38:41: [INFO] Routing SW64a with D64
13:38:41: [INFO] Using internal autorouter method
13:38:41: [INFO] Routing pad 'SW64a:2' at (100171250, 152082500) with pad 'D64:2' at (112236250, 159762500) using coordinate system rotated by 0 degree(s)
13:38:41: [INFO] Routing SW64 with D64
13:38:41: [INFO] Using internal autorouter method
13:38:41: [INFO] Routing pad 'SW64:2' at (109696250, 152082500) with pad 'D64:2' at (112236250, 159762500) using coordinate system rotated by 0 degree(s)
13:38:42: [INFO] Adding track segment (B.Cu): [(109696250, 152082500), (109696250, 157222500)]
13:38:42: [INFO] Adding track segment (B.Cu): [(109696250, 157222500), (112236250, 159762500)]
13:38:42: [INFO] Routing SW63 with D63
13:38:42: [INFO] Using internal autorouter method
13:38:42: [INFO] Routing pad 'SW63:2' at (407352500, 152082500) with pad 'D63:2' at (409892500, 159762500) using coordinate system rotated by 0 degree(s)
13:38:42: [INFO] Adding track segment (B.Cu): [(407352500, 152082500), (407352500, 157222500)]
13:38:42: [INFO] Adding track segment (B.Cu): [(407352500, 157222500), (409892500, 159762500)]
13:38:42: [INFO] Routing SW62 with D62
13:38:42: [INFO] Using internal autorouter method
13:38:42: [INFO] Routing pad 'SW62:2' at (388302500, 171132500) with pad 'D62:2' at (390842500, 178812500) using coordinate system rotated by 0 degree(s)
13:38:42: [INFO] Adding track segment (B.Cu): [(388302500, 171132500), (388302500, 176272500)]
13:38:42: [INFO] Adding track segment (B.Cu): [(388302500, 176272500), (390842500, 178812500)]
13:38:42: [INFO] Routing SW61a with D61
13:38:42: [INFO] Using internal autorouter method
13:38:42: [INFO] Routing pad 'SW61a:2' at (338296250, 152082500) with pad 'D61:2' at (350361250, 159762500) using coordinate system rotated by 0 degree(s)
13:38:42: [INFO] Routing SW61 with D61
13:38:42: [INFO] Using internal autorouter method
13:38:42: [INFO] Routing pad 'SW61:2' at (347821250, 152082500) with pad 'D61:2' at (350361250, 159762500) using coordinate system rotated by 0 degree(s)
13:38:42: [INFO] Adding track segment (B.Cu): [(347821250, 152082500), (347821250, 157222500)]
13:38:42: [INFO] Adding track segment (B.Cu): [(347821250, 157222500), (350361250, 159762500)]
13:38:42: [INFO] Routing SW60 with D60
13:38:42: [INFO] Using internal autorouter method
13:38:42: [INFO] Routing pad 'SW60:2' at (293052500, 152082500) with pad 'D60:2' at (295592500, 159762500) using coordinate system rotated by 0 degree(s)
13:38:42: [INFO] Adding track segment (B.Cu): [(293052500, 152082500), (293052500, 157222500)]
13:38:42: [INFO] Adding track segment (B.Cu): [(293052500, 157222500), (295592500, 159762500)]
13:38:42: [INFO] Routing SW59 with D59
13:38:42: [INFO] Using internal autorouter method
13:38:42: [INFO] Routing pad 'SW59:2' at (254952500, 152082500) with pad 'D59:2' at (257492500, 159762500) using coordinate system rotated by 0 degree(s)
13:38:42: [INFO] Adding track segment (B.Cu): [(254952500, 152082500), (254952500, 157222500)]
13:38:42: [INFO] Adding track segment (B.Cu): [(254952500, 157222500), (257492500, 159762500)]
13:38:42: [INFO] Routing SW58 with D58
13:38:42: [INFO] Using internal autorouter method
13:38:42: [INFO] Routing pad 'SW58:2' at (216852500, 152082500) with pad 'D58:2' at (219392500, 159762500) using coordinate system rotated by 0 degree(s)
13:38:42: [INFO] Adding track segment (B.Cu): [(216852500, 152082500), (216852500, 157222500)]
13:38:42: [INFO] Adding track segment (B.Cu): [(216852500, 157222500), (219392500, 159762500)]
13:38:42: [INFO] Routing SW57 with D57
13:38:42: [INFO] Using internal autorouter method
13:38:42: [INFO] Routing pad 'SW57:2' at (178752500, 152082500) with pad 'D57:2' at (181292500, 159762500) using coordinate system rotated by 0 degree(s)
13:38:42: [INFO] Adding track segment (B.Cu): [(178752500, 152082500), (178752500, 157222500)]
13:38:42: [INFO] Adding track segment (B.Cu): [(178752500, 157222500), (181292500, 159762500)]
13:38:42: [INFO] Routing SW56 with D56
13:38:42: [INFO] Using internal autorouter method
13:38:42: [INFO] Routing pad 'SW56:2' at (140652500, 152082500) with pad 'D56:2' at (143192500, 159762500) using coordinate system rotated by 0 degree(s)
13:38:42: [INFO] Adding track segment (B.Cu): [(140652500, 152082500), (140652500, 157222500)]
13:38:42: [INFO] Adding track segment (B.Cu): [(140652500, 157222500), (143192500, 159762500)]
13:38:42: [INFO] Routing SW55a with D55
13:38:42: [INFO] Using internal autorouter method
13:38:42: [INFO] Routing pad 'SW55a:2' at (100171250, 171132500) with pad 'D55:2' at (105092500, 178812500) using coordinate system rotated by 0 degree(s)
13:38:42: [INFO] Routing SW55 with D55
13:38:42: [INFO] Using internal autorouter method
13:38:42: [INFO] Routing pad 'SW55:2' at (102552500, 171132500) with pad 'D55:2' at (105092500, 178812500) using coordinate system rotated by 0 degree(s)
13:38:42: [INFO] Routing SW54 with D54
13:38:42: [INFO] Using internal autorouter method
13:38:42: [INFO] Routing pad 'SW54:2' at (426402500, 113982500) with pad 'D54:2' at (428942500, 121662500) using coordinate system rotated by 0 degree(s)
13:38:42: [INFO] Adding track segment (B.Cu): [(426402500, 113982500), (426402500, 119122500)]
13:38:42: [INFO] Adding track segment (B.Cu): [(426402500, 119122500), (428942500, 121662500)]
13:38:42: [INFO] Routing SW53a with D53
13:38:42: [INFO] Using internal autorouter method
13:38:42: [INFO] Routing pad 'SW53a:2' at (362108750, 171132500) with pad 'D53:2' at (362267500, 178812500) using coordinate system rotated by 0 degree(s)
13:38:42: [INFO] Routing SW53 with D53
13:38:42: [INFO] Using internal autorouter method
13:38:42: [INFO] Routing pad 'SW53:2' at (359727500, 171132500) with pad 'D53:2' at (362267500, 178812500) using coordinate system rotated by 0 degree(s)
13:38:42: [INFO] Routing SW52a with D52
13:38:42: [INFO] Using internal autorouter method
13:38:42: [INFO] Routing pad 'SW52a:2' at (362108750, 123507500) with pad 'D52:2' at (355123750, 140712500) using coordinate system rotated by 0 degree(s)
13:38:42: [INFO] Routing SW52 with D52
13:38:42: [INFO] Using internal autorouter method
13:38:42: [INFO] Routing pad 'SW52:2' at (352583750, 133032500) with pad 'D52:2' at (355123750, 140712500) using coordinate system rotated by 0 degree(s)
13:38:42: [INFO] Adding track segment (B.Cu): [(352583750, 133032500), (352583750, 138172500)]
13:38:42: [INFO] Adding track segment (B.Cu): [(352583750, 138172500), (355123750, 140712500)]
13:38:42: [INFO] Routing SW51 with D51
13:38:42: [INFO] Using internal autorouter method
13:38:42: [INFO] Routing pad 'SW51:2' at (302577500, 133032500) with pad 'D51:2' at (305117500, 140712500) using coordinate system rotated by 0 degree(s)
13:38:42: [INFO] Adding track segment (B.Cu): [(302577500, 133032500), (302577500, 138172500)]
13:38:42: [INFO] Adding track segment (B.Cu): [(302577500, 138172500), (305117500, 140712500)]
13:38:42: [INFO] Routing SW50 with D50
13:38:42: [INFO] Using internal autorouter method
13:38:42: [INFO] Routing pad 'SW50:2' at (264477500, 133032500) with pad 'D50:2' at (267017500, 140712500) using coordinate system rotated by 0 degree(s)
13:38:42: [INFO] Adding track segment (B.Cu): [(264477500, 133032500), (264477500, 138172500)]
13:38:42: [INFO] Adding track segment (B.Cu): [(264477500, 138172500), (267017500, 140712500)]
13:38:42: [INFO] Routing SW49 with D49
13:38:42: [INFO] Using internal autorouter method
13:38:42: [INFO] Routing pad 'SW49:2' at (226377500, 133032500) with pad 'D49:2' at (228917500, 140712500) using coordinate system rotated by 0 degree(s)
13:38:42: [INFO] Adding track segment (B.Cu): [(226377500, 133032500), (226377500, 138172500)]
13:38:42: [INFO] Adding track segment (B.Cu): [(226377500, 138172500), (228917500, 140712500)]
13:38:42: [INFO] Routing SW48 with D48
13:38:42: [INFO] Using internal autorouter method
13:38:42: [INFO] Routing pad 'SW48:2' at (188277500, 133032500) with pad 'D48:2' at (190817500, 140712500) using coordinate system rotated by 0 degree(s)
13:38:42: [INFO] Adding track segment (B.Cu): [(188277500, 133032500), (188277500, 138172500)]
13:38:42: [INFO] Adding track segment (B.Cu): [(188277500, 138172500), (190817500, 140712500)]
13:38:42: [INFO] Routing SW47 with D47
13:38:42: [INFO] Using internal autorouter method
13:38:42: [INFO] Routing pad 'SW47:2' at (150177500, 133032500) with pad 'D47:2' at (152717500, 140712500) using coordinate system rotated by 0 degree(s)
13:38:42: [INFO] Adding track segment (B.Cu): [(150177500, 133032500), (150177500, 138172500)]
13:38:42: [INFO] Adding track segment (B.Cu): [(150177500, 138172500), (152717500, 140712500)]
13:38:42: [INFO] Routing SW46a with D46
13:38:42: [INFO] Using internal autorouter method
13:38:42: [INFO] Routing pad 'SW46a:2' at (123983750, 171132500) with pad 'D46:2' at (128905000, 178812500) using coordinate system rotated by 0 degree(s)
13:38:42: [INFO] Routing SW46 with D46
13:38:42: [INFO] Using internal autorouter method
13:38:42: [INFO] Routing pad 'SW46:2' at (126365000, 171132500) with pad 'D46:2' at (128905000, 178812500) using coordinate system rotated by 0 degree(s)
13:38:42: [INFO] Routing SW45 with D45
13:38:42: [INFO] Using internal autorouter method
13:38:42: [INFO] Routing pad 'SW45:2' at (426402500, 94932500) with pad 'D45:2' at (428942500, 102612500) using coordinate system rotated by 0 degree(s)
13:38:42: [INFO] Adding track segment (B.Cu): [(426402500, 94932500), (426402500, 100072500)]
13:38:42: [INFO] Adding track segment (B.Cu): [(426402500, 100072500), (428942500, 102612500)]
13:38:42: [INFO] Routing SW44a with D44
13:38:42: [INFO] Using internal autorouter method
13:38:42: [INFO] Routing pad 'SW44a:2' at (338296250, 171132500) with pad 'D44:2' at (338455000, 178812500) using coordinate system rotated by 0 degree(s)
13:38:42: [INFO] Routing SW44 with D44
13:38:42: [INFO] Using internal autorouter method
13:38:42: [INFO] Routing pad 'SW44:2' at (335915000, 171132500) with pad 'D44:2' at (338455000, 178812500) using coordinate system rotated by 0 degree(s)
13:38:42: [INFO] Routing SW43 with D43
13:38:42: [INFO] Using internal autorouter method
13:38:42: [INFO] Routing pad 'SW43:2' at (321627500, 133032500) with pad 'D43:2' at (324167500, 140712500) using coordinate system rotated by 0 degree(s)
13:38:42: [INFO] Adding track segment (B.Cu): [(321627500, 133032500), (321627500, 138172500)]
13:38:42: [INFO] Adding track segment (B.Cu): [(321627500, 138172500), (324167500, 140712500)]
13:38:42: [INFO] Routing SW42 with D42
13:38:42: [INFO] Using internal autorouter method
13:38:42: [INFO] Routing pad 'SW42:2' at (283527500, 133032500) with pad 'D42:2' at (286067500, 140712500) using coordinate system rotated by 0 degree(s)
13:38:42: [INFO] Adding track segment (B.Cu): [(283527500, 133032500), (283527500, 138172500)]
13:38:42: [INFO] Adding track segment (B.Cu): [(283527500, 138172500), (286067500, 140712500)]
13:38:42: [INFO] Routing SW41 with D41
13:38:42: [INFO] Using internal autorouter method
13:38:42: [INFO] Routing pad 'SW41:2' at (245427500, 133032500) with pad 'D41:2' at (247967500, 140712500) using coordinate system rotated by 0 degree(s)
13:38:42: [INFO] Adding track segment (B.Cu): [(245427500, 133032500), (245427500, 138172500)]
13:38:42: [INFO] Adding track segment (B.Cu): [(245427500, 138172500), (247967500, 140712500)]
13:38:42: [INFO] Routing SW40 with D40
13:38:42: [INFO] Using internal autorouter method
13:38:42: [INFO] Routing pad 'SW40:2' at (207327500, 133032500) with pad 'D40:2' at (209867500, 140712500) using coordinate system rotated by 0 degree(s)
13:38:42: [INFO] Adding track segment (B.Cu): [(207327500, 133032500), (207327500, 138172500)]
13:38:42: [INFO] Adding track segment (B.Cu): [(207327500, 138172500), (209867500, 140712500)]
13:38:42: [INFO] Routing SW39 with D39
13:38:42: [INFO] Using internal autorouter method
13:38:42: [INFO] Routing pad 'SW39:2' at (169227500, 133032500) with pad 'D39:2' at (171767500, 140712500) using coordinate system rotated by 0 degree(s)
13:38:42: [INFO] Adding track segment (B.Cu): [(169227500, 133032500), (169227500, 138172500)]
13:38:42: [INFO] Adding track segment (B.Cu): [(169227500, 138172500), (171767500, 140712500)]
13:38:42: [INFO] Routing SW38 with D38
13:38:42: [INFO] Using internal autorouter method
13:38:42: [INFO] Routing pad 'SW38:2' at (131127500, 133032500) with pad 'D38:2' at (133667500, 140712500) using coordinate system rotated by 0 degree(s)
13:38:42: [INFO] Adding track segment (B.Cu): [(131127500, 133032500), (131127500, 138172500)]
13:38:42: [INFO] Adding track segment (B.Cu): [(131127500, 138172500), (133667500, 140712500)]
13:38:42: [INFO] Routing SW37 with D37
13:38:42: [INFO] Using internal autorouter method
13:38:42: [INFO] Routing pad 'SW37:2' at (104933750, 133032500) with pad 'D37:2' at (107473750, 140712500) using coordinate system rotated by 0 degree(s)
13:38:42: [INFO] Adding track segment (B.Cu): [(104933750, 133032500), (104933750, 138172500)]
13:38:42: [INFO] Adding track segment (B.Cu): [(104933750, 138172500), (107473750, 140712500)]
13:38:42: [INFO] Routing SW36 with D36
13:38:42: [INFO] Using internal autorouter method
13:38:42: [INFO] Routing pad 'SW36:2' at (407352500, 113982500) with pad 'D36:2' at (409892500, 121662500) using coordinate system rotated by 0 degree(s)
13:38:42: [INFO] Adding track segment (B.Cu): [(407352500, 113982500), (407352500, 119122500)]
13:38:42: [INFO] Adding track segment (B.Cu): [(407352500, 119122500), (409892500, 121662500)]
13:38:42: [INFO] Routing SW35a with D35
13:38:42: [INFO] Using internal autorouter method
13:38:42: [INFO] Routing pad 'SW35a:2' at (314483750, 171132500) with pad 'D35:2' at (314642500, 178812500) using coordinate system rotated by 0 degree(s)
13:38:42: [INFO] Routing SW35 with D35
13:38:42: [INFO] Using internal autorouter method
13:38:42: [INFO] Routing pad 'SW35:2' at (312102500, 171132500) with pad 'D35:2' at (314642500, 178812500) using coordinate system rotated by 0 degree(s)
13:38:42: [INFO] Routing SW34a with D34
13:38:42: [INFO] Using internal autorouter method
13:38:42: [INFO] Routing pad 'SW34a:2' at (340677500, 133032500) with pad 'D34:2' at (362267500, 121662500) using coordinate system rotated by 0 degree(s)
13:38:42: [INFO] Adding track segment (B.Cu): [(340677500, 133032500), (352047500, 121662500)]
13:38:42: [INFO] Adding track segment (B.Cu): [(352047500, 121662500), (362267500, 121662500)]
13:38:42: [INFO] Routing SW34 with D34
13:38:42: [INFO] Using internal autorouter method
13:38:42: [INFO] Routing pad 'SW34:2' at (359727500, 113982500) with pad 'D34:2' at (362267500, 121662500) using coordinate system rotated by 0 degree(s)
13:38:42: [INFO] Adding track segment (B.Cu): [(359727500, 113982500), (359727500, 119122500)]
13:38:42: [INFO] Adding track segment (B.Cu): [(359727500, 119122500), (362267500, 121662500)]
13:38:42: [INFO] Routing SW33 with D33
13:38:42: [INFO] Using internal autorouter method
13:38:42: [INFO] Routing pad 'SW33:2' at (316865000, 113982500) with pad 'D33:2' at (319405000, 121662500) using coordinate system rotated by 0 degree(s)
13:38:42: [INFO] Adding track segment (B.Cu): [(316865000, 113982500), (316865000, 119122500)]
13:38:42: [INFO] Adding track segment (B.Cu): [(316865000, 119122500), (319405000, 121662500)]
13:38:42: [INFO] Routing SW32 with D32
13:38:42: [INFO] Using internal autorouter method
13:38:42: [INFO] Routing pad 'SW32:2' at (278765000, 113982500) with pad 'D32:2' at (281305000, 121662500) using coordinate system rotated by 0 degree(s)
13:38:42: [INFO] Adding track segment (B.Cu): [(278765000, 113982500), (278765000, 119122500)]
13:38:42: [INFO] Adding track segment (B.Cu): [(278765000, 119122500), (281305000, 121662500)]
13:38:42: [INFO] Routing SW31 with D31
13:38:42: [INFO] Using internal autorouter method
13:38:42: [INFO] Routing pad 'SW31:2' at (240665000, 113982500) with pad 'D31:2' at (243205000, 121662500) using coordinate system rotated by 0 degree(s)
13:38:42: [INFO] Adding track segment (B.Cu): [(240665000, 113982500), (240665000, 119122500)]
13:38:42: [INFO] Adding track segment (B.Cu): [(240665000, 119122500), (243205000, 121662500)]
13:38:43: [INFO] Routing SW30 with D30
13:38:43: [INFO] Using internal autorouter method
13:38:43: [INFO] Routing pad 'SW30:2' at (202565000, 113982500) with pad 'D30:2' at (205105000, 121662500) using coordinate system rotated by 0 degree(s)
13:38:43: [INFO] Adding track segment (B.Cu): [(202565000, 113982500), (202565000, 119122500)]
13:38:43: [INFO] Adding track segment (B.Cu): [(202565000, 119122500), (205105000, 121662500)]
13:38:43: [INFO] Routing SW29 with D29
13:38:43: [INFO] Using internal autorouter method
13:38:43: [INFO] Routing pad 'SW29:2' at (164465000, 113982500) with pad 'D29:2' at (167005000, 121662500) using coordinate system rotated by 0 degree(s)
13:38:43: [INFO] Adding track segment (B.Cu): [(164465000, 113982500), (164465000, 119122500)]
13:38:43: [INFO] Adding track segment (B.Cu): [(164465000, 119122500), (167005000, 121662500)]
13:38:43: [INFO] Routing SW28 with D28
13:38:43: [INFO] Using internal autorouter method
13:38:43: [INFO] Routing pad 'SW28:2' at (126365000, 113982500) with pad 'D28:2' at (128905000, 121662500) using coordinate system rotated by 0 degree(s)
13:38:43: [INFO] Adding track segment (B.Cu): [(126365000, 113982500), (126365000, 119122500)]
13:38:43: [INFO] Adding track segment (B.Cu): [(126365000, 119122500), (128905000, 121662500)]
13:38:43: [INFO] Routing SW27 with D27
13:38:43: [INFO] Using internal autorouter method
13:38:43: [INFO] Routing pad 'SW27:2' at (388302500, 113982500) with pad 'D27:2' at (390842500, 121662500) using coordinate system rotated by 0 degree(s)
13:38:43: [INFO] Adding track segment (B.Cu): [(388302500, 113982500), (388302500, 119122500)]
13:38:43: [INFO] Adding track segment (B.Cu): [(388302500, 119122500), (390842500, 121662500)]
13:38:43: [INFO] Routing SW26 with D26
13:38:43: [INFO] Using internal autorouter method
13:38:43: [INFO] Routing pad 'SW26:2' at (290671250, 171132500) with pad 'D26:2' at (293211250, 178812500) using coordinate system rotated by 0 degree(s)
13:38:43: [INFO] Adding track segment (B.Cu): [(290671250, 171132500), (290671250, 176272500)]
13:38:43: [INFO] Adding track segment (B.Cu): [(290671250, 176272500), (293211250, 178812500)]
13:38:43: [INFO] Routing SW25 with D25
13:38:43: [INFO] Using internal autorouter method
13:38:43: [INFO] Routing pad 'SW25:2' at (335915000, 113982500) with pad 'D25:2' at (338455000, 121662500) using coordinate system rotated by 0 degree(s)
13:38:43: [INFO] Adding track segment (B.Cu): [(335915000, 113982500), (335915000, 119122500)]
13:38:43: [INFO] Adding track segment (B.Cu): [(335915000, 119122500), (338455000, 121662500)]
13:38:43: [INFO] Routing SW24 with D24
13:38:43: [INFO] Using internal autorouter method
13:38:43: [INFO] Routing pad 'SW24:2' at (297815000, 113982500) with pad 'D24:2' at (300355000, 121662500) using coordinate system rotated by 0 degree(s)
13:38:43: [INFO] Adding track segment (B.Cu): [(297815000, 113982500), (297815000, 119122500)]
13:38:43: [INFO] Adding track segment (B.Cu): [(297815000, 119122500), (300355000, 121662500)]
13:38:43: [INFO] Routing SW23 with D23
13:38:43: [INFO] Using internal autorouter method
13:38:43: [INFO] Routing pad 'SW23:2' at (259715000, 113982500) with pad 'D23:2' at (262255000, 121662500) using coordinate system rotated by 0 degree(s)
13:38:43: [INFO] Adding track segment (B.Cu): [(259715000, 113982500), (259715000, 119122500)]
13:38:43: [INFO] Adding track segment (B.Cu): [(259715000, 119122500), (262255000, 121662500)]
13:38:43: [INFO] Routing SW22 with D22
13:38:43: [INFO] Using internal autorouter method
13:38:43: [INFO] Routing pad 'SW22:2' at (221615000, 113982500) with pad 'D22:2' at (224155000, 121662500) using coordinate system rotated by 0 degree(s)
13:38:43: [INFO] Adding track segment (B.Cu): [(221615000, 113982500), (221615000, 119122500)]
13:38:43: [INFO] Adding track segment (B.Cu): [(221615000, 119122500), (224155000, 121662500)]
13:38:43: [INFO] Routing SW21 with D21
13:38:43: [INFO] Using internal autorouter method
13:38:43: [INFO] Routing pad 'SW21:2' at (183515000, 113982500) with pad 'D21:2' at (186055000, 121662500) using coordinate system rotated by 0 degree(s)
13:38:43: [INFO] Adding track segment (B.Cu): [(183515000, 113982500), (183515000, 119122500)]
13:38:43: [INFO] Adding track segment (B.Cu): [(183515000, 119122500), (186055000, 121662500)]
13:38:43: [INFO] Routing SW20 with D20
13:38:43: [INFO] Using internal autorouter method
13:38:43: [INFO] Routing pad 'SW20:2' at (145415000, 113982500) with pad 'D20:2' at (147955000, 121662500) using coordinate system rotated by 0 degree(s)
13:38:43: [INFO] Adding track segment (B.Cu): [(145415000, 113982500), (145415000, 119122500)]
13:38:43: [INFO] Adding track segment (B.Cu): [(145415000, 119122500), (147955000, 121662500)]
13:38:43: [INFO] Routing SW19 with D19
13:38:43: [INFO] Using internal autorouter method
13:38:43: [INFO] Routing pad 'SW19:2' at (102552500, 113982500) with pad 'D19:2' at (105092500, 121662500) using coordinate system rotated by 0 degree(s)
13:38:43: [INFO] Adding track segment (B.Cu): [(102552500, 113982500), (102552500, 119122500)]
13:38:43: [INFO] Adding track segment (B.Cu): [(102552500, 119122500), (105092500, 121662500)]
13:38:43: [INFO] Routing SW18 with D18
13:38:43: [INFO] Using internal autorouter method
13:38:43: [INFO] Routing pad 'SW18:2' at (407352500, 94932500) with pad 'D18:2' at (409892500, 102612500) using coordinate system rotated by 0 degree(s)
13:38:43: [INFO] Adding track segment (B.Cu): [(407352500, 94932500), (407352500, 100072500)]
13:38:43: [INFO] Adding track segment (B.Cu): [(407352500, 100072500), (409892500, 102612500)]
13:38:43: [INFO] Routing SW17 with D17
13:38:43: [INFO] Using internal autorouter method
13:38:43: [INFO] Routing pad 'SW17:2' at (345440000, 94932500) with pad 'D17:2' at (347980000, 102612500) using coordinate system rotated by 0 degree(s)
13:38:43: [INFO] Adding track segment (B.Cu): [(345440000, 94932500), (345440000, 100072500)]
13:38:43: [INFO] Adding track segment (B.Cu): [(345440000, 100072500), (347980000, 102612500)]
13:38:43: [INFO] Routing SW16a with D16
13:38:43: [INFO] Using internal autorouter method
13:38:43: [INFO] Routing pad 'SW16a:2' at (364490000, 94932500) with pad 'D16:2' at (357505000, 102612500) using coordinate system rotated by 0 degree(s)
13:38:43: [INFO] Routing SW16 with D16
13:38:43: [INFO] Using internal autorouter method
13:38:43: [INFO] Routing pad 'SW16:2' at (354965000, 94932500) with pad 'D16:2' at (357505000, 102612500) using coordinate system rotated by 0 degree(s)
13:38:43: [INFO] Adding track segment (B.Cu): [(354965000, 94932500), (354965000, 100072500)]
13:38:43: [INFO] Adding track segment (B.Cu): [(354965000, 100072500), (357505000, 102612500)]
13:38:43: [INFO] Routing SW15 with D15
13:38:43: [INFO] Using internal autorouter method
13:38:43: [INFO] Routing pad 'SW15:2' at (307340000, 94932500) with pad 'D15:2' at (309880000, 102612500) using coordinate system rotated by 0 degree(s)
13:38:43: [INFO] Adding track segment (B.Cu): [(307340000, 94932500), (307340000, 100072500)]
13:38:43: [INFO] Adding track segment (B.Cu): [(307340000, 100072500), (309880000, 102612500)]
13:38:43: [INFO] Routing SW14 with D14
13:38:43: [INFO] Using internal autorouter method
13:38:43: [INFO] Routing pad 'SW14:2' at (269240000, 94932500) with pad 'D14:2' at (271780000, 102612500) using coordinate system rotated by 0 degree(s)
13:38:43: [INFO] Adding track segment (B.Cu): [(269240000, 94932500), (269240000, 100072500)]
13:38:43: [INFO] Adding track segment (B.Cu): [(269240000, 100072500), (271780000, 102612500)]
13:38:43: [INFO] Routing SW13 with D13
13:38:43: [INFO] Using internal autorouter method
13:38:43: [INFO] Routing pad 'SW13:2' at (231140000, 94932500) with pad 'D13:2' at (233680000, 102612500) using coordinate system rotated by 0 degree(s)
13:38:43: [INFO] Adding track segment (B.Cu): [(231140000, 94932500), (231140000, 100072500)]
13:38:43: [INFO] Adding track segment (B.Cu): [(231140000, 100072500), (233680000, 102612500)]
13:38:43: [INFO] Routing SW12 with D12
13:38:43: [INFO] Using internal autorouter method
13:38:43: [INFO] Routing pad 'SW12:2' at (193040000, 94932500) with pad 'D12:2' at (195580000, 102612500) using coordinate system rotated by 0 degree(s)
13:38:43: [INFO] Adding track segment (B.Cu): [(193040000, 94932500), (193040000, 100072500)]
13:38:43: [INFO] Adding track segment (B.Cu): [(193040000, 100072500), (195580000, 102612500)]
13:38:43: [INFO] Routing SW11 with D11
13:38:43: [INFO] Using internal autorouter method
13:38:43: [INFO] Routing pad 'SW11:2' at (154940000, 94932500) with pad 'D11:2' at (157480000, 102612500) using coordinate system rotated by 0 degree(s)
13:38:43: [INFO] Adding track segment (B.Cu): [(154940000, 94932500), (154940000, 100072500)]
13:38:43: [INFO] Adding track segment (B.Cu): [(154940000, 100072500), (157480000, 102612500)]
13:38:43: [INFO] Routing SW10 with D10
13:38:43: [INFO] Using internal autorouter method
13:38:43: [INFO] Routing pad 'SW10:2' at (116840000, 94932500) with pad 'D10:2' at (119380000, 102612500) using coordinate system rotated by 0 degree(s)
13:38:43: [INFO] Adding track segment (B.Cu): [(116840000, 94932500), (116840000, 100072500)]
13:38:43: [INFO] Adding track segment (B.Cu): [(116840000, 100072500), (119380000, 102612500)]
13:38:43: [INFO] Routing SW9 with D9
13:38:43: [INFO] Using internal autorouter method
13:38:43: [INFO] Routing pad 'SW9:2' at (388302500, 94932500) with pad 'D9:2' at (390842500, 102612500) using coordinate system rotated by 0 degree(s)
13:38:43: [INFO] Adding track segment (B.Cu): [(388302500, 94932500), (388302500, 100072500)]
13:38:43: [INFO] Adding track segment (B.Cu): [(388302500, 100072500), (390842500, 102612500)]
13:38:43: [INFO] Routing SW8a with D8
13:38:43: [INFO] Using internal autorouter method
13:38:43: [INFO] Routing pad 'SW8a:2' at (219233750, 171132500) with pad 'D8:2' at (233680000, 178812500) using coordinate system rotated by 0 degree(s)
13:38:43: [INFO] Routing SW8 with D8
13:38:43: [INFO] Using internal autorouter method
13:38:43: [INFO] Routing pad 'SW8:2' at (231140000, 171132500) with pad 'D8:2' at (233680000, 178812500) using coordinate system rotated by 0 degree(s)
13:38:43: [INFO] Adding track segment (B.Cu): [(231140000, 171132500), (231140000, 176272500)]
13:38:43: [INFO] Adding track segment (B.Cu): [(231140000, 176272500), (233680000, 178812500)]
13:38:43: [INFO] Routing SW7 with D7
13:38:43: [INFO] Using internal autorouter method
13:38:43: [INFO] Routing pad 'SW7:2' at (326390000, 94932500) with pad 'D7:2' at (328930000, 102612500) using coordinate system rotated by 0 degree(s)
13:38:43: [INFO] Adding track segment (B.Cu): [(326390000, 94932500), (326390000, 100072500)]
13:38:43: [INFO] Adding track segment (B.Cu): [(326390000, 100072500), (328930000, 102612500)]
13:38:43: [INFO] Routing SW6 with D6
13:38:43: [INFO] Using internal autorouter method
13:38:43: [INFO] Routing pad 'SW6:2' at (288290000, 94932500) with pad 'D6:2' at (290830000, 102612500) using coordinate system rotated by 0 degree(s)
13:38:43: [INFO] Adding track segment (B.Cu): [(288290000, 94932500), (288290000, 100072500)]
13:38:43: [INFO] Adding track segment (B.Cu): [(288290000, 100072500), (290830000, 102612500)]
13:38:43: [INFO] Routing SW5 with D5
13:38:43: [INFO] Using internal autorouter method
13:38:43: [INFO] Routing pad 'SW5:2' at (250190000, 94932500) with pad 'D5:2' at (252730000, 102612500) using coordinate system rotated by 0 degree(s)
13:38:43: [INFO] Adding track segment (B.Cu): [(250190000, 94932500), (250190000, 100072500)]
13:38:43: [INFO] Adding track segment (B.Cu): [(250190000, 100072500), (252730000, 102612500)]
13:38:43: [INFO] Routing SW4 with D4
13:38:43: [INFO] Using internal autorouter method
13:38:43: [INFO] Routing pad 'SW4:2' at (212090000, 94932500) with pad 'D4:2' at (214630000, 102612500) using coordinate system rotated by 0 degree(s)
13:38:43: [INFO] Adding track segment (B.Cu): [(212090000, 94932500), (212090000, 100072500)]
13:38:43: [INFO] Adding track segment (B.Cu): [(212090000, 100072500), (214630000, 102612500)]
13:38:43: [INFO] Routing SW3 with D3
13:38:43: [INFO] Using internal autorouter method
13:38:43: [INFO] Routing pad 'SW3:2' at (173990000, 94932500) with pad 'D3:2' at (176530000, 102612500) using coordinate system rotated by 0 degree(s)
13:38:43: [INFO] Adding track segment (B.Cu): [(173990000, 94932500), (173990000, 100072500)]
13:38:43: [INFO] Adding track segment (B.Cu): [(173990000, 100072500), (176530000, 102612500)]
13:38:43: [INFO] Routing SW2 with D2
13:38:43: [INFO] Using internal autorouter method
13:38:43: [INFO] Routing pad 'SW2:2' at (135890000, 94932500) with pad 'D2:2' at (138430000, 102612500) using coordinate system rotated by 0 degree(s)
13:38:43: [INFO] Adding track segment (B.Cu): [(135890000, 94932500), (135890000, 100072500)]
13:38:43: [INFO] Adding track segment (B.Cu): [(135890000, 100072500), (138430000, 102612500)]
13:38:43: [INFO] Routing SW1 with D1
13:38:43: [INFO] Using internal autorouter method
13:38:43: [INFO] Routing pad 'SW1:2' at (97790000, 94932500) with pad 'D1:2' at (100330000, 102612500) using coordinate system rotated by 0 degree(s)
13:38:43: [INFO] Adding track segment (B.Cu): [(97790000, 94932500), (97790000, 100072500)]
13:38:43: [INFO] Adding track segment (B.Cu): [(97790000, 100072500), (100330000, 102612500)]
13:38:43: [INFO] Routing COL5 pads
13:38:43: [INFO] Routing pad 'SW24:1' at (291465000, 116522500) with pad 'SW6:1' at (281940000, 97472500) using coordinate system rotated by 0 degree(s)
13:38:43: [INFO] Adding track segment (F.Cu): [(291465000, 116522500), (281940000, 106997500)]
13:38:43: [INFO] Adding track segment (F.Cu): [(281940000, 106997500), (281940000, 97472500)]
13:38:43: [INFO] Routing pad 'SW42:1' at (277177500, 135572500) with pad 'SW60:1' at (286702500, 154622500) using coordinate system rotated by 0 degree(s)
13:38:43: [INFO] Adding track segment (F.Cu): [(277177500, 135572500), (277177500, 145097500)]
13:38:43: [INFO] Adding track segment (F.Cu): [(277177500, 145097500), (286702500, 154622500)]
13:38:43: [INFO] Routing pad 'SW51:1' at (296227500, 135572500) with pad 'SW24:1' at (291465000, 116522500) using coordinate system rotated by 0 degree(s)
13:38:43: [INFO] Adding track segment (F.Cu): [(296227500, 135572500), (291465000, 130810000)]
13:38:44: [INFO] Adding track segment (F.Cu): [(291465000, 130810000), (291465000, 116522500)]
13:38:44: [INFO] Routing pad 'SW42:1' at (277177500, 135572500) with pad 'SW51:1' at (296227500, 135572500) using coordinate system rotated by 0 degree(s)
13:38:44: [INFO] Adding track segment (F.Cu): [(277177500, 135572500), (296227500, 135572500)]
13:38:44: [INFO] Routing pad 'SW6:1' at (281940000, 97472500) with pad 'SW15:1' at (300990000, 97472500) using coordinate system rotated by 0 degree(s)
13:38:44: [INFO] Adding track segment (F.Cu): [(281940000, 97472500), (300990000, 97472500)]
13:38:44: [INFO] Routing pad 'SW60:1' at (286702500, 154622500) with pad 'SW69:1' at (305752500, 154622500) using coordinate system rotated by 0 degree(s)
13:38:44: [INFO] Adding track segment (F.Cu): [(286702500, 154622500), (305752500, 154622500)]
13:38:44: [INFO] Routing pad 'SW24:1' at (291465000, 116522500) with pad 'SW33:1' at (310515000, 116522500) using coordinate system rotated by 0 degree(s)
13:38:44: [INFO] Adding track segment (F.Cu): [(291465000, 116522500), (310515000, 116522500)]
13:38:44: [INFO] Routing pad 'SW15:1' at (300990000, 97472500) with pad 'SW78:1' at (320040000, 73660000) using coordinate system rotated by 0 degree(s)
13:38:44: [INFO] Adding track segment (F.Cu): [(300990000, 97472500), (320040000, 78422500)]
13:38:44: [INFO] Adding track segment (F.Cu): [(320040000, 78422500), (320040000, 73660000)]
13:38:44: [INFO] Routing pad 'SW78:1' at (320040000, 73660000) with pad 'SW87:1' at (339090000, 73660000) using coordinate system rotated by 0 degree(s)
13:38:44: [INFO] Adding track segment (F.Cu): [(320040000, 73660000), (339090000, 73660000)]
13:38:44: [INFO] Routing COL7 pads
13:38:44: [INFO] Routing pad 'SW89:1' at (115252500, 154622500) with pad 'SW80a:1' at (141446250, 173672500) using coordinate system rotated by 0 degree(s)
13:38:44: [INFO] Routing pad 'SW80a:1' at (141446250, 173672500) with pad 'SW80:1' at (143827500, 173672500) using coordinate system rotated by 0 degree(s)
13:38:44: [INFO] Adding track segment (F.Cu): [(141446250, 173672500), (143827500, 173672500)]
13:38:44: [INFO] Routing pad 'SW80:1' at (143827500, 173672500) with pad 'SW8a:1' at (212883750, 173672500) using coordinate system rotated by 0 degree(s)
13:38:44: [INFO] Adding track segment (F.Cu): [(143827500, 173672500), (212883750, 173672500)]
13:38:44: [INFO] Routing pad 'SW8a:1' at (212883750, 173672500) with pad 'SW8:1' at (224790000, 173672500) using coordinate system rotated by 0 degree(s)
13:38:44: [INFO] Adding track segment (F.Cu): [(212883750, 173672500), (224790000, 173672500)]
13:38:44: [INFO] Routing pad 'SW8:1' at (224790000, 173672500) with pad 'SW26:1' at (284321250, 173672500) using coordinate system rotated by 0 degree(s)
13:38:44: [INFO] Adding track segment (F.Cu): [(224790000, 173672500), (284321250, 173672500)]
13:38:44: [INFO] Routing pad 'SW26:1' at (284321250, 173672500) with pad 'SW35:1' at (305752500, 173672500) using coordinate system rotated by 0 degree(s)
13:38:44: [INFO] Adding track segment (F.Cu): [(284321250, 173672500), (305752500, 173672500)]
13:38:44: [INFO] Routing pad 'SW35:1' at (305752500, 173672500) with pad 'SW35a:1' at (308133750, 173672500) using coordinate system rotated by 0 degree(s)
13:38:44: [INFO] Adding track segment (F.Cu): [(305752500, 173672500), (308133750, 173672500)]
13:38:44: [INFO] Routing pad 'SW35a:1' at (308133750, 173672500) with pad 'SW44:1' at (329565000, 173672500) using coordinate system rotated by 0 degree(s)
13:38:44: [INFO] Adding track segment (F.Cu): [(308133750, 173672500), (329565000, 173672500)]
13:38:44: [INFO] Routing pad 'SW44:1' at (329565000, 173672500) with pad 'SW44a:1' at (331946250, 173672500) using coordinate system rotated by 0 degree(s)
13:38:44: [INFO] Adding track segment (F.Cu): [(329565000, 173672500), (331946250, 173672500)]
13:38:44: [INFO] Routing pad 'SW44a:1' at (331946250, 173672500) with pad 'SW17:1' at (339090000, 97472500) using coordinate system rotated by 0 degree(s)
13:38:44: [INFO] Routing pad 'SW44a:1' at (331946250, 173672500) with pad 'SW53:1' at (353377500, 173672500) using coordinate system rotated by 0 degree(s)
13:38:44: [INFO] Adding track segment (F.Cu): [(331946250, 173672500), (353377500, 173672500)]
13:38:44: [INFO] Routing pad 'SW53:1' at (353377500, 173672500) with pad 'SW53a:1' at (355758750, 173672500) using coordinate system rotated by 0 degree(s)
13:38:44: [INFO] Adding track segment (F.Cu): [(353377500, 173672500), (355758750, 173672500)]
13:38:44: [INFO] Routing pad 'SW53a:1' at (355758750, 173672500) with pad 'SW62:1' at (381952500, 173672500) using coordinate system rotated by 0 degree(s)
13:38:44: [INFO] Adding track segment (F.Cu): [(355758750, 173672500), (381952500, 173672500)]
13:38:44: [INFO] Routing pad 'SW62:1' at (381952500, 173672500) with pad 'SW71:1' at (401002500, 173672500) using coordinate system rotated by 0 degree(s)
13:38:44: [INFO] Adding track segment (F.Cu): [(381952500, 173672500), (401002500, 173672500)]
13:38:44: [INFO] Routing COL8 pads
13:38:44: [INFO] Routing pad 'SW9:1' at (381952500, 97472500) with pad 'SW27:1' at (381952500, 116522500) using coordinate system rotated by 0 degree(s)
13:38:44: [INFO] Adding track segment (F.Cu): [(381952500, 97472500), (381952500, 116522500)]
13:38:44: [INFO] Routing pad 'SW18:1' at (401002500, 97472500) with pad 'SW81:1' at (401002500, 73660000) using coordinate system rotated by 0 degree(s)
13:38:44: [INFO] Adding track segment (F.Cu): [(401002500, 97472500), (401002500, 73660000)]
13:38:44: [INFO] Routing pad 'SW9:1' at (381952500, 97472500) with pad 'SW18:1' at (401002500, 97472500) using coordinate system rotated by 0 degree(s)
13:38:44: [INFO] Adding track segment (F.Cu): [(381952500, 97472500), (401002500, 97472500)]
13:38:44: [INFO] Routing pad 'SW27:1' at (381952500, 116522500) with pad 'SW36:1' at (401002500, 116522500) using coordinate system rotated by 0 degree(s)
13:38:44: [INFO] Adding track segment (F.Cu): [(381952500, 116522500), (401002500, 116522500)]
13:38:44: [INFO] Routing pad 'SW36:1' at (401002500, 116522500) with pad 'SW63:1' at (401002500, 154622500) using coordinate system rotated by 0 degree(s)
13:38:44: [INFO] Adding track segment (F.Cu): [(401002500, 116522500), (401002500, 154622500)]
13:38:44: [INFO] Routing pad 'SW81:1' at (401002500, 73660000) with pad 'SW90:1' at (420052500, 73660000) using coordinate system rotated by 0 degree(s)
13:38:44: [INFO] Adding track segment (F.Cu): [(401002500, 73660000), (420052500, 73660000)]
13:38:44: [INFO] Routing pad 'SW18:1' at (401002500, 97472500) with pad 'SW45:1' at (420052500, 97472500) using coordinate system rotated by 0 degree(s)
13:38:44: [INFO] Adding track segment (F.Cu): [(401002500, 97472500), (420052500, 97472500)]
13:38:44: [INFO] Routing pad 'SW36:1' at (401002500, 116522500) with pad 'SW54:1' at (420052500, 116522500) using coordinate system rotated by 0 degree(s)
13:38:44: [INFO] Adding track segment (F.Cu): [(401002500, 116522500), (420052500, 116522500)]
13:38:44: [INFO] Routing pad 'SW63:1' at (401002500, 154622500) with pad 'SW72:1' at (420052500, 173672500) using coordinate system rotated by 0 degree(s)
13:38:44: [INFO] Routing ROW8 pads
13:38:44: [INFO] Routing pad 'D74:1' at (157480000, 81600000) with pad 'D80:1' at (152717500, 181612500) using coordinate system rotated by 0 degree(s)
13:38:44: [INFO] Routing pad 'D73:1' at (100330000, 81600000) with pad 'D74:1' at (157480000, 81600000) using coordinate system rotated by 0 degree(s)
13:38:44: [INFO] Adding track segment (B.Cu): [(100330000, 81600000), (157480000, 81600000)]
13:38:44: [INFO] Could not add track segment due to detected collision
13:38:44: [INFO] Routing pad 'D74:1' at (157480000, 81600000) with pad 'D75:1' at (195580000, 81600000) using coordinate system rotated by 0 degree(s)
13:38:44: [INFO] Adding track segment (B.Cu): [(157480000, 81600000), (195580000, 81600000)]
13:38:44: [INFO] Could not add track segment due to detected collision
13:38:44: [INFO] Routing pad 'D75:1' at (195580000, 81600000) with pad 'D76:1' at (243205000, 81600000) using coordinate system rotated by 0 degree(s)
13:38:44: [INFO] Adding track segment (B.Cu): [(195580000, 81600000), (243205000, 81600000)]
13:38:44: [INFO] Could not add track segment due to detected collision
13:38:44: [INFO] Routing pad 'D76:1' at (243205000, 81600000) with pad 'D77:1' at (281305000, 81600000) using coordinate system rotated by 0 degree(s)
13:38:44: [INFO] Adding track segment (B.Cu): [(243205000, 81600000), (281305000, 81600000)]
13:38:44: [INFO] Could not add track segment due to detected collision
13:38:44: [INFO] Routing pad 'D77:1' at (281305000, 81600000) with pad 'D78:1' at (328930000, 81600000) using coordinate system rotated by 0 degree(s)
13:38:44: [INFO] Adding track segment (B.Cu): [(281305000, 81600000), (328930000, 81600000)]
13:38:44: [INFO] Could not add track segment due to detected collision
13:38:44: [INFO] Routing pad 'D78:1' at (328930000, 81600000) with pad 'D79:1' at (367030000, 81600000) using coordinate system rotated by 0 degree(s)
13:38:44: [INFO] Adding track segment (B.Cu): [(328930000, 81600000), (367030000, 81600000)]
13:38:44: [INFO] Could not add track segment due to detected collision
13:38:44: [INFO] Routing pad 'D79:1' at (367030000, 81600000) with pad 'D81:1' at (409892500, 81600000) using coordinate system rotated by 0 degree(s)
13:38:44: [INFO] Adding track segment (B.Cu): [(367030000, 81600000), (409892500, 81600000)]
13:38:44: [INFO] Could not add track segment due to detected collision
13:38:44: [INFO] Routing COL4 pads
13:38:44: [INFO] Routing pad 'SW23:1' at (253365000, 116522500) with pad 'SW5:1' at (243840000, 97472500) using coordinate system rotated by 0 degree(s)
13:38:44: [INFO] Adding track segment (F.Cu): [(253365000, 116522500), (243840000, 106997500)]
13:38:44: [INFO] Adding track segment (F.Cu): [(243840000, 106997500), (243840000, 97472500)]
13:38:44: [INFO] Routing pad 'SW41:1' at (239077500, 135572500) with pad 'SW59:1' at (248602500, 154622500) using coordinate system rotated by 0 degree(s)
13:38:44: [INFO] Adding track segment (F.Cu): [(239077500, 135572500), (239077500, 145097500)]
13:38:44: [INFO] Adding track segment (F.Cu): [(239077500, 145097500), (248602500, 154622500)]
13:38:44: [INFO] Routing pad 'SW50:1' at (258127500, 135572500) with pad 'SW23:1' at (253365000, 116522500) using coordinate system rotated by 0 degree(s)
13:38:44: [INFO] Adding track segment (F.Cu): [(258127500, 135572500), (253365000, 130810000)]
13:38:44: [INFO] Adding track segment (F.Cu): [(253365000, 130810000), (253365000, 116522500)]
13:38:44: [INFO] Routing pad 'SW41:1' at (239077500, 135572500) with pad 'SW50:1' at (258127500, 135572500) using coordinate system rotated by 0 degree(s)
13:38:44: [INFO] Adding track segment (F.Cu): [(239077500, 135572500), (258127500, 135572500)]
13:38:44: [INFO] Routing pad 'SW5:1' at (243840000, 97472500) with pad 'SW14:1' at (262890000, 97472500) using coordinate system rotated by 0 degree(s)
13:38:44: [INFO] Adding track segment (F.Cu): [(243840000, 97472500), (262890000, 97472500)]
13:38:44: [INFO] Routing pad 'SW59:1' at (248602500, 154622500) with pad 'SW68:1' at (267652500, 154622500) using coordinate system rotated by 0 degree(s)
13:38:44: [INFO] Adding track segment (F.Cu): [(248602500, 154622500), (267652500, 154622500)]
13:38:44: [INFO] Routing pad 'SW14:1' at (262890000, 97472500) with pad 'SW77:1' at (272415000, 73660000) using coordinate system rotated by 0 degree(s)
13:38:44: [INFO] Adding track segment (F.Cu): [(262890000, 97472500), (272415000, 87947500)]
13:38:44: [INFO] Adding track segment (F.Cu): [(272415000, 87947500), (272415000, 73660000)]
13:38:44: [INFO] Routing pad 'SW23:1' at (253365000, 116522500) with pad 'SW32:1' at (272415000, 116522500) using coordinate system rotated by 0 degree(s)
13:38:44: [INFO] Adding track segment (F.Cu): [(253365000, 116522500), (272415000, 116522500)]
13:38:44: [INFO] Routing pad 'SW77:1' at (272415000, 73660000) with pad 'SW86:1' at (300990000, 73660000) using coordinate system rotated by 0 degree(s)
13:38:44: [INFO] Adding track segment (F.Cu): [(272415000, 73660000), (300990000, 73660000)]
13:38:44: [INFO] Routing ROW9 pads
13:38:44: [INFO] Routing pad 'D89:1' at (124142500, 162562500) with pad 'D82:1' at (138430000, 81600000) using coordinate system rotated by 0 degree(s)
13:38:44: [INFO] Routing pad 'D82:1' at (138430000, 81600000) with pad 'D83:1' at (176530000, 81600000) using coordinate system rotated by 0 degree(s)
13:38:44: [INFO] Adding track segment (B.Cu): [(138430000, 81600000), (176530000, 81600000)]
13:38:44: [INFO] Could not add track segment due to detected collision
13:38:44: [INFO] Routing pad 'D83:1' at (176530000, 81600000) with pad 'D84:1' at (224155000, 81600000) using coordinate system rotated by 0 degree(s)
13:38:44: [INFO] Adding track segment (B.Cu): [(176530000, 81600000), (224155000, 81600000)]
13:38:44: [INFO] Could not add track segment due to detected collision
13:38:44: [INFO] Routing pad 'D84:1' at (224155000, 81600000) with pad 'D85:1' at (262255000, 81600000) using coordinate system rotated by 0 degree(s)
13:38:44: [INFO] Adding track segment (B.Cu): [(224155000, 81600000), (262255000, 81600000)]
13:38:44: [INFO] Could not add track segment due to detected collision
13:38:44: [INFO] Routing pad 'D85:1' at (262255000, 81600000) with pad 'D86:1' at (309880000, 81600000) using coordinate system rotated by 0 degree(s)
13:38:44: [INFO] Adding track segment (B.Cu): [(262255000, 81600000), (309880000, 81600000)]
13:38:44: [INFO] Could not add track segment due to detected collision
13:38:44: [INFO] Routing pad 'D86:1' at (309880000, 81600000) with pad 'D87:1' at (347980000, 81600000) using coordinate system rotated by 0 degree(s)
13:38:44: [INFO] Adding track segment (B.Cu): [(309880000, 81600000), (347980000, 81600000)]
13:38:44: [INFO] Could not add track segment due to detected collision
13:38:44: [INFO] Routing pad 'D87:1' at (347980000, 81600000) with pad 'D88:1' at (390842500, 81600000) using coordinate system rotated by 0 degree(s)
13:38:44: [INFO] Adding track segment (B.Cu): [(347980000, 81600000), (390842500, 81600000)]
13:38:44: [INFO] Could not add track segment due to detected collision
13:38:44: [INFO] Routing pad 'D88:1' at (390842500, 81600000) with pad 'D90:1' at (428942500, 81600000) using coordinate system rotated by 0 degree(s)
13:38:44: [INFO] Adding track segment (B.Cu): [(390842500, 81600000), (428942500, 81600000)]
13:38:44: [INFO] Could not add track segment due to detected collision
13:38:44: [INFO] Routing ROW1 pads
13:38:44: [INFO] Routing pad 'D10:1' at (119380000, 105412500) with pad 'D11:1' at (157480000, 105412500) using coordinate system rotated by 0 degree(s)
13:38:44: [INFO] Adding track segment (B.Cu): [(119380000, 105412500), (157480000, 105412500)]
13:38:44: [INFO] Could not add track segment due to detected collision
13:38:44: [INFO] Routing pad 'D11:1' at (157480000, 105412500) with pad 'D12:1' at (195580000, 105412500) using coordinate system rotated by 0 degree(s)
13:38:44: [INFO] Adding track segment (B.Cu): [(157480000, 105412500), (195580000, 105412500)]
13:38:44: [INFO] Could not add track segment due to detected collision
13:38:44: [INFO] Routing pad 'D12:1' at (195580000, 105412500) with pad 'D13:1' at (233680000, 105412500) using coordinate system rotated by 0 degree(s)
13:38:44: [INFO] Adding track segment (B.Cu): [(195580000, 105412500), (233680000, 105412500)]
13:38:44: [INFO] Could not add track segment due to detected collision
13:38:44: [INFO] Routing pad 'D13:1' at (233680000, 105412500) with pad 'D14:1' at (271780000, 105412500) using coordinate system rotated by 0 degree(s)
13:38:44: [INFO] Adding track segment (B.Cu): [(233680000, 105412500), (271780000, 105412500)]
13:38:44: [INFO] Could not add track segment due to detected collision
13:38:44: [INFO] Routing pad 'D14:1' at (271780000, 105412500) with pad 'D15:1' at (309880000, 105412500) using coordinate system rotated by 0 degree(s)
13:38:44: [INFO] Adding track segment (B.Cu): [(271780000, 105412500), (309880000, 105412500)]
13:38:44: [INFO] Could not add track segment due to detected collision
13:38:44: [INFO] Routing pad 'D15:1' at (309880000, 105412500) with pad 'D17:1' at (347980000, 105412500) using coordinate system rotated by 0 degree(s)
13:38:44: [INFO] Adding track segment (B.Cu): [(309880000, 105412500), (347980000, 105412500)]
13:38:44: [INFO] Could not add track segment due to detected collision
13:38:44: [INFO] Routing pad 'D17:1' at (347980000, 105412500) with pad 'D16:1' at (357505000, 105412500) using coordinate system rotated by 0 degree(s)
13:38:44: [INFO] Adding track segment (B.Cu): [(347980000, 105412500), (357505000, 105412500)]
13:38:44: [INFO] Routing pad 'D16:1' at (357505000, 105412500) with pad 'D18:1' at (409892500, 105412500) using coordinate system rotated by 0 degree(s)
13:38:44: [INFO] Adding track segment (B.Cu): [(357505000, 105412500), (409892500, 105412500)]
13:38:44: [INFO] Could not add track segment due to detected collision
13:38:44: [INFO] Routing ROW5 pads
13:38:44: [INFO] Routing pad 'D46:1' at (128905000, 181612500) with pad 'D47:1' at (152717500, 143512500) using coordinate system rotated by 0 degree(s)
13:38:44: [INFO] Routing pad 'D47:1' at (152717500, 143512500) with pad 'D48:1' at (190817500, 143512500) using coordinate system rotated by 0 degree(s)
13:38:44: [INFO] Adding track segment (B.Cu): [(152717500, 143512500), (190817500, 143512500)]
13:38:44: [INFO] Could not add track segment due to detected collision
13:38:44: [INFO] Routing pad 'D48:1' at (190817500, 143512500) with pad 'D49:1' at (228917500, 143512500) using coordinate system rotated by 0 degree(s)
13:38:44: [INFO] Adding track segment (B.Cu): [(190817500, 143512500), (228917500, 143512500)]
13:38:44: [INFO] Could not add track segment due to detected collision
13:38:44: [INFO] Routing pad 'D49:1' at (228917500, 143512500) with pad 'D50:1' at (267017500, 143512500) using coordinate system rotated by 0 degree(s)
13:38:44: [INFO] Adding track segment (B.Cu): [(228917500, 143512500), (267017500, 143512500)]
13:38:44: [INFO] Could not add track segment due to detected collision
13:38:44: [INFO] Routing pad 'D50:1' at (267017500, 143512500) with pad 'D51:1' at (305117500, 143512500) using coordinate system rotated by 0 degree(s)
13:38:44: [INFO] Adding track segment (B.Cu): [(267017500, 143512500), (305117500, 143512500)]
13:38:44: [INFO] Could not add track segment due to detected collision
13:38:44: [INFO] Routing pad 'D51:1' at (305117500, 143512500) with pad 'D52:1' at (355123750, 143512500) using coordinate system rotated by 0 degree(s)
13:38:44: [INFO] Adding track segment (B.Cu): [(305117500, 143512500), (355123750, 143512500)]
13:38:44: [INFO] Could not add track segment due to detected collision
13:38:44: [INFO] Routing pad 'D52:1' at (355123750, 143512500) with pad 'D53:1' at (362267500, 181612500) using coordinate system rotated by 0 degree(s)
13:38:44: [INFO] Routing pad 'D52:1' at (355123750, 143512500) with pad 'D54:1' at (428942500, 124462500) using coordinate system rotated by 0 degree(s)
13:38:44: [INFO] Adding track segment (B.Cu): [(355123750, 143512500), (409892500, 143512500)]
13:38:44: [INFO] Adding track segment (B.Cu): [(409892500, 143512500), (428942500, 124462500)]
13:38:44: [INFO] Routing ROW3 pads
13:38:44: [INFO] Routing pad 'D28:1' at (128905000, 124462500) with pad 'D29:1' at (167005000, 124462500) using coordinate system rotated by 0 degree(s)
13:38:44: [INFO] Adding track segment (B.Cu): [(128905000, 124462500), (167005000, 124462500)]
13:38:44: [INFO] Could not add track segment due to detected collision
13:38:44: [INFO] Routing pad 'D29:1' at (167005000, 124462500) with pad 'D30:1' at (205105000, 124462500) using coordinate system rotated by 0 degree(s)
13:38:44: [INFO] Adding track segment (B.Cu): [(167005000, 124462500), (205105000, 124462500)]
13:38:44: [INFO] Could not add track segment due to detected collision
13:38:44: [INFO] Routing pad 'D30:1' at (205105000, 124462500) with pad 'D31:1' at (243205000, 124462500) using coordinate system rotated by 0 degree(s)
13:38:44: [INFO] Adding track segment (B.Cu): [(205105000, 124462500), (243205000, 124462500)]
13:38:44: [INFO] Could not add track segment due to detected collision
13:38:44: [INFO] Routing pad 'D31:1' at (243205000, 124462500) with pad 'D32:1' at (281305000, 124462500) using coordinate system rotated by 0 degree(s)
13:38:44: [INFO] Adding track segment (B.Cu): [(243205000, 124462500), (281305000, 124462500)]
13:38:44: [INFO] Could not add track segment due to detected collision
13:38:44: [INFO] Routing pad 'D33:1' at (319405000, 124462500) with pad 'D35:1' at (314642500, 181612500) using coordinate system rotated by 0 degree(s)
13:38:44: [INFO] Routing pad 'D32:1' at (281305000, 124462500) with pad 'D33:1' at (319405000, 124462500) using coordinate system rotated by 0 degree(s)
13:38:44: [INFO] Adding track segment (B.Cu): [(281305000, 124462500), (319405000, 124462500)]
13:38:44: [INFO] Could not add track segment due to detected collision
13:38:44: [INFO] Routing pad 'D33:1' at (319405000, 124462500) with pad 'D34:1' at (362267500, 124462500) using coordinate system rotated by 0 degree(s)
13:38:44: [INFO] Adding track segment (B.Cu): [(319405000, 124462500), (362267500, 124462500)]
13:38:44: [INFO] Could not add track segment due to detected collision
13:38:44: [INFO] Routing pad 'D34:1' at (362267500, 124462500) with pad 'D36:1' at (409892500, 124462500) using coordinate system rotated by 0 degree(s)
13:38:44: [INFO] Adding track segment (B.Cu): [(362267500, 124462500), (409892500, 124462500)]
13:38:44: [INFO] Could not add track segment due to detected collision
13:38:44: [INFO] Routing COL3 pads
13:38:44: [INFO] Routing pad 'SW22:1' at (215265000, 116522500) with pad 'SW4:1' at (205740000, 97472500) using coordinate system rotated by 0 degree(s)
13:38:44: [INFO] Adding track segment (F.Cu): [(215265000, 116522500), (205740000, 106997500)]
13:38:44: [INFO] Adding track segment (F.Cu): [(205740000, 106997500), (205740000, 97472500)]
13:38:44: [INFO] Routing pad 'SW40:1' at (200977500, 135572500) with pad 'SW58:1' at (210502500, 154622500) using coordinate system rotated by 0 degree(s)
13:38:44: [INFO] Adding track segment (F.Cu): [(200977500, 135572500), (200977500, 145097500)]
13:38:44: [INFO] Adding track segment (F.Cu): [(200977500, 145097500), (210502500, 154622500)]
13:38:44: [INFO] Routing pad 'SW49:1' at (220027500, 135572500) with pad 'SW22:1' at (215265000, 116522500) using coordinate system rotated by 0 degree(s)
13:38:44: [INFO] Adding track segment (F.Cu): [(220027500, 135572500), (215265000, 130810000)]
13:38:44: [INFO] Adding track segment (F.Cu): [(215265000, 130810000), (215265000, 116522500)]
13:38:44: [INFO] Routing pad 'SW40:1' at (200977500, 135572500) with pad 'SW49:1' at (220027500, 135572500) using coordinate system rotated by 0 degree(s)
13:38:44: [INFO] Adding track segment (F.Cu): [(200977500, 135572500), (220027500, 135572500)]
13:38:44: [INFO] Routing pad 'SW4:1' at (205740000, 97472500) with pad 'SW13:1' at (224790000, 97472500) using coordinate system rotated by 0 degree(s)
13:38:44: [INFO] Adding track segment (F.Cu): [(205740000, 97472500), (224790000, 97472500)]
13:38:44: [INFO] Routing pad 'SW58:1' at (210502500, 154622500) with pad 'SW67:1' at (229552500, 154622500) using coordinate system rotated by 0 degree(s)
13:38:44: [INFO] Adding track segment (F.Cu): [(210502500, 154622500), (229552500, 154622500)]
13:38:44: [INFO] Routing pad 'SW13:1' at (224790000, 97472500) with pad 'SW76:1' at (234315000, 73660000) using coordinate system rotated by 0 degree(s)
13:38:44: [INFO] Adding track segment (F.Cu): [(224790000, 97472500), (234315000, 87947500)]
13:38:44: [INFO] Adding track segment (F.Cu): [(234315000, 87947500), (234315000, 73660000)]
13:38:44: [INFO] Routing pad 'SW22:1' at (215265000, 116522500) with pad 'SW31:1' at (234315000, 116522500) using coordinate system rotated by 0 degree(s)
13:38:44: [INFO] Adding track segment (F.Cu): [(215265000, 116522500), (234315000, 116522500)]
13:38:44: [INFO] Routing pad 'SW76:1' at (234315000, 73660000) with pad 'SW85:1' at (253365000, 73660000) using coordinate system rotated by 0 degree(s)
13:38:44: [INFO] Adding track segment (F.Cu): [(234315000, 73660000), (253365000, 73660000)]
13:38:44: [INFO] Routing COL2 pads
13:38:44: [INFO] Routing pad 'SW21:1' at (177165000, 116522500) with pad 'SW3:1' at (167640000, 97472500) using coordinate system rotated by 0 degree(s)
13:38:44: [INFO] Adding track segment (F.Cu): [(177165000, 116522500), (167640000, 106997500)]
13:38:44: [INFO] Adding track segment (F.Cu): [(167640000, 106997500), (167640000, 97472500)]
13:38:44: [INFO] Routing pad 'SW39:1' at (162877500, 135572500) with pad 'SW57:1' at (172402500, 154622500) using coordinate system rotated by 0 degree(s)
13:38:44: [INFO] Adding track segment (F.Cu): [(162877500, 135572500), (162877500, 145097500)]
13:38:45: [INFO] Adding track segment (F.Cu): [(162877500, 145097500), (172402500, 154622500)]
13:38:45: [INFO] Routing pad 'SW48:1' at (181927500, 135572500) with pad 'SW21:1' at (177165000, 116522500) using coordinate system rotated by 0 degree(s)
13:38:45: [INFO] Adding track segment (F.Cu): [(181927500, 135572500), (177165000, 130810000)]
13:38:45: [INFO] Adding track segment (F.Cu): [(177165000, 130810000), (177165000, 116522500)]
13:38:45: [INFO] Routing pad 'SW39:1' at (162877500, 135572500) with pad 'SW48:1' at (181927500, 135572500) using coordinate system rotated by 0 degree(s)
13:38:45: [INFO] Adding track segment (F.Cu): [(162877500, 135572500), (181927500, 135572500)]
13:38:45: [INFO] Routing pad 'SW12:1' at (186690000, 97472500) with pad 'SW75:1' at (186690000, 73660000) using coordinate system rotated by 0 degree(s)
13:38:45: [INFO] Adding track segment (F.Cu): [(186690000, 97472500), (186690000, 73660000)]
13:38:45: [INFO] Routing pad 'SW3:1' at (167640000, 97472500) with pad 'SW12:1' at (186690000, 97472500) using coordinate system rotated by 0 degree(s)
13:38:45: [INFO] Adding track segment (F.Cu): [(167640000, 97472500), (186690000, 97472500)]
13:38:45: [INFO] Routing pad 'SW57:1' at (172402500, 154622500) with pad 'SW66:1' at (191452500, 154622500) using coordinate system rotated by 0 degree(s)
13:38:45: [INFO] Adding track segment (F.Cu): [(172402500, 154622500), (191452500, 154622500)]
13:38:45: [INFO] Routing pad 'SW21:1' at (177165000, 116522500) with pad 'SW30:1' at (196215000, 116522500) using coordinate system rotated by 0 degree(s)
13:38:45: [INFO] Adding track segment (F.Cu): [(177165000, 116522500), (196215000, 116522500)]
13:38:45: [INFO] Routing pad 'SW75:1' at (186690000, 73660000) with pad 'SW84:1' at (215265000, 73660000) using coordinate system rotated by 0 degree(s)
13:38:45: [INFO] Adding track segment (F.Cu): [(186690000, 73660000), (215265000, 73660000)]
13:38:45: [INFO] Routing ROW4 pads
13:38:45: [INFO] Routing pad 'D37:1' at (107473750, 143512500) with pad 'D38:1' at (133667500, 143512500) using coordinate system rotated by 0 degree(s)
13:38:45: [INFO] Adding track segment (B.Cu): [(107473750, 143512500), (133667500, 143512500)]
13:38:45: [INFO] Routing pad 'D38:1' at (133667500, 143512500) with pad 'D39:1' at (171767500, 143512500) using coordinate system rotated by 0 degree(s)
13:38:45: [INFO] Adding track segment (B.Cu): [(133667500, 143512500), (171767500, 143512500)]
13:38:45: [INFO] Could not add track segment due to detected collision
13:38:45: [INFO] Routing pad 'D39:1' at (171767500, 143512500) with pad 'D40:1' at (209867500, 143512500) using coordinate system rotated by 0 degree(s)
13:38:45: [INFO] Adding track segment (B.Cu): [(171767500, 143512500), (209867500, 143512500)]
13:38:45: [INFO] Could not add track segment due to detected collision
13:38:45: [INFO] Routing pad 'D40:1' at (209867500, 143512500) with pad 'D41:1' at (247967500, 143512500) using coordinate system rotated by 0 degree(s)
13:38:45: [INFO] Adding track segment (B.Cu): [(209867500, 143512500), (247967500, 143512500)]
13:38:45: [INFO] Could not add track segment due to detected collision
13:38:45: [INFO] Routing pad 'D41:1' at (247967500, 143512500) with pad 'D42:1' at (286067500, 143512500) using coordinate system rotated by 0 degree(s)
13:38:45: [INFO] Adding track segment (B.Cu): [(247967500, 143512500), (286067500, 143512500)]
13:38:45: [INFO] Could not add track segment due to detected collision
13:38:45: [INFO] Routing pad 'D42:1' at (286067500, 143512500) with pad 'D43:1' at (324167500, 143512500) using coordinate system rotated by 0 degree(s)
13:38:45: [INFO] Adding track segment (B.Cu): [(286067500, 143512500), (324167500, 143512500)]
13:38:45: [INFO] Could not add track segment due to detected collision
13:38:45: [INFO] Routing pad 'D43:1' at (324167500, 143512500) with pad 'D44:1' at (338455000, 181612500) using coordinate system rotated by 0 degree(s)
13:38:45: [INFO] Routing pad 'D43:1' at (324167500, 143512500) with pad 'D45:1' at (428942500, 105412500) using coordinate system rotated by 0 degree(s)
13:38:45: [INFO] Routing COL6 pads
13:38:45: [INFO] Routing pad 'SW25:1' at (329565000, 116522500) with pad 'SW7:1' at (320040000, 97472500) using coordinate system rotated by 0 degree(s)
13:38:45: [INFO] Adding track segment (F.Cu): [(329565000, 116522500), (320040000, 106997500)]
13:38:45: [INFO] Adding track segment (F.Cu): [(320040000, 106997500), (320040000, 97472500)]
13:38:45: [INFO] Routing pad 'SW34a:1' at (334327500, 135572500) with pad 'SW25:1' at (329565000, 116522500) using coordinate system rotated by 0 degree(s)
13:38:45: [INFO] Adding track segment (F.Cu): [(334327500, 135572500), (329565000, 130810000)]
13:38:45: [INFO] Adding track segment (F.Cu): [(329565000, 130810000), (329565000, 116522500)]
13:38:45: [INFO] Routing pad 'SW34a:1' at (334327500, 135572500) with pad 'SW61a:1' at (331946250, 154622500) using coordinate system rotated by 0 degree(s)
13:38:45: [INFO] Routing pad 'SW43:1' at (315277500, 135572500) with pad 'SW34a:1' at (334327500, 135572500) using coordinate system rotated by 0 degree(s)
13:38:45: [INFO] Adding track segment (F.Cu): [(315277500, 135572500), (334327500, 135572500)]
13:38:45: [INFO] Routing pad 'SW61a:1' at (331946250, 154622500) with pad 'SW61:1' at (341471250, 154622500) using coordinate system rotated by 0 degree(s)
13:38:45: [INFO] Adding track segment (F.Cu): [(331946250, 154622500), (341471250, 154622500)]
13:38:45: [INFO] Routing pad 'SW34a:1' at (334327500, 135572500) with pad 'SW52:1' at (346233750, 135572500) using coordinate system rotated by 0 degree(s)
13:38:45: [INFO] Adding track segment (F.Cu): [(334327500, 135572500), (346233750, 135572500)]
13:38:45: [INFO] Routing pad 'SW34:1' at (353377500, 116522500) with pad 'SW16:1' at (348615000, 97472500) using coordinate system rotated by 0 degree(s)
13:38:45: [INFO] Routing pad 'SW52a:1' at (355758750, 126047500) with pad 'SW34:1' at (353377500, 116522500) using coordinate system rotated by 0 degree(s)
13:38:45: [INFO] Routing pad 'SW52:1' at (346233750, 135572500) with pad 'SW52a:1' at (355758750, 126047500) using coordinate system rotated by 0 degree(s)
13:38:45: [INFO] Adding track segment (F.Cu): [(346233750, 135572500), (346233750, 135572500)]
13:38:45: [INFO] Adding track segment (F.Cu): [(346233750, 135572500), (355758750, 126047500)]
13:38:45: [INFO] Routing pad 'SW16a:1' at (358140000, 97472500) with pad 'SW79:1' at (358140000, 73660000) using coordinate system rotated by 0 degree(s)
13:38:45: [INFO] Adding track segment (F.Cu): [(358140000, 97472500), (358140000, 73660000)]
13:38:45: [INFO] Routing pad 'SW16:1' at (348615000, 97472500) with pad 'SW16a:1' at (358140000, 97472500) using coordinate system rotated by 0 degree(s)
13:38:45: [INFO] Adding track segment (F.Cu): [(348615000, 97472500), (358140000, 97472500)]
13:38:45: [INFO] Routing pad 'SW61:1' at (341471250, 154622500) with pad 'SW70:1' at (358140000, 154622500) using coordinate system rotated by 0 degree(s)
13:38:45: [INFO] Adding track segment (F.Cu): [(341471250, 154622500), (358140000, 154622500)]
13:38:45: [INFO] Routing pad 'SW79:1' at (358140000, 73660000) with pad 'SW88:1' at (381952500, 73660000) using coordinate system rotated by 0 degree(s)
13:38:45: [INFO] Adding track segment (F.Cu): [(358140000, 73660000), (381952500, 73660000)]
13:38:45: [INFO] Routing ROW2 pads
13:38:45: [INFO] Routing pad 'D19:1' at (105092500, 124462500) with pad 'D20:1' at (147955000, 124462500) using coordinate system rotated by 0 degree(s)
13:38:45: [INFO] Adding track segment (B.Cu): [(105092500, 124462500), (147955000, 124462500)]
13:38:45: [INFO] Could not add track segment due to detected collision
13:38:45: [INFO] Routing pad 'D20:1' at (147955000, 124462500) with pad 'D21:1' at (186055000, 124462500) using coordinate system rotated by 0 degree(s)
13:38:45: [INFO] Adding track segment (B.Cu): [(147955000, 124462500), (186055000, 124462500)]
13:38:45: [INFO] Could not add track segment due to detected collision
13:38:45: [INFO] Routing pad 'D21:1' at (186055000, 124462500) with pad 'D22:1' at (224155000, 124462500) using coordinate system rotated by 0 degree(s)
13:38:45: [INFO] Adding track segment (B.Cu): [(186055000, 124462500), (224155000, 124462500)]
13:38:45: [INFO] Could not add track segment due to detected collision
13:38:45: [INFO] Routing pad 'D22:1' at (224155000, 124462500) with pad 'D23:1' at (262255000, 124462500) using coordinate system rotated by 0 degree(s)
13:38:45: [INFO] Adding track segment (B.Cu): [(224155000, 124462500), (262255000, 124462500)]
13:38:45: [INFO] Could not add track segment due to detected collision
13:38:45: [INFO] Routing pad 'D24:1' at (300355000, 124462500) with pad 'D26:1' at (293211250, 181612500) using coordinate system rotated by 0 degree(s)
13:38:45: [INFO] Routing pad 'D23:1' at (262255000, 124462500) with pad 'D24:1' at (300355000, 124462500) using coordinate system rotated by 0 degree(s)
13:38:45: [INFO] Adding track segment (B.Cu): [(262255000, 124462500), (300355000, 124462500)]
13:38:45: [INFO] Could not add track segment due to detected collision
13:38:45: [INFO] Routing pad 'D24:1' at (300355000, 124462500) with pad 'D25:1' at (338455000, 124462500) using coordinate system rotated by 0 degree(s)
13:38:45: [INFO] Adding track segment (B.Cu): [(300355000, 124462500), (338455000, 124462500)]
13:38:45: [INFO] Could not add track segment due to detected collision
13:38:45: [INFO] Routing pad 'D25:1' at (338455000, 124462500) with pad 'D27:1' at (390842500, 124462500) using coordinate system rotated by 0 degree(s)
13:38:45: [INFO] Adding track segment (B.Cu): [(338455000, 124462500), (390842500, 124462500)]
13:38:45: [INFO] Could not add track segment due to detected collision
13:38:45: [INFO] Routing ROW0 pads
13:38:45: [INFO] Routing pad 'D1:1' at (100330000, 105412500) with pad 'D2:1' at (138430000, 105412500) using coordinate system rotated by 0 degree(s)
13:38:45: [INFO] Adding track segment (B.Cu): [(100330000, 105412500), (138430000, 105412500)]
13:38:45: [INFO] Could not add track segment due to detected collision
13:38:45: [INFO] Routing pad 'D2:1' at (138430000, 105412500) with pad 'D3:1' at (176530000, 105412500) using coordinate system rotated by 0 degree(s)
13:38:45: [INFO] Adding track segment (B.Cu): [(138430000, 105412500), (176530000, 105412500)]
13:38:45: [INFO] Could not add track segment due to detected collision
13:38:45: [INFO] Routing pad 'D3:1' at (176530000, 105412500) with pad 'D4:1' at (214630000, 105412500) using coordinate system rotated by 0 degree(s)
13:38:45: [INFO] Adding track segment (B.Cu): [(176530000, 105412500), (214630000, 105412500)]
13:38:45: [INFO] Could not add track segment due to detected collision
13:38:45: [INFO] Routing pad 'D4:1' at (214630000, 105412500) with pad 'D8:1' at (233680000, 181612500) using coordinate system rotated by 0 degree(s)
13:38:45: [INFO] Routing pad 'D4:1' at (214630000, 105412500) with pad 'D5:1' at (252730000, 105412500) using coordinate system rotated by 0 degree(s)
13:38:45: [INFO] Adding track segment (B.Cu): [(214630000, 105412500), (252730000, 105412500)]
13:38:45: [INFO] Could not add track segment due to detected collision
13:38:45: [INFO] Routing pad 'D5:1' at (252730000, 105412500) with pad 'D6:1' at (290830000, 105412500) using coordinate system rotated by 0 degree(s)
13:38:45: [INFO] Adding track segment (B.Cu): [(252730000, 105412500), (290830000, 105412500)]
13:38:45: [INFO] Could not add track segment due to detected collision
13:38:45: [INFO] Routing pad 'D6:1' at (290830000, 105412500) with pad 'D7:1' at (328930000, 105412500) using coordinate system rotated by 0 degree(s)
13:38:45: [INFO] Adding track segment (B.Cu): [(290830000, 105412500), (328930000, 105412500)]
13:38:45: [INFO] Could not add track segment due to detected collision
13:38:45: [INFO] Routing pad 'D7:1' at (328930000, 105412500) with pad 'D9:1' at (390842500, 105412500) using coordinate system rotated by 0 degree(s)
13:38:45: [INFO] Adding track segment (B.Cu): [(328930000, 105412500), (390842500, 105412500)]
13:38:45: [INFO] Could not add track segment due to detected collision
13:38:45: [INFO] Routing ROW7 pads
13:38:45: [INFO] Routing pad 'D64:1' at (112236250, 162562500) with pad 'D65:1' at (162242500, 162562500) using coordinate system rotated by 0 degree(s)
13:38:45: [INFO] Adding track segment (B.Cu): [(112236250, 162562500), (162242500, 162562500)]
13:38:45: [INFO] Could not add track segment due to detected collision
13:38:45: [INFO] Routing pad 'D65:1' at (162242500, 162562500) with pad 'D66:1' at (200342500, 162562500) using coordinate system rotated by 0 degree(s)
13:38:45: [INFO] Adding track segment (B.Cu): [(162242500, 162562500), (200342500, 162562500)]
13:38:45: [INFO] Could not add track segment due to detected collision
13:38:45: [INFO] Routing pad 'D66:1' at (200342500, 162562500) with pad 'D67:1' at (238442500, 162562500) using coordinate system rotated by 0 degree(s)
13:38:45: [INFO] Adding track segment (B.Cu): [(200342500, 162562500), (238442500, 162562500)]
13:38:45: [INFO] Could not add track segment due to detected collision
13:38:45: [INFO] Routing pad 'D67:1' at (238442500, 162562500) with pad 'D68:1' at (276542500, 162562500) using coordinate system rotated by 0 degree(s)
13:38:45: [INFO] Adding track segment (B.Cu): [(238442500, 162562500), (276542500, 162562500)]
13:38:45: [INFO] Could not add track segment due to detected collision
13:38:45: [INFO] Routing pad 'D68:1' at (276542500, 162562500) with pad 'D69:1' at (314642500, 162562500) using coordinate system rotated by 0 degree(s)
13:38:45: [INFO] Adding track segment (B.Cu): [(276542500, 162562500), (314642500, 162562500)]
13:38:45: [INFO] Could not add track segment due to detected collision
13:38:45: [INFO] Routing pad 'D69:1' at (314642500, 162562500) with pad 'D70:1' at (367030000, 162562500) using coordinate system rotated by 0 degree(s)
13:38:45: [INFO] Adding track segment (B.Cu): [(314642500, 162562500), (367030000, 162562500)]
13:38:45: [INFO] Could not add track segment due to detected collision
13:38:45: [INFO] Routing pad 'D70:1' at (367030000, 162562500) with pad 'D71:1' at (409892500, 181612500) using coordinate system rotated by 0 degree(s)
13:38:45: [INFO] Routing pad 'D71:1' at (409892500, 181612500) with pad 'D72:1' at (428942500, 181612500) using coordinate system rotated by 0 degree(s)
13:38:45: [INFO] Adding track segment (B.Cu): [(409892500, 181612500), (428942500, 181612500)]
13:38:45: [INFO] Routing COL1 pads
13:38:45: [INFO] Routing pad 'SW20:1' at (139065000, 116522500) with pad 'SW2:1' at (129540000, 97472500) using coordinate system rotated by 0 degree(s)
13:38:45: [INFO] Adding track segment (F.Cu): [(139065000, 116522500), (129540000, 106997500)]
13:38:45: [INFO] Adding track segment (F.Cu): [(129540000, 106997500), (129540000, 97472500)]
13:38:45: [INFO] Routing pad 'SW38:1' at (124777500, 135572500) with pad 'SW56:1' at (134302500, 154622500) using coordinate system rotated by 0 degree(s)
13:38:45: [INFO] Adding track segment (F.Cu): [(124777500, 135572500), (124777500, 145097500)]
13:38:45: [INFO] Adding track segment (F.Cu): [(124777500, 145097500), (134302500, 154622500)]
13:38:45: [INFO] Routing pad 'SW47:1' at (143827500, 135572500) with pad 'SW20:1' at (139065000, 116522500) using coordinate system rotated by 0 degree(s)
13:38:45: [INFO] Adding track segment (F.Cu): [(143827500, 135572500), (139065000, 130810000)]
13:38:45: [INFO] Adding track segment (F.Cu): [(139065000, 130810000), (139065000, 116522500)]
13:38:45: [INFO] Routing pad 'SW38:1' at (124777500, 135572500) with pad 'SW47:1' at (143827500, 135572500) using coordinate system rotated by 0 degree(s)
13:38:45: [INFO] Adding track segment (F.Cu): [(124777500, 135572500), (143827500, 135572500)]
13:38:45: [INFO] Routing pad 'SW11:1' at (148590000, 97472500) with pad 'SW74:1' at (148590000, 73660000) using coordinate system rotated by 0 degree(s)
13:38:45: [INFO] Adding track segment (F.Cu): [(148590000, 97472500), (148590000, 73660000)]
13:38:45: [INFO] Routing pad 'SW2:1' at (129540000, 97472500) with pad 'SW11:1' at (148590000, 97472500) using coordinate system rotated by 0 degree(s)
13:38:45: [INFO] Adding track segment (F.Cu): [(129540000, 97472500), (148590000, 97472500)]
13:38:45: [INFO] Routing pad 'SW56:1' at (134302500, 154622500) with pad 'SW65:1' at (153352500, 154622500) using coordinate system rotated by 0 degree(s)
13:38:45: [INFO] Adding track segment (F.Cu): [(134302500, 154622500), (153352500, 154622500)]
13:38:45: [INFO] Routing pad 'SW20:1' at (139065000, 116522500) with pad 'SW29:1' at (158115000, 116522500) using coordinate system rotated by 0 degree(s)
13:38:45: [INFO] Adding track segment (F.Cu): [(139065000, 116522500), (158115000, 116522500)]
13:38:45: [INFO] Routing pad 'SW74:1' at (148590000, 73660000) with pad 'SW83:1' at (167640000, 73660000) using coordinate system rotated by 0 degree(s)
13:38:45: [INFO] Adding track segment (F.Cu): [(148590000, 73660000), (167640000, 73660000)]
13:38:45: [INFO] Routing COL0 pads
13:38:45: [INFO] Routing pad 'SW73:1' at (91440000, 73660000) with pad 'SW1:1' at (91440000, 97472500) using coordinate system rotated by 0 degree(s)
13:38:45: [INFO] Adding track segment (F.Cu): [(91440000, 73660000), (91440000, 97472500)]
13:38:45: [INFO] Routing pad 'SW37:1' at (98583750, 135572500) with pad 'SW64a:1' at (93821250, 154622500) using coordinate system rotated by 0 degree(s)
13:38:45: [INFO] Adding track segment (F.Cu): [(98583750, 135572500), (98583750, 149860000)]
13:38:45: [INFO] Adding track segment (F.Cu): [(98583750, 149860000), (93821250, 154622500)]
13:38:45: [INFO] Routing pad 'SW64a:1' at (93821250, 154622500) with pad 'SW55a:1' at (93821250, 173672500) using coordinate system rotated by 0 degree(s)
13:38:45: [INFO] Adding track segment (F.Cu): [(93821250, 154622500), (93821250, 173672500)]
13:38:45: [INFO] Could not add track segment due to detected collision
13:38:45: [INFO] Routing pad 'SW1:1' at (91440000, 97472500) with pad 'SW19:1' at (96202500, 116522500) using coordinate system rotated by 0 degree(s)
13:38:45: [INFO] Adding track segment (F.Cu): [(91440000, 97472500), (91440000, 111760000)]
13:38:45: [INFO] Adding track segment (F.Cu): [(91440000, 111760000), (96202500, 116522500)]
13:38:45: [INFO] Routing pad 'SW55a:1' at (93821250, 173672500) with pad 'SW55:1' at (96202500, 173672500) using coordinate system rotated by 0 degree(s)
13:38:45: [INFO] Adding track segment (F.Cu): [(93821250, 173672500), (96202500, 173672500)]
13:38:45: [INFO] Routing pad 'SW19:1' at (96202500, 116522500) with pad 'SW37:1' at (98583750, 135572500) using coordinate system rotated by 0 degree(s)
13:38:45: [INFO] Adding track segment (F.Cu): [(96202500, 116522500), (96202500, 133191250)]
13:38:45: [INFO] Adding track segment (F.Cu): [(96202500, 133191250), (98583750, 135572500)]
13:38:45: [INFO] Routing pad 'SW64a:1' at (93821250, 154622500) with pad 'SW64:1' at (103346250, 154622500) using coordinate system rotated by 0 degree(s)
13:38:45: [INFO] Adding track segment (F.Cu): [(93821250, 154622500), (103346250, 154622500)]
13:38:45: [INFO] Routing pad 'SW1:1' at (91440000, 97472500) with pad 'SW10:1' at (110490000, 97472500) using coordinate system rotated by 0 degree(s)
13:38:45: [INFO] Adding track segment (F.Cu): [(91440000, 97472500), (110490000, 97472500)]
13:38:45: [INFO] Routing pad 'SW55:1' at (96202500, 173672500) with pad 'SW46a:1' at (117633750, 173672500) using coordinate system rotated by 0 degree(s)
13:38:45: [INFO] Adding track segment (F.Cu): [(96202500, 173672500), (117633750, 173672500)]
13:38:45: [INFO] Routing pad 'SW10:1' at (110490000, 97472500) with pad 'SW28:1' at (120015000, 116522500) using coordinate system rotated by 0 degree(s)
13:38:45: [INFO] Adding track segment (F.Cu): [(110490000, 97472500), (110490000, 106997500)]
13:38:45: [INFO] Adding track segment (F.Cu): [(110490000, 106997500), (120015000, 116522500)]
13:38:45: [INFO] Routing pad 'SW46a:1' at (117633750, 173672500) with pad 'SW46:1' at (120015000, 173672500) using coordinate system rotated by 0 degree(s)
13:38:45: [INFO] Adding track segment (F.Cu): [(117633750, 173672500), (120015000, 173672500)]
13:38:45: [INFO] Routing pad 'SW10:1' at (110490000, 97472500) with pad 'SW82:1' at (129540000, 73660000) using coordinate system rotated by 0 degree(s)
13:38:45: [INFO] Adding track segment (F.Cu): [(110490000, 97472500), (129540000, 78422500)]
13:38:45: [INFO] Adding track segment (F.Cu): [(129540000, 78422500), (129540000, 73660000)]
13:38:45: [INFO] Routing ROW6 pads
13:38:45: [INFO] Routing pad 'D55:1' at (105092500, 181612500) with pad 'D56:1' at (143192500, 162562500) using coordinate system rotated by 0 degree(s)
13:38:45: [INFO] Routing pad 'D56:1' at (143192500, 162562500) with pad 'D57:1' at (181292500, 162562500) using coordinate system rotated by 0 degree(s)
13:38:45: [INFO] Adding track segment (B.Cu): [(143192500, 162562500), (181292500, 162562500)]
13:38:45: [INFO] Could not add track segment due to detected collision
13:38:45: [INFO] Routing pad 'D57:1' at (181292500, 162562500) with pad 'D58:1' at (219392500, 162562500) using coordinate system rotated by 0 degree(s)
13:38:45: [INFO] Adding track segment (B.Cu): [(181292500, 162562500), (219392500, 162562500)]
13:38:45: [INFO] Could not add track segment due to detected collision
13:38:45: [INFO] Routing pad 'D58:1' at (219392500, 162562500) with pad 'D59:1' at (257492500, 162562500) using coordinate system rotated by 0 degree(s)
13:38:45: [INFO] Adding track segment (B.Cu): [(219392500, 162562500), (257492500, 162562500)]
13:38:45: [INFO] Could not add track segment due to detected collision
13:38:45: [INFO] Routing pad 'D59:1' at (257492500, 162562500) with pad 'D60:1' at (295592500, 162562500) using coordinate system rotated by 0 degree(s)
13:38:45: [INFO] Adding track segment (B.Cu): [(257492500, 162562500), (295592500, 162562500)]
13:38:45: [INFO] Could not add track segment due to detected collision
13:38:45: [INFO] Routing pad 'D60:1' at (295592500, 162562500) with pad 'D61:1' at (350361250, 162562500) using coordinate system rotated by 0 degree(s)
13:38:45: [INFO] Adding track segment (B.Cu): [(295592500, 162562500), (350361250, 162562500)]
13:38:45: [INFO] Could not add track segment due to detected collision
13:38:45: [INFO] Routing pad 'D61:1' at (350361250, 162562500) with pad 'D62:1' at (390842500, 181612500) using coordinate system rotated by 0 degree(s)
13:38:45: [INFO] Routing pad 'D62:1' at (390842500, 181612500) with pad 'D63:1' at (409892500, 162562500) using coordinate system rotated by 0 degree(s)
13:38:46: [INFO] Adding track segment (B.Cu): [(390842500, 181612500), (390842500, 181612500)]
13:38:46: [INFO] Adding track segment (B.Cu): [(390842500, 181612500), (409892500, 162562500)]
13:38:46: [INFO] Removing dangling tracks
13:38:46: [INFO] Removing 20a01ad1-30ac-4814-a503-0033204f0864
13:38:46: [INFO] Removing 648ad44e-22b9-4d05-90c9-2168131ed312
