=== kbplacer.kle_serial ===
=== layout2image.py ===
=== kbplacer ===
13:39:42: [INFO] User layout: https://editor.keyboard-tools.xyz/#share=NrDeCIA9wLgAgEwDoCsAaO4DGtMGIB2I48AXw3AAY1LwMJp5KkF1Md5w8sfeyLqARjqZqCEVTQBmCdQAsIhrmatyotClloAbFoJaAHIqjKWKNZICcWwbQFpBw+4PH0TTMxaEy3jOM3NnBQBdNAAoMHdEVAoAT1NAzEEaCWSnJLRXDJ8MhQpkzXydVLR9IqMi6yLbEsdarIgOfABDVraJAHdcBAs0uQAdADshoeo7OCUPNmxcLl4+CykHHMn-T2qpEeHBoVqB7dGHcFCI1eRppq429oou+EFUCwQUt0vueZwno4pnrPBnnL-NB5TDPQqg4o-UoSZ4VCFVCE1KF1ZENcB3OAPRJAwSbA6DZLjVYBL6CEGrKRIajsWaEYhETq4B6sCgAC26t3E9ximFZXMxFEg-IAtCpsc9cVshmljuFIn5zhQ3tdWozuQRsUsiTNOO95vxMEt0uAln8loCliCTRoJEtdBQlmVDWg4daEdakc6URMdfh6Qzbt11l6EFKCS8fX4AkraR9Pg6HOSoshKIsHKH8TKTpFlSq1Zjg+A5DQwxLjG84waiw5S99I6YWTTdSrmvnkKoKMXKLXtRWPlXi39i4Di1bi+Dq-bMMWndXXcX3cXPdXvY1aS38w8NRYl2i-FiY7rKzvE7LTlFBNokBq4rhRdfsUuZNmzjzwPF4PfG76rnnA9yO0wdBu3xLVjAxZlsXQQQwzAtwIMLdAMy2OCfT7fV-zgK9APAdBtFgiM12bP9MAQqC0EsAjtTIixoJAlCUhfC8UAfW9P2YG8m3wY8KGgv5oMBaCQjlV8LnXEj0SZRCS1AutcJrWT0ggBCcKQgilJ-PU+EwghaJ0dTy3E65N2kyjFPAqTVIcejtiNM95SDaYPzWb8aN4mSGP4hTPIs7lyOQ2zMkMo9+0w7Q9Pw2S0VzYzMKxPSzJ8+CpPI2wCPEYJgiAA
13:39:42: [INFO] Labels prefixes: for rows: 'ROW', for columns: 'COL'
13:39:42: [INFO] Matrix size: 5x14
13:39:42: [WARNING] No stabilizer footprint for width 2.25u, using 2u as fallback
13:39:42: [WARNING] No stabilizer footprint for width 2.25u, using 2u as fallback
13:39:43: [INFO] Add COL0 net
13:39:43: [INFO] Add COL1 net
13:39:43: [INFO] Add COL10 net
13:39:43: [INFO] Add COL11 net
13:39:43: [INFO] Add COL12 net
13:39:43: [INFO] Add COL13 net
13:39:43: [INFO] Add COL14 net
13:39:43: [INFO] Add COL2 net
13:39:43: [INFO] Add COL3 net
13:39:43: [INFO] Add COL4 net
13:39:43: [INFO] Add COL5 net
13:39:43: [INFO] Add COL6 net
13:39:43: [INFO] Add COL7 net
13:39:43: [INFO] Add COL8 net
13:39:43: [INFO] Add COL9 net
13:39:43: [INFO] Add Net-(D1-A) net
13:39:43: [INFO] Add Net-(D10-A) net
13:39:43: [INFO] Add Net-(D11-A) net
13:39:43: [INFO] Add Net-(D12-A) net
13:39:43: [INFO] Add Net-(D13-A) net
13:39:43: [INFO] Add Net-(D14-A) net
13:39:43: [INFO] Add Net-(D15-A) net
13:39:43: [INFO] Add Net-(D16-A) net
13:39:43: [INFO] Add Net-(D17-A) net
13:39:43: [INFO] Add Net-(D18-A) net
13:39:43: [INFO] Add Net-(D19-A) net
13:39:43: [INFO] Add Net-(D2-A) net
13:39:43: [INFO] Add Net-(D20-A) net
13:39:43: [INFO] Add Net-(D21-A) net
13:39:43: [INFO] Add Net-(D22-A) net
13:39:43: [INFO] Add Net-(D23-A) net
13:39:43: [INFO] Add Net-(D24-A) net
13:39:43: [INFO] Add Net-(D25-A) net
13:39:43: [INFO] Add Net-(D26-A) net
13:39:43: [INFO] Add Net-(D27-A) net
13:39:43: [INFO] Add Net-(D28-A) net
13:39:43: [INFO] Add Net-(D29-A) net
13:39:43: [INFO] Add Net-(D3-A) net
13:39:43: [INFO] Add Net-(D30-A) net
13:39:43: [INFO] Add Net-(D31-A) net
13:39:43: [INFO] Add Net-(D32-A) net
13:39:43: [INFO] Add Net-(D33-A) net
13:39:43: [INFO] Add Net-(D34-A) net
13:39:43: [INFO] Add Net-(D35-A) net
13:39:43: [INFO] Add Net-(D36-A) net
13:39:43: [INFO] Add Net-(D37-A) net
13:39:43: [INFO] Add Net-(D38-A) net
13:39:43: [INFO] Add Net-(D39-A) net
13:39:43: [INFO] Add Net-(D4-A) net
13:39:43: [INFO] Add Net-(D40-A) net
13:39:43: [INFO] Add Net-(D41-A) net
13:39:43: [INFO] Add Net-(D42-A) net
13:39:43: [INFO] Add Net-(D43-A) net
13:39:43: [INFO] Add Net-(D44-A) net
13:39:43: [INFO] Add Net-(D45-A) net
13:39:43: [INFO] Add Net-(D46-A) net
13:39:43: [INFO] Add Net-(D47-A) net
13:39:43: [INFO] Add Net-(D48-A) net
13:39:43: [INFO] Add Net-(D49-A) net
13:39:43: [INFO] Add Net-(D5-A) net
13:39:43: [INFO] Add Net-(D50-A) net
13:39:43: [INFO] Add Net-(D51-A) net
13:39:43: [INFO] Add Net-(D52-A) net
13:39:43: [INFO] Add Net-(D53-A) net
13:39:43: [INFO] Add Net-(D54-A) net
13:39:43: [INFO] Add Net-(D55-A) net
13:39:43: [INFO] Add Net-(D56-A) net
13:39:43: [INFO] Add Net-(D57-A) net
13:39:43: [INFO] Add Net-(D58-A) net
13:39:43: [INFO] Add Net-(D59-A) net
13:39:43: [INFO] Add Net-(D6-A) net
13:39:43: [INFO] Add Net-(D60-A) net
13:39:43: [INFO] Add Net-(D61-A) net
13:39:43: [INFO] Add Net-(D62-A) net
13:39:43: [INFO] Add Net-(D63-A) net
13:39:43: [INFO] Add Net-(D64-A) net
13:39:43: [INFO] Add Net-(D65-A) net
13:39:43: [INFO] Add Net-(D66-A) net
13:39:43: [INFO] Add Net-(D67-A) net
13:39:43: [INFO] Add Net-(D68-A) net
13:39:43: [INFO] Add Net-(D69-A) net
13:39:43: [INFO] Add Net-(D7-A) net
13:39:43: [INFO] Add Net-(D70-A) net
13:39:43: [INFO] Add Net-(D71-A) net
13:39:43: [INFO] Add Net-(D72-A) net
13:39:43: [INFO] Add Net-(D73-A) net
13:39:43: [INFO] Add Net-(D74-A) net
13:39:43: [INFO] Add Net-(D75-A) net
13:39:43: [INFO] Add Net-(D76-A) net
13:39:43: [INFO] Add Net-(D77-A) net
13:39:43: [INFO] Add Net-(D78-A) net
13:39:43: [INFO] Add Net-(D79-A) net
13:39:43: [INFO] Add Net-(D8-A) net
13:39:43: [INFO] Add Net-(D80-A) net
13:39:43: [INFO] Add Net-(D81-A) net
13:39:43: [INFO] Add Net-(D82-A) net
13:39:43: [INFO] Add Net-(D83-A) net
13:39:43: [INFO] Add Net-(D84-A) net
13:39:43: [INFO] Add Net-(D9-A) net
13:39:43: [INFO] Add ROW0 net
13:39:43: [INFO] Add ROW1 net
13:39:43: [INFO] Add ROW2 net
13:39:43: [INFO] Add ROW3 net
13:39:43: [INFO] Add ROW4 net
13:39:43: [INFO] Add ROW5 net
13:39:43: [INFO] Add SW1 footprint
13:39:43: [INFO] Add D1 footprint
13:39:43: [INFO] Add SW2 footprint
13:39:43: [INFO] Add D2 footprint
13:39:43: [INFO] Add SW3 footprint
13:39:43: [INFO] Add D3 footprint
13:39:43: [INFO] Add SW4 footprint
13:39:43: [INFO] Add D4 footprint
13:39:43: [INFO] Add SW5 footprint
13:39:43: [INFO] Add D5 footprint
13:39:43: [INFO] Add SW6 footprint
13:39:43: [INFO] Add D6 footprint
13:39:43: [INFO] Add SW7 footprint
13:39:43: [INFO] Add D7 footprint
13:39:43: [INFO] Add SW8 footprint
13:39:43: [INFO] Add D8 footprint
13:39:43: [INFO] Add SW9 footprint
13:39:43: [INFO] Add D9 footprint
13:39:43: [INFO] Add SW10 footprint
13:39:43: [INFO] Add D10 footprint
13:39:43: [INFO] Add SW11 footprint
13:39:43: [INFO] Add D11 footprint
13:39:43: [INFO] Add SW12 footprint
13:39:43: [INFO] Add D12 footprint
13:39:43: [INFO] Add SW13 footprint
13:39:43: [INFO] Add D13 footprint
13:39:43: [INFO] Add SW14 footprint
13:39:44: [INFO] Add D14 footprint
13:39:44: [INFO] Add SW15 footprint
13:39:44: [INFO] Add D15 footprint
13:39:44: [INFO] Add SW16 footprint
13:39:44: [INFO] Add D16 footprint
13:39:44: [INFO] Add SW17 footprint
13:39:44: [INFO] Add D17 footprint
13:39:44: [INFO] Add SW18 footprint
13:39:44: [INFO] Add D18 footprint
13:39:44: [INFO] Add SW19 footprint
13:39:44: [INFO] Add D19 footprint
13:39:44: [INFO] Add SW20 footprint
13:39:44: [INFO] Add D20 footprint
13:39:44: [INFO] Add SW21 footprint
13:39:44: [INFO] Add D21 footprint
13:39:44: [INFO] Add SW22 footprint
13:39:44: [INFO] Add D22 footprint
13:39:44: [INFO] Add SW23 footprint
13:39:44: [INFO] Add D23 footprint
13:39:44: [INFO] Add SW24 footprint
13:39:44: [INFO] Add D24 footprint
13:39:44: [INFO] Add SW25 footprint
13:39:44: [INFO] Add D25 footprint
13:39:44: [INFO] Add SW26 footprint
13:39:44: [INFO] Add D26 footprint
13:39:44: [INFO] Add SW27 footprint
13:39:44: [INFO] Add D27 footprint
13:39:44: [INFO] Add SW28 footprint
13:39:44: [INFO] Add D28 footprint
13:39:44: [INFO] Add SW29 footprint
13:39:44: [INFO] Add D29 footprint
13:39:44: [INFO] Add SW30 footprint
13:39:44: [INFO] Add D30 footprint
13:39:44: [INFO] Add ST30 footprint
13:39:45: [INFO] Add SW30a footprint
13:39:45: [INFO] Add SW31 footprint
13:39:45: [INFO] Add D31 footprint
13:39:45: [INFO] Add SW32 footprint
13:39:45: [INFO] Add D32 footprint
13:39:45: [INFO] Add SW33 footprint
13:39:45: [INFO] Add D33 footprint
13:39:45: [INFO] Add SW34 footprint
13:39:45: [INFO] Add D34 footprint
13:39:45: [INFO] Add SW35 footprint
13:39:45: [INFO] Add D35 footprint
13:39:45: [INFO] Add SW36 footprint
13:39:45: [INFO] Add D36 footprint
13:39:45: [INFO] Add SW37 footprint
13:39:45: [INFO] Add D37 footprint
13:39:45: [INFO] Add SW38 footprint
13:39:45: [INFO] Add D38 footprint
13:39:45: [INFO] Add SW39 footprint
13:39:45: [INFO] Add D39 footprint
13:39:45: [INFO] Add SW40 footprint
13:39:45: [INFO] Add D40 footprint
13:39:45: [INFO] Add SW41 footprint
13:39:45: [INFO] Add D41 footprint
13:39:45: [INFO] Add SW42 footprint
13:39:45: [INFO] Add D42 footprint
13:39:45: [INFO] Add SW43 footprint
13:39:45: [INFO] Add D43 footprint
13:39:45: [INFO] Add SW44 footprint
13:39:45: [INFO] Add D44 footprint
13:39:45: [INFO] Add SW44a footprint
13:39:45: [INFO] Add ST44a footprint
13:39:46: [INFO] Add SW45 footprint
13:39:46: [INFO] Add D45 footprint
13:39:46: [INFO] Add SW46 footprint
13:39:46: [INFO] Add D46 footprint
13:39:46: [INFO] Add SW47 footprint
13:39:46: [INFO] Add D47 footprint
13:39:46: [INFO] Add SW48 footprint
13:39:46: [INFO] Add D48 footprint
13:39:46: [INFO] Add SW49 footprint
13:39:46: [INFO] Add D49 footprint
13:39:46: [INFO] Add SW50 footprint
13:39:46: [INFO] Add D50 footprint
13:39:46: [INFO] Add SW51 footprint
13:39:46: [INFO] Add D51 footprint
13:39:46: [INFO] Add SW52 footprint
13:39:46: [INFO] Add D52 footprint
13:39:46: [INFO] Add SW53 footprint
13:39:46: [INFO] Add D53 footprint
13:39:46: [INFO] Add SW54 footprint
13:39:46: [INFO] Add D54 footprint
13:39:46: [INFO] Add SW55 footprint
13:39:46: [INFO] Add D55 footprint
13:39:46: [INFO] Add SW56 footprint
13:39:46: [INFO] Add D56 footprint
13:39:46: [INFO] Add SW57 footprint
13:39:46: [INFO] Add D57 footprint
13:39:46: [INFO] Add SW58 footprint
13:39:46: [INFO] Add D58 footprint
13:39:46: [WARNING] No stabilizer footprint for width 2.25u, using 2u as fallback
13:39:46: [INFO] Add ST58 footprint
13:39:46: [INFO] Add SW58a footprint
13:39:46: [INFO] Add SW59 footprint
13:39:46: [INFO] Add D59 footprint
13:39:47: [INFO] Add SW60 footprint
13:39:47: [INFO] Add D60 footprint
13:39:47: [INFO] Add SW61 footprint
13:39:47: [INFO] Add D61 footprint
13:39:47: [WARNING] No stabilizer footprint for width 2.25u, using 2u as fallback
13:39:47: [INFO] Add ST61 footprint
13:39:47: [INFO] Add SW61a footprint
13:39:47: [INFO] Add SW62 footprint
13:39:47: [INFO] Add D62 footprint
13:39:47: [INFO] Add SW63 footprint
13:39:47: [INFO] Add D63 footprint
13:39:47: [INFO] Add SW64 footprint
13:39:47: [INFO] Add D64 footprint
13:39:47: [INFO] Add SW65 footprint
13:39:47: [INFO] Add D65 footprint
13:39:47: [INFO] Add SW66 footprint
13:39:47: [INFO] Add D66 footprint
13:39:47: [INFO] Add SW67 footprint
13:39:47: [INFO] Add D67 footprint
13:39:47: [INFO] Add SW68 footprint
13:39:47: [INFO] Add D68 footprint
13:39:47: [INFO] Add SW69 footprint
13:39:47: [INFO] Add D69 footprint
13:39:47: [INFO] Add SW70 footprint
13:39:47: [INFO] Add D70 footprint
13:39:47: [INFO] Add SW71 footprint
13:39:47: [INFO] Add D71 footprint
13:39:47: [INFO] Add SW72 footprint
13:39:47: [INFO] Add D72 footprint
13:39:47: [INFO] Add SW73 footprint
13:39:47: [INFO] Add D73 footprint
13:39:47: [INFO] Add SW74 footprint
13:39:47: [INFO] Add D74 footprint
13:39:47: [INFO] Add SW75 footprint
13:39:47: [INFO] Add D75 footprint
13:39:47: [INFO] Add SW76 footprint
13:39:47: [INFO] Add D76 footprint
13:39:48: [INFO] Add SW76a footprint
13:39:48: [INFO] Add SW77 footprint
13:39:48: [INFO] Add D77 footprint
13:39:48: [INFO] Add SW77a footprint
13:39:48: [INFO] Add SW77b footprint
13:39:48: [INFO] Add SW78 footprint
13:39:48: [INFO] Add D78 footprint
13:39:48: [INFO] Add SW78a footprint
13:39:48: [INFO] Add SW78b footprint
13:39:48: [INFO] Add SW79 footprint
13:39:48: [INFO] Add D79 footprint
13:39:48: [INFO] Add ST79 footprint
13:39:48: [INFO] Add SW79a footprint
13:39:48: [INFO] Add ST79a footprint
13:39:48: [INFO] Add SW80 footprint
13:39:48: [INFO] Add D80 footprint
13:39:48: [INFO] Add SW80a footprint
13:39:48: [INFO] Add SW81 footprint
13:39:48: [INFO] Add D81 footprint
13:39:48: [INFO] Add SW81a footprint
13:39:48: [INFO] Add SW82 footprint
13:39:48: [INFO] Add D82 footprint
13:39:48: [INFO] Add SW83 footprint
13:39:48: [INFO] Add D83 footprint
13:39:48: [INFO] Add SW84 footprint
13:39:48: [INFO] Add D84 footprint
13:39:48: [INFO] Detected layout convertible to matrix annotated keyboard
13:39:48: [INFO] Using key 1U distance: (19.05, 19.05) mm
13:39:48: [INFO] Layout offset: (38100000, 28575000)
13:39:48: [INFO] Diode info: [ElementInfo(annotation_format='D{}', position_option=<PositionOption.CUSTOM: 'Custom'>, position=ElementPosition(x=5.08, y=4.0, orientation=90.0, side=<Side.BACK: 'Back'>), template_path='', start_index=-1)]
13:39:48: [INFO] Placing additional elements for SW84
13:39:48: [INFO] Placing additional elements for SW83
13:39:48: [INFO] Placing additional elements for SW82
13:39:48: [INFO] Placing additional elements for SW81a
13:39:48: [INFO] Placing additional elements for SW81
13:39:48: [INFO] Placing additional elements for SW80a
13:39:48: [INFO] Placing additional elements for SW80
13:39:48: [INFO] Placing additional elements for SW79a
13:39:48: [INFO] Placing additional elements for SW79
13:39:48: [INFO] Placing additional elements for SW78b
13:39:48: [INFO] Placing additional elements for SW78a
13:39:48: [INFO] Placing additional elements for SW78
13:39:48: [INFO] Placing additional elements for SW77b
13:39:48: [INFO] Placing additional elements for SW77a
13:39:48: [INFO] Placing additional elements for SW77
13:39:48: [INFO] Placing additional elements for SW76a
13:39:48: [INFO] Placing additional elements for SW76
13:39:48: [INFO] Placing additional elements for SW75
13:39:48: [INFO] Placing additional elements for SW74
13:39:48: [INFO] Placing additional elements for SW73
13:39:48: [INFO] Placing additional elements for SW72
13:39:48: [INFO] Placing additional elements for SW71
13:39:48: [INFO] Placing additional elements for SW70
13:39:48: [INFO] Placing additional elements for SW69
13:39:48: [INFO] Placing additional elements for SW68
13:39:48: [INFO] Placing additional elements for SW67
13:39:48: [INFO] Placing additional elements for SW66
13:39:48: [INFO] Placing additional elements for SW65
13:39:48: [INFO] Placing additional elements for SW64
13:39:48: [INFO] Placing additional elements for SW63
13:39:48: [INFO] Placing additional elements for SW62
13:39:48: [INFO] Placing additional elements for SW61a
13:39:48: [INFO] Placing additional elements for SW61
13:39:48: [INFO] Placing additional elements for SW60
13:39:48: [INFO] Placing additional elements for SW59
13:39:48: [INFO] Placing additional elements for SW58a
13:39:48: [INFO] Placing additional elements for SW58
13:39:48: [INFO] Placing additional elements for SW57
13:39:48: [INFO] Placing additional elements for SW56
13:39:48: [INFO] Placing additional elements for SW55
13:39:48: [INFO] Placing additional elements for SW54
13:39:48: [INFO] Placing additional elements for SW53
13:39:48: [INFO] Placing additional elements for SW52
13:39:48: [INFO] Placing additional elements for SW51
13:39:48: [INFO] Placing additional elements for SW50
13:39:48: [INFO] Placing additional elements for SW49
13:39:48: [INFO] Placing additional elements for SW48
13:39:48: [INFO] Placing additional elements for SW47
13:39:48: [INFO] Placing additional elements for SW46
13:39:48: [INFO] Placing additional elements for SW45
13:39:48: [INFO] Placing additional elements for SW44a
13:39:48: [INFO] Placing additional elements for SW44
13:39:48: [INFO] Placing additional elements for SW43
13:39:48: [INFO] Placing additional elements for SW42
13:39:48: [INFO] Placing additional elements for SW41
13:39:48: [INFO] Placing additional elements for SW40
13:39:48: [INFO] Placing additional elements for SW39
13:39:48: [INFO] Placing additional elements for SW38
13:39:48: [INFO] Placing additional elements for SW37
13:39:48: [INFO] Placing additional elements for SW36
13:39:48: [INFO] Placing additional elements for SW35
13:39:48: [INFO] Placing additional elements for SW34
13:39:48: [INFO] Placing additional elements for SW33
13:39:48: [INFO] Placing additional elements for SW32
13:39:48: [INFO] Placing additional elements for SW31
13:39:48: [INFO] Placing additional elements for SW30a
13:39:48: [INFO] Placing additional elements for SW30
13:39:48: [INFO] Placing additional elements for SW29
13:39:48: [INFO] Placing additional elements for SW28
13:39:48: [INFO] Placing additional elements for SW27
13:39:48: [INFO] Placing additional elements for SW26
13:39:48: [INFO] Placing additional elements for SW25
13:39:48: [INFO] Placing additional elements for SW24
13:39:48: [INFO] Placing additional elements for SW23
13:39:48: [INFO] Placing additional elements for SW22
13:39:48: [INFO] Placing additional elements for SW21
13:39:48: [INFO] Placing additional elements for SW20
13:39:48: [INFO] Placing additional elements for SW19
13:39:48: [INFO] Placing additional elements for SW18
13:39:48: [INFO] Placing additional elements for SW17
13:39:48: [INFO] Placing additional elements for SW16
13:39:48: [INFO] Placing additional elements for SW15
13:39:48: [INFO] Placing additional elements for SW14
13:39:48: [INFO] Placing additional elements for SW13
13:39:48: [INFO] Placing additional elements for SW12
13:39:48: [INFO] Placing additional elements for SW11
13:39:48: [INFO] Placing additional elements for SW10
13:39:48: [INFO] Placing additional elements for SW9
13:39:48: [INFO] Placing additional elements for SW8
13:39:48: [INFO] Placing additional elements for SW7
13:39:48: [INFO] Placing additional elements for SW6
13:39:48: [INFO] Placing additional elements for SW5
13:39:48: [INFO] Placing additional elements for SW4
13:39:48: [INFO] Placing additional elements for SW3
13:39:48: [INFO] Placing additional elements for SW2
13:39:48: [INFO] Placing additional elements for SW1
13:39:48: [INFO] Routing SW84 with D84
13:39:48: [INFO] Using internal autorouter method
13:39:48: [INFO] Routing pad 'SW84:2' at (388302500, 142557500) with pad 'D84:2' at (390842500, 150237500) using coordinate system rotated by 0 degree(s)
13:39:48: [INFO] Adding track segment (B.Cu): [(388302500, 142557500), (388302500, 147697500)]
13:39:48: [INFO] Adding track segment (B.Cu): [(388302500, 147697500), (390842500, 150237500)]
13:39:48: [INFO] Routing SW83 with D83
13:39:48: [INFO] Using internal autorouter method
13:39:48: [INFO] Routing pad 'SW83:2' at (369252500, 142557500) with pad 'D83:2' at (371792500, 150237500) using coordinate system rotated by 0 degree(s)
13:39:48: [INFO] Adding track segment (B.Cu): [(369252500, 142557500), (369252500, 147697500)]
13:39:48: [INFO] Adding track segment (B.Cu): [(369252500, 147697500), (371792500, 150237500)]
13:39:48: [INFO] Routing SW82 with D82
13:39:48: [INFO] Using internal autorouter method
13:39:48: [INFO] Routing pad 'SW82:2' at (350202500, 142557500) with pad 'D82:2' at (352742500, 150237500) using coordinate system rotated by 0 degree(s)
13:39:48: [INFO] Adding track segment (B.Cu): [(350202500, 142557500), (350202500, 147697500)]
13:39:48: [INFO] Adding track segment (B.Cu): [(350202500, 147697500), (352742500, 150237500)]
13:39:48: [INFO] Routing SW81a with D81
13:39:48: [INFO] Using internal autorouter method
13:39:48: [INFO] Routing pad 'SW81a:2' at (324008750, 137795000) with pad 'D81:2' at (324167500, 145475000) using coordinate system rotated by 0 degree(s)
13:39:48: [INFO] Routing SW81 with D81
13:39:48: [INFO] Using internal autorouter method
13:39:48: [INFO] Routing pad 'SW81:2' at (321627500, 137795000) with pad 'D81:2' at (324167500, 145475000) using coordinate system rotated by 0 degree(s)
13:39:48: [INFO] Routing SW80a with D80
13:39:48: [INFO] Using internal autorouter method
13:39:48: [INFO] Routing pad 'SW80a:2' at (300196250, 137795000) with pad 'D80:2' at (295592500, 145475000) using coordinate system rotated by 0 degree(s)
13:39:48: [INFO] Routing SW80 with D80
13:39:48: [INFO] Using internal autorouter method
13:39:48: [INFO] Routing pad 'SW80:2' at (293052500, 137795000) with pad 'D80:2' at (295592500, 145475000) using coordinate system rotated by 0 degree(s)
13:39:48: [INFO] Routing SW79a with D79
13:39:48: [INFO] Using internal autorouter method
13:39:48: [INFO] Routing pad 'SW79a:2' at (221615000, 137795000) with pad 'D79:2' at (221773750, 145475000) using coordinate system rotated by 0 degree(s)
13:39:48: [INFO] Routing SW79 with D79
13:39:48: [INFO] Using internal autorouter method
13:39:48: [INFO] Routing pad 'SW79:2' at (219233750, 137795000) with pad 'D79:2' at (221773750, 145475000) using coordinate system rotated by 0 degree(s)
13:39:48: [INFO] Routing SW78b with D78
13:39:48: [INFO] Using internal autorouter method
13:39:48: [INFO] Routing pad 'SW78b:2' at (150177500, 137795000) with pad 'D78:2' at (150336250, 145475000) using coordinate system rotated by 0 degree(s)
13:39:48: [INFO] Routing SW78a with D78
13:39:48: [INFO] Using internal autorouter method
13:39:48: [INFO] Routing pad 'SW78a:2' at (143033750, 137795000) with pad 'D78:2' at (150336250, 145475000) using coordinate system rotated by 0 degree(s)
13:39:48: [INFO] Routing SW78 with D78
13:39:48: [INFO] Using internal autorouter method
13:39:48: [INFO] Routing pad 'SW78:2' at (147796250, 137795000) with pad 'D78:2' at (150336250, 145475000) using coordinate system rotated by 0 degree(s)
13:39:48: [INFO] Routing SW77b with D77
13:39:48: [INFO] Using internal autorouter method
13:39:48: [INFO] Routing pad 'SW77b:2' at (126365000, 137795000) with pad 'D77:2' at (126523750, 145475000) using coordinate system rotated by 0 degree(s)
13:39:48: [INFO] Routing SW77a with D77
13:39:48: [INFO] Using internal autorouter method
13:39:48: [INFO] Routing pad 'SW77a:2' at (121602500, 137795000) with pad 'D77:2' at (126523750, 145475000) using coordinate system rotated by 0 degree(s)
13:39:48: [INFO] Routing SW77 with D77
13:39:48: [INFO] Using internal autorouter method
13:39:48: [INFO] Routing pad 'SW77:2' at (123983750, 137795000) with pad 'D77:2' at (126523750, 145475000) using coordinate system rotated by 0 degree(s)
13:39:48: [INFO] Routing SW76a with D76
13:39:48: [INFO] Using internal autorouter method
13:39:48: [INFO] Routing pad 'SW76a:2' at (102552500, 137795000) with pad 'D76:2' at (102711250, 145475000) using coordinate system rotated by 0 degree(s)
13:39:48: [INFO] Routing SW76 with D76
13:39:48: [INFO] Using internal autorouter method
13:39:48: [INFO] Routing pad 'SW76:2' at (100171250, 137795000) with pad 'D76:2' at (102711250, 145475000) using coordinate system rotated by 0 degree(s)
13:39:48: [INFO] Routing SW75 with D75
13:39:48: [INFO] Using internal autorouter method
13:39:48: [INFO] Routing pad 'SW75:2' at (393065000, 118745000) with pad 'D75:2' at (395605000, 126425000) using coordinate system rotated by 0 degree(s)
13:39:49: [INFO] Adding track segment (B.Cu): [(393065000, 118745000), (393065000, 123885000)]
13:39:49: [INFO] Adding track segment (B.Cu): [(393065000, 123885000), (395605000, 126425000)]
13:39:49: [INFO] Routing SW74 with D74
13:39:49: [INFO] Using internal autorouter method
13:39:49: [INFO] Routing pad 'SW74:2' at (369252500, 123507500) with pad 'D74:2' at (371792500, 131187500) using coordinate system rotated by 0 degree(s)
13:39:49: [INFO] Adding track segment (B.Cu): [(369252500, 123507500), (369252500, 128647500)]
13:39:49: [INFO] Adding track segment (B.Cu): [(369252500, 128647500), (371792500, 131187500)]
13:39:49: [INFO] Routing SW73 with D73
13:39:49: [INFO] Using internal autorouter method
13:39:49: [INFO] Routing pad 'SW73:2' at (338296250, 118745000) with pad 'D73:2' at (340836250, 126425000) using coordinate system rotated by 0 degree(s)
13:39:49: [INFO] Adding track segment (B.Cu): [(338296250, 118745000), (338296250, 123885000)]
13:39:49: [INFO] Adding track segment (B.Cu): [(338296250, 123885000), (340836250, 126425000)]
13:39:49: [INFO] Routing SW72 with D72
13:39:49: [INFO] Using internal autorouter method
13:39:49: [INFO] Routing pad 'SW72:2' at (312102500, 118745000) with pad 'D72:2' at (314642500, 126425000) using coordinate system rotated by 0 degree(s)
13:39:49: [INFO] Adding track segment (B.Cu): [(312102500, 118745000), (312102500, 123885000)]
13:39:49: [INFO] Adding track segment (B.Cu): [(312102500, 123885000), (314642500, 126425000)]
13:39:49: [INFO] Routing SW71 with D71
13:39:49: [INFO] Using internal autorouter method
13:39:49: [INFO] Routing pad 'SW71:2' at (293052500, 118745000) with pad 'D71:2' at (295592500, 126425000) using coordinate system rotated by 0 degree(s)
13:39:49: [INFO] Adding track segment (B.Cu): [(293052500, 118745000), (293052500, 123885000)]
13:39:49: [INFO] Adding track segment (B.Cu): [(293052500, 123885000), (295592500, 126425000)]
13:39:49: [INFO] Routing SW70 with D70
13:39:49: [INFO] Using internal autorouter method
13:39:49: [INFO] Routing pad 'SW70:2' at (274002500, 118745000) with pad 'D70:2' at (276542500, 126425000) using coordinate system rotated by 0 degree(s)
13:39:49: [INFO] Adding track segment (B.Cu): [(274002500, 118745000), (274002500, 123885000)]
13:39:49: [INFO] Adding track segment (B.Cu): [(274002500, 123885000), (276542500, 126425000)]
13:39:49: [INFO] Routing SW69 with D69
13:39:49: [INFO] Using internal autorouter method
13:39:49: [INFO] Routing pad 'SW69:2' at (254952500, 118745000) with pad 'D69:2' at (257492500, 126425000) using coordinate system rotated by 0 degree(s)
13:39:49: [INFO] Adding track segment (B.Cu): [(254952500, 118745000), (254952500, 123885000)]
13:39:49: [INFO] Adding track segment (B.Cu): [(254952500, 123885000), (257492500, 126425000)]
13:39:49: [INFO] Routing SW68 with D68
13:39:49: [INFO] Using internal autorouter method
13:39:49: [INFO] Routing pad 'SW68:2' at (235902500, 118745000) with pad 'D68:2' at (238442500, 126425000) using coordinate system rotated by 0 degree(s)
13:39:49: [INFO] Adding track segment (B.Cu): [(235902500, 118745000), (235902500, 123885000)]
13:39:49: [INFO] Adding track segment (B.Cu): [(235902500, 123885000), (238442500, 126425000)]
13:39:49: [INFO] Routing SW67 with D67
13:39:49: [INFO] Using internal autorouter method
13:39:49: [INFO] Routing pad 'SW67:2' at (216852500, 118745000) with pad 'D67:2' at (219392500, 126425000) using coordinate system rotated by 0 degree(s)
13:39:49: [INFO] Adding track segment (B.Cu): [(216852500, 118745000), (216852500, 123885000)]
13:39:49: [INFO] Adding track segment (B.Cu): [(216852500, 123885000), (219392500, 126425000)]
13:39:49: [INFO] Routing SW66 with D66
13:39:49: [INFO] Using internal autorouter method
13:39:49: [INFO] Routing pad 'SW66:2' at (197802500, 118745000) with pad 'D66:2' at (200342500, 126425000) using coordinate system rotated by 0 degree(s)
13:39:49: [INFO] Adding track segment (B.Cu): [(197802500, 118745000), (197802500, 123885000)]
13:39:49: [INFO] Adding track segment (B.Cu): [(197802500, 123885000), (200342500, 126425000)]
13:39:49: [INFO] Routing SW65 with D65
13:39:49: [INFO] Using internal autorouter method
13:39:49: [INFO] Routing pad 'SW65:2' at (178752500, 118745000) with pad 'D65:2' at (181292500, 126425000) using coordinate system rotated by 0 degree(s)
13:39:49: [INFO] Adding track segment (B.Cu): [(178752500, 118745000), (178752500, 123885000)]
13:39:49: [INFO] Adding track segment (B.Cu): [(178752500, 123885000), (181292500, 126425000)]
13:39:49: [INFO] Routing SW64 with D64
13:39:49: [INFO] Using internal autorouter method
13:39:49: [INFO] Routing pad 'SW64:2' at (159702500, 118745000) with pad 'D64:2' at (162242500, 126425000) using coordinate system rotated by 0 degree(s)
13:39:49: [INFO] Adding track segment (B.Cu): [(159702500, 118745000), (159702500, 123885000)]
13:39:49: [INFO] Adding track segment (B.Cu): [(159702500, 123885000), (162242500, 126425000)]
13:39:49: [INFO] Routing SW63 with D63
13:39:49: [INFO] Using internal autorouter method
13:39:49: [INFO] Routing pad 'SW63:2' at (140652500, 118745000) with pad 'D63:2' at (143192500, 126425000) using coordinate system rotated by 0 degree(s)
13:39:49: [INFO] Adding track segment (B.Cu): [(140652500, 118745000), (140652500, 123885000)]
13:39:49: [INFO] Adding track segment (B.Cu): [(140652500, 123885000), (143192500, 126425000)]
13:39:49: [INFO] Routing SW62 with D62
13:39:49: [INFO] Using internal autorouter method
13:39:49: [INFO] Routing pad 'SW62:2' at (121602500, 118745000) with pad 'D62:2' at (124142500, 126425000) using coordinate system rotated by 0 degree(s)
13:39:49: [INFO] Adding track segment (B.Cu): [(121602500, 118745000), (121602500, 123885000)]
13:39:49: [INFO] Adding track segment (B.Cu): [(121602500, 123885000), (124142500, 126425000)]
13:39:49: [INFO] Routing SW61a with D61
13:39:49: [INFO] Using internal autorouter method
13:39:49: [INFO] Routing pad 'SW61a:2' at (100171250, 118745000) with pad 'D61:2' at (112236250, 126425000) using coordinate system rotated by 0 degree(s)
13:39:49: [INFO] Routing SW61 with D61
13:39:49: [INFO] Using internal autorouter method
13:39:49: [INFO] Routing pad 'SW61:2' at (109696250, 118745000) with pad 'D61:2' at (112236250, 126425000) using coordinate system rotated by 0 degree(s)
13:39:49: [INFO] Adding track segment (B.Cu): [(109696250, 118745000), (109696250, 123885000)]
13:39:49: [INFO] Adding track segment (B.Cu): [(109696250, 123885000), (112236250, 126425000)]
13:39:49: [INFO] Routing SW60 with D60
13:39:49: [INFO] Using internal autorouter method
13:39:49: [INFO] Routing pad 'SW60:2' at (393065000, 99695000) with pad 'D60:2' at (395605000, 107375000) using coordinate system rotated by 0 degree(s)
13:39:49: [INFO] Adding track segment (B.Cu): [(393065000, 99695000), (393065000, 104835000)]
13:39:49: [INFO] Adding track segment (B.Cu): [(393065000, 104835000), (395605000, 107375000)]
13:39:49: [INFO] Routing SW59 with D59
13:39:49: [INFO] Using internal autorouter method
13:39:49: [INFO] Routing pad 'SW59:2' at (393065000, 61595000) with pad 'D59:2' at (395605000, 69275000) using coordinate system rotated by 0 degree(s)
13:39:49: [INFO] Adding track segment (B.Cu): [(393065000, 61595000), (393065000, 66735000)]
13:39:49: [INFO] Adding track segment (B.Cu): [(393065000, 66735000), (395605000, 69275000)]
13:39:49: [INFO] Routing SW58a with D58
13:39:49: [INFO] Using internal autorouter method
13:39:49: [INFO] Routing pad 'SW58a:2' at (340677500, 99695000) with pad 'D58:2' at (355123750, 107375000) using coordinate system rotated by 0 degree(s)
13:39:49: [INFO] Routing SW58 with D58
13:39:49: [INFO] Using internal autorouter method
13:39:49: [INFO] Routing pad 'SW58:2' at (352583750, 99695000) with pad 'D58:2' at (355123750, 107375000) using coordinate system rotated by 0 degree(s)
13:39:49: [INFO] Adding track segment (B.Cu): [(352583750, 99695000), (352583750, 104835000)]
13:39:49: [INFO] Adding track segment (B.Cu): [(352583750, 104835000), (355123750, 107375000)]
13:39:49: [INFO] Routing SW57 with D57
13:39:49: [INFO] Using internal autorouter method
13:39:49: [INFO] Routing pad 'SW57:2' at (321627500, 99695000) with pad 'D57:2' at (324167500, 107375000) using coordinate system rotated by 0 degree(s)
13:39:49: [INFO] Adding track segment (B.Cu): [(321627500, 99695000), (321627500, 104835000)]
13:39:49: [INFO] Adding track segment (B.Cu): [(321627500, 104835000), (324167500, 107375000)]
13:39:49: [INFO] Routing SW56 with D56
13:39:49: [INFO] Using internal autorouter method
13:39:49: [INFO] Routing pad 'SW56:2' at (302577500, 99695000) with pad 'D56:2' at (305117500, 107375000) using coordinate system rotated by 0 degree(s)
13:39:49: [INFO] Adding track segment (B.Cu): [(302577500, 99695000), (302577500, 104835000)]
13:39:49: [INFO] Adding track segment (B.Cu): [(302577500, 104835000), (305117500, 107375000)]
13:39:49: [INFO] Routing SW55 with D55
13:39:49: [INFO] Using internal autorouter method
13:39:49: [INFO] Routing pad 'SW55:2' at (283527500, 99695000) with pad 'D55:2' at (286067500, 107375000) using coordinate system rotated by 0 degree(s)
13:39:49: [INFO] Adding track segment (B.Cu): [(283527500, 99695000), (283527500, 104835000)]
13:39:49: [INFO] Adding track segment (B.Cu): [(283527500, 104835000), (286067500, 107375000)]
13:39:49: [INFO] Routing SW54 with D54
13:39:49: [INFO] Using internal autorouter method
13:39:49: [INFO] Routing pad 'SW54:2' at (264477500, 99695000) with pad 'D54:2' at (267017500, 107375000) using coordinate system rotated by 0 degree(s)
13:39:49: [INFO] Adding track segment (B.Cu): [(264477500, 99695000), (264477500, 104835000)]
13:39:49: [INFO] Adding track segment (B.Cu): [(264477500, 104835000), (267017500, 107375000)]
13:39:49: [INFO] Routing SW53 with D53
13:39:49: [INFO] Using internal autorouter method
13:39:49: [INFO] Routing pad 'SW53:2' at (245427500, 99695000) with pad 'D53:2' at (247967500, 107375000) using coordinate system rotated by 0 degree(s)
13:39:49: [INFO] Adding track segment (B.Cu): [(245427500, 99695000), (245427500, 104835000)]
13:39:49: [INFO] Adding track segment (B.Cu): [(245427500, 104835000), (247967500, 107375000)]
13:39:49: [INFO] Routing SW52 with D52
13:39:49: [INFO] Using internal autorouter method
13:39:49: [INFO] Routing pad 'SW52:2' at (226377500, 99695000) with pad 'D52:2' at (228917500, 107375000) using coordinate system rotated by 0 degree(s)
13:39:49: [INFO] Adding track segment (B.Cu): [(226377500, 99695000), (226377500, 104835000)]
13:39:49: [INFO] Adding track segment (B.Cu): [(226377500, 104835000), (228917500, 107375000)]
13:39:49: [INFO] Routing SW51 with D51
13:39:49: [INFO] Using internal autorouter method
13:39:49: [INFO] Routing pad 'SW51:2' at (207327500, 99695000) with pad 'D51:2' at (209867500, 107375000) using coordinate system rotated by 0 degree(s)
13:39:49: [INFO] Adding track segment (B.Cu): [(207327500, 99695000), (207327500, 104835000)]
13:39:49: [INFO] Adding track segment (B.Cu): [(207327500, 104835000), (209867500, 107375000)]
13:39:49: [INFO] Routing SW50 with D50
13:39:49: [INFO] Using internal autorouter method
13:39:49: [INFO] Routing pad 'SW50:2' at (188277500, 99695000) with pad 'D50:2' at (190817500, 107375000) using coordinate system rotated by 0 degree(s)
13:39:49: [INFO] Adding track segment (B.Cu): [(188277500, 99695000), (188277500, 104835000)]
13:39:49: [INFO] Adding track segment (B.Cu): [(188277500, 104835000), (190817500, 107375000)]
13:39:49: [INFO] Routing SW49 with D49
13:39:49: [INFO] Using internal autorouter method
13:39:49: [INFO] Routing pad 'SW49:2' at (169227500, 99695000) with pad 'D49:2' at (171767500, 107375000) using coordinate system rotated by 0 degree(s)
13:39:49: [INFO] Adding track segment (B.Cu): [(169227500, 99695000), (169227500, 104835000)]
13:39:49: [INFO] Adding track segment (B.Cu): [(169227500, 104835000), (171767500, 107375000)]
13:39:49: [INFO] Routing SW48 with D48
13:39:49: [INFO] Using internal autorouter method
13:39:49: [INFO] Routing pad 'SW48:2' at (150177500, 99695000) with pad 'D48:2' at (152717500, 107375000) using coordinate system rotated by 0 degree(s)
13:39:49: [INFO] Adding track segment (B.Cu): [(150177500, 99695000), (150177500, 104835000)]
13:39:49: [INFO] Adding track segment (B.Cu): [(150177500, 104835000), (152717500, 107375000)]
13:39:49: [INFO] Routing SW47 with D47
13:39:49: [INFO] Using internal autorouter method
13:39:49: [INFO] Routing pad 'SW47:2' at (131127500, 99695000) with pad 'D47:2' at (133667500, 107375000) using coordinate system rotated by 0 degree(s)
13:39:49: [INFO] Adding track segment (B.Cu): [(131127500, 99695000), (131127500, 104835000)]
13:39:49: [INFO] Adding track segment (B.Cu): [(131127500, 104835000), (133667500, 107375000)]
13:39:49: [INFO] Routing SW46 with D46
13:39:49: [INFO] Using internal autorouter method
13:39:49: [INFO] Routing pad 'SW46:2' at (104933750, 99695000) with pad 'D46:2' at (107473750, 107375000) using coordinate system rotated by 0 degree(s)
13:39:49: [INFO] Adding track segment (B.Cu): [(104933750, 99695000), (104933750, 104835000)]
13:39:49: [INFO] Adding track segment (B.Cu): [(104933750, 104835000), (107473750, 107375000)]
13:39:49: [INFO] Routing SW45 with D45
13:39:49: [INFO] Using internal autorouter method
13:39:49: [INFO] Routing pad 'SW45:2' at (393065000, 80645000) with pad 'D45:2' at (395605000, 88325000) using coordinate system rotated by 0 degree(s)
13:39:49: [INFO] Adding track segment (B.Cu): [(393065000, 80645000), (393065000, 85785000)]
13:39:49: [INFO] Adding track segment (B.Cu): [(393065000, 85785000), (395605000, 88325000)]
13:39:49: [INFO] Routing SW44a with D44
13:39:49: [INFO] Using internal autorouter method
13:39:49: [INFO] Routing pad 'SW44a:2' at (362108750, 90170000) with pad 'D44:2' at (362267500, 88325000) using coordinate system rotated by 0 degree(s)
13:39:49: [INFO] Adding track segment (B.Cu): [(362108750, 90170000), (362108750, 88483750)]
13:39:49: [INFO] Adding track segment (B.Cu): [(362108750, 88483750), (362267500, 88325000)]
13:39:49: [INFO] Routing SW44 with D44
13:39:49: [INFO] Using internal autorouter method
13:39:49: [INFO] Routing pad 'SW44:2' at (359727500, 80645000) with pad 'D44:2' at (362267500, 88325000) using coordinate system rotated by 0 degree(s)
13:39:49: [INFO] Adding track segment (B.Cu): [(359727500, 80645000), (359727500, 85785000)]
13:39:49: [INFO] Adding track segment (B.Cu): [(359727500, 85785000), (362267500, 88325000)]
13:39:49: [INFO] Routing SW43 with D43
13:39:49: [INFO] Using internal autorouter method
13:39:49: [INFO] Routing pad 'SW43:2' at (335915000, 80645000) with pad 'D43:2' at (338455000, 88325000) using coordinate system rotated by 0 degree(s)
13:39:49: [INFO] Adding track segment (B.Cu): [(335915000, 80645000), (335915000, 85785000)]
13:39:49: [INFO] Adding track segment (B.Cu): [(335915000, 85785000), (338455000, 88325000)]
13:39:49: [INFO] Routing SW42 with D42
13:39:49: [INFO] Using internal autorouter method
13:39:49: [INFO] Routing pad 'SW42:2' at (316865000, 80645000) with pad 'D42:2' at (319405000, 88325000) using coordinate system rotated by 0 degree(s)
13:39:49: [INFO] Adding track segment (B.Cu): [(316865000, 80645000), (316865000, 85785000)]
13:39:49: [INFO] Adding track segment (B.Cu): [(316865000, 85785000), (319405000, 88325000)]
13:39:49: [INFO] Routing SW41 with D41
13:39:49: [INFO] Using internal autorouter method
13:39:49: [INFO] Routing pad 'SW41:2' at (297815000, 80645000) with pad 'D41:2' at (300355000, 88325000) using coordinate system rotated by 0 degree(s)
13:39:49: [INFO] Adding track segment (B.Cu): [(297815000, 80645000), (297815000, 85785000)]
13:39:49: [INFO] Adding track segment (B.Cu): [(297815000, 85785000), (300355000, 88325000)]
13:39:49: [INFO] Routing SW40 with D40
13:39:49: [INFO] Using internal autorouter method
13:39:49: [INFO] Routing pad 'SW40:2' at (278765000, 80645000) with pad 'D40:2' at (281305000, 88325000) using coordinate system rotated by 0 degree(s)
13:39:49: [INFO] Adding track segment (B.Cu): [(278765000, 80645000), (278765000, 85785000)]
13:39:49: [INFO] Adding track segment (B.Cu): [(278765000, 85785000), (281305000, 88325000)]
13:39:49: [INFO] Routing SW39 with D39
13:39:49: [INFO] Using internal autorouter method
13:39:49: [INFO] Routing pad 'SW39:2' at (259715000, 80645000) with pad 'D39:2' at (262255000, 88325000) using coordinate system rotated by 0 degree(s)
13:39:49: [INFO] Adding track segment (B.Cu): [(259715000, 80645000), (259715000, 85785000)]
13:39:49: [INFO] Adding track segment (B.Cu): [(259715000, 85785000), (262255000, 88325000)]
13:39:49: [INFO] Routing SW38 with D38
13:39:49: [INFO] Using internal autorouter method
13:39:49: [INFO] Routing pad 'SW38:2' at (240665000, 80645000) with pad 'D38:2' at (243205000, 88325000) using coordinate system rotated by 0 degree(s)
13:39:49: [INFO] Adding track segment (B.Cu): [(240665000, 80645000), (240665000, 85785000)]
13:39:49: [INFO] Adding track segment (B.Cu): [(240665000, 85785000), (243205000, 88325000)]
13:39:49: [INFO] Routing SW37 with D37
13:39:49: [INFO] Using internal autorouter method
13:39:49: [INFO] Routing pad 'SW37:2' at (221615000, 80645000) with pad 'D37:2' at (224155000, 88325000) using coordinate system rotated by 0 degree(s)
13:39:49: [INFO] Adding track segment (B.Cu): [(221615000, 80645000), (221615000, 85785000)]
13:39:49: [INFO] Adding track segment (B.Cu): [(221615000, 85785000), (224155000, 88325000)]
13:39:49: [INFO] Routing SW36 with D36
13:39:49: [INFO] Using internal autorouter method
13:39:49: [INFO] Routing pad 'SW36:2' at (202565000, 80645000) with pad 'D36:2' at (205105000, 88325000) using coordinate system rotated by 0 degree(s)
13:39:49: [INFO] Adding track segment (B.Cu): [(202565000, 80645000), (202565000, 85785000)]
13:39:50: [INFO] Adding track segment (B.Cu): [(202565000, 85785000), (205105000, 88325000)]
13:39:50: [INFO] Routing SW35 with D35
13:39:50: [INFO] Using internal autorouter method
13:39:50: [INFO] Routing pad 'SW35:2' at (183515000, 80645000) with pad 'D35:2' at (186055000, 88325000) using coordinate system rotated by 0 degree(s)
13:39:50: [INFO] Adding track segment (B.Cu): [(183515000, 80645000), (183515000, 85785000)]
13:39:50: [INFO] Adding track segment (B.Cu): [(183515000, 85785000), (186055000, 88325000)]
13:39:50: [INFO] Routing SW34 with D34
13:39:50: [INFO] Using internal autorouter method
13:39:50: [INFO] Routing pad 'SW34:2' at (164465000, 80645000) with pad 'D34:2' at (167005000, 88325000) using coordinate system rotated by 0 degree(s)
13:39:50: [INFO] Adding track segment (B.Cu): [(164465000, 80645000), (164465000, 85785000)]
13:39:50: [INFO] Adding track segment (B.Cu): [(164465000, 85785000), (167005000, 88325000)]
13:39:50: [INFO] Routing SW33 with D33
13:39:50: [INFO] Using internal autorouter method
13:39:50: [INFO] Routing pad 'SW33:2' at (145415000, 80645000) with pad 'D33:2' at (147955000, 88325000) using coordinate system rotated by 0 degree(s)
13:39:50: [INFO] Adding track segment (B.Cu): [(145415000, 80645000), (145415000, 85785000)]
13:39:50: [INFO] Adding track segment (B.Cu): [(145415000, 85785000), (147955000, 88325000)]
13:39:50: [INFO] Routing SW32 with D32
13:39:50: [INFO] Using internal autorouter method
13:39:50: [INFO] Routing pad 'SW32:2' at (126365000, 80645000) with pad 'D32:2' at (128905000, 88325000) using coordinate system rotated by 0 degree(s)
13:39:50: [INFO] Adding track segment (B.Cu): [(126365000, 80645000), (126365000, 85785000)]
13:39:50: [INFO] Adding track segment (B.Cu): [(126365000, 85785000), (128905000, 88325000)]
13:39:50: [INFO] Routing SW31 with D31
13:39:50: [INFO] Using internal autorouter method
13:39:50: [INFO] Routing pad 'SW31:2' at (102552500, 80645000) with pad 'D31:2' at (105092500, 88325000) using coordinate system rotated by 0 degree(s)
13:39:50: [INFO] Adding track segment (B.Cu): [(102552500, 80645000), (102552500, 85785000)]
13:39:50: [INFO] Adding track segment (B.Cu): [(102552500, 85785000), (105092500, 88325000)]
13:39:50: [INFO] Routing SW30a with D30
13:39:50: [INFO] Using internal autorouter method
13:39:50: [INFO] Routing pad 'SW30a:2' at (364490000, 61595000) with pad 'D30:2' at (357505000, 69275000) using coordinate system rotated by 0 degree(s)
13:39:50: [INFO] Routing SW30 with D30
13:39:50: [INFO] Using internal autorouter method
13:39:50: [INFO] Routing pad 'SW30:2' at (354965000, 61595000) with pad 'D30:2' at (357505000, 69275000) using coordinate system rotated by 0 degree(s)
13:39:50: [INFO] Adding track segment (B.Cu): [(354965000, 61595000), (354965000, 66735000)]
13:39:50: [INFO] Adding track segment (B.Cu): [(354965000, 66735000), (357505000, 69275000)]
13:39:50: [INFO] Routing SW29 with D29
13:39:50: [INFO] Using internal autorouter method
13:39:50: [INFO] Routing pad 'SW29:2' at (345440000, 61595000) with pad 'D29:2' at (347980000, 69275000) using coordinate system rotated by 0 degree(s)
13:39:50: [INFO] Adding track segment (B.Cu): [(345440000, 61595000), (345440000, 66735000)]
13:39:50: [INFO] Adding track segment (B.Cu): [(345440000, 66735000), (347980000, 69275000)]
13:39:50: [INFO] Routing SW28 with D28
13:39:50: [INFO] Using internal autorouter method
13:39:50: [INFO] Routing pad 'SW28:2' at (326390000, 61595000) with pad 'D28:2' at (328930000, 69275000) using coordinate system rotated by 0 degree(s)
13:39:50: [INFO] Adding track segment (B.Cu): [(326390000, 61595000), (326390000, 66735000)]
13:39:50: [INFO] Adding track segment (B.Cu): [(326390000, 66735000), (328930000, 69275000)]
13:39:50: [INFO] Routing SW27 with D27
13:39:50: [INFO] Using internal autorouter method
13:39:50: [INFO] Routing pad 'SW27:2' at (307340000, 61595000) with pad 'D27:2' at (309880000, 69275000) using coordinate system rotated by 0 degree(s)
13:39:50: [INFO] Adding track segment (B.Cu): [(307340000, 61595000), (307340000, 66735000)]
13:39:50: [INFO] Adding track segment (B.Cu): [(307340000, 66735000), (309880000, 69275000)]
13:39:50: [INFO] Routing SW26 with D26
13:39:50: [INFO] Using internal autorouter method
13:39:50: [INFO] Routing pad 'SW26:2' at (288290000, 61595000) with pad 'D26:2' at (290830000, 69275000) using coordinate system rotated by 0 degree(s)
13:39:50: [INFO] Adding track segment (B.Cu): [(288290000, 61595000), (288290000, 66735000)]
13:39:50: [INFO] Adding track segment (B.Cu): [(288290000, 66735000), (290830000, 69275000)]
13:39:50: [INFO] Routing SW25 with D25
13:39:50: [INFO] Using internal autorouter method
13:39:50: [INFO] Routing pad 'SW25:2' at (269240000, 61595000) with pad 'D25:2' at (271780000, 69275000) using coordinate system rotated by 0 degree(s)
13:39:50: [INFO] Adding track segment (B.Cu): [(269240000, 61595000), (269240000, 66735000)]
13:39:50: [INFO] Adding track segment (B.Cu): [(269240000, 66735000), (271780000, 69275000)]
13:39:50: [INFO] Routing SW24 with D24
13:39:50: [INFO] Using internal autorouter method
13:39:50: [INFO] Routing pad 'SW24:2' at (250190000, 61595000) with pad 'D24:2' at (252730000, 69275000) using coordinate system rotated by 0 degree(s)
13:39:50: [INFO] Adding track segment (B.Cu): [(250190000, 61595000), (250190000, 66735000)]
13:39:50: [INFO] Adding track segment (B.Cu): [(250190000, 66735000), (252730000, 69275000)]
13:39:50: [INFO] Routing SW23 with D23
13:39:50: [INFO] Using internal autorouter method
13:39:50: [INFO] Routing pad 'SW23:2' at (231140000, 61595000) with pad 'D23:2' at (233680000, 69275000) using coordinate system rotated by 0 degree(s)
13:39:50: [INFO] Adding track segment (B.Cu): [(231140000, 61595000), (231140000, 66735000)]
13:39:50: [INFO] Adding track segment (B.Cu): [(231140000, 66735000), (233680000, 69275000)]
13:39:50: [INFO] Routing SW22 with D22
13:39:50: [INFO] Using internal autorouter method
13:39:50: [INFO] Routing pad 'SW22:2' at (212090000, 61595000) with pad 'D22:2' at (214630000, 69275000) using coordinate system rotated by 0 degree(s)
13:39:50: [INFO] Adding track segment (B.Cu): [(212090000, 61595000), (212090000, 66735000)]
13:39:50: [INFO] Adding track segment (B.Cu): [(212090000, 66735000), (214630000, 69275000)]
13:39:50: [INFO] Routing SW21 with D21
13:39:50: [INFO] Using internal autorouter method
13:39:50: [INFO] Routing pad 'SW21:2' at (193040000, 61595000) with pad 'D21:2' at (195580000, 69275000) using coordinate system rotated by 0 degree(s)
13:39:50: [INFO] Adding track segment (B.Cu): [(193040000, 61595000), (193040000, 66735000)]
13:39:50: [INFO] Adding track segment (B.Cu): [(193040000, 66735000), (195580000, 69275000)]
13:39:50: [INFO] Routing SW20 with D20
13:39:50: [INFO] Using internal autorouter method
13:39:50: [INFO] Routing pad 'SW20:2' at (173990000, 61595000) with pad 'D20:2' at (176530000, 69275000) using coordinate system rotated by 0 degree(s)
13:39:50: [INFO] Adding track segment (B.Cu): [(173990000, 61595000), (173990000, 66735000)]
13:39:50: [INFO] Adding track segment (B.Cu): [(173990000, 66735000), (176530000, 69275000)]
13:39:50: [INFO] Routing SW19 with D19
13:39:50: [INFO] Using internal autorouter method
13:39:50: [INFO] Routing pad 'SW19:2' at (154940000, 61595000) with pad 'D19:2' at (157480000, 69275000) using coordinate system rotated by 0 degree(s)
13:39:50: [INFO] Adding track segment (B.Cu): [(154940000, 61595000), (154940000, 66735000)]
13:39:50: [INFO] Adding track segment (B.Cu): [(154940000, 66735000), (157480000, 69275000)]
13:39:50: [INFO] Routing SW18 with D18
13:39:50: [INFO] Using internal autorouter method
13:39:50: [INFO] Routing pad 'SW18:2' at (135890000, 61595000) with pad 'D18:2' at (138430000, 69275000) using coordinate system rotated by 0 degree(s)
13:39:50: [INFO] Adding track segment (B.Cu): [(135890000, 61595000), (135890000, 66735000)]
13:39:50: [INFO] Adding track segment (B.Cu): [(135890000, 66735000), (138430000, 69275000)]
13:39:50: [INFO] Routing SW17 with D17
13:39:50: [INFO] Using internal autorouter method
13:39:50: [INFO] Routing pad 'SW17:2' at (116840000, 61595000) with pad 'D17:2' at (119380000, 69275000) using coordinate system rotated by 0 degree(s)
13:39:50: [INFO] Adding track segment (B.Cu): [(116840000, 61595000), (116840000, 66735000)]
13:39:50: [INFO] Adding track segment (B.Cu): [(116840000, 66735000), (119380000, 69275000)]
13:39:50: [INFO] Routing SW16 with D16
13:39:50: [INFO] Using internal autorouter method
13:39:50: [INFO] Routing pad 'SW16:2' at (97790000, 61595000) with pad 'D16:2' at (100330000, 69275000) using coordinate system rotated by 0 degree(s)
13:39:50: [INFO] Adding track segment (B.Cu): [(97790000, 61595000), (97790000, 66735000)]
13:39:50: [INFO] Adding track segment (B.Cu): [(97790000, 66735000), (100330000, 69275000)]
13:39:50: [INFO] Routing SW15 with D15
13:39:50: [INFO] Using internal autorouter method
13:39:50: [INFO] Routing pad 'SW15:2' at (393065000, 33020000) with pad 'D15:2' at (395605000, 40700000) using coordinate system rotated by 0 degree(s)
13:39:50: [INFO] Adding track segment (B.Cu): [(393065000, 33020000), (393065000, 38160000)]
13:39:50: [INFO] Adding track segment (B.Cu): [(393065000, 38160000), (395605000, 40700000)]
13:39:50: [INFO] Routing SW14 with D14
13:39:50: [INFO] Using internal autorouter method
13:39:50: [INFO] Routing pad 'SW14:2' at (364490000, 33020000) with pad 'D14:2' at (367030000, 40700000) using coordinate system rotated by 0 degree(s)
13:39:50: [INFO] Adding track segment (B.Cu): [(364490000, 33020000), (364490000, 38160000)]
13:39:50: [INFO] Adding track segment (B.Cu): [(364490000, 38160000), (367030000, 40700000)]
13:39:50: [INFO] Routing SW13 with D13
13:39:50: [INFO] Using internal autorouter method
13:39:50: [INFO] Routing pad 'SW13:2' at (340677500, 33020000) with pad 'D13:2' at (343217500, 40700000) using coordinate system rotated by 0 degree(s)
13:39:50: [INFO] Adding track segment (B.Cu): [(340677500, 33020000), (340677500, 38160000)]
13:39:50: [INFO] Adding track segment (B.Cu): [(340677500, 38160000), (343217500, 40700000)]
13:39:50: [INFO] Routing SW12 with D12
13:39:50: [INFO] Using internal autorouter method
13:39:50: [INFO] Routing pad 'SW12:2' at (321627500, 33020000) with pad 'D12:2' at (324167500, 40700000) using coordinate system rotated by 0 degree(s)
13:39:50: [INFO] Adding track segment (B.Cu): [(321627500, 33020000), (321627500, 38160000)]
13:39:50: [INFO] Adding track segment (B.Cu): [(321627500, 38160000), (324167500, 40700000)]
13:39:50: [INFO] Routing SW11 with D11
13:39:50: [INFO] Using internal autorouter method
13:39:50: [INFO] Routing pad 'SW11:2' at (302577500, 33020000) with pad 'D11:2' at (305117500, 40700000) using coordinate system rotated by 0 degree(s)
13:39:50: [INFO] Adding track segment (B.Cu): [(302577500, 33020000), (302577500, 38160000)]
13:39:50: [INFO] Adding track segment (B.Cu): [(302577500, 38160000), (305117500, 40700000)]
13:39:50: [INFO] Routing SW10 with D10
13:39:50: [INFO] Using internal autorouter method
13:39:50: [INFO] Routing pad 'SW10:2' at (283527500, 33020000) with pad 'D10:2' at (286067500, 40700000) using coordinate system rotated by 0 degree(s)
13:39:50: [INFO] Adding track segment (B.Cu): [(283527500, 33020000), (283527500, 38160000)]
13:39:50: [INFO] Adding track segment (B.Cu): [(283527500, 38160000), (286067500, 40700000)]
13:39:50: [INFO] Routing SW9 with D9
13:39:50: [INFO] Using internal autorouter method
13:39:50: [INFO] Routing pad 'SW9:2' at (259715000, 33020000) with pad 'D9:2' at (262255000, 40700000) using coordinate system rotated by 0 degree(s)
13:39:50: [INFO] Adding track segment (B.Cu): [(259715000, 33020000), (259715000, 38160000)]
13:39:50: [INFO] Adding track segment (B.Cu): [(259715000, 38160000), (262255000, 40700000)]
13:39:50: [INFO] Routing SW8 with D8
13:39:50: [INFO] Using internal autorouter method
13:39:50: [INFO] Routing pad 'SW8:2' at (240665000, 33020000) with pad 'D8:2' at (243205000, 40700000) using coordinate system rotated by 0 degree(s)
13:39:50: [INFO] Adding track segment (B.Cu): [(240665000, 33020000), (240665000, 38160000)]
13:39:50: [INFO] Adding track segment (B.Cu): [(240665000, 38160000), (243205000, 40700000)]
13:39:50: [INFO] Routing SW7 with D7
13:39:50: [INFO] Using internal autorouter method
13:39:50: [INFO] Routing pad 'SW7:2' at (221615000, 33020000) with pad 'D7:2' at (224155000, 40700000) using coordinate system rotated by 0 degree(s)
13:39:50: [INFO] Adding track segment (B.Cu): [(221615000, 33020000), (221615000, 38160000)]
13:39:50: [INFO] Adding track segment (B.Cu): [(221615000, 38160000), (224155000, 40700000)]
13:39:50: [INFO] Routing SW6 with D6
13:39:50: [INFO] Using internal autorouter method
13:39:50: [INFO] Routing pad 'SW6:2' at (202565000, 33020000) with pad 'D6:2' at (205105000, 40700000) using coordinate system rotated by 0 degree(s)
13:39:50: [INFO] Adding track segment (B.Cu): [(202565000, 33020000), (202565000, 38160000)]
13:39:50: [INFO] Adding track segment (B.Cu): [(202565000, 38160000), (205105000, 40700000)]
13:39:50: [INFO] Routing SW5 with D5
13:39:50: [INFO] Using internal autorouter method
13:39:50: [INFO] Routing pad 'SW5:2' at (178752500, 33020000) with pad 'D5:2' at (181292500, 40700000) using coordinate system rotated by 0 degree(s)
13:39:50: [INFO] Adding track segment (B.Cu): [(178752500, 33020000), (178752500, 38160000)]
13:39:50: [INFO] Adding track segment (B.Cu): [(178752500, 38160000), (181292500, 40700000)]
13:39:50: [INFO] Routing SW4 with D4
13:39:50: [INFO] Using internal autorouter method
13:39:50: [INFO] Routing pad 'SW4:2' at (159702500, 33020000) with pad 'D4:2' at (162242500, 40700000) using coordinate system rotated by 0 degree(s)
13:39:50: [INFO] Adding track segment (B.Cu): [(159702500, 33020000), (159702500, 38160000)]
13:39:50: [INFO] Adding track segment (B.Cu): [(159702500, 38160000), (162242500, 40700000)]
13:39:50: [INFO] Routing SW3 with D3
13:39:50: [INFO] Using internal autorouter method
13:39:50: [INFO] Routing pad 'SW3:2' at (140652500, 33020000) with pad 'D3:2' at (143192500, 40700000) using coordinate system rotated by 0 degree(s)
13:39:50: [INFO] Adding track segment (B.Cu): [(140652500, 33020000), (140652500, 38160000)]
13:39:50: [INFO] Adding track segment (B.Cu): [(140652500, 38160000), (143192500, 40700000)]
13:39:50: [INFO] Routing SW2 with D2
13:39:50: [INFO] Using internal autorouter method
13:39:50: [INFO] Routing pad 'SW2:2' at (121602500, 33020000) with pad 'D2:2' at (124142500, 40700000) using coordinate system rotated by 0 degree(s)
13:39:50: [INFO] Adding track segment (B.Cu): [(121602500, 33020000), (121602500, 38160000)]
13:39:50: [INFO] Adding track segment (B.Cu): [(121602500, 38160000), (124142500, 40700000)]
13:39:50: [INFO] Routing SW1 with D1
13:39:50: [INFO] Using internal autorouter method
13:39:50: [INFO] Routing pad 'SW1:2' at (97790000, 33020000) with pad 'D1:2' at (100330000, 40700000) using coordinate system rotated by 0 degree(s)
13:39:50: [INFO] Adding track segment (B.Cu): [(97790000, 33020000), (97790000, 38160000)]
13:39:50: [INFO] Adding track segment (B.Cu): [(97790000, 38160000), (100330000, 40700000)]
13:39:50: [INFO] Routing COL14 pads
13:39:50: [INFO] Routing pad 'SW30:1' at (348615000, 64135000) with pad 'SW30a:1' at (358140000, 64135000) using coordinate system rotated by 0 degree(s)
13:39:50: [INFO] Adding track segment (F.Cu): [(348615000, 64135000), (358140000, 64135000)]
13:39:50: [INFO] Routing pad 'SW75:1' at (386715000, 121285000) with pad 'SW84:1' at (381952500, 145097500) using coordinate system rotated by 0 degree(s)
13:39:50: [INFO] Adding track segment (F.Cu): [(386715000, 121285000), (386715000, 140335000)]
13:39:50: [INFO] Adding track segment (F.Cu): [(386715000, 140335000), (381952500, 145097500)]
13:39:50: [INFO] Routing pad 'SW30a:1' at (358140000, 64135000) with pad 'SW15:1' at (386715000, 35560000) using coordinate system rotated by 0 degree(s)
13:39:50: [INFO] Routing pad 'SW30a:1' at (358140000, 64135000) with pad 'SW45:1' at (386715000, 83185000) using coordinate system rotated by 0 degree(s)
13:39:50: [INFO] Adding track segment (F.Cu): [(358140000, 64135000), (367665000, 64135000)]
13:39:50: [INFO] Adding track segment (F.Cu): [(367665000, 64135000), (386715000, 83185000)]
13:39:50: [INFO] Routing pad 'SW45:1' at (386715000, 83185000) with pad 'SW60:1' at (386715000, 102235000) using coordinate system rotated by 0 degree(s)
13:39:50: [INFO] Adding track segment (F.Cu): [(386715000, 83185000), (386715000, 102235000)]
13:39:50: [INFO] Routing pad 'SW60:1' at (386715000, 102235000) with pad 'SW75:1' at (386715000, 121285000) using coordinate system rotated by 0 degree(s)
13:39:50: [INFO] Adding track segment (F.Cu): [(386715000, 102235000), (386715000, 121285000)]
13:39:50: [INFO] Routing COL2 pads
13:39:50: [INFO] Routing pad 'SW18:1' at (129540000, 64135000) with pad 'SW3:1' at (134302500, 35560000) using coordinate system rotated by 0 degree(s)
13:39:51: [INFO] Adding track segment (F.Cu): [(129540000, 64135000), (134302500, 59372500)]
13:39:51: [INFO] Adding track segment (F.Cu): [(134302500, 59372500), (134302500, 35560000)]
13:39:51: [INFO] Routing pad 'SW48:1' at (143827500, 102235000) with pad 'SW63:1' at (134302500, 121285000) using coordinate system rotated by 0 degree(s)
13:39:51: [INFO] Adding track segment (F.Cu): [(143827500, 102235000), (143827500, 111760000)]
13:39:51: [INFO] Adding track segment (F.Cu): [(143827500, 111760000), (134302500, 121285000)]
13:39:51: [INFO] Routing pad 'SW63:1' at (134302500, 121285000) with pad 'SW78a:1' at (136683750, 140335000) using coordinate system rotated by 0 degree(s)
13:39:51: [INFO] Adding track segment (F.Cu): [(134302500, 121285000), (134302500, 137953750)]
13:39:51: [INFO] Adding track segment (F.Cu): [(134302500, 137953750), (136683750, 140335000)]
13:39:51: [INFO] Routing pad 'SW18:1' at (129540000, 64135000) with pad 'SW33:1' at (139065000, 83185000) using coordinate system rotated by 0 degree(s)
13:39:51: [INFO] Adding track segment (F.Cu): [(129540000, 64135000), (129540000, 73660000)]
13:39:51: [INFO] Adding track segment (F.Cu): [(129540000, 73660000), (139065000, 83185000)]
13:39:51: [INFO] Routing pad 'SW78a:1' at (136683750, 140335000) with pad 'SW78:1' at (141446250, 140335000) using coordinate system rotated by 0 degree(s)
13:39:51: [INFO] Adding track segment (F.Cu): [(136683750, 140335000), (141446250, 140335000)]
13:39:51: [INFO] Routing pad 'SW33:1' at (139065000, 83185000) with pad 'SW48:1' at (143827500, 102235000) using coordinate system rotated by 0 degree(s)
13:39:51: [INFO] Adding track segment (F.Cu): [(139065000, 83185000), (139065000, 97472500)]
13:39:51: [INFO] Adding track segment (F.Cu): [(139065000, 97472500), (143827500, 102235000)]
13:39:51: [INFO] Routing pad 'SW78:1' at (141446250, 140335000) with pad 'SW78b:1' at (143827500, 140335000) using coordinate system rotated by 0 degree(s)
13:39:51: [INFO] Adding track segment (F.Cu): [(141446250, 140335000), (143827500, 140335000)]
13:39:51: [INFO] Routing COL4 pads
13:39:51: [INFO] Routing pad 'SW20:1' at (167640000, 64135000) with pad 'SW5:1' at (172402500, 35560000) using coordinate system rotated by 0 degree(s)
13:39:51: [INFO] Adding track segment (F.Cu): [(167640000, 64135000), (172402500, 59372500)]
13:39:51: [INFO] Adding track segment (F.Cu): [(172402500, 59372500), (172402500, 35560000)]
13:39:51: [INFO] Routing pad 'SW50:1' at (181927500, 102235000) with pad 'SW65:1' at (172402500, 121285000) using coordinate system rotated by 0 degree(s)
13:39:51: [INFO] Adding track segment (F.Cu): [(181927500, 102235000), (181927500, 111760000)]
13:39:51: [INFO] Adding track segment (F.Cu): [(181927500, 111760000), (172402500, 121285000)]
13:39:51: [INFO] Routing pad 'SW20:1' at (167640000, 64135000) with pad 'SW35:1' at (177165000, 83185000) using coordinate system rotated by 0 degree(s)
13:39:51: [INFO] Adding track segment (F.Cu): [(167640000, 64135000), (167640000, 73660000)]
13:39:51: [INFO] Adding track segment (F.Cu): [(167640000, 73660000), (177165000, 83185000)]
13:39:51: [INFO] Routing pad 'SW35:1' at (177165000, 83185000) with pad 'SW50:1' at (181927500, 102235000) using coordinate system rotated by 0 degree(s)
13:39:51: [INFO] Adding track segment (F.Cu): [(177165000, 83185000), (177165000, 97472500)]
13:39:51: [INFO] Adding track segment (F.Cu): [(177165000, 97472500), (181927500, 102235000)]
13:39:51: [INFO] Routing COL7 pads
13:39:51: [INFO] Routing pad 'SW53:1' at (239077500, 102235000) with pad 'SW68:1' at (229552500, 121285000) using coordinate system rotated by 0 degree(s)
13:39:51: [INFO] Adding track segment (F.Cu): [(239077500, 102235000), (239077500, 111760000)]
13:39:51: [INFO] Adding track segment (F.Cu): [(239077500, 111760000), (229552500, 121285000)]
13:39:51: [INFO] Routing pad 'SW23:1' at (224790000, 64135000) with pad 'SW8:1' at (234315000, 35560000) using coordinate system rotated by 0 degree(s)
13:39:51: [INFO] Adding track segment (F.Cu): [(224790000, 64135000), (234315000, 54610000)]
13:39:51: [INFO] Adding track segment (F.Cu): [(234315000, 54610000), (234315000, 35560000)]
13:39:51: [INFO] Routing pad 'SW23:1' at (224790000, 64135000) with pad 'SW38:1' at (234315000, 83185000) using coordinate system rotated by 0 degree(s)
13:39:51: [INFO] Adding track segment (F.Cu): [(224790000, 64135000), (224790000, 73660000)]
13:39:51: [INFO] Adding track segment (F.Cu): [(224790000, 73660000), (234315000, 83185000)]
13:39:51: [INFO] Routing pad 'SW38:1' at (234315000, 83185000) with pad 'SW53:1' at (239077500, 102235000) using coordinate system rotated by 0 degree(s)
13:39:51: [INFO] Adding track segment (F.Cu): [(234315000, 83185000), (234315000, 97472500)]
13:39:51: [INFO] Adding track segment (F.Cu): [(234315000, 97472500), (239077500, 102235000)]
13:39:51: [INFO] Routing COL10 pads
13:39:51: [INFO] Routing pad 'SW56:1' at (296227500, 102235000) with pad 'SW71:1' at (286702500, 121285000) using coordinate system rotated by 0 degree(s)
13:39:51: [INFO] Adding track segment (F.Cu): [(296227500, 102235000), (296227500, 111760000)]
13:39:51: [INFO] Adding track segment (F.Cu): [(296227500, 111760000), (286702500, 121285000)]
13:39:51: [INFO] Routing pad 'SW26:1' at (281940000, 64135000) with pad 'SW41:1' at (291465000, 83185000) using coordinate system rotated by 0 degree(s)
13:39:51: [INFO] Adding track segment (F.Cu): [(281940000, 64135000), (281940000, 73660000)]
13:39:51: [INFO] Adding track segment (F.Cu): [(281940000, 73660000), (291465000, 83185000)]
13:39:51: [INFO] Routing pad 'SW26:1' at (281940000, 64135000) with pad 'SW11:1' at (296227500, 35560000) using coordinate system rotated by 0 degree(s)
13:39:51: [INFO] Adding track segment (F.Cu): [(281940000, 64135000), (296227500, 49847500)]
13:39:51: [INFO] Adding track segment (F.Cu): [(296227500, 49847500), (296227500, 35560000)]
13:39:51: [INFO] Routing pad 'SW41:1' at (291465000, 83185000) with pad 'SW56:1' at (296227500, 102235000) using coordinate system rotated by 0 degree(s)
13:39:51: [INFO] Adding track segment (F.Cu): [(291465000, 83185000), (291465000, 97472500)]
13:39:51: [INFO] Adding track segment (F.Cu): [(291465000, 97472500), (296227500, 102235000)]
13:39:51: [INFO] Routing pad 'SW71:1' at (286702500, 121285000) with pad 'SW81:1' at (315277500, 140335000) using coordinate system rotated by 0 degree(s)
13:39:51: [INFO] Adding track segment (F.Cu): [(286702500, 121285000), (296227500, 121285000)]
13:39:51: [INFO] Adding track segment (F.Cu): [(296227500, 121285000), (315277500, 140335000)]
13:39:51: [INFO] Routing pad 'SW81:1' at (315277500, 140335000) with pad 'SW81a:1' at (317658750, 140335000) using coordinate system rotated by 0 degree(s)
13:39:51: [INFO] Adding track segment (F.Cu): [(315277500, 140335000), (317658750, 140335000)]
13:39:51: [INFO] Routing COL0 pads
13:39:51: [INFO] Routing pad 'SW1:1' at (91440000, 35560000) with pad 'SW16:1' at (91440000, 64135000) using coordinate system rotated by 0 degree(s)
13:39:51: [INFO] Adding track segment (F.Cu): [(91440000, 35560000), (91440000, 64135000)]
13:39:51: [INFO] Routing pad 'SW46:1' at (98583750, 102235000) with pad 'SW61a:1' at (93821250, 121285000) using coordinate system rotated by 0 degree(s)
13:39:51: [INFO] Adding track segment (F.Cu): [(98583750, 102235000), (98583750, 116522500)]
13:39:51: [INFO] Adding track segment (F.Cu): [(98583750, 116522500), (93821250, 121285000)]
13:39:51: [INFO] Routing pad 'SW61a:1' at (93821250, 121285000) with pad 'SW76:1' at (93821250, 140335000) using coordinate system rotated by 0 degree(s)
13:39:51: [INFO] Adding track segment (F.Cu): [(93821250, 121285000), (93821250, 140335000)]
13:39:51: [INFO] Could not add track segment due to detected collision
13:39:51: [INFO] Routing pad 'SW16:1' at (91440000, 64135000) with pad 'SW31:1' at (96202500, 83185000) using coordinate system rotated by 0 degree(s)
13:39:51: [INFO] Adding track segment (F.Cu): [(91440000, 64135000), (91440000, 78422500)]
13:39:51: [INFO] Adding track segment (F.Cu): [(91440000, 78422500), (96202500, 83185000)]
13:39:51: [INFO] Routing pad 'SW76:1' at (93821250, 140335000) with pad 'SW76a:1' at (96202500, 140335000) using coordinate system rotated by 0 degree(s)
13:39:51: [INFO] Adding track segment (F.Cu): [(93821250, 140335000), (96202500, 140335000)]
13:39:51: [INFO] Routing pad 'SW31:1' at (96202500, 83185000) with pad 'SW46:1' at (98583750, 102235000) using coordinate system rotated by 0 degree(s)
13:39:51: [INFO] Adding track segment (F.Cu): [(96202500, 83185000), (96202500, 99853750)]
13:39:51: [INFO] Adding track segment (F.Cu): [(96202500, 99853750), (98583750, 102235000)]
13:39:51: [INFO] Routing pad 'SW61a:1' at (93821250, 121285000) with pad 'SW61:1' at (103346250, 121285000) using coordinate system rotated by 0 degree(s)
13:39:51: [INFO] Adding track segment (F.Cu): [(93821250, 121285000), (103346250, 121285000)]
13:39:51: [INFO] Routing COL11 pads
13:39:51: [INFO] Routing pad 'SW57:1' at (315277500, 102235000) with pad 'SW72:1' at (305752500, 121285000) using coordinate system rotated by 0 degree(s)
13:39:51: [INFO] Adding track segment (F.Cu): [(315277500, 102235000), (315277500, 111760000)]
13:39:51: [INFO] Adding track segment (F.Cu): [(315277500, 111760000), (305752500, 121285000)]
13:39:51: [INFO] Routing pad 'SW27:1' at (300990000, 64135000) with pad 'SW42:1' at (310515000, 83185000) using coordinate system rotated by 0 degree(s)
13:39:51: [INFO] Adding track segment (F.Cu): [(300990000, 64135000), (300990000, 73660000)]
13:39:51: [INFO] Adding track segment (F.Cu): [(300990000, 73660000), (310515000, 83185000)]
13:39:51: [INFO] Routing pad 'SW27:1' at (300990000, 64135000) with pad 'SW12:1' at (315277500, 35560000) using coordinate system rotated by 0 degree(s)
13:39:51: [INFO] Adding track segment (F.Cu): [(300990000, 64135000), (315277500, 49847500)]
13:39:51: [INFO] Adding track segment (F.Cu): [(315277500, 49847500), (315277500, 35560000)]
13:39:51: [INFO] Routing pad 'SW42:1' at (310515000, 83185000) with pad 'SW57:1' at (315277500, 102235000) using coordinate system rotated by 0 degree(s)
13:39:51: [INFO] Adding track segment (F.Cu): [(310515000, 83185000), (310515000, 97472500)]
13:39:51: [INFO] Adding track segment (F.Cu): [(310515000, 97472500), (315277500, 102235000)]
13:39:51: [INFO] Routing COL1 pads
13:39:51: [INFO] Routing pad 'SW17:1' at (110490000, 64135000) with pad 'SW2:1' at (115252500, 35560000) using coordinate system rotated by 0 degree(s)
13:39:51: [INFO] Adding track segment (F.Cu): [(110490000, 64135000), (115252500, 59372500)]
13:39:51: [INFO] Adding track segment (F.Cu): [(115252500, 59372500), (115252500, 35560000)]
13:39:51: [INFO] Routing pad 'SW47:1' at (124777500, 102235000) with pad 'SW62:1' at (115252500, 121285000) using coordinate system rotated by 0 degree(s)
13:39:51: [INFO] Routing pad 'SW62:1' at (115252500, 121285000) with pad 'SW77a:1' at (115252500, 140335000) using coordinate system rotated by 0 degree(s)
13:39:51: [INFO] Adding track segment (F.Cu): [(115252500, 121285000), (115252500, 140335000)]
13:39:51: [INFO] Routing pad 'SW77a:1' at (115252500, 140335000) with pad 'SW77:1' at (117633750, 140335000) using coordinate system rotated by 0 degree(s)
13:39:51: [INFO] Adding track segment (F.Cu): [(115252500, 140335000), (117633750, 140335000)]
13:39:51: [INFO] Routing pad 'SW17:1' at (110490000, 64135000) with pad 'SW32:1' at (120015000, 83185000) using coordinate system rotated by 0 degree(s)
13:39:51: [INFO] Adding track segment (F.Cu): [(110490000, 64135000), (110490000, 73660000)]
13:39:51: [INFO] Adding track segment (F.Cu): [(110490000, 73660000), (120015000, 83185000)]
13:39:51: [INFO] Routing pad 'SW77:1' at (117633750, 140335000) with pad 'SW77b:1' at (120015000, 140335000) using coordinate system rotated by 0 degree(s)
13:39:51: [INFO] Adding track segment (F.Cu): [(117633750, 140335000), (120015000, 140335000)]
13:39:51: [INFO] Routing pad 'SW32:1' at (120015000, 83185000) with pad 'SW47:1' at (124777500, 102235000) using coordinate system rotated by 0 degree(s)
13:39:51: [INFO] Adding track segment (F.Cu): [(120015000, 83185000), (120015000, 97472500)]
13:39:51: [INFO] Adding track segment (F.Cu): [(120015000, 97472500), (124777500, 102235000)]
13:39:51: [INFO] Routing COL9 pads
13:39:51: [INFO] Routing pad 'SW55:1' at (277177500, 102235000) with pad 'SW70:1' at (267652500, 121285000) using coordinate system rotated by 0 degree(s)
13:39:51: [INFO] Adding track segment (F.Cu): [(277177500, 102235000), (277177500, 111760000)]
13:39:51: [INFO] Adding track segment (F.Cu): [(277177500, 111760000), (267652500, 121285000)]
13:39:51: [INFO] Routing pad 'SW25:1' at (262890000, 64135000) with pad 'SW40:1' at (272415000, 83185000) using coordinate system rotated by 0 degree(s)
13:39:51: [INFO] Adding track segment (F.Cu): [(262890000, 64135000), (262890000, 73660000)]
13:39:51: [INFO] Adding track segment (F.Cu): [(262890000, 73660000), (272415000, 83185000)]
13:39:52: [INFO] Routing pad 'SW25:1' at (262890000, 64135000) with pad 'SW10:1' at (277177500, 35560000) using coordinate system rotated by 0 degree(s)
13:39:52: [INFO] Adding track segment (F.Cu): [(262890000, 64135000), (277177500, 49847500)]
13:39:52: [INFO] Adding track segment (F.Cu): [(277177500, 49847500), (277177500, 35560000)]
13:39:52: [INFO] Routing pad 'SW40:1' at (272415000, 83185000) with pad 'SW55:1' at (277177500, 102235000) using coordinate system rotated by 0 degree(s)
13:39:52: [INFO] Adding track segment (F.Cu): [(272415000, 83185000), (272415000, 97472500)]
13:39:52: [INFO] Adding track segment (F.Cu): [(272415000, 97472500), (277177500, 102235000)]
13:39:52: [INFO] Routing pad 'SW70:1' at (267652500, 121285000) with pad 'SW80:1' at (286702500, 140335000) using coordinate system rotated by 0 degree(s)
13:39:52: [INFO] Routing pad 'SW80:1' at (286702500, 140335000) with pad 'SW80a:1' at (293846250, 140335000) using coordinate system rotated by 0 degree(s)
13:39:52: [INFO] Adding track segment (F.Cu): [(286702500, 140335000), (293846250, 140335000)]
13:39:52: [INFO] Routing ROW2 pads
13:39:52: [INFO] Routing pad 'D31:1' at (105092500, 91125000) with pad 'D32:1' at (128905000, 91125000) using coordinate system rotated by 0 degree(s)
13:39:52: [INFO] Adding track segment (B.Cu): [(105092500, 91125000), (128905000, 91125000)]
13:39:52: [INFO] Routing pad 'D32:1' at (128905000, 91125000) with pad 'D33:1' at (147955000, 91125000) using coordinate system rotated by 0 degree(s)
13:39:52: [INFO] Adding track segment (B.Cu): [(128905000, 91125000), (147955000, 91125000)]
13:39:52: [INFO] Routing pad 'D33:1' at (147955000, 91125000) with pad 'D34:1' at (167005000, 91125000) using coordinate system rotated by 0 degree(s)
13:39:52: [INFO] Adding track segment (B.Cu): [(147955000, 91125000), (167005000, 91125000)]
13:39:52: [INFO] Routing pad 'D34:1' at (167005000, 91125000) with pad 'D35:1' at (186055000, 91125000) using coordinate system rotated by 0 degree(s)
13:39:52: [INFO] Adding track segment (B.Cu): [(167005000, 91125000), (186055000, 91125000)]
13:39:52: [INFO] Routing pad 'D35:1' at (186055000, 91125000) with pad 'D36:1' at (205105000, 91125000) using coordinate system rotated by 0 degree(s)
13:39:52: [INFO] Adding track segment (B.Cu): [(186055000, 91125000), (205105000, 91125000)]
13:39:52: [INFO] Routing pad 'D36:1' at (205105000, 91125000) with pad 'D37:1' at (224155000, 91125000) using coordinate system rotated by 0 degree(s)
13:39:52: [INFO] Adding track segment (B.Cu): [(205105000, 91125000), (224155000, 91125000)]
13:39:52: [INFO] Routing pad 'D37:1' at (224155000, 91125000) with pad 'D38:1' at (243205000, 91125000) using coordinate system rotated by 0 degree(s)
13:39:52: [INFO] Adding track segment (B.Cu): [(224155000, 91125000), (243205000, 91125000)]
13:39:52: [INFO] Routing pad 'D38:1' at (243205000, 91125000) with pad 'D39:1' at (262255000, 91125000) using coordinate system rotated by 0 degree(s)
13:39:52: [INFO] Adding track segment (B.Cu): [(243205000, 91125000), (262255000, 91125000)]
13:39:52: [INFO] Routing pad 'D39:1' at (262255000, 91125000) with pad 'D40:1' at (281305000, 91125000) using coordinate system rotated by 0 degree(s)
13:39:52: [INFO] Adding track segment (B.Cu): [(262255000, 91125000), (281305000, 91125000)]
13:39:52: [INFO] Routing pad 'D40:1' at (281305000, 91125000) with pad 'D41:1' at (300355000, 91125000) using coordinate system rotated by 0 degree(s)
13:39:52: [INFO] Adding track segment (B.Cu): [(281305000, 91125000), (300355000, 91125000)]
13:39:52: [INFO] Routing pad 'D41:1' at (300355000, 91125000) with pad 'D42:1' at (319405000, 91125000) using coordinate system rotated by 0 degree(s)
13:39:52: [INFO] Adding track segment (B.Cu): [(300355000, 91125000), (319405000, 91125000)]
13:39:52: [INFO] Routing pad 'D42:1' at (319405000, 91125000) with pad 'D43:1' at (338455000, 91125000) using coordinate system rotated by 0 degree(s)
13:39:52: [INFO] Adding track segment (B.Cu): [(319405000, 91125000), (338455000, 91125000)]
13:39:52: [INFO] Routing pad 'D43:1' at (338455000, 91125000) with pad 'D44:1' at (362267500, 91125000) using coordinate system rotated by 0 degree(s)
13:39:52: [INFO] Adding track segment (B.Cu): [(338455000, 91125000), (362267500, 91125000)]
13:39:52: [INFO] Could not add track segment due to detected collision
13:39:52: [INFO] Routing pad 'D44:1' at (362267500, 91125000) with pad 'D45:1' at (395605000, 91125000) using coordinate system rotated by 0 degree(s)
13:39:52: [INFO] Adding track segment (B.Cu): [(362267500, 91125000), (395605000, 91125000)]
13:39:52: [INFO] Could not add track segment due to detected collision
13:39:52: [INFO] Routing ROW4 pads
13:39:52: [INFO] Routing pad 'D61:1' at (112236250, 129225000) with pad 'D62:1' at (124142500, 129225000) using coordinate system rotated by 0 degree(s)
13:39:52: [INFO] Adding track segment (B.Cu): [(112236250, 129225000), (124142500, 129225000)]
13:39:52: [INFO] Routing pad 'D62:1' at (124142500, 129225000) with pad 'D63:1' at (143192500, 129225000) using coordinate system rotated by 0 degree(s)
13:39:52: [INFO] Adding track segment (B.Cu): [(124142500, 129225000), (143192500, 129225000)]
13:39:52: [INFO] Routing pad 'D63:1' at (143192500, 129225000) with pad 'D64:1' at (162242500, 129225000) using coordinate system rotated by 0 degree(s)
13:39:52: [INFO] Adding track segment (B.Cu): [(143192500, 129225000), (162242500, 129225000)]
13:39:52: [INFO] Routing pad 'D64:1' at (162242500, 129225000) with pad 'D65:1' at (181292500, 129225000) using coordinate system rotated by 0 degree(s)
13:39:52: [INFO] Adding track segment (B.Cu): [(162242500, 129225000), (181292500, 129225000)]
13:39:52: [INFO] Routing pad 'D65:1' at (181292500, 129225000) with pad 'D66:1' at (200342500, 129225000) using coordinate system rotated by 0 degree(s)
13:39:52: [INFO] Adding track segment (B.Cu): [(181292500, 129225000), (200342500, 129225000)]
13:39:52: [INFO] Routing pad 'D66:1' at (200342500, 129225000) with pad 'D67:1' at (219392500, 129225000) using coordinate system rotated by 0 degree(s)
13:39:52: [INFO] Adding track segment (B.Cu): [(200342500, 129225000), (219392500, 129225000)]
13:39:52: [INFO] Routing pad 'D67:1' at (219392500, 129225000) with pad 'D68:1' at (238442500, 129225000) using coordinate system rotated by 0 degree(s)
13:39:52: [INFO] Adding track segment (B.Cu): [(219392500, 129225000), (238442500, 129225000)]
13:39:52: [INFO] Routing pad 'D68:1' at (238442500, 129225000) with pad 'D69:1' at (257492500, 129225000) using coordinate system rotated by 0 degree(s)
13:39:52: [INFO] Adding track segment (B.Cu): [(238442500, 129225000), (257492500, 129225000)]
13:39:52: [INFO] Routing pad 'D69:1' at (257492500, 129225000) with pad 'D70:1' at (276542500, 129225000) using coordinate system rotated by 0 degree(s)
13:39:52: [INFO] Adding track segment (B.Cu): [(257492500, 129225000), (276542500, 129225000)]
13:39:52: [INFO] Routing pad 'D70:1' at (276542500, 129225000) with pad 'D71:1' at (295592500, 129225000) using coordinate system rotated by 0 degree(s)
13:39:52: [INFO] Adding track segment (B.Cu): [(276542500, 129225000), (295592500, 129225000)]
13:39:52: [INFO] Routing pad 'D71:1' at (295592500, 129225000) with pad 'D72:1' at (314642500, 129225000) using coordinate system rotated by 0 degree(s)
13:39:52: [INFO] Adding track segment (B.Cu): [(295592500, 129225000), (314642500, 129225000)]
13:39:52: [INFO] Routing pad 'D72:1' at (314642500, 129225000) with pad 'D73:1' at (340836250, 129225000) using coordinate system rotated by 0 degree(s)
13:39:52: [INFO] Adding track segment (B.Cu): [(314642500, 129225000), (340836250, 129225000)]
13:39:52: [INFO] Routing pad 'D73:1' at (340836250, 129225000) with pad 'D74:1' at (371792500, 133987500) using coordinate system rotated by 0 degree(s)
13:39:52: [INFO] Adding track segment (B.Cu): [(340836250, 129225000), (345598750, 133987500)]
13:39:52: [INFO] Adding track segment (B.Cu): [(345598750, 133987500), (371792500, 133987500)]
13:39:52: [INFO] Routing pad 'D74:1' at (371792500, 133987500) with pad 'D75:1' at (395605000, 129225000) using coordinate system rotated by 0 degree(s)
13:39:52: [INFO] Adding track segment (B.Cu): [(371792500, 133987500), (390842500, 133987500)]
13:39:52: [INFO] Adding track segment (B.Cu): [(390842500, 133987500), (395605000, 129225000)]
13:39:52: [INFO] Routing ROW1 pads
13:39:52: [INFO] Routing pad 'D16:1' at (100330000, 72075000) with pad 'D17:1' at (119380000, 72075000) using coordinate system rotated by 0 degree(s)
13:39:52: [INFO] Adding track segment (B.Cu): [(100330000, 72075000), (119380000, 72075000)]
13:39:52: [INFO] Routing pad 'D17:1' at (119380000, 72075000) with pad 'D18:1' at (138430000, 72075000) using coordinate system rotated by 0 degree(s)
13:39:52: [INFO] Adding track segment (B.Cu): [(119380000, 72075000), (138430000, 72075000)]
13:39:52: [INFO] Routing pad 'D18:1' at (138430000, 72075000) with pad 'D19:1' at (157480000, 72075000) using coordinate system rotated by 0 degree(s)
13:39:52: [INFO] Adding track segment (B.Cu): [(138430000, 72075000), (157480000, 72075000)]
13:39:52: [INFO] Routing pad 'D19:1' at (157480000, 72075000) with pad 'D20:1' at (176530000, 72075000) using coordinate system rotated by 0 degree(s)
13:39:52: [INFO] Adding track segment (B.Cu): [(157480000, 72075000), (176530000, 72075000)]
13:39:52: [INFO] Routing pad 'D20:1' at (176530000, 72075000) with pad 'D21:1' at (195580000, 72075000) using coordinate system rotated by 0 degree(s)
13:39:52: [INFO] Adding track segment (B.Cu): [(176530000, 72075000), (195580000, 72075000)]
13:39:52: [INFO] Routing pad 'D21:1' at (195580000, 72075000) with pad 'D22:1' at (214630000, 72075000) using coordinate system rotated by 0 degree(s)
13:39:52: [INFO] Adding track segment (B.Cu): [(195580000, 72075000), (214630000, 72075000)]
13:39:52: [INFO] Routing pad 'D22:1' at (214630000, 72075000) with pad 'D23:1' at (233680000, 72075000) using coordinate system rotated by 0 degree(s)
13:39:52: [INFO] Adding track segment (B.Cu): [(214630000, 72075000), (233680000, 72075000)]
13:39:52: [INFO] Routing pad 'D23:1' at (233680000, 72075000) with pad 'D24:1' at (252730000, 72075000) using coordinate system rotated by 0 degree(s)
13:39:52: [INFO] Adding track segment (B.Cu): [(233680000, 72075000), (252730000, 72075000)]
13:39:52: [INFO] Routing pad 'D24:1' at (252730000, 72075000) with pad 'D25:1' at (271780000, 72075000) using coordinate system rotated by 0 degree(s)
13:39:52: [INFO] Adding track segment (B.Cu): [(252730000, 72075000), (271780000, 72075000)]
13:39:52: [INFO] Routing pad 'D25:1' at (271780000, 72075000) with pad 'D26:1' at (290830000, 72075000) using coordinate system rotated by 0 degree(s)
13:39:52: [INFO] Adding track segment (B.Cu): [(271780000, 72075000), (290830000, 72075000)]
13:39:52: [INFO] Routing pad 'D26:1' at (290830000, 72075000) with pad 'D27:1' at (309880000, 72075000) using coordinate system rotated by 0 degree(s)
13:39:52: [INFO] Adding track segment (B.Cu): [(290830000, 72075000), (309880000, 72075000)]
13:39:52: [INFO] Routing pad 'D27:1' at (309880000, 72075000) with pad 'D28:1' at (328930000, 72075000) using coordinate system rotated by 0 degree(s)
13:39:52: [INFO] Adding track segment (B.Cu): [(309880000, 72075000), (328930000, 72075000)]
13:39:52: [INFO] Routing pad 'D28:1' at (328930000, 72075000) with pad 'D29:1' at (347980000, 72075000) using coordinate system rotated by 0 degree(s)
13:39:52: [INFO] Adding track segment (B.Cu): [(328930000, 72075000), (347980000, 72075000)]
13:39:52: [INFO] Routing pad 'D29:1' at (347980000, 72075000) with pad 'D30:1' at (357505000, 72075000) using coordinate system rotated by 0 degree(s)
13:39:52: [INFO] Adding track segment (B.Cu): [(347980000, 72075000), (357505000, 72075000)]
13:39:52: [INFO] Routing COL5 pads
13:39:52: [INFO] Routing pad 'SW51:1' at (200977500, 102235000) with pad 'SW66:1' at (191452500, 121285000) using coordinate system rotated by 0 degree(s)
13:39:52: [INFO] Adding track segment (F.Cu): [(200977500, 102235000), (200977500, 111760000)]
13:39:52: [INFO] Adding track segment (F.Cu): [(200977500, 111760000), (191452500, 121285000)]
13:39:52: [INFO] Routing pad 'SW21:1' at (186690000, 64135000) with pad 'SW6:1' at (196215000, 35560000) using coordinate system rotated by 0 degree(s)
13:39:52: [INFO] Adding track segment (F.Cu): [(186690000, 64135000), (196215000, 54610000)]
13:39:52: [INFO] Adding track segment (F.Cu): [(196215000, 54610000), (196215000, 35560000)]
13:39:52: [INFO] Routing pad 'SW21:1' at (186690000, 64135000) with pad 'SW36:1' at (196215000, 83185000) using coordinate system rotated by 0 degree(s)
13:39:52: [INFO] Adding track segment (F.Cu): [(186690000, 64135000), (186690000, 73660000)]
13:39:52: [INFO] Adding track segment (F.Cu): [(186690000, 73660000), (196215000, 83185000)]
13:39:52: [INFO] Routing pad 'SW36:1' at (196215000, 83185000) with pad 'SW51:1' at (200977500, 102235000) using coordinate system rotated by 0 degree(s)
13:39:52: [INFO] Adding track segment (F.Cu): [(196215000, 83185000), (196215000, 97472500)]
13:39:52: [INFO] Adding track segment (F.Cu): [(196215000, 97472500), (200977500, 102235000)]
13:39:52: [INFO] Routing COL3 pads
13:39:52: [INFO] Routing pad 'SW19:1' at (148590000, 64135000) with pad 'SW4:1' at (153352500, 35560000) using coordinate system rotated by 0 degree(s)
13:39:52: [INFO] Adding track segment (F.Cu): [(148590000, 64135000), (153352500, 59372500)]
13:39:52: [INFO] Adding track segment (F.Cu): [(153352500, 59372500), (153352500, 35560000)]
13:39:52: [INFO] Routing pad 'SW49:1' at (162877500, 102235000) with pad 'SW64:1' at (153352500, 121285000) using coordinate system rotated by 0 degree(s)
13:39:52: [INFO] Adding track segment (F.Cu): [(162877500, 102235000), (162877500, 111760000)]
13:39:52: [INFO] Adding track segment (F.Cu): [(162877500, 111760000), (153352500, 121285000)]
13:39:52: [INFO] Routing pad 'SW19:1' at (148590000, 64135000) with pad 'SW34:1' at (158115000, 83185000) using coordinate system rotated by 0 degree(s)
13:39:52: [INFO] Adding track segment (F.Cu): [(148590000, 64135000), (148590000, 73660000)]
13:39:52: [INFO] Adding track segment (F.Cu): [(148590000, 73660000), (158115000, 83185000)]
13:39:52: [INFO] Routing pad 'SW34:1' at (158115000, 83185000) with pad 'SW49:1' at (162877500, 102235000) using coordinate system rotated by 0 degree(s)
13:39:52: [INFO] Adding track segment (F.Cu): [(158115000, 83185000), (158115000, 97472500)]
13:39:52: [INFO] Adding track segment (F.Cu): [(158115000, 97472500), (162877500, 102235000)]
13:39:52: [INFO] Routing COL12 pads
13:39:52: [INFO] Routing pad 'SW28:1' at (320040000, 64135000) with pad 'SW43:1' at (329565000, 83185000) using coordinate system rotated by 0 degree(s)
13:39:52: [INFO] Adding track segment (F.Cu): [(320040000, 64135000), (320040000, 73660000)]
13:39:52: [INFO] Adding track segment (F.Cu): [(320040000, 73660000), (329565000, 83185000)]
13:39:52: [INFO] Routing pad 'SW58a:1' at (334327500, 102235000) with pad 'SW73:1' at (331946250, 121285000) using coordinate system rotated by 0 degree(s)
13:39:52: [INFO] Adding track segment (F.Cu): [(334327500, 102235000), (334327500, 118903750)]
13:39:52: [INFO] Adding track segment (F.Cu): [(334327500, 118903750), (331946250, 121285000)]
13:39:52: [INFO] Routing pad 'SW28:1' at (320040000, 64135000) with pad 'SW13:1' at (334327500, 35560000) using coordinate system rotated by 0 degree(s)
13:39:52: [INFO] Adding track segment (F.Cu): [(320040000, 64135000), (334327500, 49847500)]
13:39:52: [INFO] Adding track segment (F.Cu): [(334327500, 49847500), (334327500, 35560000)]
13:39:52: [INFO] Routing pad 'SW43:1' at (329565000, 83185000) with pad 'SW58a:1' at (334327500, 102235000) using coordinate system rotated by 0 degree(s)
13:39:52: [INFO] Adding track segment (F.Cu): [(329565000, 83185000), (329565000, 97472500)]
13:39:52: [INFO] Adding track segment (F.Cu): [(329565000, 97472500), (334327500, 102235000)]
13:39:52: [INFO] Routing pad 'SW73:1' at (331946250, 121285000) with pad 'SW82:1' at (343852500, 145097500) using coordinate system rotated by 0 degree(s)
13:39:52: [INFO] Adding track segment (F.Cu): [(331946250, 121285000), (331946250, 133191250)]
13:39:52: [INFO] Adding track segment (F.Cu): [(331946250, 133191250), (343852500, 145097500)]
13:39:52: [INFO] Routing pad 'SW58a:1' at (334327500, 102235000) with pad 'SW58:1' at (346233750, 102235000) using coordinate system rotated by 0 degree(s)
13:39:52: [INFO] Adding track segment (F.Cu): [(334327500, 102235000), (346233750, 102235000)]
13:39:52: [INFO] Routing COL13 pads
13:39:52: [INFO] Routing pad 'SW29:1' at (339090000, 64135000) with pad 'SW44:1' at (353377500, 83185000) using coordinate system rotated by 0 degree(s)
13:39:52: [INFO] Routing pad 'SW44:1' at (353377500, 83185000) with pad 'SW44a:1' at (355758750, 92710000) using coordinate system rotated by 0 degree(s)
13:39:52: [INFO] Routing pad 'SW29:1' at (339090000, 64135000) with pad 'SW14:1' at (358140000, 35560000) using coordinate system rotated by 0 degree(s)
13:39:52: [INFO] Adding track segment (F.Cu): [(339090000, 64135000), (358140000, 45085000)]
13:39:52: [INFO] Adding track segment (F.Cu): [(358140000, 45085000), (358140000, 35560000)]
13:39:52: [INFO] Routing pad 'SW44a:1' at (355758750, 92710000) with pad 'SW74:1' at (362902500, 126047500) using coordinate system rotated by 0 degree(s)
13:39:52: [INFO] Routing pad 'SW74:1' at (362902500, 126047500) with pad 'SW83:1' at (362902500, 145097500) using coordinate system rotated by 0 degree(s)
13:39:52: [INFO] Adding track segment (F.Cu): [(362902500, 126047500), (362902500, 145097500)]
13:39:52: [INFO] Routing pad 'SW44:1' at (353377500, 83185000) with pad 'SW59:1' at (386715000, 64135000) using coordinate system rotated by 0 degree(s)
13:39:52: [INFO] Routing ROW5 pads
13:39:52: [INFO] Routing pad 'D76:1' at (102711250, 148275000) with pad 'D77:1' at (126523750, 148275000) using coordinate system rotated by 0 degree(s)
13:39:52: [INFO] Adding track segment (B.Cu): [(102711250, 148275000), (126523750, 148275000)]
13:39:53: [INFO] Routing pad 'D77:1' at (126523750, 148275000) with pad 'D78:1' at (150336250, 148275000) using coordinate system rotated by 0 degree(s)
13:39:53: [INFO] Adding track segment (B.Cu): [(126523750, 148275000), (150336250, 148275000)]
13:39:53: [INFO] Routing pad 'D78:1' at (150336250, 148275000) with pad 'D79:1' at (221773750, 148275000) using coordinate system rotated by 0 degree(s)
13:39:53: [INFO] Adding track segment (B.Cu): [(150336250, 148275000), (221773750, 148275000)]
13:39:53: [INFO] Routing pad 'D79:1' at (221773750, 148275000) with pad 'D80:1' at (295592500, 148275000) using coordinate system rotated by 0 degree(s)
13:39:53: [INFO] Adding track segment (B.Cu): [(221773750, 148275000), (295592500, 148275000)]
13:39:53: [INFO] Routing pad 'D80:1' at (295592500, 148275000) with pad 'D81:1' at (324167500, 148275000) using coordinate system rotated by 0 degree(s)
13:39:53: [INFO] Adding track segment (B.Cu): [(295592500, 148275000), (324167500, 148275000)]
13:39:53: [INFO] Routing pad 'D81:1' at (324167500, 148275000) with pad 'D82:1' at (352742500, 153037500) using coordinate system rotated by 0 degree(s)
13:39:53: [INFO] Adding track segment (B.Cu): [(324167500, 148275000), (328930000, 153037500)]
13:39:53: [INFO] Adding track segment (B.Cu): [(328930000, 153037500), (352742500, 153037500)]
13:39:53: [INFO] Routing pad 'D82:1' at (352742500, 153037500) with pad 'D83:1' at (371792500, 153037500) using coordinate system rotated by 0 degree(s)
13:39:53: [INFO] Adding track segment (B.Cu): [(352742500, 153037500), (371792500, 153037500)]
13:39:53: [INFO] Routing pad 'D83:1' at (371792500, 153037500) with pad 'D84:1' at (390842500, 153037500) using coordinate system rotated by 0 degree(s)
13:39:53: [INFO] Adding track segment (B.Cu): [(371792500, 153037500), (390842500, 153037500)]
13:39:53: [INFO] Routing ROW3 pads
13:39:53: [INFO] Routing pad 'D46:1' at (107473750, 110175000) with pad 'D47:1' at (133667500, 110175000) using coordinate system rotated by 0 degree(s)
13:39:53: [INFO] Adding track segment (B.Cu): [(107473750, 110175000), (133667500, 110175000)]
13:39:53: [INFO] Routing pad 'D47:1' at (133667500, 110175000) with pad 'D48:1' at (152717500, 110175000) using coordinate system rotated by 0 degree(s)
13:39:53: [INFO] Adding track segment (B.Cu): [(133667500, 110175000), (152717500, 110175000)]
13:39:53: [INFO] Routing pad 'D48:1' at (152717500, 110175000) with pad 'D49:1' at (171767500, 110175000) using coordinate system rotated by 0 degree(s)
13:39:53: [INFO] Adding track segment (B.Cu): [(152717500, 110175000), (171767500, 110175000)]
13:39:53: [INFO] Routing pad 'D49:1' at (171767500, 110175000) with pad 'D50:1' at (190817500, 110175000) using coordinate system rotated by 0 degree(s)
13:39:53: [INFO] Adding track segment (B.Cu): [(171767500, 110175000), (190817500, 110175000)]
13:39:53: [INFO] Routing pad 'D50:1' at (190817500, 110175000) with pad 'D51:1' at (209867500, 110175000) using coordinate system rotated by 0 degree(s)
13:39:53: [INFO] Adding track segment (B.Cu): [(190817500, 110175000), (209867500, 110175000)]
13:39:53: [INFO] Routing pad 'D51:1' at (209867500, 110175000) with pad 'D52:1' at (228917500, 110175000) using coordinate system rotated by 0 degree(s)
13:39:53: [INFO] Adding track segment (B.Cu): [(209867500, 110175000), (228917500, 110175000)]
13:39:53: [INFO] Routing pad 'D52:1' at (228917500, 110175000) with pad 'D53:1' at (247967500, 110175000) using coordinate system rotated by 0 degree(s)
13:39:53: [INFO] Adding track segment (B.Cu): [(228917500, 110175000), (247967500, 110175000)]
13:39:53: [INFO] Routing pad 'D53:1' at (247967500, 110175000) with pad 'D54:1' at (267017500, 110175000) using coordinate system rotated by 0 degree(s)
13:39:53: [INFO] Adding track segment (B.Cu): [(247967500, 110175000), (267017500, 110175000)]
13:39:53: [INFO] Routing pad 'D54:1' at (267017500, 110175000) with pad 'D55:1' at (286067500, 110175000) using coordinate system rotated by 0 degree(s)
13:39:53: [INFO] Adding track segment (B.Cu): [(267017500, 110175000), (286067500, 110175000)]
13:39:53: [INFO] Routing pad 'D55:1' at (286067500, 110175000) with pad 'D56:1' at (305117500, 110175000) using coordinate system rotated by 0 degree(s)
13:39:53: [INFO] Adding track segment (B.Cu): [(286067500, 110175000), (305117500, 110175000)]
13:39:53: [INFO] Routing pad 'D56:1' at (305117500, 110175000) with pad 'D57:1' at (324167500, 110175000) using coordinate system rotated by 0 degree(s)
13:39:53: [INFO] Adding track segment (B.Cu): [(305117500, 110175000), (324167500, 110175000)]
13:39:53: [INFO] Routing pad 'D57:1' at (324167500, 110175000) with pad 'D58:1' at (355123750, 110175000) using coordinate system rotated by 0 degree(s)
13:39:53: [INFO] Adding track segment (B.Cu): [(324167500, 110175000), (355123750, 110175000)]
13:39:53: [INFO] Routing pad 'D60:1' at (395605000, 110175000) with pad 'D59:1' at (395605000, 72075000) using coordinate system rotated by 0 degree(s)
13:39:53: [INFO] Adding track segment (B.Cu): [(395605000, 110175000), (395605000, 72075000)]
13:39:53: [INFO] Could not add track segment due to detected collision
13:39:53: [INFO] Routing pad 'D58:1' at (355123750, 110175000) with pad 'D60:1' at (395605000, 110175000) using coordinate system rotated by 0 degree(s)
13:39:53: [INFO] Adding track segment (B.Cu): [(355123750, 110175000), (395605000, 110175000)]
13:39:53: [INFO] Routing COL8 pads
13:39:53: [INFO] Routing pad 'SW54:1' at (258127500, 102235000) with pad 'SW69:1' at (248602500, 121285000) using coordinate system rotated by 0 degree(s)
13:39:53: [INFO] Adding track segment (F.Cu): [(258127500, 102235000), (258127500, 111760000)]
13:39:53: [INFO] Adding track segment (F.Cu): [(258127500, 111760000), (248602500, 121285000)]
13:39:53: [INFO] Routing pad 'SW24:1' at (243840000, 64135000) with pad 'SW9:1' at (253365000, 35560000) using coordinate system rotated by 0 degree(s)
13:39:53: [INFO] Adding track segment (F.Cu): [(243840000, 64135000), (253365000, 54610000)]
13:39:53: [INFO] Adding track segment (F.Cu): [(253365000, 54610000), (253365000, 35560000)]
13:39:53: [INFO] Routing pad 'SW24:1' at (243840000, 64135000) with pad 'SW39:1' at (253365000, 83185000) using coordinate system rotated by 0 degree(s)
13:39:53: [INFO] Adding track segment (F.Cu): [(243840000, 64135000), (243840000, 73660000)]
13:39:53: [INFO] Adding track segment (F.Cu): [(243840000, 73660000), (253365000, 83185000)]
13:39:53: [INFO] Routing pad 'SW39:1' at (253365000, 83185000) with pad 'SW54:1' at (258127500, 102235000) using coordinate system rotated by 0 degree(s)
13:39:53: [INFO] Adding track segment (F.Cu): [(253365000, 83185000), (253365000, 97472500)]
13:39:53: [INFO] Adding track segment (F.Cu): [(253365000, 97472500), (258127500, 102235000)]
13:39:53: [INFO] Routing ROW0 pads
13:39:53: [INFO] Routing pad 'D1:1' at (100330000, 43500000) with pad 'D2:1' at (124142500, 43500000) using coordinate system rotated by 0 degree(s)
13:39:53: [INFO] Adding track segment (B.Cu): [(100330000, 43500000), (124142500, 43500000)]
13:39:53: [INFO] Routing pad 'D2:1' at (124142500, 43500000) with pad 'D3:1' at (143192500, 43500000) using coordinate system rotated by 0 degree(s)
13:39:53: [INFO] Adding track segment (B.Cu): [(124142500, 43500000), (143192500, 43500000)]
13:39:53: [INFO] Routing pad 'D3:1' at (143192500, 43500000) with pad 'D4:1' at (162242500, 43500000) using coordinate system rotated by 0 degree(s)
13:39:53: [INFO] Adding track segment (B.Cu): [(143192500, 43500000), (162242500, 43500000)]
13:39:53: [INFO] Routing pad 'D4:1' at (162242500, 43500000) with pad 'D5:1' at (181292500, 43500000) using coordinate system rotated by 0 degree(s)
13:39:53: [INFO] Adding track segment (B.Cu): [(162242500, 43500000), (181292500, 43500000)]
13:39:53: [INFO] Routing pad 'D5:1' at (181292500, 43500000) with pad 'D6:1' at (205105000, 43500000) using coordinate system rotated by 0 degree(s)
13:39:53: [INFO] Adding track segment (B.Cu): [(181292500, 43500000), (205105000, 43500000)]
13:39:53: [INFO] Routing pad 'D6:1' at (205105000, 43500000) with pad 'D7:1' at (224155000, 43500000) using coordinate system rotated by 0 degree(s)
13:39:53: [INFO] Adding track segment (B.Cu): [(205105000, 43500000), (224155000, 43500000)]
13:39:53: [INFO] Routing pad 'D7:1' at (224155000, 43500000) with pad 'D8:1' at (243205000, 43500000) using coordinate system rotated by 0 degree(s)
13:39:53: [INFO] Adding track segment (B.Cu): [(224155000, 43500000), (243205000, 43500000)]
13:39:53: [INFO] Routing pad 'D8:1' at (243205000, 43500000) with pad 'D9:1' at (262255000, 43500000) using coordinate system rotated by 0 degree(s)
13:39:53: [INFO] Adding track segment (B.Cu): [(243205000, 43500000), (262255000, 43500000)]
13:39:53: [INFO] Routing pad 'D9:1' at (262255000, 43500000) with pad 'D10:1' at (286067500, 43500000) using coordinate system rotated by 0 degree(s)
13:39:53: [INFO] Adding track segment (B.Cu): [(262255000, 43500000), (286067500, 43500000)]
13:39:53: [INFO] Routing pad 'D10:1' at (286067500, 43500000) with pad 'D11:1' at (305117500, 43500000) using coordinate system rotated by 0 degree(s)
13:39:53: [INFO] Adding track segment (B.Cu): [(286067500, 43500000), (305117500, 43500000)]
13:39:53: [INFO] Routing pad 'D11:1' at (305117500, 43500000) with pad 'D12:1' at (324167500, 43500000) using coordinate system rotated by 0 degree(s)
13:39:53: [INFO] Adding track segment (B.Cu): [(305117500, 43500000), (324167500, 43500000)]
13:39:53: [INFO] Routing pad 'D12:1' at (324167500, 43500000) with pad 'D13:1' at (343217500, 43500000) using coordinate system rotated by 0 degree(s)
13:39:53: [INFO] Adding track segment (B.Cu): [(324167500, 43500000), (343217500, 43500000)]
13:39:53: [INFO] Routing pad 'D13:1' at (343217500, 43500000) with pad 'D14:1' at (367030000, 43500000) using coordinate system rotated by 0 degree(s)
13:39:53: [INFO] Adding track segment (B.Cu): [(343217500, 43500000), (367030000, 43500000)]
13:39:53: [INFO] Routing pad 'D14:1' at (367030000, 43500000) with pad 'D15:1' at (395605000, 43500000) using coordinate system rotated by 0 degree(s)
13:39:53: [INFO] Adding track segment (B.Cu): [(367030000, 43500000), (395605000, 43500000)]
13:39:53: [INFO] Routing COL6 pads
13:39:53: [INFO] Routing pad 'SW52:1' at (220027500, 102235000) with pad 'SW67:1' at (210502500, 121285000) using coordinate system rotated by 0 degree(s)
13:39:53: [INFO] Adding track segment (F.Cu): [(220027500, 102235000), (220027500, 111760000)]
13:39:53: [INFO] Adding track segment (F.Cu): [(220027500, 111760000), (210502500, 121285000)]
13:39:53: [INFO] Routing pad 'SW67:1' at (210502500, 121285000) with pad 'SW79:1' at (212883750, 140335000) using coordinate system rotated by 0 degree(s)
13:39:53: [INFO] Adding track segment (F.Cu): [(210502500, 121285000), (210502500, 137953750)]
13:39:53: [INFO] Adding track segment (F.Cu): [(210502500, 137953750), (212883750, 140335000)]
13:39:53: [INFO] Routing pad 'SW22:1' at (205740000, 64135000) with pad 'SW7:1' at (215265000, 35560000) using coordinate system rotated by 0 degree(s)
13:39:53: [INFO] Adding track segment (F.Cu): [(205740000, 64135000), (215265000, 54610000)]
13:39:53: [INFO] Adding track segment (F.Cu): [(215265000, 54610000), (215265000, 35560000)]
13:39:53: [INFO] Routing pad 'SW22:1' at (205740000, 64135000) with pad 'SW37:1' at (215265000, 83185000) using coordinate system rotated by 0 degree(s)
13:39:53: [INFO] Adding track segment (F.Cu): [(205740000, 64135000), (205740000, 73660000)]
13:39:53: [INFO] Adding track segment (F.Cu): [(205740000, 73660000), (215265000, 83185000)]
13:39:53: [INFO] Routing pad 'SW79:1' at (212883750, 140335000) with pad 'SW79a:1' at (215265000, 140335000) using coordinate system rotated by 0 degree(s)
13:39:53: [INFO] Adding track segment (F.Cu): [(212883750, 140335000), (215265000, 140335000)]
13:39:53: [INFO] Routing pad 'SW37:1' at (215265000, 83185000) with pad 'SW52:1' at (220027500, 102235000) using coordinate system rotated by 0 degree(s)
13:39:53: [INFO] Adding track segment (F.Cu): [(215265000, 83185000), (215265000, 97472500)]
13:39:53: [INFO] Adding track segment (F.Cu): [(215265000, 97472500), (220027500, 102235000)]
13:39:53: [INFO] Removing dangling tracks
