=== kbplacer.kle_serial ===
=== layout2image.py ===
=== kbplacer ===
13:29:08: [INFO] User layout: https://editor.keyboard-tools.xyz/#share=NrDeCIHdwLgAgIwDoBMBWAvgGjuALFgAwA6AdmWQlguDvtReaVTThAB6yKFIDsmdFgGZGZQtVq4U1EUzESAulgBQYcAGMu4AMS89+8NlziSc0kIltwneFVyb4O9c5eG64lKPOXjWWYwtWXzwvQMlwcTRQnw4uHgFfADZooIisXhTw8QAOTPcsAE48uFj4eKM0hFMAn0qEYsrPMzD8hH8mMKVVCABPOKQ0OgdcXX09N19qjqJJUrgedCGtbRdXCvF65pn8pprCLL9o-fyQreOS6370dawos4Pk+-yMp99c17mFhLSi18qpsgWc51I4HBC7abnT6ob4bdqA7YXGzzGE3BB4MFoMGJcBdNR9MqowSI8AscJUFDkvxUjHErHEnHE3hU7JUgpUqoc1IsSlWaDwFAVYReEyzS6E67E9Ec+m4Fg4vEQfmIAYVaTA6SpaS8qTUujSWm62XgaSM3XM-VYVmW9mWzl2rXUHVKrjIb6BIRi5FfNXUQ0m6jGzUKlRqZXIfgVIHhFq4Cw68AWT10Cz+izGixmxPpGNW3O2uPUYGBIIQYbgMbjOjKlBEwvgr1XQb2ZarZzhAAmXAALgAnACuAFMKgR0V5R+FR3dGBPFVAuLXJbgCADmCSCAmCMnl1h-QRjQQswQLTvrTuC-R7TuEKX5wK+N9RxCyOrGxLH37x+vA1-gaPHjOiLQs2d4qpGdBPl4mqTjIUGKKGLq2KqdCDKuqHhIMmyMOhfKushuCDM+pA4Rcyq8BUgwAUwJGISq3yYVh1EkphRE0aBboUbBZhsd6dbgJh-qYcamEht04AEiiIHhvh-FEF4mFil28B9kOnGMWQCm4Uh9FYKxMSgeRKFYFRGn6dJOk3vJ+lKXAKnDkZ4JWbe5lqfCxHwWJ0lLrJaG6W+KKJIsuBeRZVnOuxfGEWFYrKokkXGdFWkqt5DGJaReEpU6aXQoFUkZRZbmEbiChAA
13:29:08: [INFO] Labels prefixes: for rows: 'ROW', for columns: 'COL'
13:29:08: [INFO] Matrix size: 5x16
13:29:09: [WARNING] No stabilizer footprint for width 2.25u, using 2u as fallback
13:29:09: [WARNING] No stabilizer footprint for width 2.25u, using 2u as fallback
13:29:09: [WARNING] No stabilizer footprint for width 2.75u, using 2u as fallback
13:29:09: [INFO] Add COL0 net
13:29:09: [INFO] Add COL1 net
13:29:09: [INFO] Add COL10 net
13:29:09: [INFO] Add COL11 net
13:29:09: [INFO] Add COL12 net
13:29:09: [INFO] Add COL13 net
13:29:09: [INFO] Add COL14 net
13:29:09: [INFO] Add COL15 net
13:29:09: [INFO] Add COL16 net
13:29:09: [INFO] Add COL2 net
13:29:09: [INFO] Add COL3 net
13:29:09: [INFO] Add COL4 net
13:29:09: [INFO] Add COL5 net
13:29:09: [INFO] Add COL6 net
13:29:09: [INFO] Add COL7 net
13:29:09: [INFO] Add COL8 net
13:29:09: [INFO] Add COL9 net
13:29:09: [INFO] Add Net-(D1-A) net
13:29:09: [INFO] Add Net-(D10-A) net
13:29:09: [INFO] Add Net-(D11-A) net
13:29:09: [INFO] Add Net-(D12-A) net
13:29:09: [INFO] Add Net-(D13-A) net
13:29:09: [INFO] Add Net-(D14-A) net
13:29:09: [INFO] Add Net-(D15-A) net
13:29:09: [INFO] Add Net-(D16-A) net
13:29:09: [INFO] Add Net-(D17-A) net
13:29:09: [INFO] Add Net-(D18-A) net
13:29:09: [INFO] Add Net-(D19-A) net
13:29:09: [INFO] Add Net-(D2-A) net
13:29:09: [INFO] Add Net-(D20-A) net
13:29:09: [INFO] Add Net-(D21-A) net
13:29:09: [INFO] Add Net-(D22-A) net
13:29:09: [INFO] Add Net-(D23-A) net
13:29:09: [INFO] Add Net-(D24-A) net
13:29:09: [INFO] Add Net-(D25-A) net
13:29:09: [INFO] Add Net-(D26-A) net
13:29:09: [INFO] Add Net-(D27-A) net
13:29:09: [INFO] Add Net-(D28-A) net
13:29:09: [INFO] Add Net-(D29-A) net
13:29:09: [INFO] Add Net-(D3-A) net
13:29:09: [INFO] Add Net-(D30-A) net
13:29:09: [INFO] Add Net-(D31-A) net
13:29:09: [INFO] Add Net-(D32-A) net
13:29:09: [INFO] Add Net-(D33-A) net
13:29:09: [INFO] Add Net-(D34-A) net
13:29:09: [INFO] Add Net-(D35-A) net
13:29:09: [INFO] Add Net-(D36-A) net
13:29:09: [INFO] Add Net-(D37-A) net
13:29:09: [INFO] Add Net-(D38-A) net
13:29:09: [INFO] Add Net-(D39-A) net
13:29:09: [INFO] Add Net-(D4-A) net
13:29:09: [INFO] Add Net-(D40-A) net
13:29:09: [INFO] Add Net-(D41-A) net
13:29:09: [INFO] Add Net-(D42-A) net
13:29:09: [INFO] Add Net-(D43-A) net
13:29:09: [INFO] Add Net-(D44-A) net
13:29:09: [INFO] Add Net-(D45-A) net
13:29:09: [INFO] Add Net-(D46-A) net
13:29:09: [INFO] Add Net-(D47-A) net
13:29:09: [INFO] Add Net-(D48-A) net
13:29:09: [INFO] Add Net-(D49-A) net
13:29:09: [INFO] Add Net-(D5-A) net
13:29:09: [INFO] Add Net-(D50-A) net
13:29:09: [INFO] Add Net-(D51-A) net
13:29:09: [INFO] Add Net-(D52-A) net
13:29:09: [INFO] Add Net-(D53-A) net
13:29:09: [INFO] Add Net-(D54-A) net
13:29:09: [INFO] Add Net-(D55-A) net
13:29:09: [INFO] Add Net-(D56-A) net
13:29:09: [INFO] Add Net-(D57-A) net
13:29:09: [INFO] Add Net-(D58-A) net
13:29:09: [INFO] Add Net-(D59-A) net
13:29:09: [INFO] Add Net-(D6-A) net
13:29:09: [INFO] Add Net-(D60-A) net
13:29:09: [INFO] Add Net-(D61-A) net
13:29:09: [INFO] Add Net-(D62-A) net
13:29:09: [INFO] Add Net-(D63-A) net
13:29:09: [INFO] Add Net-(D64-A) net
13:29:09: [INFO] Add Net-(D65-A) net
13:29:09: [INFO] Add Net-(D66-A) net
13:29:09: [INFO] Add Net-(D67-A) net
13:29:09: [INFO] Add Net-(D68-A) net
13:29:09: [INFO] Add Net-(D69-A) net
13:29:09: [INFO] Add Net-(D7-A) net
13:29:09: [INFO] Add Net-(D70-A) net
13:29:09: [INFO] Add Net-(D71-A) net
13:29:09: [INFO] Add Net-(D72-A) net
13:29:09: [INFO] Add Net-(D73-A) net
13:29:09: [INFO] Add Net-(D74-A) net
13:29:09: [INFO] Add Net-(D75-A) net
13:29:09: [INFO] Add Net-(D76-A) net
13:29:09: [INFO] Add Net-(D77-A) net
13:29:09: [INFO] Add Net-(D78-A) net
13:29:09: [INFO] Add Net-(D79-A) net
13:29:09: [INFO] Add Net-(D8-A) net
13:29:09: [INFO] Add Net-(D80-A) net
13:29:09: [INFO] Add Net-(D81-A) net
13:29:09: [INFO] Add Net-(D82-A) net
13:29:09: [INFO] Add Net-(D83-A) net
13:29:09: [INFO] Add Net-(D84-A) net
13:29:09: [INFO] Add Net-(D85-A) net
13:29:09: [INFO] Add Net-(D86-A) net
13:29:09: [INFO] Add Net-(D87-A) net
13:29:09: [INFO] Add Net-(D88-A) net
13:29:09: [INFO] Add Net-(D89-A) net
13:29:09: [INFO] Add Net-(D9-A) net
13:29:09: [INFO] Add Net-(D90-A) net
13:29:09: [INFO] Add Net-(D91-A) net
13:29:09: [INFO] Add Net-(D92-A) net
13:29:09: [INFO] Add ROW0 net
13:29:09: [INFO] Add ROW1 net
13:29:09: [INFO] Add ROW2 net
13:29:09: [INFO] Add ROW3 net
13:29:09: [INFO] Add ROW4 net
13:29:09: [INFO] Add ROW5 net
13:29:09: [INFO] Add SW1 footprint
13:29:09: [INFO] Add D1 footprint
13:29:09: [INFO] Add SW2 footprint
13:29:09: [INFO] Add D2 footprint
13:29:09: [INFO] Add SW3 footprint
13:29:09: [INFO] Add D3 footprint
13:29:09: [INFO] Add SW3a footprint
13:29:09: [INFO] Add SW4 footprint
13:29:09: [INFO] Add D4 footprint
13:29:09: [INFO] Add SW4a footprint
13:29:09: [INFO] Add SW5 footprint
13:29:09: [INFO] Add D5 footprint
13:29:09: [INFO] Add SW5a footprint
13:29:09: [INFO] Add SW6 footprint
13:29:09: [INFO] Add D6 footprint
13:29:09: [INFO] Add SW6a footprint
13:29:09: [INFO] Add SW7 footprint
13:29:09: [INFO] Add D7 footprint
13:29:10: [INFO] Add SW8 footprint
13:29:10: [INFO] Add D8 footprint
13:29:10: [INFO] Add SW9 footprint
13:29:10: [INFO] Add D9 footprint
13:29:10: [INFO] Add SW10 footprint
13:29:10: [INFO] Add D10 footprint
13:29:10: [INFO] Add SW10a footprint
13:29:10: [INFO] Add SW11 footprint
13:29:10: [INFO] Add D11 footprint
13:29:10: [INFO] Add SW11a footprint
13:29:10: [INFO] Add SW12 footprint
13:29:10: [INFO] Add D12 footprint
13:29:10: [INFO] Add SW12a footprint
13:29:10: [INFO] Add SW13 footprint
13:29:10: [INFO] Add D13 footprint
13:29:10: [INFO] Add SW13a footprint
13:29:10: [INFO] Add SW14 footprint
13:29:10: [INFO] Add D14 footprint
13:29:10: [INFO] Add SW15 footprint
13:29:10: [INFO] Add D15 footprint
13:29:10: [INFO] Add SW16 footprint
13:29:10: [INFO] Add D16 footprint
13:29:10: [INFO] Add SW17 footprint
13:29:10: [INFO] Add D17 footprint
13:29:10: [INFO] Add SW18 footprint
13:29:10: [INFO] Add D18 footprint
13:29:10: [INFO] Add SW19 footprint
13:29:10: [INFO] Add D19 footprint
13:29:10: [INFO] Add SW20 footprint
13:29:10: [INFO] Add D20 footprint
13:29:10: [INFO] Add SW21 footprint
13:29:10: [INFO] Add D21 footprint
13:29:10: [INFO] Add SW22 footprint
13:29:10: [INFO] Add D22 footprint
13:29:10: [INFO] Add SW23 footprint
13:29:10: [INFO] Add D23 footprint
13:29:10: [INFO] Add SW24 footprint
13:29:10: [INFO] Add D24 footprint
13:29:10: [INFO] Add SW25 footprint
13:29:10: [INFO] Add D25 footprint
13:29:11: [INFO] Add SW26 footprint
13:29:11: [INFO] Add D26 footprint
13:29:11: [INFO] Add SW27 footprint
13:29:11: [INFO] Add D27 footprint
13:29:11: [INFO] Add SW28 footprint
13:29:11: [INFO] Add D28 footprint
13:29:11: [INFO] Add SW29 footprint
13:29:11: [INFO] Add D29 footprint
13:29:11: [INFO] Add SW30 footprint
13:29:11: [INFO] Add D30 footprint
13:29:11: [INFO] Add SW31 footprint
13:29:11: [INFO] Add D31 footprint
13:29:11: [INFO] Add ST31 footprint
13:29:11: [INFO] Add SW31a footprint
13:29:11: [INFO] Add SW32 footprint
13:29:11: [INFO] Add D32 footprint
13:29:11: [INFO] Add SW33 footprint
13:29:11: [INFO] Add D33 footprint
13:29:11: [INFO] Add SW34 footprint
13:29:11: [INFO] Add D34 footprint
13:29:11: [INFO] Add SW35 footprint
13:29:11: [INFO] Add D35 footprint
13:29:11: [INFO] Add SW36 footprint
13:29:11: [INFO] Add D36 footprint
13:29:11: [INFO] Add SW37 footprint
13:29:11: [INFO] Add D37 footprint
13:29:11: [INFO] Add SW38 footprint
13:29:11: [INFO] Add D38 footprint
13:29:11: [INFO] Add SW39 footprint
13:29:11: [INFO] Add D39 footprint
13:29:11: [INFO] Add SW40 footprint
13:29:11: [INFO] Add D40 footprint
13:29:11: [INFO] Add SW41 footprint
13:29:11: [INFO] Add D41 footprint
13:29:11: [INFO] Add SW42 footprint
13:29:11: [INFO] Add D42 footprint
13:29:11: [INFO] Add SW43 footprint
13:29:11: [INFO] Add D43 footprint
13:29:11: [INFO] Add SW44 footprint
13:29:11: [INFO] Add D44 footprint
13:29:11: [INFO] Add SW45 footprint
13:29:12: [INFO] Add D45 footprint
13:29:12: [INFO] Add SW46 footprint
13:29:12: [INFO] Add D46 footprint
13:29:12: [INFO] Add SW47 footprint
13:29:12: [INFO] Add D47 footprint
13:29:12: [INFO] Add SW48 footprint
13:29:12: [INFO] Add D48 footprint
13:29:12: [INFO] Add SW49 footprint
13:29:12: [INFO] Add D49 footprint
13:29:12: [INFO] Add SW50 footprint
13:29:12: [INFO] Add D50 footprint
13:29:12: [INFO] Add SW51 footprint
13:29:12: [INFO] Add D51 footprint
13:29:12: [INFO] Add SW52 footprint
13:29:12: [INFO] Add D52 footprint
13:29:12: [INFO] Add SW53 footprint
13:29:12: [INFO] Add D53 footprint
13:29:12: [INFO] Add SW54 footprint
13:29:12: [INFO] Add D54 footprint
13:29:12: [INFO] Add SW55 footprint
13:29:12: [INFO] Add D55 footprint
13:29:12: [INFO] Add SW56 footprint
13:29:12: [INFO] Add D56 footprint
13:29:12: [INFO] Add SW57 footprint
13:29:12: [INFO] Add D57 footprint
13:29:12: [INFO] Add SW58 footprint
13:29:12: [INFO] Add D58 footprint
13:29:12: [INFO] Add SW59 footprint
13:29:12: [INFO] Add D59 footprint
13:29:12: [INFO] Add SW60 footprint
13:29:12: [INFO] Add D60 footprint
13:29:12: [INFO] Add SW61 footprint
13:29:12: [INFO] Add D61 footprint
13:29:12: [INFO] Add SW62 footprint
13:29:12: [INFO] Add D62 footprint
13:29:12: [INFO] Add SW63 footprint
13:29:12: [INFO] Add D63 footprint
13:29:13: [INFO] Add SW64 footprint
13:29:13: [INFO] Add D64 footprint
13:29:13: [WARNING] No stabilizer footprint for width 2.25u, using 2u as fallback
13:29:13: [INFO] Add ST64 footprint
13:29:13: [INFO] Add SW65 footprint
13:29:13: [INFO] Add D65 footprint
13:29:13: [INFO] Add SW66 footprint
13:29:13: [INFO] Add D66 footprint
13:29:13: [WARNING] No stabilizer footprint for width 2.25u, using 2u as fallback
13:29:13: [INFO] Add ST66 footprint
13:29:13: [INFO] Add SW66a footprint
13:29:13: [INFO] Add SW67 footprint
13:29:13: [INFO] Add D67 footprint
13:29:13: [INFO] Add SW68 footprint
13:29:13: [INFO] Add D68 footprint
13:29:13: [INFO] Add SW69 footprint
13:29:13: [INFO] Add D69 footprint
13:29:13: [INFO] Add SW70 footprint
13:29:13: [INFO] Add D70 footprint
13:29:13: [INFO] Add SW71 footprint
13:29:13: [INFO] Add D71 footprint
13:29:13: [INFO] Add SW72 footprint
13:29:13: [INFO] Add D72 footprint
13:29:13: [INFO] Add SW73 footprint
13:29:13: [INFO] Add D73 footprint
13:29:13: [INFO] Add SW74 footprint
13:29:13: [INFO] Add D74 footprint
13:29:13: [INFO] Add SW75 footprint
13:29:13: [INFO] Add D75 footprint
13:29:13: [INFO] Add SW76 footprint
13:29:13: [INFO] Add D76 footprint
13:29:13: [INFO] Add SW77 footprint
13:29:13: [INFO] Add D77 footprint
13:29:13: [INFO] Add SW78 footprint
13:29:13: [INFO] Add D78 footprint
13:29:13: [WARNING] No stabilizer footprint for width 2.75u, using 2u as fallback
13:29:13: [INFO] Add ST78 footprint
13:29:13: [INFO] Add SW78a footprint
13:29:13: [INFO] Add SW79 footprint
13:29:13: [INFO] Add D79 footprint
13:29:13: [INFO] Add SW80 footprint
13:29:13: [INFO] Add D80 footprint
13:29:14: [INFO] Add SW81 footprint
13:29:14: [INFO] Add D81 footprint
13:29:14: [INFO] Add SW82 footprint
13:29:14: [INFO] Add D82 footprint
13:29:14: [INFO] Add SW83 footprint
13:29:14: [INFO] Add D83 footprint
13:29:14: [INFO] Add SW83a footprint
13:29:14: [INFO] Add SW84 footprint
13:29:14: [INFO] Add D84 footprint
13:29:14: [INFO] Add SW84a footprint
13:29:14: [INFO] Add SW85 footprint
13:29:14: [INFO] Add D85 footprint
13:29:14: [INFO] Add SW85a footprint
13:29:14: [INFO] Add SW86 footprint
13:29:14: [INFO] Add D86 footprint
13:29:14: [INFO] Add ST86 footprint
13:29:14: [INFO] Add SW87 footprint
13:29:14: [INFO] Add D87 footprint
13:29:14: [INFO] Add SW87a footprint
13:29:14: [INFO] Add SW88 footprint
13:29:14: [INFO] Add D88 footprint
13:29:14: [INFO] Add SW88a footprint
13:29:14: [INFO] Add SW89 footprint
13:29:14: [INFO] Add D89 footprint
13:29:14: [INFO] Add SW89a footprint
13:29:14: [INFO] Add SW90 footprint
13:29:14: [INFO] Add D90 footprint
13:29:14: [INFO] Add SW91 footprint
13:29:14: [INFO] Add D91 footprint
13:29:14: [INFO] Add SW92 footprint
13:29:14: [INFO] Add D92 footprint
13:29:14: [INFO] Detected layout convertible to matrix annotated keyboard
13:29:14: [INFO] Using key 1U distance: (19.05, 19.05) mm
13:29:14: [INFO] Layout offset: (28575000, 38100000)
13:29:14: [INFO] Diode info: [ElementInfo(annotation_format='D{}', position_option=<PositionOption.CUSTOM: 'Custom'>, position=ElementPosition(x=5.08, y=4.0, orientation=90.0, side=<Side.BACK: 'Back'>), template_path='', start_index=-1)]
13:29:14: [INFO] Placing additional elements for SW92
13:29:14: [INFO] Placing additional elements for SW91
13:29:14: [INFO] Placing additional elements for SW90
13:29:14: [INFO] Placing additional elements for SW89a
13:29:14: [INFO] Placing additional elements for SW89
13:29:14: [INFO] Placing additional elements for SW88a
13:29:14: [INFO] Placing additional elements for SW88
13:29:14: [INFO] Placing additional elements for SW87a
13:29:14: [INFO] Placing additional elements for SW87
13:29:14: [INFO] Placing additional elements for SW86
13:29:14: [INFO] Placing additional elements for SW85a
13:29:14: [INFO] Placing additional elements for SW85
13:29:14: [INFO] Placing additional elements for SW84a
13:29:14: [INFO] Placing additional elements for SW84
13:29:14: [INFO] Placing additional elements for SW83a
13:29:14: [INFO] Placing additional elements for SW83
13:29:14: [INFO] Placing additional elements for SW82
13:29:14: [INFO] Placing additional elements for SW81
13:29:14: [INFO] Placing additional elements for SW80
13:29:14: [INFO] Placing additional elements for SW79
13:29:14: [INFO] Placing additional elements for SW78a
13:29:14: [INFO] Placing additional elements for SW78
13:29:14: [INFO] Placing additional elements for SW77
13:29:14: [INFO] Placing additional elements for SW76
13:29:14: [INFO] Placing additional elements for SW75
13:29:14: [INFO] Placing additional elements for SW74
13:29:14: [INFO] Placing additional elements for SW73
13:29:14: [INFO] Placing additional elements for SW72
13:29:14: [INFO] Placing additional elements for SW71
13:29:14: [INFO] Placing additional elements for SW70
13:29:14: [INFO] Placing additional elements for SW69
13:29:14: [INFO] Placing additional elements for SW68
13:29:14: [INFO] Placing additional elements for SW67
13:29:14: [INFO] Placing additional elements for SW66a
13:29:14: [INFO] Placing additional elements for SW66
13:29:14: [INFO] Placing additional elements for SW65
13:29:14: [INFO] Placing additional elements for SW64
13:29:14: [INFO] Placing additional elements for SW63
13:29:14: [INFO] Placing additional elements for SW62
13:29:14: [INFO] Placing additional elements for SW61
13:29:14: [INFO] Placing additional elements for SW60
13:29:14: [INFO] Placing additional elements for SW59
13:29:14: [INFO] Placing additional elements for SW58
13:29:14: [INFO] Placing additional elements for SW57
13:29:14: [INFO] Placing additional elements for SW56
13:29:14: [INFO] Placing additional elements for SW55
13:29:14: [INFO] Placing additional elements for SW54
13:29:14: [INFO] Placing additional elements for SW53
13:29:14: [INFO] Placing additional elements for SW52
13:29:14: [INFO] Placing additional elements for SW51
13:29:14: [INFO] Placing additional elements for SW50
13:29:14: [INFO] Placing additional elements for SW49
13:29:14: [INFO] Placing additional elements for SW48
13:29:14: [INFO] Placing additional elements for SW47
13:29:14: [INFO] Placing additional elements for SW46
13:29:14: [INFO] Placing additional elements for SW45
13:29:14: [INFO] Placing additional elements for SW44
13:29:14: [INFO] Placing additional elements for SW43
13:29:14: [INFO] Placing additional elements for SW42
13:29:14: [INFO] Placing additional elements for SW41
13:29:14: [INFO] Placing additional elements for SW40
13:29:14: [INFO] Placing additional elements for SW39
13:29:14: [INFO] Placing additional elements for SW38
13:29:14: [INFO] Placing additional elements for SW37
13:29:14: [INFO] Placing additional elements for SW36
13:29:14: [INFO] Placing additional elements for SW35
13:29:14: [INFO] Placing additional elements for SW34
13:29:14: [INFO] Placing additional elements for SW33
13:29:14: [INFO] Placing additional elements for SW32
13:29:14: [INFO] Placing additional elements for SW31a
13:29:14: [INFO] Placing additional elements for SW31
13:29:14: [INFO] Placing additional elements for SW30
13:29:14: [INFO] Placing additional elements for SW29
13:29:14: [INFO] Placing additional elements for SW28
13:29:14: [INFO] Placing additional elements for SW27
13:29:14: [INFO] Placing additional elements for SW26
13:29:14: [INFO] Placing additional elements for SW25
13:29:14: [INFO] Placing additional elements for SW24
13:29:14: [INFO] Placing additional elements for SW23
13:29:14: [INFO] Placing additional elements for SW22
13:29:14: [INFO] Placing additional elements for SW21
13:29:14: [INFO] Placing additional elements for SW20
13:29:14: [INFO] Placing additional elements for SW19
13:29:14: [INFO] Placing additional elements for SW18
13:29:14: [INFO] Placing additional elements for SW17
13:29:14: [INFO] Placing additional elements for SW16
13:29:14: [INFO] Placing additional elements for SW15
13:29:14: [INFO] Placing additional elements for SW14
13:29:14: [INFO] Placing additional elements for SW13a
13:29:14: [INFO] Placing additional elements for SW13
13:29:14: [INFO] Placing additional elements for SW12a
13:29:14: [INFO] Placing additional elements for SW12
13:29:14: [INFO] Placing additional elements for SW11a
13:29:14: [INFO] Placing additional elements for SW11
13:29:14: [INFO] Placing additional elements for SW10a
13:29:14: [INFO] Placing additional elements for SW10
13:29:14: [INFO] Placing additional elements for SW9
13:29:14: [INFO] Placing additional elements for SW8
13:29:14: [INFO] Placing additional elements for SW7
13:29:14: [INFO] Placing additional elements for SW6a
13:29:14: [INFO] Placing additional elements for SW6
13:29:14: [INFO] Placing additional elements for SW5a
13:29:14: [INFO] Placing additional elements for SW5
13:29:14: [INFO] Placing additional elements for SW4a
13:29:14: [INFO] Placing additional elements for SW4
13:29:14: [INFO] Placing additional elements for SW3a
13:29:14: [INFO] Placing additional elements for SW3
13:29:14: [INFO] Placing additional elements for SW2
13:29:14: [INFO] Placing additional elements for SW1
13:29:14: [INFO] Routing SW92 with D92
13:29:14: [INFO] Using internal autorouter method
13:29:14: [INFO] Routing pad 'SW92:2' at (369252500, 190182500) with pad 'D92:2' at (371792500, 197862500) using coordinate system rotated by 0 degree(s)
13:29:14: [INFO] Adding track segment (B.Cu): [(369252500, 190182500), (369252500, 195322500)]
13:29:14: [INFO] Adding track segment (B.Cu): [(369252500, 195322500), (371792500, 197862500)]
13:29:14: [INFO] Routing SW91 with D91
13:29:14: [INFO] Using internal autorouter method
13:29:14: [INFO] Routing pad 'SW91:2' at (350202500, 190182500) with pad 'D91:2' at (352742500, 197862500) using coordinate system rotated by 0 degree(s)
13:29:15: [INFO] Adding track segment (B.Cu): [(350202500, 190182500), (350202500, 195322500)]
13:29:15: [INFO] Adding track segment (B.Cu): [(350202500, 195322500), (352742500, 197862500)]
13:29:15: [INFO] Routing SW90 with D90
13:29:15: [INFO] Using internal autorouter method
13:29:15: [INFO] Routing pad 'SW90:2' at (331152500, 190182500) with pad 'D90:2' at (333692500, 197862500) using coordinate system rotated by 0 degree(s)
13:29:15: [INFO] Adding track segment (B.Cu): [(331152500, 190182500), (331152500, 195322500)]
13:29:15: [INFO] Adding track segment (B.Cu): [(331152500, 195322500), (333692500, 197862500)]
13:29:15: [INFO] Routing SW89a with D89
13:29:15: [INFO] Using internal autorouter method
13:29:15: [INFO] Routing pad 'SW89a:2' at (304958750, 190182500) with pad 'D89:2' at (305117500, 197862500) using coordinate system rotated by 0 degree(s)
13:29:15: [INFO] Routing SW89 with D89
13:29:15: [INFO] Using internal autorouter method
13:29:15: [INFO] Routing pad 'SW89:2' at (302577500, 190182500) with pad 'D89:2' at (305117500, 197862500) using coordinate system rotated by 0 degree(s)
13:29:15: [INFO] Routing SW88a with D88
13:29:15: [INFO] Using internal autorouter method
13:29:15: [INFO] Routing pad 'SW88a:2' at (269240000, 190182500) with pad 'D88:2' at (281305000, 197862500) using coordinate system rotated by 0 degree(s)
13:29:15: [INFO] Routing SW88 with D88
13:29:15: [INFO] Using internal autorouter method
13:29:15: [INFO] Routing pad 'SW88:2' at (278765000, 190182500) with pad 'D88:2' at (281305000, 197862500) using coordinate system rotated by 0 degree(s)
13:29:15: [INFO] Adding track segment (B.Cu): [(278765000, 190182500), (278765000, 195322500)]
13:29:15: [INFO] Adding track segment (B.Cu): [(278765000, 195322500), (281305000, 197862500)]
13:29:15: [INFO] Routing SW87a with D87
13:29:15: [INFO] Using internal autorouter method
13:29:15: [INFO] Routing pad 'SW87a:2' at (245427500, 190182500) with pad 'D87:2' at (257492500, 197862500) using coordinate system rotated by 0 degree(s)
13:29:15: [INFO] Routing SW87 with D87
13:29:15: [INFO] Using internal autorouter method
13:29:15: [INFO] Routing pad 'SW87:2' at (254952500, 190182500) with pad 'D87:2' at (257492500, 197862500) using coordinate system rotated by 0 degree(s)
13:29:15: [INFO] Adding track segment (B.Cu): [(254952500, 190182500), (254952500, 195322500)]
13:29:15: [INFO] Adding track segment (B.Cu): [(254952500, 195322500), (257492500, 197862500)]
13:29:15: [INFO] Routing SW86 with D86
13:29:15: [INFO] Using internal autorouter method
13:29:15: [INFO] Routing pad 'SW86:2' at (173990000, 190182500) with pad 'D86:2' at (176530000, 197862500) using coordinate system rotated by 0 degree(s)
13:29:15: [INFO] Adding track segment (B.Cu): [(173990000, 190182500), (173990000, 195322500)]
13:29:15: [INFO] Adding track segment (B.Cu): [(173990000, 195322500), (176530000, 197862500)]
13:29:15: [INFO] Routing SW85a with D85
13:29:15: [INFO] Using internal autorouter method
13:29:15: [INFO] Routing pad 'SW85a:2' at (102552500, 190182500) with pad 'D85:2' at (95567500, 197862500) using coordinate system rotated by 0 degree(s)
13:29:15: [INFO] Routing SW85 with D85
13:29:15: [INFO] Using internal autorouter method
13:29:15: [INFO] Routing pad 'SW85:2' at (93027500, 190182500) with pad 'D85:2' at (95567500, 197862500) using coordinate system rotated by 0 degree(s)
13:29:15: [INFO] Adding track segment (B.Cu): [(93027500, 190182500), (93027500, 195322500)]
13:29:15: [INFO] Adding track segment (B.Cu): [(93027500, 195322500), (95567500, 197862500)]
13:29:15: [INFO] Routing SW84a with D84
13:29:15: [INFO] Using internal autorouter method
13:29:15: [INFO] Routing pad 'SW84a:2' at (78740000, 190182500) with pad 'D84:2' at (71755000, 197862500) using coordinate system rotated by 0 degree(s)
13:29:15: [INFO] Routing SW84 with D84
13:29:15: [INFO] Using internal autorouter method
13:29:15: [INFO] Routing pad 'SW84:2' at (69215000, 190182500) with pad 'D84:2' at (71755000, 197862500) using coordinate system rotated by 0 degree(s)
13:29:15: [INFO] Adding track segment (B.Cu): [(69215000, 190182500), (69215000, 195322500)]
13:29:15: [INFO] Adding track segment (B.Cu): [(69215000, 195322500), (71755000, 197862500)]
13:29:15: [INFO] Routing SW83a with D83
13:29:15: [INFO] Using internal autorouter method
13:29:15: [INFO] Routing pad 'SW83a:2' at (43021250, 190182500) with pad 'D83:2' at (47942500, 197862500) using coordinate system rotated by 0 degree(s)
13:29:15: [INFO] Routing SW83 with D83
13:29:15: [INFO] Using internal autorouter method
13:29:15: [INFO] Routing pad 'SW83:2' at (45402500, 190182500) with pad 'D83:2' at (47942500, 197862500) using coordinate system rotated by 0 degree(s)
13:29:15: [INFO] Routing SW82 with D82
13:29:15: [INFO] Using internal autorouter method
13:29:15: [INFO] Routing pad 'SW82:2' at (369252500, 171132500) with pad 'D82:2' at (371792500, 178812500) using coordinate system rotated by 0 degree(s)
13:29:15: [INFO] Adding track segment (B.Cu): [(369252500, 171132500), (369252500, 176272500)]
13:29:15: [INFO] Adding track segment (B.Cu): [(369252500, 176272500), (371792500, 178812500)]
13:29:15: [INFO] Routing SW81 with D81
13:29:15: [INFO] Using internal autorouter method
13:29:15: [INFO] Routing pad 'SW81:2' at (350202500, 171132500) with pad 'D81:2' at (352742500, 178812500) using coordinate system rotated by 0 degree(s)
13:29:15: [INFO] Adding track segment (B.Cu): [(350202500, 171132500), (350202500, 176272500)]
13:29:15: [INFO] Adding track segment (B.Cu): [(350202500, 176272500), (352742500, 178812500)]
13:29:15: [INFO] Routing SW80 with D80
13:29:15: [INFO] Using internal autorouter method
13:29:15: [INFO] Routing pad 'SW80:2' at (331152500, 171132500) with pad 'D80:2' at (333692500, 178812500) using coordinate system rotated by 0 degree(s)
13:29:15: [INFO] Adding track segment (B.Cu): [(331152500, 171132500), (331152500, 176272500)]
13:29:15: [INFO] Adding track segment (B.Cu): [(331152500, 176272500), (333692500, 178812500)]
13:29:15: [INFO] Routing SW79 with D79
13:29:15: [INFO] Using internal autorouter method
13:29:15: [INFO] Routing pad 'SW79:2' at (307340000, 171132500) with pad 'D79:2' at (309880000, 178812500) using coordinate system rotated by 0 degree(s)
13:29:15: [INFO] Adding track segment (B.Cu): [(307340000, 171132500), (307340000, 176272500)]
13:29:15: [INFO] Adding track segment (B.Cu): [(307340000, 176272500), (309880000, 178812500)]
13:29:15: [INFO] Routing SW78a with D78
13:29:15: [INFO] Using internal autorouter method
13:29:15: [INFO] Routing pad 'SW78a:2' at (281146250, 171132500) with pad 'D78:2' at (293211250, 178812500) using coordinate system rotated by 0 degree(s)
13:29:15: [INFO] Routing SW78 with D78
13:29:15: [INFO] Using internal autorouter method
13:29:15: [INFO] Routing pad 'SW78:2' at (290671250, 171132500) with pad 'D78:2' at (293211250, 178812500) using coordinate system rotated by 0 degree(s)
13:29:15: [INFO] Adding track segment (B.Cu): [(290671250, 171132500), (290671250, 176272500)]
13:29:15: [INFO] Adding track segment (B.Cu): [(290671250, 176272500), (293211250, 178812500)]
13:29:15: [INFO] Routing SW77 with D77
13:29:15: [INFO] Using internal autorouter method
13:29:15: [INFO] Routing pad 'SW77:2' at (254952500, 171132500) with pad 'D77:2' at (257492500, 178812500) using coordinate system rotated by 0 degree(s)
13:29:15: [INFO] Adding track segment (B.Cu): [(254952500, 171132500), (254952500, 176272500)]
13:29:15: [INFO] Adding track segment (B.Cu): [(254952500, 176272500), (257492500, 178812500)]
13:29:15: [INFO] Routing SW76 with D76
13:29:15: [INFO] Using internal autorouter method
13:29:15: [INFO] Routing pad 'SW76:2' at (235902500, 171132500) with pad 'D76:2' at (238442500, 178812500) using coordinate system rotated by 0 degree(s)
13:29:15: [INFO] Adding track segment (B.Cu): [(235902500, 171132500), (235902500, 176272500)]
13:29:15: [INFO] Adding track segment (B.Cu): [(235902500, 176272500), (238442500, 178812500)]
13:29:15: [INFO] Routing SW75 with D75
13:29:15: [INFO] Using internal autorouter method
13:29:15: [INFO] Routing pad 'SW75:2' at (216852500, 171132500) with pad 'D75:2' at (219392500, 178812500) using coordinate system rotated by 0 degree(s)
13:29:15: [INFO] Adding track segment (B.Cu): [(216852500, 171132500), (216852500, 176272500)]
13:29:15: [INFO] Adding track segment (B.Cu): [(216852500, 176272500), (219392500, 178812500)]
13:29:15: [INFO] Routing SW74 with D74
13:29:15: [INFO] Using internal autorouter method
13:29:15: [INFO] Routing pad 'SW74:2' at (197802500, 171132500) with pad 'D74:2' at (200342500, 178812500) using coordinate system rotated by 0 degree(s)
13:29:15: [INFO] Adding track segment (B.Cu): [(197802500, 171132500), (197802500, 176272500)]
13:29:15: [INFO] Adding track segment (B.Cu): [(197802500, 176272500), (200342500, 178812500)]
13:29:15: [INFO] Routing SW73 with D73
13:29:15: [INFO] Using internal autorouter method
13:29:15: [INFO] Routing pad 'SW73:2' at (178752500, 171132500) with pad 'D73:2' at (181292500, 178812500) using coordinate system rotated by 0 degree(s)
13:29:15: [INFO] Adding track segment (B.Cu): [(178752500, 171132500), (178752500, 176272500)]
13:29:15: [INFO] Adding track segment (B.Cu): [(178752500, 176272500), (181292500, 178812500)]
13:29:15: [INFO] Routing SW72 with D72
13:29:15: [INFO] Using internal autorouter method
13:29:15: [INFO] Routing pad 'SW72:2' at (159702500, 171132500) with pad 'D72:2' at (162242500, 178812500) using coordinate system rotated by 0 degree(s)
13:29:15: [INFO] Adding track segment (B.Cu): [(159702500, 171132500), (159702500, 176272500)]
13:29:15: [INFO] Adding track segment (B.Cu): [(159702500, 176272500), (162242500, 178812500)]
13:29:15: [INFO] Routing SW71 with D71
13:29:15: [INFO] Using internal autorouter method
13:29:15: [INFO] Routing pad 'SW71:2' at (140652500, 171132500) with pad 'D71:2' at (143192500, 178812500) using coordinate system rotated by 0 degree(s)
13:29:15: [INFO] Adding track segment (B.Cu): [(140652500, 171132500), (140652500, 176272500)]
13:29:15: [INFO] Adding track segment (B.Cu): [(140652500, 176272500), (143192500, 178812500)]
13:29:15: [INFO] Routing SW70 with D70
13:29:15: [INFO] Using internal autorouter method
13:29:15: [INFO] Routing pad 'SW70:2' at (121602500, 171132500) with pad 'D70:2' at (124142500, 178812500) using coordinate system rotated by 0 degree(s)
13:29:15: [INFO] Adding track segment (B.Cu): [(121602500, 171132500), (121602500, 176272500)]
13:29:15: [INFO] Adding track segment (B.Cu): [(121602500, 176272500), (124142500, 178812500)]
13:29:15: [INFO] Routing SW69 with D69
13:29:15: [INFO] Using internal autorouter method
13:29:15: [INFO] Routing pad 'SW69:2' at (102552500, 171132500) with pad 'D69:2' at (105092500, 178812500) using coordinate system rotated by 0 degree(s)
13:29:15: [INFO] Adding track segment (B.Cu): [(102552500, 171132500), (102552500, 176272500)]
13:29:15: [INFO] Adding track segment (B.Cu): [(102552500, 176272500), (105092500, 178812500)]
13:29:15: [INFO] Routing SW68 with D68
13:29:15: [INFO] Using internal autorouter method
13:29:15: [INFO] Routing pad 'SW68:2' at (83502500, 171132500) with pad 'D68:2' at (86042500, 178812500) using coordinate system rotated by 0 degree(s)
13:29:15: [INFO] Adding track segment (B.Cu): [(83502500, 171132500), (83502500, 176272500)]
13:29:15: [INFO] Adding track segment (B.Cu): [(83502500, 176272500), (86042500, 178812500)]
13:29:15: [INFO] Routing SW67 with D67
13:29:15: [INFO] Using internal autorouter method
13:29:15: [INFO] Routing pad 'SW67:2' at (64452500, 171132500) with pad 'D67:2' at (66992500, 178812500) using coordinate system rotated by 0 degree(s)
13:29:15: [INFO] Adding track segment (B.Cu): [(64452500, 171132500), (64452500, 176272500)]
13:29:15: [INFO] Adding track segment (B.Cu): [(64452500, 176272500), (66992500, 178812500)]
13:29:15: [INFO] Routing SW66a with D66
13:29:15: [INFO] Using internal autorouter method
13:29:15: [INFO] Routing pad 'SW66a:2' at (43021250, 171132500) with pad 'D66:2' at (55086250, 178812500) using coordinate system rotated by 0 degree(s)
13:29:15: [INFO] Routing SW66 with D66
13:29:15: [INFO] Using internal autorouter method
13:29:15: [INFO] Routing pad 'SW66:2' at (52546250, 171132500) with pad 'D66:2' at (55086250, 178812500) using coordinate system rotated by 0 degree(s)
13:29:15: [INFO] Adding track segment (B.Cu): [(52546250, 171132500), (52546250, 176272500)]
13:29:15: [INFO] Adding track segment (B.Cu): [(52546250, 176272500), (55086250, 178812500)]
13:29:15: [INFO] Routing SW65 with D65
13:29:15: [INFO] Using internal autorouter method
13:29:15: [INFO] Routing pad 'SW65:2' at (302577500, 133032500) with pad 'D65:2' at (305117500, 140712500) using coordinate system rotated by 0 degree(s)
13:29:15: [INFO] Adding track segment (B.Cu): [(302577500, 133032500), (302577500, 138172500)]
13:29:15: [INFO] Adding track segment (B.Cu): [(302577500, 138172500), (305117500, 140712500)]
13:29:15: [INFO] Routing SW64 with D64
13:29:15: [INFO] Using internal autorouter method
13:29:15: [INFO] Routing pad 'SW64:2' at (295433750, 152082500) with pad 'D64:2' at (297973750, 159762500) using coordinate system rotated by 0 degree(s)
13:29:15: [INFO] Adding track segment (B.Cu): [(295433750, 152082500), (295433750, 157222500)]
13:29:15: [INFO] Adding track segment (B.Cu): [(295433750, 157222500), (297973750, 159762500)]
13:29:15: [INFO] Routing SW63 with D63
13:29:15: [INFO] Using internal autorouter method
13:29:15: [INFO] Routing pad 'SW63:2' at (264477500, 152082500) with pad 'D63:2' at (267017500, 159762500) using coordinate system rotated by 0 degree(s)
13:29:15: [INFO] Adding track segment (B.Cu): [(264477500, 152082500), (264477500, 157222500)]
13:29:15: [INFO] Adding track segment (B.Cu): [(264477500, 157222500), (267017500, 159762500)]
13:29:15: [INFO] Routing SW62 with D62
13:29:15: [INFO] Using internal autorouter method
13:29:15: [INFO] Routing pad 'SW62:2' at (245427500, 152082500) with pad 'D62:2' at (247967500, 159762500) using coordinate system rotated by 0 degree(s)
13:29:15: [INFO] Adding track segment (B.Cu): [(245427500, 152082500), (245427500, 157222500)]
13:29:15: [INFO] Adding track segment (B.Cu): [(245427500, 157222500), (247967500, 159762500)]
13:29:15: [INFO] Routing SW61 with D61
13:29:15: [INFO] Using internal autorouter method
13:29:15: [INFO] Routing pad 'SW61:2' at (226377500, 152082500) with pad 'D61:2' at (228917500, 159762500) using coordinate system rotated by 0 degree(s)
13:29:15: [INFO] Adding track segment (B.Cu): [(226377500, 152082500), (226377500, 157222500)]
13:29:15: [INFO] Adding track segment (B.Cu): [(226377500, 157222500), (228917500, 159762500)]
13:29:15: [INFO] Routing SW60 with D60
13:29:15: [INFO] Using internal autorouter method
13:29:15: [INFO] Routing pad 'SW60:2' at (207327500, 152082500) with pad 'D60:2' at (209867500, 159762500) using coordinate system rotated by 0 degree(s)
13:29:15: [INFO] Adding track segment (B.Cu): [(207327500, 152082500), (207327500, 157222500)]
13:29:15: [INFO] Adding track segment (B.Cu): [(207327500, 157222500), (209867500, 159762500)]
13:29:15: [INFO] Routing SW59 with D59
13:29:15: [INFO] Using internal autorouter method
13:29:15: [INFO] Routing pad 'SW59:2' at (188277500, 152082500) with pad 'D59:2' at (190817500, 159762500) using coordinate system rotated by 0 degree(s)
13:29:15: [INFO] Adding track segment (B.Cu): [(188277500, 152082500), (188277500, 157222500)]
13:29:15: [INFO] Adding track segment (B.Cu): [(188277500, 157222500), (190817500, 159762500)]
13:29:15: [INFO] Routing SW58 with D58
13:29:15: [INFO] Using internal autorouter method
13:29:15: [INFO] Routing pad 'SW58:2' at (169227500, 152082500) with pad 'D58:2' at (171767500, 159762500) using coordinate system rotated by 0 degree(s)
13:29:15: [INFO] Adding track segment (B.Cu): [(169227500, 152082500), (169227500, 157222500)]
13:29:15: [INFO] Adding track segment (B.Cu): [(169227500, 157222500), (171767500, 159762500)]
13:29:15: [INFO] Routing SW57 with D57
13:29:15: [INFO] Using internal autorouter method
13:29:15: [INFO] Routing pad 'SW57:2' at (150177500, 152082500) with pad 'D57:2' at (152717500, 159762500) using coordinate system rotated by 0 degree(s)
13:29:15: [INFO] Adding track segment (B.Cu): [(150177500, 152082500), (150177500, 157222500)]
13:29:15: [INFO] Adding track segment (B.Cu): [(150177500, 157222500), (152717500, 159762500)]
13:29:15: [INFO] Routing SW56 with D56
13:29:15: [INFO] Using internal autorouter method
13:29:15: [INFO] Routing pad 'SW56:2' at (131127500, 152082500) with pad 'D56:2' at (133667500, 159762500) using coordinate system rotated by 0 degree(s)
13:29:15: [INFO] Adding track segment (B.Cu): [(131127500, 152082500), (131127500, 157222500)]
13:29:15: [INFO] Adding track segment (B.Cu): [(131127500, 157222500), (133667500, 159762500)]
13:29:15: [INFO] Routing SW55 with D55
13:29:15: [INFO] Using internal autorouter method
13:29:15: [INFO] Routing pad 'SW55:2' at (112077500, 152082500) with pad 'D55:2' at (114617500, 159762500) using coordinate system rotated by 0 degree(s)
13:29:15: [INFO] Adding track segment (B.Cu): [(112077500, 152082500), (112077500, 157222500)]
13:29:15: [INFO] Adding track segment (B.Cu): [(112077500, 157222500), (114617500, 159762500)]
13:29:15: [INFO] Routing SW54 with D54
13:29:15: [INFO] Using internal autorouter method
13:29:15: [INFO] Routing pad 'SW54:2' at (93027500, 152082500) with pad 'D54:2' at (95567500, 159762500) using coordinate system rotated by 0 degree(s)
13:29:15: [INFO] Adding track segment (B.Cu): [(93027500, 152082500), (93027500, 157222500)]
13:29:15: [INFO] Adding track segment (B.Cu): [(93027500, 157222500), (95567500, 159762500)]
13:29:15: [INFO] Routing SW53 with D53
13:29:15: [INFO] Using internal autorouter method
13:29:15: [INFO] Routing pad 'SW53:2' at (73977500, 152082500) with pad 'D53:2' at (76517500, 159762500) using coordinate system rotated by 0 degree(s)
13:29:15: [INFO] Adding track segment (B.Cu): [(73977500, 152082500), (73977500, 157222500)]
13:29:15: [INFO] Adding track segment (B.Cu): [(73977500, 157222500), (76517500, 159762500)]
13:29:15: [INFO] Routing SW52 with D52
13:29:15: [INFO] Using internal autorouter method
13:29:15: [INFO] Routing pad 'SW52:2' at (47783750, 152082500) with pad 'D52:2' at (50323750, 159762500) using coordinate system rotated by 0 degree(s)
13:29:15: [INFO] Adding track segment (B.Cu): [(47783750, 152082500), (47783750, 157222500)]
13:29:15: [INFO] Adding track segment (B.Cu): [(47783750, 157222500), (50323750, 159762500)]
13:29:15: [INFO] Routing SW51 with D51
13:29:15: [INFO] Using internal autorouter method
13:29:15: [INFO] Routing pad 'SW51:2' at (369252500, 133032500) with pad 'D51:2' at (371792500, 140712500) using coordinate system rotated by 0 degree(s)
13:29:15: [INFO] Adding track segment (B.Cu): [(369252500, 133032500), (369252500, 138172500)]
13:29:15: [INFO] Adding track segment (B.Cu): [(369252500, 138172500), (371792500, 140712500)]
13:29:15: [INFO] Routing SW50 with D50
13:29:15: [INFO] Using internal autorouter method
13:29:15: [INFO] Routing pad 'SW50:2' at (350202500, 133032500) with pad 'D50:2' at (352742500, 140712500) using coordinate system rotated by 0 degree(s)
13:29:15: [INFO] Adding track segment (B.Cu): [(350202500, 133032500), (350202500, 138172500)]
13:29:15: [INFO] Adding track segment (B.Cu): [(350202500, 138172500), (352742500, 140712500)]
13:29:15: [INFO] Routing SW49 with D49
13:29:15: [INFO] Using internal autorouter method
13:29:15: [INFO] Routing pad 'SW49:2' at (331152500, 133032500) with pad 'D49:2' at (333692500, 140712500) using coordinate system rotated by 0 degree(s)
13:29:15: [INFO] Adding track segment (B.Cu): [(331152500, 133032500), (331152500, 138172500)]
13:29:16: [INFO] Adding track segment (B.Cu): [(331152500, 138172500), (333692500, 140712500)]
13:29:16: [INFO] Routing SW48 with D48
13:29:16: [INFO] Using internal autorouter method
13:29:16: [INFO] Routing pad 'SW48:2' at (307340000, 113982500) with pad 'D48:2' at (309880000, 121662500) using coordinate system rotated by 0 degree(s)
13:29:16: [INFO] Adding track segment (B.Cu): [(307340000, 113982500), (307340000, 119122500)]
13:29:16: [INFO] Adding track segment (B.Cu): [(307340000, 119122500), (309880000, 121662500)]
13:29:16: [INFO] Routing SW47 with D47
13:29:16: [INFO] Using internal autorouter method
13:29:16: [INFO] Routing pad 'SW47:2' at (278765000, 133032500) with pad 'D47:2' at (281305000, 140712500) using coordinate system rotated by 0 degree(s)
13:29:16: [INFO] Adding track segment (B.Cu): [(278765000, 133032500), (278765000, 138172500)]
13:29:16: [INFO] Adding track segment (B.Cu): [(278765000, 138172500), (281305000, 140712500)]
13:29:16: [INFO] Routing SW46 with D46
13:29:16: [INFO] Using internal autorouter method
13:29:16: [INFO] Routing pad 'SW46:2' at (259715000, 133032500) with pad 'D46:2' at (262255000, 140712500) using coordinate system rotated by 0 degree(s)
13:29:16: [INFO] Adding track segment (B.Cu): [(259715000, 133032500), (259715000, 138172500)]
13:29:16: [INFO] Adding track segment (B.Cu): [(259715000, 138172500), (262255000, 140712500)]
13:29:16: [INFO] Routing SW45 with D45
13:29:16: [INFO] Using internal autorouter method
13:29:16: [INFO] Routing pad 'SW45:2' at (240665000, 133032500) with pad 'D45:2' at (243205000, 140712500) using coordinate system rotated by 0 degree(s)
13:29:16: [INFO] Adding track segment (B.Cu): [(240665000, 133032500), (240665000, 138172500)]
13:29:16: [INFO] Adding track segment (B.Cu): [(240665000, 138172500), (243205000, 140712500)]
13:29:16: [INFO] Routing SW44 with D44
13:29:16: [INFO] Using internal autorouter method
13:29:16: [INFO] Routing pad 'SW44:2' at (221615000, 133032500) with pad 'D44:2' at (224155000, 140712500) using coordinate system rotated by 0 degree(s)
13:29:16: [INFO] Adding track segment (B.Cu): [(221615000, 133032500), (221615000, 138172500)]
13:29:16: [INFO] Adding track segment (B.Cu): [(221615000, 138172500), (224155000, 140712500)]
13:29:16: [INFO] Routing SW43 with D43
13:29:16: [INFO] Using internal autorouter method
13:29:16: [INFO] Routing pad 'SW43:2' at (202565000, 133032500) with pad 'D43:2' at (205105000, 140712500) using coordinate system rotated by 0 degree(s)
13:29:16: [INFO] Adding track segment (B.Cu): [(202565000, 133032500), (202565000, 138172500)]
13:29:16: [INFO] Adding track segment (B.Cu): [(202565000, 138172500), (205105000, 140712500)]
13:29:16: [INFO] Routing SW42 with D42
13:29:16: [INFO] Using internal autorouter method
13:29:16: [INFO] Routing pad 'SW42:2' at (183515000, 133032500) with pad 'D42:2' at (186055000, 140712500) using coordinate system rotated by 0 degree(s)
13:29:16: [INFO] Adding track segment (B.Cu): [(183515000, 133032500), (183515000, 138172500)]
13:29:16: [INFO] Adding track segment (B.Cu): [(183515000, 138172500), (186055000, 140712500)]
13:29:16: [INFO] Routing SW41 with D41
13:29:16: [INFO] Using internal autorouter method
13:29:16: [INFO] Routing pad 'SW41:2' at (164465000, 133032500) with pad 'D41:2' at (167005000, 140712500) using coordinate system rotated by 0 degree(s)
13:29:16: [INFO] Adding track segment (B.Cu): [(164465000, 133032500), (164465000, 138172500)]
13:29:16: [INFO] Adding track segment (B.Cu): [(164465000, 138172500), (167005000, 140712500)]
13:29:16: [INFO] Routing SW40 with D40
13:29:16: [INFO] Using internal autorouter method
13:29:16: [INFO] Routing pad 'SW40:2' at (145415000, 133032500) with pad 'D40:2' at (147955000, 140712500) using coordinate system rotated by 0 degree(s)
13:29:16: [INFO] Adding track segment (B.Cu): [(145415000, 133032500), (145415000, 138172500)]
13:29:16: [INFO] Adding track segment (B.Cu): [(145415000, 138172500), (147955000, 140712500)]
13:29:16: [INFO] Routing SW39 with D39
13:29:16: [INFO] Using internal autorouter method
13:29:16: [INFO] Routing pad 'SW39:2' at (126365000, 133032500) with pad 'D39:2' at (128905000, 140712500) using coordinate system rotated by 0 degree(s)
13:29:16: [INFO] Adding track segment (B.Cu): [(126365000, 133032500), (126365000, 138172500)]
13:29:16: [INFO] Adding track segment (B.Cu): [(126365000, 138172500), (128905000, 140712500)]
13:29:16: [INFO] Routing SW38 with D38
13:29:16: [INFO] Using internal autorouter method
13:29:16: [INFO] Routing pad 'SW38:2' at (107315000, 133032500) with pad 'D38:2' at (109855000, 140712500) using coordinate system rotated by 0 degree(s)
13:29:16: [INFO] Adding track segment (B.Cu): [(107315000, 133032500), (107315000, 138172500)]
13:29:16: [INFO] Adding track segment (B.Cu): [(107315000, 138172500), (109855000, 140712500)]
13:29:16: [INFO] Routing SW37 with D37
13:29:16: [INFO] Using internal autorouter method
13:29:16: [INFO] Routing pad 'SW37:2' at (88265000, 133032500) with pad 'D37:2' at (90805000, 140712500) using coordinate system rotated by 0 degree(s)
13:29:16: [INFO] Adding track segment (B.Cu): [(88265000, 133032500), (88265000, 138172500)]
13:29:16: [INFO] Adding track segment (B.Cu): [(88265000, 138172500), (90805000, 140712500)]
13:29:16: [INFO] Routing SW36 with D36
13:29:16: [INFO] Using internal autorouter method
13:29:16: [INFO] Routing pad 'SW36:2' at (69215000, 133032500) with pad 'D36:2' at (71755000, 140712500) using coordinate system rotated by 0 degree(s)
13:29:16: [INFO] Adding track segment (B.Cu): [(69215000, 133032500), (69215000, 138172500)]
13:29:16: [INFO] Adding track segment (B.Cu): [(69215000, 138172500), (71755000, 140712500)]
13:29:16: [INFO] Routing SW35 with D35
13:29:16: [INFO] Using internal autorouter method
13:29:16: [INFO] Routing pad 'SW35:2' at (45402500, 133032500) with pad 'D35:2' at (47942500, 140712500) using coordinate system rotated by 0 degree(s)
13:29:16: [INFO] Adding track segment (B.Cu): [(45402500, 133032500), (45402500, 138172500)]
13:29:16: [INFO] Adding track segment (B.Cu): [(45402500, 138172500), (47942500, 140712500)]
13:29:16: [INFO] Routing SW34 with D34
13:29:16: [INFO] Using internal autorouter method
13:29:16: [INFO] Routing pad 'SW34:2' at (369252500, 113982500) with pad 'D34:2' at (371792500, 121662500) using coordinate system rotated by 0 degree(s)
13:29:16: [INFO] Adding track segment (B.Cu): [(369252500, 113982500), (369252500, 119122500)]
13:29:16: [INFO] Adding track segment (B.Cu): [(369252500, 119122500), (371792500, 121662500)]
13:29:16: [INFO] Routing SW33 with D33
13:29:16: [INFO] Using internal autorouter method
13:29:16: [INFO] Routing pad 'SW33:2' at (350202500, 113982500) with pad 'D33:2' at (352742500, 121662500) using coordinate system rotated by 0 degree(s)
13:29:16: [INFO] Adding track segment (B.Cu): [(350202500, 113982500), (350202500, 119122500)]
13:29:16: [INFO] Adding track segment (B.Cu): [(350202500, 119122500), (352742500, 121662500)]
13:29:16: [INFO] Routing SW32 with D32
13:29:16: [INFO] Using internal autorouter method
13:29:16: [INFO] Routing pad 'SW32:2' at (331152500, 113982500) with pad 'D32:2' at (333692500, 121662500) using coordinate system rotated by 0 degree(s)
13:29:16: [INFO] Adding track segment (B.Cu): [(331152500, 113982500), (331152500, 119122500)]
13:29:16: [INFO] Adding track segment (B.Cu): [(331152500, 119122500), (333692500, 121662500)]
13:29:16: [INFO] Routing SW31a with D31
13:29:16: [INFO] Using internal autorouter method
13:29:16: [INFO] Routing pad 'SW31a:2' at (288290000, 113982500) with pad 'D31:2' at (300355000, 121662500) using coordinate system rotated by 0 degree(s)
13:29:16: [INFO] Routing SW31 with D31
13:29:16: [INFO] Using internal autorouter method
13:29:16: [INFO] Routing pad 'SW31:2' at (297815000, 113982500) with pad 'D31:2' at (300355000, 121662500) using coordinate system rotated by 0 degree(s)
13:29:16: [INFO] Adding track segment (B.Cu): [(297815000, 113982500), (297815000, 119122500)]
13:29:16: [INFO] Adding track segment (B.Cu): [(297815000, 119122500), (300355000, 121662500)]
13:29:16: [INFO] Routing SW30 with D30
13:29:16: [INFO] Using internal autorouter method
13:29:16: [INFO] Routing pad 'SW30:2' at (269240000, 113982500) with pad 'D30:2' at (271780000, 121662500) using coordinate system rotated by 0 degree(s)
13:29:16: [INFO] Adding track segment (B.Cu): [(269240000, 113982500), (269240000, 119122500)]
13:29:16: [INFO] Adding track segment (B.Cu): [(269240000, 119122500), (271780000, 121662500)]
13:29:16: [INFO] Routing SW29 with D29
13:29:16: [INFO] Using internal autorouter method
13:29:16: [INFO] Routing pad 'SW29:2' at (250190000, 113982500) with pad 'D29:2' at (252730000, 121662500) using coordinate system rotated by 0 degree(s)
13:29:16: [INFO] Adding track segment (B.Cu): [(250190000, 113982500), (250190000, 119122500)]
13:29:16: [INFO] Adding track segment (B.Cu): [(250190000, 119122500), (252730000, 121662500)]
13:29:16: [INFO] Routing SW28 with D28
13:29:16: [INFO] Using internal autorouter method
13:29:16: [INFO] Routing pad 'SW28:2' at (231140000, 113982500) with pad 'D28:2' at (233680000, 121662500) using coordinate system rotated by 0 degree(s)
13:29:16: [INFO] Adding track segment (B.Cu): [(231140000, 113982500), (231140000, 119122500)]
13:29:16: [INFO] Adding track segment (B.Cu): [(231140000, 119122500), (233680000, 121662500)]
13:29:16: [INFO] Routing SW27 with D27
13:29:16: [INFO] Using internal autorouter method
13:29:16: [INFO] Routing pad 'SW27:2' at (212090000, 113982500) with pad 'D27:2' at (214630000, 121662500) using coordinate system rotated by 0 degree(s)
13:29:16: [INFO] Adding track segment (B.Cu): [(212090000, 113982500), (212090000, 119122500)]
13:29:16: [INFO] Adding track segment (B.Cu): [(212090000, 119122500), (214630000, 121662500)]
13:29:16: [INFO] Routing SW26 with D26
13:29:16: [INFO] Using internal autorouter method
13:29:16: [INFO] Routing pad 'SW26:2' at (193040000, 113982500) with pad 'D26:2' at (195580000, 121662500) using coordinate system rotated by 0 degree(s)
13:29:16: [INFO] Adding track segment (B.Cu): [(193040000, 113982500), (193040000, 119122500)]
13:29:16: [INFO] Adding track segment (B.Cu): [(193040000, 119122500), (195580000, 121662500)]
13:29:16: [INFO] Routing SW25 with D25
13:29:16: [INFO] Using internal autorouter method
13:29:16: [INFO] Routing pad 'SW25:2' at (173990000, 113982500) with pad 'D25:2' at (176530000, 121662500) using coordinate system rotated by 0 degree(s)
13:29:16: [INFO] Adding track segment (B.Cu): [(173990000, 113982500), (173990000, 119122500)]
13:29:16: [INFO] Adding track segment (B.Cu): [(173990000, 119122500), (176530000, 121662500)]
13:29:16: [INFO] Routing SW24 with D24
13:29:16: [INFO] Using internal autorouter method
13:29:16: [INFO] Routing pad 'SW24:2' at (154940000, 113982500) with pad 'D24:2' at (157480000, 121662500) using coordinate system rotated by 0 degree(s)
13:29:16: [INFO] Adding track segment (B.Cu): [(154940000, 113982500), (154940000, 119122500)]
13:29:16: [INFO] Adding track segment (B.Cu): [(154940000, 119122500), (157480000, 121662500)]
13:29:16: [INFO] Routing SW23 with D23
13:29:16: [INFO] Using internal autorouter method
13:29:16: [INFO] Routing pad 'SW23:2' at (135890000, 113982500) with pad 'D23:2' at (138430000, 121662500) using coordinate system rotated by 0 degree(s)
13:29:16: [INFO] Adding track segment (B.Cu): [(135890000, 113982500), (135890000, 119122500)]
13:29:16: [INFO] Adding track segment (B.Cu): [(135890000, 119122500), (138430000, 121662500)]
13:29:16: [INFO] Routing SW22 with D22
13:29:16: [INFO] Using internal autorouter method
13:29:16: [INFO] Routing pad 'SW22:2' at (116840000, 113982500) with pad 'D22:2' at (119380000, 121662500) using coordinate system rotated by 0 degree(s)
13:29:16: [INFO] Adding track segment (B.Cu): [(116840000, 113982500), (116840000, 119122500)]
13:29:16: [INFO] Adding track segment (B.Cu): [(116840000, 119122500), (119380000, 121662500)]
13:29:16: [INFO] Routing SW21 with D21
13:29:16: [INFO] Using internal autorouter method
13:29:16: [INFO] Routing pad 'SW21:2' at (97790000, 113982500) with pad 'D21:2' at (100330000, 121662500) using coordinate system rotated by 0 degree(s)
13:29:16: [INFO] Adding track segment (B.Cu): [(97790000, 113982500), (97790000, 119122500)]
13:29:16: [INFO] Adding track segment (B.Cu): [(97790000, 119122500), (100330000, 121662500)]
13:29:16: [INFO] Routing SW20 with D20
13:29:16: [INFO] Using internal autorouter method
13:29:16: [INFO] Routing pad 'SW20:2' at (78740000, 113982500) with pad 'D20:2' at (81280000, 121662500) using coordinate system rotated by 0 degree(s)
13:29:16: [INFO] Adding track segment (B.Cu): [(78740000, 113982500), (78740000, 119122500)]
13:29:16: [INFO] Adding track segment (B.Cu): [(78740000, 119122500), (81280000, 121662500)]
13:29:16: [INFO] Routing SW19 with D19
13:29:16: [INFO] Using internal autorouter method
13:29:16: [INFO] Routing pad 'SW19:2' at (59690000, 113982500) with pad 'D19:2' at (62230000, 121662500) using coordinate system rotated by 0 degree(s)
13:29:16: [INFO] Adding track segment (B.Cu): [(59690000, 113982500), (59690000, 119122500)]
13:29:16: [INFO] Adding track segment (B.Cu): [(59690000, 119122500), (62230000, 121662500)]
13:29:16: [INFO] Routing SW18 with D18
13:29:16: [INFO] Using internal autorouter method
13:29:16: [INFO] Routing pad 'SW18:2' at (40640000, 113982500) with pad 'D18:2' at (43180000, 121662500) using coordinate system rotated by 0 degree(s)
13:29:16: [INFO] Adding track segment (B.Cu): [(40640000, 113982500), (40640000, 119122500)]
13:29:16: [INFO] Adding track segment (B.Cu): [(40640000, 119122500), (43180000, 121662500)]
13:29:16: [INFO] Routing SW17 with D17
13:29:16: [INFO] Using internal autorouter method
13:29:16: [INFO] Routing pad 'SW17:2' at (369252500, 90170000) with pad 'D17:2' at (371792500, 97850000) using coordinate system rotated by 0 degree(s)
13:29:16: [INFO] Adding track segment (B.Cu): [(369252500, 90170000), (369252500, 95310000)]
13:29:16: [INFO] Adding track segment (B.Cu): [(369252500, 95310000), (371792500, 97850000)]
13:29:16: [INFO] Routing SW16 with D16
13:29:16: [INFO] Using internal autorouter method
13:29:16: [INFO] Routing pad 'SW16:2' at (350202500, 90170000) with pad 'D16:2' at (352742500, 97850000) using coordinate system rotated by 0 degree(s)
13:29:16: [INFO] Adding track segment (B.Cu): [(350202500, 90170000), (350202500, 95310000)]
13:29:16: [INFO] Adding track segment (B.Cu): [(350202500, 95310000), (352742500, 97850000)]
13:29:16: [INFO] Routing SW15 with D15
13:29:16: [INFO] Using internal autorouter method
13:29:16: [INFO] Routing pad 'SW15:2' at (331152500, 90170000) with pad 'D15:2' at (333692500, 97850000) using coordinate system rotated by 0 degree(s)
13:29:16: [INFO] Adding track segment (B.Cu): [(331152500, 90170000), (331152500, 95310000)]
13:29:16: [INFO] Adding track segment (B.Cu): [(331152500, 95310000), (333692500, 97850000)]
13:29:16: [INFO] Routing SW14 with D14
13:29:16: [INFO] Using internal autorouter method
13:29:16: [INFO] Routing pad 'SW14:2' at (307340000, 90170000) with pad 'D14:2' at (309880000, 97850000) using coordinate system rotated by 0 degree(s)
13:29:16: [INFO] Adding track segment (B.Cu): [(307340000, 90170000), (307340000, 95310000)]
13:29:16: [INFO] Adding track segment (B.Cu): [(307340000, 95310000), (309880000, 97850000)]
13:29:16: [INFO] Routing SW13a with D13
13:29:16: [INFO] Using internal autorouter method
13:29:16: [INFO] Routing pad 'SW13a:2' at (288290000, 90170000) with pad 'D13:2' at (286067500, 97850000) using coordinate system rotated by 0 degree(s)
13:29:16: [INFO] Routing SW13 with D13
13:29:16: [INFO] Using internal autorouter method
13:29:16: [INFO] Routing pad 'SW13:2' at (283527500, 90170000) with pad 'D13:2' at (286067500, 97850000) using coordinate system rotated by 0 degree(s)
13:29:16: [INFO] Routing SW12a with D12
13:29:16: [INFO] Using internal autorouter method
13:29:16: [INFO] Routing pad 'SW12a:2' at (269240000, 90170000) with pad 'D12:2' at (267017500, 97850000) using coordinate system rotated by 0 degree(s)
13:29:16: [INFO] Routing SW12 with D12
13:29:16: [INFO] Using internal autorouter method
13:29:16: [INFO] Routing pad 'SW12:2' at (264477500, 90170000) with pad 'D12:2' at (267017500, 97850000) using coordinate system rotated by 0 degree(s)
13:29:16: [INFO] Routing SW11a with D11
13:29:16: [INFO] Using internal autorouter method
13:29:16: [INFO] Routing pad 'SW11a:2' at (250190000, 90170000) with pad 'D11:2' at (247967500, 97850000) using coordinate system rotated by 0 degree(s)
13:29:16: [INFO] Routing SW11 with D11
13:29:16: [INFO] Using internal autorouter method
13:29:16: [INFO] Routing pad 'SW11:2' at (245427500, 90170000) with pad 'D11:2' at (247967500, 97850000) using coordinate system rotated by 0 degree(s)
13:29:17: [INFO] Routing SW10a with D10
13:29:17: [INFO] Using internal autorouter method
13:29:17: [INFO] Routing pad 'SW10a:2' at (221615000, 90170000) with pad 'D10:2' at (228917500, 97850000) using coordinate system rotated by 0 degree(s)
13:29:17: [INFO] Routing SW10 with D10
13:29:17: [INFO] Using internal autorouter method
13:29:17: [INFO] Routing pad 'SW10:2' at (226377500, 90170000) with pad 'D10:2' at (228917500, 97850000) using coordinate system rotated by 0 degree(s)
13:29:17: [INFO] Adding track segment (B.Cu): [(226377500, 90170000), (226377500, 95310000)]
13:29:17: [INFO] Adding track segment (B.Cu): [(226377500, 95310000), (228917500, 97850000)]
13:29:17: [INFO] Routing SW9 with D9
13:29:17: [INFO] Using internal autorouter method
13:29:17: [INFO] Routing pad 'SW9:2' at (202565000, 90170000) with pad 'D9:2' at (205105000, 97850000) using coordinate system rotated by 0 degree(s)
13:29:17: [INFO] Adding track segment (B.Cu): [(202565000, 90170000), (202565000, 95310000)]
13:29:17: [INFO] Adding track segment (B.Cu): [(202565000, 95310000), (205105000, 97850000)]
13:29:17: [INFO] Routing SW8 with D8
13:29:17: [INFO] Using internal autorouter method
13:29:17: [INFO] Routing pad 'SW8:2' at (183515000, 90170000) with pad 'D8:2' at (186055000, 97850000) using coordinate system rotated by 0 degree(s)
13:29:17: [INFO] Adding track segment (B.Cu): [(183515000, 90170000), (183515000, 95310000)]
13:29:17: [INFO] Adding track segment (B.Cu): [(183515000, 95310000), (186055000, 97850000)]
13:29:17: [INFO] Routing SW7 with D7
13:29:17: [INFO] Using internal autorouter method
13:29:17: [INFO] Routing pad 'SW7:2' at (164465000, 90170000) with pad 'D7:2' at (167005000, 97850000) using coordinate system rotated by 0 degree(s)
13:29:17: [INFO] Adding track segment (B.Cu): [(164465000, 90170000), (164465000, 95310000)]
13:29:17: [INFO] Adding track segment (B.Cu): [(164465000, 95310000), (167005000, 97850000)]
13:29:17: [INFO] Routing SW6a with D6
13:29:17: [INFO] Using internal autorouter method
13:29:17: [INFO] Routing pad 'SW6a:2' at (135890000, 90170000) with pad 'D6:2' at (147955000, 97850000) using coordinate system rotated by 0 degree(s)
13:29:17: [INFO] Routing SW6 with D6
13:29:17: [INFO] Using internal autorouter method
13:29:17: [INFO] Routing pad 'SW6:2' at (145415000, 90170000) with pad 'D6:2' at (147955000, 97850000) using coordinate system rotated by 0 degree(s)
13:29:17: [INFO] Adding track segment (B.Cu): [(145415000, 90170000), (145415000, 95310000)]
13:29:17: [INFO] Adding track segment (B.Cu): [(145415000, 95310000), (147955000, 97850000)]
13:29:17: [INFO] Routing SW5a with D5
13:29:17: [INFO] Using internal autorouter method
13:29:17: [INFO] Routing pad 'SW5a:2' at (116840000, 90170000) with pad 'D5:2' at (124142500, 97850000) using coordinate system rotated by 0 degree(s)
13:29:17: [INFO] Routing SW5 with D5
13:29:17: [INFO] Using internal autorouter method
13:29:17: [INFO] Routing pad 'SW5:2' at (121602500, 90170000) with pad 'D5:2' at (124142500, 97850000) using coordinate system rotated by 0 degree(s)
13:29:17: [INFO] Adding track segment (B.Cu): [(121602500, 90170000), (121602500, 95310000)]
13:29:17: [INFO] Adding track segment (B.Cu): [(121602500, 95310000), (124142500, 97850000)]
13:29:17: [INFO] Routing SW4a with D4
13:29:17: [INFO] Using internal autorouter method
13:29:17: [INFO] Routing pad 'SW4a:2' at (97790000, 90170000) with pad 'D4:2' at (105092500, 97850000) using coordinate system rotated by 0 degree(s)
13:29:17: [INFO] Routing SW4 with D4
13:29:17: [INFO] Using internal autorouter method
13:29:17: [INFO] Routing pad 'SW4:2' at (102552500, 90170000) with pad 'D4:2' at (105092500, 97850000) using coordinate system rotated by 0 degree(s)
13:29:17: [INFO] Adding track segment (B.Cu): [(102552500, 90170000), (102552500, 95310000)]
13:29:17: [INFO] Adding track segment (B.Cu): [(102552500, 95310000), (105092500, 97850000)]
13:29:17: [INFO] Routing SW3a with D3
13:29:17: [INFO] Using internal autorouter method
13:29:17: [INFO] Routing pad 'SW3a:2' at (78740000, 90170000) with pad 'D3:2' at (86042500, 97850000) using coordinate system rotated by 0 degree(s)
13:29:17: [INFO] Routing SW3 with D3
13:29:17: [INFO] Using internal autorouter method
13:29:17: [INFO] Routing pad 'SW3:2' at (83502500, 90170000) with pad 'D3:2' at (86042500, 97850000) using coordinate system rotated by 0 degree(s)
13:29:17: [INFO] Adding track segment (B.Cu): [(83502500, 90170000), (83502500, 95310000)]
13:29:17: [INFO] Adding track segment (B.Cu): [(83502500, 95310000), (86042500, 97850000)]
13:29:17: [INFO] Routing SW2 with D2
13:29:17: [INFO] Using internal autorouter method
13:29:17: [INFO] Routing pad 'SW2:2' at (64452500, 90170000) with pad 'D2:2' at (66992500, 97850000) using coordinate system rotated by 0 degree(s)
13:29:17: [INFO] Adding track segment (B.Cu): [(64452500, 90170000), (64452500, 95310000)]
13:29:17: [INFO] Adding track segment (B.Cu): [(64452500, 95310000), (66992500, 97850000)]
13:29:17: [INFO] Routing SW1 with D1
13:29:17: [INFO] Using internal autorouter method
13:29:17: [INFO] Routing pad 'SW1:2' at (40640000, 90170000) with pad 'D1:2' at (43180000, 97850000) using coordinate system rotated by 0 degree(s)
13:29:17: [INFO] Adding track segment (B.Cu): [(40640000, 90170000), (40640000, 95310000)]
13:29:17: [INFO] Adding track segment (B.Cu): [(40640000, 95310000), (43180000, 97850000)]
13:29:17: [INFO] Routing COL15 pads
13:29:17: [INFO] Routing pad 'SW16:1' at (343852500, 92710000) with pad 'SW33:1' at (343852500, 116522500) using coordinate system rotated by 0 degree(s)
13:29:17: [INFO] Adding track segment (F.Cu): [(343852500, 92710000), (343852500, 116522500)]
13:29:17: [INFO] Routing pad 'SW33:1' at (343852500, 116522500) with pad 'SW50:1' at (343852500, 135572500) using coordinate system rotated by 0 degree(s)
13:29:17: [INFO] Adding track segment (F.Cu): [(343852500, 116522500), (343852500, 135572500)]
13:29:17: [INFO] Routing pad 'SW50:1' at (343852500, 135572500) with pad 'SW81:1' at (343852500, 173672500) using coordinate system rotated by 0 degree(s)
13:29:17: [INFO] Adding track segment (F.Cu): [(343852500, 135572500), (343852500, 173672500)]
13:29:17: [INFO] Routing pad 'SW81:1' at (343852500, 173672500) with pad 'SW91:1' at (343852500, 192722500) using coordinate system rotated by 0 degree(s)
13:29:17: [INFO] Adding track segment (F.Cu): [(343852500, 173672500), (343852500, 192722500)]
13:29:17: [INFO] Routing COL10 pads
13:29:17: [INFO] Routing pad 'SW62:1' at (239077500, 154622500) with pad 'SW76:1' at (229552500, 173672500) using coordinate system rotated by 0 degree(s)
13:29:17: [INFO] Adding track segment (F.Cu): [(239077500, 154622500), (239077500, 164147500)]
13:29:17: [INFO] Adding track segment (F.Cu): [(239077500, 164147500), (229552500, 173672500)]
13:29:17: [INFO] Routing pad 'SW28:1' at (224790000, 116522500) with pad 'SW45:1' at (234315000, 135572500) using coordinate system rotated by 0 degree(s)
13:29:17: [INFO] Adding track segment (F.Cu): [(224790000, 116522500), (224790000, 126047500)]
13:29:17: [INFO] Adding track segment (F.Cu): [(224790000, 126047500), (234315000, 135572500)]
13:29:17: [INFO] Routing pad 'SW28:1' at (224790000, 116522500) with pad 'SW11:1' at (239077500, 92710000) using coordinate system rotated by 0 degree(s)
13:29:17: [INFO] Adding track segment (F.Cu): [(224790000, 116522500), (239077500, 102235000)]
13:29:17: [INFO] Adding track segment (F.Cu): [(239077500, 102235000), (239077500, 92710000)]
13:29:17: [INFO] Routing pad 'SW45:1' at (234315000, 135572500) with pad 'SW62:1' at (239077500, 154622500) using coordinate system rotated by 0 degree(s)
13:29:17: [INFO] Adding track segment (F.Cu): [(234315000, 135572500), (234315000, 149860000)]
13:29:17: [INFO] Adding track segment (F.Cu): [(234315000, 149860000), (239077500, 154622500)]
13:29:17: [INFO] Routing pad 'SW11:1' at (239077500, 92710000) with pad 'SW11a:1' at (243840000, 92710000) using coordinate system rotated by 0 degree(s)
13:29:17: [INFO] Adding track segment (F.Cu): [(239077500, 92710000), (243840000, 92710000)]
13:29:17: [INFO] Routing COL16 pads
13:29:17: [INFO] Routing pad 'SW17:1' at (362902500, 92710000) with pad 'SW34:1' at (362902500, 116522500) using coordinate system rotated by 0 degree(s)
13:29:17: [INFO] Adding track segment (F.Cu): [(362902500, 92710000), (362902500, 116522500)]
13:29:17: [INFO] Routing pad 'SW34:1' at (362902500, 116522500) with pad 'SW51:1' at (362902500, 135572500) using coordinate system rotated by 0 degree(s)
13:29:17: [INFO] Adding track segment (F.Cu): [(362902500, 116522500), (362902500, 135572500)]
13:29:17: [INFO] Routing pad 'SW51:1' at (362902500, 135572500) with pad 'SW82:1' at (362902500, 173672500) using coordinate system rotated by 0 degree(s)
13:29:17: [INFO] Adding track segment (F.Cu): [(362902500, 135572500), (362902500, 173672500)]
13:29:17: [INFO] Routing pad 'SW82:1' at (362902500, 173672500) with pad 'SW92:1' at (362902500, 192722500) using coordinate system rotated by 0 degree(s)
13:29:17: [INFO] Adding track segment (F.Cu): [(362902500, 173672500), (362902500, 192722500)]
13:29:17: [INFO] Routing COL4 pads
13:29:17: [INFO] Routing pad 'SW5a:1' at (110490000, 92710000) with pad 'SW22:1' at (110490000, 116522500) using coordinate system rotated by 0 degree(s)
13:29:17: [INFO] Adding track segment (F.Cu): [(110490000, 92710000), (110490000, 116522500)]
13:29:17: [INFO] Routing pad 'SW5a:1' at (110490000, 92710000) with pad 'SW5:1' at (115252500, 92710000) using coordinate system rotated by 0 degree(s)
13:29:17: [INFO] Adding track segment (F.Cu): [(110490000, 92710000), (115252500, 92710000)]
13:29:17: [INFO] Routing pad 'SW56:1' at (124777500, 154622500) with pad 'SW70:1' at (115252500, 173672500) using coordinate system rotated by 0 degree(s)
13:29:17: [INFO] Adding track segment (F.Cu): [(124777500, 154622500), (124777500, 164147500)]
13:29:17: [INFO] Adding track segment (F.Cu): [(124777500, 164147500), (115252500, 173672500)]
13:29:17: [INFO] Routing pad 'SW22:1' at (110490000, 116522500) with pad 'SW39:1' at (120015000, 135572500) using coordinate system rotated by 0 degree(s)
13:29:17: [INFO] Adding track segment (F.Cu): [(110490000, 116522500), (110490000, 126047500)]
13:29:17: [INFO] Adding track segment (F.Cu): [(110490000, 126047500), (120015000, 135572500)]
13:29:17: [INFO] Routing pad 'SW39:1' at (120015000, 135572500) with pad 'SW56:1' at (124777500, 154622500) using coordinate system rotated by 0 degree(s)
13:29:17: [INFO] Adding track segment (F.Cu): [(120015000, 135572500), (120015000, 149860000)]
13:29:17: [INFO] Adding track segment (F.Cu): [(120015000, 149860000), (124777500, 154622500)]
13:29:17: [INFO] Routing COL6 pads
13:29:17: [INFO] Routing pad 'SW58:1' at (162877500, 154622500) with pad 'SW72:1' at (153352500, 173672500) using coordinate system rotated by 0 degree(s)
13:29:17: [INFO] Adding track segment (F.Cu): [(162877500, 154622500), (162877500, 164147500)]
13:29:17: [INFO] Adding track segment (F.Cu): [(162877500, 164147500), (153352500, 173672500)]
13:29:17: [INFO] Routing pad 'SW24:1' at (148590000, 116522500) with pad 'SW7:1' at (158115000, 92710000) using coordinate system rotated by 0 degree(s)
13:29:17: [INFO] Adding track segment (F.Cu): [(148590000, 116522500), (158115000, 106997500)]
13:29:17: [INFO] Adding track segment (F.Cu): [(158115000, 106997500), (158115000, 92710000)]
13:29:17: [INFO] Routing pad 'SW24:1' at (148590000, 116522500) with pad 'SW41:1' at (158115000, 135572500) using coordinate system rotated by 0 degree(s)
13:29:17: [INFO] Adding track segment (F.Cu): [(148590000, 116522500), (148590000, 126047500)]
13:29:17: [INFO] Adding track segment (F.Cu): [(148590000, 126047500), (158115000, 135572500)]
13:29:17: [INFO] Routing pad 'SW41:1' at (158115000, 135572500) with pad 'SW58:1' at (162877500, 154622500) using coordinate system rotated by 0 degree(s)
13:29:17: [INFO] Adding track segment (F.Cu): [(158115000, 135572500), (158115000, 149860000)]
13:29:17: [INFO] Adding track segment (F.Cu): [(158115000, 149860000), (162877500, 154622500)]
13:29:17: [INFO] Routing pad 'SW72:1' at (153352500, 173672500) with pad 'SW86:1' at (167640000, 192722500) using coordinate system rotated by 0 degree(s)
13:29:17: [INFO] Adding track segment (F.Cu): [(153352500, 173672500), (153352500, 178435000)]
13:29:17: [INFO] Adding track segment (F.Cu): [(153352500, 178435000), (167640000, 192722500)]
13:29:17: [INFO] Routing ROW4 pads
13:29:17: [INFO] Routing pad 'D66:1' at (55086250, 181612500) with pad 'D67:1' at (66992500, 181612500) using coordinate system rotated by 0 degree(s)
13:29:17: [INFO] Adding track segment (B.Cu): [(55086250, 181612500), (66992500, 181612500)]
13:29:17: [INFO] Routing pad 'D67:1' at (66992500, 181612500) with pad 'D68:1' at (86042500, 181612500) using coordinate system rotated by 0 degree(s)
13:29:17: [INFO] Adding track segment (B.Cu): [(66992500, 181612500), (86042500, 181612500)]
13:29:17: [INFO] Routing pad 'D68:1' at (86042500, 181612500) with pad 'D69:1' at (105092500, 181612500) using coordinate system rotated by 0 degree(s)
13:29:17: [INFO] Adding track segment (B.Cu): [(86042500, 181612500), (105092500, 181612500)]
13:29:17: [INFO] Routing pad 'D69:1' at (105092500, 181612500) with pad 'D70:1' at (124142500, 181612500) using coordinate system rotated by 0 degree(s)
13:29:17: [INFO] Adding track segment (B.Cu): [(105092500, 181612500), (124142500, 181612500)]
13:29:17: [INFO] Routing pad 'D70:1' at (124142500, 181612500) with pad 'D71:1' at (143192500, 181612500) using coordinate system rotated by 0 degree(s)
13:29:17: [INFO] Adding track segment (B.Cu): [(124142500, 181612500), (143192500, 181612500)]
13:29:17: [INFO] Routing pad 'D71:1' at (143192500, 181612500) with pad 'D72:1' at (162242500, 181612500) using coordinate system rotated by 0 degree(s)
13:29:17: [INFO] Adding track segment (B.Cu): [(143192500, 181612500), (162242500, 181612500)]
13:29:17: [INFO] Routing pad 'D72:1' at (162242500, 181612500) with pad 'D73:1' at (181292500, 181612500) using coordinate system rotated by 0 degree(s)
13:29:17: [INFO] Adding track segment (B.Cu): [(162242500, 181612500), (181292500, 181612500)]
13:29:17: [INFO] Routing pad 'D73:1' at (181292500, 181612500) with pad 'D74:1' at (200342500, 181612500) using coordinate system rotated by 0 degree(s)
13:29:17: [INFO] Adding track segment (B.Cu): [(181292500, 181612500), (200342500, 181612500)]
13:29:17: [INFO] Routing pad 'D74:1' at (200342500, 181612500) with pad 'D75:1' at (219392500, 181612500) using coordinate system rotated by 0 degree(s)
13:29:17: [INFO] Adding track segment (B.Cu): [(200342500, 181612500), (219392500, 181612500)]
13:29:17: [INFO] Routing pad 'D75:1' at (219392500, 181612500) with pad 'D76:1' at (238442500, 181612500) using coordinate system rotated by 0 degree(s)
13:29:17: [INFO] Adding track segment (B.Cu): [(219392500, 181612500), (238442500, 181612500)]
13:29:17: [INFO] Routing pad 'D76:1' at (238442500, 181612500) with pad 'D77:1' at (257492500, 181612500) using coordinate system rotated by 0 degree(s)
13:29:17: [INFO] Adding track segment (B.Cu): [(238442500, 181612500), (257492500, 181612500)]
13:29:17: [INFO] Routing pad 'D77:1' at (257492500, 181612500) with pad 'D78:1' at (293211250, 181612500) using coordinate system rotated by 0 degree(s)
13:29:17: [INFO] Adding track segment (B.Cu): [(257492500, 181612500), (293211250, 181612500)]
13:29:17: [INFO] Routing pad 'D78:1' at (293211250, 181612500) with pad 'D79:1' at (309880000, 181612500) using coordinate system rotated by 0 degree(s)
13:29:17: [INFO] Adding track segment (B.Cu): [(293211250, 181612500), (309880000, 181612500)]
13:29:17: [INFO] Routing pad 'D79:1' at (309880000, 181612500) with pad 'D80:1' at (333692500, 181612500) using coordinate system rotated by 0 degree(s)
13:29:17: [INFO] Adding track segment (B.Cu): [(309880000, 181612500), (333692500, 181612500)]
13:29:17: [INFO] Routing pad 'D80:1' at (333692500, 181612500) with pad 'D81:1' at (352742500, 181612500) using coordinate system rotated by 0 degree(s)
13:29:17: [INFO] Adding track segment (B.Cu): [(333692500, 181612500), (352742500, 181612500)]
13:29:17: [INFO] Routing pad 'D81:1' at (352742500, 181612500) with pad 'D82:1' at (371792500, 181612500) using coordinate system rotated by 0 degree(s)
13:29:17: [INFO] Adding track segment (B.Cu): [(352742500, 181612500), (371792500, 181612500)]
13:29:17: [INFO] Routing COL3 pads
13:29:17: [INFO] Routing pad 'SW4a:1' at (91440000, 92710000) with pad 'SW21:1' at (91440000, 116522500) using coordinate system rotated by 0 degree(s)
13:29:17: [INFO] Adding track segment (F.Cu): [(91440000, 92710000), (91440000, 116522500)]
13:29:17: [INFO] Routing pad 'SW4a:1' at (91440000, 92710000) with pad 'SW4:1' at (96202500, 92710000) using coordinate system rotated by 0 degree(s)
13:29:17: [INFO] Adding track segment (F.Cu): [(91440000, 92710000), (96202500, 92710000)]
13:29:17: [INFO] Routing pad 'SW55:1' at (105727500, 154622500) with pad 'SW69:1' at (96202500, 173672500) using coordinate system rotated by 0 degree(s)
13:29:17: [INFO] Adding track segment (F.Cu): [(105727500, 154622500), (105727500, 164147500)]
13:29:17: [INFO] Adding track segment (F.Cu): [(105727500, 164147500), (96202500, 173672500)]
13:29:17: [INFO] Routing pad 'SW21:1' at (91440000, 116522500) with pad 'SW38:1' at (100965000, 135572500) using coordinate system rotated by 0 degree(s)
13:29:17: [INFO] Adding track segment (F.Cu): [(91440000, 116522500), (91440000, 126047500)]
13:29:17: [INFO] Adding track segment (F.Cu): [(91440000, 126047500), (100965000, 135572500)]
13:29:17: [INFO] Routing pad 'SW38:1' at (100965000, 135572500) with pad 'SW55:1' at (105727500, 154622500) using coordinate system rotated by 0 degree(s)
13:29:17: [INFO] Adding track segment (F.Cu): [(100965000, 135572500), (100965000, 149860000)]
13:29:17: [INFO] Adding track segment (F.Cu): [(100965000, 149860000), (105727500, 154622500)]
13:29:17: [INFO] Routing ROW2 pads
13:29:17: [INFO] Routing pad 'D35:1' at (47942500, 143512500) with pad 'D36:1' at (71755000, 143512500) using coordinate system rotated by 0 degree(s)
13:29:17: [INFO] Adding track segment (B.Cu): [(47942500, 143512500), (71755000, 143512500)]
13:29:17: [INFO] Routing pad 'D36:1' at (71755000, 143512500) with pad 'D37:1' at (90805000, 143512500) using coordinate system rotated by 0 degree(s)
13:29:17: [INFO] Adding track segment (B.Cu): [(71755000, 143512500), (90805000, 143512500)]
13:29:17: [INFO] Routing pad 'D37:1' at (90805000, 143512500) with pad 'D38:1' at (109855000, 143512500) using coordinate system rotated by 0 degree(s)
13:29:17: [INFO] Adding track segment (B.Cu): [(90805000, 143512500), (109855000, 143512500)]
13:29:17: [INFO] Routing pad 'D38:1' at (109855000, 143512500) with pad 'D39:1' at (128905000, 143512500) using coordinate system rotated by 0 degree(s)
13:29:17: [INFO] Adding track segment (B.Cu): [(109855000, 143512500), (128905000, 143512500)]
13:29:18: [INFO] Routing pad 'D39:1' at (128905000, 143512500) with pad 'D40:1' at (147955000, 143512500) using coordinate system rotated by 0 degree(s)
13:29:18: [INFO] Adding track segment (B.Cu): [(128905000, 143512500), (147955000, 143512500)]
13:29:18: [INFO] Routing pad 'D40:1' at (147955000, 143512500) with pad 'D41:1' at (167005000, 143512500) using coordinate system rotated by 0 degree(s)
13:29:18: [INFO] Adding track segment (B.Cu): [(147955000, 143512500), (167005000, 143512500)]
13:29:18: [INFO] Routing pad 'D41:1' at (167005000, 143512500) with pad 'D42:1' at (186055000, 143512500) using coordinate system rotated by 0 degree(s)
13:29:18: [INFO] Adding track segment (B.Cu): [(167005000, 143512500), (186055000, 143512500)]
13:29:18: [INFO] Routing pad 'D42:1' at (186055000, 143512500) with pad 'D43:1' at (205105000, 143512500) using coordinate system rotated by 0 degree(s)
13:29:18: [INFO] Adding track segment (B.Cu): [(186055000, 143512500), (205105000, 143512500)]
13:29:18: [INFO] Routing pad 'D43:1' at (205105000, 143512500) with pad 'D44:1' at (224155000, 143512500) using coordinate system rotated by 0 degree(s)
13:29:18: [INFO] Adding track segment (B.Cu): [(205105000, 143512500), (224155000, 143512500)]
13:29:18: [INFO] Routing pad 'D44:1' at (224155000, 143512500) with pad 'D45:1' at (243205000, 143512500) using coordinate system rotated by 0 degree(s)
13:29:18: [INFO] Adding track segment (B.Cu): [(224155000, 143512500), (243205000, 143512500)]
13:29:18: [INFO] Routing pad 'D45:1' at (243205000, 143512500) with pad 'D46:1' at (262255000, 143512500) using coordinate system rotated by 0 degree(s)
13:29:18: [INFO] Adding track segment (B.Cu): [(243205000, 143512500), (262255000, 143512500)]
13:29:18: [INFO] Routing pad 'D46:1' at (262255000, 143512500) with pad 'D47:1' at (281305000, 143512500) using coordinate system rotated by 0 degree(s)
13:29:18: [INFO] Adding track segment (B.Cu): [(262255000, 143512500), (281305000, 143512500)]
13:29:18: [INFO] Routing pad 'D47:1' at (281305000, 143512500) with pad 'D48:1' at (309880000, 124462500) using coordinate system rotated by 0 degree(s)
13:29:18: [INFO] Routing pad 'D48:1' at (309880000, 124462500) with pad 'D49:1' at (333692500, 143512500) using coordinate system rotated by 0 degree(s)
13:29:18: [INFO] Routing pad 'D49:1' at (333692500, 143512500) with pad 'D50:1' at (352742500, 143512500) using coordinate system rotated by 0 degree(s)
13:29:18: [INFO] Adding track segment (B.Cu): [(333692500, 143512500), (352742500, 143512500)]
13:29:18: [INFO] Routing pad 'D50:1' at (352742500, 143512500) with pad 'D51:1' at (371792500, 143512500) using coordinate system rotated by 0 degree(s)
13:29:18: [INFO] Adding track segment (B.Cu): [(352742500, 143512500), (371792500, 143512500)]
13:29:18: [INFO] Routing COL13 pads
13:29:18: [INFO] Routing pad 'SW31a:1' at (281940000, 116522500) with pad 'SW31:1' at (291465000, 116522500) using coordinate system rotated by 0 degree(s)
13:29:18: [INFO] Adding track segment (F.Cu): [(281940000, 116522500), (291465000, 116522500)]
13:29:18: [INFO] Routing pad 'SW31:1' at (291465000, 116522500) with pad 'SW65:1' at (296227500, 135572500) using coordinate system rotated by 0 degree(s)
13:29:18: [INFO] Routing pad 'SW89a:1' at (298608750, 192722500) with pad 'SW89:1' at (296227500, 192722500) using coordinate system rotated by 0 degree(s)
13:29:18: [INFO] Adding track segment (F.Cu): [(298608750, 192722500), (296227500, 192722500)]
13:29:18: [INFO] Routing pad 'SW79:1' at (300990000, 173672500) with pad 'SW89a:1' at (298608750, 192722500) using coordinate system rotated by 0 degree(s)
13:29:18: [INFO] Routing pad 'SW48:1' at (300990000, 116522500) with pad 'SW14:1' at (300990000, 92710000) using coordinate system rotated by 0 degree(s)
13:29:18: [INFO] Adding track segment (F.Cu): [(300990000, 116522500), (300990000, 92710000)]
13:29:18: [INFO] Routing pad 'SW31:1' at (291465000, 116522500) with pad 'SW48:1' at (300990000, 116522500) using coordinate system rotated by 0 degree(s)
13:29:18: [INFO] Adding track segment (F.Cu): [(291465000, 116522500), (300990000, 116522500)]
13:29:18: [INFO] Routing pad 'SW65:1' at (296227500, 135572500) with pad 'SW79:1' at (300990000, 173672500) using coordinate system rotated by 0 degree(s)
13:29:18: [INFO] Routing COL8 pads
13:29:18: [INFO] Routing pad 'SW60:1' at (200977500, 154622500) with pad 'SW74:1' at (191452500, 173672500) using coordinate system rotated by 0 degree(s)
13:29:18: [INFO] Adding track segment (F.Cu): [(200977500, 154622500), (200977500, 164147500)]
13:29:18: [INFO] Adding track segment (F.Cu): [(200977500, 164147500), (191452500, 173672500)]
13:29:18: [INFO] Routing pad 'SW26:1' at (186690000, 116522500) with pad 'SW9:1' at (196215000, 92710000) using coordinate system rotated by 0 degree(s)
13:29:18: [INFO] Adding track segment (F.Cu): [(186690000, 116522500), (196215000, 106997500)]
13:29:18: [INFO] Adding track segment (F.Cu): [(196215000, 106997500), (196215000, 92710000)]
13:29:18: [INFO] Routing pad 'SW26:1' at (186690000, 116522500) with pad 'SW43:1' at (196215000, 135572500) using coordinate system rotated by 0 degree(s)
13:29:18: [INFO] Adding track segment (F.Cu): [(186690000, 116522500), (186690000, 126047500)]
13:29:18: [INFO] Adding track segment (F.Cu): [(186690000, 126047500), (196215000, 135572500)]
13:29:18: [INFO] Routing pad 'SW43:1' at (196215000, 135572500) with pad 'SW60:1' at (200977500, 154622500) using coordinate system rotated by 0 degree(s)
13:29:18: [INFO] Adding track segment (F.Cu): [(196215000, 135572500), (196215000, 149860000)]
13:29:18: [INFO] Adding track segment (F.Cu): [(196215000, 149860000), (200977500, 154622500)]
13:29:18: [INFO] Routing COL11 pads
13:29:18: [INFO] Routing pad 'SW46:1' at (253365000, 135572500) with pad 'SW29:1' at (243840000, 116522500) using coordinate system rotated by 0 degree(s)
13:29:18: [INFO] Adding track segment (F.Cu): [(253365000, 135572500), (243840000, 126047500)]
13:29:18: [INFO] Adding track segment (F.Cu): [(243840000, 126047500), (243840000, 116522500)]
13:29:18: [INFO] Routing pad 'SW87:1' at (248602500, 192722500) with pad 'SW77:1' at (248602500, 173672500) using coordinate system rotated by 0 degree(s)
13:29:18: [INFO] Adding track segment (F.Cu): [(248602500, 192722500), (248602500, 173672500)]
13:29:18: [INFO] Routing pad 'SW87a:1' at (239077500, 192722500) with pad 'SW87:1' at (248602500, 192722500) using coordinate system rotated by 0 degree(s)
13:29:18: [INFO] Adding track segment (F.Cu): [(239077500, 192722500), (248602500, 192722500)]
13:29:18: [INFO] Routing pad 'SW63:1' at (258127500, 154622500) with pad 'SW46:1' at (253365000, 135572500) using coordinate system rotated by 0 degree(s)
13:29:18: [INFO] Adding track segment (F.Cu): [(258127500, 154622500), (253365000, 149860000)]
13:29:18: [INFO] Adding track segment (F.Cu): [(253365000, 149860000), (253365000, 135572500)]
13:29:18: [INFO] Routing pad 'SW29:1' at (243840000, 116522500) with pad 'SW12:1' at (258127500, 92710000) using coordinate system rotated by 0 degree(s)
13:29:18: [INFO] Adding track segment (F.Cu): [(243840000, 116522500), (258127500, 102235000)]
13:29:18: [INFO] Adding track segment (F.Cu): [(258127500, 102235000), (258127500, 92710000)]
13:29:18: [INFO] Routing pad 'SW77:1' at (248602500, 173672500) with pad 'SW63:1' at (258127500, 154622500) using coordinate system rotated by 0 degree(s)
13:29:18: [INFO] Adding track segment (F.Cu): [(248602500, 173672500), (258127500, 164147500)]
13:29:18: [INFO] Adding track segment (F.Cu): [(258127500, 164147500), (258127500, 154622500)]
13:29:18: [INFO] Routing pad 'SW12:1' at (258127500, 92710000) with pad 'SW12a:1' at (262890000, 92710000) using coordinate system rotated by 0 degree(s)
13:29:18: [INFO] Adding track segment (F.Cu): [(258127500, 92710000), (262890000, 92710000)]
13:29:18: [INFO] Routing COL2 pads
13:29:18: [INFO] Routing pad 'SW3a:1' at (72390000, 92710000) with pad 'SW20:1' at (72390000, 116522500) using coordinate system rotated by 0 degree(s)
13:29:18: [INFO] Adding track segment (F.Cu): [(72390000, 92710000), (72390000, 116522500)]
13:29:18: [INFO] Routing pad 'SW3a:1' at (72390000, 92710000) with pad 'SW3:1' at (77152500, 92710000) using coordinate system rotated by 0 degree(s)
13:29:18: [INFO] Adding track segment (F.Cu): [(72390000, 92710000), (77152500, 92710000)]
13:29:18: [INFO] Routing pad 'SW54:1' at (86677500, 154622500) with pad 'SW68:1' at (77152500, 173672500) using coordinate system rotated by 0 degree(s)
13:29:18: [INFO] Adding track segment (F.Cu): [(86677500, 154622500), (86677500, 164147500)]
13:29:18: [INFO] Adding track segment (F.Cu): [(86677500, 164147500), (77152500, 173672500)]
13:29:18: [INFO] Routing pad 'SW20:1' at (72390000, 116522500) with pad 'SW37:1' at (81915000, 135572500) using coordinate system rotated by 0 degree(s)
13:29:18: [INFO] Adding track segment (F.Cu): [(72390000, 116522500), (72390000, 126047500)]
13:29:18: [INFO] Adding track segment (F.Cu): [(72390000, 126047500), (81915000, 135572500)]
13:29:18: [INFO] Routing pad 'SW37:1' at (81915000, 135572500) with pad 'SW54:1' at (86677500, 154622500) using coordinate system rotated by 0 degree(s)
13:29:18: [INFO] Adding track segment (F.Cu): [(81915000, 135572500), (81915000, 149860000)]
13:29:18: [INFO] Adding track segment (F.Cu): [(81915000, 149860000), (86677500, 154622500)]
13:29:18: [INFO] Routing pad 'SW68:1' at (77152500, 173672500) with pad 'SW85:1' at (86677500, 192722500) using coordinate system rotated by 0 degree(s)
13:29:18: [INFO] Adding track segment (F.Cu): [(77152500, 173672500), (77152500, 183197500)]
13:29:18: [INFO] Adding track segment (F.Cu): [(77152500, 183197500), (86677500, 192722500)]
13:29:18: [INFO] Routing pad 'SW85:1' at (86677500, 192722500) with pad 'SW85a:1' at (96202500, 192722500) using coordinate system rotated by 0 degree(s)
13:29:18: [INFO] Adding track segment (F.Cu): [(86677500, 192722500), (96202500, 192722500)]
13:29:18: [INFO] Routing ROW5 pads
13:29:18: [INFO] Routing pad 'D83:1' at (47942500, 200662500) with pad 'D84:1' at (71755000, 200662500) using coordinate system rotated by 0 degree(s)
13:29:18: [INFO] Adding track segment (B.Cu): [(47942500, 200662500), (71755000, 200662500)]
13:29:18: [INFO] Routing pad 'D84:1' at (71755000, 200662500) with pad 'D85:1' at (95567500, 200662500) using coordinate system rotated by 0 degree(s)
13:29:18: [INFO] Adding track segment (B.Cu): [(71755000, 200662500), (95567500, 200662500)]
13:29:18: [INFO] Routing pad 'D85:1' at (95567500, 200662500) with pad 'D86:1' at (176530000, 200662500) using coordinate system rotated by 0 degree(s)
13:29:18: [INFO] Adding track segment (B.Cu): [(95567500, 200662500), (176530000, 200662500)]
13:29:18: [INFO] Routing pad 'D86:1' at (176530000, 200662500) with pad 'D87:1' at (257492500, 200662500) using coordinate system rotated by 0 degree(s)
13:29:18: [INFO] Adding track segment (B.Cu): [(176530000, 200662500), (257492500, 200662500)]
13:29:18: [INFO] Routing pad 'D87:1' at (257492500, 200662500) with pad 'D88:1' at (281305000, 200662500) using coordinate system rotated by 0 degree(s)
13:29:18: [INFO] Adding track segment (B.Cu): [(257492500, 200662500), (281305000, 200662500)]
13:29:18: [INFO] Routing pad 'D88:1' at (281305000, 200662500) with pad 'D89:1' at (305117500, 200662500) using coordinate system rotated by 0 degree(s)
13:29:18: [INFO] Adding track segment (B.Cu): [(281305000, 200662500), (305117500, 200662500)]
13:29:18: [INFO] Routing pad 'D89:1' at (305117500, 200662500) with pad 'D90:1' at (333692500, 200662500) using coordinate system rotated by 0 degree(s)
13:29:18: [INFO] Adding track segment (B.Cu): [(305117500, 200662500), (333692500, 200662500)]
13:29:18: [INFO] Routing pad 'D90:1' at (333692500, 200662500) with pad 'D91:1' at (352742500, 200662500) using coordinate system rotated by 0 degree(s)
13:29:18: [INFO] Adding track segment (B.Cu): [(333692500, 200662500), (352742500, 200662500)]
13:29:18: [INFO] Routing pad 'D91:1' at (352742500, 200662500) with pad 'D92:1' at (371792500, 200662500) using coordinate system rotated by 0 degree(s)
13:29:18: [INFO] Adding track segment (B.Cu): [(352742500, 200662500), (371792500, 200662500)]
13:29:18: [INFO] Routing ROW1 pads
13:29:18: [INFO] Routing pad 'D18:1' at (43180000, 124462500) with pad 'D19:1' at (62230000, 124462500) using coordinate system rotated by 0 degree(s)
13:29:18: [INFO] Adding track segment (B.Cu): [(43180000, 124462500), (62230000, 124462500)]
13:29:18: [INFO] Routing pad 'D19:1' at (62230000, 124462500) with pad 'D20:1' at (81280000, 124462500) using coordinate system rotated by 0 degree(s)
13:29:18: [INFO] Adding track segment (B.Cu): [(62230000, 124462500), (81280000, 124462500)]
13:29:18: [INFO] Routing pad 'D20:1' at (81280000, 124462500) with pad 'D21:1' at (100330000, 124462500) using coordinate system rotated by 0 degree(s)
13:29:18: [INFO] Adding track segment (B.Cu): [(81280000, 124462500), (100330000, 124462500)]
13:29:18: [INFO] Routing pad 'D21:1' at (100330000, 124462500) with pad 'D22:1' at (119380000, 124462500) using coordinate system rotated by 0 degree(s)
13:29:18: [INFO] Adding track segment (B.Cu): [(100330000, 124462500), (119380000, 124462500)]
13:29:18: [INFO] Routing pad 'D22:1' at (119380000, 124462500) with pad 'D23:1' at (138430000, 124462500) using coordinate system rotated by 0 degree(s)
13:29:18: [INFO] Adding track segment (B.Cu): [(119380000, 124462500), (138430000, 124462500)]
13:29:18: [INFO] Routing pad 'D23:1' at (138430000, 124462500) with pad 'D24:1' at (157480000, 124462500) using coordinate system rotated by 0 degree(s)
13:29:18: [INFO] Adding track segment (B.Cu): [(138430000, 124462500), (157480000, 124462500)]
13:29:18: [INFO] Routing pad 'D24:1' at (157480000, 124462500) with pad 'D25:1' at (176530000, 124462500) using coordinate system rotated by 0 degree(s)
13:29:18: [INFO] Adding track segment (B.Cu): [(157480000, 124462500), (176530000, 124462500)]
13:29:18: [INFO] Routing pad 'D25:1' at (176530000, 124462500) with pad 'D26:1' at (195580000, 124462500) using coordinate system rotated by 0 degree(s)
13:29:18: [INFO] Adding track segment (B.Cu): [(176530000, 124462500), (195580000, 124462500)]
13:29:18: [INFO] Routing pad 'D26:1' at (195580000, 124462500) with pad 'D27:1' at (214630000, 124462500) using coordinate system rotated by 0 degree(s)
13:29:18: [INFO] Adding track segment (B.Cu): [(195580000, 124462500), (214630000, 124462500)]
13:29:18: [INFO] Routing pad 'D27:1' at (214630000, 124462500) with pad 'D28:1' at (233680000, 124462500) using coordinate system rotated by 0 degree(s)
13:29:18: [INFO] Adding track segment (B.Cu): [(214630000, 124462500), (233680000, 124462500)]
13:29:18: [INFO] Routing pad 'D28:1' at (233680000, 124462500) with pad 'D29:1' at (252730000, 124462500) using coordinate system rotated by 0 degree(s)
13:29:18: [INFO] Adding track segment (B.Cu): [(233680000, 124462500), (252730000, 124462500)]
13:29:18: [INFO] Routing pad 'D29:1' at (252730000, 124462500) with pad 'D30:1' at (271780000, 124462500) using coordinate system rotated by 0 degree(s)
13:29:18: [INFO] Adding track segment (B.Cu): [(252730000, 124462500), (271780000, 124462500)]
13:29:18: [INFO] Routing pad 'D30:1' at (271780000, 124462500) with pad 'D31:1' at (300355000, 124462500) using coordinate system rotated by 0 degree(s)
13:29:18: [INFO] Adding track segment (B.Cu): [(271780000, 124462500), (300355000, 124462500)]
13:29:18: [INFO] Routing pad 'D31:1' at (300355000, 124462500) with pad 'D32:1' at (333692500, 124462500) using coordinate system rotated by 0 degree(s)
13:29:18: [INFO] Adding track segment (B.Cu): [(300355000, 124462500), (333692500, 124462500)]
13:29:18: [INFO] Could not add track segment due to detected collision
13:29:18: [INFO] Routing pad 'D32:1' at (333692500, 124462500) with pad 'D33:1' at (352742500, 124462500) using coordinate system rotated by 0 degree(s)
13:29:18: [INFO] Adding track segment (B.Cu): [(333692500, 124462500), (352742500, 124462500)]
13:29:18: [INFO] Routing pad 'D33:1' at (352742500, 124462500) with pad 'D34:1' at (371792500, 124462500) using coordinate system rotated by 0 degree(s)
13:29:18: [INFO] Adding track segment (B.Cu): [(352742500, 124462500), (371792500, 124462500)]
13:29:18: [INFO] Routing COL7 pads
13:29:18: [INFO] Routing pad 'SW59:1' at (181927500, 154622500) with pad 'SW73:1' at (172402500, 173672500) using coordinate system rotated by 0 degree(s)
13:29:18: [INFO] Adding track segment (F.Cu): [(181927500, 154622500), (181927500, 164147500)]
13:29:18: [INFO] Adding track segment (F.Cu): [(181927500, 164147500), (172402500, 173672500)]
13:29:18: [INFO] Routing pad 'SW25:1' at (167640000, 116522500) with pad 'SW8:1' at (177165000, 92710000) using coordinate system rotated by 0 degree(s)
13:29:18: [INFO] Adding track segment (F.Cu): [(167640000, 116522500), (177165000, 106997500)]
13:29:18: [INFO] Adding track segment (F.Cu): [(177165000, 106997500), (177165000, 92710000)]
13:29:18: [INFO] Routing pad 'SW25:1' at (167640000, 116522500) with pad 'SW42:1' at (177165000, 135572500) using coordinate system rotated by 0 degree(s)
13:29:18: [INFO] Adding track segment (F.Cu): [(167640000, 116522500), (167640000, 126047500)]
13:29:18: [INFO] Adding track segment (F.Cu): [(167640000, 126047500), (177165000, 135572500)]
13:29:18: [INFO] Routing pad 'SW42:1' at (177165000, 135572500) with pad 'SW59:1' at (181927500, 154622500) using coordinate system rotated by 0 degree(s)
13:29:18: [INFO] Adding track segment (F.Cu): [(177165000, 135572500), (177165000, 149860000)]
13:29:18: [INFO] Adding track segment (F.Cu): [(177165000, 149860000), (181927500, 154622500)]
13:29:18: [INFO] Routing COL0 pads
13:29:18: [INFO] Routing pad 'SW1:1' at (34290000, 92710000) with pad 'SW18:1' at (34290000, 116522500) using coordinate system rotated by 0 degree(s)
13:29:18: [INFO] Adding track segment (F.Cu): [(34290000, 92710000), (34290000, 116522500)]
13:29:18: [INFO] Routing pad 'SW52:1' at (41433750, 154622500) with pad 'SW66a:1' at (36671250, 173672500) using coordinate system rotated by 0 degree(s)
13:29:18: [INFO] Adding track segment (F.Cu): [(41433750, 154622500), (41433750, 168910000)]
13:29:18: [INFO] Adding track segment (F.Cu): [(41433750, 168910000), (36671250, 173672500)]
13:29:18: [INFO] Routing pad 'SW66a:1' at (36671250, 173672500) with pad 'SW83a:1' at (36671250, 192722500) using coordinate system rotated by 0 degree(s)
13:29:18: [INFO] Adding track segment (F.Cu): [(36671250, 173672500), (36671250, 192722500)]
13:29:18: [INFO] Could not add track segment due to detected collision
13:29:18: [INFO] Routing pad 'SW18:1' at (34290000, 116522500) with pad 'SW35:1' at (39052500, 135572500) using coordinate system rotated by 0 degree(s)
13:29:18: [INFO] Adding track segment (F.Cu): [(34290000, 116522500), (34290000, 130810000)]
13:29:18: [INFO] Adding track segment (F.Cu): [(34290000, 130810000), (39052500, 135572500)]
13:29:18: [INFO] Routing pad 'SW83a:1' at (36671250, 192722500) with pad 'SW83:1' at (39052500, 192722500) using coordinate system rotated by 0 degree(s)
13:29:18: [INFO] Adding track segment (F.Cu): [(36671250, 192722500), (39052500, 192722500)]
13:29:18: [INFO] Routing pad 'SW35:1' at (39052500, 135572500) with pad 'SW52:1' at (41433750, 154622500) using coordinate system rotated by 0 degree(s)
13:29:18: [INFO] Adding track segment (F.Cu): [(39052500, 135572500), (39052500, 152241250)]
13:29:18: [INFO] Adding track segment (F.Cu): [(39052500, 152241250), (41433750, 154622500)]
13:29:18: [INFO] Routing pad 'SW66a:1' at (36671250, 173672500) with pad 'SW66:1' at (46196250, 173672500) using coordinate system rotated by 0 degree(s)
13:29:18: [INFO] Adding track segment (F.Cu): [(36671250, 173672500), (46196250, 173672500)]
13:29:18: [INFO] Routing COL5 pads
13:29:18: [INFO] Routing pad 'SW6a:1' at (129540000, 92710000) with pad 'SW23:1' at (129540000, 116522500) using coordinate system rotated by 0 degree(s)
13:29:18: [INFO] Adding track segment (F.Cu): [(129540000, 92710000), (129540000, 116522500)]
13:29:18: [INFO] Routing pad 'SW57:1' at (143827500, 154622500) with pad 'SW71:1' at (134302500, 173672500) using coordinate system rotated by 0 degree(s)
13:29:18: [INFO] Adding track segment (F.Cu): [(143827500, 154622500), (143827500, 164147500)]
13:29:18: [INFO] Adding track segment (F.Cu): [(143827500, 164147500), (134302500, 173672500)]
13:29:18: [INFO] Routing pad 'SW6a:1' at (129540000, 92710000) with pad 'SW6:1' at (139065000, 92710000) using coordinate system rotated by 0 degree(s)
13:29:18: [INFO] Adding track segment (F.Cu): [(129540000, 92710000), (139065000, 92710000)]
13:29:18: [INFO] Routing pad 'SW23:1' at (129540000, 116522500) with pad 'SW40:1' at (139065000, 135572500) using coordinate system rotated by 0 degree(s)
13:29:18: [INFO] Adding track segment (F.Cu): [(129540000, 116522500), (129540000, 126047500)]
13:29:18: [INFO] Adding track segment (F.Cu): [(129540000, 126047500), (139065000, 135572500)]
13:29:18: [INFO] Routing pad 'SW40:1' at (139065000, 135572500) with pad 'SW57:1' at (143827500, 154622500) using coordinate system rotated by 0 degree(s)
13:29:18: [INFO] Adding track segment (F.Cu): [(139065000, 135572500), (139065000, 149860000)]
13:29:18: [INFO] Adding track segment (F.Cu): [(139065000, 149860000), (143827500, 154622500)]
13:29:18: [INFO] Routing COL1 pads
13:29:18: [INFO] Routing pad 'SW19:1' at (53340000, 116522500) with pad 'SW2:1' at (58102500, 92710000) using coordinate system rotated by 0 degree(s)
13:29:19: [INFO] Adding track segment (F.Cu): [(53340000, 116522500), (58102500, 111760000)]
13:29:19: [INFO] Adding track segment (F.Cu): [(58102500, 111760000), (58102500, 92710000)]
13:29:19: [INFO] Routing pad 'SW53:1' at (67627500, 154622500) with pad 'SW67:1' at (58102500, 173672500) using coordinate system rotated by 0 degree(s)
13:29:19: [INFO] Routing pad 'SW19:1' at (53340000, 116522500) with pad 'SW36:1' at (62865000, 135572500) using coordinate system rotated by 0 degree(s)
13:29:19: [INFO] Adding track segment (F.Cu): [(53340000, 116522500), (53340000, 126047500)]
13:29:19: [INFO] Adding track segment (F.Cu): [(53340000, 126047500), (62865000, 135572500)]
13:29:19: [INFO] Routing pad 'SW67:1' at (58102500, 173672500) with pad 'SW84:1' at (62865000, 192722500) using coordinate system rotated by 0 degree(s)
13:29:19: [INFO] Adding track segment (F.Cu): [(58102500, 173672500), (58102500, 187960000)]
13:29:19: [INFO] Adding track segment (F.Cu): [(58102500, 187960000), (62865000, 192722500)]
13:29:19: [INFO] Routing pad 'SW36:1' at (62865000, 135572500) with pad 'SW53:1' at (67627500, 154622500) using coordinate system rotated by 0 degree(s)
13:29:19: [INFO] Adding track segment (F.Cu): [(62865000, 135572500), (62865000, 149860000)]
13:29:19: [INFO] Adding track segment (F.Cu): [(62865000, 149860000), (67627500, 154622500)]
13:29:19: [INFO] Routing pad 'SW84:1' at (62865000, 192722500) with pad 'SW84a:1' at (72390000, 192722500) using coordinate system rotated by 0 degree(s)
13:29:19: [INFO] Adding track segment (F.Cu): [(62865000, 192722500), (72390000, 192722500)]
13:29:19: [INFO] Routing ROW3 pads
13:29:19: [INFO] Routing pad 'D52:1' at (50323750, 162562500) with pad 'D53:1' at (76517500, 162562500) using coordinate system rotated by 0 degree(s)
13:29:19: [INFO] Adding track segment (B.Cu): [(50323750, 162562500), (76517500, 162562500)]
13:29:19: [INFO] Routing pad 'D53:1' at (76517500, 162562500) with pad 'D54:1' at (95567500, 162562500) using coordinate system rotated by 0 degree(s)
13:29:19: [INFO] Adding track segment (B.Cu): [(76517500, 162562500), (95567500, 162562500)]
13:29:19: [INFO] Routing pad 'D54:1' at (95567500, 162562500) with pad 'D55:1' at (114617500, 162562500) using coordinate system rotated by 0 degree(s)
13:29:19: [INFO] Adding track segment (B.Cu): [(95567500, 162562500), (114617500, 162562500)]
13:29:19: [INFO] Routing pad 'D55:1' at (114617500, 162562500) with pad 'D56:1' at (133667500, 162562500) using coordinate system rotated by 0 degree(s)
13:29:19: [INFO] Adding track segment (B.Cu): [(114617500, 162562500), (133667500, 162562500)]
13:29:19: [INFO] Routing pad 'D56:1' at (133667500, 162562500) with pad 'D57:1' at (152717500, 162562500) using coordinate system rotated by 0 degree(s)
13:29:19: [INFO] Adding track segment (B.Cu): [(133667500, 162562500), (152717500, 162562500)]
13:29:19: [INFO] Routing pad 'D57:1' at (152717500, 162562500) with pad 'D58:1' at (171767500, 162562500) using coordinate system rotated by 0 degree(s)
13:29:19: [INFO] Adding track segment (B.Cu): [(152717500, 162562500), (171767500, 162562500)]
13:29:19: [INFO] Routing pad 'D58:1' at (171767500, 162562500) with pad 'D59:1' at (190817500, 162562500) using coordinate system rotated by 0 degree(s)
13:29:19: [INFO] Adding track segment (B.Cu): [(171767500, 162562500), (190817500, 162562500)]
13:29:19: [INFO] Routing pad 'D59:1' at (190817500, 162562500) with pad 'D60:1' at (209867500, 162562500) using coordinate system rotated by 0 degree(s)
13:29:19: [INFO] Adding track segment (B.Cu): [(190817500, 162562500), (209867500, 162562500)]
13:29:19: [INFO] Routing pad 'D60:1' at (209867500, 162562500) with pad 'D61:1' at (228917500, 162562500) using coordinate system rotated by 0 degree(s)
13:29:19: [INFO] Adding track segment (B.Cu): [(209867500, 162562500), (228917500, 162562500)]
13:29:19: [INFO] Routing pad 'D61:1' at (228917500, 162562500) with pad 'D62:1' at (247967500, 162562500) using coordinate system rotated by 0 degree(s)
13:29:19: [INFO] Adding track segment (B.Cu): [(228917500, 162562500), (247967500, 162562500)]
13:29:19: [INFO] Routing pad 'D62:1' at (247967500, 162562500) with pad 'D63:1' at (267017500, 162562500) using coordinate system rotated by 0 degree(s)
13:29:19: [INFO] Adding track segment (B.Cu): [(247967500, 162562500), (267017500, 162562500)]
13:29:19: [INFO] Routing pad 'D63:1' at (267017500, 162562500) with pad 'D64:1' at (297973750, 162562500) using coordinate system rotated by 0 degree(s)
13:29:19: [INFO] Adding track segment (B.Cu): [(267017500, 162562500), (297973750, 162562500)]
13:29:19: [INFO] Routing pad 'D64:1' at (297973750, 162562500) with pad 'D65:1' at (305117500, 143512500) using coordinate system rotated by 0 degree(s)
13:29:19: [INFO] Routing COL9 pads
13:29:19: [INFO] Routing pad 'SW61:1' at (220027500, 154622500) with pad 'SW75:1' at (210502500, 173672500) using coordinate system rotated by 0 degree(s)
13:29:19: [INFO] Adding track segment (F.Cu): [(220027500, 154622500), (220027500, 164147500)]
13:29:19: [INFO] Adding track segment (F.Cu): [(220027500, 164147500), (210502500, 173672500)]
13:29:19: [INFO] Routing pad 'SW27:1' at (205740000, 116522500) with pad 'SW10a:1' at (215265000, 92710000) using coordinate system rotated by 0 degree(s)
13:29:19: [INFO] Adding track segment (F.Cu): [(205740000, 116522500), (215265000, 106997500)]
13:29:19: [INFO] Adding track segment (F.Cu): [(215265000, 106997500), (215265000, 92710000)]
13:29:19: [INFO] Routing pad 'SW27:1' at (205740000, 116522500) with pad 'SW44:1' at (215265000, 135572500) using coordinate system rotated by 0 degree(s)
13:29:19: [INFO] Adding track segment (F.Cu): [(205740000, 116522500), (205740000, 126047500)]
13:29:19: [INFO] Adding track segment (F.Cu): [(205740000, 126047500), (215265000, 135572500)]
13:29:19: [INFO] Routing pad 'SW10a:1' at (215265000, 92710000) with pad 'SW10:1' at (220027500, 92710000) using coordinate system rotated by 0 degree(s)
13:29:19: [INFO] Adding track segment (F.Cu): [(215265000, 92710000), (220027500, 92710000)]
13:29:19: [INFO] Routing pad 'SW44:1' at (215265000, 135572500) with pad 'SW61:1' at (220027500, 154622500) using coordinate system rotated by 0 degree(s)
13:29:19: [INFO] Adding track segment (F.Cu): [(215265000, 135572500), (215265000, 149860000)]
13:29:19: [INFO] Adding track segment (F.Cu): [(215265000, 149860000), (220027500, 154622500)]
13:29:19: [INFO] Routing ROW0 pads
13:29:19: [INFO] Routing pad 'D1:1' at (43180000, 100650000) with pad 'D2:1' at (66992500, 100650000) using coordinate system rotated by 0 degree(s)
13:29:19: [INFO] Adding track segment (B.Cu): [(43180000, 100650000), (66992500, 100650000)]
13:29:19: [INFO] Routing pad 'D2:1' at (66992500, 100650000) with pad 'D3:1' at (86042500, 100650000) using coordinate system rotated by 0 degree(s)
13:29:19: [INFO] Adding track segment (B.Cu): [(66992500, 100650000), (86042500, 100650000)]
13:29:19: [INFO] Routing pad 'D3:1' at (86042500, 100650000) with pad 'D4:1' at (105092500, 100650000) using coordinate system rotated by 0 degree(s)
13:29:19: [INFO] Adding track segment (B.Cu): [(86042500, 100650000), (105092500, 100650000)]
13:29:19: [INFO] Routing pad 'D4:1' at (105092500, 100650000) with pad 'D5:1' at (124142500, 100650000) using coordinate system rotated by 0 degree(s)
13:29:19: [INFO] Adding track segment (B.Cu): [(105092500, 100650000), (124142500, 100650000)]
13:29:19: [INFO] Routing pad 'D5:1' at (124142500, 100650000) with pad 'D6:1' at (147955000, 100650000) using coordinate system rotated by 0 degree(s)
13:29:19: [INFO] Adding track segment (B.Cu): [(124142500, 100650000), (147955000, 100650000)]
13:29:19: [INFO] Routing pad 'D6:1' at (147955000, 100650000) with pad 'D7:1' at (167005000, 100650000) using coordinate system rotated by 0 degree(s)
13:29:19: [INFO] Adding track segment (B.Cu): [(147955000, 100650000), (167005000, 100650000)]
13:29:19: [INFO] Routing pad 'D7:1' at (167005000, 100650000) with pad 'D8:1' at (186055000, 100650000) using coordinate system rotated by 0 degree(s)
13:29:19: [INFO] Adding track segment (B.Cu): [(167005000, 100650000), (186055000, 100650000)]
13:29:19: [INFO] Routing pad 'D8:1' at (186055000, 100650000) with pad 'D9:1' at (205105000, 100650000) using coordinate system rotated by 0 degree(s)
13:29:19: [INFO] Adding track segment (B.Cu): [(186055000, 100650000), (205105000, 100650000)]
13:29:19: [INFO] Routing pad 'D9:1' at (205105000, 100650000) with pad 'D10:1' at (228917500, 100650000) using coordinate system rotated by 0 degree(s)
13:29:19: [INFO] Adding track segment (B.Cu): [(205105000, 100650000), (228917500, 100650000)]
13:29:19: [INFO] Routing pad 'D10:1' at (228917500, 100650000) with pad 'D11:1' at (247967500, 100650000) using coordinate system rotated by 0 degree(s)
13:29:19: [INFO] Adding track segment (B.Cu): [(228917500, 100650000), (247967500, 100650000)]
13:29:19: [INFO] Routing pad 'D11:1' at (247967500, 100650000) with pad 'D12:1' at (267017500, 100650000) using coordinate system rotated by 0 degree(s)
13:29:19: [INFO] Adding track segment (B.Cu): [(247967500, 100650000), (267017500, 100650000)]
13:29:19: [INFO] Routing pad 'D12:1' at (267017500, 100650000) with pad 'D13:1' at (286067500, 100650000) using coordinate system rotated by 0 degree(s)
13:29:19: [INFO] Adding track segment (B.Cu): [(267017500, 100650000), (286067500, 100650000)]
13:29:19: [INFO] Routing pad 'D13:1' at (286067500, 100650000) with pad 'D14:1' at (309880000, 100650000) using coordinate system rotated by 0 degree(s)
13:29:19: [INFO] Adding track segment (B.Cu): [(286067500, 100650000), (309880000, 100650000)]
13:29:19: [INFO] Routing pad 'D14:1' at (309880000, 100650000) with pad 'D15:1' at (333692500, 100650000) using coordinate system rotated by 0 degree(s)
13:29:19: [INFO] Adding track segment (B.Cu): [(309880000, 100650000), (333692500, 100650000)]
13:29:19: [INFO] Routing pad 'D15:1' at (333692500, 100650000) with pad 'D16:1' at (352742500, 100650000) using coordinate system rotated by 0 degree(s)
13:29:19: [INFO] Adding track segment (B.Cu): [(333692500, 100650000), (352742500, 100650000)]
13:29:19: [INFO] Routing pad 'D16:1' at (352742500, 100650000) with pad 'D17:1' at (371792500, 100650000) using coordinate system rotated by 0 degree(s)
13:29:19: [INFO] Adding track segment (B.Cu): [(352742500, 100650000), (371792500, 100650000)]
13:29:19: [INFO] Routing COL14 pads
13:29:19: [INFO] Routing pad 'SW15:1' at (324802500, 92710000) with pad 'SW32:1' at (324802500, 116522500) using coordinate system rotated by 0 degree(s)
13:29:19: [INFO] Adding track segment (F.Cu): [(324802500, 92710000), (324802500, 116522500)]
13:29:19: [INFO] Routing pad 'SW32:1' at (324802500, 116522500) with pad 'SW49:1' at (324802500, 135572500) using coordinate system rotated by 0 degree(s)
13:29:19: [INFO] Adding track segment (F.Cu): [(324802500, 116522500), (324802500, 135572500)]
13:29:19: [INFO] Routing pad 'SW49:1' at (324802500, 135572500) with pad 'SW80:1' at (324802500, 173672500) using coordinate system rotated by 0 degree(s)
13:29:19: [INFO] Adding track segment (F.Cu): [(324802500, 135572500), (324802500, 173672500)]
13:29:19: [INFO] Routing pad 'SW80:1' at (324802500, 173672500) with pad 'SW90:1' at (324802500, 192722500) using coordinate system rotated by 0 degree(s)
13:29:19: [INFO] Adding track segment (F.Cu): [(324802500, 173672500), (324802500, 192722500)]
13:29:19: [INFO] Routing COL12 pads
13:29:19: [INFO] Routing pad 'SW88:1' at (272415000, 192722500) with pad 'SW88a:1' at (262890000, 192722500) using coordinate system rotated by 0 degree(s)
13:29:19: [INFO] Adding track segment (F.Cu): [(272415000, 192722500), (262890000, 192722500)]
13:29:19: [INFO] Routing pad 'SW30:1' at (262890000, 116522500) with pad 'SW47:1' at (272415000, 135572500) using coordinate system rotated by 0 degree(s)
13:29:19: [INFO] Adding track segment (F.Cu): [(262890000, 116522500), (262890000, 126047500)]
13:29:19: [INFO] Adding track segment (F.Cu): [(262890000, 126047500), (272415000, 135572500)]
13:29:19: [INFO] Routing pad 'SW78a:1' at (274796250, 173672500) with pad 'SW88:1' at (272415000, 192722500) using coordinate system rotated by 0 degree(s)
13:29:19: [INFO] Routing pad 'SW78:1' at (284321250, 173672500) with pad 'SW78a:1' at (274796250, 173672500) using coordinate system rotated by 0 degree(s)
13:29:19: [INFO] Adding track segment (F.Cu): [(284321250, 173672500), (274796250, 173672500)]
13:29:19: [INFO] Routing pad 'SW30:1' at (262890000, 116522500) with pad 'SW13:1' at (277177500, 92710000) using coordinate system rotated by 0 degree(s)
13:29:19: [INFO] Adding track segment (F.Cu): [(262890000, 116522500), (277177500, 102235000)]
13:29:19: [INFO] Adding track segment (F.Cu): [(277177500, 102235000), (277177500, 92710000)]
13:29:19: [INFO] Routing pad 'SW13:1' at (277177500, 92710000) with pad 'SW13a:1' at (281940000, 92710000) using coordinate system rotated by 0 degree(s)
13:29:19: [INFO] Adding track segment (F.Cu): [(277177500, 92710000), (281940000, 92710000)]
13:29:19: [INFO] Routing pad 'SW64:1' at (289083750, 154622500) with pad 'SW78:1' at (284321250, 173672500) using coordinate system rotated by 0 degree(s)
13:29:19: [INFO] Adding track segment (F.Cu): [(289083750, 154622500), (289083750, 168910000)]
13:29:19: [INFO] Adding track segment (F.Cu): [(289083750, 168910000), (284321250, 173672500)]
13:29:19: [INFO] Routing pad 'SW47:1' at (272415000, 135572500) with pad 'SW64:1' at (289083750, 154622500) using coordinate system rotated by 0 degree(s)
13:29:19: [INFO] Adding track segment (F.Cu): [(272415000, 135572500), (272415000, 137953750)]
13:29:19: [INFO] Adding track segment (F.Cu): [(272415000, 137953750), (289083750, 154622500)]
13:29:19: [INFO] Removing dangling tracks
