=== kbplacer.kle_serial ===
=== layout2image.py ===
=== kbplacer ===
13:27:44: [INFO] User layout: https://editor.keyboard-tools.xyz/#share=NrDeCIA9wLgAgEwDoCsAaO4DGtMGIB2I48AXw3AAY1KAdAOwYYBY0BGcDCHecPLAYM6YA7rkqoKAE1wAXAE4BXAKblMTRvVYcu2XHwCGR42QpsaGlu2FV2lrdbN3NVnZmoJ724d339BAjZi8BLomDLwCipq4F6OcL68eMYmMdQAzHFu4OaZLg7Z1MxZNubF+d66PPgBgRTBcKHSckqqFCVVfilGpu5oKB2Y5gMV8bYAbIM5aJOjbok1tUHikuEt0e1zPnpJ3Qa90wQlALpoAFBgULjIYeAAnisIt9V8xCRpFqOU2y-J3QfmOhfGzUNhxb5OMHAigecGlNCeaF9PIaVgQoZoFGaNEgtDlVE0eH47GEmH9OFOEYE9ETCkY2bU3FHJGHOGnC4QaDwG4xBCkhI7RYBA7pfngPnZUXZPkIGyi2UUPnpOWYmx85gqjWK-oqlBqmY-Lr-erXGKihmaajohZ8Wo4M1oAjbLlwNhISgOi0MUH65kaH3sy4um4UX57ZbwN0oGI4zpJO0HdA0yqYdDZVgK1MImysZUUdB5zCsLVZkvgVh6-M6iiscaG3bG0S4KMxx32UXWwW2pYxdBO3Qut0EZ5GlIR11IJ4UAAW13qssjq3A04XrookFXAFoJE8YgQZu3rIHOdclw0h9GKON+Tb-MK92Lr9l99lr5nwPv39fCx-VVe8TY+5ltelaYPuoG3m8RDjsgu4UPuXr0B29ZCkID79gKLoSMOoajqkNZtvkUrgMe4DnpOl6YAAHJ8GgSih3b3hQACctGaPRA6PCODZjia3IUTENFAnRN5dneaEUDR2SsdkNHvqx740T+rE-jRZasWWNGgeArEQWJ4Z8ROw6CQe+SAgx4mBCZfqaOZLGOs6XG4TxJiGcgxmSaZGjmBwpHBmezYCWYVr2Em2zkXBQyAqFokRZROSgjFna-AmhnjEFQwZElFnhjEbDUFSmhhWYwzZcFXlFaJKU9iVFUMMVmWERoDU5OYNn1YSfmnrcDwhBRzn4AZTaLpFCVsR18xkYFo1sNF+RpuF03xflzjNfEt6pcNcDpTNWXzet+mNlNI3LQVMWTXFeWlftk3VcKhlNGskStDE52lOYiELeV7X0F9UVNZVvnnEG3UUL1jT9ZgYZHeRp3jb92ZxqhdRPXAURtOo+2ZreQ3HROcNQmt2NiZteMEHle1EzlMOBct11U0jjFCM0z0bJjDMCtDvFbS230xcTd0Sf9P3oLKxzHEAA
13:27:44: [INFO] Labels prefixes: for rows: 'ROW', for columns: 'COL'
13:27:44: [INFO] Matrix size: 11x7
13:27:44: [WARNING] No stabilizer footprint for width 2.25u, using 2u as fallback
13:27:44: [WARNING] No stabilizer footprint for width 2.25u, using 2u as fallback
13:27:44: [WARNING] No stabilizer footprint for width 2.75u, using 2u as fallback
13:27:45: [INFO] Add COL0 net
13:27:45: [INFO] Add COL1 net
13:27:45: [INFO] Add COL2 net
13:27:45: [INFO] Add COL3 net
13:27:45: [INFO] Add COL4 net
13:27:45: [INFO] Add COL5 net
13:27:45: [INFO] Add COL6 net
13:27:45: [INFO] Add COL7 net
13:27:45: [INFO] Add Net-(D1-A) net
13:27:45: [INFO] Add Net-(D10-A) net
13:27:45: [INFO] Add Net-(D11-A) net
13:27:45: [INFO] Add Net-(D12-A) net
13:27:45: [INFO] Add Net-(D13-A) net
13:27:45: [INFO] Add Net-(D14-A) net
13:27:45: [INFO] Add Net-(D15-A) net
13:27:45: [INFO] Add Net-(D16-A) net
13:27:45: [INFO] Add Net-(D17-A) net
13:27:45: [INFO] Add Net-(D18-A) net
13:27:45: [INFO] Add Net-(D19-A) net
13:27:45: [INFO] Add Net-(D2-A) net
13:27:45: [INFO] Add Net-(D20-A) net
13:27:45: [INFO] Add Net-(D21-A) net
13:27:45: [INFO] Add Net-(D22-A) net
13:27:45: [INFO] Add Net-(D23-A) net
13:27:45: [INFO] Add Net-(D24-A) net
13:27:45: [INFO] Add Net-(D25-A) net
13:27:45: [INFO] Add Net-(D26-A) net
13:27:45: [INFO] Add Net-(D27-A) net
13:27:45: [INFO] Add Net-(D28-A) net
13:27:45: [INFO] Add Net-(D29-A) net
13:27:45: [INFO] Add Net-(D3-A) net
13:27:45: [INFO] Add Net-(D30-A) net
13:27:45: [INFO] Add Net-(D31-A) net
13:27:45: [INFO] Add Net-(D32-A) net
13:27:45: [INFO] Add Net-(D33-A) net
13:27:45: [INFO] Add Net-(D34-A) net
13:27:45: [INFO] Add Net-(D35-A) net
13:27:45: [INFO] Add Net-(D36-A) net
13:27:45: [INFO] Add Net-(D37-A) net
13:27:45: [INFO] Add Net-(D38-A) net
13:27:45: [INFO] Add Net-(D39-A) net
13:27:45: [INFO] Add Net-(D4-A) net
13:27:45: [INFO] Add Net-(D40-A) net
13:27:45: [INFO] Add Net-(D41-A) net
13:27:45: [INFO] Add Net-(D42-A) net
13:27:45: [INFO] Add Net-(D43-A) net
13:27:45: [INFO] Add Net-(D44-A) net
13:27:45: [INFO] Add Net-(D45-A) net
13:27:45: [INFO] Add Net-(D46-A) net
13:27:45: [INFO] Add Net-(D47-A) net
13:27:45: [INFO] Add Net-(D48-A) net
13:27:45: [INFO] Add Net-(D49-A) net
13:27:45: [INFO] Add Net-(D5-A) net
13:27:45: [INFO] Add Net-(D50-A) net
13:27:45: [INFO] Add Net-(D51-A) net
13:27:45: [INFO] Add Net-(D52-A) net
13:27:45: [INFO] Add Net-(D53-A) net
13:27:45: [INFO] Add Net-(D54-A) net
13:27:45: [INFO] Add Net-(D55-A) net
13:27:45: [INFO] Add Net-(D56-A) net
13:27:45: [INFO] Add Net-(D57-A) net
13:27:45: [INFO] Add Net-(D58-A) net
13:27:45: [INFO] Add Net-(D59-A) net
13:27:45: [INFO] Add Net-(D6-A) net
13:27:45: [INFO] Add Net-(D60-A) net
13:27:45: [INFO] Add Net-(D61-A) net
13:27:45: [INFO] Add Net-(D62-A) net
13:27:45: [INFO] Add Net-(D63-A) net
13:27:45: [INFO] Add Net-(D64-A) net
13:27:45: [INFO] Add Net-(D65-A) net
13:27:45: [INFO] Add Net-(D66-A) net
13:27:45: [INFO] Add Net-(D67-A) net
13:27:45: [INFO] Add Net-(D68-A) net
13:27:45: [INFO] Add Net-(D69-A) net
13:27:45: [INFO] Add Net-(D7-A) net
13:27:45: [INFO] Add Net-(D70-A) net
13:27:45: [INFO] Add Net-(D71-A) net
13:27:45: [INFO] Add Net-(D72-A) net
13:27:45: [INFO] Add Net-(D73-A) net
13:27:45: [INFO] Add Net-(D74-A) net
13:27:45: [INFO] Add Net-(D75-A) net
13:27:45: [INFO] Add Net-(D76-A) net
13:27:45: [INFO] Add Net-(D77-A) net
13:27:45: [INFO] Add Net-(D78-A) net
13:27:45: [INFO] Add Net-(D79-A) net
13:27:45: [INFO] Add Net-(D8-A) net
13:27:45: [INFO] Add Net-(D80-A) net
13:27:45: [INFO] Add Net-(D81-A) net
13:27:45: [INFO] Add Net-(D82-A) net
13:27:45: [INFO] Add Net-(D83-A) net
13:27:45: [INFO] Add Net-(D84-A) net
13:27:45: [INFO] Add Net-(D85-A) net
13:27:45: [INFO] Add Net-(D86-A) net
13:27:45: [INFO] Add Net-(D9-A) net
13:27:45: [INFO] Add ROW0 net
13:27:45: [INFO] Add ROW1 net
13:27:45: [INFO] Add ROW10 net
13:27:45: [INFO] Add ROW11 net
13:27:45: [INFO] Add ROW2 net
13:27:45: [INFO] Add ROW3 net
13:27:45: [INFO] Add ROW4 net
13:27:45: [INFO] Add ROW5 net
13:27:45: [INFO] Add ROW6 net
13:27:45: [INFO] Add ROW7 net
13:27:45: [INFO] Add ROW8 net
13:27:45: [INFO] Add ROW9 net
13:27:45: [INFO] Add SW1 footprint
13:27:45: [INFO] Add D1 footprint
13:27:45: [INFO] Add SW2 footprint
13:27:45: [INFO] Add D2 footprint
13:27:45: [INFO] Add SW2a footprint
13:27:45: [INFO] Add SW3 footprint
13:27:45: [INFO] Add D3 footprint
13:27:45: [INFO] Add SW3a footprint
13:27:45: [INFO] Add SW4 footprint
13:27:45: [INFO] Add D4 footprint
13:27:45: [INFO] Add SW5 footprint
13:27:45: [INFO] Add D5 footprint
13:27:45: [INFO] Add SW6 footprint
13:27:45: [INFO] Add D6 footprint
13:27:45: [INFO] Add SW6a footprint
13:27:45: [INFO] Add SW7 footprint
13:27:45: [INFO] Add D7 footprint
13:27:45: [INFO] Add SW7a footprint
13:27:45: [INFO] Add SW8 footprint
13:27:45: [INFO] Add D8 footprint
13:27:45: [INFO] Add SW9 footprint
13:27:45: [INFO] Add D9 footprint
13:27:45: [INFO] Add SW9a footprint
13:27:45: [INFO] Add SW10 footprint
13:27:45: [INFO] Add D10 footprint
13:27:45: [INFO] Add SW10a footprint
13:27:45: [INFO] Add SW11 footprint
13:27:45: [INFO] Add D11 footprint
13:27:45: [INFO] Add SW12 footprint
13:27:45: [INFO] Add D12 footprint
13:27:45: [INFO] Add SW13 footprint
13:27:45: [INFO] Add D13 footprint
13:27:46: [INFO] Add SW14 footprint
13:27:46: [INFO] Add D14 footprint
13:27:46: [INFO] Add SW14a footprint
13:27:46: [INFO] Add SW15 footprint
13:27:46: [INFO] Add D15 footprint
13:27:46: [INFO] Add SW15a footprint
13:27:46: [INFO] Add SW16 footprint
13:27:46: [INFO] Add D16 footprint
13:27:46: [INFO] Add SW17 footprint
13:27:46: [INFO] Add D17 footprint
13:27:46: [INFO] Add SW18 footprint
13:27:46: [INFO] Add D18 footprint
13:27:46: [INFO] Add SW19 footprint
13:27:46: [INFO] Add D19 footprint
13:27:46: [INFO] Add SW20 footprint
13:27:46: [INFO] Add D20 footprint
13:27:46: [INFO] Add SW21 footprint
13:27:46: [INFO] Add D21 footprint
13:27:46: [INFO] Add SW22 footprint
13:27:46: [INFO] Add D22 footprint
13:27:46: [INFO] Add SW23 footprint
13:27:46: [INFO] Add D23 footprint
13:27:46: [INFO] Add SW24 footprint
13:27:46: [INFO] Add D24 footprint
13:27:46: [INFO] Add SW25 footprint
13:27:46: [INFO] Add D25 footprint
13:27:46: [INFO] Add SW26 footprint
13:27:46: [INFO] Add D26 footprint
13:27:46: [INFO] Add SW27 footprint
13:27:46: [INFO] Add D27 footprint
13:27:46: [INFO] Add SW28 footprint
13:27:46: [INFO] Add D28 footprint
13:27:46: [INFO] Add SW29 footprint
13:27:46: [INFO] Add D29 footprint
13:27:46: [INFO] Add SW30 footprint
13:27:46: [INFO] Add D30 footprint
13:27:46: [INFO] Add SW31 footprint
13:27:46: [INFO] Add D31 footprint
13:27:46: [INFO] Add ST31 footprint
13:27:46: [INFO] Add SW31a footprint
13:27:47: [INFO] Add SW32 footprint
13:27:47: [INFO] Add D32 footprint
13:27:47: [INFO] Add SW33 footprint
13:27:47: [INFO] Add D33 footprint
13:27:47: [INFO] Add SW34 footprint
13:27:47: [INFO] Add D34 footprint
13:27:47: [INFO] Add SW35 footprint
13:27:47: [INFO] Add D35 footprint
13:27:47: [INFO] Add SW36 footprint
13:27:47: [INFO] Add D36 footprint
13:27:47: [INFO] Add SW37 footprint
13:27:47: [INFO] Add D37 footprint
13:27:47: [INFO] Add SW38 footprint
13:27:47: [INFO] Add D38 footprint
13:27:47: [INFO] Add SW39 footprint
13:27:47: [INFO] Add D39 footprint
13:27:47: [INFO] Add SW40 footprint
13:27:47: [INFO] Add D40 footprint
13:27:47: [INFO] Add SW40a footprint
13:27:47: [INFO] Add SW41 footprint
13:27:47: [INFO] Add D41 footprint
13:27:47: [INFO] Add SW42 footprint
13:27:47: [INFO] Add D42 footprint
13:27:47: [INFO] Add SW43 footprint
13:27:47: [INFO] Add D43 footprint
13:27:47: [INFO] Add SW44 footprint
13:27:47: [INFO] Add D44 footprint
13:27:47: [INFO] Add SW45 footprint
13:27:47: [INFO] Add D45 footprint
13:27:47: [INFO] Add SW46 footprint
13:27:47: [INFO] Add D46 footprint
13:27:47: [INFO] Add SW47 footprint
13:27:47: [INFO] Add D47 footprint
13:27:47: [INFO] Add SW48 footprint
13:27:47: [INFO] Add D48 footprint
13:27:47: [INFO] Add SW49 footprint
13:27:47: [INFO] Add D49 footprint
13:27:47: [INFO] Add SW50 footprint
13:27:47: [INFO] Add D50 footprint
13:27:48: [INFO] Add SW51 footprint
13:27:48: [INFO] Add D51 footprint
13:27:48: [INFO] Add SW52 footprint
13:27:48: [INFO] Add D52 footprint
13:27:48: [INFO] Add SW53 footprint
13:27:48: [INFO] Add D53 footprint
13:27:48: [INFO] Add SW54 footprint
13:27:48: [INFO] Add D54 footprint
13:27:48: [INFO] Add SW55 footprint
13:27:48: [INFO] Add D55 footprint
13:27:48: [INFO] Add SW56 footprint
13:27:48: [INFO] Add D56 footprint
13:27:48: [INFO] Add SW57 footprint
13:27:48: [INFO] Add D57 footprint
13:27:48: [INFO] Add SW58 footprint
13:27:48: [INFO] Add D58 footprint
13:27:48: [INFO] Add SW59 footprint
13:27:48: [INFO] Add D59 footprint
13:27:48: [INFO] Add SW60 footprint
13:27:48: [INFO] Add D60 footprint
13:27:48: [WARNING] No stabilizer footprint for width 2.25u, using 2u as fallback
13:27:48: [INFO] Add ST60 footprint
13:27:48: [INFO] Add SW60a footprint
13:27:48: [INFO] Add ST60a footprint
13:27:48: [INFO] Add SW61 footprint
13:27:48: [INFO] Add D61 footprint
13:27:48: [INFO] Add SW62 footprint
13:27:48: [INFO] Add D62 footprint
13:27:48: [WARNING] No stabilizer footprint for width 2.25u, using 2u as fallback
13:27:48: [INFO] Add ST62 footprint
13:27:48: [INFO] Add SW62a footprint
13:27:48: [INFO] Add SW63 footprint
13:27:48: [INFO] Add D63 footprint
13:27:48: [INFO] Add SW64 footprint
13:27:48: [INFO] Add D64 footprint
13:27:48: [INFO] Add SW65 footprint
13:27:48: [INFO] Add D65 footprint
13:27:48: [INFO] Add SW66 footprint
13:27:48: [INFO] Add D66 footprint
13:27:48: [INFO] Add SW67 footprint
13:27:48: [INFO] Add D67 footprint
13:27:49: [INFO] Add SW68 footprint
13:27:49: [INFO] Add D68 footprint
13:27:49: [INFO] Add SW68a footprint
13:27:49: [WARNING] No stabilizer footprint for width 2.75u, using 2u as fallback
13:27:49: [INFO] Add ST68a footprint
13:27:49: [INFO] Add SW69 footprint
13:27:49: [INFO] Add D69 footprint
13:27:49: [INFO] Add SW70 footprint
13:27:49: [INFO] Add D70 footprint
13:27:49: [INFO] Add SW71 footprint
13:27:49: [INFO] Add D71 footprint
13:27:49: [INFO] Add SW72 footprint
13:27:49: [INFO] Add D72 footprint
13:27:49: [INFO] Add SW73 footprint
13:27:49: [INFO] Add D73 footprint
13:27:49: [INFO] Add SW74 footprint
13:27:49: [INFO] Add D74 footprint
13:27:49: [INFO] Add SW75 footprint
13:27:49: [INFO] Add D75 footprint
13:27:49: [INFO] Add SW76 footprint
13:27:49: [INFO] Add D76 footprint
13:27:49: [INFO] Add SW77 footprint
13:27:49: [INFO] Add D77 footprint
13:27:49: [INFO] Add SW77a footprint
13:27:49: [INFO] Add SW78 footprint
13:27:49: [INFO] Add D78 footprint
13:27:49: [INFO] Add SW78a footprint
13:27:49: [INFO] Add SW79 footprint
13:27:49: [INFO] Add D79 footprint
13:27:49: [INFO] Add ST79 footprint
13:27:49: [INFO] Add SW79a footprint
13:27:49: [INFO] Add ST79a footprint
13:27:49: [INFO] Add SW80 footprint
13:27:49: [INFO] Add D80 footprint
13:27:49: [INFO] Add SW80a footprint
13:27:49: [INFO] Add SW81 footprint
13:27:49: [INFO] Add D81 footprint
13:27:49: [INFO] Add SW82 footprint
13:27:49: [INFO] Add D82 footprint
13:27:49: [INFO] Add SW82a footprint
13:27:50: [INFO] Add SW83 footprint
13:27:50: [INFO] Add D83 footprint
13:27:50: [INFO] Add SW84 footprint
13:27:50: [INFO] Add D84 footprint
13:27:50: [INFO] Add SW84a footprint
13:27:50: [INFO] Add SW84b footprint
13:27:50: [INFO] Add SW85 footprint
13:27:50: [INFO] Add D85 footprint
13:27:50: [INFO] Add SW86 footprint
13:27:50: [INFO] Add D86 footprint
13:27:50: [INFO] Detected layout convertible to matrix annotated keyboard
13:27:50: [INFO] Using key 1U distance: (19.05, 19.05) mm
13:27:50: [INFO] Layout offset: (38100000, 23812500)
13:27:50: [INFO] Diode info: [ElementInfo(annotation_format='D{}', position_option=<PositionOption.CUSTOM: 'Custom'>, position=ElementPosition(x=5.08, y=4.0, orientation=90.0, side=<Side.BACK: 'Back'>), template_path='', start_index=-1)]
13:27:50: [INFO] Placing additional elements for SW86
13:27:50: [INFO] Placing additional elements for SW85
13:27:50: [INFO] Placing additional elements for SW84b
13:27:50: [INFO] Placing additional elements for SW84a
13:27:50: [INFO] Placing additional elements for SW84
13:27:50: [INFO] Placing additional elements for SW83
13:27:50: [INFO] Placing additional elements for SW82a
13:27:50: [INFO] Placing additional elements for SW82
13:27:50: [INFO] Placing additional elements for SW81
13:27:50: [INFO] Placing additional elements for SW80a
13:27:50: [INFO] Placing additional elements for SW80
13:27:50: [INFO] Placing additional elements for SW79a
13:27:50: [INFO] Placing additional elements for SW79
13:27:50: [INFO] Placing additional elements for SW78a
13:27:50: [INFO] Placing additional elements for SW78
13:27:50: [INFO] Placing additional elements for SW77a
13:27:50: [INFO] Placing additional elements for SW77
13:27:50: [INFO] Placing additional elements for SW76
13:27:50: [INFO] Placing additional elements for SW75
13:27:50: [INFO] Placing additional elements for SW74
13:27:50: [INFO] Placing additional elements for SW73
13:27:50: [INFO] Placing additional elements for SW72
13:27:50: [INFO] Placing additional elements for SW71
13:27:50: [INFO] Placing additional elements for SW70
13:27:50: [INFO] Placing additional elements for SW69
13:27:50: [INFO] Placing additional elements for SW68a
13:27:50: [INFO] Placing additional elements for SW68
13:27:50: [INFO] Placing additional elements for SW67
13:27:50: [INFO] Placing additional elements for SW66
13:27:50: [INFO] Placing additional elements for SW65
13:27:50: [INFO] Placing additional elements for SW64
13:27:50: [INFO] Placing additional elements for SW63
13:27:50: [INFO] Placing additional elements for SW62a
13:27:50: [INFO] Placing additional elements for SW62
13:27:50: [INFO] Placing additional elements for SW61
13:27:50: [INFO] Placing additional elements for SW60a
13:27:50: [INFO] Placing additional elements for SW60
13:27:50: [INFO] Placing additional elements for SW59
13:27:50: [INFO] Placing additional elements for SW58
13:27:50: [INFO] Placing additional elements for SW57
13:27:50: [INFO] Placing additional elements for SW56
13:27:50: [INFO] Placing additional elements for SW55
13:27:50: [INFO] Placing additional elements for SW54
13:27:50: [INFO] Placing additional elements for SW53
13:27:50: [INFO] Placing additional elements for SW52
13:27:50: [INFO] Placing additional elements for SW51
13:27:50: [INFO] Placing additional elements for SW50
13:27:50: [INFO] Placing additional elements for SW49
13:27:50: [INFO] Placing additional elements for SW48
13:27:50: [INFO] Placing additional elements for SW47
13:27:50: [INFO] Placing additional elements for SW46
13:27:50: [INFO] Placing additional elements for SW45
13:27:50: [INFO] Placing additional elements for SW44
13:27:50: [INFO] Placing additional elements for SW43
13:27:50: [INFO] Placing additional elements for SW42
13:27:50: [INFO] Placing additional elements for SW41
13:27:50: [INFO] Placing additional elements for SW40a
13:27:50: [INFO] Placing additional elements for SW40
13:27:50: [INFO] Placing additional elements for SW39
13:27:50: [INFO] Placing additional elements for SW38
13:27:50: [INFO] Placing additional elements for SW37
13:27:50: [INFO] Placing additional elements for SW36
13:27:50: [INFO] Placing additional elements for SW35
13:27:50: [INFO] Placing additional elements for SW34
13:27:50: [INFO] Placing additional elements for SW33
13:27:50: [INFO] Placing additional elements for SW32
13:27:50: [INFO] Placing additional elements for SW31a
13:27:50: [INFO] Placing additional elements for SW31
13:27:50: [INFO] Placing additional elements for SW30
13:27:50: [INFO] Placing additional elements for SW29
13:27:50: [INFO] Placing additional elements for SW28
13:27:50: [INFO] Placing additional elements for SW27
13:27:50: [INFO] Placing additional elements for SW26
13:27:50: [INFO] Placing additional elements for SW25
13:27:50: [INFO] Placing additional elements for SW24
13:27:50: [INFO] Placing additional elements for SW23
13:27:50: [INFO] Placing additional elements for SW22
13:27:50: [INFO] Placing additional elements for SW21
13:27:50: [INFO] Placing additional elements for SW20
13:27:50: [INFO] Placing additional elements for SW19
13:27:50: [INFO] Placing additional elements for SW18
13:27:50: [INFO] Placing additional elements for SW17
13:27:50: [INFO] Placing additional elements for SW16
13:27:50: [INFO] Placing additional elements for SW15a
13:27:50: [INFO] Placing additional elements for SW15
13:27:50: [INFO] Placing additional elements for SW14a
13:27:50: [INFO] Placing additional elements for SW14
13:27:50: [INFO] Placing additional elements for SW13
13:27:50: [INFO] Placing additional elements for SW12
13:27:50: [INFO] Placing additional elements for SW11
13:27:50: [INFO] Placing additional elements for SW10a
13:27:50: [INFO] Placing additional elements for SW10
13:27:50: [INFO] Placing additional elements for SW9a
13:27:50: [INFO] Placing additional elements for SW9
13:27:50: [INFO] Placing additional elements for SW8
13:27:50: [INFO] Placing additional elements for SW7a
13:27:50: [INFO] Placing additional elements for SW7
13:27:50: [INFO] Placing additional elements for SW6a
13:27:50: [INFO] Placing additional elements for SW6
13:27:50: [INFO] Placing additional elements for SW5
13:27:50: [INFO] Placing additional elements for SW4
13:27:50: [INFO] Placing additional elements for SW3a
13:27:50: [INFO] Placing additional elements for SW3
13:27:50: [INFO] Placing additional elements for SW2a
13:27:50: [INFO] Placing additional elements for SW2
13:27:50: [INFO] Placing additional elements for SW1
13:27:50: [INFO] Routing SW86 with D86
13:27:50: [INFO] Using internal autorouter method
13:27:50: [INFO] Routing pad 'SW86:2' at (383540000, 147320000) with pad 'D86:2' at (386080000, 155000000) using coordinate system rotated by 0 degree(s)
13:27:50: [INFO] Adding track segment (B.Cu): [(383540000, 147320000), (383540000, 152460000)]
13:27:50: [INFO] Adding track segment (B.Cu): [(383540000, 152460000), (386080000, 155000000)]
13:27:50: [INFO] Routing SW85 with D85
13:27:50: [INFO] Using internal autorouter method
13:27:50: [INFO] Routing pad 'SW85:2' at (345440000, 147320000) with pad 'D85:2' at (347980000, 155000000) using coordinate system rotated by 0 degree(s)
13:27:50: [INFO] Adding track segment (B.Cu): [(345440000, 147320000), (345440000, 152460000)]
13:27:50: [INFO] Adding track segment (B.Cu): [(345440000, 152460000), (347980000, 155000000)]
13:27:50: [INFO] Routing SW84b with D84
13:27:50: [INFO] Using internal autorouter method
13:27:50: [INFO] Routing pad 'SW84b:2' at (312102500, 147320000) with pad 'D84:2' at (309880000, 155000000) using coordinate system rotated by 0 degree(s)
13:27:50: [INFO] Routing SW84a with D84
13:27:50: [INFO] Using internal autorouter method
13:27:50: [INFO] Routing pad 'SW84a:2' at (314483750, 147320000) with pad 'D84:2' at (309880000, 155000000) using coordinate system rotated by 0 degree(s)
13:27:50: [INFO] Routing SW84 with D84
13:27:50: [INFO] Using internal autorouter method
13:27:50: [INFO] Routing pad 'SW84:2' at (307340000, 147320000) with pad 'D84:2' at (309880000, 155000000) using coordinate system rotated by 0 degree(s)
13:27:50: [INFO] Routing SW83 with D83
13:27:50: [INFO] Using internal autorouter method
13:27:50: [INFO] Routing pad 'SW83:2' at (123983750, 147320000) with pad 'D83:2' at (126523750, 155000000) using coordinate system rotated by 0 degree(s)
13:27:50: [INFO] Adding track segment (B.Cu): [(123983750, 147320000), (123983750, 152460000)]
13:27:50: [INFO] Adding track segment (B.Cu): [(123983750, 152460000), (126523750, 155000000)]
13:27:50: [INFO] Routing SW82a with D82
13:27:50: [INFO] Using internal autorouter method
13:27:50: [INFO] Routing pad 'SW82a:2' at (359727500, 147320000) with pad 'D82:2' at (367030000, 155000000) using coordinate system rotated by 0 degree(s)
13:27:50: [INFO] Routing SW82 with D82
13:27:50: [INFO] Using internal autorouter method
13:27:50: [INFO] Routing pad 'SW82:2' at (364490000, 147320000) with pad 'D82:2' at (367030000, 155000000) using coordinate system rotated by 0 degree(s)
13:27:50: [INFO] Adding track segment (B.Cu): [(364490000, 147320000), (364490000, 152460000)]
13:27:50: [INFO] Adding track segment (B.Cu): [(364490000, 152460000), (367030000, 155000000)]
13:27:50: [INFO] Routing SW81 with D81
13:27:50: [INFO] Using internal autorouter method
13:27:50: [INFO] Routing pad 'SW81:2' at (326390000, 147320000) with pad 'D81:2' at (328930000, 155000000) using coordinate system rotated by 0 degree(s)
13:27:50: [INFO] Adding track segment (B.Cu): [(326390000, 147320000), (326390000, 152460000)]
13:27:50: [INFO] Adding track segment (B.Cu): [(326390000, 152460000), (328930000, 155000000)]
13:27:50: [INFO] Routing SW80a with D80
13:27:50: [INFO] Using internal autorouter method
13:27:50: [INFO] Routing pad 'SW80a:2' at (290671250, 147320000) with pad 'D80:2' at (290830000, 155000000) using coordinate system rotated by 0 degree(s)
13:27:50: [INFO] Routing SW80 with D80
13:27:50: [INFO] Using internal autorouter method
13:27:50: [INFO] Routing pad 'SW80:2' at (288290000, 147320000) with pad 'D80:2' at (290830000, 155000000) using coordinate system rotated by 0 degree(s)
13:27:50: [INFO] Routing SW79a with D79
13:27:50: [INFO] Using internal autorouter method
13:27:50: [INFO] Routing pad 'SW79a:2' at (231140000, 147320000) with pad 'D79:2' at (221773750, 155000000) using coordinate system rotated by 0 degree(s)
13:27:50: [INFO] Routing SW79 with D79
13:27:50: [INFO] Using internal autorouter method
13:27:50: [INFO] Routing pad 'SW79:2' at (219233750, 147320000) with pad 'D79:2' at (221773750, 155000000) using coordinate system rotated by 0 degree(s)
13:27:50: [INFO] Adding track segment (B.Cu): [(219233750, 147320000), (219233750, 152460000)]
13:27:50: [INFO] Adding track segment (B.Cu): [(219233750, 152460000), (221773750, 155000000)]
13:27:50: [INFO] Routing SW78a with D78
13:27:50: [INFO] Using internal autorouter method
13:27:50: [INFO] Routing pad 'SW78a:2' at (150177500, 147320000) with pad 'D78:2' at (150336250, 155000000) using coordinate system rotated by 0 degree(s)
13:27:50: [INFO] Routing SW78 with D78
13:27:50: [INFO] Using internal autorouter method
13:27:50: [INFO] Routing pad 'SW78:2' at (147796250, 147320000) with pad 'D78:2' at (150336250, 155000000) using coordinate system rotated by 0 degree(s)
13:27:50: [INFO] Routing SW77a with D77
13:27:50: [INFO] Using internal autorouter method
13:27:50: [INFO] Routing pad 'SW77a:2' at (102552500, 147320000) with pad 'D77:2' at (102711250, 155000000) using coordinate system rotated by 0 degree(s)
13:27:50: [INFO] Routing SW77 with D77
13:27:50: [INFO] Using internal autorouter method
13:27:50: [INFO] Routing pad 'SW77:2' at (100171250, 147320000) with pad 'D77:2' at (102711250, 155000000) using coordinate system rotated by 0 degree(s)
13:27:50: [INFO] Routing SW76 with D76
13:27:50: [INFO] Using internal autorouter method
13:27:50: [INFO] Routing pad 'SW76:2' at (383540000, 128270000) with pad 'D76:2' at (386080000, 135950000) using coordinate system rotated by 0 degree(s)
13:27:50: [INFO] Adding track segment (B.Cu): [(383540000, 128270000), (383540000, 133410000)]
13:27:50: [INFO] Adding track segment (B.Cu): [(383540000, 133410000), (386080000, 135950000)]
13:27:50: [INFO] Routing SW75 with D75
13:27:50: [INFO] Using internal autorouter method
13:27:50: [INFO] Routing pad 'SW75:2' at (312102500, 128270000) with pad 'D75:2' at (314642500, 135950000) using coordinate system rotated by 0 degree(s)
13:27:50: [INFO] Adding track segment (B.Cu): [(312102500, 128270000), (312102500, 133410000)]
13:27:50: [INFO] Adding track segment (B.Cu): [(312102500, 133410000), (314642500, 135950000)]
13:27:50: [INFO] Routing SW74 with D74
13:27:50: [INFO] Using internal autorouter method
13:27:50: [INFO] Routing pad 'SW74:2' at (274002500, 128270000) with pad 'D74:2' at (276542500, 135950000) using coordinate system rotated by 0 degree(s)
13:27:50: [INFO] Adding track segment (B.Cu): [(274002500, 128270000), (274002500, 133410000)]
13:27:50: [INFO] Adding track segment (B.Cu): [(274002500, 133410000), (276542500, 135950000)]
13:27:50: [INFO] Routing SW73 with D73
13:27:50: [INFO] Using internal autorouter method
13:27:50: [INFO] Routing pad 'SW73:2' at (235902500, 128270000) with pad 'D73:2' at (238442500, 135950000) using coordinate system rotated by 0 degree(s)
13:27:50: [INFO] Adding track segment (B.Cu): [(235902500, 128270000), (235902500, 133410000)]
13:27:50: [INFO] Adding track segment (B.Cu): [(235902500, 133410000), (238442500, 135950000)]
13:27:50: [INFO] Routing SW72 with D72
13:27:50: [INFO] Using internal autorouter method
13:27:50: [INFO] Routing pad 'SW72:2' at (197802500, 128270000) with pad 'D72:2' at (200342500, 135950000) using coordinate system rotated by 0 degree(s)
13:27:50: [INFO] Adding track segment (B.Cu): [(197802500, 128270000), (197802500, 133410000)]
13:27:50: [INFO] Adding track segment (B.Cu): [(197802500, 133410000), (200342500, 135950000)]
13:27:50: [INFO] Routing SW71 with D71
13:27:50: [INFO] Using internal autorouter method
13:27:50: [INFO] Routing pad 'SW71:2' at (159702500, 128270000) with pad 'D71:2' at (162242500, 135950000) using coordinate system rotated by 0 degree(s)
13:27:50: [INFO] Adding track segment (B.Cu): [(159702500, 128270000), (159702500, 133410000)]
13:27:50: [INFO] Adding track segment (B.Cu): [(159702500, 133410000), (162242500, 135950000)]
13:27:50: [INFO] Routing SW70 with D70
13:27:50: [INFO] Using internal autorouter method
13:27:50: [INFO] Routing pad 'SW70:2' at (121602500, 128270000) with pad 'D70:2' at (124142500, 135950000) using coordinate system rotated by 0 degree(s)
13:27:50: [INFO] Adding track segment (B.Cu): [(121602500, 128270000), (121602500, 133410000)]
13:27:50: [INFO] Adding track segment (B.Cu): [(121602500, 133410000), (124142500, 135950000)]
13:27:50: [INFO] Routing SW69 with D69
13:27:50: [INFO] Using internal autorouter method
13:27:50: [INFO] Routing pad 'SW69:2' at (364490000, 128270000) with pad 'D69:2' at (367030000, 135950000) using coordinate system rotated by 0 degree(s)
13:27:50: [INFO] Adding track segment (B.Cu): [(364490000, 128270000), (364490000, 133410000)]
13:27:50: [INFO] Adding track segment (B.Cu): [(364490000, 133410000), (367030000, 135950000)]
13:27:50: [INFO] Routing SW68a with D68
13:27:50: [INFO] Using internal autorouter method
13:27:50: [INFO] Routing pad 'SW68a:2' at (347821250, 128270000) with pad 'D68:2' at (340836250, 135950000) using coordinate system rotated by 0 degree(s)
13:27:50: [INFO] Routing SW68 with D68
13:27:50: [INFO] Using internal autorouter method
13:27:50: [INFO] Routing pad 'SW68:2' at (338296250, 128270000) with pad 'D68:2' at (340836250, 135950000) using coordinate system rotated by 0 degree(s)
13:27:50: [INFO] Adding track segment (B.Cu): [(338296250, 128270000), (338296250, 133410000)]
13:27:50: [INFO] Adding track segment (B.Cu): [(338296250, 133410000), (340836250, 135950000)]
13:27:50: [INFO] Routing SW67 with D67
13:27:50: [INFO] Using internal autorouter method
13:27:50: [INFO] Routing pad 'SW67:2' at (293052500, 128270000) with pad 'D67:2' at (295592500, 135950000) using coordinate system rotated by 0 degree(s)
13:27:50: [INFO] Adding track segment (B.Cu): [(293052500, 128270000), (293052500, 133410000)]
13:27:50: [INFO] Adding track segment (B.Cu): [(293052500, 133410000), (295592500, 135950000)]
13:27:50: [INFO] Routing SW66 with D66
13:27:50: [INFO] Using internal autorouter method
13:27:50: [INFO] Routing pad 'SW66:2' at (254952500, 128270000) with pad 'D66:2' at (257492500, 135950000) using coordinate system rotated by 0 degree(s)
13:27:50: [INFO] Adding track segment (B.Cu): [(254952500, 128270000), (254952500, 133410000)]
13:27:50: [INFO] Adding track segment (B.Cu): [(254952500, 133410000), (257492500, 135950000)]
13:27:50: [INFO] Routing SW65 with D65
13:27:50: [INFO] Using internal autorouter method
13:27:50: [INFO] Routing pad 'SW65:2' at (216852500, 128270000) with pad 'D65:2' at (219392500, 135950000) using coordinate system rotated by 0 degree(s)
13:27:50: [INFO] Adding track segment (B.Cu): [(216852500, 128270000), (216852500, 133410000)]
13:27:50: [INFO] Adding track segment (B.Cu): [(216852500, 133410000), (219392500, 135950000)]
13:27:50: [INFO] Routing SW64 with D64
13:27:50: [INFO] Using internal autorouter method
13:27:50: [INFO] Routing pad 'SW64:2' at (178752500, 128270000) with pad 'D64:2' at (181292500, 135950000) using coordinate system rotated by 0 degree(s)
13:27:50: [INFO] Adding track segment (B.Cu): [(178752500, 128270000), (178752500, 133410000)]
13:27:50: [INFO] Adding track segment (B.Cu): [(178752500, 133410000), (181292500, 135950000)]
13:27:50: [INFO] Routing SW63 with D63
13:27:50: [INFO] Using internal autorouter method
13:27:50: [INFO] Routing pad 'SW63:2' at (140652500, 128270000) with pad 'D63:2' at (143192500, 135950000) using coordinate system rotated by 0 degree(s)
13:27:50: [INFO] Adding track segment (B.Cu): [(140652500, 128270000), (140652500, 133410000)]
13:27:50: [INFO] Adding track segment (B.Cu): [(140652500, 133410000), (143192500, 135950000)]
13:27:50: [INFO] Routing SW62a with D62
13:27:50: [INFO] Using internal autorouter method
13:27:50: [INFO] Routing pad 'SW62a:2' at (100171250, 128270000) with pad 'D62:2' at (112236250, 135950000) using coordinate system rotated by 0 degree(s)
13:27:50: [INFO] Routing SW62 with D62
13:27:50: [INFO] Using internal autorouter method
13:27:50: [INFO] Routing pad 'SW62:2' at (109696250, 128270000) with pad 'D62:2' at (112236250, 135950000) using coordinate system rotated by 0 degree(s)
13:27:50: [INFO] Adding track segment (B.Cu): [(109696250, 128270000), (109696250, 133410000)]
13:27:50: [INFO] Adding track segment (B.Cu): [(109696250, 133410000), (112236250, 135950000)]
13:27:51: [INFO] Routing SW61 with D61
13:27:51: [INFO] Using internal autorouter method
13:27:51: [INFO] Routing pad 'SW61:2' at (383540000, 109220000) with pad 'D61:2' at (386080000, 116900000) using coordinate system rotated by 0 degree(s)
13:27:51: [INFO] Adding track segment (B.Cu): [(383540000, 109220000), (383540000, 114360000)]
13:27:51: [INFO] Adding track segment (B.Cu): [(383540000, 114360000), (386080000, 116900000)]
13:27:51: [INFO] Routing SW60a with D60
13:27:51: [INFO] Using internal autorouter method
13:27:51: [INFO] Routing pad 'SW60a:2' at (362108750, 99695000) with pad 'D60:2' at (355123750, 116900000) using coordinate system rotated by 0 degree(s)
13:27:51: [INFO] Routing SW60 with D60
13:27:51: [INFO] Using internal autorouter method
13:27:51: [INFO] Routing pad 'SW60:2' at (352583750, 109220000) with pad 'D60:2' at (355123750, 116900000) using coordinate system rotated by 0 degree(s)
13:27:51: [INFO] Adding track segment (B.Cu): [(352583750, 109220000), (352583750, 114360000)]
13:27:51: [INFO] Adding track segment (B.Cu): [(352583750, 114360000), (355123750, 116900000)]
13:27:51: [INFO] Routing SW59 with D59
13:27:51: [INFO] Using internal autorouter method
13:27:51: [INFO] Routing pad 'SW59:2' at (321627500, 109220000) with pad 'D59:2' at (324167500, 116900000) using coordinate system rotated by 0 degree(s)
13:27:51: [INFO] Adding track segment (B.Cu): [(321627500, 109220000), (321627500, 114360000)]
13:27:51: [INFO] Adding track segment (B.Cu): [(321627500, 114360000), (324167500, 116900000)]
13:27:51: [INFO] Routing SW58 with D58
13:27:51: [INFO] Using internal autorouter method
13:27:51: [INFO] Routing pad 'SW58:2' at (283527500, 109220000) with pad 'D58:2' at (286067500, 116900000) using coordinate system rotated by 0 degree(s)
13:27:51: [INFO] Adding track segment (B.Cu): [(283527500, 109220000), (283527500, 114360000)]
13:27:51: [INFO] Adding track segment (B.Cu): [(283527500, 114360000), (286067500, 116900000)]
13:27:51: [INFO] Routing SW57 with D57
13:27:51: [INFO] Using internal autorouter method
13:27:51: [INFO] Routing pad 'SW57:2' at (245427500, 109220000) with pad 'D57:2' at (247967500, 116900000) using coordinate system rotated by 0 degree(s)
13:27:51: [INFO] Adding track segment (B.Cu): [(245427500, 109220000), (245427500, 114360000)]
13:27:51: [INFO] Adding track segment (B.Cu): [(245427500, 114360000), (247967500, 116900000)]
13:27:51: [INFO] Routing SW56 with D56
13:27:51: [INFO] Using internal autorouter method
13:27:51: [INFO] Routing pad 'SW56:2' at (207327500, 109220000) with pad 'D56:2' at (209867500, 116900000) using coordinate system rotated by 0 degree(s)
13:27:51: [INFO] Adding track segment (B.Cu): [(207327500, 109220000), (207327500, 114360000)]
13:27:51: [INFO] Adding track segment (B.Cu): [(207327500, 114360000), (209867500, 116900000)]
13:27:51: [INFO] Routing SW55 with D55
13:27:51: [INFO] Using internal autorouter method
13:27:51: [INFO] Routing pad 'SW55:2' at (169227500, 109220000) with pad 'D55:2' at (171767500, 116900000) using coordinate system rotated by 0 degree(s)
13:27:51: [INFO] Adding track segment (B.Cu): [(169227500, 109220000), (169227500, 114360000)]
13:27:51: [INFO] Adding track segment (B.Cu): [(169227500, 114360000), (171767500, 116900000)]
13:27:51: [INFO] Routing SW54 with D54
13:27:51: [INFO] Using internal autorouter method
13:27:51: [INFO] Routing pad 'SW54:2' at (131127500, 109220000) with pad 'D54:2' at (133667500, 116900000) using coordinate system rotated by 0 degree(s)
13:27:51: [INFO] Adding track segment (B.Cu): [(131127500, 109220000), (131127500, 114360000)]
13:27:51: [INFO] Adding track segment (B.Cu): [(131127500, 114360000), (133667500, 116900000)]
13:27:51: [INFO] Routing SW53 with D53
13:27:51: [INFO] Using internal autorouter method
13:27:51: [INFO] Routing pad 'SW53:2' at (302577500, 109220000) with pad 'D53:2' at (305117500, 116900000) using coordinate system rotated by 0 degree(s)
13:27:51: [INFO] Adding track segment (B.Cu): [(302577500, 109220000), (302577500, 114360000)]
13:27:51: [INFO] Adding track segment (B.Cu): [(302577500, 114360000), (305117500, 116900000)]
13:27:51: [INFO] Routing SW52 with D52
13:27:51: [INFO] Using internal autorouter method
13:27:51: [INFO] Routing pad 'SW52:2' at (264477500, 109220000) with pad 'D52:2' at (267017500, 116900000) using coordinate system rotated by 0 degree(s)
13:27:51: [INFO] Adding track segment (B.Cu): [(264477500, 109220000), (264477500, 114360000)]
13:27:51: [INFO] Adding track segment (B.Cu): [(264477500, 114360000), (267017500, 116900000)]
13:27:51: [INFO] Routing SW51 with D51
13:27:51: [INFO] Using internal autorouter method
13:27:51: [INFO] Routing pad 'SW51:2' at (226377500, 109220000) with pad 'D51:2' at (228917500, 116900000) using coordinate system rotated by 0 degree(s)
13:27:51: [INFO] Adding track segment (B.Cu): [(226377500, 109220000), (226377500, 114360000)]
13:27:51: [INFO] Adding track segment (B.Cu): [(226377500, 114360000), (228917500, 116900000)]
13:27:51: [INFO] Routing SW50 with D50
13:27:51: [INFO] Using internal autorouter method
13:27:51: [INFO] Routing pad 'SW50:2' at (188277500, 109220000) with pad 'D50:2' at (190817500, 116900000) using coordinate system rotated by 0 degree(s)
13:27:51: [INFO] Adding track segment (B.Cu): [(188277500, 109220000), (188277500, 114360000)]
13:27:51: [INFO] Adding track segment (B.Cu): [(188277500, 114360000), (190817500, 116900000)]
13:27:51: [INFO] Routing SW49 with D49
13:27:51: [INFO] Using internal autorouter method
13:27:51: [INFO] Routing pad 'SW49:2' at (150177500, 109220000) with pad 'D49:2' at (152717500, 116900000) using coordinate system rotated by 0 degree(s)
13:27:51: [INFO] Adding track segment (B.Cu): [(150177500, 109220000), (150177500, 114360000)]
13:27:51: [INFO] Adding track segment (B.Cu): [(150177500, 114360000), (152717500, 116900000)]
13:27:51: [INFO] Routing SW48 with D48
13:27:51: [INFO] Using internal autorouter method
13:27:51: [INFO] Routing pad 'SW48:2' at (104933750, 109220000) with pad 'D48:2' at (107473750, 116900000) using coordinate system rotated by 0 degree(s)
13:27:51: [INFO] Adding track segment (B.Cu): [(104933750, 109220000), (104933750, 114360000)]
13:27:51: [INFO] Adding track segment (B.Cu): [(104933750, 114360000), (107473750, 116900000)]
13:27:51: [INFO] Routing SW47 with D47
13:27:51: [INFO] Using internal autorouter method
13:27:51: [INFO] Routing pad 'SW47:2' at (383540000, 90170000) with pad 'D47:2' at (386080000, 97850000) using coordinate system rotated by 0 degree(s)
13:27:51: [INFO] Adding track segment (B.Cu): [(383540000, 90170000), (383540000, 95310000)]
13:27:51: [INFO] Adding track segment (B.Cu): [(383540000, 95310000), (386080000, 97850000)]
13:27:51: [INFO] Routing SW46 with D46
13:27:51: [INFO] Using internal autorouter method
13:27:51: [INFO] Routing pad 'SW46:2' at (316865000, 90170000) with pad 'D46:2' at (319405000, 97850000) using coordinate system rotated by 0 degree(s)
13:27:51: [INFO] Adding track segment (B.Cu): [(316865000, 90170000), (316865000, 95310000)]
13:27:51: [INFO] Adding track segment (B.Cu): [(316865000, 95310000), (319405000, 97850000)]
13:27:51: [INFO] Routing SW45 with D45
13:27:51: [INFO] Using internal autorouter method
13:27:51: [INFO] Routing pad 'SW45:2' at (278765000, 90170000) with pad 'D45:2' at (281305000, 97850000) using coordinate system rotated by 0 degree(s)
13:27:51: [INFO] Adding track segment (B.Cu): [(278765000, 90170000), (278765000, 95310000)]
13:27:51: [INFO] Adding track segment (B.Cu): [(278765000, 95310000), (281305000, 97850000)]
13:27:51: [INFO] Routing SW44 with D44
13:27:51: [INFO] Using internal autorouter method
13:27:51: [INFO] Routing pad 'SW44:2' at (240665000, 90170000) with pad 'D44:2' at (243205000, 97850000) using coordinate system rotated by 0 degree(s)
13:27:51: [INFO] Adding track segment (B.Cu): [(240665000, 90170000), (240665000, 95310000)]
13:27:51: [INFO] Adding track segment (B.Cu): [(240665000, 95310000), (243205000, 97850000)]
13:27:51: [INFO] Routing SW43 with D43
13:27:51: [INFO] Using internal autorouter method
13:27:51: [INFO] Routing pad 'SW43:2' at (202565000, 90170000) with pad 'D43:2' at (205105000, 97850000) using coordinate system rotated by 0 degree(s)
13:27:51: [INFO] Adding track segment (B.Cu): [(202565000, 90170000), (202565000, 95310000)]
13:27:51: [INFO] Adding track segment (B.Cu): [(202565000, 95310000), (205105000, 97850000)]
13:27:51: [INFO] Routing SW42 with D42
13:27:51: [INFO] Using internal autorouter method
13:27:51: [INFO] Routing pad 'SW42:2' at (164465000, 90170000) with pad 'D42:2' at (167005000, 97850000) using coordinate system rotated by 0 degree(s)
13:27:51: [INFO] Adding track segment (B.Cu): [(164465000, 90170000), (164465000, 95310000)]
13:27:51: [INFO] Adding track segment (B.Cu): [(164465000, 95310000), (167005000, 97850000)]
13:27:51: [INFO] Routing SW41 with D41
13:27:51: [INFO] Using internal autorouter method
13:27:51: [INFO] Routing pad 'SW41:2' at (126365000, 90170000) with pad 'D41:2' at (128905000, 97850000) using coordinate system rotated by 0 degree(s)
13:27:51: [INFO] Adding track segment (B.Cu): [(126365000, 90170000), (126365000, 95310000)]
13:27:51: [INFO] Adding track segment (B.Cu): [(126365000, 95310000), (128905000, 97850000)]
13:27:51: [INFO] Routing SW40a with D40
13:27:51: [INFO] Using internal autorouter method
13:27:51: [INFO] Routing pad 'SW40a:2' at (340677500, 109220000) with pad 'D40:2' at (362267500, 97850000) using coordinate system rotated by 0 degree(s)
13:27:51: [INFO] Adding track segment (B.Cu): [(340677500, 109220000), (352047500, 97850000)]
13:27:51: [INFO] Adding track segment (B.Cu): [(352047500, 97850000), (362267500, 97850000)]
13:27:51: [INFO] Routing SW40 with D40
13:27:51: [INFO] Using internal autorouter method
13:27:51: [INFO] Routing pad 'SW40:2' at (359727500, 90170000) with pad 'D40:2' at (362267500, 97850000) using coordinate system rotated by 0 degree(s)
13:27:51: [INFO] Adding track segment (B.Cu): [(359727500, 90170000), (359727500, 95310000)]
13:27:51: [INFO] Adding track segment (B.Cu): [(359727500, 95310000), (362267500, 97850000)]
13:27:51: [INFO] Routing SW39 with D39
13:27:51: [INFO] Using internal autorouter method
13:27:51: [INFO] Routing pad 'SW39:2' at (335915000, 90170000) with pad 'D39:2' at (338455000, 97850000) using coordinate system rotated by 0 degree(s)
13:27:51: [INFO] Adding track segment (B.Cu): [(335915000, 90170000), (335915000, 95310000)]
13:27:51: [INFO] Adding track segment (B.Cu): [(335915000, 95310000), (338455000, 97850000)]
13:27:51: [INFO] Routing SW38 with D38
13:27:51: [INFO] Using internal autorouter method
13:27:51: [INFO] Routing pad 'SW38:2' at (297815000, 90170000) with pad 'D38:2' at (300355000, 97850000) using coordinate system rotated by 0 degree(s)
13:27:51: [INFO] Adding track segment (B.Cu): [(297815000, 90170000), (297815000, 95310000)]
13:27:51: [INFO] Adding track segment (B.Cu): [(297815000, 95310000), (300355000, 97850000)]
13:27:51: [INFO] Routing SW37 with D37
13:27:51: [INFO] Using internal autorouter method
13:27:51: [INFO] Routing pad 'SW37:2' at (259715000, 90170000) with pad 'D37:2' at (262255000, 97850000) using coordinate system rotated by 0 degree(s)
13:27:51: [INFO] Adding track segment (B.Cu): [(259715000, 90170000), (259715000, 95310000)]
13:27:51: [INFO] Adding track segment (B.Cu): [(259715000, 95310000), (262255000, 97850000)]
13:27:51: [INFO] Routing SW36 with D36
13:27:51: [INFO] Using internal autorouter method
13:27:51: [INFO] Routing pad 'SW36:2' at (221615000, 90170000) with pad 'D36:2' at (224155000, 97850000) using coordinate system rotated by 0 degree(s)
13:27:51: [INFO] Adding track segment (B.Cu): [(221615000, 90170000), (221615000, 95310000)]
13:27:51: [INFO] Adding track segment (B.Cu): [(221615000, 95310000), (224155000, 97850000)]
13:27:51: [INFO] Routing SW35 with D35
13:27:51: [INFO] Using internal autorouter method
13:27:51: [INFO] Routing pad 'SW35:2' at (183515000, 90170000) with pad 'D35:2' at (186055000, 97850000) using coordinate system rotated by 0 degree(s)
13:27:51: [INFO] Adding track segment (B.Cu): [(183515000, 90170000), (183515000, 95310000)]
13:27:51: [INFO] Adding track segment (B.Cu): [(183515000, 95310000), (186055000, 97850000)]
13:27:51: [INFO] Routing SW34 with D34
13:27:51: [INFO] Using internal autorouter method
13:27:51: [INFO] Routing pad 'SW34:2' at (145415000, 90170000) with pad 'D34:2' at (147955000, 97850000) using coordinate system rotated by 0 degree(s)
13:27:51: [INFO] Adding track segment (B.Cu): [(145415000, 90170000), (145415000, 95310000)]
13:27:51: [INFO] Adding track segment (B.Cu): [(145415000, 95310000), (147955000, 97850000)]
13:27:51: [INFO] Routing SW33 with D33
13:27:51: [INFO] Using internal autorouter method
13:27:51: [INFO] Routing pad 'SW33:2' at (102552500, 90170000) with pad 'D33:2' at (105092500, 97850000) using coordinate system rotated by 0 degree(s)
13:27:51: [INFO] Adding track segment (B.Cu): [(102552500, 90170000), (102552500, 95310000)]
13:27:51: [INFO] Adding track segment (B.Cu): [(102552500, 95310000), (105092500, 97850000)]
13:27:51: [INFO] Routing SW32 with D32
13:27:51: [INFO] Using internal autorouter method
13:27:51: [INFO] Routing pad 'SW32:2' at (383540000, 71120000) with pad 'D32:2' at (386080000, 78800000) using coordinate system rotated by 0 degree(s)
13:27:51: [INFO] Adding track segment (B.Cu): [(383540000, 71120000), (383540000, 76260000)]
13:27:51: [INFO] Adding track segment (B.Cu): [(383540000, 76260000), (386080000, 78800000)]
13:27:51: [INFO] Routing SW31a with D31
13:27:51: [INFO] Using internal autorouter method
13:27:51: [INFO] Routing pad 'SW31a:2' at (345440000, 71120000) with pad 'D31:2' at (357505000, 78800000) using coordinate system rotated by 0 degree(s)
13:27:51: [INFO] Routing SW31 with D31
13:27:51: [INFO] Using internal autorouter method
13:27:51: [INFO] Routing pad 'SW31:2' at (354965000, 71120000) with pad 'D31:2' at (357505000, 78800000) using coordinate system rotated by 0 degree(s)
13:27:51: [INFO] Adding track segment (B.Cu): [(354965000, 71120000), (354965000, 76260000)]
13:27:51: [INFO] Adding track segment (B.Cu): [(354965000, 76260000), (357505000, 78800000)]
13:27:51: [INFO] Routing SW30 with D30
13:27:51: [INFO] Using internal autorouter method
13:27:51: [INFO] Routing pad 'SW30:2' at (307340000, 71120000) with pad 'D30:2' at (309880000, 78800000) using coordinate system rotated by 0 degree(s)
13:27:51: [INFO] Adding track segment (B.Cu): [(307340000, 71120000), (307340000, 76260000)]
13:27:51: [INFO] Adding track segment (B.Cu): [(307340000, 76260000), (309880000, 78800000)]
13:27:51: [INFO] Routing SW29 with D29
13:27:51: [INFO] Using internal autorouter method
13:27:51: [INFO] Routing pad 'SW29:2' at (269240000, 71120000) with pad 'D29:2' at (271780000, 78800000) using coordinate system rotated by 0 degree(s)
13:27:51: [INFO] Adding track segment (B.Cu): [(269240000, 71120000), (269240000, 76260000)]
13:27:51: [INFO] Adding track segment (B.Cu): [(269240000, 76260000), (271780000, 78800000)]
13:27:51: [INFO] Routing SW28 with D28
13:27:51: [INFO] Using internal autorouter method
13:27:51: [INFO] Routing pad 'SW28:2' at (231140000, 71120000) with pad 'D28:2' at (233680000, 78800000) using coordinate system rotated by 0 degree(s)
13:27:51: [INFO] Adding track segment (B.Cu): [(231140000, 71120000), (231140000, 76260000)]
13:27:51: [INFO] Adding track segment (B.Cu): [(231140000, 76260000), (233680000, 78800000)]
13:27:51: [INFO] Routing SW27 with D27
13:27:51: [INFO] Using internal autorouter method
13:27:51: [INFO] Routing pad 'SW27:2' at (193040000, 71120000) with pad 'D27:2' at (195580000, 78800000) using coordinate system rotated by 0 degree(s)
13:27:51: [INFO] Adding track segment (B.Cu): [(193040000, 71120000), (193040000, 76260000)]
13:27:51: [INFO] Adding track segment (B.Cu): [(193040000, 76260000), (195580000, 78800000)]
13:27:51: [INFO] Routing SW26 with D26
13:27:51: [INFO] Using internal autorouter method
13:27:51: [INFO] Routing pad 'SW26:2' at (154940000, 71120000) with pad 'D26:2' at (157480000, 78800000) using coordinate system rotated by 0 degree(s)
13:27:51: [INFO] Adding track segment (B.Cu): [(154940000, 71120000), (154940000, 76260000)]
13:27:51: [INFO] Adding track segment (B.Cu): [(154940000, 76260000), (157480000, 78800000)]
13:27:51: [INFO] Routing SW25 with D25
13:27:51: [INFO] Using internal autorouter method
13:27:51: [INFO] Routing pad 'SW25:2' at (116840000, 71120000) with pad 'D25:2' at (119380000, 78800000) using coordinate system rotated by 0 degree(s)
13:27:51: [INFO] Adding track segment (B.Cu): [(116840000, 71120000), (116840000, 76260000)]
13:27:51: [INFO] Adding track segment (B.Cu): [(116840000, 76260000), (119380000, 78800000)]
13:27:51: [INFO] Routing SW24 with D24
13:27:51: [INFO] Using internal autorouter method
13:27:51: [INFO] Routing pad 'SW24:2' at (364490000, 71120000) with pad 'D24:2' at (367030000, 78800000) using coordinate system rotated by 0 degree(s)
13:27:51: [INFO] Adding track segment (B.Cu): [(364490000, 71120000), (364490000, 76260000)]
13:27:51: [INFO] Adding track segment (B.Cu): [(364490000, 76260000), (367030000, 78800000)]
13:27:51: [INFO] Routing SW23 with D23
13:27:51: [INFO] Using internal autorouter method
13:27:51: [INFO] Routing pad 'SW23:2' at (326390000, 71120000) with pad 'D23:2' at (328930000, 78800000) using coordinate system rotated by 0 degree(s)
13:27:51: [INFO] Adding track segment (B.Cu): [(326390000, 71120000), (326390000, 76260000)]
13:27:51: [INFO] Adding track segment (B.Cu): [(326390000, 76260000), (328930000, 78800000)]
13:27:51: [INFO] Routing SW22 with D22
13:27:51: [INFO] Using internal autorouter method
13:27:51: [INFO] Routing pad 'SW22:2' at (288290000, 71120000) with pad 'D22:2' at (290830000, 78800000) using coordinate system rotated by 0 degree(s)
13:27:51: [INFO] Adding track segment (B.Cu): [(288290000, 71120000), (288290000, 76260000)]
13:27:51: [INFO] Adding track segment (B.Cu): [(288290000, 76260000), (290830000, 78800000)]
13:27:51: [INFO] Routing SW21 with D21
13:27:51: [INFO] Using internal autorouter method
13:27:51: [INFO] Routing pad 'SW21:2' at (250190000, 71120000) with pad 'D21:2' at (252730000, 78800000) using coordinate system rotated by 0 degree(s)
13:27:51: [INFO] Adding track segment (B.Cu): [(250190000, 71120000), (250190000, 76260000)]
13:27:51: [INFO] Adding track segment (B.Cu): [(250190000, 76260000), (252730000, 78800000)]
13:27:51: [INFO] Routing SW20 with D20
13:27:51: [INFO] Using internal autorouter method
13:27:51: [INFO] Routing pad 'SW20:2' at (212090000, 71120000) with pad 'D20:2' at (214630000, 78800000) using coordinate system rotated by 0 degree(s)
13:27:51: [INFO] Adding track segment (B.Cu): [(212090000, 71120000), (212090000, 76260000)]
13:27:51: [INFO] Adding track segment (B.Cu): [(212090000, 76260000), (214630000, 78800000)]
13:27:52: [INFO] Routing SW19 with D19
13:27:52: [INFO] Using internal autorouter method
13:27:52: [INFO] Routing pad 'SW19:2' at (173990000, 71120000) with pad 'D19:2' at (176530000, 78800000) using coordinate system rotated by 0 degree(s)
13:27:52: [INFO] Adding track segment (B.Cu): [(173990000, 71120000), (173990000, 76260000)]
13:27:52: [INFO] Adding track segment (B.Cu): [(173990000, 76260000), (176530000, 78800000)]
13:27:52: [INFO] Routing SW18 with D18
13:27:52: [INFO] Using internal autorouter method
13:27:52: [INFO] Routing pad 'SW18:2' at (135890000, 71120000) with pad 'D18:2' at (138430000, 78800000) using coordinate system rotated by 0 degree(s)
13:27:52: [INFO] Adding track segment (B.Cu): [(135890000, 71120000), (135890000, 76260000)]
13:27:52: [INFO] Adding track segment (B.Cu): [(135890000, 76260000), (138430000, 78800000)]
13:27:52: [INFO] Routing SW17 with D17
13:27:52: [INFO] Using internal autorouter method
13:27:52: [INFO] Routing pad 'SW17:2' at (97790000, 71120000) with pad 'D17:2' at (100330000, 78800000) using coordinate system rotated by 0 degree(s)
13:27:52: [INFO] Adding track segment (B.Cu): [(97790000, 71120000), (97790000, 76260000)]
13:27:52: [INFO] Adding track segment (B.Cu): [(97790000, 76260000), (100330000, 78800000)]
13:27:52: [INFO] Routing SW16 with D16
13:27:52: [INFO] Using internal autorouter method
13:27:52: [INFO] Routing pad 'SW16:2' at (383540000, 52070000) with pad 'D16:2' at (386080000, 59750000) using coordinate system rotated by 0 degree(s)
13:27:52: [INFO] Adding track segment (B.Cu): [(383540000, 52070000), (383540000, 57210000)]
13:27:52: [INFO] Adding track segment (B.Cu): [(383540000, 57210000), (386080000, 59750000)]
13:27:52: [INFO] Routing SW15a with D15
13:27:52: [INFO] Using internal autorouter method
13:27:52: [INFO] Routing pad 'SW15a:2' at (354965000, 52070000) with pad 'D15:2' at (347980000, 59750000) using coordinate system rotated by 0 degree(s)
13:27:52: [INFO] Routing SW15 with D15
13:27:52: [INFO] Using internal autorouter method
13:27:52: [INFO] Routing pad 'SW15:2' at (345440000, 52070000) with pad 'D15:2' at (347980000, 59750000) using coordinate system rotated by 0 degree(s)
13:27:52: [INFO] Adding track segment (B.Cu): [(345440000, 52070000), (345440000, 57210000)]
13:27:52: [INFO] Adding track segment (B.Cu): [(345440000, 57210000), (347980000, 59750000)]
13:27:52: [INFO] Routing SW14a with D14
13:27:52: [INFO] Using internal autorouter method
13:27:52: [INFO] Routing pad 'SW14a:2' at (316865000, 52070000) with pad 'D14:2' at (309880000, 59750000) using coordinate system rotated by 0 degree(s)
13:27:52: [INFO] Routing SW14 with D14
13:27:52: [INFO] Using internal autorouter method
13:27:52: [INFO] Routing pad 'SW14:2' at (307340000, 52070000) with pad 'D14:2' at (309880000, 59750000) using coordinate system rotated by 0 degree(s)
13:27:52: [INFO] Adding track segment (B.Cu): [(307340000, 52070000), (307340000, 57210000)]
13:27:52: [INFO] Adding track segment (B.Cu): [(307340000, 57210000), (309880000, 59750000)]
13:27:52: [INFO] Routing SW13 with D13
13:27:52: [INFO] Using internal autorouter method
13:27:52: [INFO] Routing pad 'SW13:2' at (269240000, 52070000) with pad 'D13:2' at (271780000, 59750000) using coordinate system rotated by 0 degree(s)
13:27:52: [INFO] Adding track segment (B.Cu): [(269240000, 52070000), (269240000, 57210000)]
13:27:52: [INFO] Adding track segment (B.Cu): [(269240000, 57210000), (271780000, 59750000)]
13:27:52: [INFO] Routing SW12 with D12
13:27:52: [INFO] Using internal autorouter method
13:27:52: [INFO] Routing pad 'SW12:2' at (231140000, 52070000) with pad 'D12:2' at (233680000, 59750000) using coordinate system rotated by 0 degree(s)
13:27:52: [INFO] Adding track segment (B.Cu): [(231140000, 52070000), (231140000, 57210000)]
13:27:52: [INFO] Adding track segment (B.Cu): [(231140000, 57210000), (233680000, 59750000)]
13:27:52: [INFO] Routing SW11 with D11
13:27:52: [INFO] Using internal autorouter method
13:27:52: [INFO] Routing pad 'SW11:2' at (193040000, 52070000) with pad 'D11:2' at (195580000, 59750000) using coordinate system rotated by 0 degree(s)
13:27:52: [INFO] Adding track segment (B.Cu): [(193040000, 52070000), (193040000, 57210000)]
13:27:52: [INFO] Adding track segment (B.Cu): [(193040000, 57210000), (195580000, 59750000)]
13:27:52: [INFO] Routing SW10a with D10
13:27:52: [INFO] Using internal autorouter method
13:27:52: [INFO] Routing pad 'SW10a:2' at (164465000, 52070000) with pad 'D10:2' at (157480000, 59750000) using coordinate system rotated by 0 degree(s)
13:27:52: [INFO] Routing SW10 with D10
13:27:52: [INFO] Using internal autorouter method
13:27:52: [INFO] Routing pad 'SW10:2' at (154940000, 52070000) with pad 'D10:2' at (157480000, 59750000) using coordinate system rotated by 0 degree(s)
13:27:52: [INFO] Adding track segment (B.Cu): [(154940000, 52070000), (154940000, 57210000)]
13:27:52: [INFO] Adding track segment (B.Cu): [(154940000, 57210000), (157480000, 59750000)]
13:27:52: [INFO] Routing SW9a with D9
13:27:52: [INFO] Using internal autorouter method
13:27:52: [INFO] Routing pad 'SW9a:2' at (126365000, 52070000) with pad 'D9:2' at (119380000, 59750000) using coordinate system rotated by 0 degree(s)
13:27:52: [INFO] Routing SW9 with D9
13:27:52: [INFO] Using internal autorouter method
13:27:52: [INFO] Routing pad 'SW9:2' at (116840000, 52070000) with pad 'D9:2' at (119380000, 59750000) using coordinate system rotated by 0 degree(s)
13:27:52: [INFO] Adding track segment (B.Cu): [(116840000, 52070000), (116840000, 57210000)]
13:27:52: [INFO] Adding track segment (B.Cu): [(116840000, 57210000), (119380000, 59750000)]
13:27:52: [INFO] Routing SW8 with D8
13:27:52: [INFO] Using internal autorouter method
13:27:52: [INFO] Routing pad 'SW8:2' at (364490000, 52070000) with pad 'D8:2' at (367030000, 59750000) using coordinate system rotated by 0 degree(s)
13:27:52: [INFO] Adding track segment (B.Cu): [(364490000, 52070000), (364490000, 57210000)]
13:27:52: [INFO] Adding track segment (B.Cu): [(364490000, 57210000), (367030000, 59750000)]
13:27:52: [INFO] Routing SW7a with D7
13:27:52: [INFO] Using internal autorouter method
13:27:52: [INFO] Routing pad 'SW7a:2' at (335915000, 52070000) with pad 'D7:2' at (328930000, 59750000) using coordinate system rotated by 0 degree(s)
13:27:52: [INFO] Routing SW7 with D7
13:27:52: [INFO] Using internal autorouter method
13:27:52: [INFO] Routing pad 'SW7:2' at (326390000, 52070000) with pad 'D7:2' at (328930000, 59750000) using coordinate system rotated by 0 degree(s)
13:27:52: [INFO] Adding track segment (B.Cu): [(326390000, 52070000), (326390000, 57210000)]
13:27:52: [INFO] Adding track segment (B.Cu): [(326390000, 57210000), (328930000, 59750000)]
13:27:52: [INFO] Routing SW6a with D6
13:27:52: [INFO] Using internal autorouter method
13:27:52: [INFO] Routing pad 'SW6a:2' at (297815000, 52070000) with pad 'D6:2' at (290830000, 59750000) using coordinate system rotated by 0 degree(s)
13:27:52: [INFO] Routing SW6 with D6
13:27:52: [INFO] Using internal autorouter method
13:27:52: [INFO] Routing pad 'SW6:2' at (288290000, 52070000) with pad 'D6:2' at (290830000, 59750000) using coordinate system rotated by 0 degree(s)
13:27:52: [INFO] Adding track segment (B.Cu): [(288290000, 52070000), (288290000, 57210000)]
13:27:52: [INFO] Adding track segment (B.Cu): [(288290000, 57210000), (290830000, 59750000)]
13:27:52: [INFO] Routing SW5 with D5
13:27:52: [INFO] Using internal autorouter method
13:27:52: [INFO] Routing pad 'SW5:2' at (250190000, 52070000) with pad 'D5:2' at (252730000, 59750000) using coordinate system rotated by 0 degree(s)
13:27:52: [INFO] Adding track segment (B.Cu): [(250190000, 52070000), (250190000, 57210000)]
13:27:52: [INFO] Adding track segment (B.Cu): [(250190000, 57210000), (252730000, 59750000)]
13:27:52: [INFO] Routing SW4 with D4
13:27:52: [INFO] Using internal autorouter method
13:27:52: [INFO] Routing pad 'SW4:2' at (212090000, 52070000) with pad 'D4:2' at (214630000, 59750000) using coordinate system rotated by 0 degree(s)
13:27:52: [INFO] Adding track segment (B.Cu): [(212090000, 52070000), (212090000, 57210000)]
13:27:52: [INFO] Adding track segment (B.Cu): [(212090000, 57210000), (214630000, 59750000)]
13:27:52: [INFO] Routing SW3a with D3
13:27:52: [INFO] Using internal autorouter method
13:27:52: [INFO] Routing pad 'SW3a:2' at (183515000, 52070000) with pad 'D3:2' at (176530000, 59750000) using coordinate system rotated by 0 degree(s)
13:27:52: [INFO] Routing SW3 with D3
13:27:52: [INFO] Using internal autorouter method
13:27:52: [INFO] Routing pad 'SW3:2' at (173990000, 52070000) with pad 'D3:2' at (176530000, 59750000) using coordinate system rotated by 0 degree(s)
13:27:52: [INFO] Adding track segment (B.Cu): [(173990000, 52070000), (173990000, 57210000)]
13:27:52: [INFO] Adding track segment (B.Cu): [(173990000, 57210000), (176530000, 59750000)]
13:27:52: [INFO] Routing SW2a with D2
13:27:52: [INFO] Using internal autorouter method
13:27:52: [INFO] Routing pad 'SW2a:2' at (145415000, 52070000) with pad 'D2:2' at (138430000, 59750000) using coordinate system rotated by 0 degree(s)
13:27:52: [INFO] Routing SW2 with D2
13:27:52: [INFO] Using internal autorouter method
13:27:52: [INFO] Routing pad 'SW2:2' at (135890000, 52070000) with pad 'D2:2' at (138430000, 59750000) using coordinate system rotated by 0 degree(s)
13:27:52: [INFO] Adding track segment (B.Cu): [(135890000, 52070000), (135890000, 57210000)]
13:27:52: [INFO] Adding track segment (B.Cu): [(135890000, 57210000), (138430000, 59750000)]
13:27:52: [INFO] Routing SW1 with D1
13:27:52: [INFO] Using internal autorouter method
13:27:52: [INFO] Routing pad 'SW1:2' at (97790000, 52070000) with pad 'D1:2' at (100330000, 59750000) using coordinate system rotated by 0 degree(s)
13:27:52: [INFO] Adding track segment (B.Cu): [(97790000, 52070000), (97790000, 57210000)]
13:27:52: [INFO] Adding track segment (B.Cu): [(97790000, 57210000), (100330000, 59750000)]
13:27:52: [INFO] Routing ROW3 pads
13:27:52: [INFO] Routing pad 'D25:1' at (119380000, 81600000) with pad 'D26:1' at (157480000, 81600000) using coordinate system rotated by 0 degree(s)
13:27:52: [INFO] Adding track segment (B.Cu): [(119380000, 81600000), (157480000, 81600000)]
13:27:52: [INFO] Could not add track segment due to detected collision
13:27:52: [INFO] Routing pad 'D26:1' at (157480000, 81600000) with pad 'D27:1' at (195580000, 81600000) using coordinate system rotated by 0 degree(s)
13:27:52: [INFO] Adding track segment (B.Cu): [(157480000, 81600000), (195580000, 81600000)]
13:27:52: [INFO] Could not add track segment due to detected collision
13:27:52: [INFO] Routing pad 'D27:1' at (195580000, 81600000) with pad 'D28:1' at (233680000, 81600000) using coordinate system rotated by 0 degree(s)
13:27:52: [INFO] Adding track segment (B.Cu): [(195580000, 81600000), (233680000, 81600000)]
13:27:52: [INFO] Could not add track segment due to detected collision
13:27:52: [INFO] Routing pad 'D28:1' at (233680000, 81600000) with pad 'D29:1' at (271780000, 81600000) using coordinate system rotated by 0 degree(s)
13:27:52: [INFO] Adding track segment (B.Cu): [(233680000, 81600000), (271780000, 81600000)]
13:27:52: [INFO] Could not add track segment due to detected collision
13:27:52: [INFO] Routing pad 'D29:1' at (271780000, 81600000) with pad 'D30:1' at (309880000, 81600000) using coordinate system rotated by 0 degree(s)
13:27:52: [INFO] Adding track segment (B.Cu): [(271780000, 81600000), (309880000, 81600000)]
13:27:52: [INFO] Could not add track segment due to detected collision
13:27:52: [INFO] Routing pad 'D30:1' at (309880000, 81600000) with pad 'D31:1' at (357505000, 81600000) using coordinate system rotated by 0 degree(s)
13:27:52: [INFO] Adding track segment (B.Cu): [(309880000, 81600000), (357505000, 81600000)]
13:27:52: [INFO] Could not add track segment due to detected collision
13:27:52: [INFO] Routing pad 'D31:1' at (357505000, 81600000) with pad 'D32:1' at (386080000, 81600000) using coordinate system rotated by 0 degree(s)
13:27:52: [INFO] Adding track segment (B.Cu): [(357505000, 81600000), (386080000, 81600000)]
13:27:52: [INFO] Could not add track segment due to detected collision
13:27:52: [INFO] Routing ROW8 pads
13:27:52: [INFO] Routing pad 'D62:1' at (112236250, 138750000) with pad 'D63:1' at (143192500, 138750000) using coordinate system rotated by 0 degree(s)
13:27:52: [INFO] Adding track segment (B.Cu): [(112236250, 138750000), (143192500, 138750000)]
13:27:52: [INFO] Could not add track segment due to detected collision
13:27:52: [INFO] Routing pad 'D63:1' at (143192500, 138750000) with pad 'D64:1' at (181292500, 138750000) using coordinate system rotated by 0 degree(s)
13:27:52: [INFO] Adding track segment (B.Cu): [(143192500, 138750000), (181292500, 138750000)]
13:27:52: [INFO] Could not add track segment due to detected collision
13:27:52: [INFO] Routing pad 'D64:1' at (181292500, 138750000) with pad 'D65:1' at (219392500, 138750000) using coordinate system rotated by 0 degree(s)
13:27:52: [INFO] Adding track segment (B.Cu): [(181292500, 138750000), (219392500, 138750000)]
13:27:52: [INFO] Could not add track segment due to detected collision
13:27:52: [INFO] Routing pad 'D65:1' at (219392500, 138750000) with pad 'D66:1' at (257492500, 138750000) using coordinate system rotated by 0 degree(s)
13:27:52: [INFO] Adding track segment (B.Cu): [(219392500, 138750000), (257492500, 138750000)]
13:27:52: [INFO] Could not add track segment due to detected collision
13:27:52: [INFO] Routing pad 'D66:1' at (257492500, 138750000) with pad 'D67:1' at (295592500, 138750000) using coordinate system rotated by 0 degree(s)
13:27:52: [INFO] Adding track segment (B.Cu): [(257492500, 138750000), (295592500, 138750000)]
13:27:52: [INFO] Could not add track segment due to detected collision
13:27:52: [INFO] Routing pad 'D67:1' at (295592500, 138750000) with pad 'D68:1' at (340836250, 138750000) using coordinate system rotated by 0 degree(s)
13:27:52: [INFO] Adding track segment (B.Cu): [(295592500, 138750000), (340836250, 138750000)]
13:27:52: [INFO] Could not add track segment due to detected collision
13:27:52: [INFO] Routing pad 'D68:1' at (340836250, 138750000) with pad 'D69:1' at (367030000, 138750000) using coordinate system rotated by 0 degree(s)
13:27:52: [INFO] Adding track segment (B.Cu): [(340836250, 138750000), (367030000, 138750000)]
13:27:52: [INFO] Routing COL6 pads
13:27:52: [INFO] Routing pad 'SW7:1' at (320040000, 54610000) with pad 'SW23:1' at (320040000, 73660000) using coordinate system rotated by 0 degree(s)
13:27:52: [INFO] Adding track segment (F.Cu): [(320040000, 54610000), (320040000, 73660000)]
13:27:52: [INFO] Could not add track segment due to detected collision
13:27:52: [INFO] Routing pad 'SW85:1' at (339090000, 149860000) with pad 'SW81:1' at (320040000, 149860000) using coordinate system rotated by 0 degree(s)
13:27:52: [INFO] Adding track segment (F.Cu): [(339090000, 149860000), (320040000, 149860000)]
13:27:52: [INFO] Routing pad 'SW7:1' at (320040000, 54610000) with pad 'SW7a:1' at (329565000, 54610000) using coordinate system rotated by 0 degree(s)
13:27:52: [INFO] Adding track segment (F.Cu): [(320040000, 54610000), (329565000, 54610000)]
13:27:52: [INFO] Routing pad 'SW23:1' at (320040000, 73660000) with pad 'SW39:1' at (329565000, 92710000) using coordinate system rotated by 0 degree(s)
13:27:52: [INFO] Adding track segment (F.Cu): [(320040000, 73660000), (320040000, 83185000)]
13:27:52: [INFO] Adding track segment (F.Cu): [(320040000, 83185000), (329565000, 92710000)]
13:27:52: [INFO] Routing pad 'SW68a:1' at (341471250, 130810000) with pad 'SW68:1' at (331946250, 130810000) using coordinate system rotated by 0 degree(s)
13:27:52: [INFO] Adding track segment (F.Cu): [(341471250, 130810000), (331946250, 130810000)]
13:27:52: [INFO] Routing pad 'SW7a:1' at (329565000, 54610000) with pad 'SW15:1' at (339090000, 54610000) using coordinate system rotated by 0 degree(s)
13:27:52: [INFO] Adding track segment (F.Cu): [(329565000, 54610000), (339090000, 54610000)]
13:27:52: [INFO] Routing pad 'SW15:1' at (339090000, 54610000) with pad 'SW31a:1' at (339090000, 73660000) using coordinate system rotated by 0 degree(s)
13:27:52: [INFO] Adding track segment (F.Cu): [(339090000, 54610000), (339090000, 73660000)]
13:27:52: [INFO] Could not add track segment due to detected collision
13:27:52: [INFO] Routing pad 'SW68a:1' at (341471250, 130810000) with pad 'SW85:1' at (339090000, 149860000) using coordinate system rotated by 0 degree(s)
13:27:52: [INFO] Routing pad 'SW60:1' at (346233750, 111760000) with pad 'SW68a:1' at (341471250, 130810000) using coordinate system rotated by 0 degree(s)
13:27:52: [INFO] Adding track segment (F.Cu): [(346233750, 111760000), (346233750, 126047500)]
13:27:52: [INFO] Adding track segment (F.Cu): [(346233750, 126047500), (341471250, 130810000)]
13:27:52: [INFO] Routing pad 'SW39:1' at (329565000, 92710000) with pad 'SW60:1' at (346233750, 111760000) using coordinate system rotated by 0 degree(s)
13:27:52: [INFO] Adding track segment (F.Cu): [(329565000, 92710000), (329565000, 95091250)]
13:27:52: [INFO] Adding track segment (F.Cu): [(329565000, 95091250), (346233750, 111760000)]
13:27:52: [INFO] Routing pad 'SW15:1' at (339090000, 54610000) with pad 'SW15a:1' at (348615000, 54610000) using coordinate system rotated by 0 degree(s)
13:27:52: [INFO] Adding track segment (F.Cu): [(339090000, 54610000), (348615000, 54610000)]
13:27:52: [INFO] Routing pad 'SW31a:1' at (339090000, 73660000) with pad 'SW31:1' at (348615000, 73660000) using coordinate system rotated by 0 degree(s)
13:27:52: [INFO] Adding track segment (F.Cu): [(339090000, 73660000), (348615000, 73660000)]
13:27:52: [INFO] Routing pad 'SW60:1' at (346233750, 111760000) with pad 'SW60a:1' at (355758750, 102235000) using coordinate system rotated by 0 degree(s)
13:27:52: [INFO] Routing COL1 pads
13:27:52: [INFO] Routing pad 'SW2:1' at (129540000, 54610000) with pad 'SW18:1' at (129540000, 73660000) using coordinate system rotated by 0 degree(s)
13:27:52: [INFO] Adding track segment (F.Cu): [(129540000, 54610000), (129540000, 73660000)]
13:27:52: [INFO] Could not add track segment due to detected collision
13:27:52: [INFO] Routing pad 'SW49:1' at (143827500, 111760000) with pad 'SW63:1' at (134302500, 130810000) using coordinate system rotated by 0 degree(s)
13:27:52: [INFO] Adding track segment (F.Cu): [(143827500, 111760000), (143827500, 121285000)]
13:27:52: [INFO] Adding track segment (F.Cu): [(143827500, 121285000), (134302500, 130810000)]
13:27:52: [INFO] Routing pad 'SW2:1' at (129540000, 54610000) with pad 'SW2a:1' at (139065000, 54610000) using coordinate system rotated by 0 degree(s)
13:27:52: [INFO] Adding track segment (F.Cu): [(129540000, 54610000), (139065000, 54610000)]
13:27:52: [INFO] Routing pad 'SW18:1' at (129540000, 73660000) with pad 'SW34:1' at (139065000, 92710000) using coordinate system rotated by 0 degree(s)
13:27:52: [INFO] Adding track segment (F.Cu): [(129540000, 73660000), (129540000, 83185000)]
13:27:52: [INFO] Adding track segment (F.Cu): [(129540000, 83185000), (139065000, 92710000)]
13:27:52: [INFO] Routing pad 'SW63:1' at (134302500, 130810000) with pad 'SW78:1' at (141446250, 149860000) using coordinate system rotated by 0 degree(s)
13:27:52: [INFO] Adding track segment (F.Cu): [(134302500, 130810000), (134302500, 142716250)]
13:27:52: [INFO] Adding track segment (F.Cu): [(134302500, 142716250), (141446250, 149860000)]
13:27:52: [INFO] Routing pad 'SW34:1' at (139065000, 92710000) with pad 'SW49:1' at (143827500, 111760000) using coordinate system rotated by 0 degree(s)
13:27:52: [INFO] Adding track segment (F.Cu): [(139065000, 92710000), (139065000, 106997500)]
13:27:52: [INFO] Adding track segment (F.Cu): [(139065000, 106997500), (143827500, 111760000)]
13:27:52: [INFO] Routing pad 'SW78:1' at (141446250, 149860000) with pad 'SW78a:1' at (143827500, 149860000) using coordinate system rotated by 0 degree(s)
13:27:52: [INFO] Adding track segment (F.Cu): [(141446250, 149860000), (143827500, 149860000)]
13:27:52: [INFO] Routing pad 'SW2a:1' at (139065000, 54610000) with pad 'SW10:1' at (148590000, 54610000) using coordinate system rotated by 0 degree(s)
13:27:52: [INFO] Adding track segment (F.Cu): [(139065000, 54610000), (148590000, 54610000)]
13:27:52: [INFO] Routing pad 'SW10:1' at (148590000, 54610000) with pad 'SW26:1' at (148590000, 73660000) using coordinate system rotated by 0 degree(s)
13:27:52: [INFO] Adding track segment (F.Cu): [(148590000, 54610000), (148590000, 73660000)]
13:27:52: [INFO] Could not add track segment due to detected collision
13:27:52: [INFO] Routing pad 'SW63:1' at (134302500, 130810000) with pad 'SW71:1' at (153352500, 130810000) using coordinate system rotated by 0 degree(s)
13:27:52: [INFO] Adding track segment (F.Cu): [(134302500, 130810000), (153352500, 130810000)]
13:27:52: [INFO] Routing pad 'SW10:1' at (148590000, 54610000) with pad 'SW10a:1' at (158115000, 54610000) using coordinate system rotated by 0 degree(s)
13:27:52: [INFO] Adding track segment (F.Cu): [(148590000, 54610000), (158115000, 54610000)]
13:27:52: [INFO] Routing pad 'SW34:1' at (139065000, 92710000) with pad 'SW42:1' at (158115000, 92710000) using coordinate system rotated by 0 degree(s)
13:27:52: [INFO] Adding track segment (F.Cu): [(139065000, 92710000), (158115000, 92710000)]
13:27:52: [INFO] Routing pad 'SW49:1' at (143827500, 111760000) with pad 'SW55:1' at (162877500, 111760000) using coordinate system rotated by 0 degree(s)
13:27:52: [INFO] Adding track segment (F.Cu): [(143827500, 111760000), (162877500, 111760000)]
13:27:52: [INFO] Routing ROW6 pads
13:27:52: [INFO] Routing pad 'D48:1' at (107473750, 119700000) with pad 'D49:1' at (152717500, 119700000) using coordinate system rotated by 0 degree(s)
13:27:52: [INFO] Adding track segment (B.Cu): [(107473750, 119700000), (152717500, 119700000)]
13:27:52: [INFO] Could not add track segment due to detected collision
13:27:52: [INFO] Routing pad 'D49:1' at (152717500, 119700000) with pad 'D50:1' at (190817500, 119700000) using coordinate system rotated by 0 degree(s)
13:27:52: [INFO] Adding track segment (B.Cu): [(152717500, 119700000), (190817500, 119700000)]
13:27:52: [INFO] Could not add track segment due to detected collision
13:27:52: [INFO] Routing pad 'D50:1' at (190817500, 119700000) with pad 'D51:1' at (228917500, 119700000) using coordinate system rotated by 0 degree(s)
13:27:52: [INFO] Adding track segment (B.Cu): [(190817500, 119700000), (228917500, 119700000)]
13:27:52: [INFO] Could not add track segment due to detected collision
13:27:52: [INFO] Routing pad 'D51:1' at (228917500, 119700000) with pad 'D52:1' at (267017500, 119700000) using coordinate system rotated by 0 degree(s)
13:27:52: [INFO] Adding track segment (B.Cu): [(228917500, 119700000), (267017500, 119700000)]
13:27:52: [INFO] Could not add track segment due to detected collision
13:27:52: [INFO] Routing pad 'D52:1' at (267017500, 119700000) with pad 'D53:1' at (305117500, 119700000) using coordinate system rotated by 0 degree(s)
13:27:52: [INFO] Adding track segment (B.Cu): [(267017500, 119700000), (305117500, 119700000)]
13:27:52: [INFO] Could not add track segment due to detected collision
13:27:52: [INFO] Routing COL4 pads
13:27:52: [INFO] Routing pad 'SW5:1' at (243840000, 54610000) with pad 'SW21:1' at (243840000, 73660000) using coordinate system rotated by 0 degree(s)
13:27:52: [INFO] Adding track segment (F.Cu): [(243840000, 54610000), (243840000, 73660000)]
13:27:52: [INFO] Routing pad 'SW52:1' at (258127500, 111760000) with pad 'SW66:1' at (248602500, 130810000) using coordinate system rotated by 0 degree(s)
13:27:52: [INFO] Adding track segment (F.Cu): [(258127500, 111760000), (258127500, 121285000)]
13:27:52: [INFO] Adding track segment (F.Cu): [(258127500, 121285000), (248602500, 130810000)]
13:27:52: [INFO] Routing pad 'SW21:1' at (243840000, 73660000) with pad 'SW37:1' at (253365000, 92710000) using coordinate system rotated by 0 degree(s)
13:27:52: [INFO] Adding track segment (F.Cu): [(243840000, 73660000), (243840000, 83185000)]
13:27:53: [INFO] Adding track segment (F.Cu): [(243840000, 83185000), (253365000, 92710000)]
13:27:53: [INFO] Routing pad 'SW37:1' at (253365000, 92710000) with pad 'SW52:1' at (258127500, 111760000) using coordinate system rotated by 0 degree(s)
13:27:53: [INFO] Adding track segment (F.Cu): [(253365000, 92710000), (253365000, 106997500)]
13:27:53: [INFO] Adding track segment (F.Cu): [(253365000, 106997500), (258127500, 111760000)]
13:27:53: [INFO] Routing pad 'SW5:1' at (243840000, 54610000) with pad 'SW13:1' at (262890000, 54610000) using coordinate system rotated by 0 degree(s)
13:27:53: [INFO] Adding track segment (F.Cu): [(243840000, 54610000), (262890000, 54610000)]
13:27:53: [INFO] Routing pad 'SW21:1' at (243840000, 73660000) with pad 'SW29:1' at (262890000, 73660000) using coordinate system rotated by 0 degree(s)
13:27:53: [INFO] Adding track segment (F.Cu): [(243840000, 73660000), (262890000, 73660000)]
13:27:53: [INFO] Routing pad 'SW66:1' at (248602500, 130810000) with pad 'SW74:1' at (267652500, 130810000) using coordinate system rotated by 0 degree(s)
13:27:53: [INFO] Adding track segment (F.Cu): [(248602500, 130810000), (267652500, 130810000)]
13:27:53: [INFO] Routing pad 'SW37:1' at (253365000, 92710000) with pad 'SW45:1' at (272415000, 92710000) using coordinate system rotated by 0 degree(s)
13:27:53: [INFO] Adding track segment (F.Cu): [(253365000, 92710000), (272415000, 92710000)]
13:27:53: [INFO] Routing pad 'SW52:1' at (258127500, 111760000) with pad 'SW58:1' at (277177500, 111760000) using coordinate system rotated by 0 degree(s)
13:27:53: [INFO] Adding track segment (F.Cu): [(258127500, 111760000), (277177500, 111760000)]
13:27:53: [INFO] Routing ROW10 pads
13:27:53: [INFO] Routing pad 'D77:1' at (102711250, 157800000) with pad 'D78:1' at (150336250, 157800000) using coordinate system rotated by 0 degree(s)
13:27:53: [INFO] Adding track segment (B.Cu): [(102711250, 157800000), (150336250, 157800000)]
13:27:53: [INFO] Could not add track segment due to detected collision
13:27:53: [INFO] Routing pad 'D78:1' at (150336250, 157800000) with pad 'D79:1' at (221773750, 157800000) using coordinate system rotated by 0 degree(s)
13:27:53: [INFO] Adding track segment (B.Cu): [(150336250, 157800000), (221773750, 157800000)]
13:27:53: [INFO] Routing pad 'D79:1' at (221773750, 157800000) with pad 'D80:1' at (290830000, 157800000) using coordinate system rotated by 0 degree(s)
13:27:53: [INFO] Adding track segment (B.Cu): [(221773750, 157800000), (290830000, 157800000)]
13:27:53: [INFO] Routing pad 'D80:1' at (290830000, 157800000) with pad 'D81:1' at (328930000, 157800000) using coordinate system rotated by 0 degree(s)
13:27:53: [INFO] Adding track segment (B.Cu): [(290830000, 157800000), (328930000, 157800000)]
13:27:53: [INFO] Could not add track segment due to detected collision
13:27:53: [INFO] Routing pad 'D81:1' at (328930000, 157800000) with pad 'D82:1' at (367030000, 157800000) using coordinate system rotated by 0 degree(s)
13:27:53: [INFO] Adding track segment (B.Cu): [(328930000, 157800000), (367030000, 157800000)]
13:27:53: [INFO] Could not add track segment due to detected collision
13:27:53: [INFO] Routing ROW9 pads
13:27:53: [INFO] Routing pad 'D70:1' at (124142500, 138750000) with pad 'D71:1' at (162242500, 138750000) using coordinate system rotated by 0 degree(s)
13:27:53: [INFO] Adding track segment (B.Cu): [(124142500, 138750000), (162242500, 138750000)]
13:27:53: [INFO] Could not add track segment due to detected collision
13:27:53: [INFO] Routing pad 'D71:1' at (162242500, 138750000) with pad 'D72:1' at (200342500, 138750000) using coordinate system rotated by 0 degree(s)
13:27:53: [INFO] Adding track segment (B.Cu): [(162242500, 138750000), (200342500, 138750000)]
13:27:53: [INFO] Could not add track segment due to detected collision
13:27:53: [INFO] Routing pad 'D72:1' at (200342500, 138750000) with pad 'D73:1' at (238442500, 138750000) using coordinate system rotated by 0 degree(s)
13:27:53: [INFO] Adding track segment (B.Cu): [(200342500, 138750000), (238442500, 138750000)]
13:27:53: [INFO] Could not add track segment due to detected collision
13:27:53: [INFO] Routing pad 'D73:1' at (238442500, 138750000) with pad 'D74:1' at (276542500, 138750000) using coordinate system rotated by 0 degree(s)
13:27:53: [INFO] Adding track segment (B.Cu): [(238442500, 138750000), (276542500, 138750000)]
13:27:53: [INFO] Could not add track segment due to detected collision
13:27:53: [INFO] Routing pad 'D74:1' at (276542500, 138750000) with pad 'D75:1' at (314642500, 138750000) using coordinate system rotated by 0 degree(s)
13:27:53: [INFO] Adding track segment (B.Cu): [(276542500, 138750000), (314642500, 138750000)]
13:27:53: [INFO] Could not add track segment due to detected collision
13:27:53: [INFO] Routing pad 'D75:1' at (314642500, 138750000) with pad 'D76:1' at (386080000, 138750000) using coordinate system rotated by 0 degree(s)
13:27:53: [INFO] Adding track segment (B.Cu): [(314642500, 138750000), (386080000, 138750000)]
13:27:53: [INFO] Could not add track segment due to detected collision
13:27:53: [INFO] Routing COL5 pads
13:27:53: [INFO] Routing pad 'SW6:1' at (281940000, 54610000) with pad 'SW22:1' at (281940000, 73660000) using coordinate system rotated by 0 degree(s)
13:27:53: [INFO] Adding track segment (F.Cu): [(281940000, 54610000), (281940000, 73660000)]
13:27:53: [INFO] Routing pad 'SW80a:1' at (284321250, 149860000) with pad 'SW80:1' at (281940000, 149860000) using coordinate system rotated by 0 degree(s)
13:27:53: [INFO] Adding track segment (F.Cu): [(284321250, 149860000), (281940000, 149860000)]
13:27:53: [INFO] Routing pad 'SW84:1' at (300990000, 149860000) with pad 'SW80a:1' at (284321250, 149860000) using coordinate system rotated by 0 degree(s)
13:27:53: [INFO] Adding track segment (F.Cu): [(300990000, 149860000), (284321250, 149860000)]
13:27:53: [INFO] Routing pad 'SW53:1' at (296227500, 111760000) with pad 'SW67:1' at (286702500, 130810000) using coordinate system rotated by 0 degree(s)
13:27:53: [INFO] Adding track segment (F.Cu): [(296227500, 111760000), (296227500, 121285000)]
13:27:53: [INFO] Adding track segment (F.Cu): [(296227500, 121285000), (286702500, 130810000)]
13:27:53: [INFO] Routing pad 'SW6:1' at (281940000, 54610000) with pad 'SW6a:1' at (291465000, 54610000) using coordinate system rotated by 0 degree(s)
13:27:53: [INFO] Adding track segment (F.Cu): [(281940000, 54610000), (291465000, 54610000)]
13:27:53: [INFO] Routing pad 'SW22:1' at (281940000, 73660000) with pad 'SW38:1' at (291465000, 92710000) using coordinate system rotated by 0 degree(s)
13:27:53: [INFO] Adding track segment (F.Cu): [(281940000, 73660000), (281940000, 83185000)]
13:27:53: [INFO] Adding track segment (F.Cu): [(281940000, 83185000), (291465000, 92710000)]
13:27:53: [INFO] Routing pad 'SW38:1' at (291465000, 92710000) with pad 'SW53:1' at (296227500, 111760000) using coordinate system rotated by 0 degree(s)
13:27:53: [INFO] Adding track segment (F.Cu): [(291465000, 92710000), (291465000, 106997500)]
13:27:53: [INFO] Adding track segment (F.Cu): [(291465000, 106997500), (296227500, 111760000)]
13:27:53: [INFO] Routing pad 'SW6a:1' at (291465000, 54610000) with pad 'SW14:1' at (300990000, 54610000) using coordinate system rotated by 0 degree(s)
13:27:53: [INFO] Adding track segment (F.Cu): [(291465000, 54610000), (300990000, 54610000)]
13:27:53: [INFO] Routing pad 'SW14:1' at (300990000, 54610000) with pad 'SW30:1' at (300990000, 73660000) using coordinate system rotated by 0 degree(s)
13:27:53: [INFO] Adding track segment (F.Cu): [(300990000, 54610000), (300990000, 73660000)]
13:27:53: [INFO] Could not add track segment due to detected collision
13:27:53: [INFO] Routing pad 'SW84b:1' at (305752500, 149860000) with pad 'SW84:1' at (300990000, 149860000) using coordinate system rotated by 0 degree(s)
13:27:53: [INFO] Adding track segment (F.Cu): [(305752500, 149860000), (300990000, 149860000)]
13:27:53: [INFO] Routing pad 'SW67:1' at (286702500, 130810000) with pad 'SW75:1' at (305752500, 130810000) using coordinate system rotated by 0 degree(s)
13:27:53: [INFO] Adding track segment (F.Cu): [(286702500, 130810000), (305752500, 130810000)]
13:27:53: [INFO] Routing pad 'SW75:1' at (305752500, 130810000) with pad 'SW84b:1' at (305752500, 149860000) using coordinate system rotated by 0 degree(s)
13:27:53: [INFO] Adding track segment (F.Cu): [(305752500, 130810000), (305752500, 149860000)]
13:27:53: [INFO] Routing pad 'SW84b:1' at (305752500, 149860000) with pad 'SW84a:1' at (308133750, 149860000) using coordinate system rotated by 0 degree(s)
13:27:53: [INFO] Adding track segment (F.Cu): [(305752500, 149860000), (308133750, 149860000)]
13:27:53: [INFO] Routing pad 'SW14:1' at (300990000, 54610000) with pad 'SW14a:1' at (310515000, 54610000) using coordinate system rotated by 0 degree(s)
13:27:53: [INFO] Adding track segment (F.Cu): [(300990000, 54610000), (310515000, 54610000)]
13:27:53: [INFO] Routing pad 'SW38:1' at (291465000, 92710000) with pad 'SW46:1' at (310515000, 92710000) using coordinate system rotated by 0 degree(s)
13:27:53: [INFO] Adding track segment (F.Cu): [(291465000, 92710000), (310515000, 92710000)]
13:27:53: [INFO] Routing pad 'SW53:1' at (296227500, 111760000) with pad 'SW59:1' at (315277500, 111760000) using coordinate system rotated by 0 degree(s)
13:27:53: [INFO] Adding track segment (F.Cu): [(296227500, 111760000), (315277500, 111760000)]
13:27:53: [INFO] Routing ROW11 pads
13:27:53: [INFO] Routing pad 'D83:1' at (126523750, 157800000) with pad 'D84:1' at (309880000, 157800000) using coordinate system rotated by 0 degree(s)
13:27:53: [INFO] Adding track segment (B.Cu): [(126523750, 157800000), (309880000, 157800000)]
13:27:53: [INFO] Could not add track segment due to detected collision
13:27:53: [INFO] Routing pad 'D84:1' at (309880000, 157800000) with pad 'D85:1' at (347980000, 157800000) using coordinate system rotated by 0 degree(s)
13:27:53: [INFO] Adding track segment (B.Cu): [(309880000, 157800000), (347980000, 157800000)]
13:27:53: [INFO] Could not add track segment due to detected collision
13:27:53: [INFO] Routing pad 'D85:1' at (347980000, 157800000) with pad 'D86:1' at (386080000, 157800000) using coordinate system rotated by 0 degree(s)
13:27:53: [INFO] Adding track segment (B.Cu): [(347980000, 157800000), (386080000, 157800000)]
13:27:53: [INFO] Could not add track segment due to detected collision
13:27:53: [INFO] Routing ROW0 pads
13:27:53: [INFO] Routing pad 'D1:1' at (100330000, 62550000) with pad 'D2:1' at (138430000, 62550000) using coordinate system rotated by 0 degree(s)
13:27:53: [INFO] Adding track segment (B.Cu): [(100330000, 62550000), (138430000, 62550000)]
13:27:53: [INFO] Could not add track segment due to detected collision
13:27:53: [INFO] Routing pad 'D2:1' at (138430000, 62550000) with pad 'D3:1' at (176530000, 62550000) using coordinate system rotated by 0 degree(s)
13:27:53: [INFO] Adding track segment (B.Cu): [(138430000, 62550000), (176530000, 62550000)]
13:27:53: [INFO] Could not add track segment due to detected collision
13:27:53: [INFO] Routing pad 'D3:1' at (176530000, 62550000) with pad 'D4:1' at (214630000, 62550000) using coordinate system rotated by 0 degree(s)
13:27:53: [INFO] Adding track segment (B.Cu): [(176530000, 62550000), (214630000, 62550000)]
13:27:53: [INFO] Could not add track segment due to detected collision
13:27:53: [INFO] Routing pad 'D4:1' at (214630000, 62550000) with pad 'D5:1' at (252730000, 62550000) using coordinate system rotated by 0 degree(s)
13:27:53: [INFO] Adding track segment (B.Cu): [(214630000, 62550000), (252730000, 62550000)]
13:27:53: [INFO] Could not add track segment due to detected collision
13:27:53: [INFO] Routing pad 'D5:1' at (252730000, 62550000) with pad 'D6:1' at (290830000, 62550000) using coordinate system rotated by 0 degree(s)
13:27:53: [INFO] Adding track segment (B.Cu): [(252730000, 62550000), (290830000, 62550000)]
13:27:53: [INFO] Could not add track segment due to detected collision
13:27:53: [INFO] Routing pad 'D6:1' at (290830000, 62550000) with pad 'D7:1' at (328930000, 62550000) using coordinate system rotated by 0 degree(s)
13:27:53: [INFO] Adding track segment (B.Cu): [(290830000, 62550000), (328930000, 62550000)]
13:27:53: [INFO] Could not add track segment due to detected collision
13:27:53: [INFO] Routing pad 'D7:1' at (328930000, 62550000) with pad 'D8:1' at (367030000, 62550000) using coordinate system rotated by 0 degree(s)
13:27:53: [INFO] Adding track segment (B.Cu): [(328930000, 62550000), (367030000, 62550000)]
13:27:53: [INFO] Could not add track segment due to detected collision
13:27:53: [INFO] Routing COL2 pads
13:27:53: [INFO] Routing pad 'SW3:1' at (167640000, 54610000) with pad 'SW19:1' at (167640000, 73660000) using coordinate system rotated by 0 degree(s)
13:27:53: [INFO] Adding track segment (F.Cu): [(167640000, 54610000), (167640000, 73660000)]
13:27:53: [INFO] Could not add track segment due to detected collision
13:27:53: [INFO] Routing pad 'SW50:1' at (181927500, 111760000) with pad 'SW64:1' at (172402500, 130810000) using coordinate system rotated by 0 degree(s)
13:27:53: [INFO] Adding track segment (F.Cu): [(181927500, 111760000), (181927500, 121285000)]
13:27:53: [INFO] Adding track segment (F.Cu): [(181927500, 121285000), (172402500, 130810000)]
13:27:53: [INFO] Routing pad 'SW3:1' at (167640000, 54610000) with pad 'SW3a:1' at (177165000, 54610000) using coordinate system rotated by 0 degree(s)
13:27:53: [INFO] Adding track segment (F.Cu): [(167640000, 54610000), (177165000, 54610000)]
13:27:53: [INFO] Routing pad 'SW19:1' at (167640000, 73660000) with pad 'SW35:1' at (177165000, 92710000) using coordinate system rotated by 0 degree(s)
13:27:53: [INFO] Adding track segment (F.Cu): [(167640000, 73660000), (167640000, 83185000)]
13:27:53: [INFO] Adding track segment (F.Cu): [(167640000, 83185000), (177165000, 92710000)]
13:27:53: [INFO] Routing pad 'SW35:1' at (177165000, 92710000) with pad 'SW50:1' at (181927500, 111760000) using coordinate system rotated by 0 degree(s)
13:27:53: [INFO] Adding track segment (F.Cu): [(177165000, 92710000), (177165000, 106997500)]
13:27:53: [INFO] Adding track segment (F.Cu): [(177165000, 106997500), (181927500, 111760000)]
13:27:53: [INFO] Routing pad 'SW3a:1' at (177165000, 54610000) with pad 'SW11:1' at (186690000, 54610000) using coordinate system rotated by 0 degree(s)
13:27:53: [INFO] Adding track segment (F.Cu): [(177165000, 54610000), (186690000, 54610000)]
13:27:53: [INFO] Routing pad 'SW11:1' at (186690000, 54610000) with pad 'SW27:1' at (186690000, 73660000) using coordinate system rotated by 0 degree(s)
13:27:53: [INFO] Adding track segment (F.Cu): [(186690000, 54610000), (186690000, 73660000)]
13:27:53: [INFO] Could not add track segment due to detected collision
13:27:53: [INFO] Routing pad 'SW64:1' at (172402500, 130810000) with pad 'SW72:1' at (191452500, 130810000) using coordinate system rotated by 0 degree(s)
13:27:53: [INFO] Adding track segment (F.Cu): [(172402500, 130810000), (191452500, 130810000)]
13:27:53: [INFO] Routing pad 'SW35:1' at (177165000, 92710000) with pad 'SW43:1' at (196215000, 92710000) using coordinate system rotated by 0 degree(s)
13:27:53: [INFO] Adding track segment (F.Cu): [(177165000, 92710000), (196215000, 92710000)]
13:27:53: [INFO] Routing pad 'SW50:1' at (181927500, 111760000) with pad 'SW56:1' at (200977500, 111760000) using coordinate system rotated by 0 degree(s)
13:27:53: [INFO] Adding track segment (F.Cu): [(181927500, 111760000), (200977500, 111760000)]
13:27:53: [INFO] Routing ROW7 pads
13:27:53: [INFO] Routing pad 'D54:1' at (133667500, 119700000) with pad 'D55:1' at (171767500, 119700000) using coordinate system rotated by 0 degree(s)
13:27:53: [INFO] Adding track segment (B.Cu): [(133667500, 119700000), (171767500, 119700000)]
13:27:53: [INFO] Could not add track segment due to detected collision
13:27:53: [INFO] Routing pad 'D55:1' at (171767500, 119700000) with pad 'D56:1' at (209867500, 119700000) using coordinate system rotated by 0 degree(s)
13:27:53: [INFO] Adding track segment (B.Cu): [(171767500, 119700000), (209867500, 119700000)]
13:27:53: [INFO] Could not add track segment due to detected collision
13:27:53: [INFO] Routing pad 'D56:1' at (209867500, 119700000) with pad 'D57:1' at (247967500, 119700000) using coordinate system rotated by 0 degree(s)
13:27:53: [INFO] Adding track segment (B.Cu): [(209867500, 119700000), (247967500, 119700000)]
13:27:53: [INFO] Could not add track segment due to detected collision
13:27:53: [INFO] Routing pad 'D57:1' at (247967500, 119700000) with pad 'D58:1' at (286067500, 119700000) using coordinate system rotated by 0 degree(s)
13:27:53: [INFO] Adding track segment (B.Cu): [(247967500, 119700000), (286067500, 119700000)]
13:27:53: [INFO] Could not add track segment due to detected collision
13:27:53: [INFO] Routing pad 'D58:1' at (286067500, 119700000) with pad 'D59:1' at (324167500, 119700000) using coordinate system rotated by 0 degree(s)
13:27:53: [INFO] Adding track segment (B.Cu): [(286067500, 119700000), (324167500, 119700000)]
13:27:53: [INFO] Could not add track segment due to detected collision
13:27:53: [INFO] Routing pad 'D59:1' at (324167500, 119700000) with pad 'D60:1' at (355123750, 119700000) using coordinate system rotated by 0 degree(s)
13:27:53: [INFO] Adding track segment (B.Cu): [(324167500, 119700000), (355123750, 119700000)]
13:27:53: [INFO] Routing pad 'D60:1' at (355123750, 119700000) with pad 'D61:1' at (386080000, 119700000) using coordinate system rotated by 0 degree(s)
13:27:53: [INFO] Adding track segment (B.Cu): [(355123750, 119700000), (386080000, 119700000)]
13:27:53: [INFO] Routing ROW5 pads
13:27:53: [INFO] Routing pad 'D41:1' at (128905000, 100650000) with pad 'D42:1' at (167005000, 100650000) using coordinate system rotated by 0 degree(s)
13:27:53: [INFO] Adding track segment (B.Cu): [(128905000, 100650000), (167005000, 100650000)]
13:27:53: [INFO] Could not add track segment due to detected collision
13:27:53: [INFO] Routing pad 'D42:1' at (167005000, 100650000) with pad 'D43:1' at (205105000, 100650000) using coordinate system rotated by 0 degree(s)
13:27:53: [INFO] Adding track segment (B.Cu): [(167005000, 100650000), (205105000, 100650000)]
13:27:53: [INFO] Could not add track segment due to detected collision
13:27:53: [INFO] Routing pad 'D43:1' at (205105000, 100650000) with pad 'D44:1' at (243205000, 100650000) using coordinate system rotated by 0 degree(s)
13:27:53: [INFO] Adding track segment (B.Cu): [(205105000, 100650000), (243205000, 100650000)]
13:27:53: [INFO] Could not add track segment due to detected collision
13:27:53: [INFO] Routing pad 'D44:1' at (243205000, 100650000) with pad 'D45:1' at (281305000, 100650000) using coordinate system rotated by 0 degree(s)
13:27:53: [INFO] Adding track segment (B.Cu): [(243205000, 100650000), (281305000, 100650000)]
13:27:53: [INFO] Could not add track segment due to detected collision
13:27:53: [INFO] Routing pad 'D45:1' at (281305000, 100650000) with pad 'D46:1' at (319405000, 100650000) using coordinate system rotated by 0 degree(s)
13:27:53: [INFO] Adding track segment (B.Cu): [(281305000, 100650000), (319405000, 100650000)]
13:27:53: [INFO] Could not add track segment due to detected collision
13:27:53: [INFO] Routing pad 'D46:1' at (319405000, 100650000) with pad 'D47:1' at (386080000, 100650000) using coordinate system rotated by 0 degree(s)
13:27:53: [INFO] Adding track segment (B.Cu): [(319405000, 100650000), (386080000, 100650000)]
13:27:53: [INFO] Could not add track segment due to detected collision
13:27:53: [INFO] Routing COL0 pads
13:27:53: [INFO] Routing pad 'SW1:1' at (91440000, 54610000) with pad 'SW17:1' at (91440000, 73660000) using coordinate system rotated by 0 degree(s)
13:27:53: [INFO] Adding track segment (F.Cu): [(91440000, 54610000), (91440000, 73660000)]
13:27:53: [INFO] Routing pad 'SW48:1' at (98583750, 111760000) with pad 'SW62a:1' at (93821250, 130810000) using coordinate system rotated by 0 degree(s)
13:27:53: [INFO] Adding track segment (F.Cu): [(98583750, 111760000), (98583750, 126047500)]
13:27:53: [INFO] Adding track segment (F.Cu): [(98583750, 126047500), (93821250, 130810000)]
13:27:53: [INFO] Routing pad 'SW62a:1' at (93821250, 130810000) with pad 'SW77:1' at (93821250, 149860000) using coordinate system rotated by 0 degree(s)
13:27:53: [INFO] Adding track segment (F.Cu): [(93821250, 130810000), (93821250, 149860000)]
13:27:53: [INFO] Could not add track segment due to detected collision
13:27:53: [INFO] Routing pad 'SW17:1' at (91440000, 73660000) with pad 'SW33:1' at (96202500, 92710000) using coordinate system rotated by 0 degree(s)
13:27:53: [INFO] Adding track segment (F.Cu): [(91440000, 73660000), (91440000, 87947500)]
13:27:53: [INFO] Adding track segment (F.Cu): [(91440000, 87947500), (96202500, 92710000)]
13:27:53: [INFO] Routing pad 'SW77:1' at (93821250, 149860000) with pad 'SW77a:1' at (96202500, 149860000) using coordinate system rotated by 0 degree(s)
13:27:53: [INFO] Adding track segment (F.Cu): [(93821250, 149860000), (96202500, 149860000)]
13:27:53: [INFO] Routing pad 'SW33:1' at (96202500, 92710000) with pad 'SW48:1' at (98583750, 111760000) using coordinate system rotated by 0 degree(s)
13:27:53: [INFO] Adding track segment (F.Cu): [(96202500, 92710000), (96202500, 109378750)]
13:27:53: [INFO] Adding track segment (F.Cu): [(96202500, 109378750), (98583750, 111760000)]
13:27:53: [INFO] Routing pad 'SW62a:1' at (93821250, 130810000) with pad 'SW62:1' at (103346250, 130810000) using coordinate system rotated by 0 degree(s)
13:27:53: [INFO] Adding track segment (F.Cu): [(93821250, 130810000), (103346250, 130810000)]
13:27:53: [INFO] Routing pad 'SW1:1' at (91440000, 54610000) with pad 'SW9:1' at (110490000, 54610000) using coordinate system rotated by 0 degree(s)
13:27:53: [INFO] Adding track segment (F.Cu): [(91440000, 54610000), (110490000, 54610000)]
13:27:53: [INFO] Routing pad 'SW17:1' at (91440000, 73660000) with pad 'SW25:1' at (110490000, 73660000) using coordinate system rotated by 0 degree(s)
13:27:53: [INFO] Adding track segment (F.Cu): [(91440000, 73660000), (110490000, 73660000)]
13:27:53: [INFO] Routing pad 'SW62:1' at (103346250, 130810000) with pad 'SW70:1' at (115252500, 130810000) using coordinate system rotated by 0 degree(s)
13:27:53: [INFO] Adding track segment (F.Cu): [(103346250, 130810000), (115252500, 130810000)]
13:27:53: [INFO] Routing pad 'SW70:1' at (115252500, 130810000) with pad 'SW83:1' at (117633750, 149860000) using coordinate system rotated by 0 degree(s)
13:27:53: [INFO] Adding track segment (F.Cu): [(115252500, 130810000), (115252500, 147478750)]
13:27:53: [INFO] Adding track segment (F.Cu): [(115252500, 147478750), (117633750, 149860000)]
13:27:53: [INFO] Routing pad 'SW9:1' at (110490000, 54610000) with pad 'SW9a:1' at (120015000, 54610000) using coordinate system rotated by 0 degree(s)
13:27:53: [INFO] Adding track segment (F.Cu): [(110490000, 54610000), (120015000, 54610000)]
13:27:53: [INFO] Routing pad 'SW25:1' at (110490000, 73660000) with pad 'SW41:1' at (120015000, 92710000) using coordinate system rotated by 0 degree(s)
13:27:53: [INFO] Adding track segment (F.Cu): [(110490000, 73660000), (110490000, 83185000)]
13:27:53: [INFO] Adding track segment (F.Cu): [(110490000, 83185000), (120015000, 92710000)]
13:27:53: [INFO] Routing pad 'SW41:1' at (120015000, 92710000) with pad 'SW54:1' at (124777500, 111760000) using coordinate system rotated by 0 degree(s)
13:27:53: [INFO] Adding track segment (F.Cu): [(120015000, 92710000), (120015000, 106997500)]
13:27:53: [INFO] Adding track segment (F.Cu): [(120015000, 106997500), (124777500, 111760000)]
13:27:53: [INFO] Routing ROW2 pads
13:27:53: [INFO] Routing pad 'D17:1' at (100330000, 81600000) with pad 'D18:1' at (138430000, 81600000) using coordinate system rotated by 0 degree(s)
13:27:53: [INFO] Adding track segment (B.Cu): [(100330000, 81600000), (138430000, 81600000)]
13:27:53: [INFO] Could not add track segment due to detected collision
13:27:53: [INFO] Routing pad 'D18:1' at (138430000, 81600000) with pad 'D19:1' at (176530000, 81600000) using coordinate system rotated by 0 degree(s)
13:27:53: [INFO] Adding track segment (B.Cu): [(138430000, 81600000), (176530000, 81600000)]
13:27:53: [INFO] Could not add track segment due to detected collision
13:27:53: [INFO] Routing pad 'D19:1' at (176530000, 81600000) with pad 'D20:1' at (214630000, 81600000) using coordinate system rotated by 0 degree(s)
13:27:53: [INFO] Adding track segment (B.Cu): [(176530000, 81600000), (214630000, 81600000)]
13:27:53: [INFO] Could not add track segment due to detected collision
13:27:53: [INFO] Routing pad 'D20:1' at (214630000, 81600000) with pad 'D21:1' at (252730000, 81600000) using coordinate system rotated by 0 degree(s)
13:27:53: [INFO] Adding track segment (B.Cu): [(214630000, 81600000), (252730000, 81600000)]
13:27:53: [INFO] Could not add track segment due to detected collision
13:27:53: [INFO] Routing pad 'D21:1' at (252730000, 81600000) with pad 'D22:1' at (290830000, 81600000) using coordinate system rotated by 0 degree(s)
13:27:53: [INFO] Adding track segment (B.Cu): [(252730000, 81600000), (290830000, 81600000)]
13:27:53: [INFO] Could not add track segment due to detected collision
13:27:53: [INFO] Routing pad 'D22:1' at (290830000, 81600000) with pad 'D23:1' at (328930000, 81600000) using coordinate system rotated by 0 degree(s)
13:27:53: [INFO] Adding track segment (B.Cu): [(290830000, 81600000), (328930000, 81600000)]
13:27:53: [INFO] Could not add track segment due to detected collision
13:27:53: [INFO] Routing pad 'D23:1' at (328930000, 81600000) with pad 'D24:1' at (367030000, 81600000) using coordinate system rotated by 0 degree(s)
13:27:53: [INFO] Adding track segment (B.Cu): [(328930000, 81600000), (367030000, 81600000)]
13:27:53: [INFO] Could not add track segment due to detected collision
13:27:53: [INFO] Routing ROW1 pads
13:27:53: [INFO] Routing pad 'D9:1' at (119380000, 62550000) with pad 'D10:1' at (157480000, 62550000) using coordinate system rotated by 0 degree(s)
13:27:53: [INFO] Adding track segment (B.Cu): [(119380000, 62550000), (157480000, 62550000)]
13:27:53: [INFO] Could not add track segment due to detected collision
13:27:53: [INFO] Routing pad 'D10:1' at (157480000, 62550000) with pad 'D11:1' at (195580000, 62550000) using coordinate system rotated by 0 degree(s)
13:27:53: [INFO] Adding track segment (B.Cu): [(157480000, 62550000), (195580000, 62550000)]
13:27:53: [INFO] Could not add track segment due to detected collision
13:27:53: [INFO] Routing pad 'D11:1' at (195580000, 62550000) with pad 'D12:1' at (233680000, 62550000) using coordinate system rotated by 0 degree(s)
13:27:53: [INFO] Adding track segment (B.Cu): [(195580000, 62550000), (233680000, 62550000)]
13:27:53: [INFO] Could not add track segment due to detected collision
13:27:53: [INFO] Routing pad 'D12:1' at (233680000, 62550000) with pad 'D13:1' at (271780000, 62550000) using coordinate system rotated by 0 degree(s)
13:27:53: [INFO] Adding track segment (B.Cu): [(233680000, 62550000), (271780000, 62550000)]
13:27:53: [INFO] Could not add track segment due to detected collision
13:27:53: [INFO] Routing pad 'D13:1' at (271780000, 62550000) with pad 'D14:1' at (309880000, 62550000) using coordinate system rotated by 0 degree(s)
13:27:53: [INFO] Adding track segment (B.Cu): [(271780000, 62550000), (309880000, 62550000)]
13:27:53: [INFO] Could not add track segment due to detected collision
13:27:53: [INFO] Routing pad 'D14:1' at (309880000, 62550000) with pad 'D15:1' at (347980000, 62550000) using coordinate system rotated by 0 degree(s)
13:27:53: [INFO] Adding track segment (B.Cu): [(309880000, 62550000), (347980000, 62550000)]
13:27:53: [INFO] Could not add track segment due to detected collision
13:27:53: [INFO] Routing pad 'D15:1' at (347980000, 62550000) with pad 'D16:1' at (386080000, 62550000) using coordinate system rotated by 0 degree(s)
13:27:53: [INFO] Adding track segment (B.Cu): [(347980000, 62550000), (386080000, 62550000)]
13:27:53: [INFO] Could not add track segment due to detected collision
13:27:53: [INFO] Routing COL3 pads
13:27:53: [INFO] Routing pad 'SW4:1' at (205740000, 54610000) with pad 'SW20:1' at (205740000, 73660000) using coordinate system rotated by 0 degree(s)
13:27:53: [INFO] Adding track segment (F.Cu): [(205740000, 54610000), (205740000, 73660000)]
13:27:53: [INFO] Routing pad 'SW51:1' at (220027500, 111760000) with pad 'SW65:1' at (210502500, 130810000) using coordinate system rotated by 0 degree(s)
13:27:53: [INFO] Adding track segment (F.Cu): [(220027500, 111760000), (220027500, 121285000)]
13:27:53: [INFO] Adding track segment (F.Cu): [(220027500, 121285000), (210502500, 130810000)]
13:27:53: [INFO] Routing pad 'SW65:1' at (210502500, 130810000) with pad 'SW79:1' at (212883750, 149860000) using coordinate system rotated by 0 degree(s)
13:27:53: [INFO] Adding track segment (F.Cu): [(210502500, 130810000), (210502500, 147478750)]
13:27:53: [INFO] Adding track segment (F.Cu): [(210502500, 147478750), (212883750, 149860000)]
13:27:53: [INFO] Routing pad 'SW20:1' at (205740000, 73660000) with pad 'SW36:1' at (215265000, 92710000) using coordinate system rotated by 0 degree(s)
13:27:53: [INFO] Adding track segment (F.Cu): [(205740000, 73660000), (205740000, 83185000)]
13:27:53: [INFO] Adding track segment (F.Cu): [(205740000, 83185000), (215265000, 92710000)]
13:27:53: [INFO] Routing pad 'SW36:1' at (215265000, 92710000) with pad 'SW51:1' at (220027500, 111760000) using coordinate system rotated by 0 degree(s)
13:27:53: [INFO] Adding track segment (F.Cu): [(215265000, 92710000), (215265000, 106997500)]
13:27:53: [INFO] Adding track segment (F.Cu): [(215265000, 106997500), (220027500, 111760000)]
13:27:53: [INFO] Routing pad 'SW4:1' at (205740000, 54610000) with pad 'SW12:1' at (224790000, 54610000) using coordinate system rotated by 0 degree(s)
13:27:53: [INFO] Adding track segment (F.Cu): [(205740000, 54610000), (224790000, 54610000)]
13:27:53: [INFO] Routing pad 'SW20:1' at (205740000, 73660000) with pad 'SW28:1' at (224790000, 73660000) using coordinate system rotated by 0 degree(s)
13:27:53: [INFO] Adding track segment (F.Cu): [(205740000, 73660000), (224790000, 73660000)]
13:27:53: [INFO] Routing pad 'SW79:1' at (212883750, 149860000) with pad 'SW79a:1' at (224790000, 149860000) using coordinate system rotated by 0 degree(s)
13:27:53: [INFO] Adding track segment (F.Cu): [(212883750, 149860000), (224790000, 149860000)]
13:27:53: [INFO] Routing pad 'SW65:1' at (210502500, 130810000) with pad 'SW73:1' at (229552500, 130810000) using coordinate system rotated by 0 degree(s)
13:27:53: [INFO] Adding track segment (F.Cu): [(210502500, 130810000), (229552500, 130810000)]
13:27:53: [INFO] Routing pad 'SW36:1' at (215265000, 92710000) with pad 'SW44:1' at (234315000, 92710000) using coordinate system rotated by 0 degree(s)
13:27:53: [INFO] Adding track segment (F.Cu): [(215265000, 92710000), (234315000, 92710000)]
13:27:53: [INFO] Routing pad 'SW51:1' at (220027500, 111760000) with pad 'SW57:1' at (239077500, 111760000) using coordinate system rotated by 0 degree(s)
13:27:53: [INFO] Adding track segment (F.Cu): [(220027500, 111760000), (239077500, 111760000)]
13:27:53: [INFO] Routing ROW4 pads
13:27:53: [INFO] Routing pad 'D33:1' at (105092500, 100650000) with pad 'D34:1' at (147955000, 100650000) using coordinate system rotated by 0 degree(s)
13:27:53: [INFO] Adding track segment (B.Cu): [(105092500, 100650000), (147955000, 100650000)]
13:27:54: [INFO] Could not add track segment due to detected collision
13:27:54: [INFO] Routing pad 'D34:1' at (147955000, 100650000) with pad 'D35:1' at (186055000, 100650000) using coordinate system rotated by 0 degree(s)
13:27:54: [INFO] Adding track segment (B.Cu): [(147955000, 100650000), (186055000, 100650000)]
13:27:54: [INFO] Could not add track segment due to detected collision
13:27:54: [INFO] Routing pad 'D35:1' at (186055000, 100650000) with pad 'D36:1' at (224155000, 100650000) using coordinate system rotated by 0 degree(s)
13:27:54: [INFO] Adding track segment (B.Cu): [(186055000, 100650000), (224155000, 100650000)]
13:27:54: [INFO] Could not add track segment due to detected collision
13:27:54: [INFO] Routing pad 'D36:1' at (224155000, 100650000) with pad 'D37:1' at (262255000, 100650000) using coordinate system rotated by 0 degree(s)
13:27:54: [INFO] Adding track segment (B.Cu): [(224155000, 100650000), (262255000, 100650000)]
13:27:54: [INFO] Could not add track segment due to detected collision
13:27:54: [INFO] Routing pad 'D37:1' at (262255000, 100650000) with pad 'D38:1' at (300355000, 100650000) using coordinate system rotated by 0 degree(s)
13:27:54: [INFO] Adding track segment (B.Cu): [(262255000, 100650000), (300355000, 100650000)]
13:27:54: [INFO] Could not add track segment due to detected collision
13:27:54: [INFO] Routing pad 'D38:1' at (300355000, 100650000) with pad 'D39:1' at (338455000, 100650000) using coordinate system rotated by 0 degree(s)
13:27:54: [INFO] Adding track segment (B.Cu): [(300355000, 100650000), (338455000, 100650000)]
13:27:54: [INFO] Could not add track segment due to detected collision
13:27:54: [INFO] Routing pad 'D39:1' at (338455000, 100650000) with pad 'D40:1' at (362267500, 100650000) using coordinate system rotated by 0 degree(s)
13:27:54: [INFO] Adding track segment (B.Cu): [(338455000, 100650000), (362267500, 100650000)]
13:27:54: [INFO] Could not add track segment due to detected collision
13:27:54: [INFO] Routing COL7 pads
13:27:54: [INFO] Routing pad 'SW40a:1' at (334327500, 111760000) with pad 'SW40:1' at (353377500, 92710000) using coordinate system rotated by 0 degree(s)
13:27:54: [INFO] Routing pad 'SW82:1' at (358140000, 149860000) with pad 'SW82a:1' at (353377500, 149860000) using coordinate system rotated by 0 degree(s)
13:27:54: [INFO] Adding track segment (F.Cu): [(358140000, 149860000), (353377500, 149860000)]
13:27:54: [INFO] Routing pad 'SW24:1' at (358140000, 73660000) with pad 'SW8:1' at (358140000, 54610000) using coordinate system rotated by 0 degree(s)
13:27:54: [INFO] Adding track segment (F.Cu): [(358140000, 73660000), (358140000, 54610000)]
13:27:54: [INFO] Could not add track segment due to detected collision
13:27:54: [INFO] Routing pad 'SW40:1' at (353377500, 92710000) with pad 'SW24:1' at (358140000, 73660000) using coordinate system rotated by 0 degree(s)
13:27:54: [INFO] Routing pad 'SW76:1' at (377190000, 130810000) with pad 'SW69:1' at (358140000, 130810000) using coordinate system rotated by 0 degree(s)
13:27:54: [INFO] Adding track segment (F.Cu): [(377190000, 130810000), (358140000, 130810000)]
13:27:54: [INFO] Routing pad 'SW69:1' at (358140000, 130810000) with pad 'SW82:1' at (358140000, 149860000) using coordinate system rotated by 0 degree(s)
13:27:54: [INFO] Adding track segment (F.Cu): [(358140000, 130810000), (358140000, 149860000)]
13:27:54: [INFO] Could not add track segment due to detected collision
13:27:54: [INFO] Routing pad 'SW8:1' at (358140000, 54610000) with pad 'SW16:1' at (377190000, 54610000) using coordinate system rotated by 0 degree(s)
13:27:54: [INFO] Adding track segment (F.Cu): [(358140000, 54610000), (377190000, 54610000)]
13:27:54: [INFO] Routing pad 'SW24:1' at (358140000, 73660000) with pad 'SW32:1' at (377190000, 73660000) using coordinate system rotated by 0 degree(s)
13:27:54: [INFO] Adding track segment (F.Cu): [(358140000, 73660000), (377190000, 73660000)]
13:27:54: [INFO] Routing pad 'SW32:1' at (377190000, 73660000) with pad 'SW47:1' at (377190000, 92710000) using coordinate system rotated by 0 degree(s)
13:27:54: [INFO] Adding track segment (F.Cu): [(377190000, 73660000), (377190000, 92710000)]
13:27:54: [INFO] Routing pad 'SW47:1' at (377190000, 92710000) with pad 'SW61:1' at (377190000, 111760000) using coordinate system rotated by 0 degree(s)
13:27:54: [INFO] Adding track segment (F.Cu): [(377190000, 92710000), (377190000, 111760000)]
13:27:54: [INFO] Routing pad 'SW61:1' at (377190000, 111760000) with pad 'SW76:1' at (377190000, 130810000) using coordinate system rotated by 0 degree(s)
13:27:54: [INFO] Adding track segment (F.Cu): [(377190000, 111760000), (377190000, 130810000)]
13:27:54: [INFO] Routing pad 'SW76:1' at (377190000, 130810000) with pad 'SW86:1' at (377190000, 149860000) using coordinate system rotated by 0 degree(s)
13:27:54: [INFO] Adding track segment (F.Cu): [(377190000, 130810000), (377190000, 149860000)]
13:27:54: [INFO] Removing dangling tracks
