=== kbplacer.kle_serial ===
=== layout2image.py ===
=== kbplacer ===
13:31:34: [INFO] User layout: https://editor.keyboard-tools.xyz/#share=NrDeCIGNwLgAnAYgOyreAvgGgQBi7uDhAB6xy4B0ArDlOUpE85nfgExF5YDMX4+ACz981LqXJVq2bgDYRWZOPBl4ARhozwsgvx1rlqipro7Op3nqzCLY4iskmEOpfaNV20iwA4rATis1QgBdLAAoMHAAT0cvBDVdOgSDJKxzeMtUmwy7DPlU1zgJdSdwZESEcpTKtP5yvjpy7LKsXIhoeCQAQx7e-gB3cnYtcuQAHQA7Scn8QjdHTzoOhERmFhGsX0asAO2gw3INfARl7t6e1hrZaamJ-GqW8duZrANQiIhBkrjwdgr2hirNbQLR-B5-dK-TIIP7NP65KH5IoOb5abwVcDoh7oyHohoIdHNdEI9FI4rGRYIL5wDSU8D9TjfOgkRlwAC0Hh+6MK5M5aM2-HRuwJrxC4Uip0Q5wudGpGmQPx4-3onSBa0u4CVDyVkKV+M11n4SoRSrJKJppT8GKtDytkKt+qtzStbRVKzQ6FlQ0oni0VqU7wlgOlXQG3t9dEEyslwJBkde-CjkKj+qjzSjrqMGh+QQxuYeuchuf1ueauddkpDYfg7EoCq0ueuzwmCTmyKzPtoJ0BHtQGtzwvJteObrO52rFvrSXwTZuyX4uaec4Tgc+h1KtDb4Fo1TXqLotHSANVsYntanCFo2WPKyrWlomfXXdHapYXvgPE7DYS7Bukz+bY3mOfTvhaEbxAk170uu4HgGoCSunKX5JAkZpIbB8GKAc8CcksPa9v2CRbBBOwLskgHmkceGqneKGvH+ExgsoMbAmeyEkb+zZMcEwRAA
13:31:34: [INFO] Labels prefixes: for rows: 'ROW', for columns: 'COL'
13:31:34: [INFO] Matrix size: 11x10
13:31:34: [WARNING] Requested width 3.25u not available for SW_Cherry_MX_PCB, using 1.0u fallback
13:31:34: [WARNING] No stabilizer footprint for width 2.25u, using 2u as fallback
13:31:34: [WARNING] No stabilizer footprint for width 2.75u, using 2u as fallback
13:31:34: [WARNING] No stabilizer footprint for width 2.25u, using 2u as fallback
13:31:34: [WARNING] No stabilizer footprint for width 2.75u, using 2u as fallback
13:31:34: [WARNING] Unexpected stabilizer width 3.25u, no footprint will be set
13:31:34: [WARNING] No stabilizer footprint for width 2.25u, using 2u as fallback
13:31:35: [INFO] Add COL0 net
13:31:35: [INFO] Add COL1 net
13:31:35: [INFO] Add COL10 net
13:31:35: [INFO] Add COL2 net
13:31:35: [INFO] Add COL3 net
13:31:35: [INFO] Add COL4 net
13:31:35: [INFO] Add COL5 net
13:31:35: [INFO] Add COL6 net
13:31:35: [INFO] Add COL7 net
13:31:35: [INFO] Add COL8 net
13:31:35: [INFO] Add COL9 net
13:31:35: [INFO] Add Net-(D1-A) net
13:31:35: [INFO] Add Net-(D10-A) net
13:31:35: [INFO] Add Net-(D11-A) net
13:31:35: [INFO] Add Net-(D12-A) net
13:31:35: [INFO] Add Net-(D13-A) net
13:31:35: [INFO] Add Net-(D14-A) net
13:31:35: [INFO] Add Net-(D15-A) net
13:31:35: [INFO] Add Net-(D16-A) net
13:31:35: [INFO] Add Net-(D17-A) net
13:31:35: [INFO] Add Net-(D18-A) net
13:31:35: [INFO] Add Net-(D19-A) net
13:31:35: [INFO] Add Net-(D2-A) net
13:31:35: [INFO] Add Net-(D20-A) net
13:31:35: [INFO] Add Net-(D21-A) net
13:31:35: [INFO] Add Net-(D22-A) net
13:31:35: [INFO] Add Net-(D23-A) net
13:31:35: [INFO] Add Net-(D24-A) net
13:31:35: [INFO] Add Net-(D25-A) net
13:31:35: [INFO] Add Net-(D26-A) net
13:31:35: [INFO] Add Net-(D27-A) net
13:31:35: [INFO] Add Net-(D28-A) net
13:31:35: [INFO] Add Net-(D29-A) net
13:31:35: [INFO] Add Net-(D3-A) net
13:31:35: [INFO] Add Net-(D30-A) net
13:31:35: [INFO] Add Net-(D31-A) net
13:31:35: [INFO] Add Net-(D32-A) net
13:31:35: [INFO] Add Net-(D33-A) net
13:31:35: [INFO] Add Net-(D34-A) net
13:31:35: [INFO] Add Net-(D35-A) net
13:31:35: [INFO] Add Net-(D36-A) net
13:31:35: [INFO] Add Net-(D37-A) net
13:31:35: [INFO] Add Net-(D38-A) net
13:31:35: [INFO] Add Net-(D39-A) net
13:31:35: [INFO] Add Net-(D4-A) net
13:31:35: [INFO] Add Net-(D40-A) net
13:31:35: [INFO] Add Net-(D41-A) net
13:31:35: [INFO] Add Net-(D42-A) net
13:31:35: [INFO] Add Net-(D43-A) net
13:31:35: [INFO] Add Net-(D44-A) net
13:31:35: [INFO] Add Net-(D45-A) net
13:31:35: [INFO] Add Net-(D46-A) net
13:31:35: [INFO] Add Net-(D47-A) net
13:31:35: [INFO] Add Net-(D48-A) net
13:31:35: [INFO] Add Net-(D49-A) net
13:31:35: [INFO] Add Net-(D5-A) net
13:31:35: [INFO] Add Net-(D50-A) net
13:31:35: [INFO] Add Net-(D51-A) net
13:31:35: [INFO] Add Net-(D52-A) net
13:31:35: [INFO] Add Net-(D53-A) net
13:31:35: [INFO] Add Net-(D54-A) net
13:31:35: [INFO] Add Net-(D55-A) net
13:31:35: [INFO] Add Net-(D56-A) net
13:31:35: [INFO] Add Net-(D57-A) net
13:31:35: [INFO] Add Net-(D58-A) net
13:31:35: [INFO] Add Net-(D59-A) net
13:31:35: [INFO] Add Net-(D6-A) net
13:31:35: [INFO] Add Net-(D60-A) net
13:31:35: [INFO] Add Net-(D61-A) net
13:31:35: [INFO] Add Net-(D62-A) net
13:31:35: [INFO] Add Net-(D63-A) net
13:31:35: [INFO] Add Net-(D64-A) net
13:31:35: [INFO] Add Net-(D65-A) net
13:31:35: [INFO] Add Net-(D66-A) net
13:31:35: [INFO] Add Net-(D67-A) net
13:31:35: [INFO] Add Net-(D68-A) net
13:31:35: [INFO] Add Net-(D69-A) net
13:31:35: [INFO] Add Net-(D7-A) net
13:31:35: [INFO] Add Net-(D70-A) net
13:31:35: [INFO] Add Net-(D71-A) net
13:31:35: [INFO] Add Net-(D72-A) net
13:31:35: [INFO] Add Net-(D73-A) net
13:31:35: [INFO] Add Net-(D74-A) net
13:31:35: [INFO] Add Net-(D75-A) net
13:31:35: [INFO] Add Net-(D76-A) net
13:31:35: [INFO] Add Net-(D77-A) net
13:31:35: [INFO] Add Net-(D78-A) net
13:31:35: [INFO] Add Net-(D79-A) net
13:31:35: [INFO] Add Net-(D8-A) net
13:31:35: [INFO] Add Net-(D80-A) net
13:31:35: [INFO] Add Net-(D81-A) net
13:31:35: [INFO] Add Net-(D82-A) net
13:31:35: [INFO] Add Net-(D83-A) net
13:31:35: [INFO] Add Net-(D84-A) net
13:31:35: [INFO] Add Net-(D85-A) net
13:31:35: [INFO] Add Net-(D86-A) net
13:31:35: [INFO] Add Net-(D87-A) net
13:31:35: [INFO] Add Net-(D88-A) net
13:31:35: [INFO] Add Net-(D89-A) net
13:31:35: [INFO] Add Net-(D9-A) net
13:31:35: [INFO] Add Net-(D90-A) net
13:31:35: [INFO] Add Net-(D91-A) net
13:31:35: [INFO] Add Net-(D92-A) net
13:31:35: [INFO] Add Net-(D93-A) net
13:31:35: [INFO] Add Net-(D94-A) net
13:31:35: [INFO] Add Net-(D95-A) net
13:31:35: [INFO] Add Net-(D96-A) net
13:31:35: [INFO] Add Net-(D97-A) net
13:31:35: [INFO] Add ROW0 net
13:31:35: [INFO] Add ROW1 net
13:31:35: [INFO] Add ROW10 net
13:31:35: [INFO] Add ROW11 net
13:31:35: [INFO] Add ROW2 net
13:31:35: [INFO] Add ROW3 net
13:31:35: [INFO] Add ROW4 net
13:31:35: [INFO] Add ROW5 net
13:31:35: [INFO] Add ROW6 net
13:31:35: [INFO] Add ROW7 net
13:31:35: [INFO] Add ROW8 net
13:31:35: [INFO] Add ROW9 net
13:31:35: [INFO] Add SW1 footprint
13:31:35: [INFO] Add D1 footprint
13:31:35: [INFO] Add SW2 footprint
13:31:35: [INFO] Add D2 footprint
13:31:35: [INFO] Add SW3 footprint
13:31:35: [INFO] Add D3 footprint
13:31:35: [INFO] Add SW4 footprint
13:31:35: [INFO] Add D4 footprint
13:31:35: [INFO] Add SW5 footprint
13:31:35: [INFO] Add D5 footprint
13:31:35: [INFO] Add SW6 footprint
13:31:35: [INFO] Add D6 footprint
13:31:35: [INFO] Add SW7 footprint
13:31:35: [INFO] Add D7 footprint
13:31:35: [INFO] Add SW8 footprint
13:31:35: [INFO] Add D8 footprint
13:31:35: [INFO] Add SW9 footprint
13:31:35: [INFO] Add D9 footprint
13:31:35: [INFO] Add SW10 footprint
13:31:35: [INFO] Add D10 footprint
13:31:35: [INFO] Add SW11 footprint
13:31:35: [INFO] Add D11 footprint
13:31:35: [INFO] Add SW12 footprint
13:31:35: [INFO] Add D12 footprint
13:31:35: [INFO] Add SW13 footprint
13:31:36: [INFO] Add D13 footprint
13:31:36: [INFO] Add SW14 footprint
13:31:36: [INFO] Add D14 footprint
13:31:36: [INFO] Add SW15 footprint
13:31:36: [INFO] Add D15 footprint
13:31:36: [INFO] Add SW16 footprint
13:31:36: [INFO] Add D16 footprint
13:31:36: [INFO] Add SW17 footprint
13:31:36: [INFO] Add D17 footprint
13:31:36: [INFO] Add SW18 footprint
13:31:36: [INFO] Add D18 footprint
13:31:36: [INFO] Add SW19 footprint
13:31:36: [INFO] Add D19 footprint
13:31:36: [INFO] Add SW20 footprint
13:31:36: [INFO] Add D20 footprint
13:31:36: [INFO] Add SW21 footprint
13:31:36: [INFO] Add D21 footprint
13:31:36: [INFO] Add SW22 footprint
13:31:36: [INFO] Add D22 footprint
13:31:36: [INFO] Add SW23 footprint
13:31:36: [INFO] Add D23 footprint
13:31:36: [INFO] Add SW24 footprint
13:31:36: [INFO] Add D24 footprint
13:31:36: [INFO] Add SW25 footprint
13:31:36: [INFO] Add D25 footprint
13:31:36: [INFO] Add SW26 footprint
13:31:36: [INFO] Add D26 footprint
13:31:36: [INFO] Add SW27 footprint
13:31:36: [INFO] Add D27 footprint
13:31:36: [INFO] Add SW28 footprint
13:31:36: [INFO] Add D28 footprint
13:31:36: [INFO] Add SW29 footprint
13:31:37: [INFO] Add D29 footprint
13:31:37: [INFO] Add SW30 footprint
13:31:37: [INFO] Add D30 footprint
13:31:37: [WARNING] No stabilizer footprint for width 2.25u, using 2u as fallback
13:31:37: [INFO] Add ST30 footprint
13:31:37: [INFO] Add SW31 footprint
13:31:37: [INFO] Add D31 footprint
13:31:37: [INFO] Add SW32 footprint
13:31:37: [INFO] Add D32 footprint
13:31:37: [INFO] Add SW33 footprint
13:31:37: [INFO] Add D33 footprint
13:31:37: [INFO] Add SW34 footprint
13:31:37: [INFO] Add D34 footprint
13:31:37: [INFO] Add SW35 footprint
13:31:37: [INFO] Add D35 footprint
13:31:37: [INFO] Add SW36 footprint
13:31:37: [INFO] Add D36 footprint
13:31:37: [INFO] Add SW37 footprint
13:31:37: [INFO] Add D37 footprint
13:31:37: [INFO] Add SW38 footprint
13:31:37: [INFO] Add D38 footprint
13:31:37: [INFO] Add SW39 footprint
13:31:37: [INFO] Add D39 footprint
13:31:37: [WARNING] No stabilizer footprint for width 2.75u, using 2u as fallback
13:31:37: [INFO] Add ST39 footprint
13:31:37: [INFO] Add SW40 footprint
13:31:37: [INFO] Add D40 footprint
13:31:37: [INFO] Add SW41 footprint
13:31:37: [INFO] Add D41 footprint
13:31:37: [INFO] Add SW42 footprint
13:31:37: [INFO] Add D42 footprint
13:31:37: [INFO] Add SW43 footprint
13:31:37: [INFO] Add D43 footprint
13:31:37: [INFO] Add SW44 footprint
13:31:37: [INFO] Add D44 footprint
13:31:38: [INFO] Add SW45 footprint
13:31:38: [INFO] Add D45 footprint
13:31:38: [INFO] Add SW46 footprint
13:31:38: [INFO] Add D46 footprint
13:31:38: [INFO] Add SW47 footprint
13:31:38: [INFO] Add D47 footprint
13:31:38: [INFO] Add SW48 footprint
13:31:38: [INFO] Add D48 footprint
13:31:38: [INFO] Add SW49 footprint
13:31:38: [INFO] Add D49 footprint
13:31:38: [INFO] Add SW50 footprint
13:31:38: [INFO] Add D50 footprint
13:31:38: [INFO] Add SW51 footprint
13:31:38: [INFO] Add D51 footprint
13:31:38: [INFO] Add SW52 footprint
13:31:38: [INFO] Add D52 footprint
13:31:38: [INFO] Add SW53 footprint
13:31:38: [INFO] Add D53 footprint
13:31:38: [INFO] Add SW54 footprint
13:31:38: [INFO] Add D54 footprint
13:31:38: [INFO] Add SW55 footprint
13:31:38: [INFO] Add D55 footprint
13:31:38: [INFO] Add SW56 footprint
13:31:38: [INFO] Add D56 footprint
13:31:38: [INFO] Add SW57 footprint
13:31:38: [INFO] Add D57 footprint
13:31:38: [INFO] Add SW58 footprint
13:31:38: [INFO] Add D58 footprint
13:31:38: [INFO] Add ST58 footprint
13:31:38: [INFO] Add SW58a footprint
13:31:38: [INFO] Add SW59 footprint
13:31:38: [INFO] Add D59 footprint
13:31:38: [INFO] Add SW60 footprint
13:31:39: [INFO] Add D60 footprint
13:31:39: [INFO] Add SW61 footprint
13:31:39: [INFO] Add D61 footprint
13:31:39: [INFO] Add SW62 footprint
13:31:39: [INFO] Add D62 footprint
13:31:39: [INFO] Add SW63 footprint
13:31:39: [INFO] Add D63 footprint
13:31:39: [INFO] Add SW64 footprint
13:31:39: [INFO] Add D64 footprint
13:31:39: [INFO] Add SW65 footprint
13:31:39: [INFO] Add D65 footprint
13:31:39: [INFO] Add SW66 footprint
13:31:39: [INFO] Add D66 footprint
13:31:39: [INFO] Add SW67 footprint
13:31:39: [INFO] Add D67 footprint
13:31:39: [INFO] Add SW68 footprint
13:31:39: [INFO] Add D68 footprint
13:31:39: [INFO] Add SW69 footprint
13:31:39: [INFO] Add D69 footprint
13:31:39: [INFO] Add SW70 footprint
13:31:39: [INFO] Add D70 footprint
13:31:39: [INFO] Add SW71 footprint
13:31:39: [INFO] Add D71 footprint
13:31:39: [INFO] Add SW72 footprint
13:31:39: [INFO] Add D72 footprint
13:31:39: [INFO] Add SW73 footprint
13:31:39: [INFO] Add D73 footprint
13:31:39: [INFO] Add SW74 footprint
13:31:39: [INFO] Add D74 footprint
13:31:39: [INFO] Add SW75 footprint
13:31:39: [INFO] Add D75 footprint
13:31:40: [INFO] Add SW76 footprint
13:31:40: [INFO] Add D76 footprint
13:31:40: [INFO] Add SW77 footprint
13:31:40: [INFO] Add D77 footprint
13:31:40: [INFO] Add SW78 footprint
13:31:40: [INFO] Add D78 footprint
13:31:40: [INFO] Add SW79 footprint
13:31:40: [INFO] Add D79 footprint
13:31:40: [WARNING] No stabilizer footprint for width 2.25u, using 2u as fallback
13:31:40: [INFO] Add ST79 footprint
13:31:40: [INFO] Add SW80 footprint
13:31:40: [INFO] Add D80 footprint
13:31:40: [INFO] Add SW81 footprint
13:31:40: [INFO] Add D81 footprint
13:31:40: [INFO] Add SW82 footprint
13:31:40: [INFO] Add D82 footprint
13:31:40: [INFO] Add SW83 footprint
13:31:40: [INFO] Add D83 footprint
13:31:40: [INFO] Add SW84 footprint
13:31:40: [INFO] Add D84 footprint
13:31:40: [INFO] Add SW85 footprint
13:31:40: [INFO] Add D85 footprint
13:31:40: [INFO] Add SW86 footprint
13:31:40: [INFO] Add D86 footprint
13:31:40: [WARNING] No stabilizer footprint for width 2.75u, using 2u as fallback
13:31:40: [INFO] Add ST86 footprint
13:31:40: [INFO] Add SW86a footprint
13:31:40: [INFO] Add SW87 footprint
13:31:40: [INFO] Add D87 footprint
13:31:40: [INFO] Add SW88 footprint
13:31:40: [INFO] Add D88 footprint
13:31:40: [INFO] Add SW89 footprint
13:31:40: [INFO] Add D89 footprint
13:31:40: [WARNING] Requested width 3.25u not available for SW_Cherry_MX_PCB, using 1.0u fallback
13:31:40: [INFO] Add SW90 footprint
13:31:40: [INFO] Add D90 footprint
13:31:40: [WARNING] Unexpected stabilizer width 3.25u, no footprint will be set
13:31:40: [INFO] Add SW90a footprint
13:31:40: [WARNING] No stabilizer footprint for width 2.25u, using 2u as fallback
13:31:40: [INFO] Add ST90a footprint
13:31:41: [INFO] Add SW91 footprint
13:31:41: [INFO] Add D91 footprint
13:31:41: [INFO] Add SW92 footprint
13:31:41: [INFO] Add D92 footprint
13:31:41: [INFO] Add SW93 footprint
13:31:41: [INFO] Add D93 footprint
13:31:41: [INFO] Add SW94 footprint
13:31:41: [INFO] Add D94 footprint
13:31:41: [INFO] Add SW95 footprint
13:31:41: [INFO] Add D95 footprint
13:31:41: [INFO] Add SW96 footprint
13:31:41: [INFO] Add D96 footprint
13:31:41: [INFO] Add SW97 footprint
13:31:41: [INFO] Add D97 footprint
13:31:41: [INFO] Detected layout convertible to matrix annotated keyboard
13:31:41: [INFO] Using key 1U distance: (19.05, 19.05) mm
13:31:41: [INFO] Layout offset: (28575000, 28575000)
13:31:41: [INFO] Diode info: [ElementInfo(annotation_format='D{}', position_option=<PositionOption.CUSTOM: 'Custom'>, position=ElementPosition(x=5.08, y=4.0, orientation=90.0, side=<Side.BACK: 'Back'>), template_path='', start_index=-1)]
13:31:41: [INFO] Placing additional elements for SW97
13:31:41: [INFO] Placing additional elements for SW96
13:31:41: [INFO] Placing additional elements for SW95
13:31:41: [INFO] Placing additional elements for SW94
13:31:41: [INFO] Placing additional elements for SW93
13:31:41: [INFO] Placing additional elements for SW92
13:31:41: [INFO] Placing additional elements for SW91
13:31:41: [INFO] Placing additional elements for SW90a
13:31:41: [INFO] Placing additional elements for SW90
13:31:41: [INFO] Placing additional elements for SW89
13:31:41: [INFO] Placing additional elements for SW88
13:31:41: [INFO] Placing additional elements for SW87
13:31:41: [INFO] Placing additional elements for SW86a
13:31:41: [INFO] Placing additional elements for SW86
13:31:41: [INFO] Placing additional elements for SW85
13:31:41: [INFO] Placing additional elements for SW84
13:31:41: [INFO] Placing additional elements for SW83
13:31:41: [INFO] Placing additional elements for SW82
13:31:41: [INFO] Placing additional elements for SW81
13:31:41: [INFO] Placing additional elements for SW80
13:31:41: [INFO] Placing additional elements for SW79
13:31:41: [INFO] Placing additional elements for SW78
13:31:41: [INFO] Placing additional elements for SW77
13:31:41: [INFO] Placing additional elements for SW76
13:31:41: [INFO] Placing additional elements for SW75
13:31:41: [INFO] Placing additional elements for SW74
13:31:41: [INFO] Placing additional elements for SW73
13:31:41: [INFO] Placing additional elements for SW72
13:31:41: [INFO] Placing additional elements for SW71
13:31:41: [INFO] Placing additional elements for SW70
13:31:41: [INFO] Placing additional elements for SW69
13:31:41: [INFO] Placing additional elements for SW68
13:31:41: [INFO] Placing additional elements for SW67
13:31:41: [INFO] Placing additional elements for SW66
13:31:41: [INFO] Placing additional elements for SW65
13:31:41: [INFO] Placing additional elements for SW64
13:31:41: [INFO] Placing additional elements for SW63
13:31:41: [INFO] Placing additional elements for SW62
13:31:41: [INFO] Placing additional elements for SW61
13:31:41: [INFO] Placing additional elements for SW60
13:31:41: [INFO] Placing additional elements for SW59
13:31:41: [INFO] Placing additional elements for SW58a
13:31:41: [INFO] Placing additional elements for SW58
13:31:41: [INFO] Placing additional elements for SW57
13:31:41: [INFO] Placing additional elements for SW56
13:31:41: [INFO] Placing additional elements for SW55
13:31:41: [INFO] Placing additional elements for SW54
13:31:41: [INFO] Placing additional elements for SW53
13:31:41: [INFO] Placing additional elements for SW52
13:31:41: [INFO] Placing additional elements for SW51
13:31:41: [INFO] Placing additional elements for SW50
13:31:41: [INFO] Placing additional elements for SW49
13:31:41: [INFO] Placing additional elements for SW48
13:31:41: [INFO] Placing additional elements for SW47
13:31:41: [INFO] Placing additional elements for SW46
13:31:41: [INFO] Placing additional elements for SW45
13:31:41: [INFO] Placing additional elements for SW44
13:31:41: [INFO] Placing additional elements for SW43
13:31:41: [INFO] Placing additional elements for SW42
13:31:41: [INFO] Placing additional elements for SW41
13:31:41: [INFO] Placing additional elements for SW40
13:31:41: [INFO] Placing additional elements for SW39
13:31:41: [INFO] Placing additional elements for SW38
13:31:41: [INFO] Placing additional elements for SW37
13:31:41: [INFO] Placing additional elements for SW36
13:31:41: [INFO] Placing additional elements for SW35
13:31:41: [INFO] Placing additional elements for SW34
13:31:41: [INFO] Placing additional elements for SW33
13:31:41: [INFO] Placing additional elements for SW32
13:31:41: [INFO] Placing additional elements for SW31
13:31:41: [INFO] Placing additional elements for SW30
13:31:41: [INFO] Placing additional elements for SW29
13:31:41: [INFO] Placing additional elements for SW28
13:31:41: [INFO] Placing additional elements for SW27
13:31:41: [INFO] Placing additional elements for SW26
13:31:41: [INFO] Placing additional elements for SW25
13:31:41: [INFO] Placing additional elements for SW24
13:31:41: [INFO] Placing additional elements for SW23
13:31:41: [INFO] Placing additional elements for SW22
13:31:41: [INFO] Placing additional elements for SW21
13:31:41: [INFO] Placing additional elements for SW20
13:31:41: [INFO] Placing additional elements for SW19
13:31:41: [INFO] Placing additional elements for SW18
13:31:41: [INFO] Placing additional elements for SW17
13:31:41: [INFO] Placing additional elements for SW16
13:31:41: [INFO] Placing additional elements for SW15
13:31:41: [INFO] Placing additional elements for SW14
13:31:41: [INFO] Placing additional elements for SW13
13:31:41: [INFO] Placing additional elements for SW12
13:31:41: [INFO] Placing additional elements for SW11
13:31:41: [INFO] Placing additional elements for SW10
13:31:41: [INFO] Placing additional elements for SW9
13:31:41: [INFO] Placing additional elements for SW8
13:31:41: [INFO] Placing additional elements for SW7
13:31:41: [INFO] Placing additional elements for SW6
13:31:41: [INFO] Placing additional elements for SW5
13:31:41: [INFO] Placing additional elements for SW4
13:31:41: [INFO] Placing additional elements for SW3
13:31:41: [INFO] Placing additional elements for SW2
13:31:41: [INFO] Placing additional elements for SW1
13:31:41: [INFO] Routing SW97 with D97
13:31:41: [INFO] Using internal autorouter method
13:31:41: [INFO] Routing pad 'SW97:2' at (416877500, 137795000) with pad 'D97:2' at (419417500, 145475000) using coordinate system rotated by 0 degree(s)
13:31:41: [INFO] Adding track segment (B.Cu): [(416877500, 137795000), (416877500, 142935000)]
13:31:41: [INFO] Adding track segment (B.Cu): [(416877500, 142935000), (419417500, 145475000)]
13:31:41: [INFO] Routing SW96 with D96
13:31:41: [INFO] Using internal autorouter method
13:31:41: [INFO] Routing pad 'SW96:2' at (397827500, 137795000) with pad 'D96:2' at (400367500, 145475000) using coordinate system rotated by 0 degree(s)
13:31:41: [INFO] Adding track segment (B.Cu): [(397827500, 137795000), (397827500, 142935000)]
13:31:41: [INFO] Adding track segment (B.Cu): [(397827500, 142935000), (400367500, 145475000)]
13:31:41: [INFO] Routing SW95 with D95
13:31:41: [INFO] Using internal autorouter method
13:31:41: [INFO] Routing pad 'SW95:2' at (378777500, 137795000) with pad 'D95:2' at (381317500, 145475000) using coordinate system rotated by 0 degree(s)
13:31:41: [INFO] Adding track segment (B.Cu): [(378777500, 137795000), (378777500, 142935000)]
13:31:41: [INFO] Adding track segment (B.Cu): [(378777500, 142935000), (381317500, 145475000)]
13:31:41: [INFO] Routing SW94 with D94
13:31:41: [INFO] Using internal autorouter method
13:31:41: [INFO] Routing pad 'SW94:2' at (352583750, 137795000) with pad 'D94:2' at (355123750, 145475000) using coordinate system rotated by 0 degree(s)
13:31:41: [INFO] Adding track segment (B.Cu): [(352583750, 137795000), (352583750, 142935000)]
13:31:41: [INFO] Adding track segment (B.Cu): [(352583750, 142935000), (355123750, 145475000)]
13:31:41: [INFO] Routing SW93 with D93
13:31:41: [INFO] Using internal autorouter method
13:31:41: [INFO] Routing pad 'SW93:2' at (328771250, 137795000) with pad 'D93:2' at (331311250, 145475000) using coordinate system rotated by 0 degree(s)
13:31:41: [INFO] Adding track segment (B.Cu): [(328771250, 137795000), (328771250, 142935000)]
13:31:41: [INFO] Adding track segment (B.Cu): [(328771250, 142935000), (331311250, 145475000)]
13:31:41: [INFO] Routing SW92 with D92
13:31:41: [INFO] Using internal autorouter method
13:31:41: [INFO] Routing pad 'SW92:2' at (304958750, 137795000) with pad 'D92:2' at (307498750, 145475000) using coordinate system rotated by 0 degree(s)
13:31:41: [INFO] Adding track segment (B.Cu): [(304958750, 137795000), (304958750, 142935000)]
13:31:41: [INFO] Adding track segment (B.Cu): [(304958750, 142935000), (307498750, 145475000)]
13:31:41: [INFO] Routing SW91 with D91
13:31:41: [INFO] Using internal autorouter method
13:31:41: [INFO] Routing pad 'SW91:2' at (281146250, 137795000) with pad 'D91:2' at (283686250, 145475000) using coordinate system rotated by 0 degree(s)
13:31:41: [INFO] Adding track segment (B.Cu): [(281146250, 137795000), (281146250, 142935000)]
13:31:41: [INFO] Adding track segment (B.Cu): [(281146250, 142935000), (283686250, 145475000)]
13:31:41: [INFO] Routing SW90a with D90
13:31:41: [INFO] Using internal autorouter method
13:31:41: [INFO] Routing pad 'SW90a:2' at (247808750, 137795000) with pad 'D90:2' at (240823750, 145475000) using coordinate system rotated by 0 degree(s)
13:31:41: [INFO] Routing SW90 with D90
13:31:41: [INFO] Using internal autorouter method
13:31:41: [INFO] Routing pad 'SW90:2' at (238283750, 137795000) with pad 'D90:2' at (240823750, 145475000) using coordinate system rotated by 0 degree(s)
13:31:41: [INFO] Adding track segment (B.Cu): [(238283750, 137795000), (238283750, 142935000)]
13:31:41: [INFO] Adding track segment (B.Cu): [(238283750, 142935000), (240823750, 145475000)]
13:31:41: [INFO] Routing SW89 with D89
13:31:41: [INFO] Using internal autorouter method
13:31:41: [INFO] Routing pad 'SW89:2' at (216852500, 137795000) with pad 'D89:2' at (219392500, 145475000) using coordinate system rotated by 0 degree(s)
13:31:41: [INFO] Adding track segment (B.Cu): [(216852500, 137795000), (216852500, 142935000)]
13:31:41: [INFO] Adding track segment (B.Cu): [(216852500, 142935000), (219392500, 145475000)]
13:31:41: [INFO] Routing SW88 with D88
13:31:41: [INFO] Using internal autorouter method
13:31:41: [INFO] Routing pad 'SW88:2' at (397827500, 118745000) with pad 'D88:2' at (400367500, 126425000) using coordinate system rotated by 0 degree(s)
13:31:41: [INFO] Adding track segment (B.Cu): [(397827500, 118745000), (397827500, 123885000)]
13:31:41: [INFO] Adding track segment (B.Cu): [(397827500, 123885000), (400367500, 126425000)]
13:31:41: [INFO] Routing SW87 with D87
13:31:41: [INFO] Using internal autorouter method
13:31:41: [INFO] Routing pad 'SW87:2' at (354965000, 118745000) with pad 'D87:2' at (357505000, 126425000) using coordinate system rotated by 0 degree(s)
13:31:41: [INFO] Adding track segment (B.Cu): [(354965000, 118745000), (354965000, 123885000)]
13:31:41: [INFO] Adding track segment (B.Cu): [(354965000, 123885000), (357505000, 126425000)]
13:31:41: [INFO] Routing SW86a with D86
13:31:41: [INFO] Using internal autorouter method
13:31:41: [INFO] Routing pad 'SW86a:2' at (328771250, 118745000) with pad 'D86:2' at (340836250, 126425000) using coordinate system rotated by 0 degree(s)
13:31:41: [INFO] Routing SW86 with D86
13:31:41: [INFO] Using internal autorouter method
13:31:41: [INFO] Routing pad 'SW86:2' at (338296250, 118745000) with pad 'D86:2' at (340836250, 126425000) using coordinate system rotated by 0 degree(s)
13:31:41: [INFO] Adding track segment (B.Cu): [(338296250, 118745000), (338296250, 123885000)]
13:31:41: [INFO] Adding track segment (B.Cu): [(338296250, 123885000), (340836250, 126425000)]
13:31:41: [INFO] Routing SW85 with D85
13:31:41: [INFO] Using internal autorouter method
13:31:41: [INFO] Routing pad 'SW85:2' at (302577500, 118745000) with pad 'D85:2' at (305117500, 126425000) using coordinate system rotated by 0 degree(s)
13:31:41: [INFO] Adding track segment (B.Cu): [(302577500, 118745000), (302577500, 123885000)]
13:31:41: [INFO] Adding track segment (B.Cu): [(302577500, 123885000), (305117500, 126425000)]
13:31:41: [INFO] Routing SW84 with D84
13:31:41: [INFO] Using internal autorouter method
13:31:41: [INFO] Routing pad 'SW84:2' at (283527500, 118745000) with pad 'D84:2' at (286067500, 126425000) using coordinate system rotated by 0 degree(s)
13:31:41: [INFO] Adding track segment (B.Cu): [(283527500, 118745000), (283527500, 123885000)]
13:31:42: [INFO] Adding track segment (B.Cu): [(283527500, 123885000), (286067500, 126425000)]
13:31:42: [INFO] Routing SW83 with D83
13:31:42: [INFO] Using internal autorouter method
13:31:42: [INFO] Routing pad 'SW83:2' at (264477500, 118745000) with pad 'D83:2' at (267017500, 126425000) using coordinate system rotated by 0 degree(s)
13:31:42: [INFO] Adding track segment (B.Cu): [(264477500, 118745000), (264477500, 123885000)]
13:31:42: [INFO] Adding track segment (B.Cu): [(264477500, 123885000), (267017500, 126425000)]
13:31:42: [INFO] Routing SW82 with D82
13:31:42: [INFO] Using internal autorouter method
13:31:42: [INFO] Routing pad 'SW82:2' at (245427500, 118745000) with pad 'D82:2' at (247967500, 126425000) using coordinate system rotated by 0 degree(s)
13:31:42: [INFO] Adding track segment (B.Cu): [(245427500, 118745000), (245427500, 123885000)]
13:31:42: [INFO] Adding track segment (B.Cu): [(245427500, 123885000), (247967500, 126425000)]
13:31:42: [INFO] Routing SW81 with D81
13:31:42: [INFO] Using internal autorouter method
13:31:42: [INFO] Routing pad 'SW81:2' at (226377500, 118745000) with pad 'D81:2' at (228917500, 126425000) using coordinate system rotated by 0 degree(s)
13:31:42: [INFO] Adding track segment (B.Cu): [(226377500, 118745000), (226377500, 123885000)]
13:31:42: [INFO] Adding track segment (B.Cu): [(226377500, 123885000), (228917500, 126425000)]
13:31:42: [INFO] Routing SW80 with D80
13:31:42: [INFO] Using internal autorouter method
13:31:42: [INFO] Routing pad 'SW80:2' at (207327500, 118745000) with pad 'D80:2' at (209867500, 126425000) using coordinate system rotated by 0 degree(s)
13:31:42: [INFO] Adding track segment (B.Cu): [(207327500, 118745000), (207327500, 123885000)]
13:31:42: [INFO] Adding track segment (B.Cu): [(207327500, 123885000), (209867500, 126425000)]
13:31:42: [INFO] Routing SW79 with D79
13:31:42: [INFO] Using internal autorouter method
13:31:42: [INFO] Routing pad 'SW79:2' at (343058750, 99695000) with pad 'D79:2' at (345598750, 107375000) using coordinate system rotated by 0 degree(s)
13:31:42: [INFO] Adding track segment (B.Cu): [(343058750, 99695000), (343058750, 104835000)]
13:31:42: [INFO] Adding track segment (B.Cu): [(343058750, 104835000), (345598750, 107375000)]
13:31:42: [INFO] Routing SW78 with D78
13:31:42: [INFO] Using internal autorouter method
13:31:42: [INFO] Routing pad 'SW78:2' at (312102500, 99695000) with pad 'D78:2' at (314642500, 107375000) using coordinate system rotated by 0 degree(s)
13:31:42: [INFO] Adding track segment (B.Cu): [(312102500, 99695000), (312102500, 104835000)]
13:31:42: [INFO] Adding track segment (B.Cu): [(312102500, 104835000), (314642500, 107375000)]
13:31:42: [INFO] Routing SW77 with D77
13:31:42: [INFO] Using internal autorouter method
13:31:42: [INFO] Routing pad 'SW77:2' at (293052500, 99695000) with pad 'D77:2' at (295592500, 107375000) using coordinate system rotated by 0 degree(s)
13:31:42: [INFO] Adding track segment (B.Cu): [(293052500, 99695000), (293052500, 104835000)]
13:31:42: [INFO] Adding track segment (B.Cu): [(293052500, 104835000), (295592500, 107375000)]
13:31:42: [INFO] Routing SW76 with D76
13:31:42: [INFO] Using internal autorouter method
13:31:42: [INFO] Routing pad 'SW76:2' at (274002500, 99695000) with pad 'D76:2' at (276542500, 107375000) using coordinate system rotated by 0 degree(s)
13:31:42: [INFO] Adding track segment (B.Cu): [(274002500, 99695000), (274002500, 104835000)]
13:31:42: [INFO] Adding track segment (B.Cu): [(274002500, 104835000), (276542500, 107375000)]
13:31:42: [INFO] Routing SW75 with D75
13:31:42: [INFO] Using internal autorouter method
13:31:42: [INFO] Routing pad 'SW75:2' at (254952500, 99695000) with pad 'D75:2' at (257492500, 107375000) using coordinate system rotated by 0 degree(s)
13:31:42: [INFO] Adding track segment (B.Cu): [(254952500, 99695000), (254952500, 104835000)]
13:31:42: [INFO] Adding track segment (B.Cu): [(254952500, 104835000), (257492500, 107375000)]
13:31:42: [INFO] Routing SW74 with D74
13:31:42: [INFO] Using internal autorouter method
13:31:42: [INFO] Routing pad 'SW74:2' at (235902500, 99695000) with pad 'D74:2' at (238442500, 107375000) using coordinate system rotated by 0 degree(s)
13:31:42: [INFO] Adding track segment (B.Cu): [(235902500, 99695000), (235902500, 104835000)]
13:31:42: [INFO] Adding track segment (B.Cu): [(235902500, 104835000), (238442500, 107375000)]
13:31:42: [INFO] Routing SW73 with D73
13:31:42: [INFO] Using internal autorouter method
13:31:42: [INFO] Routing pad 'SW73:2' at (216852500, 99695000) with pad 'D73:2' at (219392500, 107375000) using coordinate system rotated by 0 degree(s)
13:31:42: [INFO] Adding track segment (B.Cu): [(216852500, 99695000), (216852500, 104835000)]
13:31:42: [INFO] Adding track segment (B.Cu): [(216852500, 104835000), (219392500, 107375000)]
13:31:42: [INFO] Routing SW72 with D72
13:31:42: [INFO] Using internal autorouter method
13:31:42: [INFO] Routing pad 'SW72:2' at (416877500, 80645000) with pad 'D72:2' at (419417500, 88325000) using coordinate system rotated by 0 degree(s)
13:31:42: [INFO] Adding track segment (B.Cu): [(416877500, 80645000), (416877500, 85785000)]
13:31:42: [INFO] Adding track segment (B.Cu): [(416877500, 85785000), (419417500, 88325000)]
13:31:42: [INFO] Routing SW71 with D71
13:31:42: [INFO] Using internal autorouter method
13:31:42: [INFO] Routing pad 'SW71:2' at (397827500, 80645000) with pad 'D71:2' at (400367500, 88325000) using coordinate system rotated by 0 degree(s)
13:31:42: [INFO] Adding track segment (B.Cu): [(397827500, 80645000), (397827500, 85785000)]
13:31:42: [INFO] Adding track segment (B.Cu): [(397827500, 85785000), (400367500, 88325000)]
13:31:42: [INFO] Routing SW70 with D70
13:31:42: [INFO] Using internal autorouter method
13:31:42: [INFO] Routing pad 'SW70:2' at (378777500, 80645000) with pad 'D70:2' at (381317500, 88325000) using coordinate system rotated by 0 degree(s)
13:31:42: [INFO] Adding track segment (B.Cu): [(378777500, 80645000), (378777500, 85785000)]
13:31:42: [INFO] Adding track segment (B.Cu): [(378777500, 85785000), (381317500, 88325000)]
13:31:42: [INFO] Routing SW69 with D69
13:31:42: [INFO] Using internal autorouter method
13:31:42: [INFO] Routing pad 'SW69:2' at (352583750, 80645000) with pad 'D69:2' at (355123750, 88325000) using coordinate system rotated by 0 degree(s)
13:31:42: [INFO] Adding track segment (B.Cu): [(352583750, 80645000), (352583750, 85785000)]
13:31:42: [INFO] Adding track segment (B.Cu): [(352583750, 85785000), (355123750, 88325000)]
13:31:42: [INFO] Routing SW68 with D68
13:31:42: [INFO] Using internal autorouter method
13:31:42: [INFO] Routing pad 'SW68:2' at (326390000, 80645000) with pad 'D68:2' at (328930000, 88325000) using coordinate system rotated by 0 degree(s)
13:31:42: [INFO] Adding track segment (B.Cu): [(326390000, 80645000), (326390000, 85785000)]
13:31:42: [INFO] Adding track segment (B.Cu): [(326390000, 85785000), (328930000, 88325000)]
13:31:42: [INFO] Routing SW67 with D67
13:31:42: [INFO] Using internal autorouter method
13:31:42: [INFO] Routing pad 'SW67:2' at (307340000, 80645000) with pad 'D67:2' at (309880000, 88325000) using coordinate system rotated by 0 degree(s)
13:31:42: [INFO] Adding track segment (B.Cu): [(307340000, 80645000), (307340000, 85785000)]
13:31:42: [INFO] Adding track segment (B.Cu): [(307340000, 85785000), (309880000, 88325000)]
13:31:42: [INFO] Routing SW66 with D66
13:31:42: [INFO] Using internal autorouter method
13:31:42: [INFO] Routing pad 'SW66:2' at (288290000, 80645000) with pad 'D66:2' at (290830000, 88325000) using coordinate system rotated by 0 degree(s)
13:31:42: [INFO] Adding track segment (B.Cu): [(288290000, 80645000), (288290000, 85785000)]
13:31:42: [INFO] Adding track segment (B.Cu): [(288290000, 85785000), (290830000, 88325000)]
13:31:42: [INFO] Routing SW65 with D65
13:31:42: [INFO] Using internal autorouter method
13:31:42: [INFO] Routing pad 'SW65:2' at (269240000, 80645000) with pad 'D65:2' at (271780000, 88325000) using coordinate system rotated by 0 degree(s)
13:31:42: [INFO] Adding track segment (B.Cu): [(269240000, 80645000), (269240000, 85785000)]
13:31:42: [INFO] Adding track segment (B.Cu): [(269240000, 85785000), (271780000, 88325000)]
13:31:42: [INFO] Routing SW64 with D64
13:31:42: [INFO] Using internal autorouter method
13:31:42: [INFO] Routing pad 'SW64:2' at (250190000, 80645000) with pad 'D64:2' at (252730000, 88325000) using coordinate system rotated by 0 degree(s)
13:31:42: [INFO] Adding track segment (B.Cu): [(250190000, 80645000), (250190000, 85785000)]
13:31:42: [INFO] Adding track segment (B.Cu): [(250190000, 85785000), (252730000, 88325000)]
13:31:42: [INFO] Routing SW63 with D63
13:31:42: [INFO] Using internal autorouter method
13:31:42: [INFO] Routing pad 'SW63:2' at (231140000, 80645000) with pad 'D63:2' at (233680000, 88325000) using coordinate system rotated by 0 degree(s)
13:31:42: [INFO] Adding track segment (B.Cu): [(231140000, 80645000), (231140000, 85785000)]
13:31:42: [INFO] Adding track segment (B.Cu): [(231140000, 85785000), (233680000, 88325000)]
13:31:42: [INFO] Routing SW62 with D62
13:31:42: [INFO] Using internal autorouter method
13:31:42: [INFO] Routing pad 'SW62:2' at (212090000, 80645000) with pad 'D62:2' at (214630000, 88325000) using coordinate system rotated by 0 degree(s)
13:31:42: [INFO] Adding track segment (B.Cu): [(212090000, 80645000), (212090000, 85785000)]
13:31:42: [INFO] Adding track segment (B.Cu): [(212090000, 85785000), (214630000, 88325000)]
13:31:42: [INFO] Routing SW61 with D61
13:31:42: [INFO] Using internal autorouter method
13:31:42: [INFO] Routing pad 'SW61:2' at (416877500, 61595000) with pad 'D61:2' at (419417500, 69275000) using coordinate system rotated by 0 degree(s)
13:31:42: [INFO] Adding track segment (B.Cu): [(416877500, 61595000), (416877500, 66735000)]
13:31:42: [INFO] Adding track segment (B.Cu): [(416877500, 66735000), (419417500, 69275000)]
13:31:42: [INFO] Routing SW60 with D60
13:31:42: [INFO] Using internal autorouter method
13:31:42: [INFO] Routing pad 'SW60:2' at (397827500, 61595000) with pad 'D60:2' at (400367500, 69275000) using coordinate system rotated by 0 degree(s)
13:31:42: [INFO] Adding track segment (B.Cu): [(397827500, 61595000), (397827500, 66735000)]
13:31:42: [INFO] Adding track segment (B.Cu): [(397827500, 66735000), (400367500, 69275000)]
13:31:42: [INFO] Routing SW59 with D59
13:31:42: [INFO] Using internal autorouter method
13:31:42: [INFO] Routing pad 'SW59:2' at (378777500, 61595000) with pad 'D59:2' at (381317500, 69275000) using coordinate system rotated by 0 degree(s)
13:31:42: [INFO] Adding track segment (B.Cu): [(378777500, 61595000), (378777500, 66735000)]
13:31:42: [INFO] Adding track segment (B.Cu): [(378777500, 66735000), (381317500, 69275000)]
13:31:42: [INFO] Routing SW58a with D58
13:31:42: [INFO] Using internal autorouter method
13:31:42: [INFO] Routing pad 'SW58a:2' at (354965000, 61595000) with pad 'D58:2' at (347980000, 69275000) using coordinate system rotated by 0 degree(s)
13:31:42: [INFO] Routing SW58 with D58
13:31:42: [INFO] Using internal autorouter method
13:31:42: [INFO] Routing pad 'SW58:2' at (345440000, 61595000) with pad 'D58:2' at (347980000, 69275000) using coordinate system rotated by 0 degree(s)
13:31:42: [INFO] Adding track segment (B.Cu): [(345440000, 61595000), (345440000, 66735000)]
13:31:42: [INFO] Adding track segment (B.Cu): [(345440000, 66735000), (347980000, 69275000)]
13:31:42: [INFO] Routing SW57 with D57
13:31:42: [INFO] Using internal autorouter method
13:31:42: [INFO] Routing pad 'SW57:2' at (335915000, 61595000) with pad 'D57:2' at (338455000, 69275000) using coordinate system rotated by 0 degree(s)
13:31:42: [INFO] Adding track segment (B.Cu): [(335915000, 61595000), (335915000, 66735000)]
13:31:42: [INFO] Adding track segment (B.Cu): [(335915000, 66735000), (338455000, 69275000)]
13:31:42: [INFO] Routing SW56 with D56
13:31:42: [INFO] Using internal autorouter method
13:31:42: [INFO] Routing pad 'SW56:2' at (316865000, 61595000) with pad 'D56:2' at (319405000, 69275000) using coordinate system rotated by 0 degree(s)
13:31:42: [INFO] Adding track segment (B.Cu): [(316865000, 61595000), (316865000, 66735000)]
13:31:42: [INFO] Adding track segment (B.Cu): [(316865000, 66735000), (319405000, 69275000)]
13:31:42: [INFO] Routing SW55 with D55
13:31:42: [INFO] Using internal autorouter method
13:31:42: [INFO] Routing pad 'SW55:2' at (297815000, 61595000) with pad 'D55:2' at (300355000, 69275000) using coordinate system rotated by 0 degree(s)
13:31:42: [INFO] Adding track segment (B.Cu): [(297815000, 61595000), (297815000, 66735000)]
13:31:42: [INFO] Adding track segment (B.Cu): [(297815000, 66735000), (300355000, 69275000)]
13:31:42: [INFO] Routing SW54 with D54
13:31:42: [INFO] Using internal autorouter method
13:31:42: [INFO] Routing pad 'SW54:2' at (278765000, 61595000) with pad 'D54:2' at (281305000, 69275000) using coordinate system rotated by 0 degree(s)
13:31:42: [INFO] Adding track segment (B.Cu): [(278765000, 61595000), (278765000, 66735000)]
13:31:42: [INFO] Adding track segment (B.Cu): [(278765000, 66735000), (281305000, 69275000)]
13:31:42: [INFO] Routing SW53 with D53
13:31:42: [INFO] Using internal autorouter method
13:31:42: [INFO] Routing pad 'SW53:2' at (259715000, 61595000) with pad 'D53:2' at (262255000, 69275000) using coordinate system rotated by 0 degree(s)
13:31:42: [INFO] Adding track segment (B.Cu): [(259715000, 61595000), (259715000, 66735000)]
13:31:42: [INFO] Adding track segment (B.Cu): [(259715000, 66735000), (262255000, 69275000)]
13:31:42: [INFO] Routing SW52 with D52
13:31:42: [INFO] Using internal autorouter method
13:31:42: [INFO] Routing pad 'SW52:2' at (240665000, 61595000) with pad 'D52:2' at (243205000, 69275000) using coordinate system rotated by 0 degree(s)
13:31:42: [INFO] Adding track segment (B.Cu): [(240665000, 61595000), (240665000, 66735000)]
13:31:42: [INFO] Adding track segment (B.Cu): [(240665000, 66735000), (243205000, 69275000)]
13:31:42: [INFO] Routing SW51 with D51
13:31:42: [INFO] Using internal autorouter method
13:31:42: [INFO] Routing pad 'SW51:2' at (221615000, 61595000) with pad 'D51:2' at (224155000, 69275000) using coordinate system rotated by 0 degree(s)
13:31:42: [INFO] Adding track segment (B.Cu): [(221615000, 61595000), (221615000, 66735000)]
13:31:42: [INFO] Adding track segment (B.Cu): [(221615000, 66735000), (224155000, 69275000)]
13:31:42: [INFO] Routing SW50 with D50
13:31:42: [INFO] Using internal autorouter method
13:31:42: [INFO] Routing pad 'SW50:2' at (416877500, 33020000) with pad 'D50:2' at (419417500, 40700000) using coordinate system rotated by 0 degree(s)
13:31:42: [INFO] Adding track segment (B.Cu): [(416877500, 33020000), (416877500, 38160000)]
13:31:42: [INFO] Adding track segment (B.Cu): [(416877500, 38160000), (419417500, 40700000)]
13:31:42: [INFO] Routing SW49 with D49
13:31:42: [INFO] Using internal autorouter method
13:31:42: [INFO] Routing pad 'SW49:2' at (397827500, 33020000) with pad 'D49:2' at (400367500, 40700000) using coordinate system rotated by 0 degree(s)
13:31:42: [INFO] Adding track segment (B.Cu): [(397827500, 33020000), (397827500, 38160000)]
13:31:42: [INFO] Adding track segment (B.Cu): [(397827500, 38160000), (400367500, 40700000)]
13:31:42: [INFO] Routing SW48 with D48
13:31:42: [INFO] Using internal autorouter method
13:31:42: [INFO] Routing pad 'SW48:2' at (378777500, 33020000) with pad 'D48:2' at (381317500, 40700000) using coordinate system rotated by 0 degree(s)
13:31:42: [INFO] Adding track segment (B.Cu): [(378777500, 33020000), (378777500, 38160000)]
13:31:43: [INFO] Adding track segment (B.Cu): [(378777500, 38160000), (381317500, 40700000)]
13:31:43: [INFO] Routing SW47 with D47
13:31:43: [INFO] Using internal autorouter method
13:31:43: [INFO] Routing pad 'SW47:2' at (354965000, 33020000) with pad 'D47:2' at (357505000, 40700000) using coordinate system rotated by 0 degree(s)
13:31:43: [INFO] Adding track segment (B.Cu): [(354965000, 33020000), (354965000, 38160000)]
13:31:43: [INFO] Adding track segment (B.Cu): [(354965000, 38160000), (357505000, 40700000)]
13:31:43: [INFO] Routing SW46 with D46
13:31:43: [INFO] Using internal autorouter method
13:31:43: [INFO] Routing pad 'SW46:2' at (326390000, 33020000) with pad 'D46:2' at (328930000, 40700000) using coordinate system rotated by 0 degree(s)
13:31:43: [INFO] Adding track segment (B.Cu): [(326390000, 33020000), (326390000, 38160000)]
13:31:43: [INFO] Adding track segment (B.Cu): [(326390000, 38160000), (328930000, 40700000)]
13:31:43: [INFO] Routing SW45 with D45
13:31:43: [INFO] Using internal autorouter method
13:31:43: [INFO] Routing pad 'SW45:2' at (307340000, 33020000) with pad 'D45:2' at (309880000, 40700000) using coordinate system rotated by 0 degree(s)
13:31:43: [INFO] Adding track segment (B.Cu): [(307340000, 33020000), (307340000, 38160000)]
13:31:43: [INFO] Adding track segment (B.Cu): [(307340000, 38160000), (309880000, 40700000)]
13:31:43: [INFO] Routing SW44 with D44
13:31:43: [INFO] Using internal autorouter method
13:31:43: [INFO] Routing pad 'SW44:2' at (288290000, 33020000) with pad 'D44:2' at (290830000, 40700000) using coordinate system rotated by 0 degree(s)
13:31:43: [INFO] Adding track segment (B.Cu): [(288290000, 33020000), (288290000, 38160000)]
13:31:43: [INFO] Adding track segment (B.Cu): [(288290000, 38160000), (290830000, 40700000)]
13:31:43: [INFO] Routing SW43 with D43
13:31:43: [INFO] Using internal autorouter method
13:31:43: [INFO] Routing pad 'SW43:2' at (269240000, 33020000) with pad 'D43:2' at (271780000, 40700000) using coordinate system rotated by 0 degree(s)
13:31:43: [INFO] Adding track segment (B.Cu): [(269240000, 33020000), (269240000, 38160000)]
13:31:43: [INFO] Adding track segment (B.Cu): [(269240000, 38160000), (271780000, 40700000)]
13:31:43: [INFO] Routing SW42 with D42
13:31:43: [INFO] Using internal autorouter method
13:31:43: [INFO] Routing pad 'SW42:2' at (240665000, 33020000) with pad 'D42:2' at (243205000, 40700000) using coordinate system rotated by 0 degree(s)
13:31:43: [INFO] Adding track segment (B.Cu): [(240665000, 33020000), (240665000, 38160000)]
13:31:43: [INFO] Adding track segment (B.Cu): [(240665000, 38160000), (243205000, 40700000)]
13:31:43: [INFO] Routing SW41 with D41
13:31:43: [INFO] Using internal autorouter method
13:31:43: [INFO] Routing pad 'SW41:2' at (221615000, 33020000) with pad 'D41:2' at (224155000, 40700000) using coordinate system rotated by 0 degree(s)
13:31:43: [INFO] Adding track segment (B.Cu): [(221615000, 33020000), (221615000, 38160000)]
13:31:43: [INFO] Adding track segment (B.Cu): [(221615000, 38160000), (224155000, 40700000)]
13:31:43: [INFO] Routing SW40 with D40
13:31:43: [INFO] Using internal autorouter method
13:31:43: [INFO] Routing pad 'SW40:2' at (169227500, 137795000) with pad 'D40:2' at (171767500, 145475000) using coordinate system rotated by 0 degree(s)
13:31:43: [INFO] Adding track segment (B.Cu): [(169227500, 137795000), (169227500, 142935000)]
13:31:43: [INFO] Adding track segment (B.Cu): [(169227500, 142935000), (171767500, 145475000)]
13:31:43: [INFO] Routing SW39 with D39
13:31:43: [INFO] Using internal autorouter method
13:31:43: [INFO] Routing pad 'SW39:2' at (133508750, 137795000) with pad 'D39:2' at (136048750, 145475000) using coordinate system rotated by 0 degree(s)
13:31:43: [INFO] Adding track segment (B.Cu): [(133508750, 137795000), (133508750, 142935000)]
13:31:43: [INFO] Adding track segment (B.Cu): [(133508750, 142935000), (136048750, 145475000)]
13:31:43: [INFO] Routing SW38 with D38
13:31:43: [INFO] Using internal autorouter method
13:31:43: [INFO] Routing pad 'SW38:2' at (93027500, 137795000) with pad 'D38:2' at (95567500, 145475000) using coordinate system rotated by 0 degree(s)
13:31:43: [INFO] Adding track segment (B.Cu): [(93027500, 137795000), (93027500, 142935000)]
13:31:43: [INFO] Adding track segment (B.Cu): [(93027500, 142935000), (95567500, 145475000)]
13:31:43: [INFO] Routing SW37 with D37
13:31:43: [INFO] Using internal autorouter method
13:31:43: [INFO] Routing pad 'SW37:2' at (69215000, 137795000) with pad 'D37:2' at (71755000, 145475000) using coordinate system rotated by 0 degree(s)
13:31:43: [INFO] Adding track segment (B.Cu): [(69215000, 137795000), (69215000, 142935000)]
13:31:43: [INFO] Adding track segment (B.Cu): [(69215000, 142935000), (71755000, 145475000)]
13:31:43: [INFO] Routing SW36 with D36
13:31:43: [INFO] Using internal autorouter method
13:31:43: [INFO] Routing pad 'SW36:2' at (45402500, 137795000) with pad 'D36:2' at (47942500, 145475000) using coordinate system rotated by 0 degree(s)
13:31:43: [INFO] Adding track segment (B.Cu): [(45402500, 137795000), (45402500, 142935000)]
13:31:43: [INFO] Adding track segment (B.Cu): [(45402500, 142935000), (47942500, 145475000)]
13:31:43: [INFO] Routing SW35 with D35
13:31:43: [INFO] Using internal autorouter method
13:31:43: [INFO] Routing pad 'SW35:2' at (159702500, 118745000) with pad 'D35:2' at (162242500, 126425000) using coordinate system rotated by 0 degree(s)
13:31:43: [INFO] Adding track segment (B.Cu): [(159702500, 118745000), (159702500, 123885000)]
13:31:43: [INFO] Adding track segment (B.Cu): [(159702500, 123885000), (162242500, 126425000)]
13:31:43: [INFO] Routing SW34 with D34
13:31:43: [INFO] Using internal autorouter method
13:31:43: [INFO] Routing pad 'SW34:2' at (140652500, 118745000) with pad 'D34:2' at (143192500, 126425000) using coordinate system rotated by 0 degree(s)
13:31:43: [INFO] Adding track segment (B.Cu): [(140652500, 118745000), (140652500, 123885000)]
13:31:43: [INFO] Adding track segment (B.Cu): [(140652500, 123885000), (143192500, 126425000)]
13:31:43: [INFO] Routing SW33 with D33
13:31:43: [INFO] Using internal autorouter method
13:31:43: [INFO] Routing pad 'SW33:2' at (121602500, 118745000) with pad 'D33:2' at (124142500, 126425000) using coordinate system rotated by 0 degree(s)
13:31:43: [INFO] Adding track segment (B.Cu): [(121602500, 118745000), (121602500, 123885000)]
13:31:43: [INFO] Adding track segment (B.Cu): [(121602500, 123885000), (124142500, 126425000)]
13:31:43: [INFO] Routing SW32 with D32
13:31:43: [INFO] Using internal autorouter method
13:31:43: [INFO] Routing pad 'SW32:2' at (102552500, 118745000) with pad 'D32:2' at (105092500, 126425000) using coordinate system rotated by 0 degree(s)
13:31:43: [INFO] Adding track segment (B.Cu): [(102552500, 118745000), (102552500, 123885000)]
13:31:43: [INFO] Adding track segment (B.Cu): [(102552500, 123885000), (105092500, 126425000)]
13:31:43: [INFO] Routing SW31 with D31
13:31:43: [INFO] Using internal autorouter method
13:31:43: [INFO] Routing pad 'SW31:2' at (83502500, 118745000) with pad 'D31:2' at (86042500, 126425000) using coordinate system rotated by 0 degree(s)
13:31:43: [INFO] Adding track segment (B.Cu): [(83502500, 118745000), (83502500, 123885000)]
13:31:43: [INFO] Adding track segment (B.Cu): [(83502500, 123885000), (86042500, 126425000)]
13:31:43: [INFO] Routing SW30 with D30
13:31:43: [INFO] Using internal autorouter method
13:31:43: [INFO] Routing pad 'SW30:2' at (52546250, 118745000) with pad 'D30:2' at (55086250, 126425000) using coordinate system rotated by 0 degree(s)
13:31:43: [INFO] Adding track segment (B.Cu): [(52546250, 118745000), (52546250, 123885000)]
13:31:43: [INFO] Adding track segment (B.Cu): [(52546250, 123885000), (55086250, 126425000)]
13:31:43: [INFO] Routing SW29 with D29
13:31:43: [INFO] Using internal autorouter method
13:31:43: [INFO] Routing pad 'SW29:2' at (169227500, 99695000) with pad 'D29:2' at (171767500, 107375000) using coordinate system rotated by 0 degree(s)
13:31:43: [INFO] Adding track segment (B.Cu): [(169227500, 99695000), (169227500, 104835000)]
13:31:43: [INFO] Adding track segment (B.Cu): [(169227500, 104835000), (171767500, 107375000)]
13:31:43: [INFO] Routing SW28 with D28
13:31:43: [INFO] Using internal autorouter method
13:31:43: [INFO] Routing pad 'SW28:2' at (150177500, 99695000) with pad 'D28:2' at (152717500, 107375000) using coordinate system rotated by 0 degree(s)
13:31:43: [INFO] Adding track segment (B.Cu): [(150177500, 99695000), (150177500, 104835000)]
13:31:43: [INFO] Adding track segment (B.Cu): [(150177500, 104835000), (152717500, 107375000)]
13:31:43: [INFO] Routing SW27 with D27
13:31:43: [INFO] Using internal autorouter method
13:31:43: [INFO] Routing pad 'SW27:2' at (131127500, 99695000) with pad 'D27:2' at (133667500, 107375000) using coordinate system rotated by 0 degree(s)
13:31:43: [INFO] Adding track segment (B.Cu): [(131127500, 99695000), (131127500, 104835000)]
13:31:43: [INFO] Adding track segment (B.Cu): [(131127500, 104835000), (133667500, 107375000)]
13:31:43: [INFO] Routing SW26 with D26
13:31:43: [INFO] Using internal autorouter method
13:31:43: [INFO] Routing pad 'SW26:2' at (112077500, 99695000) with pad 'D26:2' at (114617500, 107375000) using coordinate system rotated by 0 degree(s)
13:31:43: [INFO] Adding track segment (B.Cu): [(112077500, 99695000), (112077500, 104835000)]
13:31:43: [INFO] Adding track segment (B.Cu): [(112077500, 104835000), (114617500, 107375000)]
13:31:43: [INFO] Routing SW25 with D25
13:31:43: [INFO] Using internal autorouter method
13:31:43: [INFO] Routing pad 'SW25:2' at (93027500, 99695000) with pad 'D25:2' at (95567500, 107375000) using coordinate system rotated by 0 degree(s)
13:31:43: [INFO] Adding track segment (B.Cu): [(93027500, 99695000), (93027500, 104835000)]
13:31:43: [INFO] Adding track segment (B.Cu): [(93027500, 104835000), (95567500, 107375000)]
13:31:43: [INFO] Routing SW24 with D24
13:31:43: [INFO] Using internal autorouter method
13:31:43: [INFO] Routing pad 'SW24:2' at (73977500, 99695000) with pad 'D24:2' at (76517500, 107375000) using coordinate system rotated by 0 degree(s)
13:31:43: [INFO] Adding track segment (B.Cu): [(73977500, 99695000), (73977500, 104835000)]
13:31:43: [INFO] Adding track segment (B.Cu): [(73977500, 104835000), (76517500, 107375000)]
13:31:43: [INFO] Routing SW23 with D23
13:31:43: [INFO] Using internal autorouter method
13:31:43: [INFO] Routing pad 'SW23:2' at (47783750, 99695000) with pad 'D23:2' at (50323750, 107375000) using coordinate system rotated by 0 degree(s)
13:31:43: [INFO] Adding track segment (B.Cu): [(47783750, 99695000), (47783750, 104835000)]
13:31:43: [INFO] Adding track segment (B.Cu): [(47783750, 104835000), (50323750, 107375000)]
13:31:43: [INFO] Routing SW22 with D22
13:31:43: [INFO] Using internal autorouter method
13:31:43: [INFO] Routing pad 'SW22:2' at (164465000, 80645000) with pad 'D22:2' at (167005000, 88325000) using coordinate system rotated by 0 degree(s)
13:31:43: [INFO] Adding track segment (B.Cu): [(164465000, 80645000), (164465000, 85785000)]
13:31:43: [INFO] Adding track segment (B.Cu): [(164465000, 85785000), (167005000, 88325000)]
13:31:43: [INFO] Routing SW21 with D21
13:31:43: [INFO] Using internal autorouter method
13:31:43: [INFO] Routing pad 'SW21:2' at (145415000, 80645000) with pad 'D21:2' at (147955000, 88325000) using coordinate system rotated by 0 degree(s)
13:31:43: [INFO] Adding track segment (B.Cu): [(145415000, 80645000), (145415000, 85785000)]
13:31:43: [INFO] Adding track segment (B.Cu): [(145415000, 85785000), (147955000, 88325000)]
13:31:43: [INFO] Routing SW20 with D20
13:31:43: [INFO] Using internal autorouter method
13:31:43: [INFO] Routing pad 'SW20:2' at (126365000, 80645000) with pad 'D20:2' at (128905000, 88325000) using coordinate system rotated by 0 degree(s)
13:31:43: [INFO] Adding track segment (B.Cu): [(126365000, 80645000), (126365000, 85785000)]
13:31:43: [INFO] Adding track segment (B.Cu): [(126365000, 85785000), (128905000, 88325000)]
13:31:43: [INFO] Routing SW19 with D19
13:31:43: [INFO] Using internal autorouter method
13:31:43: [INFO] Routing pad 'SW19:2' at (107315000, 80645000) with pad 'D19:2' at (109855000, 88325000) using coordinate system rotated by 0 degree(s)
13:31:43: [INFO] Adding track segment (B.Cu): [(107315000, 80645000), (107315000, 85785000)]
13:31:43: [INFO] Adding track segment (B.Cu): [(107315000, 85785000), (109855000, 88325000)]
13:31:43: [INFO] Routing SW18 with D18
13:31:43: [INFO] Using internal autorouter method
13:31:43: [INFO] Routing pad 'SW18:2' at (88265000, 80645000) with pad 'D18:2' at (90805000, 88325000) using coordinate system rotated by 0 degree(s)
13:31:43: [INFO] Adding track segment (B.Cu): [(88265000, 80645000), (88265000, 85785000)]
13:31:43: [INFO] Adding track segment (B.Cu): [(88265000, 85785000), (90805000, 88325000)]
13:31:43: [INFO] Routing SW17 with D17
13:31:43: [INFO] Using internal autorouter method
13:31:43: [INFO] Routing pad 'SW17:2' at (69215000, 80645000) with pad 'D17:2' at (71755000, 88325000) using coordinate system rotated by 0 degree(s)
13:31:43: [INFO] Adding track segment (B.Cu): [(69215000, 80645000), (69215000, 85785000)]
13:31:43: [INFO] Adding track segment (B.Cu): [(69215000, 85785000), (71755000, 88325000)]
13:31:43: [INFO] Routing SW16 with D16
13:31:43: [INFO] Using internal autorouter method
13:31:43: [INFO] Routing pad 'SW16:2' at (45402500, 80645000) with pad 'D16:2' at (47942500, 88325000) using coordinate system rotated by 0 degree(s)
13:31:43: [INFO] Adding track segment (B.Cu): [(45402500, 80645000), (45402500, 85785000)]
13:31:43: [INFO] Adding track segment (B.Cu): [(45402500, 85785000), (47942500, 88325000)]
13:31:43: [INFO] Routing SW15 with D15
13:31:43: [INFO] Using internal autorouter method
13:31:43: [INFO] Routing pad 'SW15:2' at (173990000, 61595000) with pad 'D15:2' at (176530000, 69275000) using coordinate system rotated by 0 degree(s)
13:31:43: [INFO] Adding track segment (B.Cu): [(173990000, 61595000), (173990000, 66735000)]
13:31:43: [INFO] Adding track segment (B.Cu): [(173990000, 66735000), (176530000, 69275000)]
13:31:43: [INFO] Routing SW14 with D14
13:31:43: [INFO] Using internal autorouter method
13:31:43: [INFO] Routing pad 'SW14:2' at (154940000, 61595000) with pad 'D14:2' at (157480000, 69275000) using coordinate system rotated by 0 degree(s)
13:31:43: [INFO] Adding track segment (B.Cu): [(154940000, 61595000), (154940000, 66735000)]
13:31:43: [INFO] Adding track segment (B.Cu): [(154940000, 66735000), (157480000, 69275000)]
13:31:43: [INFO] Routing SW13 with D13
13:31:43: [INFO] Using internal autorouter method
13:31:43: [INFO] Routing pad 'SW13:2' at (135890000, 61595000) with pad 'D13:2' at (138430000, 69275000) using coordinate system rotated by 0 degree(s)
13:31:43: [INFO] Adding track segment (B.Cu): [(135890000, 61595000), (135890000, 66735000)]
13:31:43: [INFO] Adding track segment (B.Cu): [(135890000, 66735000), (138430000, 69275000)]
13:31:43: [INFO] Routing SW12 with D12
13:31:43: [INFO] Using internal autorouter method
13:31:43: [INFO] Routing pad 'SW12:2' at (116840000, 61595000) with pad 'D12:2' at (119380000, 69275000) using coordinate system rotated by 0 degree(s)
13:31:44: [INFO] Adding track segment (B.Cu): [(116840000, 61595000), (116840000, 66735000)]
13:31:44: [INFO] Adding track segment (B.Cu): [(116840000, 66735000), (119380000, 69275000)]
13:31:44: [INFO] Routing SW11 with D11
13:31:44: [INFO] Using internal autorouter method
13:31:44: [INFO] Routing pad 'SW11:2' at (97790000, 61595000) with pad 'D11:2' at (100330000, 69275000) using coordinate system rotated by 0 degree(s)
13:31:44: [INFO] Adding track segment (B.Cu): [(97790000, 61595000), (97790000, 66735000)]
13:31:44: [INFO] Adding track segment (B.Cu): [(97790000, 66735000), (100330000, 69275000)]
13:31:44: [INFO] Routing SW10 with D10
13:31:44: [INFO] Using internal autorouter method
13:31:44: [INFO] Routing pad 'SW10:2' at (78740000, 61595000) with pad 'D10:2' at (81280000, 69275000) using coordinate system rotated by 0 degree(s)
13:31:44: [INFO] Adding track segment (B.Cu): [(78740000, 61595000), (78740000, 66735000)]
13:31:44: [INFO] Adding track segment (B.Cu): [(78740000, 66735000), (81280000, 69275000)]
13:31:44: [INFO] Routing SW9 with D9
13:31:44: [INFO] Using internal autorouter method
13:31:44: [INFO] Routing pad 'SW9:2' at (59690000, 61595000) with pad 'D9:2' at (62230000, 69275000) using coordinate system rotated by 0 degree(s)
13:31:44: [INFO] Adding track segment (B.Cu): [(59690000, 61595000), (59690000, 66735000)]
13:31:44: [INFO] Adding track segment (B.Cu): [(59690000, 66735000), (62230000, 69275000)]
13:31:44: [INFO] Routing SW8 with D8
13:31:44: [INFO] Using internal autorouter method
13:31:44: [INFO] Routing pad 'SW8:2' at (40640000, 61595000) with pad 'D8:2' at (43180000, 69275000) using coordinate system rotated by 0 degree(s)
13:31:44: [INFO] Adding track segment (B.Cu): [(40640000, 61595000), (40640000, 66735000)]
13:31:44: [INFO] Adding track segment (B.Cu): [(40640000, 66735000), (43180000, 69275000)]
13:31:44: [INFO] Routing SW7 with D7
13:31:44: [INFO] Using internal autorouter method
13:31:44: [INFO] Routing pad 'SW7:2' at (173990000, 33020000) with pad 'D7:2' at (176530000, 40700000) using coordinate system rotated by 0 degree(s)
13:31:44: [INFO] Adding track segment (B.Cu): [(173990000, 33020000), (173990000, 38160000)]
13:31:44: [INFO] Adding track segment (B.Cu): [(173990000, 38160000), (176530000, 40700000)]
13:31:44: [INFO] Routing SW6 with D6
13:31:44: [INFO] Using internal autorouter method
13:31:44: [INFO] Routing pad 'SW6:2' at (154940000, 33020000) with pad 'D6:2' at (157480000, 40700000) using coordinate system rotated by 0 degree(s)
13:31:44: [INFO] Adding track segment (B.Cu): [(154940000, 33020000), (154940000, 38160000)]
13:31:44: [INFO] Adding track segment (B.Cu): [(154940000, 38160000), (157480000, 40700000)]
13:31:44: [INFO] Routing SW5 with D5
13:31:44: [INFO] Using internal autorouter method
13:31:44: [INFO] Routing pad 'SW5:2' at (126365000, 33020000) with pad 'D5:2' at (128905000, 40700000) using coordinate system rotated by 0 degree(s)
13:31:44: [INFO] Adding track segment (B.Cu): [(126365000, 33020000), (126365000, 38160000)]
13:31:44: [INFO] Adding track segment (B.Cu): [(126365000, 38160000), (128905000, 40700000)]
13:31:44: [INFO] Routing SW4 with D4
13:31:44: [INFO] Using internal autorouter method
13:31:44: [INFO] Routing pad 'SW4:2' at (107315000, 33020000) with pad 'D4:2' at (109855000, 40700000) using coordinate system rotated by 0 degree(s)
13:31:44: [INFO] Adding track segment (B.Cu): [(107315000, 33020000), (107315000, 38160000)]
13:31:44: [INFO] Adding track segment (B.Cu): [(107315000, 38160000), (109855000, 40700000)]
13:31:44: [INFO] Routing SW3 with D3
13:31:44: [INFO] Using internal autorouter method
13:31:44: [INFO] Routing pad 'SW3:2' at (88265000, 33020000) with pad 'D3:2' at (90805000, 40700000) using coordinate system rotated by 0 degree(s)
13:31:44: [INFO] Adding track segment (B.Cu): [(88265000, 33020000), (88265000, 38160000)]
13:31:44: [INFO] Adding track segment (B.Cu): [(88265000, 38160000), (90805000, 40700000)]
13:31:44: [INFO] Routing SW2 with D2
13:31:44: [INFO] Using internal autorouter method
13:31:44: [INFO] Routing pad 'SW2:2' at (69215000, 33020000) with pad 'D2:2' at (71755000, 40700000) using coordinate system rotated by 0 degree(s)
13:31:44: [INFO] Adding track segment (B.Cu): [(69215000, 33020000), (69215000, 38160000)]
13:31:44: [INFO] Adding track segment (B.Cu): [(69215000, 38160000), (71755000, 40700000)]
13:31:44: [INFO] Routing SW1 with D1
13:31:44: [INFO] Using internal autorouter method
13:31:44: [INFO] Routing pad 'SW1:2' at (40640000, 33020000) with pad 'D1:2' at (43180000, 40700000) using coordinate system rotated by 0 degree(s)
13:31:44: [INFO] Adding track segment (B.Cu): [(40640000, 33020000), (40640000, 38160000)]
13:31:44: [INFO] Adding track segment (B.Cu): [(40640000, 38160000), (43180000, 40700000)]
13:31:44: [INFO] Routing COL5 pads
13:31:44: [INFO] Routing pad 'SW5:1' at (120015000, 35560000) with pad 'SW13:1' at (129540000, 64135000) using coordinate system rotated by 0 degree(s)
13:31:44: [INFO] Adding track segment (F.Cu): [(120015000, 35560000), (120015000, 54610000)]
13:31:44: [INFO] Adding track segment (F.Cu): [(120015000, 54610000), (129540000, 64135000)]
13:31:44: [INFO] Routing pad 'SW13:1' at (129540000, 64135000) with pad 'SW21:1' at (139065000, 83185000) using coordinate system rotated by 0 degree(s)
13:31:44: [INFO] Adding track segment (F.Cu): [(129540000, 64135000), (129540000, 73660000)]
13:31:44: [INFO] Adding track segment (F.Cu): [(129540000, 73660000), (139065000, 83185000)]
13:31:44: [INFO] Routing pad 'SW21:1' at (139065000, 83185000) with pad 'SW28:1' at (143827500, 102235000) using coordinate system rotated by 0 degree(s)
13:31:44: [INFO] Adding track segment (F.Cu): [(139065000, 83185000), (139065000, 97472500)]
13:31:44: [INFO] Adding track segment (F.Cu): [(139065000, 97472500), (143827500, 102235000)]
13:31:44: [INFO] Routing pad 'SW28:1' at (143827500, 102235000) with pad 'SW35:1' at (153352500, 121285000) using coordinate system rotated by 0 degree(s)
13:31:44: [INFO] Adding track segment (F.Cu): [(143827500, 102235000), (143827500, 111760000)]
13:31:44: [INFO] Adding track segment (F.Cu): [(143827500, 111760000), (153352500, 121285000)]
13:31:44: [INFO] Routing pad 'SW35:1' at (153352500, 121285000) with pad 'SW40:1' at (162877500, 140335000) using coordinate system rotated by 0 degree(s)
13:31:44: [INFO] Adding track segment (F.Cu): [(153352500, 121285000), (153352500, 130810000)]
13:31:44: [INFO] Adding track segment (F.Cu): [(153352500, 130810000), (162877500, 140335000)]
13:31:44: [INFO] Routing pad 'SW40:1' at (162877500, 140335000) with pad 'SW85:1' at (296227500, 121285000) using coordinate system rotated by 0 degree(s)
13:31:44: [INFO] Routing pad 'SW85:1' at (296227500, 121285000) with pad 'SW92:1' at (298608750, 140335000) using coordinate system rotated by 0 degree(s)
13:31:44: [INFO] Adding track segment (F.Cu): [(296227500, 121285000), (296227500, 137953750)]
13:31:44: [INFO] Adding track segment (F.Cu): [(296227500, 137953750), (298608750, 140335000)]
13:31:44: [INFO] Routing pad 'SW78:1' at (305752500, 102235000) with pad 'SW67:1' at (300990000, 83185000) using coordinate system rotated by 0 degree(s)
13:31:44: [INFO] Adding track segment (F.Cu): [(305752500, 102235000), (300990000, 97472500)]
13:31:44: [INFO] Adding track segment (F.Cu): [(300990000, 97472500), (300990000, 83185000)]
13:31:44: [INFO] Routing pad 'SW85:1' at (296227500, 121285000) with pad 'SW78:1' at (305752500, 102235000) using coordinate system rotated by 0 degree(s)
13:31:44: [INFO] Adding track segment (F.Cu): [(296227500, 121285000), (305752500, 111760000)]
13:31:44: [INFO] Adding track segment (F.Cu): [(305752500, 111760000), (305752500, 102235000)]
13:31:44: [INFO] Routing pad 'SW67:1' at (300990000, 83185000) with pad 'SW56:1' at (310515000, 64135000) using coordinate system rotated by 0 degree(s)
13:31:44: [INFO] Adding track segment (F.Cu): [(300990000, 83185000), (310515000, 73660000)]
13:31:44: [INFO] Adding track segment (F.Cu): [(310515000, 73660000), (310515000, 64135000)]
13:31:44: [INFO] Routing pad 'SW56:1' at (310515000, 64135000) with pad 'SW46:1' at (320040000, 35560000) using coordinate system rotated by 0 degree(s)
13:31:44: [INFO] Adding track segment (F.Cu): [(310515000, 64135000), (320040000, 54610000)]
13:31:44: [INFO] Adding track segment (F.Cu): [(320040000, 54610000), (320040000, 35560000)]
13:31:44: [INFO] Routing ROW8 pads
13:31:44: [INFO] Routing pad 'D62:1' at (214630000, 91125000) with pad 'D63:1' at (233680000, 91125000) using coordinate system rotated by 0 degree(s)
13:31:44: [INFO] Adding track segment (B.Cu): [(214630000, 91125000), (233680000, 91125000)]
13:31:44: [INFO] Routing pad 'D63:1' at (233680000, 91125000) with pad 'D64:1' at (252730000, 91125000) using coordinate system rotated by 0 degree(s)
13:31:44: [INFO] Adding track segment (B.Cu): [(233680000, 91125000), (252730000, 91125000)]
13:31:44: [INFO] Routing pad 'D64:1' at (252730000, 91125000) with pad 'D65:1' at (271780000, 91125000) using coordinate system rotated by 0 degree(s)
13:31:44: [INFO] Adding track segment (B.Cu): [(252730000, 91125000), (271780000, 91125000)]
13:31:44: [INFO] Routing pad 'D65:1' at (271780000, 91125000) with pad 'D66:1' at (290830000, 91125000) using coordinate system rotated by 0 degree(s)
13:31:44: [INFO] Adding track segment (B.Cu): [(271780000, 91125000), (290830000, 91125000)]
13:31:44: [INFO] Routing pad 'D66:1' at (290830000, 91125000) with pad 'D67:1' at (309880000, 91125000) using coordinate system rotated by 0 degree(s)
13:31:44: [INFO] Adding track segment (B.Cu): [(290830000, 91125000), (309880000, 91125000)]
13:31:44: [INFO] Routing pad 'D67:1' at (309880000, 91125000) with pad 'D68:1' at (328930000, 91125000) using coordinate system rotated by 0 degree(s)
13:31:44: [INFO] Adding track segment (B.Cu): [(309880000, 91125000), (328930000, 91125000)]
13:31:44: [INFO] Routing pad 'D68:1' at (328930000, 91125000) with pad 'D69:1' at (355123750, 91125000) using coordinate system rotated by 0 degree(s)
13:31:44: [INFO] Adding track segment (B.Cu): [(328930000, 91125000), (355123750, 91125000)]
13:31:44: [INFO] Routing pad 'D69:1' at (355123750, 91125000) with pad 'D70:1' at (381317500, 91125000) using coordinate system rotated by 0 degree(s)
13:31:44: [INFO] Adding track segment (B.Cu): [(355123750, 91125000), (381317500, 91125000)]
13:31:44: [INFO] Routing pad 'D70:1' at (381317500, 91125000) with pad 'D71:1' at (400367500, 91125000) using coordinate system rotated by 0 degree(s)
13:31:44: [INFO] Adding track segment (B.Cu): [(381317500, 91125000), (400367500, 91125000)]
13:31:44: [INFO] Routing pad 'D71:1' at (400367500, 91125000) with pad 'D72:1' at (419417500, 91125000) using coordinate system rotated by 0 degree(s)
13:31:44: [INFO] Adding track segment (B.Cu): [(400367500, 91125000), (419417500, 91125000)]
13:31:44: [INFO] Routing COL6 pads
13:31:44: [INFO] Routing pad 'SW6:1' at (148590000, 35560000) with pad 'SW14:1' at (148590000, 64135000) using coordinate system rotated by 0 degree(s)
13:31:44: [INFO] Adding track segment (F.Cu): [(148590000, 35560000), (148590000, 64135000)]
13:31:44: [INFO] Routing pad 'SW14:1' at (148590000, 64135000) with pad 'SW22:1' at (158115000, 83185000) using coordinate system rotated by 0 degree(s)
13:31:44: [INFO] Adding track segment (F.Cu): [(148590000, 64135000), (148590000, 73660000)]
13:31:44: [INFO] Adding track segment (F.Cu): [(148590000, 73660000), (158115000, 83185000)]
13:31:44: [INFO] Routing pad 'SW22:1' at (158115000, 83185000) with pad 'SW29:1' at (162877500, 102235000) using coordinate system rotated by 0 degree(s)
13:31:44: [INFO] Adding track segment (F.Cu): [(158115000, 83185000), (158115000, 97472500)]
13:31:44: [INFO] Adding track segment (F.Cu): [(158115000, 97472500), (162877500, 102235000)]
13:31:44: [INFO] Routing pad 'SW29:1' at (162877500, 102235000) with pad 'SW68:1' at (320040000, 83185000) using coordinate system rotated by 0 degree(s)
13:31:44: [INFO] Routing pad 'SW68:1' at (320040000, 83185000) with pad 'SW86a:1' at (322421250, 121285000) using coordinate system rotated by 0 degree(s)
13:31:44: [INFO] Adding track segment (F.Cu): [(320040000, 83185000), (320040000, 118903750)]
13:31:44: [INFO] Adding track segment (F.Cu): [(320040000, 118903750), (322421250, 121285000)]
13:31:44: [INFO] Routing pad 'SW86a:1' at (322421250, 121285000) with pad 'SW93:1' at (322421250, 140335000) using coordinate system rotated by 0 degree(s)
13:31:44: [INFO] Adding track segment (F.Cu): [(322421250, 121285000), (322421250, 140335000)]
13:31:44: [INFO] Could not add track segment due to detected collision
13:31:44: [INFO] Routing pad 'SW68:1' at (320040000, 83185000) with pad 'SW57:1' at (329565000, 64135000) using coordinate system rotated by 0 degree(s)
13:31:44: [INFO] Routing pad 'SW86a:1' at (322421250, 121285000) with pad 'SW86:1' at (331946250, 121285000) using coordinate system rotated by 0 degree(s)
13:31:44: [INFO] Adding track segment (F.Cu): [(322421250, 121285000), (331946250, 121285000)]
13:31:44: [INFO] Routing ROW0 pads
13:31:44: [INFO] Routing pad 'D1:1' at (43180000, 43500000) with pad 'D2:1' at (71755000, 43500000) using coordinate system rotated by 0 degree(s)
13:31:44: [INFO] Adding track segment (B.Cu): [(43180000, 43500000), (71755000, 43500000)]
13:31:44: [INFO] Routing pad 'D2:1' at (71755000, 43500000) with pad 'D3:1' at (90805000, 43500000) using coordinate system rotated by 0 degree(s)
13:31:44: [INFO] Adding track segment (B.Cu): [(71755000, 43500000), (90805000, 43500000)]
13:31:44: [INFO] Routing pad 'D3:1' at (90805000, 43500000) with pad 'D4:1' at (109855000, 43500000) using coordinate system rotated by 0 degree(s)
13:31:44: [INFO] Adding track segment (B.Cu): [(90805000, 43500000), (109855000, 43500000)]
13:31:44: [INFO] Routing pad 'D4:1' at (109855000, 43500000) with pad 'D5:1' at (128905000, 43500000) using coordinate system rotated by 0 degree(s)
13:31:44: [INFO] Adding track segment (B.Cu): [(109855000, 43500000), (128905000, 43500000)]
13:31:44: [INFO] Routing pad 'D5:1' at (128905000, 43500000) with pad 'D6:1' at (157480000, 43500000) using coordinate system rotated by 0 degree(s)
13:31:44: [INFO] Adding track segment (B.Cu): [(128905000, 43500000), (157480000, 43500000)]
13:31:44: [INFO] Routing pad 'D6:1' at (157480000, 43500000) with pad 'D7:1' at (176530000, 43500000) using coordinate system rotated by 0 degree(s)
13:31:44: [INFO] Adding track segment (B.Cu): [(157480000, 43500000), (176530000, 43500000)]
13:31:44: [INFO] Routing ROW9 pads
13:31:44: [INFO] Routing pad 'D73:1' at (219392500, 110175000) with pad 'D74:1' at (238442500, 110175000) using coordinate system rotated by 0 degree(s)
13:31:44: [INFO] Adding track segment (B.Cu): [(219392500, 110175000), (238442500, 110175000)]
13:31:44: [INFO] Routing pad 'D74:1' at (238442500, 110175000) with pad 'D75:1' at (257492500, 110175000) using coordinate system rotated by 0 degree(s)
13:31:44: [INFO] Adding track segment (B.Cu): [(238442500, 110175000), (257492500, 110175000)]
13:31:44: [INFO] Routing pad 'D75:1' at (257492500, 110175000) with pad 'D76:1' at (276542500, 110175000) using coordinate system rotated by 0 degree(s)
13:31:44: [INFO] Adding track segment (B.Cu): [(257492500, 110175000), (276542500, 110175000)]
13:31:44: [INFO] Routing pad 'D76:1' at (276542500, 110175000) with pad 'D77:1' at (295592500, 110175000) using coordinate system rotated by 0 degree(s)
13:31:44: [INFO] Adding track segment (B.Cu): [(276542500, 110175000), (295592500, 110175000)]
13:31:44: [INFO] Routing pad 'D77:1' at (295592500, 110175000) with pad 'D78:1' at (314642500, 110175000) using coordinate system rotated by 0 degree(s)
13:31:44: [INFO] Adding track segment (B.Cu): [(295592500, 110175000), (314642500, 110175000)]
13:31:45: [INFO] Routing pad 'D78:1' at (314642500, 110175000) with pad 'D79:1' at (345598750, 110175000) using coordinate system rotated by 0 degree(s)
13:31:45: [INFO] Adding track segment (B.Cu): [(314642500, 110175000), (345598750, 110175000)]
13:31:45: [INFO] Routing COL9 pads
13:31:45: [INFO] Routing pad 'SW49:1' at (391477500, 35560000) with pad 'SW60:1' at (391477500, 64135000) using coordinate system rotated by 0 degree(s)
13:31:45: [INFO] Adding track segment (F.Cu): [(391477500, 35560000), (391477500, 64135000)]
13:31:45: [INFO] Routing pad 'SW60:1' at (391477500, 64135000) with pad 'SW71:1' at (391477500, 83185000) using coordinate system rotated by 0 degree(s)
13:31:45: [INFO] Adding track segment (F.Cu): [(391477500, 64135000), (391477500, 83185000)]
13:31:45: [INFO] Routing pad 'SW71:1' at (391477500, 83185000) with pad 'SW88:1' at (391477500, 121285000) using coordinate system rotated by 0 degree(s)
13:31:45: [INFO] Adding track segment (F.Cu): [(391477500, 83185000), (391477500, 121285000)]
13:31:45: [INFO] Routing pad 'SW88:1' at (391477500, 121285000) with pad 'SW96:1' at (391477500, 140335000) using coordinate system rotated by 0 degree(s)
13:31:45: [INFO] Adding track segment (F.Cu): [(391477500, 121285000), (391477500, 140335000)]
13:31:45: [INFO] Routing ROW11 pads
13:31:45: [INFO] Routing pad 'D89:1' at (219392500, 148275000) with pad 'D90:1' at (240823750, 148275000) using coordinate system rotated by 0 degree(s)
13:31:45: [INFO] Adding track segment (B.Cu): [(219392500, 148275000), (240823750, 148275000)]
13:31:45: [INFO] Routing pad 'D90:1' at (240823750, 148275000) with pad 'D91:1' at (283686250, 148275000) using coordinate system rotated by 0 degree(s)
13:31:45: [INFO] Adding track segment (B.Cu): [(240823750, 148275000), (283686250, 148275000)]
13:31:45: [INFO] Routing pad 'D91:1' at (283686250, 148275000) with pad 'D92:1' at (307498750, 148275000) using coordinate system rotated by 0 degree(s)
13:31:45: [INFO] Adding track segment (B.Cu): [(283686250, 148275000), (307498750, 148275000)]
13:31:45: [INFO] Routing pad 'D92:1' at (307498750, 148275000) with pad 'D93:1' at (331311250, 148275000) using coordinate system rotated by 0 degree(s)
13:31:45: [INFO] Adding track segment (B.Cu): [(307498750, 148275000), (331311250, 148275000)]
13:31:45: [INFO] Routing pad 'D93:1' at (331311250, 148275000) with pad 'D94:1' at (355123750, 148275000) using coordinate system rotated by 0 degree(s)
13:31:45: [INFO] Adding track segment (B.Cu): [(331311250, 148275000), (355123750, 148275000)]
13:31:45: [INFO] Routing pad 'D94:1' at (355123750, 148275000) with pad 'D95:1' at (381317500, 148275000) using coordinate system rotated by 0 degree(s)
13:31:45: [INFO] Adding track segment (B.Cu): [(355123750, 148275000), (381317500, 148275000)]
13:31:45: [INFO] Routing pad 'D95:1' at (381317500, 148275000) with pad 'D96:1' at (400367500, 148275000) using coordinate system rotated by 0 degree(s)
13:31:45: [INFO] Adding track segment (B.Cu): [(381317500, 148275000), (400367500, 148275000)]
13:31:45: [INFO] Routing pad 'D96:1' at (400367500, 148275000) with pad 'D97:1' at (419417500, 148275000) using coordinate system rotated by 0 degree(s)
13:31:45: [INFO] Adding track segment (B.Cu): [(400367500, 148275000), (419417500, 148275000)]
13:31:45: [INFO] Routing COL0 pads
13:31:45: [INFO] Routing pad 'SW1:1' at (34290000, 35560000) with pad 'SW8:1' at (34290000, 64135000) using coordinate system rotated by 0 degree(s)
13:31:45: [INFO] Adding track segment (F.Cu): [(34290000, 35560000), (34290000, 64135000)]
13:31:45: [INFO] Routing pad 'SW8:1' at (34290000, 64135000) with pad 'SW16:1' at (39052500, 83185000) using coordinate system rotated by 0 degree(s)
13:31:45: [INFO] Adding track segment (F.Cu): [(34290000, 64135000), (34290000, 78422500)]
13:31:45: [INFO] Adding track segment (F.Cu): [(34290000, 78422500), (39052500, 83185000)]
13:31:45: [INFO] Routing pad 'SW30:1' at (46196250, 121285000) with pad 'SW36:1' at (39052500, 140335000) using coordinate system rotated by 0 degree(s)
13:31:45: [INFO] Adding track segment (F.Cu): [(46196250, 121285000), (46196250, 133191250)]
13:31:45: [INFO] Adding track segment (F.Cu): [(46196250, 133191250), (39052500, 140335000)]
13:31:45: [INFO] Routing pad 'SW16:1' at (39052500, 83185000) with pad 'SW23:1' at (41433750, 102235000) using coordinate system rotated by 0 degree(s)
13:31:45: [INFO] Adding track segment (F.Cu): [(39052500, 83185000), (39052500, 99853750)]
13:31:45: [INFO] Adding track segment (F.Cu): [(39052500, 99853750), (41433750, 102235000)]
13:31:45: [INFO] Routing pad 'SW23:1' at (41433750, 102235000) with pad 'SW30:1' at (46196250, 121285000) using coordinate system rotated by 0 degree(s)
13:31:45: [INFO] Adding track segment (F.Cu): [(41433750, 102235000), (41433750, 116522500)]
13:31:45: [INFO] Adding track segment (F.Cu): [(41433750, 116522500), (46196250, 121285000)]
13:31:45: [INFO] Routing pad 'SW30:1' at (46196250, 121285000) with pad 'SW80:1' at (200977500, 121285000) using coordinate system rotated by 0 degree(s)
13:31:45: [INFO] Adding track segment (F.Cu): [(46196250, 121285000), (200977500, 121285000)]
13:31:45: [INFO] Could not add track segment due to detected collision
13:31:45: [INFO] Routing pad 'SW73:1' at (210502500, 102235000) with pad 'SW62:1' at (205740000, 83185000) using coordinate system rotated by 0 degree(s)
13:31:45: [INFO] Adding track segment (F.Cu): [(210502500, 102235000), (205740000, 97472500)]
13:31:45: [INFO] Adding track segment (F.Cu): [(205740000, 97472500), (205740000, 83185000)]
13:31:45: [INFO] Routing pad 'SW80:1' at (200977500, 121285000) with pad 'SW73:1' at (210502500, 102235000) using coordinate system rotated by 0 degree(s)
13:31:45: [INFO] Adding track segment (F.Cu): [(200977500, 121285000), (210502500, 111760000)]
13:31:45: [INFO] Adding track segment (F.Cu): [(210502500, 111760000), (210502500, 102235000)]
13:31:45: [INFO] Routing pad 'SW51:1' at (215265000, 64135000) with pad 'SW41:1' at (215265000, 35560000) using coordinate system rotated by 0 degree(s)
13:31:45: [INFO] Adding track segment (F.Cu): [(215265000, 64135000), (215265000, 35560000)]
13:31:45: [INFO] Routing pad 'SW62:1' at (205740000, 83185000) with pad 'SW51:1' at (215265000, 64135000) using coordinate system rotated by 0 degree(s)
13:31:45: [INFO] Adding track segment (F.Cu): [(205740000, 83185000), (215265000, 73660000)]
13:31:45: [INFO] Adding track segment (F.Cu): [(215265000, 73660000), (215265000, 64135000)]
13:31:45: [INFO] Routing COL8 pads
13:31:45: [INFO] Routing pad 'SW48:1' at (372427500, 35560000) with pad 'SW59:1' at (372427500, 64135000) using coordinate system rotated by 0 degree(s)
13:31:45: [INFO] Adding track segment (F.Cu): [(372427500, 35560000), (372427500, 64135000)]
13:31:45: [INFO] Routing pad 'SW59:1' at (372427500, 64135000) with pad 'SW70:1' at (372427500, 83185000) using coordinate system rotated by 0 degree(s)
13:31:45: [INFO] Adding track segment (F.Cu): [(372427500, 64135000), (372427500, 83185000)]
13:31:45: [INFO] Routing pad 'SW70:1' at (372427500, 83185000) with pad 'SW95:1' at (372427500, 140335000) using coordinate system rotated by 0 degree(s)
13:31:45: [INFO] Adding track segment (F.Cu): [(372427500, 83185000), (372427500, 140335000)]
13:31:45: [INFO] Routing ROW5 pads
13:31:45: [INFO] Routing pad 'D36:1' at (47942500, 148275000) with pad 'D37:1' at (71755000, 148275000) using coordinate system rotated by 0 degree(s)
13:31:45: [INFO] Adding track segment (B.Cu): [(47942500, 148275000), (71755000, 148275000)]
13:31:45: [INFO] Routing pad 'D37:1' at (71755000, 148275000) with pad 'D38:1' at (95567500, 148275000) using coordinate system rotated by 0 degree(s)
13:31:45: [INFO] Adding track segment (B.Cu): [(71755000, 148275000), (95567500, 148275000)]
13:31:45: [INFO] Routing pad 'D38:1' at (95567500, 148275000) with pad 'D39:1' at (136048750, 148275000) using coordinate system rotated by 0 degree(s)
13:31:45: [INFO] Adding track segment (B.Cu): [(95567500, 148275000), (136048750, 148275000)]
13:31:45: [INFO] Routing pad 'D39:1' at (136048750, 148275000) with pad 'D40:1' at (171767500, 148275000) using coordinate system rotated by 0 degree(s)
13:31:45: [INFO] Adding track segment (B.Cu): [(136048750, 148275000), (171767500, 148275000)]
13:31:45: [INFO] Routing COL4 pads
13:31:45: [INFO] Routing pad 'SW4:1' at (100965000, 35560000) with pad 'SW12:1' at (110490000, 64135000) using coordinate system rotated by 0 degree(s)
13:31:45: [INFO] Adding track segment (F.Cu): [(100965000, 35560000), (100965000, 54610000)]
13:31:45: [INFO] Adding track segment (F.Cu): [(100965000, 54610000), (110490000, 64135000)]
13:31:45: [INFO] Routing pad 'SW12:1' at (110490000, 64135000) with pad 'SW20:1' at (120015000, 83185000) using coordinate system rotated by 0 degree(s)
13:31:45: [INFO] Adding track segment (F.Cu): [(110490000, 64135000), (110490000, 73660000)]
13:31:45: [INFO] Adding track segment (F.Cu): [(110490000, 73660000), (120015000, 83185000)]
13:31:45: [INFO] Routing pad 'SW20:1' at (120015000, 83185000) with pad 'SW27:1' at (124777500, 102235000) using coordinate system rotated by 0 degree(s)
13:31:45: [INFO] Adding track segment (F.Cu): [(120015000, 83185000), (120015000, 97472500)]
13:31:45: [INFO] Adding track segment (F.Cu): [(120015000, 97472500), (124777500, 102235000)]
13:31:45: [INFO] Routing pad 'SW34:1' at (134302500, 121285000) with pad 'SW39:1' at (127158750, 140335000) using coordinate system rotated by 0 degree(s)
13:31:45: [INFO] Adding track segment (F.Cu): [(134302500, 121285000), (134302500, 133191250)]
13:31:45: [INFO] Adding track segment (F.Cu): [(134302500, 133191250), (127158750, 140335000)]
13:31:45: [INFO] Routing pad 'SW27:1' at (124777500, 102235000) with pad 'SW34:1' at (134302500, 121285000) using coordinate system rotated by 0 degree(s)
13:31:45: [INFO] Adding track segment (F.Cu): [(124777500, 102235000), (124777500, 111760000)]
13:31:45: [INFO] Adding track segment (F.Cu): [(124777500, 111760000), (134302500, 121285000)]
13:31:45: [INFO] Routing pad 'SW34:1' at (134302500, 121285000) with pad 'SW91:1' at (274796250, 140335000) using coordinate system rotated by 0 degree(s)
13:31:45: [INFO] Routing pad 'SW91:1' at (274796250, 140335000) with pad 'SW84:1' at (277177500, 121285000) using coordinate system rotated by 0 degree(s)
13:31:45: [INFO] Adding track segment (F.Cu): [(274796250, 140335000), (277177500, 137953750)]
13:31:45: [INFO] Adding track segment (F.Cu): [(277177500, 137953750), (277177500, 121285000)]
13:31:45: [INFO] Routing pad 'SW77:1' at (286702500, 102235000) with pad 'SW66:1' at (281940000, 83185000) using coordinate system rotated by 0 degree(s)
13:31:45: [INFO] Adding track segment (F.Cu): [(286702500, 102235000), (281940000, 97472500)]
13:31:45: [INFO] Adding track segment (F.Cu): [(281940000, 97472500), (281940000, 83185000)]
13:31:45: [INFO] Routing pad 'SW84:1' at (277177500, 121285000) with pad 'SW77:1' at (286702500, 102235000) using coordinate system rotated by 0 degree(s)
13:31:45: [INFO] Adding track segment (F.Cu): [(277177500, 121285000), (286702500, 111760000)]
13:31:45: [INFO] Adding track segment (F.Cu): [(286702500, 111760000), (286702500, 102235000)]
13:31:45: [INFO] Routing pad 'SW66:1' at (281940000, 83185000) with pad 'SW55:1' at (291465000, 64135000) using coordinate system rotated by 0 degree(s)
13:31:45: [INFO] Adding track segment (F.Cu): [(281940000, 83185000), (291465000, 73660000)]
13:31:45: [INFO] Adding track segment (F.Cu): [(291465000, 73660000), (291465000, 64135000)]
13:31:45: [INFO] Routing pad 'SW55:1' at (291465000, 64135000) with pad 'SW45:1' at (300990000, 35560000) using coordinate system rotated by 0 degree(s)
13:31:45: [INFO] Adding track segment (F.Cu): [(291465000, 64135000), (300990000, 54610000)]
13:31:45: [INFO] Adding track segment (F.Cu): [(300990000, 54610000), (300990000, 35560000)]
13:31:45: [INFO] Routing COL3 pads
13:31:45: [INFO] Routing pad 'SW3:1' at (81915000, 35560000) with pad 'SW11:1' at (91440000, 64135000) using coordinate system rotated by 0 degree(s)
13:31:45: [INFO] Adding track segment (F.Cu): [(81915000, 35560000), (81915000, 54610000)]
13:31:45: [INFO] Adding track segment (F.Cu): [(81915000, 54610000), (91440000, 64135000)]
13:31:45: [INFO] Routing pad 'SW11:1' at (91440000, 64135000) with pad 'SW19:1' at (100965000, 83185000) using coordinate system rotated by 0 degree(s)
13:31:45: [INFO] Adding track segment (F.Cu): [(91440000, 64135000), (91440000, 73660000)]
13:31:45: [INFO] Adding track segment (F.Cu): [(91440000, 73660000), (100965000, 83185000)]
13:31:45: [INFO] Routing pad 'SW19:1' at (100965000, 83185000) with pad 'SW26:1' at (105727500, 102235000) using coordinate system rotated by 0 degree(s)
13:31:45: [INFO] Adding track segment (F.Cu): [(100965000, 83185000), (100965000, 97472500)]
13:31:45: [INFO] Adding track segment (F.Cu): [(100965000, 97472500), (105727500, 102235000)]
13:31:46: [INFO] Routing pad 'SW26:1' at (105727500, 102235000) with pad 'SW33:1' at (115252500, 121285000) using coordinate system rotated by 0 degree(s)
13:31:46: [INFO] Adding track segment (F.Cu): [(105727500, 102235000), (105727500, 111760000)]
13:31:46: [INFO] Adding track segment (F.Cu): [(105727500, 111760000), (115252500, 121285000)]
13:31:46: [INFO] Routing pad 'SW33:1' at (115252500, 121285000) with pad 'SW83:1' at (258127500, 121285000) using coordinate system rotated by 0 degree(s)
13:31:46: [INFO] Adding track segment (F.Cu): [(115252500, 121285000), (258127500, 121285000)]
13:31:46: [INFO] Could not add track segment due to detected collision
13:31:46: [INFO] Routing pad 'SW76:1' at (267652500, 102235000) with pad 'SW65:1' at (262890000, 83185000) using coordinate system rotated by 0 degree(s)
13:31:46: [INFO] Adding track segment (F.Cu): [(267652500, 102235000), (262890000, 97472500)]
13:31:46: [INFO] Adding track segment (F.Cu): [(262890000, 97472500), (262890000, 83185000)]
13:31:46: [INFO] Routing pad 'SW83:1' at (258127500, 121285000) with pad 'SW76:1' at (267652500, 102235000) using coordinate system rotated by 0 degree(s)
13:31:46: [INFO] Adding track segment (F.Cu): [(258127500, 121285000), (267652500, 111760000)]
13:31:46: [INFO] Adding track segment (F.Cu): [(267652500, 111760000), (267652500, 102235000)]
13:31:46: [INFO] Routing pad 'SW65:1' at (262890000, 83185000) with pad 'SW54:1' at (272415000, 64135000) using coordinate system rotated by 0 degree(s)
13:31:46: [INFO] Adding track segment (F.Cu): [(262890000, 83185000), (272415000, 73660000)]
13:31:46: [INFO] Adding track segment (F.Cu): [(272415000, 73660000), (272415000, 64135000)]
13:31:46: [INFO] Routing pad 'SW54:1' at (272415000, 64135000) with pad 'SW44:1' at (281940000, 35560000) using coordinate system rotated by 0 degree(s)
13:31:46: [INFO] Adding track segment (F.Cu): [(272415000, 64135000), (281940000, 54610000)]
13:31:46: [INFO] Adding track segment (F.Cu): [(281940000, 54610000), (281940000, 35560000)]
13:31:46: [INFO] Routing ROW4 pads
13:31:46: [INFO] Routing pad 'D30:1' at (55086250, 129225000) with pad 'D31:1' at (86042500, 129225000) using coordinate system rotated by 0 degree(s)
13:31:46: [INFO] Adding track segment (B.Cu): [(55086250, 129225000), (86042500, 129225000)]
13:31:46: [INFO] Routing pad 'D31:1' at (86042500, 129225000) with pad 'D32:1' at (105092500, 129225000) using coordinate system rotated by 0 degree(s)
13:31:46: [INFO] Adding track segment (B.Cu): [(86042500, 129225000), (105092500, 129225000)]
13:31:46: [INFO] Routing pad 'D32:1' at (105092500, 129225000) with pad 'D33:1' at (124142500, 129225000) using coordinate system rotated by 0 degree(s)
13:31:46: [INFO] Adding track segment (B.Cu): [(105092500, 129225000), (124142500, 129225000)]
13:31:46: [INFO] Routing pad 'D33:1' at (124142500, 129225000) with pad 'D34:1' at (143192500, 129225000) using coordinate system rotated by 0 degree(s)
13:31:46: [INFO] Adding track segment (B.Cu): [(124142500, 129225000), (143192500, 129225000)]
13:31:46: [INFO] Routing pad 'D34:1' at (143192500, 129225000) with pad 'D35:1' at (162242500, 129225000) using coordinate system rotated by 0 degree(s)
13:31:46: [INFO] Adding track segment (B.Cu): [(143192500, 129225000), (162242500, 129225000)]
13:31:46: [INFO] Routing ROW3 pads
13:31:46: [INFO] Routing pad 'D23:1' at (50323750, 110175000) with pad 'D24:1' at (76517500, 110175000) using coordinate system rotated by 0 degree(s)
13:31:46: [INFO] Adding track segment (B.Cu): [(50323750, 110175000), (76517500, 110175000)]
13:31:46: [INFO] Routing pad 'D24:1' at (76517500, 110175000) with pad 'D25:1' at (95567500, 110175000) using coordinate system rotated by 0 degree(s)
13:31:46: [INFO] Adding track segment (B.Cu): [(76517500, 110175000), (95567500, 110175000)]
13:31:46: [INFO] Routing pad 'D25:1' at (95567500, 110175000) with pad 'D26:1' at (114617500, 110175000) using coordinate system rotated by 0 degree(s)
13:31:46: [INFO] Adding track segment (B.Cu): [(95567500, 110175000), (114617500, 110175000)]
13:31:46: [INFO] Routing pad 'D26:1' at (114617500, 110175000) with pad 'D27:1' at (133667500, 110175000) using coordinate system rotated by 0 degree(s)
13:31:46: [INFO] Adding track segment (B.Cu): [(114617500, 110175000), (133667500, 110175000)]
13:31:46: [INFO] Routing pad 'D27:1' at (133667500, 110175000) with pad 'D28:1' at (152717500, 110175000) using coordinate system rotated by 0 degree(s)
13:31:46: [INFO] Adding track segment (B.Cu): [(133667500, 110175000), (152717500, 110175000)]
13:31:46: [INFO] Routing pad 'D28:1' at (152717500, 110175000) with pad 'D29:1' at (171767500, 110175000) using coordinate system rotated by 0 degree(s)
13:31:46: [INFO] Adding track segment (B.Cu): [(152717500, 110175000), (171767500, 110175000)]
13:31:46: [INFO] Routing COL7 pads
13:31:46: [INFO] Routing pad 'SW7:1' at (167640000, 35560000) with pad 'SW15:1' at (167640000, 64135000) using coordinate system rotated by 0 degree(s)
13:31:46: [INFO] Adding track segment (F.Cu): [(167640000, 35560000), (167640000, 64135000)]
13:31:46: [INFO] Routing pad 'SW69:1' at (346233750, 83185000) with pad 'SW79:1' at (336708750, 102235000) using coordinate system rotated by 0 degree(s)
13:31:46: [INFO] Adding track segment (F.Cu): [(346233750, 83185000), (346233750, 92710000)]
13:31:46: [INFO] Adding track segment (F.Cu): [(346233750, 92710000), (336708750, 102235000)]
13:31:46: [INFO] Routing pad 'SW15:1' at (167640000, 64135000) with pad 'SW58:1' at (339090000, 64135000) using coordinate system rotated by 0 degree(s)
13:31:46: [INFO] Adding track segment (F.Cu): [(167640000, 64135000), (339090000, 64135000)]
13:31:46: [INFO] Could not add track segment due to detected collision
13:31:46: [INFO] Routing pad 'SW58a:1' at (348615000, 64135000) with pad 'SW69:1' at (346233750, 83185000) using coordinate system rotated by 0 degree(s)
13:31:46: [INFO] Routing pad 'SW87:1' at (348615000, 121285000) with pad 'SW94:1' at (346233750, 140335000) using coordinate system rotated by 0 degree(s)
13:31:46: [INFO] Routing pad 'SW58a:1' at (348615000, 64135000) with pad 'SW47:1' at (348615000, 35560000) using coordinate system rotated by 0 degree(s)
13:31:46: [INFO] Adding track segment (F.Cu): [(348615000, 64135000), (348615000, 35560000)]
13:31:46: [INFO] Routing pad 'SW58:1' at (339090000, 64135000) with pad 'SW58a:1' at (348615000, 64135000) using coordinate system rotated by 0 degree(s)
13:31:46: [INFO] Adding track segment (F.Cu): [(339090000, 64135000), (348615000, 64135000)]
13:31:46: [INFO] Routing pad 'SW79:1' at (336708750, 102235000) with pad 'SW87:1' at (348615000, 121285000) using coordinate system rotated by 0 degree(s)
13:31:46: [INFO] Adding track segment (F.Cu): [(336708750, 102235000), (336708750, 109378750)]
13:31:46: [INFO] Adding track segment (F.Cu): [(336708750, 109378750), (348615000, 121285000)]
13:31:46: [INFO] Routing ROW2 pads
13:31:46: [INFO] Routing pad 'D16:1' at (47942500, 91125000) with pad 'D17:1' at (71755000, 91125000) using coordinate system rotated by 0 degree(s)
13:31:46: [INFO] Adding track segment (B.Cu): [(47942500, 91125000), (71755000, 91125000)]
13:31:46: [INFO] Routing pad 'D17:1' at (71755000, 91125000) with pad 'D18:1' at (90805000, 91125000) using coordinate system rotated by 0 degree(s)
13:31:46: [INFO] Adding track segment (B.Cu): [(71755000, 91125000), (90805000, 91125000)]
13:31:46: [INFO] Routing pad 'D18:1' at (90805000, 91125000) with pad 'D19:1' at (109855000, 91125000) using coordinate system rotated by 0 degree(s)
13:31:46: [INFO] Adding track segment (B.Cu): [(90805000, 91125000), (109855000, 91125000)]
13:31:46: [INFO] Routing pad 'D19:1' at (109855000, 91125000) with pad 'D20:1' at (128905000, 91125000) using coordinate system rotated by 0 degree(s)
13:31:46: [INFO] Adding track segment (B.Cu): [(109855000, 91125000), (128905000, 91125000)]
13:31:46: [INFO] Routing pad 'D20:1' at (128905000, 91125000) with pad 'D21:1' at (147955000, 91125000) using coordinate system rotated by 0 degree(s)
13:31:46: [INFO] Adding track segment (B.Cu): [(128905000, 91125000), (147955000, 91125000)]
13:31:46: [INFO] Routing pad 'D21:1' at (147955000, 91125000) with pad 'D22:1' at (167005000, 91125000) using coordinate system rotated by 0 degree(s)
13:31:46: [INFO] Adding track segment (B.Cu): [(147955000, 91125000), (167005000, 91125000)]
13:31:46: [INFO] Routing ROW1 pads
13:31:46: [INFO] Routing pad 'D8:1' at (43180000, 72075000) with pad 'D9:1' at (62230000, 72075000) using coordinate system rotated by 0 degree(s)
13:31:46: [INFO] Adding track segment (B.Cu): [(43180000, 72075000), (62230000, 72075000)]
13:31:46: [INFO] Routing pad 'D9:1' at (62230000, 72075000) with pad 'D10:1' at (81280000, 72075000) using coordinate system rotated by 0 degree(s)
13:31:46: [INFO] Adding track segment (B.Cu): [(62230000, 72075000), (81280000, 72075000)]
13:31:46: [INFO] Routing pad 'D10:1' at (81280000, 72075000) with pad 'D11:1' at (100330000, 72075000) using coordinate system rotated by 0 degree(s)
13:31:46: [INFO] Adding track segment (B.Cu): [(81280000, 72075000), (100330000, 72075000)]
13:31:46: [INFO] Routing pad 'D11:1' at (100330000, 72075000) with pad 'D12:1' at (119380000, 72075000) using coordinate system rotated by 0 degree(s)
13:31:46: [INFO] Adding track segment (B.Cu): [(100330000, 72075000), (119380000, 72075000)]
13:31:46: [INFO] Routing pad 'D12:1' at (119380000, 72075000) with pad 'D13:1' at (138430000, 72075000) using coordinate system rotated by 0 degree(s)
13:31:46: [INFO] Adding track segment (B.Cu): [(119380000, 72075000), (138430000, 72075000)]
13:31:46: [INFO] Routing pad 'D13:1' at (138430000, 72075000) with pad 'D14:1' at (157480000, 72075000) using coordinate system rotated by 0 degree(s)
13:31:46: [INFO] Adding track segment (B.Cu): [(138430000, 72075000), (157480000, 72075000)]
13:31:46: [INFO] Routing pad 'D14:1' at (157480000, 72075000) with pad 'D15:1' at (176530000, 72075000) using coordinate system rotated by 0 degree(s)
13:31:46: [INFO] Adding track segment (B.Cu): [(157480000, 72075000), (176530000, 72075000)]
13:31:46: [INFO] Routing ROW10 pads
13:31:46: [INFO] Routing pad 'D80:1' at (209867500, 129225000) with pad 'D81:1' at (228917500, 129225000) using coordinate system rotated by 0 degree(s)
13:31:46: [INFO] Adding track segment (B.Cu): [(209867500, 129225000), (228917500, 129225000)]
13:31:46: [INFO] Routing pad 'D81:1' at (228917500, 129225000) with pad 'D82:1' at (247967500, 129225000) using coordinate system rotated by 0 degree(s)
13:31:46: [INFO] Adding track segment (B.Cu): [(228917500, 129225000), (247967500, 129225000)]
13:31:46: [INFO] Routing pad 'D82:1' at (247967500, 129225000) with pad 'D83:1' at (267017500, 129225000) using coordinate system rotated by 0 degree(s)
13:31:46: [INFO] Adding track segment (B.Cu): [(247967500, 129225000), (267017500, 129225000)]
13:31:46: [INFO] Routing pad 'D83:1' at (267017500, 129225000) with pad 'D84:1' at (286067500, 129225000) using coordinate system rotated by 0 degree(s)
13:31:46: [INFO] Adding track segment (B.Cu): [(267017500, 129225000), (286067500, 129225000)]
13:31:46: [INFO] Routing pad 'D84:1' at (286067500, 129225000) with pad 'D85:1' at (305117500, 129225000) using coordinate system rotated by 0 degree(s)
13:31:46: [INFO] Adding track segment (B.Cu): [(286067500, 129225000), (305117500, 129225000)]
13:31:46: [INFO] Routing pad 'D85:1' at (305117500, 129225000) with pad 'D86:1' at (340836250, 129225000) using coordinate system rotated by 0 degree(s)
13:31:46: [INFO] Adding track segment (B.Cu): [(305117500, 129225000), (340836250, 129225000)]
13:31:46: [INFO] Routing pad 'D86:1' at (340836250, 129225000) with pad 'D87:1' at (357505000, 129225000) using coordinate system rotated by 0 degree(s)
13:31:46: [INFO] Adding track segment (B.Cu): [(340836250, 129225000), (357505000, 129225000)]
13:31:46: [INFO] Routing pad 'D87:1' at (357505000, 129225000) with pad 'D88:1' at (400367500, 129225000) using coordinate system rotated by 0 degree(s)
13:31:46: [INFO] Adding track segment (B.Cu): [(357505000, 129225000), (400367500, 129225000)]
13:31:46: [INFO] Routing COL1 pads
13:31:46: [INFO] Routing pad 'SW9:1' at (53340000, 64135000) with pad 'SW17:1' at (62865000, 83185000) using coordinate system rotated by 0 degree(s)
13:31:46: [INFO] Adding track segment (F.Cu): [(53340000, 64135000), (53340000, 73660000)]
13:31:46: [INFO] Adding track segment (F.Cu): [(53340000, 73660000), (62865000, 83185000)]
13:31:46: [INFO] Routing pad 'SW31:1' at (77152500, 121285000) with pad 'SW37:1' at (62865000, 140335000) using coordinate system rotated by 0 degree(s)
13:31:46: [INFO] Adding track segment (F.Cu): [(77152500, 121285000), (77152500, 126047500)]
13:31:46: [INFO] Adding track segment (F.Cu): [(77152500, 126047500), (62865000, 140335000)]
13:31:46: [INFO] Routing pad 'SW17:1' at (62865000, 83185000) with pad 'SW24:1' at (67627500, 102235000) using coordinate system rotated by 0 degree(s)
13:31:46: [INFO] Adding track segment (F.Cu): [(62865000, 83185000), (62865000, 97472500)]
13:31:46: [INFO] Adding track segment (F.Cu): [(62865000, 97472500), (67627500, 102235000)]
13:31:46: [INFO] Routing pad 'SW24:1' at (67627500, 102235000) with pad 'SW31:1' at (77152500, 121285000) using coordinate system rotated by 0 degree(s)
13:31:46: [INFO] Adding track segment (F.Cu): [(67627500, 102235000), (67627500, 111760000)]
13:31:46: [INFO] Adding track segment (F.Cu): [(67627500, 111760000), (77152500, 121285000)]
13:31:46: [INFO] Routing pad 'SW31:1' at (77152500, 121285000) with pad 'SW89:1' at (210502500, 140335000) using coordinate system rotated by 0 degree(s)
13:31:46: [INFO] Routing pad 'SW89:1' at (210502500, 140335000) with pad 'SW81:1' at (220027500, 121285000) using coordinate system rotated by 0 degree(s)
13:31:46: [INFO] Adding track segment (F.Cu): [(210502500, 140335000), (220027500, 130810000)]
13:31:46: [INFO] Adding track segment (F.Cu): [(220027500, 130810000), (220027500, 121285000)]
13:31:46: [INFO] Routing pad 'SW74:1' at (229552500, 102235000) with pad 'SW63:1' at (224790000, 83185000) using coordinate system rotated by 0 degree(s)
13:31:46: [INFO] Adding track segment (F.Cu): [(229552500, 102235000), (224790000, 97472500)]
13:31:46: [INFO] Adding track segment (F.Cu): [(224790000, 97472500), (224790000, 83185000)]
13:31:46: [INFO] Routing pad 'SW81:1' at (220027500, 121285000) with pad 'SW74:1' at (229552500, 102235000) using coordinate system rotated by 0 degree(s)
13:31:46: [INFO] Adding track segment (F.Cu): [(220027500, 121285000), (229552500, 111760000)]
13:31:46: [INFO] Adding track segment (F.Cu): [(229552500, 111760000), (229552500, 102235000)]
13:31:46: [INFO] Routing pad 'SW52:1' at (234315000, 64135000) with pad 'SW42:1' at (234315000, 35560000) using coordinate system rotated by 0 degree(s)
13:31:46: [INFO] Adding track segment (F.Cu): [(234315000, 64135000), (234315000, 35560000)]
13:31:46: [INFO] Routing pad 'SW63:1' at (224790000, 83185000) with pad 'SW52:1' at (234315000, 64135000) using coordinate system rotated by 0 degree(s)
13:31:46: [INFO] Adding track segment (F.Cu): [(224790000, 83185000), (234315000, 73660000)]
13:31:47: [INFO] Adding track segment (F.Cu): [(234315000, 73660000), (234315000, 64135000)]
13:31:47: [INFO] Routing ROW7 pads
13:31:47: [INFO] Routing pad 'D51:1' at (224155000, 72075000) with pad 'D52:1' at (243205000, 72075000) using coordinate system rotated by 0 degree(s)
13:31:47: [INFO] Adding track segment (B.Cu): [(224155000, 72075000), (243205000, 72075000)]
13:31:47: [INFO] Routing pad 'D52:1' at (243205000, 72075000) with pad 'D53:1' at (262255000, 72075000) using coordinate system rotated by 0 degree(s)
13:31:47: [INFO] Adding track segment (B.Cu): [(243205000, 72075000), (262255000, 72075000)]
13:31:47: [INFO] Routing pad 'D53:1' at (262255000, 72075000) with pad 'D54:1' at (281305000, 72075000) using coordinate system rotated by 0 degree(s)
13:31:47: [INFO] Adding track segment (B.Cu): [(262255000, 72075000), (281305000, 72075000)]
13:31:47: [INFO] Routing pad 'D54:1' at (281305000, 72075000) with pad 'D55:1' at (300355000, 72075000) using coordinate system rotated by 0 degree(s)
13:31:47: [INFO] Adding track segment (B.Cu): [(281305000, 72075000), (300355000, 72075000)]
13:31:47: [INFO] Routing pad 'D55:1' at (300355000, 72075000) with pad 'D56:1' at (319405000, 72075000) using coordinate system rotated by 0 degree(s)
13:31:47: [INFO] Adding track segment (B.Cu): [(300355000, 72075000), (319405000, 72075000)]
13:31:47: [INFO] Routing pad 'D56:1' at (319405000, 72075000) with pad 'D57:1' at (338455000, 72075000) using coordinate system rotated by 0 degree(s)
13:31:47: [INFO] Adding track segment (B.Cu): [(319405000, 72075000), (338455000, 72075000)]
13:31:47: [INFO] Routing pad 'D57:1' at (338455000, 72075000) with pad 'D58:1' at (347980000, 72075000) using coordinate system rotated by 0 degree(s)
13:31:47: [INFO] Adding track segment (B.Cu): [(338455000, 72075000), (347980000, 72075000)]
13:31:47: [INFO] Routing pad 'D58:1' at (347980000, 72075000) with pad 'D59:1' at (381317500, 72075000) using coordinate system rotated by 0 degree(s)
13:31:47: [INFO] Adding track segment (B.Cu): [(347980000, 72075000), (381317500, 72075000)]
13:31:47: [INFO] Routing pad 'D59:1' at (381317500, 72075000) with pad 'D60:1' at (400367500, 72075000) using coordinate system rotated by 0 degree(s)
13:31:47: [INFO] Adding track segment (B.Cu): [(381317500, 72075000), (400367500, 72075000)]
13:31:47: [INFO] Routing pad 'D60:1' at (400367500, 72075000) with pad 'D61:1' at (419417500, 72075000) using coordinate system rotated by 0 degree(s)
13:31:47: [INFO] Adding track segment (B.Cu): [(400367500, 72075000), (419417500, 72075000)]
13:31:47: [INFO] Routing COL2 pads
13:31:47: [INFO] Routing pad 'SW2:1' at (62865000, 35560000) with pad 'SW10:1' at (72390000, 64135000) using coordinate system rotated by 0 degree(s)
13:31:47: [INFO] Adding track segment (F.Cu): [(62865000, 35560000), (62865000, 54610000)]
13:31:47: [INFO] Adding track segment (F.Cu): [(62865000, 54610000), (72390000, 64135000)]
13:31:47: [INFO] Routing pad 'SW10:1' at (72390000, 64135000) with pad 'SW18:1' at (81915000, 83185000) using coordinate system rotated by 0 degree(s)
13:31:47: [INFO] Adding track segment (F.Cu): [(72390000, 64135000), (72390000, 73660000)]
13:31:47: [INFO] Adding track segment (F.Cu): [(72390000, 73660000), (81915000, 83185000)]
13:31:47: [INFO] Routing pad 'SW18:1' at (81915000, 83185000) with pad 'SW25:1' at (86677500, 102235000) using coordinate system rotated by 0 degree(s)
13:31:47: [INFO] Adding track segment (F.Cu): [(81915000, 83185000), (81915000, 97472500)]
13:31:47: [INFO] Adding track segment (F.Cu): [(81915000, 97472500), (86677500, 102235000)]
13:31:47: [INFO] Routing pad 'SW32:1' at (96202500, 121285000) with pad 'SW38:1' at (86677500, 140335000) using coordinate system rotated by 0 degree(s)
13:31:47: [INFO] Adding track segment (F.Cu): [(96202500, 121285000), (96202500, 130810000)]
13:31:47: [INFO] Adding track segment (F.Cu): [(96202500, 130810000), (86677500, 140335000)]
13:31:47: [INFO] Routing pad 'SW25:1' at (86677500, 102235000) with pad 'SW32:1' at (96202500, 121285000) using coordinate system rotated by 0 degree(s)
13:31:47: [INFO] Adding track segment (F.Cu): [(86677500, 102235000), (86677500, 111760000)]
13:31:47: [INFO] Adding track segment (F.Cu): [(86677500, 111760000), (96202500, 121285000)]
13:31:47: [INFO] Routing pad 'SW32:1' at (96202500, 121285000) with pad 'SW90:1' at (231933750, 140335000) using coordinate system rotated by 0 degree(s)
13:31:47: [INFO] Routing pad 'SW90a:1' at (241458750, 140335000) with pad 'SW82:1' at (239077500, 121285000) using coordinate system rotated by 0 degree(s)
13:31:47: [INFO] Routing pad 'SW90:1' at (231933750, 140335000) with pad 'SW90a:1' at (241458750, 140335000) using coordinate system rotated by 0 degree(s)
13:31:47: [INFO] Adding track segment (F.Cu): [(231933750, 140335000), (241458750, 140335000)]
13:31:47: [INFO] Routing pad 'SW75:1' at (248602500, 102235000) with pad 'SW64:1' at (243840000, 83185000) using coordinate system rotated by 0 degree(s)
13:31:47: [INFO] Adding track segment (F.Cu): [(248602500, 102235000), (243840000, 97472500)]
13:31:47: [INFO] Adding track segment (F.Cu): [(243840000, 97472500), (243840000, 83185000)]
13:31:47: [INFO] Routing pad 'SW82:1' at (239077500, 121285000) with pad 'SW75:1' at (248602500, 102235000) using coordinate system rotated by 0 degree(s)
13:31:47: [INFO] Adding track segment (F.Cu): [(239077500, 121285000), (248602500, 111760000)]
13:31:47: [INFO] Adding track segment (F.Cu): [(248602500, 111760000), (248602500, 102235000)]
13:31:47: [INFO] Routing pad 'SW64:1' at (243840000, 83185000) with pad 'SW53:1' at (253365000, 64135000) using coordinate system rotated by 0 degree(s)
13:31:47: [INFO] Adding track segment (F.Cu): [(243840000, 83185000), (253365000, 73660000)]
13:31:47: [INFO] Adding track segment (F.Cu): [(253365000, 73660000), (253365000, 64135000)]
13:31:47: [INFO] Routing pad 'SW53:1' at (253365000, 64135000) with pad 'SW43:1' at (262890000, 35560000) using coordinate system rotated by 0 degree(s)
13:31:47: [INFO] Adding track segment (F.Cu): [(253365000, 64135000), (262890000, 54610000)]
13:31:47: [INFO] Adding track segment (F.Cu): [(262890000, 54610000), (262890000, 35560000)]
13:31:47: [INFO] Routing ROW6 pads
13:31:47: [INFO] Routing pad 'D41:1' at (224155000, 43500000) with pad 'D42:1' at (243205000, 43500000) using coordinate system rotated by 0 degree(s)
13:31:47: [INFO] Adding track segment (B.Cu): [(224155000, 43500000), (243205000, 43500000)]
13:31:47: [INFO] Routing pad 'D42:1' at (243205000, 43500000) with pad 'D43:1' at (271780000, 43500000) using coordinate system rotated by 0 degree(s)
13:31:47: [INFO] Adding track segment (B.Cu): [(243205000, 43500000), (271780000, 43500000)]
13:31:47: [INFO] Routing pad 'D43:1' at (271780000, 43500000) with pad 'D44:1' at (290830000, 43500000) using coordinate system rotated by 0 degree(s)
13:31:47: [INFO] Adding track segment (B.Cu): [(271780000, 43500000), (290830000, 43500000)]
13:31:47: [INFO] Routing pad 'D44:1' at (290830000, 43500000) with pad 'D45:1' at (309880000, 43500000) using coordinate system rotated by 0 degree(s)
13:31:47: [INFO] Adding track segment (B.Cu): [(290830000, 43500000), (309880000, 43500000)]
13:31:47: [INFO] Routing pad 'D45:1' at (309880000, 43500000) with pad 'D46:1' at (328930000, 43500000) using coordinate system rotated by 0 degree(s)
13:31:47: [INFO] Adding track segment (B.Cu): [(309880000, 43500000), (328930000, 43500000)]
13:31:47: [INFO] Routing pad 'D46:1' at (328930000, 43500000) with pad 'D47:1' at (357505000, 43500000) using coordinate system rotated by 0 degree(s)
13:31:47: [INFO] Adding track segment (B.Cu): [(328930000, 43500000), (357505000, 43500000)]
13:31:47: [INFO] Routing pad 'D47:1' at (357505000, 43500000) with pad 'D48:1' at (381317500, 43500000) using coordinate system rotated by 0 degree(s)
13:31:47: [INFO] Adding track segment (B.Cu): [(357505000, 43500000), (381317500, 43500000)]
13:31:47: [INFO] Routing pad 'D48:1' at (381317500, 43500000) with pad 'D49:1' at (400367500, 43500000) using coordinate system rotated by 0 degree(s)
13:31:47: [INFO] Adding track segment (B.Cu): [(381317500, 43500000), (400367500, 43500000)]
13:31:47: [INFO] Routing pad 'D49:1' at (400367500, 43500000) with pad 'D50:1' at (419417500, 43500000) using coordinate system rotated by 0 degree(s)
13:31:47: [INFO] Adding track segment (B.Cu): [(400367500, 43500000), (419417500, 43500000)]
13:31:47: [INFO] Routing COL10 pads
13:31:47: [INFO] Routing pad 'SW50:1' at (410527500, 35560000) with pad 'SW61:1' at (410527500, 64135000) using coordinate system rotated by 0 degree(s)
13:31:47: [INFO] Adding track segment (F.Cu): [(410527500, 35560000), (410527500, 64135000)]
13:31:47: [INFO] Routing pad 'SW61:1' at (410527500, 64135000) with pad 'SW72:1' at (410527500, 83185000) using coordinate system rotated by 0 degree(s)
13:31:47: [INFO] Adding track segment (F.Cu): [(410527500, 64135000), (410527500, 83185000)]
13:31:47: [INFO] Routing pad 'SW72:1' at (410527500, 83185000) with pad 'SW97:1' at (410527500, 140335000) using coordinate system rotated by 0 degree(s)
13:31:47: [INFO] Adding track segment (F.Cu): [(410527500, 83185000), (410527500, 140335000)]
13:31:47: [INFO] Removing dangling tracks
