=== kbplacer.kle_serial ===
=== layout2image.py ===
=== kbplacer ===
13:31:12: [INFO] User layout: https://editor.keyboard-tools.xyz/#share=NrDeCIA9wLgAgEwAYB0BWANHcATWcAXAJwFcBTAXy3AEYEMaAdAOxZaQyXCwgGN9wAYgCGoseCrY6DNq2Yca4ALoYAUGHABPfAFpUaSeA5dqNTt2wKLtBhYjR4qBJmz94QgOxfvE6hwR2UPj61G7YImKivlIYAX4YAMzWZknxACyBDnD6hhxoyRj58QBsBaU8QY7ohmYe1hwAHAVN8QCcmcHVphjtKur2+Mjo1NrwesOuAoK8M7PWePDE5DX0SLLs5hVhQpFRK5zr8rZ9GqNw486Gq9YJm9j0itS3j3ADVc6hU7NzV7E3f9R6KlsLdgeB6BknhhIfdCv8irDyiCMEjwRg6lCMbCWq9wNsIpFrAB3QaGW4NQ7XKG9NQafHfGbRcBpA5yFhmEzYTBrNnMDnWFlMXn8rZTXbCawAC1J1EwQtkItxWScLnAJPgNC62BZcVx9IZTMwuuZiWsmDBLJh4EwVpZCOtcOoLNRmFRLKxDo9LJxEHVcE1BidPUOLM5fDFu0NPWUtPD7mmBsMxVZCru4A8KbkivAyflWbub39KA+k3j4uJ+E1HkD2GTurj4QZ-EMGeNybBGbByatGatyftGftydRGdRyY9GaxDc83i8FfgCGLNfTGApvNDgXx5Zb0ZO04T3yZDUz7LTrRPfLTx7zp7DeIjhOo0oXhnPN8vd+VS+ofsXl2ox4IIctx3vqh6GMeYLnmCx5WueVrHva572seqLnqix4eueU73mWkY-pWKDVq+q6blMs5zhB0ainhhIkTS-S4Y2BoES+pjGIc2Y0AonEFpURYlkxOz4dgfqav+Uj+Ic3KBGJS41GYQG8jJFRyRJtAcAk0l8WBcysXAxTyexhTaaBD7iPp4nLtx6KmbJhHqTQtR2RUX6qviFF1AppHGe0phmAxpydIJW4ieAz6IIYoa8S8+5NlGPKpi8JrvmYyVyjFHQagk36luE25QmusgPNY9CtJSxyxvxZh5UI8U7ol+bJbmmXUBmqW2K5lYsrVgiefOAmqhF9CiQEGoTOFY3+tQkBTRcy4suV66VYxoWPtgw1UY1p6xUJB4-NQ57bZeyXXq12BvudhY0AkO5FXIgoxoxWRpLlWi6Kg1afLRFmiQ5y6AcBnV6l8iaHbEQOKHu1UjB9RlSByV1qjKCMyMKK0aC9b1nOMX29eWlnwxpEPKcDvr-d5SmyHK9njY5mnabtumMvphn0yZpNM+ZezGR4jPJM5nPJI0-PQ8zzZBsdilmhe0tBh1xoZej9b8Sq335WFanWVJpMq1rlPaXrFPGVputkfG8Ws0TNloIb5sa+tyPjdrtlm6phEu-dLBGk9dKg+B1DJlLALYBmwdtmjqbGu1vEq1+IXcxKhMu1TcjmgLJPU6a7vOzUDOk8CcUsX98AeHnHNZ4Xe0EyXRbWYLle+0XAfYMe4fWEdsfWGdysd5H+Zx8F7mJwNAbl6n3vQhnE-MDatN1+XptZzCzd6bXZfGbbpMr9XkbeXz2-C6u2kZGL-sHZJssh7QiO98ZCsZw-ShKEAA
13:31:12: [INFO] Labels prefixes: for rows: 'ROW', for columns: 'COL'
13:31:12: [INFO] Matrix size: 12x9
13:31:13: [WARNING] No stabilizer footprint for width 2.25u, using 2u as fallback
13:31:13: [WARNING] No stabilizer footprint for width 2.25u, using 2u as fallback
13:31:13: [INFO] Add COL0 net
13:31:13: [INFO] Add COL1 net
13:31:13: [INFO] Add COL2 net
13:31:13: [INFO] Add COL3 net
13:31:13: [INFO] Add COL4 net
13:31:13: [INFO] Add COL5 net
13:31:13: [INFO] Add COL6 net
13:31:13: [INFO] Add COL7 net
13:31:13: [INFO] Add COL8 net
13:31:13: [INFO] Add COL9 net
13:31:13: [INFO] Add Net-(D1-A) net
13:31:13: [INFO] Add Net-(D10-A) net
13:31:13: [INFO] Add Net-(D100-A) net
13:31:13: [INFO] Add Net-(D101-A) net
13:31:13: [INFO] Add Net-(D102-A) net
13:31:13: [INFO] Add Net-(D103-A) net
13:31:13: [INFO] Add Net-(D104-A) net
13:31:13: [INFO] Add Net-(D105-A) net
13:31:13: [INFO] Add Net-(D106-A) net
13:31:13: [INFO] Add Net-(D107-A) net
13:31:13: [INFO] Add Net-(D108-A) net
13:31:13: [INFO] Add Net-(D109-A) net
13:31:13: [INFO] Add Net-(D11-A) net
13:31:13: [INFO] Add Net-(D110-A) net
13:31:13: [INFO] Add Net-(D12-A) net
13:31:13: [INFO] Add Net-(D13-A) net
13:31:13: [INFO] Add Net-(D14-A) net
13:31:13: [INFO] Add Net-(D15-A) net
13:31:13: [INFO] Add Net-(D16-A) net
13:31:13: [INFO] Add Net-(D17-A) net
13:31:13: [INFO] Add Net-(D18-A) net
13:31:13: [INFO] Add Net-(D19-A) net
13:31:13: [INFO] Add Net-(D2-A) net
13:31:13: [INFO] Add Net-(D20-A) net
13:31:13: [INFO] Add Net-(D21-A) net
13:31:13: [INFO] Add Net-(D22-A) net
13:31:13: [INFO] Add Net-(D23-A) net
13:31:13: [INFO] Add Net-(D24-A) net
13:31:13: [INFO] Add Net-(D25-A) net
13:31:13: [INFO] Add Net-(D26-A) net
13:31:13: [INFO] Add Net-(D27-A) net
13:31:13: [INFO] Add Net-(D28-A) net
13:31:13: [INFO] Add Net-(D29-A) net
13:31:13: [INFO] Add Net-(D3-A) net
13:31:13: [INFO] Add Net-(D30-A) net
13:31:13: [INFO] Add Net-(D31-A) net
13:31:13: [INFO] Add Net-(D32-A) net
13:31:13: [INFO] Add Net-(D33-A) net
13:31:13: [INFO] Add Net-(D34-A) net
13:31:13: [INFO] Add Net-(D35-A) net
13:31:13: [INFO] Add Net-(D36-A) net
13:31:13: [INFO] Add Net-(D37-A) net
13:31:13: [INFO] Add Net-(D38-A) net
13:31:13: [INFO] Add Net-(D39-A) net
13:31:13: [INFO] Add Net-(D4-A) net
13:31:13: [INFO] Add Net-(D40-A) net
13:31:13: [INFO] Add Net-(D41-A) net
13:31:13: [INFO] Add Net-(D42-A) net
13:31:13: [INFO] Add Net-(D43-A) net
13:31:13: [INFO] Add Net-(D44-A) net
13:31:13: [INFO] Add Net-(D45-A) net
13:31:13: [INFO] Add Net-(D46-A) net
13:31:13: [INFO] Add Net-(D47-A) net
13:31:13: [INFO] Add Net-(D48-A) net
13:31:13: [INFO] Add Net-(D49-A) net
13:31:13: [INFO] Add Net-(D5-A) net
13:31:13: [INFO] Add Net-(D50-A) net
13:31:13: [INFO] Add Net-(D51-A) net
13:31:13: [INFO] Add Net-(D52-A) net
13:31:13: [INFO] Add Net-(D53-A) net
13:31:13: [INFO] Add Net-(D54-A) net
13:31:13: [INFO] Add Net-(D55-A) net
13:31:13: [INFO] Add Net-(D56-A) net
13:31:13: [INFO] Add Net-(D57-A) net
13:31:13: [INFO] Add Net-(D58-A) net
13:31:13: [INFO] Add Net-(D59-A) net
13:31:13: [INFO] Add Net-(D6-A) net
13:31:13: [INFO] Add Net-(D60-A) net
13:31:13: [INFO] Add Net-(D61-A) net
13:31:13: [INFO] Add Net-(D62-A) net
13:31:13: [INFO] Add Net-(D63-A) net
13:31:13: [INFO] Add Net-(D64-A) net
13:31:13: [INFO] Add Net-(D65-A) net
13:31:13: [INFO] Add Net-(D66-A) net
13:31:13: [INFO] Add Net-(D67-A) net
13:31:13: [INFO] Add Net-(D68-A) net
13:31:13: [INFO] Add Net-(D69-A) net
13:31:13: [INFO] Add Net-(D7-A) net
13:31:13: [INFO] Add Net-(D70-A) net
13:31:13: [INFO] Add Net-(D71-A) net
13:31:13: [INFO] Add Net-(D72-A) net
13:31:13: [INFO] Add Net-(D73-A) net
13:31:13: [INFO] Add Net-(D74-A) net
13:31:13: [INFO] Add Net-(D75-A) net
13:31:13: [INFO] Add Net-(D76-A) net
13:31:13: [INFO] Add Net-(D77-A) net
13:31:13: [INFO] Add Net-(D78-A) net
13:31:13: [INFO] Add Net-(D79-A) net
13:31:13: [INFO] Add Net-(D8-A) net
13:31:13: [INFO] Add Net-(D80-A) net
13:31:13: [INFO] Add Net-(D81-A) net
13:31:13: [INFO] Add Net-(D82-A) net
13:31:13: [INFO] Add Net-(D83-A) net
13:31:13: [INFO] Add Net-(D84-A) net
13:31:13: [INFO] Add Net-(D85-A) net
13:31:13: [INFO] Add Net-(D86-A) net
13:31:13: [INFO] Add Net-(D87-A) net
13:31:13: [INFO] Add Net-(D88-A) net
13:31:13: [INFO] Add Net-(D89-A) net
13:31:13: [INFO] Add Net-(D9-A) net
13:31:13: [INFO] Add Net-(D90-A) net
13:31:13: [INFO] Add Net-(D91-A) net
13:31:13: [INFO] Add Net-(D92-A) net
13:31:13: [INFO] Add Net-(D93-A) net
13:31:13: [INFO] Add Net-(D94-A) net
13:31:13: [INFO] Add Net-(D95-A) net
13:31:13: [INFO] Add Net-(D96-A) net
13:31:13: [INFO] Add Net-(D97-A) net
13:31:13: [INFO] Add Net-(D98-A) net
13:31:13: [INFO] Add Net-(D99-A) net
13:31:13: [INFO] Add ROW0 net
13:31:13: [INFO] Add ROW1 net
13:31:13: [INFO] Add ROW10 net
13:31:13: [INFO] Add ROW11 net
13:31:13: [INFO] Add ROW12 net
13:31:13: [INFO] Add ROW2 net
13:31:13: [INFO] Add ROW3 net
13:31:13: [INFO] Add ROW4 net
13:31:13: [INFO] Add ROW5 net
13:31:13: [INFO] Add ROW6 net
13:31:13: [INFO] Add ROW7 net
13:31:13: [INFO] Add ROW8 net
13:31:13: [INFO] Add ROW9 net
13:31:13: [INFO] Add SW1 footprint
13:31:13: [INFO] Add D1 footprint
13:31:13: [INFO] Add SW2 footprint
13:31:13: [INFO] Add D2 footprint
13:31:13: [INFO] Add SW3 footprint
13:31:13: [INFO] Add D3 footprint
13:31:13: [INFO] Add SW4 footprint
13:31:13: [INFO] Add D4 footprint
13:31:13: [INFO] Add SW5 footprint
13:31:13: [INFO] Add D5 footprint
13:31:13: [INFO] Add SW6 footprint
13:31:13: [INFO] Add D6 footprint
13:31:13: [INFO] Add SW7 footprint
13:31:13: [INFO] Add D7 footprint
13:31:13: [INFO] Add SW8 footprint
13:31:13: [INFO] Add D8 footprint
13:31:13: [INFO] Add SW9 footprint
13:31:14: [INFO] Add D9 footprint
13:31:14: [INFO] Add SW10 footprint
13:31:14: [INFO] Add D10 footprint
13:31:14: [INFO] Add SW11 footprint
13:31:14: [INFO] Add D11 footprint
13:31:14: [INFO] Add SW12 footprint
13:31:14: [INFO] Add D12 footprint
13:31:14: [INFO] Add SW13 footprint
13:31:14: [INFO] Add D13 footprint
13:31:14: [INFO] Add SW14 footprint
13:31:14: [INFO] Add D14 footprint
13:31:14: [INFO] Add SW15 footprint
13:31:14: [INFO] Add D15 footprint
13:31:14: [INFO] Add SW16 footprint
13:31:14: [INFO] Add D16 footprint
13:31:14: [INFO] Add SW17 footprint
13:31:14: [INFO] Add D17 footprint
13:31:14: [INFO] Add SW18 footprint
13:31:14: [INFO] Add D18 footprint
13:31:14: [INFO] Add SW19 footprint
13:31:14: [INFO] Add D19 footprint
13:31:14: [INFO] Add SW20 footprint
13:31:14: [INFO] Add D20 footprint
13:31:14: [INFO] Add SW21 footprint
13:31:14: [INFO] Add D21 footprint
13:31:14: [INFO] Add SW22 footprint
13:31:14: [INFO] Add D22 footprint
13:31:14: [INFO] Add SW23 footprint
13:31:14: [INFO] Add D23 footprint
13:31:14: [INFO] Add SW24 footprint
13:31:14: [INFO] Add D24 footprint
13:31:14: [INFO] Add SW25 footprint
13:31:14: [INFO] Add D25 footprint
13:31:14: [INFO] Add SW26 footprint
13:31:14: [INFO] Add D26 footprint
13:31:14: [INFO] Add SW27 footprint
13:31:14: [INFO] Add D27 footprint
13:31:14: [INFO] Add SW28 footprint
13:31:15: [INFO] Add D28 footprint
13:31:15: [INFO] Add SW29 footprint
13:31:15: [INFO] Add D29 footprint
13:31:15: [INFO] Add SW30 footprint
13:31:15: [INFO] Add D30 footprint
13:31:15: [INFO] Add SW31 footprint
13:31:15: [INFO] Add D31 footprint
13:31:15: [INFO] Add SW32 footprint
13:31:15: [INFO] Add D32 footprint
13:31:15: [INFO] Add SW33 footprint
13:31:15: [INFO] Add D33 footprint
13:31:15: [INFO] Add SW34 footprint
13:31:15: [INFO] Add D34 footprint
13:31:15: [INFO] Add SW35 footprint
13:31:15: [INFO] Add D35 footprint
13:31:15: [INFO] Add SW36 footprint
13:31:15: [INFO] Add D36 footprint
13:31:15: [INFO] Add SW37 footprint
13:31:15: [INFO] Add D37 footprint
13:31:15: [INFO] Add ST37 footprint
13:31:15: [INFO] Add SW37a footprint
13:31:15: [INFO] Add SW38 footprint
13:31:15: [INFO] Add D38 footprint
13:31:15: [INFO] Add SW39 footprint
13:31:15: [INFO] Add D39 footprint
13:31:15: [INFO] Add SW39a footprint
13:31:15: [INFO] Add ST39a footprint
13:31:15: [INFO] Add SW40 footprint
13:31:15: [INFO] Add D40 footprint
13:31:15: [INFO] Add SW41 footprint
13:31:15: [INFO] Add D41 footprint
13:31:15: [INFO] Add SW42 footprint
13:31:15: [INFO] Add D42 footprint
13:31:15: [INFO] Add SW43 footprint
13:31:15: [INFO] Add D43 footprint
13:31:15: [INFO] Add SW44 footprint
13:31:15: [INFO] Add D44 footprint
13:31:15: [INFO] Add SW45 footprint
13:31:15: [INFO] Add D45 footprint
13:31:15: [INFO] Add SW46 footprint
13:31:15: [INFO] Add D46 footprint
13:31:15: [INFO] Add SW47 footprint
13:31:16: [INFO] Add D47 footprint
13:31:16: [INFO] Add SW48 footprint
13:31:16: [INFO] Add D48 footprint
13:31:16: [INFO] Add SW48a footprint
13:31:16: [INFO] Add ST48a footprint
13:31:16: [INFO] Add SW49 footprint
13:31:16: [INFO] Add D49 footprint
13:31:16: [INFO] Add SW50 footprint
13:31:16: [INFO] Add D50 footprint
13:31:16: [INFO] Add ST50 footprint
13:31:16: [INFO] Add SW50a footprint
13:31:16: [INFO] Add SW51 footprint
13:31:16: [INFO] Add D51 footprint
13:31:16: [INFO] Add SW52 footprint
13:31:16: [INFO] Add D52 footprint
13:31:16: [INFO] Add SW53 footprint
13:31:16: [INFO] Add D53 footprint
13:31:16: [INFO] Add SW54 footprint
13:31:16: [INFO] Add D54 footprint
13:31:16: [INFO] Add SW55 footprint
13:31:16: [INFO] Add D55 footprint
13:31:16: [INFO] Add SW56 footprint
13:31:16: [INFO] Add D56 footprint
13:31:16: [INFO] Add SW57 footprint
13:31:16: [INFO] Add D57 footprint
13:31:16: [INFO] Add SW58 footprint
13:31:16: [INFO] Add D58 footprint
13:31:16: [INFO] Add SW59 footprint
13:31:16: [INFO] Add D59 footprint
13:31:16: [INFO] Add SW60 footprint
13:31:16: [INFO] Add D60 footprint
13:31:16: [INFO] Add SW61 footprint
13:31:16: [INFO] Add D61 footprint
13:31:16: [INFO] Add SW62 footprint
13:31:16: [INFO] Add D62 footprint
13:31:16: [INFO] Add SW63 footprint
13:31:16: [INFO] Add D63 footprint
13:31:17: [INFO] Add SW64 footprint
13:31:17: [INFO] Add D64 footprint
13:31:17: [INFO] Add SW65 footprint
13:31:17: [INFO] Add D65 footprint
13:31:17: [INFO] Add SW66 footprint
13:31:17: [INFO] Add D66 footprint
13:31:17: [INFO] Add SW67 footprint
13:31:17: [INFO] Add D67 footprint
13:31:17: [INFO] Add SW68 footprint
13:31:17: [INFO] Add D68 footprint
13:31:17: [INFO] Add SW69 footprint
13:31:17: [INFO] Add D69 footprint
13:31:17: [INFO] Add SW70 footprint
13:31:17: [INFO] Add D70 footprint
13:31:17: [INFO] Add SW71 footprint
13:31:17: [INFO] Add D71 footprint
13:31:17: [INFO] Add SW72 footprint
13:31:17: [INFO] Add D72 footprint
13:31:17: [INFO] Add SW73 footprint
13:31:17: [INFO] Add D73 footprint
13:31:17: [INFO] Add SW74 footprint
13:31:17: [INFO] Add D74 footprint
13:31:17: [WARNING] No stabilizer footprint for width 2.25u, using 2u as fallback
13:31:17: [INFO] Add ST74 footprint
13:31:17: [INFO] Add SW74a footprint
13:31:17: [INFO] Add SW75 footprint
13:31:17: [INFO] Add D75 footprint
13:31:17: [INFO] Add SW76 footprint
13:31:17: [INFO] Add D76 footprint
13:31:17: [INFO] Add SW76a footprint
13:31:17: [INFO] Add ST76a footprint
13:31:17: [INFO] Add SW77 footprint
13:31:17: [INFO] Add D77 footprint
13:31:17: [INFO] Add SW78 footprint
13:31:17: [INFO] Add D78 footprint
13:31:17: [WARNING] No stabilizer footprint for width 2.25u, using 2u as fallback
13:31:17: [INFO] Add ST78 footprint
13:31:17: [INFO] Add SW78a footprint
13:31:17: [INFO] Add SW79 footprint
13:31:17: [INFO] Add D79 footprint
13:31:17: [INFO] Add SW80 footprint
13:31:17: [INFO] Add D80 footprint
13:31:18: [INFO] Add SW81 footprint
13:31:18: [INFO] Add D81 footprint
13:31:18: [INFO] Add SW82 footprint
13:31:18: [INFO] Add D82 footprint
13:31:18: [INFO] Add SW83 footprint
13:31:18: [INFO] Add D83 footprint
13:31:18: [INFO] Add SW84 footprint
13:31:18: [INFO] Add D84 footprint
13:31:18: [INFO] Add SW85 footprint
13:31:18: [INFO] Add D85 footprint
13:31:18: [INFO] Add SW86 footprint
13:31:18: [INFO] Add D86 footprint
13:31:18: [INFO] Add ST86 footprint
13:31:18: [INFO] Add SW86a footprint
13:31:18: [INFO] Add SW87 footprint
13:31:18: [INFO] Add D87 footprint
13:31:18: [INFO] Add SW88 footprint
13:31:18: [INFO] Add D88 footprint
13:31:18: [INFO] Add SW89 footprint
13:31:18: [INFO] Add D89 footprint
13:31:18: [INFO] Add SW90 footprint
13:31:18: [INFO] Add D90 footprint
13:31:18: [INFO] Add SW91 footprint
13:31:18: [INFO] Add D91 footprint
13:31:18: [INFO] Add SW92 footprint
13:31:18: [INFO] Add D92 footprint
13:31:18: [INFO] Add SW93 footprint
13:31:18: [INFO] Add D93 footprint
13:31:18: [INFO] Add SW94 footprint
13:31:18: [INFO] Add D94 footprint
13:31:18: [INFO] Add SW95 footprint
13:31:18: [INFO] Add D95 footprint
13:31:18: [INFO] Add ST95 footprint
13:31:18: [INFO] Add SW95a footprint
13:31:18: [INFO] Add SW96 footprint
13:31:18: [INFO] Add D96 footprint
13:31:18: [INFO] Add SW97 footprint
13:31:18: [INFO] Add D97 footprint
13:31:18: [INFO] Add SW97a footprint
13:31:18: [INFO] Add SW98 footprint
13:31:19: [INFO] Add D98 footprint
13:31:19: [INFO] Add SW98a footprint
13:31:19: [INFO] Add SW99 footprint
13:31:19: [INFO] Add D99 footprint
13:31:19: [INFO] Add ST99 footprint
13:31:19: [INFO] Add SW99a footprint
13:31:19: [INFO] Add ST99a footprint
13:31:19: [INFO] Add SW100 footprint
13:31:19: [INFO] Add D100 footprint
13:31:19: [INFO] Add SW100a footprint
13:31:19: [INFO] Add SW100b footprint
13:31:19: [INFO] Add SW101 footprint
13:31:19: [INFO] Add D101 footprint
13:31:19: [INFO] Add SW101a footprint
13:31:19: [INFO] Add SW102 footprint
13:31:19: [INFO] Add D102 footprint
13:31:19: [INFO] Add SW103 footprint
13:31:19: [INFO] Add D103 footprint
13:31:19: [INFO] Add SW104 footprint
13:31:19: [INFO] Add D104 footprint
13:31:19: [INFO] Add ST104 footprint
13:31:19: [INFO] Add SW104a footprint
13:31:19: [INFO] Add SW105 footprint
13:31:19: [INFO] Add D105 footprint
13:31:19: [INFO] Add SW105a footprint
13:31:19: [INFO] Add SW106 footprint
13:31:19: [INFO] Add D106 footprint
13:31:19: [INFO] Add SW106a footprint
13:31:19: [INFO] Add SW106b footprint
13:31:19: [INFO] Add SW107 footprint
13:31:19: [INFO] Add D107 footprint
13:31:19: [INFO] Add SW108 footprint
13:31:19: [INFO] Add D108 footprint
13:31:19: [INFO] Add SW109 footprint
13:31:19: [INFO] Add D109 footprint
13:31:19: [INFO] Add SW110 footprint
13:31:19: [INFO] Add D110 footprint
13:31:20: [INFO] Detected layout convertible to matrix annotated keyboard
13:31:20: [INFO] Using key 1U distance: (19.05, 19.05) mm
13:31:20: [INFO] Layout offset: (28575000, 38100000)
13:31:20: [INFO] Diode info: [ElementInfo(annotation_format='D{}', position_option=<PositionOption.CUSTOM: 'Custom'>, position=ElementPosition(x=5.08, y=4.0, orientation=90.0, side=<Side.BACK: 'Back'>), template_path='', start_index=-1)]
13:31:20: [INFO] Placing additional elements for SW110
13:31:20: [INFO] Placing additional elements for SW109
13:31:20: [INFO] Placing additional elements for SW108
13:31:20: [INFO] Placing additional elements for SW107
13:31:20: [INFO] Placing additional elements for SW106b
13:31:20: [INFO] Placing additional elements for SW106a
13:31:20: [INFO] Placing additional elements for SW106
13:31:20: [INFO] Placing additional elements for SW105a
13:31:20: [INFO] Placing additional elements for SW105
13:31:20: [INFO] Placing additional elements for SW104a
13:31:20: [INFO] Placing additional elements for SW104
13:31:20: [INFO] Placing additional elements for SW103
13:31:20: [INFO] Placing additional elements for SW102
13:31:20: [INFO] Placing additional elements for SW101a
13:31:20: [INFO] Placing additional elements for SW101
13:31:20: [INFO] Placing additional elements for SW100b
13:31:20: [INFO] Placing additional elements for SW100a
13:31:20: [INFO] Placing additional elements for SW100
13:31:20: [INFO] Placing additional elements for SW99a
13:31:20: [INFO] Placing additional elements for SW99
13:31:20: [INFO] Placing additional elements for SW98a
13:31:20: [INFO] Placing additional elements for SW98
13:31:20: [INFO] Placing additional elements for SW97a
13:31:20: [INFO] Placing additional elements for SW97
13:31:20: [INFO] Placing additional elements for SW96
13:31:20: [INFO] Placing additional elements for SW95a
13:31:20: [INFO] Placing additional elements for SW95
13:31:20: [INFO] Placing additional elements for SW94
13:31:20: [INFO] Placing additional elements for SW93
13:31:20: [INFO] Placing additional elements for SW92
13:31:20: [INFO] Placing additional elements for SW91
13:31:20: [INFO] Placing additional elements for SW90
13:31:20: [INFO] Placing additional elements for SW89
13:31:20: [INFO] Placing additional elements for SW88
13:31:20: [INFO] Placing additional elements for SW87
13:31:20: [INFO] Placing additional elements for SW86a
13:31:20: [INFO] Placing additional elements for SW86
13:31:20: [INFO] Placing additional elements for SW85
13:31:20: [INFO] Placing additional elements for SW84
13:31:20: [INFO] Placing additional elements for SW83
13:31:20: [INFO] Placing additional elements for SW82
13:31:20: [INFO] Placing additional elements for SW81
13:31:20: [INFO] Placing additional elements for SW80
13:31:20: [INFO] Placing additional elements for SW79
13:31:20: [INFO] Placing additional elements for SW78a
13:31:20: [INFO] Placing additional elements for SW78
13:31:20: [INFO] Placing additional elements for SW77
13:31:20: [INFO] Placing additional elements for SW76a
13:31:20: [INFO] Placing additional elements for SW76
13:31:20: [INFO] Placing additional elements for SW75
13:31:20: [INFO] Placing additional elements for SW74a
13:31:20: [INFO] Placing additional elements for SW74
13:31:20: [INFO] Placing additional elements for SW73
13:31:20: [INFO] Placing additional elements for SW72
13:31:20: [INFO] Placing additional elements for SW71
13:31:20: [INFO] Placing additional elements for SW70
13:31:20: [INFO] Placing additional elements for SW69
13:31:20: [INFO] Placing additional elements for SW68
13:31:20: [INFO] Placing additional elements for SW67
13:31:20: [INFO] Placing additional elements for SW66
13:31:20: [INFO] Placing additional elements for SW65
13:31:20: [INFO] Placing additional elements for SW64
13:31:20: [INFO] Placing additional elements for SW63
13:31:20: [INFO] Placing additional elements for SW62
13:31:20: [INFO] Placing additional elements for SW61
13:31:20: [INFO] Placing additional elements for SW60
13:31:20: [INFO] Placing additional elements for SW59
13:31:20: [INFO] Placing additional elements for SW58
13:31:20: [INFO] Placing additional elements for SW57
13:31:20: [INFO] Placing additional elements for SW56
13:31:20: [INFO] Placing additional elements for SW55
13:31:20: [INFO] Placing additional elements for SW54
13:31:20: [INFO] Placing additional elements for SW53
13:31:20: [INFO] Placing additional elements for SW52
13:31:20: [INFO] Placing additional elements for SW51
13:31:20: [INFO] Placing additional elements for SW50a
13:31:20: [INFO] Placing additional elements for SW50
13:31:20: [INFO] Placing additional elements for SW49
13:31:20: [INFO] Placing additional elements for SW48a
13:31:20: [INFO] Placing additional elements for SW48
13:31:20: [INFO] Placing additional elements for SW47
13:31:20: [INFO] Placing additional elements for SW46
13:31:20: [INFO] Placing additional elements for SW45
13:31:20: [INFO] Placing additional elements for SW44
13:31:20: [INFO] Placing additional elements for SW43
13:31:20: [INFO] Placing additional elements for SW42
13:31:20: [INFO] Placing additional elements for SW41
13:31:20: [INFO] Placing additional elements for SW40
13:31:20: [INFO] Placing additional elements for SW39a
13:31:20: [INFO] Placing additional elements for SW39
13:31:20: [INFO] Placing additional elements for SW38
13:31:20: [INFO] Placing additional elements for SW37a
13:31:20: [INFO] Placing additional elements for SW37
13:31:20: [INFO] Placing additional elements for SW36
13:31:20: [INFO] Placing additional elements for SW35
13:31:20: [INFO] Placing additional elements for SW34
13:31:20: [INFO] Placing additional elements for SW33
13:31:20: [INFO] Placing additional elements for SW32
13:31:20: [INFO] Placing additional elements for SW31
13:31:20: [INFO] Placing additional elements for SW30
13:31:20: [INFO] Placing additional elements for SW29
13:31:20: [INFO] Placing additional elements for SW28
13:31:20: [INFO] Placing additional elements for SW27
13:31:20: [INFO] Placing additional elements for SW26
13:31:20: [INFO] Placing additional elements for SW25
13:31:20: [INFO] Placing additional elements for SW24
13:31:20: [INFO] Placing additional elements for SW23
13:31:20: [INFO] Placing additional elements for SW22
13:31:20: [INFO] Placing additional elements for SW21
13:31:20: [INFO] Placing additional elements for SW20
13:31:20: [INFO] Placing additional elements for SW19
13:31:20: [INFO] Placing additional elements for SW18
13:31:20: [INFO] Placing additional elements for SW17
13:31:20: [INFO] Placing additional elements for SW16
13:31:20: [INFO] Placing additional elements for SW15
13:31:20: [INFO] Placing additional elements for SW14
13:31:20: [INFO] Placing additional elements for SW13
13:31:20: [INFO] Placing additional elements for SW12
13:31:20: [INFO] Placing additional elements for SW11
13:31:20: [INFO] Placing additional elements for SW10
13:31:20: [INFO] Placing additional elements for SW9
13:31:20: [INFO] Placing additional elements for SW8
13:31:20: [INFO] Placing additional elements for SW7
13:31:20: [INFO] Placing additional elements for SW6
13:31:20: [INFO] Placing additional elements for SW5
13:31:20: [INFO] Placing additional elements for SW4
13:31:20: [INFO] Placing additional elements for SW3
13:31:20: [INFO] Placing additional elements for SW2
13:31:20: [INFO] Placing additional elements for SW1
13:31:20: [INFO] Routing SW110 with D110
13:31:20: [INFO] Using internal autorouter method
13:31:20: [INFO] Routing pad 'SW110:2' at (431165000, 42545000) with pad 'D110:2' at (433705000, 50225000) using coordinate system rotated by 0 degree(s)
13:31:20: [INFO] Adding track segment (B.Cu): [(431165000, 42545000), (431165000, 47685000)]
13:31:20: [INFO] Adding track segment (B.Cu): [(431165000, 47685000), (433705000, 50225000)]
13:31:20: [INFO] Routing SW109 with D109
13:31:20: [INFO] Using internal autorouter method
13:31:20: [INFO] Routing pad 'SW109:2' at (431165000, 61595000) with pad 'D109:2' at (433705000, 69275000) using coordinate system rotated by 0 degree(s)
13:31:20: [INFO] Adding track segment (B.Cu): [(431165000, 61595000), (431165000, 66735000)]
13:31:20: [INFO] Adding track segment (B.Cu): [(431165000, 66735000), (433705000, 69275000)]
13:31:20: [INFO] Routing SW108 with D108
13:31:20: [INFO] Using internal autorouter method
13:31:20: [INFO] Routing pad 'SW108:2' at (407352500, 152082500) with pad 'D108:2' at (409892500, 159762500) using coordinate system rotated by 0 degree(s)
13:31:20: [INFO] Adding track segment (B.Cu): [(407352500, 152082500), (407352500, 157222500)]
13:31:20: [INFO] Adding track segment (B.Cu): [(407352500, 157222500), (409892500, 159762500)]
13:31:20: [INFO] Routing SW107 with D107
13:31:20: [INFO] Using internal autorouter method
13:31:20: [INFO] Routing pad 'SW107:2' at (369252500, 152082500) with pad 'D107:2' at (371792500, 159762500) using coordinate system rotated by 0 degree(s)
13:31:20: [INFO] Adding track segment (B.Cu): [(369252500, 152082500), (369252500, 157222500)]
13:31:20: [INFO] Adding track segment (B.Cu): [(369252500, 157222500), (371792500, 159762500)]
13:31:20: [INFO] Routing SW106b with D106
13:31:20: [INFO] Using internal autorouter method
13:31:20: [INFO] Routing pad 'SW106b:2' at (335915000, 152082500) with pad 'D106:2' at (340836250, 159762500) using coordinate system rotated by 0 degree(s)
13:31:20: [INFO] Routing SW106a with D106
13:31:20: [INFO] Using internal autorouter method
13:31:20: [INFO] Routing pad 'SW106a:2' at (331152500, 152082500) with pad 'D106:2' at (340836250, 159762500) using coordinate system rotated by 0 degree(s)
13:31:20: [INFO] Routing SW106 with D106
13:31:20: [INFO] Using internal autorouter method
13:31:20: [INFO] Routing pad 'SW106:2' at (338296250, 152082500) with pad 'D106:2' at (340836250, 159762500) using coordinate system rotated by 0 degree(s)
13:31:20: [INFO] Routing SW105a with D105
13:31:20: [INFO] Using internal autorouter method
13:31:20: [INFO] Routing pad 'SW105a:2' at (150177500, 152082500) with pad 'D105:2' at (150336250, 159762500) using coordinate system rotated by 0 degree(s)
13:31:20: [INFO] Routing SW105 with D105
13:31:20: [INFO] Using internal autorouter method
13:31:20: [INFO] Routing pad 'SW105:2' at (147796250, 152082500) with pad 'D105:2' at (150336250, 159762500) using coordinate system rotated by 0 degree(s)
13:31:20: [INFO] Routing SW104a with D104
13:31:20: [INFO] Using internal autorouter method
13:31:20: [INFO] Routing pad 'SW104a:2' at (97790000, 152082500) with pad 'D104:2' at (90805000, 159762500) using coordinate system rotated by 0 degree(s)
13:31:20: [INFO] Routing SW104 with D104
13:31:20: [INFO] Using internal autorouter method
13:31:20: [INFO] Routing pad 'SW104:2' at (88265000, 152082500) with pad 'D104:2' at (90805000, 159762500) using coordinate system rotated by 0 degree(s)
13:31:20: [INFO] Adding track segment (B.Cu): [(88265000, 152082500), (88265000, 157222500)]
13:31:20: [INFO] Adding track segment (B.Cu): [(88265000, 157222500), (90805000, 159762500)]
13:31:20: [INFO] Routing SW103 with D103
13:31:20: [INFO] Using internal autorouter method
13:31:20: [INFO] Routing pad 'SW103:2' at (59690000, 152082500) with pad 'D103:2' at (62230000, 159762500) using coordinate system rotated by 0 degree(s)
13:31:20: [INFO] Adding track segment (B.Cu): [(59690000, 152082500), (59690000, 157222500)]
13:31:20: [INFO] Adding track segment (B.Cu): [(59690000, 157222500), (62230000, 159762500)]
13:31:20: [INFO] Routing SW102 with D102
13:31:20: [INFO] Using internal autorouter method
13:31:20: [INFO] Routing pad 'SW102:2' at (388302500, 152082500) with pad 'D102:2' at (390842500, 159762500) using coordinate system rotated by 0 degree(s)
13:31:20: [INFO] Adding track segment (B.Cu): [(388302500, 152082500), (388302500, 157222500)]
13:31:20: [INFO] Adding track segment (B.Cu): [(388302500, 157222500), (390842500, 159762500)]
13:31:20: [INFO] Routing SW101a with D101
13:31:20: [INFO] Using internal autorouter method
13:31:20: [INFO] Routing pad 'SW101a:2' at (345440000, 152082500) with pad 'D101:2' at (352742500, 159762500) using coordinate system rotated by 0 degree(s)
13:31:20: [INFO] Routing SW101 with D101
13:31:20: [INFO] Using internal autorouter method
13:31:20: [INFO] Routing pad 'SW101:2' at (350202500, 152082500) with pad 'D101:2' at (352742500, 159762500) using coordinate system rotated by 0 degree(s)
13:31:20: [INFO] Adding track segment (B.Cu): [(350202500, 152082500), (350202500, 157222500)]
13:31:20: [INFO] Adding track segment (B.Cu): [(350202500, 157222500), (352742500, 159762500)]
13:31:20: [INFO] Routing SW100b with D100
13:31:20: [INFO] Using internal autorouter method
13:31:20: [INFO] Routing pad 'SW100b:2' at (316865000, 152082500) with pad 'D100:2' at (317023750, 159762500) using coordinate system rotated by 0 degree(s)
13:31:20: [INFO] Routing SW100a with D100
13:31:20: [INFO] Using internal autorouter method
13:31:20: [INFO] Routing pad 'SW100a:2' at (312102500, 152082500) with pad 'D100:2' at (317023750, 159762500) using coordinate system rotated by 0 degree(s)
13:31:20: [INFO] Routing SW100 with D100
13:31:20: [INFO] Using internal autorouter method
13:31:20: [INFO] Routing pad 'SW100:2' at (314483750, 152082500) with pad 'D100:2' at (317023750, 159762500) using coordinate system rotated by 0 degree(s)
13:31:20: [INFO] Routing SW99a with D99
13:31:20: [INFO] Using internal autorouter method
13:31:20: [INFO] Routing pad 'SW99a:2' at (254952500, 152082500) with pad 'D99:2' at (245586250, 159762500) using coordinate system rotated by 0 degree(s)
13:31:20: [INFO] Routing SW99 with D99
13:31:20: [INFO] Using internal autorouter method
13:31:20: [INFO] Routing pad 'SW99:2' at (243046250, 152082500) with pad 'D99:2' at (245586250, 159762500) using coordinate system rotated by 0 degree(s)
13:31:20: [INFO] Adding track segment (B.Cu): [(243046250, 152082500), (243046250, 157222500)]
13:31:20: [INFO] Adding track segment (B.Cu): [(243046250, 157222500), (245586250, 159762500)]
13:31:20: [INFO] Routing SW98a with D98
13:31:20: [INFO] Using internal autorouter method
13:31:20: [INFO] Routing pad 'SW98a:2' at (173990000, 152082500) with pad 'D98:2' at (174148750, 159762500) using coordinate system rotated by 0 degree(s)
13:31:20: [INFO] Routing SW98 with D98
13:31:20: [INFO] Using internal autorouter method
13:31:20: [INFO] Routing pad 'SW98:2' at (171608750, 152082500) with pad 'D98:2' at (174148750, 159762500) using coordinate system rotated by 0 degree(s)
13:31:20: [INFO] Routing SW97a with D97
13:31:20: [INFO] Using internal autorouter method
13:31:20: [INFO] Routing pad 'SW97a:2' at (126365000, 152082500) with pad 'D97:2' at (126523750, 159762500) using coordinate system rotated by 0 degree(s)
13:31:20: [INFO] Routing SW97 with D97
13:31:20: [INFO] Using internal autorouter method
13:31:20: [INFO] Routing pad 'SW97:2' at (123983750, 152082500) with pad 'D97:2' at (126523750, 159762500) using coordinate system rotated by 0 degree(s)
13:31:20: [INFO] Routing SW96 with D96
13:31:20: [INFO] Using internal autorouter method
13:31:20: [INFO] Routing pad 'SW96:2' at (78740000, 152082500) with pad 'D96:2' at (81280000, 159762500) using coordinate system rotated by 0 degree(s)
13:31:20: [INFO] Adding track segment (B.Cu): [(78740000, 152082500), (78740000, 157222500)]
13:31:20: [INFO] Adding track segment (B.Cu): [(78740000, 157222500), (81280000, 159762500)]
13:31:20: [INFO] Routing SW95a with D95
13:31:20: [INFO] Using internal autorouter method
13:31:20: [INFO] Routing pad 'SW95a:2' at (40640000, 152082500) with pad 'D95:2' at (52705000, 159762500) using coordinate system rotated by 0 degree(s)
13:31:20: [INFO] Routing SW95 with D95
13:31:20: [INFO] Using internal autorouter method
13:31:20: [INFO] Routing pad 'SW95:2' at (50165000, 152082500) with pad 'D95:2' at (52705000, 159762500) using coordinate system rotated by 0 degree(s)
13:31:20: [INFO] Adding track segment (B.Cu): [(50165000, 152082500), (50165000, 157222500)]
13:31:20: [INFO] Adding track segment (B.Cu): [(50165000, 157222500), (52705000, 159762500)]
13:31:20: [INFO] Routing SW94 with D94
13:31:20: [INFO] Using internal autorouter method
13:31:20: [INFO] Routing pad 'SW94:2' at (407352500, 133032500) with pad 'D94:2' at (409892500, 140712500) using coordinate system rotated by 0 degree(s)
13:31:20: [INFO] Adding track segment (B.Cu): [(407352500, 133032500), (407352500, 138172500)]
13:31:20: [INFO] Adding track segment (B.Cu): [(407352500, 138172500), (409892500, 140712500)]
13:31:20: [INFO] Routing SW93 with D93
13:31:20: [INFO] Using internal autorouter method
13:31:20: [INFO] Routing pad 'SW93:2' at (362108750, 133032500) with pad 'D93:2' at (364648750, 140712500) using coordinate system rotated by 0 degree(s)
13:31:20: [INFO] Adding track segment (B.Cu): [(362108750, 133032500), (362108750, 138172500)]
13:31:20: [INFO] Adding track segment (B.Cu): [(362108750, 138172500), (364648750, 140712500)]
13:31:20: [INFO] Routing SW92 with D92
13:31:20: [INFO] Using internal autorouter method
13:31:20: [INFO] Routing pad 'SW92:2' at (335915000, 133032500) with pad 'D92:2' at (338455000, 140712500) using coordinate system rotated by 0 degree(s)
13:31:20: [INFO] Adding track segment (B.Cu): [(335915000, 133032500), (335915000, 138172500)]
13:31:20: [INFO] Adding track segment (B.Cu): [(335915000, 138172500), (338455000, 140712500)]
13:31:20: [INFO] Routing SW91 with D91
13:31:20: [INFO] Using internal autorouter method
13:31:20: [INFO] Routing pad 'SW91:2' at (297815000, 133032500) with pad 'D91:2' at (300355000, 140712500) using coordinate system rotated by 0 degree(s)
13:31:20: [INFO] Adding track segment (B.Cu): [(297815000, 133032500), (297815000, 138172500)]
13:31:20: [INFO] Adding track segment (B.Cu): [(297815000, 138172500), (300355000, 140712500)]
13:31:20: [INFO] Routing SW90 with D90
13:31:20: [INFO] Using internal autorouter method
13:31:20: [INFO] Routing pad 'SW90:2' at (259715000, 133032500) with pad 'D90:2' at (262255000, 140712500) using coordinate system rotated by 0 degree(s)
13:31:20: [INFO] Adding track segment (B.Cu): [(259715000, 133032500), (259715000, 138172500)]
13:31:20: [INFO] Adding track segment (B.Cu): [(259715000, 138172500), (262255000, 140712500)]
13:31:20: [INFO] Routing SW89 with D89
13:31:20: [INFO] Using internal autorouter method
13:31:20: [INFO] Routing pad 'SW89:2' at (221615000, 133032500) with pad 'D89:2' at (224155000, 140712500) using coordinate system rotated by 0 degree(s)
13:31:20: [INFO] Adding track segment (B.Cu): [(221615000, 133032500), (221615000, 138172500)]
13:31:20: [INFO] Adding track segment (B.Cu): [(221615000, 138172500), (224155000, 140712500)]
13:31:20: [INFO] Routing SW88 with D88
13:31:20: [INFO] Using internal autorouter method
13:31:20: [INFO] Routing pad 'SW88:2' at (183515000, 133032500) with pad 'D88:2' at (186055000, 140712500) using coordinate system rotated by 0 degree(s)
13:31:20: [INFO] Adding track segment (B.Cu): [(183515000, 133032500), (183515000, 138172500)]
13:31:20: [INFO] Adding track segment (B.Cu): [(183515000, 138172500), (186055000, 140712500)]
13:31:20: [INFO] Routing SW87 with D87
13:31:20: [INFO] Using internal autorouter method
13:31:20: [INFO] Routing pad 'SW87:2' at (145415000, 133032500) with pad 'D87:2' at (147955000, 140712500) using coordinate system rotated by 0 degree(s)
13:31:20: [INFO] Adding track segment (B.Cu): [(145415000, 133032500), (145415000, 138172500)]
13:31:20: [INFO] Adding track segment (B.Cu): [(145415000, 138172500), (147955000, 140712500)]
13:31:20: [INFO] Routing SW86a with D86
13:31:20: [INFO] Using internal autorouter method
13:31:20: [INFO] Routing pad 'SW86a:2' at (97790000, 133032500) with pad 'D86:2' at (100330000, 150237500) using coordinate system rotated by 0 degree(s)
13:31:20: [INFO] Adding track segment (B.Cu): [(97790000, 133032500), (97790000, 147697500)]
13:31:20: [INFO] Adding track segment (B.Cu): [(97790000, 147697500), (100330000, 150237500)]
13:31:20: [INFO] Routing SW86 with D86
13:31:20: [INFO] Using internal autorouter method
13:31:20: [INFO] Routing pad 'SW86:2' at (97790000, 142557500) with pad 'D86:2' at (100330000, 150237500) using coordinate system rotated by 0 degree(s)
13:31:20: [INFO] Adding track segment (B.Cu): [(97790000, 142557500), (97790000, 147697500)]
13:31:20: [INFO] Adding track segment (B.Cu): [(97790000, 147697500), (100330000, 150237500)]
13:31:20: [INFO] Routing SW85 with D85
13:31:20: [INFO] Using internal autorouter method
13:31:20: [INFO] Routing pad 'SW85:2' at (59690000, 133032500) with pad 'D85:2' at (62230000, 140712500) using coordinate system rotated by 0 degree(s)
13:31:20: [INFO] Adding track segment (B.Cu): [(59690000, 133032500), (59690000, 138172500)]
13:31:20: [INFO] Adding track segment (B.Cu): [(59690000, 138172500), (62230000, 140712500)]
13:31:20: [INFO] Routing SW84 with D84
13:31:20: [INFO] Using internal autorouter method
13:31:20: [INFO] Routing pad 'SW84:2' at (388302500, 133032500) with pad 'D84:2' at (390842500, 140712500) using coordinate system rotated by 0 degree(s)
13:31:20: [INFO] Adding track segment (B.Cu): [(388302500, 133032500), (388302500, 138172500)]
13:31:20: [INFO] Adding track segment (B.Cu): [(388302500, 138172500), (390842500, 140712500)]
13:31:20: [INFO] Routing SW83 with D83
13:31:20: [INFO] Using internal autorouter method
13:31:20: [INFO] Routing pad 'SW83:2' at (316865000, 133032500) with pad 'D83:2' at (319405000, 140712500) using coordinate system rotated by 0 degree(s)
13:31:20: [INFO] Adding track segment (B.Cu): [(316865000, 133032500), (316865000, 138172500)]
13:31:20: [INFO] Adding track segment (B.Cu): [(316865000, 138172500), (319405000, 140712500)]
13:31:20: [INFO] Routing SW82 with D82
13:31:20: [INFO] Using internal autorouter method
13:31:20: [INFO] Routing pad 'SW82:2' at (278765000, 133032500) with pad 'D82:2' at (281305000, 140712500) using coordinate system rotated by 0 degree(s)
13:31:20: [INFO] Adding track segment (B.Cu): [(278765000, 133032500), (278765000, 138172500)]
13:31:20: [INFO] Adding track segment (B.Cu): [(278765000, 138172500), (281305000, 140712500)]
13:31:20: [INFO] Routing SW81 with D81
13:31:20: [INFO] Using internal autorouter method
13:31:20: [INFO] Routing pad 'SW81:2' at (240665000, 133032500) with pad 'D81:2' at (243205000, 140712500) using coordinate system rotated by 0 degree(s)
13:31:20: [INFO] Adding track segment (B.Cu): [(240665000, 133032500), (240665000, 138172500)]
13:31:20: [INFO] Adding track segment (B.Cu): [(240665000, 138172500), (243205000, 140712500)]
13:31:21: [INFO] Routing SW80 with D80
13:31:21: [INFO] Using internal autorouter method
13:31:21: [INFO] Routing pad 'SW80:2' at (202565000, 133032500) with pad 'D80:2' at (205105000, 140712500) using coordinate system rotated by 0 degree(s)
13:31:21: [INFO] Adding track segment (B.Cu): [(202565000, 133032500), (202565000, 138172500)]
13:31:21: [INFO] Adding track segment (B.Cu): [(202565000, 138172500), (205105000, 140712500)]
13:31:21: [INFO] Routing SW79 with D79
13:31:21: [INFO] Using internal autorouter method
13:31:21: [INFO] Routing pad 'SW79:2' at (164465000, 133032500) with pad 'D79:2' at (167005000, 140712500) using coordinate system rotated by 0 degree(s)
13:31:21: [INFO] Adding track segment (B.Cu): [(164465000, 133032500), (164465000, 138172500)]
13:31:21: [INFO] Adding track segment (B.Cu): [(164465000, 138172500), (167005000, 140712500)]
13:31:21: [INFO] Routing SW78a with D78
13:31:21: [INFO] Using internal autorouter method
13:31:21: [INFO] Routing pad 'SW78a:2' at (123983750, 133032500) with pad 'D78:2' at (136048750, 140712500) using coordinate system rotated by 0 degree(s)
13:31:21: [INFO] Routing SW78 with D78
13:31:21: [INFO] Using internal autorouter method
13:31:21: [INFO] Routing pad 'SW78:2' at (133508750, 133032500) with pad 'D78:2' at (136048750, 140712500) using coordinate system rotated by 0 degree(s)
13:31:21: [INFO] Adding track segment (B.Cu): [(133508750, 133032500), (133508750, 138172500)]
13:31:21: [INFO] Adding track segment (B.Cu): [(133508750, 138172500), (136048750, 140712500)]
13:31:21: [INFO] Routing SW77 with D77
13:31:21: [INFO] Using internal autorouter method
13:31:21: [INFO] Routing pad 'SW77:2' at (78740000, 133032500) with pad 'D77:2' at (81280000, 140712500) using coordinate system rotated by 0 degree(s)
13:31:21: [INFO] Adding track segment (B.Cu): [(78740000, 133032500), (78740000, 138172500)]
13:31:21: [INFO] Adding track segment (B.Cu): [(78740000, 138172500), (81280000, 140712500)]
13:31:21: [INFO] Routing SW76a with D76
13:31:21: [INFO] Using internal autorouter method
13:31:21: [INFO] Routing pad 'SW76a:2' at (40640000, 142557500) with pad 'D76:2' at (43180000, 140712500) using coordinate system rotated by 0 degree(s)
13:31:21: [INFO] Adding track segment (B.Cu): [(40640000, 142557500), (41335000, 142557500)]
13:31:21: [INFO] Adding track segment (B.Cu): [(41335000, 142557500), (43180000, 140712500)]
13:31:21: [INFO] Routing SW76 with D76
13:31:21: [INFO] Using internal autorouter method
13:31:21: [INFO] Routing pad 'SW76:2' at (40640000, 133032500) with pad 'D76:2' at (43180000, 140712500) using coordinate system rotated by 0 degree(s)
13:31:21: [INFO] Adding track segment (B.Cu): [(40640000, 133032500), (40640000, 138172500)]
13:31:21: [INFO] Adding track segment (B.Cu): [(40640000, 138172500), (43180000, 140712500)]
13:31:21: [INFO] Routing SW75 with D75
13:31:21: [INFO] Using internal autorouter method
13:31:21: [INFO] Routing pad 'SW75:2' at (407352500, 113982500) with pad 'D75:2' at (409892500, 121662500) using coordinate system rotated by 0 degree(s)
13:31:21: [INFO] Adding track segment (B.Cu): [(407352500, 113982500), (407352500, 119122500)]
13:31:21: [INFO] Adding track segment (B.Cu): [(407352500, 119122500), (409892500, 121662500)]
13:31:21: [INFO] Routing SW74a with D74
13:31:21: [INFO] Using internal autorouter method
13:31:21: [INFO] Routing pad 'SW74a:2' at (364490000, 113982500) with pad 'D74:2' at (378936250, 121662500) using coordinate system rotated by 0 degree(s)
13:31:21: [INFO] Routing SW74 with D74
13:31:21: [INFO] Using internal autorouter method
13:31:21: [INFO] Routing pad 'SW74:2' at (376396250, 113982500) with pad 'D74:2' at (378936250, 121662500) using coordinate system rotated by 0 degree(s)
13:31:21: [INFO] Adding track segment (B.Cu): [(376396250, 113982500), (376396250, 119122500)]
13:31:21: [INFO] Adding track segment (B.Cu): [(376396250, 119122500), (378936250, 121662500)]
13:31:21: [INFO] Routing SW73 with D73
13:31:21: [INFO] Using internal autorouter method
13:31:21: [INFO] Routing pad 'SW73:2' at (345440000, 113982500) with pad 'D73:2' at (347980000, 121662500) using coordinate system rotated by 0 degree(s)
13:31:21: [INFO] Adding track segment (B.Cu): [(345440000, 113982500), (345440000, 119122500)]
13:31:21: [INFO] Adding track segment (B.Cu): [(345440000, 119122500), (347980000, 121662500)]
13:31:21: [INFO] Routing SW72 with D72
13:31:21: [INFO] Using internal autorouter method
13:31:21: [INFO] Routing pad 'SW72:2' at (307340000, 113982500) with pad 'D72:2' at (309880000, 121662500) using coordinate system rotated by 0 degree(s)
13:31:21: [INFO] Adding track segment (B.Cu): [(307340000, 113982500), (307340000, 119122500)]
13:31:21: [INFO] Adding track segment (B.Cu): [(307340000, 119122500), (309880000, 121662500)]
13:31:21: [INFO] Routing SW71 with D71
13:31:21: [INFO] Using internal autorouter method
13:31:21: [INFO] Routing pad 'SW71:2' at (269240000, 113982500) with pad 'D71:2' at (271780000, 121662500) using coordinate system rotated by 0 degree(s)
13:31:21: [INFO] Adding track segment (B.Cu): [(269240000, 113982500), (269240000, 119122500)]
13:31:21: [INFO] Adding track segment (B.Cu): [(269240000, 119122500), (271780000, 121662500)]
13:31:21: [INFO] Routing SW70 with D70
13:31:21: [INFO] Using internal autorouter method
13:31:21: [INFO] Routing pad 'SW70:2' at (231140000, 113982500) with pad 'D70:2' at (233680000, 121662500) using coordinate system rotated by 0 degree(s)
13:31:21: [INFO] Adding track segment (B.Cu): [(231140000, 113982500), (231140000, 119122500)]
13:31:21: [INFO] Adding track segment (B.Cu): [(231140000, 119122500), (233680000, 121662500)]
13:31:21: [INFO] Routing SW69 with D69
13:31:21: [INFO] Using internal autorouter method
13:31:21: [INFO] Routing pad 'SW69:2' at (193040000, 113982500) with pad 'D69:2' at (195580000, 121662500) using coordinate system rotated by 0 degree(s)
13:31:21: [INFO] Adding track segment (B.Cu): [(193040000, 113982500), (193040000, 119122500)]
13:31:21: [INFO] Adding track segment (B.Cu): [(193040000, 119122500), (195580000, 121662500)]
13:31:21: [INFO] Routing SW68 with D68
13:31:21: [INFO] Using internal autorouter method
13:31:21: [INFO] Routing pad 'SW68:2' at (154940000, 113982500) with pad 'D68:2' at (157480000, 121662500) using coordinate system rotated by 0 degree(s)
13:31:21: [INFO] Adding track segment (B.Cu): [(154940000, 113982500), (154940000, 119122500)]
13:31:21: [INFO] Adding track segment (B.Cu): [(154940000, 119122500), (157480000, 121662500)]
13:31:21: [INFO] Routing SW67 with D67
13:31:21: [INFO] Using internal autorouter method
13:31:21: [INFO] Routing pad 'SW67:2' at (97790000, 113982500) with pad 'D67:2' at (100330000, 121662500) using coordinate system rotated by 0 degree(s)
13:31:21: [INFO] Adding track segment (B.Cu): [(97790000, 113982500), (97790000, 119122500)]
13:31:21: [INFO] Adding track segment (B.Cu): [(97790000, 119122500), (100330000, 121662500)]
13:31:21: [INFO] Routing SW66 with D66
13:31:21: [INFO] Using internal autorouter method
13:31:21: [INFO] Routing pad 'SW66:2' at (59690000, 113982500) with pad 'D66:2' at (62230000, 121662500) using coordinate system rotated by 0 degree(s)
13:31:21: [INFO] Adding track segment (B.Cu): [(59690000, 113982500), (59690000, 119122500)]
13:31:21: [INFO] Adding track segment (B.Cu): [(59690000, 119122500), (62230000, 121662500)]
13:31:21: [INFO] Routing SW65 with D65
13:31:21: [INFO] Using internal autorouter method
13:31:21: [INFO] Routing pad 'SW65:2' at (326390000, 113982500) with pad 'D65:2' at (328930000, 121662500) using coordinate system rotated by 0 degree(s)
13:31:21: [INFO] Adding track segment (B.Cu): [(326390000, 113982500), (326390000, 119122500)]
13:31:21: [INFO] Adding track segment (B.Cu): [(326390000, 119122500), (328930000, 121662500)]
13:31:21: [INFO] Routing SW64 with D64
13:31:21: [INFO] Using internal autorouter method
13:31:21: [INFO] Routing pad 'SW64:2' at (288290000, 113982500) with pad 'D64:2' at (290830000, 121662500) using coordinate system rotated by 0 degree(s)
13:31:21: [INFO] Adding track segment (B.Cu): [(288290000, 113982500), (288290000, 119122500)]
13:31:21: [INFO] Adding track segment (B.Cu): [(288290000, 119122500), (290830000, 121662500)]
13:31:21: [INFO] Routing SW63 with D63
13:31:21: [INFO] Using internal autorouter method
13:31:21: [INFO] Routing pad 'SW63:2' at (250190000, 113982500) with pad 'D63:2' at (252730000, 121662500) using coordinate system rotated by 0 degree(s)
13:31:21: [INFO] Adding track segment (B.Cu): [(250190000, 113982500), (250190000, 119122500)]
13:31:21: [INFO] Adding track segment (B.Cu): [(250190000, 119122500), (252730000, 121662500)]
13:31:21: [INFO] Routing SW62 with D62
13:31:21: [INFO] Using internal autorouter method
13:31:21: [INFO] Routing pad 'SW62:2' at (212090000, 113982500) with pad 'D62:2' at (214630000, 121662500) using coordinate system rotated by 0 degree(s)
13:31:21: [INFO] Adding track segment (B.Cu): [(212090000, 113982500), (212090000, 119122500)]
13:31:21: [INFO] Adding track segment (B.Cu): [(212090000, 119122500), (214630000, 121662500)]
13:31:21: [INFO] Routing SW61 with D61
13:31:21: [INFO] Using internal autorouter method
13:31:21: [INFO] Routing pad 'SW61:2' at (173990000, 113982500) with pad 'D61:2' at (176530000, 121662500) using coordinate system rotated by 0 degree(s)
13:31:21: [INFO] Adding track segment (B.Cu): [(173990000, 113982500), (173990000, 119122500)]
13:31:21: [INFO] Adding track segment (B.Cu): [(173990000, 119122500), (176530000, 121662500)]
13:31:21: [INFO] Routing SW60 with D60
13:31:21: [INFO] Using internal autorouter method
13:31:21: [INFO] Routing pad 'SW60:2' at (128746250, 113982500) with pad 'D60:2' at (131286250, 121662500) using coordinate system rotated by 0 degree(s)
13:31:21: [INFO] Adding track segment (B.Cu): [(128746250, 113982500), (128746250, 119122500)]
13:31:21: [INFO] Adding track segment (B.Cu): [(128746250, 119122500), (131286250, 121662500)]
13:31:21: [INFO] Routing SW59 with D59
13:31:21: [INFO] Using internal autorouter method
13:31:21: [INFO] Routing pad 'SW59:2' at (78740000, 113982500) with pad 'D59:2' at (81280000, 121662500) using coordinate system rotated by 0 degree(s)
13:31:21: [INFO] Adding track segment (B.Cu): [(78740000, 113982500), (78740000, 119122500)]
13:31:21: [INFO] Adding track segment (B.Cu): [(78740000, 119122500), (81280000, 121662500)]
13:31:21: [INFO] Routing SW58 with D58
13:31:21: [INFO] Using internal autorouter method
13:31:21: [INFO] Routing pad 'SW58:2' at (40640000, 113982500) with pad 'D58:2' at (43180000, 121662500) using coordinate system rotated by 0 degree(s)
13:31:21: [INFO] Adding track segment (B.Cu): [(40640000, 113982500), (40640000, 119122500)]
13:31:21: [INFO] Adding track segment (B.Cu): [(40640000, 119122500), (43180000, 121662500)]
13:31:21: [INFO] Routing SW57 with D57
13:31:21: [INFO] Using internal autorouter method
13:31:21: [INFO] Routing pad 'SW57:2' at (407352500, 94932500) with pad 'D57:2' at (409892500, 102612500) using coordinate system rotated by 0 degree(s)
13:31:21: [INFO] Adding track segment (B.Cu): [(407352500, 94932500), (407352500, 100072500)]
13:31:21: [INFO] Adding track segment (B.Cu): [(407352500, 100072500), (409892500, 102612500)]
13:31:21: [INFO] Routing SW56 with D56
13:31:21: [INFO] Using internal autorouter method
13:31:21: [INFO] Routing pad 'SW56:2' at (340677500, 94932500) with pad 'D56:2' at (343217500, 102612500) using coordinate system rotated by 0 degree(s)
13:31:21: [INFO] Adding track segment (B.Cu): [(340677500, 94932500), (340677500, 100072500)]
13:31:21: [INFO] Adding track segment (B.Cu): [(340677500, 100072500), (343217500, 102612500)]
13:31:21: [INFO] Routing SW55 with D55
13:31:21: [INFO] Using internal autorouter method
13:31:21: [INFO] Routing pad 'SW55:2' at (302577500, 94932500) with pad 'D55:2' at (305117500, 102612500) using coordinate system rotated by 0 degree(s)
13:31:21: [INFO] Adding track segment (B.Cu): [(302577500, 94932500), (302577500, 100072500)]
13:31:21: [INFO] Adding track segment (B.Cu): [(302577500, 100072500), (305117500, 102612500)]
13:31:21: [INFO] Routing SW54 with D54
13:31:21: [INFO] Using internal autorouter method
13:31:21: [INFO] Routing pad 'SW54:2' at (264477500, 94932500) with pad 'D54:2' at (267017500, 102612500) using coordinate system rotated by 0 degree(s)
13:31:21: [INFO] Adding track segment (B.Cu): [(264477500, 94932500), (264477500, 100072500)]
13:31:21: [INFO] Adding track segment (B.Cu): [(264477500, 100072500), (267017500, 102612500)]
13:31:21: [INFO] Routing SW53 with D53
13:31:21: [INFO] Using internal autorouter method
13:31:21: [INFO] Routing pad 'SW53:2' at (226377500, 94932500) with pad 'D53:2' at (228917500, 102612500) using coordinate system rotated by 0 degree(s)
13:31:21: [INFO] Adding track segment (B.Cu): [(226377500, 94932500), (226377500, 100072500)]
13:31:21: [INFO] Adding track segment (B.Cu): [(226377500, 100072500), (228917500, 102612500)]
13:31:21: [INFO] Routing SW52 with D52
13:31:21: [INFO] Using internal autorouter method
13:31:21: [INFO] Routing pad 'SW52:2' at (188277500, 94932500) with pad 'D52:2' at (190817500, 102612500) using coordinate system rotated by 0 degree(s)
13:31:21: [INFO] Adding track segment (B.Cu): [(188277500, 94932500), (188277500, 100072500)]
13:31:21: [INFO] Adding track segment (B.Cu): [(188277500, 100072500), (190817500, 102612500)]
13:31:21: [INFO] Routing SW51 with D51
13:31:21: [INFO] Using internal autorouter method
13:31:21: [INFO] Routing pad 'SW51:2' at (150177500, 94932500) with pad 'D51:2' at (152717500, 102612500) using coordinate system rotated by 0 degree(s)
13:31:21: [INFO] Adding track segment (B.Cu): [(150177500, 94932500), (150177500, 100072500)]
13:31:21: [INFO] Adding track segment (B.Cu): [(150177500, 100072500), (152717500, 102612500)]
13:31:21: [INFO] Routing SW50a with D50
13:31:21: [INFO] Using internal autorouter method
13:31:21: [INFO] Routing pad 'SW50a:2' at (97790000, 94932500) with pad 'D50:2' at (100330000, 112137500) using coordinate system rotated by 0 degree(s)
13:31:22: [INFO] Adding track segment (B.Cu): [(97790000, 94932500), (97790000, 109597500)]
13:31:22: [INFO] Adding track segment (B.Cu): [(97790000, 109597500), (100330000, 112137500)]
13:31:22: [INFO] Routing SW50 with D50
13:31:22: [INFO] Using internal autorouter method
13:31:22: [INFO] Routing pad 'SW50:2' at (97790000, 104457500) with pad 'D50:2' at (100330000, 112137500) using coordinate system rotated by 0 degree(s)
13:31:22: [INFO] Adding track segment (B.Cu): [(97790000, 104457500), (97790000, 109597500)]
13:31:22: [INFO] Adding track segment (B.Cu): [(97790000, 109597500), (100330000, 112137500)]
13:31:22: [INFO] Routing SW49 with D49
13:31:22: [INFO] Using internal autorouter method
13:31:22: [INFO] Routing pad 'SW49:2' at (59690000, 94932500) with pad 'D49:2' at (62230000, 102612500) using coordinate system rotated by 0 degree(s)
13:31:22: [INFO] Adding track segment (B.Cu): [(59690000, 94932500), (59690000, 100072500)]
13:31:22: [INFO] Adding track segment (B.Cu): [(59690000, 100072500), (62230000, 102612500)]
13:31:22: [INFO] Routing SW48a with D48
13:31:22: [INFO] Using internal autorouter method
13:31:22: [INFO] Routing pad 'SW48a:2' at (385921250, 104457500) with pad 'D48:2' at (386080000, 102612500) using coordinate system rotated by 0 degree(s)
13:31:22: [INFO] Adding track segment (B.Cu): [(385921250, 104457500), (385921250, 102771250)]
13:31:22: [INFO] Adding track segment (B.Cu): [(385921250, 102771250), (386080000, 102612500)]
13:31:22: [INFO] Routing SW48 with D48
13:31:22: [INFO] Using internal autorouter method
13:31:22: [INFO] Routing pad 'SW48:2' at (383540000, 94932500) with pad 'D48:2' at (386080000, 102612500) using coordinate system rotated by 0 degree(s)
13:31:22: [INFO] Adding track segment (B.Cu): [(383540000, 94932500), (383540000, 100072500)]
13:31:22: [INFO] Adding track segment (B.Cu): [(383540000, 100072500), (386080000, 102612500)]
13:31:22: [INFO] Routing SW47 with D47
13:31:22: [INFO] Using internal autorouter method
13:31:22: [INFO] Routing pad 'SW47:2' at (359727500, 94932500) with pad 'D47:2' at (362267500, 102612500) using coordinate system rotated by 0 degree(s)
13:31:22: [INFO] Adding track segment (B.Cu): [(359727500, 94932500), (359727500, 100072500)]
13:31:22: [INFO] Adding track segment (B.Cu): [(359727500, 100072500), (362267500, 102612500)]
13:31:22: [INFO] Routing SW46 with D46
13:31:22: [INFO] Using internal autorouter method
13:31:22: [INFO] Routing pad 'SW46:2' at (321627500, 94932500) with pad 'D46:2' at (324167500, 102612500) using coordinate system rotated by 0 degree(s)
13:31:22: [INFO] Adding track segment (B.Cu): [(321627500, 94932500), (321627500, 100072500)]
13:31:22: [INFO] Adding track segment (B.Cu): [(321627500, 100072500), (324167500, 102612500)]
13:31:22: [INFO] Routing SW45 with D45
13:31:22: [INFO] Using internal autorouter method
13:31:22: [INFO] Routing pad 'SW45:2' at (283527500, 94932500) with pad 'D45:2' at (286067500, 102612500) using coordinate system rotated by 0 degree(s)
13:31:22: [INFO] Adding track segment (B.Cu): [(283527500, 94932500), (283527500, 100072500)]
13:31:22: [INFO] Adding track segment (B.Cu): [(283527500, 100072500), (286067500, 102612500)]
13:31:22: [INFO] Routing SW44 with D44
13:31:22: [INFO] Using internal autorouter method
13:31:22: [INFO] Routing pad 'SW44:2' at (245427500, 94932500) with pad 'D44:2' at (247967500, 102612500) using coordinate system rotated by 0 degree(s)
13:31:22: [INFO] Adding track segment (B.Cu): [(245427500, 94932500), (245427500, 100072500)]
13:31:22: [INFO] Adding track segment (B.Cu): [(245427500, 100072500), (247967500, 102612500)]
13:31:22: [INFO] Routing SW43 with D43
13:31:22: [INFO] Using internal autorouter method
13:31:22: [INFO] Routing pad 'SW43:2' at (207327500, 94932500) with pad 'D43:2' at (209867500, 102612500) using coordinate system rotated by 0 degree(s)
13:31:22: [INFO] Adding track segment (B.Cu): [(207327500, 94932500), (207327500, 100072500)]
13:31:22: [INFO] Adding track segment (B.Cu): [(207327500, 100072500), (209867500, 102612500)]
13:31:22: [INFO] Routing SW42 with D42
13:31:22: [INFO] Using internal autorouter method
13:31:22: [INFO] Routing pad 'SW42:2' at (169227500, 94932500) with pad 'D42:2' at (171767500, 102612500) using coordinate system rotated by 0 degree(s)
13:31:22: [INFO] Adding track segment (B.Cu): [(169227500, 94932500), (169227500, 100072500)]
13:31:22: [INFO] Adding track segment (B.Cu): [(169227500, 100072500), (171767500, 102612500)]
13:31:22: [INFO] Routing SW41 with D41
13:31:22: [INFO] Using internal autorouter method
13:31:22: [INFO] Routing pad 'SW41:2' at (126365000, 94932500) with pad 'D41:2' at (128905000, 102612500) using coordinate system rotated by 0 degree(s)
13:31:22: [INFO] Adding track segment (B.Cu): [(126365000, 94932500), (126365000, 100072500)]
13:31:22: [INFO] Adding track segment (B.Cu): [(126365000, 100072500), (128905000, 102612500)]
13:31:22: [INFO] Routing SW40 with D40
13:31:22: [INFO] Using internal autorouter method
13:31:22: [INFO] Routing pad 'SW40:2' at (78740000, 94932500) with pad 'D40:2' at (81280000, 102612500) using coordinate system rotated by 0 degree(s)
13:31:22: [INFO] Adding track segment (B.Cu): [(78740000, 94932500), (78740000, 100072500)]
13:31:22: [INFO] Adding track segment (B.Cu): [(78740000, 100072500), (81280000, 102612500)]
13:31:22: [INFO] Routing SW39a with D39
13:31:22: [INFO] Using internal autorouter method
13:31:22: [INFO] Routing pad 'SW39a:2' at (40640000, 104457500) with pad 'D39:2' at (43180000, 102612500) using coordinate system rotated by 0 degree(s)
13:31:22: [INFO] Adding track segment (B.Cu): [(40640000, 104457500), (41335000, 104457500)]
13:31:22: [INFO] Adding track segment (B.Cu): [(41335000, 104457500), (43180000, 102612500)]
13:31:22: [INFO] Routing SW39 with D39
13:31:22: [INFO] Using internal autorouter method
13:31:22: [INFO] Routing pad 'SW39:2' at (40640000, 94932500) with pad 'D39:2' at (43180000, 102612500) using coordinate system rotated by 0 degree(s)
13:31:22: [INFO] Adding track segment (B.Cu): [(40640000, 94932500), (40640000, 100072500)]
13:31:22: [INFO] Adding track segment (B.Cu): [(40640000, 100072500), (43180000, 102612500)]
13:31:22: [INFO] Routing SW38 with D38
13:31:22: [INFO] Using internal autorouter method
13:31:22: [INFO] Routing pad 'SW38:2' at (407352500, 75882500) with pad 'D38:2' at (409892500, 83562500) using coordinate system rotated by 0 degree(s)
13:31:22: [INFO] Adding track segment (B.Cu): [(407352500, 75882500), (407352500, 81022500)]
13:31:22: [INFO] Adding track segment (B.Cu): [(407352500, 81022500), (409892500, 83562500)]
13:31:22: [INFO] Routing SW37a with D37
13:31:22: [INFO] Using internal autorouter method
13:31:22: [INFO] Routing pad 'SW37a:2' at (369252500, 75882500) with pad 'D37:2' at (381317500, 83562500) using coordinate system rotated by 0 degree(s)
13:31:22: [INFO] Routing SW37 with D37
13:31:22: [INFO] Using internal autorouter method
13:31:22: [INFO] Routing pad 'SW37:2' at (378777500, 75882500) with pad 'D37:2' at (381317500, 83562500) using coordinate system rotated by 0 degree(s)
13:31:22: [INFO] Adding track segment (B.Cu): [(378777500, 75882500), (378777500, 81022500)]
13:31:22: [INFO] Adding track segment (B.Cu): [(378777500, 81022500), (381317500, 83562500)]
13:31:22: [INFO] Routing SW36 with D36
13:31:22: [INFO] Using internal autorouter method
13:31:22: [INFO] Routing pad 'SW36:2' at (331152500, 75882500) with pad 'D36:2' at (333692500, 83562500) using coordinate system rotated by 0 degree(s)
13:31:22: [INFO] Adding track segment (B.Cu): [(331152500, 75882500), (331152500, 81022500)]
13:31:22: [INFO] Adding track segment (B.Cu): [(331152500, 81022500), (333692500, 83562500)]
13:31:22: [INFO] Routing SW35 with D35
13:31:22: [INFO] Using internal autorouter method
13:31:22: [INFO] Routing pad 'SW35:2' at (293052500, 75882500) with pad 'D35:2' at (295592500, 83562500) using coordinate system rotated by 0 degree(s)
13:31:22: [INFO] Adding track segment (B.Cu): [(293052500, 75882500), (293052500, 81022500)]
13:31:22: [INFO] Adding track segment (B.Cu): [(293052500, 81022500), (295592500, 83562500)]
13:31:22: [INFO] Routing SW34 with D34
13:31:22: [INFO] Using internal autorouter method
13:31:22: [INFO] Routing pad 'SW34:2' at (254952500, 75882500) with pad 'D34:2' at (257492500, 83562500) using coordinate system rotated by 0 degree(s)
13:31:22: [INFO] Adding track segment (B.Cu): [(254952500, 75882500), (254952500, 81022500)]
13:31:22: [INFO] Adding track segment (B.Cu): [(254952500, 81022500), (257492500, 83562500)]
13:31:22: [INFO] Routing SW33 with D33
13:31:22: [INFO] Using internal autorouter method
13:31:22: [INFO] Routing pad 'SW33:2' at (216852500, 75882500) with pad 'D33:2' at (219392500, 83562500) using coordinate system rotated by 0 degree(s)
13:31:22: [INFO] Adding track segment (B.Cu): [(216852500, 75882500), (216852500, 81022500)]
13:31:22: [INFO] Adding track segment (B.Cu): [(216852500, 81022500), (219392500, 83562500)]
13:31:22: [INFO] Routing SW32 with D32
13:31:22: [INFO] Using internal autorouter method
13:31:22: [INFO] Routing pad 'SW32:2' at (178752500, 75882500) with pad 'D32:2' at (181292500, 83562500) using coordinate system rotated by 0 degree(s)
13:31:22: [INFO] Adding track segment (B.Cu): [(178752500, 75882500), (178752500, 81022500)]
13:31:22: [INFO] Adding track segment (B.Cu): [(178752500, 81022500), (181292500, 83562500)]
13:31:22: [INFO] Routing SW31 with D31
13:31:22: [INFO] Using internal autorouter method
13:31:22: [INFO] Routing pad 'SW31:2' at (140652500, 75882500) with pad 'D31:2' at (143192500, 83562500) using coordinate system rotated by 0 degree(s)
13:31:22: [INFO] Adding track segment (B.Cu): [(140652500, 75882500), (140652500, 81022500)]
13:31:22: [INFO] Adding track segment (B.Cu): [(140652500, 81022500), (143192500, 83562500)]
13:31:22: [INFO] Routing SW30 with D30
13:31:22: [INFO] Using internal autorouter method
13:31:22: [INFO] Routing pad 'SW30:2' at (97790000, 75882500) with pad 'D30:2' at (100330000, 83562500) using coordinate system rotated by 0 degree(s)
13:31:22: [INFO] Adding track segment (B.Cu): [(97790000, 75882500), (97790000, 81022500)]
13:31:22: [INFO] Adding track segment (B.Cu): [(97790000, 81022500), (100330000, 83562500)]
13:31:22: [INFO] Routing SW29 with D29
13:31:22: [INFO] Using internal autorouter method
13:31:22: [INFO] Routing pad 'SW29:2' at (59690000, 75882500) with pad 'D29:2' at (62230000, 83562500) using coordinate system rotated by 0 degree(s)
13:31:22: [INFO] Adding track segment (B.Cu): [(59690000, 75882500), (59690000, 81022500)]
13:31:22: [INFO] Adding track segment (B.Cu): [(59690000, 81022500), (62230000, 83562500)]
13:31:22: [INFO] Routing SW28 with D28
13:31:22: [INFO] Using internal autorouter method
13:31:22: [INFO] Routing pad 'SW28:2' at (388302500, 75882500) with pad 'D28:2' at (390842500, 83562500) using coordinate system rotated by 0 degree(s)
13:31:22: [INFO] Adding track segment (B.Cu): [(388302500, 75882500), (388302500, 81022500)]
13:31:22: [INFO] Adding track segment (B.Cu): [(388302500, 81022500), (390842500, 83562500)]
13:31:22: [INFO] Routing SW27 with D27
13:31:22: [INFO] Using internal autorouter method
13:31:22: [INFO] Routing pad 'SW27:2' at (350202500, 75882500) with pad 'D27:2' at (352742500, 83562500) using coordinate system rotated by 0 degree(s)
13:31:22: [INFO] Adding track segment (B.Cu): [(350202500, 75882500), (350202500, 81022500)]
13:31:22: [INFO] Adding track segment (B.Cu): [(350202500, 81022500), (352742500, 83562500)]
13:31:22: [INFO] Routing SW26 with D26
13:31:22: [INFO] Using internal autorouter method
13:31:22: [INFO] Routing pad 'SW26:2' at (312102500, 75882500) with pad 'D26:2' at (314642500, 83562500) using coordinate system rotated by 0 degree(s)
13:31:22: [INFO] Adding track segment (B.Cu): [(312102500, 75882500), (312102500, 81022500)]
13:31:22: [INFO] Adding track segment (B.Cu): [(312102500, 81022500), (314642500, 83562500)]
13:31:22: [INFO] Routing SW25 with D25
13:31:22: [INFO] Using internal autorouter method
13:31:22: [INFO] Routing pad 'SW25:2' at (274002500, 75882500) with pad 'D25:2' at (276542500, 83562500) using coordinate system rotated by 0 degree(s)
13:31:22: [INFO] Adding track segment (B.Cu): [(274002500, 75882500), (274002500, 81022500)]
13:31:22: [INFO] Adding track segment (B.Cu): [(274002500, 81022500), (276542500, 83562500)]
13:31:22: [INFO] Routing SW24 with D24
13:31:22: [INFO] Using internal autorouter method
13:31:22: [INFO] Routing pad 'SW24:2' at (235902500, 75882500) with pad 'D24:2' at (238442500, 83562500) using coordinate system rotated by 0 degree(s)
13:31:22: [INFO] Adding track segment (B.Cu): [(235902500, 75882500), (235902500, 81022500)]
13:31:22: [INFO] Adding track segment (B.Cu): [(235902500, 81022500), (238442500, 83562500)]
13:31:22: [INFO] Routing SW23 with D23
13:31:22: [INFO] Using internal autorouter method
13:31:22: [INFO] Routing pad 'SW23:2' at (197802500, 75882500) with pad 'D23:2' at (200342500, 83562500) using coordinate system rotated by 0 degree(s)
13:31:22: [INFO] Adding track segment (B.Cu): [(197802500, 75882500), (197802500, 81022500)]
13:31:22: [INFO] Adding track segment (B.Cu): [(197802500, 81022500), (200342500, 83562500)]
13:31:22: [INFO] Routing SW22 with D22
13:31:22: [INFO] Using internal autorouter method
13:31:22: [INFO] Routing pad 'SW22:2' at (159702500, 75882500) with pad 'D22:2' at (162242500, 83562500) using coordinate system rotated by 0 degree(s)
13:31:22: [INFO] Adding track segment (B.Cu): [(159702500, 75882500), (159702500, 81022500)]
13:31:22: [INFO] Adding track segment (B.Cu): [(159702500, 81022500), (162242500, 83562500)]
13:31:22: [INFO] Routing SW21 with D21
13:31:22: [INFO] Using internal autorouter method
13:31:22: [INFO] Routing pad 'SW21:2' at (121602500, 75882500) with pad 'D21:2' at (124142500, 83562500) using coordinate system rotated by 0 degree(s)
13:31:22: [INFO] Adding track segment (B.Cu): [(121602500, 75882500), (121602500, 81022500)]
13:31:22: [INFO] Adding track segment (B.Cu): [(121602500, 81022500), (124142500, 83562500)]
13:31:22: [INFO] Routing SW20 with D20
13:31:22: [INFO] Using internal autorouter method
13:31:22: [INFO] Routing pad 'SW20:2' at (78740000, 75882500) with pad 'D20:2' at (81280000, 83562500) using coordinate system rotated by 0 degree(s)
13:31:23: [INFO] Adding track segment (B.Cu): [(78740000, 75882500), (78740000, 81022500)]
13:31:23: [INFO] Adding track segment (B.Cu): [(78740000, 81022500), (81280000, 83562500)]
13:31:23: [INFO] Routing SW19 with D19
13:31:23: [INFO] Using internal autorouter method
13:31:23: [INFO] Routing pad 'SW19:2' at (40640000, 75882500) with pad 'D19:2' at (43180000, 83562500) using coordinate system rotated by 0 degree(s)
13:31:23: [INFO] Adding track segment (B.Cu): [(40640000, 75882500), (40640000, 81022500)]
13:31:23: [INFO] Adding track segment (B.Cu): [(40640000, 81022500), (43180000, 83562500)]
13:31:23: [INFO] Routing SW18 with D18
13:31:23: [INFO] Using internal autorouter method
13:31:23: [INFO] Routing pad 'SW18:2' at (407352500, 52070000) with pad 'D18:2' at (409892500, 59750000) using coordinate system rotated by 0 degree(s)
13:31:23: [INFO] Adding track segment (B.Cu): [(407352500, 52070000), (407352500, 57210000)]
13:31:23: [INFO] Adding track segment (B.Cu): [(407352500, 57210000), (409892500, 59750000)]
13:31:23: [INFO] Routing SW17 with D17
13:31:23: [INFO] Using internal autorouter method
13:31:23: [INFO] Routing pad 'SW17:2' at (359727500, 52070000) with pad 'D17:2' at (362267500, 59750000) using coordinate system rotated by 0 degree(s)
13:31:23: [INFO] Adding track segment (B.Cu): [(359727500, 52070000), (359727500, 57210000)]
13:31:23: [INFO] Adding track segment (B.Cu): [(359727500, 57210000), (362267500, 59750000)]
13:31:23: [INFO] Routing SW16 with D16
13:31:23: [INFO] Using internal autorouter method
13:31:23: [INFO] Routing pad 'SW16:2' at (321627500, 52070000) with pad 'D16:2' at (324167500, 59750000) using coordinate system rotated by 0 degree(s)
13:31:23: [INFO] Adding track segment (B.Cu): [(321627500, 52070000), (321627500, 57210000)]
13:31:23: [INFO] Adding track segment (B.Cu): [(321627500, 57210000), (324167500, 59750000)]
13:31:23: [INFO] Routing SW15 with D15
13:31:23: [INFO] Using internal autorouter method
13:31:23: [INFO] Routing pad 'SW15:2' at (293052500, 52070000) with pad 'D15:2' at (295592500, 59750000) using coordinate system rotated by 0 degree(s)
13:31:23: [INFO] Adding track segment (B.Cu): [(293052500, 52070000), (293052500, 57210000)]
13:31:23: [INFO] Adding track segment (B.Cu): [(293052500, 57210000), (295592500, 59750000)]
13:31:23: [INFO] Routing SW14 with D14
13:31:23: [INFO] Using internal autorouter method
13:31:23: [INFO] Routing pad 'SW14:2' at (254952500, 52070000) with pad 'D14:2' at (257492500, 59750000) using coordinate system rotated by 0 degree(s)
13:31:23: [INFO] Adding track segment (B.Cu): [(254952500, 52070000), (254952500, 57210000)]
13:31:23: [INFO] Adding track segment (B.Cu): [(254952500, 57210000), (257492500, 59750000)]
13:31:23: [INFO] Routing SW13 with D13
13:31:23: [INFO] Using internal autorouter method
13:31:23: [INFO] Routing pad 'SW13:2' at (188277500, 52070000) with pad 'D13:2' at (190817500, 59750000) using coordinate system rotated by 0 degree(s)
13:31:23: [INFO] Adding track segment (B.Cu): [(188277500, 52070000), (188277500, 57210000)]
13:31:23: [INFO] Adding track segment (B.Cu): [(188277500, 57210000), (190817500, 59750000)]
13:31:23: [INFO] Routing SW12 with D12
13:31:23: [INFO] Using internal autorouter method
13:31:23: [INFO] Routing pad 'SW12:2' at (150177500, 52070000) with pad 'D12:2' at (152717500, 59750000) using coordinate system rotated by 0 degree(s)
13:31:23: [INFO] Adding track segment (B.Cu): [(150177500, 52070000), (150177500, 57210000)]
13:31:23: [INFO] Adding track segment (B.Cu): [(150177500, 57210000), (152717500, 59750000)]
13:31:23: [INFO] Routing SW11 with D11
13:31:23: [INFO] Using internal autorouter method
13:31:23: [INFO] Routing pad 'SW11:2' at (97790000, 52070000) with pad 'D11:2' at (100330000, 59750000) using coordinate system rotated by 0 degree(s)
13:31:23: [INFO] Adding track segment (B.Cu): [(97790000, 52070000), (97790000, 57210000)]
13:31:23: [INFO] Adding track segment (B.Cu): [(97790000, 57210000), (100330000, 59750000)]
13:31:23: [INFO] Routing SW10 with D10
13:31:23: [INFO] Using internal autorouter method
13:31:23: [INFO] Routing pad 'SW10:2' at (59690000, 52070000) with pad 'D10:2' at (62230000, 59750000) using coordinate system rotated by 0 degree(s)
13:31:23: [INFO] Adding track segment (B.Cu): [(59690000, 52070000), (59690000, 57210000)]
13:31:23: [INFO] Adding track segment (B.Cu): [(59690000, 57210000), (62230000, 59750000)]
13:31:23: [INFO] Routing SW9 with D9
13:31:23: [INFO] Using internal autorouter method
13:31:23: [INFO] Routing pad 'SW9:2' at (378777500, 52070000) with pad 'D9:2' at (381317500, 59750000) using coordinate system rotated by 0 degree(s)
13:31:23: [INFO] Adding track segment (B.Cu): [(378777500, 52070000), (378777500, 57210000)]
13:31:23: [INFO] Adding track segment (B.Cu): [(378777500, 57210000), (381317500, 59750000)]
13:31:23: [INFO] Routing SW8 with D8
13:31:23: [INFO] Using internal autorouter method
13:31:23: [INFO] Routing pad 'SW8:2' at (340677500, 52070000) with pad 'D8:2' at (343217500, 59750000) using coordinate system rotated by 0 degree(s)
13:31:23: [INFO] Adding track segment (B.Cu): [(340677500, 52070000), (340677500, 57210000)]
13:31:23: [INFO] Adding track segment (B.Cu): [(340677500, 57210000), (343217500, 59750000)]
13:31:23: [INFO] Routing SW7 with D7
13:31:23: [INFO] Using internal autorouter method
13:31:23: [INFO] Routing pad 'SW7:2' at (274002500, 52070000) with pad 'D7:2' at (276542500, 59750000) using coordinate system rotated by 0 degree(s)
13:31:23: [INFO] Adding track segment (B.Cu): [(274002500, 52070000), (274002500, 57210000)]
13:31:23: [INFO] Adding track segment (B.Cu): [(274002500, 57210000), (276542500, 59750000)]
13:31:23: [INFO] Routing SW6 with D6
13:31:23: [INFO] Using internal autorouter method
13:31:23: [INFO] Routing pad 'SW6:2' at (235902500, 52070000) with pad 'D6:2' at (238442500, 59750000) using coordinate system rotated by 0 degree(s)
13:31:23: [INFO] Adding track segment (B.Cu): [(235902500, 52070000), (235902500, 57210000)]
13:31:23: [INFO] Adding track segment (B.Cu): [(235902500, 57210000), (238442500, 59750000)]
13:31:23: [INFO] Routing SW5 with D5
13:31:23: [INFO] Using internal autorouter method
13:31:23: [INFO] Routing pad 'SW5:2' at (207327500, 52070000) with pad 'D5:2' at (209867500, 59750000) using coordinate system rotated by 0 degree(s)
13:31:23: [INFO] Adding track segment (B.Cu): [(207327500, 52070000), (207327500, 57210000)]
13:31:23: [INFO] Adding track segment (B.Cu): [(207327500, 57210000), (209867500, 59750000)]
13:31:23: [INFO] Routing SW4 with D4
13:31:23: [INFO] Using internal autorouter method
13:31:23: [INFO] Routing pad 'SW4:2' at (169227500, 52070000) with pad 'D4:2' at (171767500, 59750000) using coordinate system rotated by 0 degree(s)
13:31:23: [INFO] Adding track segment (B.Cu): [(169227500, 52070000), (169227500, 57210000)]
13:31:23: [INFO] Adding track segment (B.Cu): [(169227500, 57210000), (171767500, 59750000)]
13:31:23: [INFO] Routing SW3 with D3
13:31:23: [INFO] Using internal autorouter method
13:31:23: [INFO] Routing pad 'SW3:2' at (121602500, 52070000) with pad 'D3:2' at (124142500, 59750000) using coordinate system rotated by 0 degree(s)
13:31:23: [INFO] Adding track segment (B.Cu): [(121602500, 52070000), (121602500, 57210000)]
13:31:23: [INFO] Adding track segment (B.Cu): [(121602500, 57210000), (124142500, 59750000)]
13:31:23: [INFO] Routing SW2 with D2
13:31:23: [INFO] Using internal autorouter method
13:31:23: [INFO] Routing pad 'SW2:2' at (78740000, 52070000) with pad 'D2:2' at (81280000, 59750000) using coordinate system rotated by 0 degree(s)
13:31:23: [INFO] Adding track segment (B.Cu): [(78740000, 52070000), (78740000, 57210000)]
13:31:23: [INFO] Adding track segment (B.Cu): [(78740000, 57210000), (81280000, 59750000)]
13:31:23: [INFO] Routing SW1 with D1
13:31:23: [INFO] Using internal autorouter method
13:31:23: [INFO] Routing pad 'SW1:2' at (40640000, 52070000) with pad 'D1:2' at (43180000, 59750000) using coordinate system rotated by 0 degree(s)
13:31:23: [INFO] Adding track segment (B.Cu): [(40640000, 52070000), (40640000, 57210000)]
13:31:23: [INFO] Adding track segment (B.Cu): [(40640000, 57210000), (43180000, 59750000)]
13:31:23: [INFO] Routing COL6 pads
13:31:23: [INFO] Routing pad 'SW7:1' at (267652500, 54610000) with pad 'SW25:1' at (267652500, 78422500) using coordinate system rotated by 0 degree(s)
13:31:23: [INFO] Adding track segment (F.Cu): [(267652500, 54610000), (267652500, 78422500)]
13:31:23: [INFO] Routing pad 'SW64:1' at (281940000, 116522500) with pad 'SW82:1' at (272415000, 135572500) using coordinate system rotated by 0 degree(s)
13:31:23: [INFO] Adding track segment (F.Cu): [(281940000, 116522500), (281940000, 126047500)]
13:31:23: [INFO] Adding track segment (F.Cu): [(281940000, 126047500), (272415000, 135572500)]
13:31:23: [INFO] Routing pad 'SW25:1' at (267652500, 78422500) with pad 'SW45:1' at (277177500, 97472500) using coordinate system rotated by 0 degree(s)
13:31:23: [INFO] Adding track segment (F.Cu): [(267652500, 78422500), (267652500, 87947500)]
13:31:23: [INFO] Adding track segment (F.Cu): [(267652500, 87947500), (277177500, 97472500)]
13:31:23: [INFO] Routing pad 'SW45:1' at (277177500, 97472500) with pad 'SW64:1' at (281940000, 116522500) using coordinate system rotated by 0 degree(s)
13:31:23: [INFO] Adding track segment (F.Cu): [(277177500, 97472500), (277177500, 111760000)]
13:31:23: [INFO] Adding track segment (F.Cu): [(277177500, 111760000), (281940000, 116522500)]
13:31:23: [INFO] Routing pad 'SW7:1' at (267652500, 54610000) with pad 'SW15:1' at (286702500, 54610000) using coordinate system rotated by 0 degree(s)
13:31:23: [INFO] Adding track segment (F.Cu): [(267652500, 54610000), (286702500, 54610000)]
13:31:23: [INFO] Routing pad 'SW25:1' at (267652500, 78422500) with pad 'SW35:1' at (286702500, 78422500) using coordinate system rotated by 0 degree(s)
13:31:23: [INFO] Adding track segment (F.Cu): [(267652500, 78422500), (286702500, 78422500)]
13:31:23: [INFO] Routing pad 'SW82:1' at (272415000, 135572500) with pad 'SW91:1' at (291465000, 135572500) using coordinate system rotated by 0 degree(s)
13:31:23: [INFO] Adding track segment (F.Cu): [(272415000, 135572500), (291465000, 135572500)]
13:31:23: [INFO] Routing pad 'SW45:1' at (277177500, 97472500) with pad 'SW55:1' at (296227500, 97472500) using coordinate system rotated by 0 degree(s)
13:31:23: [INFO] Adding track segment (F.Cu): [(277177500, 97472500), (296227500, 97472500)]
13:31:23: [INFO] Routing pad 'SW64:1' at (281940000, 116522500) with pad 'SW72:1' at (300990000, 116522500) using coordinate system rotated by 0 degree(s)
13:31:23: [INFO] Adding track segment (F.Cu): [(281940000, 116522500), (300990000, 116522500)]
13:31:23: [INFO] Routing ROW6 pads
13:31:23: [INFO] Routing pad 'D58:1' at (43180000, 124462500) with pad 'D59:1' at (81280000, 124462500) using coordinate system rotated by 0 degree(s)
13:31:23: [INFO] Adding track segment (B.Cu): [(43180000, 124462500), (81280000, 124462500)]
13:31:23: [INFO] Could not add track segment due to detected collision
13:31:23: [INFO] Routing pad 'D59:1' at (81280000, 124462500) with pad 'D60:1' at (131286250, 124462500) using coordinate system rotated by 0 degree(s)
13:31:23: [INFO] Adding track segment (B.Cu): [(81280000, 124462500), (131286250, 124462500)]
13:31:23: [INFO] Could not add track segment due to detected collision
13:31:23: [INFO] Routing pad 'D60:1' at (131286250, 124462500) with pad 'D61:1' at (176530000, 124462500) using coordinate system rotated by 0 degree(s)
13:31:23: [INFO] Adding track segment (B.Cu): [(131286250, 124462500), (176530000, 124462500)]
13:31:23: [INFO] Could not add track segment due to detected collision
13:31:23: [INFO] Routing pad 'D61:1' at (176530000, 124462500) with pad 'D62:1' at (214630000, 124462500) using coordinate system rotated by 0 degree(s)
13:31:23: [INFO] Adding track segment (B.Cu): [(176530000, 124462500), (214630000, 124462500)]
13:31:23: [INFO] Could not add track segment due to detected collision
13:31:23: [INFO] Routing pad 'D62:1' at (214630000, 124462500) with pad 'D63:1' at (252730000, 124462500) using coordinate system rotated by 0 degree(s)
13:31:23: [INFO] Adding track segment (B.Cu): [(214630000, 124462500), (252730000, 124462500)]
13:31:23: [INFO] Could not add track segment due to detected collision
13:31:23: [INFO] Routing pad 'D63:1' at (252730000, 124462500) with pad 'D64:1' at (290830000, 124462500) using coordinate system rotated by 0 degree(s)
13:31:23: [INFO] Adding track segment (B.Cu): [(252730000, 124462500), (290830000, 124462500)]
13:31:23: [INFO] Could not add track segment due to detected collision
13:31:23: [INFO] Routing pad 'D64:1' at (290830000, 124462500) with pad 'D65:1' at (328930000, 124462500) using coordinate system rotated by 0 degree(s)
13:31:23: [INFO] Adding track segment (B.Cu): [(290830000, 124462500), (328930000, 124462500)]
13:31:23: [INFO] Could not add track segment due to detected collision
13:31:23: [INFO] Routing ROW11 pads
13:31:23: [INFO] Routing pad 'D103:1' at (62230000, 162562500) with pad 'D104:1' at (90805000, 162562500) using coordinate system rotated by 0 degree(s)
13:31:23: [INFO] Adding track segment (B.Cu): [(62230000, 162562500), (90805000, 162562500)]
13:31:23: [INFO] Could not add track segment due to detected collision
13:31:23: [INFO] Routing pad 'D104:1' at (90805000, 162562500) with pad 'D105:1' at (150336250, 162562500) using coordinate system rotated by 0 degree(s)
13:31:23: [INFO] Adding track segment (B.Cu): [(90805000, 162562500), (150336250, 162562500)]
13:31:23: [INFO] Could not add track segment due to detected collision
13:31:23: [INFO] Routing pad 'D105:1' at (150336250, 162562500) with pad 'D106:1' at (340836250, 162562500) using coordinate system rotated by 0 degree(s)
13:31:23: [INFO] Adding track segment (B.Cu): [(150336250, 162562500), (340836250, 162562500)]
13:31:23: [INFO] Could not add track segment due to detected collision
13:31:23: [INFO] Routing pad 'D106:1' at (340836250, 162562500) with pad 'D107:1' at (371792500, 162562500) using coordinate system rotated by 0 degree(s)
13:31:23: [INFO] Adding track segment (B.Cu): [(340836250, 162562500), (371792500, 162562500)]
13:31:23: [INFO] Could not add track segment due to detected collision
13:31:23: [INFO] Routing pad 'D107:1' at (371792500, 162562500) with pad 'D108:1' at (409892500, 162562500) using coordinate system rotated by 0 degree(s)
13:31:23: [INFO] Adding track segment (B.Cu): [(371792500, 162562500), (409892500, 162562500)]
13:31:23: [INFO] Could not add track segment due to detected collision
13:31:23: [INFO] Routing ROW3 pads
13:31:23: [INFO] Routing pad 'D29:1' at (62230000, 86362500) with pad 'D30:1' at (100330000, 86362500) using coordinate system rotated by 0 degree(s)
13:31:23: [INFO] Adding track segment (B.Cu): [(62230000, 86362500), (100330000, 86362500)]
13:31:23: [INFO] Could not add track segment due to detected collision
13:31:23: [INFO] Routing pad 'D30:1' at (100330000, 86362500) with pad 'D31:1' at (143192500, 86362500) using coordinate system rotated by 0 degree(s)
13:31:23: [INFO] Adding track segment (B.Cu): [(100330000, 86362500), (143192500, 86362500)]
13:31:23: [INFO] Could not add track segment due to detected collision
13:31:23: [INFO] Routing pad 'D31:1' at (143192500, 86362500) with pad 'D32:1' at (181292500, 86362500) using coordinate system rotated by 0 degree(s)
13:31:23: [INFO] Adding track segment (B.Cu): [(143192500, 86362500), (181292500, 86362500)]
13:31:23: [INFO] Could not add track segment due to detected collision
13:31:23: [INFO] Routing pad 'D32:1' at (181292500, 86362500) with pad 'D33:1' at (219392500, 86362500) using coordinate system rotated by 0 degree(s)
13:31:23: [INFO] Adding track segment (B.Cu): [(181292500, 86362500), (219392500, 86362500)]
13:31:23: [INFO] Could not add track segment due to detected collision
13:31:23: [INFO] Routing pad 'D33:1' at (219392500, 86362500) with pad 'D34:1' at (257492500, 86362500) using coordinate system rotated by 0 degree(s)
13:31:23: [INFO] Adding track segment (B.Cu): [(219392500, 86362500), (257492500, 86362500)]
13:31:23: [INFO] Could not add track segment due to detected collision
13:31:23: [INFO] Routing pad 'D34:1' at (257492500, 86362500) with pad 'D35:1' at (295592500, 86362500) using coordinate system rotated by 0 degree(s)
13:31:23: [INFO] Adding track segment (B.Cu): [(257492500, 86362500), (295592500, 86362500)]
13:31:23: [INFO] Could not add track segment due to detected collision
13:31:23: [INFO] Routing pad 'D35:1' at (295592500, 86362500) with pad 'D36:1' at (333692500, 86362500) using coordinate system rotated by 0 degree(s)
13:31:23: [INFO] Adding track segment (B.Cu): [(295592500, 86362500), (333692500, 86362500)]
13:31:23: [INFO] Could not add track segment due to detected collision
13:31:23: [INFO] Routing pad 'D36:1' at (333692500, 86362500) with pad 'D37:1' at (381317500, 86362500) using coordinate system rotated by 0 degree(s)
13:31:23: [INFO] Adding track segment (B.Cu): [(333692500, 86362500), (381317500, 86362500)]
13:31:23: [INFO] Could not add track segment due to detected collision
13:31:23: [INFO] Routing pad 'D37:1' at (381317500, 86362500) with pad 'D38:1' at (409892500, 86362500) using coordinate system rotated by 0 degree(s)
13:31:23: [INFO] Adding track segment (B.Cu): [(381317500, 86362500), (409892500, 86362500)]
13:31:23: [INFO] Could not add track segment due to detected collision
13:31:23: [INFO] Routing COL2 pads
13:31:23: [INFO] Routing pad 'SW3:1' at (115252500, 54610000) with pad 'SW21:1' at (115252500, 78422500) using coordinate system rotated by 0 degree(s)
13:31:23: [INFO] Adding track segment (F.Cu): [(115252500, 54610000), (115252500, 78422500)]
13:31:23: [INFO] Routing pad 'SW60:1' at (122396250, 116522500) with pad 'SW78a:1' at (117633750, 135572500) using coordinate system rotated by 0 degree(s)
13:31:23: [INFO] Adding track segment (F.Cu): [(122396250, 116522500), (122396250, 130810000)]
13:31:23: [INFO] Adding track segment (F.Cu): [(122396250, 130810000), (117633750, 135572500)]
13:31:23: [INFO] Routing pad 'SW78a:1' at (117633750, 135572500) with pad 'SW97:1' at (117633750, 154622500) using coordinate system rotated by 0 degree(s)
13:31:23: [INFO] Adding track segment (F.Cu): [(117633750, 135572500), (117633750, 154622500)]
13:31:23: [INFO] Could not add track segment due to detected collision
13:31:23: [INFO] Routing pad 'SW21:1' at (115252500, 78422500) with pad 'SW41:1' at (120015000, 97472500) using coordinate system rotated by 0 degree(s)
13:31:23: [INFO] Adding track segment (F.Cu): [(115252500, 78422500), (115252500, 92710000)]
13:31:23: [INFO] Adding track segment (F.Cu): [(115252500, 92710000), (120015000, 97472500)]
13:31:23: [INFO] Routing pad 'SW97:1' at (117633750, 154622500) with pad 'SW97a:1' at (120015000, 154622500) using coordinate system rotated by 0 degree(s)
13:31:23: [INFO] Adding track segment (F.Cu): [(117633750, 154622500), (120015000, 154622500)]
13:31:23: [INFO] Routing pad 'SW41:1' at (120015000, 97472500) with pad 'SW60:1' at (122396250, 116522500) using coordinate system rotated by 0 degree(s)
13:31:24: [INFO] Adding track segment (F.Cu): [(120015000, 97472500), (120015000, 114141250)]
13:31:24: [INFO] Adding track segment (F.Cu): [(120015000, 114141250), (122396250, 116522500)]
13:31:24: [INFO] Routing pad 'SW78a:1' at (117633750, 135572500) with pad 'SW78:1' at (127158750, 135572500) using coordinate system rotated by 0 degree(s)
13:31:24: [INFO] Adding track segment (F.Cu): [(117633750, 135572500), (127158750, 135572500)]
13:31:24: [INFO] Routing pad 'SW21:1' at (115252500, 78422500) with pad 'SW31:1' at (134302500, 78422500) using coordinate system rotated by 0 degree(s)
13:31:24: [INFO] Adding track segment (F.Cu): [(115252500, 78422500), (134302500, 78422500)]
13:31:24: [INFO] Routing pad 'SW78:1' at (127158750, 135572500) with pad 'SW87:1' at (139065000, 135572500) using coordinate system rotated by 0 degree(s)
13:31:24: [INFO] Adding track segment (F.Cu): [(127158750, 135572500), (139065000, 135572500)]
13:31:24: [INFO] Routing pad 'SW87:1' at (139065000, 135572500) with pad 'SW105:1' at (141446250, 154622500) using coordinate system rotated by 0 degree(s)
13:31:24: [INFO] Adding track segment (F.Cu): [(139065000, 135572500), (139065000, 152241250)]
13:31:24: [INFO] Adding track segment (F.Cu): [(139065000, 152241250), (141446250, 154622500)]
13:31:24: [INFO] Routing pad 'SW31:1' at (134302500, 78422500) with pad 'SW12:1' at (143827500, 54610000) using coordinate system rotated by 0 degree(s)
13:31:24: [INFO] Adding track segment (F.Cu): [(134302500, 78422500), (143827500, 68897500)]
13:31:24: [INFO] Adding track segment (F.Cu): [(143827500, 68897500), (143827500, 54610000)]
13:31:24: [INFO] Routing pad 'SW31:1' at (134302500, 78422500) with pad 'SW51:1' at (143827500, 97472500) using coordinate system rotated by 0 degree(s)
13:31:24: [INFO] Adding track segment (F.Cu): [(134302500, 78422500), (134302500, 87947500)]
13:31:24: [INFO] Adding track segment (F.Cu): [(134302500, 87947500), (143827500, 97472500)]
13:31:24: [INFO] Routing pad 'SW105:1' at (141446250, 154622500) with pad 'SW105a:1' at (143827500, 154622500) using coordinate system rotated by 0 degree(s)
13:31:24: [INFO] Adding track segment (F.Cu): [(141446250, 154622500), (143827500, 154622500)]
13:31:24: [INFO] Routing pad 'SW51:1' at (143827500, 97472500) with pad 'SW68:1' at (148590000, 116522500) using coordinate system rotated by 0 degree(s)
13:31:24: [INFO] Adding track segment (F.Cu): [(143827500, 97472500), (143827500, 111760000)]
13:31:24: [INFO] Adding track segment (F.Cu): [(143827500, 111760000), (148590000, 116522500)]
13:31:24: [INFO] Routing ROW8 pads
13:31:24: [INFO] Routing pad 'D76:1' at (43180000, 143512500) with pad 'D77:1' at (81280000, 143512500) using coordinate system rotated by 0 degree(s)
13:31:24: [INFO] Adding track segment (B.Cu): [(43180000, 143512500), (81280000, 143512500)]
13:31:24: [INFO] Could not add track segment due to detected collision
13:31:24: [INFO] Routing pad 'D77:1' at (81280000, 143512500) with pad 'D78:1' at (136048750, 143512500) using coordinate system rotated by 0 degree(s)
13:31:24: [INFO] Adding track segment (B.Cu): [(81280000, 143512500), (136048750, 143512500)]
13:31:24: [INFO] Could not add track segment due to detected collision
13:31:24: [INFO] Routing pad 'D78:1' at (136048750, 143512500) with pad 'D79:1' at (167005000, 143512500) using coordinate system rotated by 0 degree(s)
13:31:24: [INFO] Adding track segment (B.Cu): [(136048750, 143512500), (167005000, 143512500)]
13:31:24: [INFO] Could not add track segment due to detected collision
13:31:24: [INFO] Routing pad 'D79:1' at (167005000, 143512500) with pad 'D80:1' at (205105000, 143512500) using coordinate system rotated by 0 degree(s)
13:31:24: [INFO] Adding track segment (B.Cu): [(167005000, 143512500), (205105000, 143512500)]
13:31:24: [INFO] Could not add track segment due to detected collision
13:31:24: [INFO] Routing pad 'D80:1' at (205105000, 143512500) with pad 'D81:1' at (243205000, 143512500) using coordinate system rotated by 0 degree(s)
13:31:24: [INFO] Adding track segment (B.Cu): [(205105000, 143512500), (243205000, 143512500)]
13:31:24: [INFO] Could not add track segment due to detected collision
13:31:24: [INFO] Routing pad 'D81:1' at (243205000, 143512500) with pad 'D82:1' at (281305000, 143512500) using coordinate system rotated by 0 degree(s)
13:31:24: [INFO] Adding track segment (B.Cu): [(243205000, 143512500), (281305000, 143512500)]
13:31:24: [INFO] Could not add track segment due to detected collision
13:31:24: [INFO] Routing pad 'D82:1' at (281305000, 143512500) with pad 'D83:1' at (319405000, 143512500) using coordinate system rotated by 0 degree(s)
13:31:24: [INFO] Adding track segment (B.Cu): [(281305000, 143512500), (319405000, 143512500)]
13:31:24: [INFO] Could not add track segment due to detected collision
13:31:24: [INFO] Routing pad 'D83:1' at (319405000, 143512500) with pad 'D84:1' at (390842500, 143512500) using coordinate system rotated by 0 degree(s)
13:31:24: [INFO] Adding track segment (B.Cu): [(319405000, 143512500), (390842500, 143512500)]
13:31:24: [INFO] Could not add track segment due to detected collision
13:31:24: [INFO] Routing COL5 pads
13:31:24: [INFO] Routing pad 'SW6:1' at (229552500, 54610000) with pad 'SW24:1' at (229552500, 78422500) using coordinate system rotated by 0 degree(s)
13:31:24: [INFO] Adding track segment (F.Cu): [(229552500, 54610000), (229552500, 78422500)]
13:31:24: [INFO] Routing pad 'SW63:1' at (243840000, 116522500) with pad 'SW81:1' at (234315000, 135572500) using coordinate system rotated by 0 degree(s)
13:31:24: [INFO] Adding track segment (F.Cu): [(243840000, 116522500), (243840000, 126047500)]
13:31:24: [INFO] Adding track segment (F.Cu): [(243840000, 126047500), (234315000, 135572500)]
13:31:24: [INFO] Routing pad 'SW81:1' at (234315000, 135572500) with pad 'SW99:1' at (236696250, 154622500) using coordinate system rotated by 0 degree(s)
13:31:24: [INFO] Adding track segment (F.Cu): [(234315000, 135572500), (234315000, 152241250)]
13:31:24: [INFO] Adding track segment (F.Cu): [(234315000, 152241250), (236696250, 154622500)]
13:31:24: [INFO] Routing pad 'SW24:1' at (229552500, 78422500) with pad 'SW44:1' at (239077500, 97472500) using coordinate system rotated by 0 degree(s)
13:31:24: [INFO] Adding track segment (F.Cu): [(229552500, 78422500), (229552500, 87947500)]
13:31:24: [INFO] Adding track segment (F.Cu): [(229552500, 87947500), (239077500, 97472500)]
13:31:24: [INFO] Routing pad 'SW44:1' at (239077500, 97472500) with pad 'SW63:1' at (243840000, 116522500) using coordinate system rotated by 0 degree(s)
13:31:24: [INFO] Adding track segment (F.Cu): [(239077500, 97472500), (239077500, 111760000)]
13:31:24: [INFO] Adding track segment (F.Cu): [(239077500, 111760000), (243840000, 116522500)]
13:31:24: [INFO] Routing pad 'SW6:1' at (229552500, 54610000) with pad 'SW14:1' at (248602500, 54610000) using coordinate system rotated by 0 degree(s)
13:31:24: [INFO] Adding track segment (F.Cu): [(229552500, 54610000), (248602500, 54610000)]
13:31:24: [INFO] Routing pad 'SW24:1' at (229552500, 78422500) with pad 'SW34:1' at (248602500, 78422500) using coordinate system rotated by 0 degree(s)
13:31:24: [INFO] Adding track segment (F.Cu): [(229552500, 78422500), (248602500, 78422500)]
13:31:24: [INFO] Routing pad 'SW99:1' at (236696250, 154622500) with pad 'SW99a:1' at (248602500, 154622500) using coordinate system rotated by 0 degree(s)
13:31:24: [INFO] Adding track segment (F.Cu): [(236696250, 154622500), (248602500, 154622500)]
13:31:24: [INFO] Routing pad 'SW81:1' at (234315000, 135572500) with pad 'SW90:1' at (253365000, 135572500) using coordinate system rotated by 0 degree(s)
13:31:24: [INFO] Adding track segment (F.Cu): [(234315000, 135572500), (253365000, 135572500)]
13:31:24: [INFO] Routing pad 'SW44:1' at (239077500, 97472500) with pad 'SW54:1' at (258127500, 97472500) using coordinate system rotated by 0 degree(s)
13:31:24: [INFO] Adding track segment (F.Cu): [(239077500, 97472500), (258127500, 97472500)]
13:31:24: [INFO] Routing pad 'SW63:1' at (243840000, 116522500) with pad 'SW71:1' at (262890000, 116522500) using coordinate system rotated by 0 degree(s)
13:31:24: [INFO] Adding track segment (F.Cu): [(243840000, 116522500), (262890000, 116522500)]
13:31:24: [INFO] Routing ROW0 pads
13:31:24: [INFO] Routing pad 'D1:1' at (43180000, 62550000) with pad 'D2:1' at (81280000, 62550000) using coordinate system rotated by 0 degree(s)
13:31:24: [INFO] Adding track segment (B.Cu): [(43180000, 62550000), (81280000, 62550000)]
13:31:24: [INFO] Could not add track segment due to detected collision
13:31:24: [INFO] Routing pad 'D2:1' at (81280000, 62550000) with pad 'D3:1' at (124142500, 62550000) using coordinate system rotated by 0 degree(s)
13:31:24: [INFO] Adding track segment (B.Cu): [(81280000, 62550000), (124142500, 62550000)]
13:31:24: [INFO] Could not add track segment due to detected collision
13:31:24: [INFO] Routing pad 'D3:1' at (124142500, 62550000) with pad 'D4:1' at (171767500, 62550000) using coordinate system rotated by 0 degree(s)
13:31:24: [INFO] Adding track segment (B.Cu): [(124142500, 62550000), (171767500, 62550000)]
13:31:24: [INFO] Could not add track segment due to detected collision
13:31:24: [INFO] Routing pad 'D4:1' at (171767500, 62550000) with pad 'D5:1' at (209867500, 62550000) using coordinate system rotated by 0 degree(s)
13:31:24: [INFO] Adding track segment (B.Cu): [(171767500, 62550000), (209867500, 62550000)]
13:31:24: [INFO] Could not add track segment due to detected collision
13:31:24: [INFO] Routing pad 'D5:1' at (209867500, 62550000) with pad 'D6:1' at (238442500, 62550000) using coordinate system rotated by 0 degree(s)
13:31:24: [INFO] Adding track segment (B.Cu): [(209867500, 62550000), (238442500, 62550000)]
13:31:24: [INFO] Routing pad 'D6:1' at (238442500, 62550000) with pad 'D7:1' at (276542500, 62550000) using coordinate system rotated by 0 degree(s)
13:31:24: [INFO] Adding track segment (B.Cu): [(238442500, 62550000), (276542500, 62550000)]
13:31:24: [INFO] Could not add track segment due to detected collision
13:31:24: [INFO] Routing pad 'D7:1' at (276542500, 62550000) with pad 'D8:1' at (343217500, 62550000) using coordinate system rotated by 0 degree(s)
13:31:24: [INFO] Adding track segment (B.Cu): [(276542500, 62550000), (343217500, 62550000)]
13:31:24: [INFO] Could not add track segment due to detected collision
13:31:24: [INFO] Routing pad 'D8:1' at (343217500, 62550000) with pad 'D9:1' at (381317500, 62550000) using coordinate system rotated by 0 degree(s)
13:31:24: [INFO] Adding track segment (B.Cu): [(343217500, 62550000), (381317500, 62550000)]
13:31:24: [INFO] Could not add track segment due to detected collision
13:31:24: [INFO] Routing COL0 pads
13:31:24: [INFO] Routing pad 'SW1:1' at (34290000, 54610000) with pad 'SW19:1' at (34290000, 78422500) using coordinate system rotated by 0 degree(s)
13:31:24: [INFO] Adding track segment (F.Cu): [(34290000, 54610000), (34290000, 78422500)]
13:31:24: [INFO] Routing pad 'SW19:1' at (34290000, 78422500) with pad 'SW39:1' at (34290000, 97472500) using coordinate system rotated by 0 degree(s)
13:31:24: [INFO] Adding track segment (F.Cu): [(34290000, 78422500), (34290000, 97472500)]
13:31:24: [INFO] Routing pad 'SW39:1' at (34290000, 97472500) with pad 'SW39a:1' at (34290000, 106997500) using coordinate system rotated by 0 degree(s)
13:31:24: [INFO] Adding track segment (F.Cu): [(34290000, 97472500), (34290000, 106997500)]
13:31:24: [INFO] Routing pad 'SW39a:1' at (34290000, 106997500) with pad 'SW58:1' at (34290000, 116522500) using coordinate system rotated by 0 degree(s)
13:31:24: [INFO] Adding track segment (F.Cu): [(34290000, 106997500), (34290000, 116522500)]
13:31:24: [INFO] Routing pad 'SW58:1' at (34290000, 116522500) with pad 'SW76:1' at (34290000, 135572500) using coordinate system rotated by 0 degree(s)
13:31:24: [INFO] Adding track segment (F.Cu): [(34290000, 116522500), (34290000, 135572500)]
13:31:24: [INFO] Routing pad 'SW76:1' at (34290000, 135572500) with pad 'SW76a:1' at (34290000, 145097500) using coordinate system rotated by 0 degree(s)
13:31:24: [INFO] Adding track segment (F.Cu): [(34290000, 135572500), (34290000, 145097500)]
13:31:24: [INFO] Routing pad 'SW76a:1' at (34290000, 145097500) with pad 'SW95a:1' at (34290000, 154622500) using coordinate system rotated by 0 degree(s)
13:31:24: [INFO] Adding track segment (F.Cu): [(34290000, 145097500), (34290000, 154622500)]
13:31:24: [INFO] Could not add track segment due to detected collision
13:31:24: [INFO] Routing pad 'SW95a:1' at (34290000, 154622500) with pad 'SW95:1' at (43815000, 154622500) using coordinate system rotated by 0 degree(s)
13:31:24: [INFO] Adding track segment (F.Cu): [(34290000, 154622500), (43815000, 154622500)]
13:31:24: [INFO] Routing pad 'SW1:1' at (34290000, 54610000) with pad 'SW10:1' at (53340000, 54610000) using coordinate system rotated by 0 degree(s)
13:31:24: [INFO] Adding track segment (F.Cu): [(34290000, 54610000), (53340000, 54610000)]
13:31:24: [INFO] Routing pad 'SW19:1' at (34290000, 78422500) with pad 'SW29:1' at (53340000, 78422500) using coordinate system rotated by 0 degree(s)
13:31:24: [INFO] Adding track segment (F.Cu): [(34290000, 78422500), (53340000, 78422500)]
13:31:24: [INFO] Routing pad 'SW39:1' at (34290000, 97472500) with pad 'SW49:1' at (53340000, 97472500) using coordinate system rotated by 0 degree(s)
13:31:24: [INFO] Adding track segment (F.Cu): [(34290000, 97472500), (53340000, 97472500)]
13:31:24: [INFO] Could not add track segment due to detected collision
13:31:24: [INFO] Routing pad 'SW58:1' at (34290000, 116522500) with pad 'SW66:1' at (53340000, 116522500) using coordinate system rotated by 0 degree(s)
13:31:24: [INFO] Adding track segment (F.Cu): [(34290000, 116522500), (53340000, 116522500)]
13:31:24: [INFO] Routing pad 'SW76:1' at (34290000, 135572500) with pad 'SW85:1' at (53340000, 135572500) using coordinate system rotated by 0 degree(s)
13:31:24: [INFO] Adding track segment (F.Cu): [(34290000, 135572500), (53340000, 135572500)]
13:31:24: [INFO] Could not add track segment due to detected collision
13:31:24: [INFO] Routing pad 'SW95:1' at (43815000, 154622500) with pad 'SW103:1' at (53340000, 154622500) using coordinate system rotated by 0 degree(s)
13:31:24: [INFO] Adding track segment (F.Cu): [(43815000, 154622500), (53340000, 154622500)]
13:31:24: [INFO] Routing pad 'SW10:1' at (53340000, 54610000) with pad 'SW109:1' at (424815000, 64135000) using coordinate system rotated by 0 degree(s)
13:31:24: [INFO] Routing COL8 pads
13:31:24: [INFO] Routing pad 'SW101:1' at (343852500, 154622500) with pad 'SW101a:1' at (339090000, 154622500) using coordinate system rotated by 0 degree(s)
13:31:24: [INFO] Adding track segment (F.Cu): [(343852500, 154622500), (339090000, 154622500)]
13:31:24: [INFO] Routing pad 'SW8:1' at (334327500, 54610000) with pad 'SW27:1' at (343852500, 78422500) using coordinate system rotated by 0 degree(s)
13:31:24: [INFO] Adding track segment (F.Cu): [(334327500, 54610000), (334327500, 68897500)]
13:31:24: [INFO] Adding track segment (F.Cu): [(334327500, 68897500), (343852500, 78422500)]
13:31:24: [INFO] Routing pad 'SW107:1' at (362902500, 154622500) with pad 'SW101:1' at (343852500, 154622500) using coordinate system rotated by 0 degree(s)
13:31:24: [INFO] Adding track segment (F.Cu): [(362902500, 154622500), (343852500, 154622500)]
13:31:24: [INFO] Routing pad 'SW8:1' at (334327500, 54610000) with pad 'SW17:1' at (353377500, 54610000) using coordinate system rotated by 0 degree(s)
13:31:24: [INFO] Adding track segment (F.Cu): [(334327500, 54610000), (353377500, 54610000)]
13:31:24: [INFO] Routing pad 'SW27:1' at (343852500, 78422500) with pad 'SW47:1' at (353377500, 97472500) using coordinate system rotated by 0 degree(s)
13:31:24: [INFO] Adding track segment (F.Cu): [(343852500, 78422500), (343852500, 87947500)]
13:31:24: [INFO] Adding track segment (F.Cu): [(343852500, 87947500), (353377500, 97472500)]
13:31:24: [INFO] Routing pad 'SW74a:1' at (358140000, 116522500) with pad 'SW93:1' at (355758750, 135572500) using coordinate system rotated by 0 degree(s)
13:31:24: [INFO] Adding track segment (F.Cu): [(358140000, 116522500), (358140000, 133191250)]
13:31:24: [INFO] Adding track segment (F.Cu): [(358140000, 133191250), (355758750, 135572500)]
13:31:24: [INFO] Routing pad 'SW47:1' at (353377500, 97472500) with pad 'SW74a:1' at (358140000, 116522500) using coordinate system rotated by 0 degree(s)
13:31:24: [INFO] Adding track segment (F.Cu): [(353377500, 97472500), (353377500, 111760000)]
13:31:24: [INFO] Adding track segment (F.Cu): [(353377500, 111760000), (358140000, 116522500)]
13:31:24: [INFO] Routing pad 'SW27:1' at (343852500, 78422500) with pad 'SW37a:1' at (362902500, 78422500) using coordinate system rotated by 0 degree(s)
13:31:24: [INFO] Adding track segment (F.Cu): [(343852500, 78422500), (362902500, 78422500)]
13:31:24: [INFO] Routing pad 'SW93:1' at (355758750, 135572500) with pad 'SW107:1' at (362902500, 154622500) using coordinate system rotated by 0 degree(s)
13:31:24: [INFO] Adding track segment (F.Cu): [(355758750, 135572500), (355758750, 147478750)]
13:31:24: [INFO] Adding track segment (F.Cu): [(355758750, 147478750), (362902500, 154622500)]
13:31:24: [INFO] Routing pad 'SW74a:1' at (358140000, 116522500) with pad 'SW74:1' at (370046250, 116522500) using coordinate system rotated by 0 degree(s)
13:31:24: [INFO] Adding track segment (F.Cu): [(358140000, 116522500), (370046250, 116522500)]
13:31:24: [INFO] Routing pad 'SW37a:1' at (362902500, 78422500) with pad 'SW37:1' at (372427500, 78422500) using coordinate system rotated by 0 degree(s)
13:31:24: [INFO] Adding track segment (F.Cu): [(362902500, 78422500), (372427500, 78422500)]
13:31:24: [INFO] Routing ROW9 pads
13:31:24: [INFO] Routing pad 'D85:1' at (62230000, 143512500) with pad 'D86:1' at (100330000, 153037500) using coordinate system rotated by 0 degree(s)
13:31:24: [INFO] Routing pad 'D86:1' at (100330000, 153037500) with pad 'D87:1' at (147955000, 143512500) using coordinate system rotated by 0 degree(s)
13:31:24: [INFO] Routing pad 'D87:1' at (147955000, 143512500) with pad 'D88:1' at (186055000, 143512500) using coordinate system rotated by 0 degree(s)
13:31:24: [INFO] Adding track segment (B.Cu): [(147955000, 143512500), (186055000, 143512500)]
13:31:24: [INFO] Could not add track segment due to detected collision
13:31:24: [INFO] Routing pad 'D88:1' at (186055000, 143512500) with pad 'D89:1' at (224155000, 143512500) using coordinate system rotated by 0 degree(s)
13:31:24: [INFO] Adding track segment (B.Cu): [(186055000, 143512500), (224155000, 143512500)]
13:31:24: [INFO] Could not add track segment due to detected collision
13:31:24: [INFO] Routing pad 'D89:1' at (224155000, 143512500) with pad 'D90:1' at (262255000, 143512500) using coordinate system rotated by 0 degree(s)
13:31:24: [INFO] Adding track segment (B.Cu): [(224155000, 143512500), (262255000, 143512500)]
13:31:24: [INFO] Could not add track segment due to detected collision
13:31:24: [INFO] Routing pad 'D90:1' at (262255000, 143512500) with pad 'D91:1' at (300355000, 143512500) using coordinate system rotated by 0 degree(s)
13:31:24: [INFO] Adding track segment (B.Cu): [(262255000, 143512500), (300355000, 143512500)]
13:31:24: [INFO] Could not add track segment due to detected collision
13:31:24: [INFO] Routing pad 'D91:1' at (300355000, 143512500) with pad 'D92:1' at (338455000, 143512500) using coordinate system rotated by 0 degree(s)
13:31:24: [INFO] Adding track segment (B.Cu): [(300355000, 143512500), (338455000, 143512500)]
13:31:24: [INFO] Could not add track segment due to detected collision
13:31:24: [INFO] Routing pad 'D92:1' at (338455000, 143512500) with pad 'D93:1' at (364648750, 143512500) using coordinate system rotated by 0 degree(s)
13:31:24: [INFO] Adding track segment (B.Cu): [(338455000, 143512500), (364648750, 143512500)]
13:31:24: [INFO] Routing pad 'D93:1' at (364648750, 143512500) with pad 'D94:1' at (409892500, 143512500) using coordinate system rotated by 0 degree(s)
13:31:24: [INFO] Adding track segment (B.Cu): [(364648750, 143512500), (409892500, 143512500)]
13:31:24: [INFO] Could not add track segment due to detected collision
13:31:24: [INFO] Routing ROW2 pads
13:31:24: [INFO] Routing pad 'D19:1' at (43180000, 86362500) with pad 'D20:1' at (81280000, 86362500) using coordinate system rotated by 0 degree(s)
13:31:24: [INFO] Adding track segment (B.Cu): [(43180000, 86362500), (81280000, 86362500)]
13:31:24: [INFO] Could not add track segment due to detected collision
13:31:24: [INFO] Routing pad 'D20:1' at (81280000, 86362500) with pad 'D21:1' at (124142500, 86362500) using coordinate system rotated by 0 degree(s)
13:31:24: [INFO] Adding track segment (B.Cu): [(81280000, 86362500), (124142500, 86362500)]
13:31:24: [INFO] Could not add track segment due to detected collision
13:31:24: [INFO] Routing pad 'D21:1' at (124142500, 86362500) with pad 'D22:1' at (162242500, 86362500) using coordinate system rotated by 0 degree(s)
13:31:24: [INFO] Adding track segment (B.Cu): [(124142500, 86362500), (162242500, 86362500)]
13:31:24: [INFO] Could not add track segment due to detected collision
13:31:24: [INFO] Routing pad 'D22:1' at (162242500, 86362500) with pad 'D23:1' at (200342500, 86362500) using coordinate system rotated by 0 degree(s)
13:31:24: [INFO] Adding track segment (B.Cu): [(162242500, 86362500), (200342500, 86362500)]
13:31:24: [INFO] Could not add track segment due to detected collision
13:31:24: [INFO] Routing pad 'D23:1' at (200342500, 86362500) with pad 'D24:1' at (238442500, 86362500) using coordinate system rotated by 0 degree(s)
13:31:24: [INFO] Adding track segment (B.Cu): [(200342500, 86362500), (238442500, 86362500)]
13:31:24: [INFO] Could not add track segment due to detected collision
13:31:24: [INFO] Routing pad 'D24:1' at (238442500, 86362500) with pad 'D25:1' at (276542500, 86362500) using coordinate system rotated by 0 degree(s)
13:31:24: [INFO] Adding track segment (B.Cu): [(238442500, 86362500), (276542500, 86362500)]
13:31:24: [INFO] Could not add track segment due to detected collision
13:31:24: [INFO] Routing pad 'D25:1' at (276542500, 86362500) with pad 'D26:1' at (314642500, 86362500) using coordinate system rotated by 0 degree(s)
13:31:24: [INFO] Adding track segment (B.Cu): [(276542500, 86362500), (314642500, 86362500)]
13:31:24: [INFO] Could not add track segment due to detected collision
13:31:24: [INFO] Routing pad 'D26:1' at (314642500, 86362500) with pad 'D27:1' at (352742500, 86362500) using coordinate system rotated by 0 degree(s)
13:31:24: [INFO] Adding track segment (B.Cu): [(314642500, 86362500), (352742500, 86362500)]
13:31:24: [INFO] Could not add track segment due to detected collision
13:31:24: [INFO] Routing pad 'D27:1' at (352742500, 86362500) with pad 'D28:1' at (390842500, 86362500) using coordinate system rotated by 0 degree(s)
13:31:24: [INFO] Adding track segment (B.Cu): [(352742500, 86362500), (390842500, 86362500)]
13:31:24: [INFO] Could not add track segment due to detected collision
13:31:24: [INFO] Routing ROW4 pads
13:31:24: [INFO] Routing pad 'D39:1' at (43180000, 105412500) with pad 'D40:1' at (81280000, 105412500) using coordinate system rotated by 0 degree(s)
13:31:24: [INFO] Adding track segment (B.Cu): [(43180000, 105412500), (81280000, 105412500)]
13:31:24: [INFO] Could not add track segment due to detected collision
13:31:24: [INFO] Routing pad 'D40:1' at (81280000, 105412500) with pad 'D41:1' at (128905000, 105412500) using coordinate system rotated by 0 degree(s)
13:31:24: [INFO] Adding track segment (B.Cu): [(81280000, 105412500), (128905000, 105412500)]
13:31:24: [INFO] Could not add track segment due to detected collision
13:31:24: [INFO] Routing pad 'D41:1' at (128905000, 105412500) with pad 'D42:1' at (171767500, 105412500) using coordinate system rotated by 0 degree(s)
13:31:24: [INFO] Adding track segment (B.Cu): [(128905000, 105412500), (171767500, 105412500)]
13:31:24: [INFO] Could not add track segment due to detected collision
13:31:24: [INFO] Routing pad 'D42:1' at (171767500, 105412500) with pad 'D43:1' at (209867500, 105412500) using coordinate system rotated by 0 degree(s)
13:31:24: [INFO] Adding track segment (B.Cu): [(171767500, 105412500), (209867500, 105412500)]
13:31:24: [INFO] Could not add track segment due to detected collision
13:31:24: [INFO] Routing pad 'D43:1' at (209867500, 105412500) with pad 'D44:1' at (247967500, 105412500) using coordinate system rotated by 0 degree(s)
13:31:24: [INFO] Adding track segment (B.Cu): [(209867500, 105412500), (247967500, 105412500)]
13:31:24: [INFO] Could not add track segment due to detected collision
13:31:24: [INFO] Routing pad 'D44:1' at (247967500, 105412500) with pad 'D45:1' at (286067500, 105412500) using coordinate system rotated by 0 degree(s)
13:31:24: [INFO] Adding track segment (B.Cu): [(247967500, 105412500), (286067500, 105412500)]
13:31:24: [INFO] Could not add track segment due to detected collision
13:31:24: [INFO] Routing pad 'D45:1' at (286067500, 105412500) with pad 'D46:1' at (324167500, 105412500) using coordinate system rotated by 0 degree(s)
13:31:24: [INFO] Adding track segment (B.Cu): [(286067500, 105412500), (324167500, 105412500)]
13:31:24: [INFO] Could not add track segment due to detected collision
13:31:24: [INFO] Routing pad 'D46:1' at (324167500, 105412500) with pad 'D47:1' at (362267500, 105412500) using coordinate system rotated by 0 degree(s)
13:31:24: [INFO] Adding track segment (B.Cu): [(324167500, 105412500), (362267500, 105412500)]
13:31:24: [INFO] Could not add track segment due to detected collision
13:31:24: [INFO] Routing pad 'D47:1' at (362267500, 105412500) with pad 'D48:1' at (386080000, 105412500) using coordinate system rotated by 0 degree(s)
13:31:24: [INFO] Adding track segment (B.Cu): [(362267500, 105412500), (386080000, 105412500)]
13:31:24: [INFO] Could not add track segment due to detected collision
13:31:24: [INFO] Routing ROW1 pads
13:31:24: [INFO] Routing pad 'D10:1' at (62230000, 62550000) with pad 'D11:1' at (100330000, 62550000) using coordinate system rotated by 0 degree(s)
13:31:24: [INFO] Adding track segment (B.Cu): [(62230000, 62550000), (100330000, 62550000)]
13:31:25: [INFO] Could not add track segment due to detected collision
13:31:25: [INFO] Routing pad 'D11:1' at (100330000, 62550000) with pad 'D12:1' at (152717500, 62550000) using coordinate system rotated by 0 degree(s)
13:31:25: [INFO] Adding track segment (B.Cu): [(100330000, 62550000), (152717500, 62550000)]
13:31:25: [INFO] Could not add track segment due to detected collision
13:31:25: [INFO] Routing pad 'D12:1' at (152717500, 62550000) with pad 'D13:1' at (190817500, 62550000) using coordinate system rotated by 0 degree(s)
13:31:25: [INFO] Adding track segment (B.Cu): [(152717500, 62550000), (190817500, 62550000)]
13:31:25: [INFO] Could not add track segment due to detected collision
13:31:25: [INFO] Routing pad 'D13:1' at (190817500, 62550000) with pad 'D14:1' at (257492500, 62550000) using coordinate system rotated by 0 degree(s)
13:31:25: [INFO] Adding track segment (B.Cu): [(190817500, 62550000), (257492500, 62550000)]
13:31:25: [INFO] Could not add track segment due to detected collision
13:31:25: [INFO] Routing pad 'D14:1' at (257492500, 62550000) with pad 'D15:1' at (295592500, 62550000) using coordinate system rotated by 0 degree(s)
13:31:25: [INFO] Adding track segment (B.Cu): [(257492500, 62550000), (295592500, 62550000)]
13:31:25: [INFO] Could not add track segment due to detected collision
13:31:25: [INFO] Routing pad 'D15:1' at (295592500, 62550000) with pad 'D16:1' at (324167500, 62550000) using coordinate system rotated by 0 degree(s)
13:31:25: [INFO] Adding track segment (B.Cu): [(295592500, 62550000), (324167500, 62550000)]
13:31:25: [INFO] Routing pad 'D16:1' at (324167500, 62550000) with pad 'D17:1' at (362267500, 62550000) using coordinate system rotated by 0 degree(s)
13:31:25: [INFO] Adding track segment (B.Cu): [(324167500, 62550000), (362267500, 62550000)]
13:31:25: [INFO] Could not add track segment due to detected collision
13:31:25: [INFO] Routing pad 'D17:1' at (362267500, 62550000) with pad 'D18:1' at (409892500, 62550000) using coordinate system rotated by 0 degree(s)
13:31:25: [INFO] Adding track segment (B.Cu): [(362267500, 62550000), (409892500, 62550000)]
13:31:25: [INFO] Could not add track segment due to detected collision
13:31:25: [INFO] Routing COL9 pads
13:31:25: [INFO] Routing pad 'SW28:1' at (381952500, 78422500) with pad 'SW48:1' at (377190000, 97472500) using coordinate system rotated by 0 degree(s)
13:31:25: [INFO] Routing pad 'SW48:1' at (377190000, 97472500) with pad 'SW48a:1' at (379571250, 106997500) using coordinate system rotated by 0 degree(s)
13:31:25: [INFO] Routing pad 'SW9:1' at (372427500, 54610000) with pad 'SW28:1' at (381952500, 78422500) using coordinate system rotated by 0 degree(s)
13:31:25: [INFO] Routing pad 'SW94:1' at (401002500, 135572500) with pad 'SW84:1' at (381952500, 135572500) using coordinate system rotated by 0 degree(s)
13:31:25: [INFO] Adding track segment (F.Cu): [(401002500, 135572500), (381952500, 135572500)]
13:31:25: [INFO] Routing pad 'SW84:1' at (381952500, 135572500) with pad 'SW102:1' at (381952500, 154622500) using coordinate system rotated by 0 degree(s)
13:31:25: [INFO] Adding track segment (F.Cu): [(381952500, 135572500), (381952500, 154622500)]
13:31:25: [INFO] Routing pad 'SW38:1' at (401002500, 78422500) with pad 'SW18:1' at (401002500, 54610000) using coordinate system rotated by 0 degree(s)
13:31:25: [INFO] Adding track segment (F.Cu): [(401002500, 78422500), (401002500, 54610000)]
13:31:25: [INFO] Routing pad 'SW28:1' at (381952500, 78422500) with pad 'SW38:1' at (401002500, 78422500) using coordinate system rotated by 0 degree(s)
13:31:25: [INFO] Adding track segment (F.Cu): [(381952500, 78422500), (401002500, 78422500)]
13:31:25: [INFO] Routing pad 'SW38:1' at (401002500, 78422500) with pad 'SW57:1' at (401002500, 97472500) using coordinate system rotated by 0 degree(s)
13:31:25: [INFO] Adding track segment (F.Cu): [(401002500, 78422500), (401002500, 97472500)]
13:31:25: [INFO] Routing pad 'SW57:1' at (401002500, 97472500) with pad 'SW75:1' at (401002500, 116522500) using coordinate system rotated by 0 degree(s)
13:31:25: [INFO] Adding track segment (F.Cu): [(401002500, 97472500), (401002500, 116522500)]
13:31:25: [INFO] Routing pad 'SW75:1' at (401002500, 116522500) with pad 'SW94:1' at (401002500, 135572500) using coordinate system rotated by 0 degree(s)
13:31:25: [INFO] Adding track segment (F.Cu): [(401002500, 116522500), (401002500, 135572500)]
13:31:25: [INFO] Routing pad 'SW94:1' at (401002500, 135572500) with pad 'SW108:1' at (401002500, 154622500) using coordinate system rotated by 0 degree(s)
13:31:25: [INFO] Adding track segment (F.Cu): [(401002500, 135572500), (401002500, 154622500)]
13:31:25: [INFO] Routing COL3 pads
13:31:25: [INFO] Routing pad 'SW61:1' at (167640000, 116522500) with pad 'SW79:1' at (158115000, 135572500) using coordinate system rotated by 0 degree(s)
13:31:25: [INFO] Adding track segment (F.Cu): [(167640000, 116522500), (167640000, 126047500)]
13:31:25: [INFO] Adding track segment (F.Cu): [(167640000, 126047500), (158115000, 135572500)]
13:31:25: [INFO] Routing pad 'SW22:1' at (153352500, 78422500) with pad 'SW4:1' at (162877500, 54610000) using coordinate system rotated by 0 degree(s)
13:31:25: [INFO] Adding track segment (F.Cu): [(153352500, 78422500), (162877500, 68897500)]
13:31:25: [INFO] Adding track segment (F.Cu): [(162877500, 68897500), (162877500, 54610000)]
13:31:25: [INFO] Routing pad 'SW22:1' at (153352500, 78422500) with pad 'SW42:1' at (162877500, 97472500) using coordinate system rotated by 0 degree(s)
13:31:25: [INFO] Adding track segment (F.Cu): [(153352500, 78422500), (153352500, 87947500)]
13:31:25: [INFO] Adding track segment (F.Cu): [(153352500, 87947500), (162877500, 97472500)]
13:31:25: [INFO] Routing pad 'SW79:1' at (158115000, 135572500) with pad 'SW98:1' at (165258750, 154622500) using coordinate system rotated by 0 degree(s)
13:31:25: [INFO] Adding track segment (F.Cu): [(158115000, 135572500), (158115000, 147478750)]
13:31:25: [INFO] Adding track segment (F.Cu): [(158115000, 147478750), (165258750, 154622500)]
13:31:25: [INFO] Routing pad 'SW42:1' at (162877500, 97472500) with pad 'SW61:1' at (167640000, 116522500) using coordinate system rotated by 0 degree(s)
13:31:25: [INFO] Adding track segment (F.Cu): [(162877500, 97472500), (162877500, 111760000)]
13:31:25: [INFO] Adding track segment (F.Cu): [(162877500, 111760000), (167640000, 116522500)]
13:31:25: [INFO] Routing pad 'SW98:1' at (165258750, 154622500) with pad 'SW98a:1' at (167640000, 154622500) using coordinate system rotated by 0 degree(s)
13:31:25: [INFO] Adding track segment (F.Cu): [(165258750, 154622500), (167640000, 154622500)]
13:31:25: [INFO] Routing pad 'SW22:1' at (153352500, 78422500) with pad 'SW32:1' at (172402500, 78422500) using coordinate system rotated by 0 degree(s)
13:31:25: [INFO] Adding track segment (F.Cu): [(153352500, 78422500), (172402500, 78422500)]
13:31:25: [INFO] Routing pad 'SW79:1' at (158115000, 135572500) with pad 'SW88:1' at (177165000, 135572500) using coordinate system rotated by 0 degree(s)
13:31:25: [INFO] Adding track segment (F.Cu): [(158115000, 135572500), (177165000, 135572500)]
13:31:25: [INFO] Routing pad 'SW4:1' at (162877500, 54610000) with pad 'SW13:1' at (181927500, 54610000) using coordinate system rotated by 0 degree(s)
13:31:25: [INFO] Adding track segment (F.Cu): [(162877500, 54610000), (181927500, 54610000)]
13:31:25: [INFO] Routing pad 'SW42:1' at (162877500, 97472500) with pad 'SW52:1' at (181927500, 97472500) using coordinate system rotated by 0 degree(s)
13:31:25: [INFO] Adding track segment (F.Cu): [(162877500, 97472500), (181927500, 97472500)]
13:31:25: [INFO] Routing pad 'SW61:1' at (167640000, 116522500) with pad 'SW69:1' at (186690000, 116522500) using coordinate system rotated by 0 degree(s)
13:31:25: [INFO] Adding track segment (F.Cu): [(167640000, 116522500), (186690000, 116522500)]
13:31:25: [INFO] Routing ROW5 pads
13:31:25: [INFO] Routing pad 'D49:1' at (62230000, 105412500) with pad 'D50:1' at (100330000, 114937500) using coordinate system rotated by 0 degree(s)
13:31:25: [INFO] Routing pad 'D50:1' at (100330000, 114937500) with pad 'D51:1' at (152717500, 105412500) using coordinate system rotated by 0 degree(s)
13:31:25: [INFO] Routing pad 'D51:1' at (152717500, 105412500) with pad 'D52:1' at (190817500, 105412500) using coordinate system rotated by 0 degree(s)
13:31:25: [INFO] Adding track segment (B.Cu): [(152717500, 105412500), (190817500, 105412500)]
13:31:25: [INFO] Could not add track segment due to detected collision
13:31:25: [INFO] Routing pad 'D52:1' at (190817500, 105412500) with pad 'D53:1' at (228917500, 105412500) using coordinate system rotated by 0 degree(s)
13:31:25: [INFO] Adding track segment (B.Cu): [(190817500, 105412500), (228917500, 105412500)]
13:31:25: [INFO] Could not add track segment due to detected collision
13:31:25: [INFO] Routing pad 'D53:1' at (228917500, 105412500) with pad 'D54:1' at (267017500, 105412500) using coordinate system rotated by 0 degree(s)
13:31:25: [INFO] Adding track segment (B.Cu): [(228917500, 105412500), (267017500, 105412500)]
13:31:25: [INFO] Could not add track segment due to detected collision
13:31:25: [INFO] Routing pad 'D54:1' at (267017500, 105412500) with pad 'D55:1' at (305117500, 105412500) using coordinate system rotated by 0 degree(s)
13:31:25: [INFO] Adding track segment (B.Cu): [(267017500, 105412500), (305117500, 105412500)]
13:31:25: [INFO] Could not add track segment due to detected collision
13:31:25: [INFO] Routing pad 'D55:1' at (305117500, 105412500) with pad 'D56:1' at (343217500, 105412500) using coordinate system rotated by 0 degree(s)
13:31:25: [INFO] Adding track segment (B.Cu): [(305117500, 105412500), (343217500, 105412500)]
13:31:25: [INFO] Could not add track segment due to detected collision
13:31:25: [INFO] Routing pad 'D56:1' at (343217500, 105412500) with pad 'D57:1' at (409892500, 105412500) using coordinate system rotated by 0 degree(s)
13:31:25: [INFO] Adding track segment (B.Cu): [(343217500, 105412500), (409892500, 105412500)]
13:31:25: [INFO] Could not add track segment due to detected collision
13:31:25: [INFO] Routing ROW7 pads
13:31:25: [INFO] Routing pad 'D66:1' at (62230000, 124462500) with pad 'D67:1' at (100330000, 124462500) using coordinate system rotated by 0 degree(s)
13:31:25: [INFO] Adding track segment (B.Cu): [(62230000, 124462500), (100330000, 124462500)]
13:31:25: [INFO] Could not add track segment due to detected collision
13:31:25: [INFO] Routing pad 'D67:1' at (100330000, 124462500) with pad 'D68:1' at (157480000, 124462500) using coordinate system rotated by 0 degree(s)
13:31:25: [INFO] Adding track segment (B.Cu): [(100330000, 124462500), (157480000, 124462500)]
13:31:25: [INFO] Could not add track segment due to detected collision
13:31:25: [INFO] Routing pad 'D68:1' at (157480000, 124462500) with pad 'D69:1' at (195580000, 124462500) using coordinate system rotated by 0 degree(s)
13:31:25: [INFO] Adding track segment (B.Cu): [(157480000, 124462500), (195580000, 124462500)]
13:31:25: [INFO] Could not add track segment due to detected collision
13:31:25: [INFO] Routing pad 'D69:1' at (195580000, 124462500) with pad 'D70:1' at (233680000, 124462500) using coordinate system rotated by 0 degree(s)
13:31:25: [INFO] Adding track segment (B.Cu): [(195580000, 124462500), (233680000, 124462500)]
13:31:25: [INFO] Could not add track segment due to detected collision
13:31:25: [INFO] Routing pad 'D70:1' at (233680000, 124462500) with pad 'D71:1' at (271780000, 124462500) using coordinate system rotated by 0 degree(s)
13:31:25: [INFO] Adding track segment (B.Cu): [(233680000, 124462500), (271780000, 124462500)]
13:31:25: [INFO] Could not add track segment due to detected collision
13:31:25: [INFO] Routing pad 'D71:1' at (271780000, 124462500) with pad 'D72:1' at (309880000, 124462500) using coordinate system rotated by 0 degree(s)
13:31:25: [INFO] Adding track segment (B.Cu): [(271780000, 124462500), (309880000, 124462500)]
13:31:25: [INFO] Could not add track segment due to detected collision
13:31:25: [INFO] Routing pad 'D72:1' at (309880000, 124462500) with pad 'D73:1' at (347980000, 124462500) using coordinate system rotated by 0 degree(s)
13:31:25: [INFO] Adding track segment (B.Cu): [(309880000, 124462500), (347980000, 124462500)]
13:31:25: [INFO] Could not add track segment due to detected collision
13:31:25: [INFO] Routing pad 'D73:1' at (347980000, 124462500) with pad 'D74:1' at (378936250, 124462500) using coordinate system rotated by 0 degree(s)
13:31:25: [INFO] Adding track segment (B.Cu): [(347980000, 124462500), (378936250, 124462500)]
13:31:25: [INFO] Routing pad 'D74:1' at (378936250, 124462500) with pad 'D75:1' at (409892500, 124462500) using coordinate system rotated by 0 degree(s)
13:31:25: [INFO] Adding track segment (B.Cu): [(378936250, 124462500), (409892500, 124462500)]
13:31:25: [INFO] Routing ROW10 pads
13:31:25: [INFO] Routing pad 'D95:1' at (52705000, 162562500) with pad 'D96:1' at (81280000, 162562500) using coordinate system rotated by 0 degree(s)
13:31:25: [INFO] Adding track segment (B.Cu): [(52705000, 162562500), (81280000, 162562500)]
13:31:25: [INFO] Could not add track segment due to detected collision
13:31:25: [INFO] Routing pad 'D96:1' at (81280000, 162562500) with pad 'D97:1' at (126523750, 162562500) using coordinate system rotated by 0 degree(s)
13:31:25: [INFO] Adding track segment (B.Cu): [(81280000, 162562500), (126523750, 162562500)]
13:31:25: [INFO] Could not add track segment due to detected collision
13:31:25: [INFO] Routing pad 'D97:1' at (126523750, 162562500) with pad 'D98:1' at (174148750, 162562500) using coordinate system rotated by 0 degree(s)
13:31:25: [INFO] Adding track segment (B.Cu): [(126523750, 162562500), (174148750, 162562500)]
13:31:25: [INFO] Could not add track segment due to detected collision
13:31:25: [INFO] Routing pad 'D98:1' at (174148750, 162562500) with pad 'D99:1' at (245586250, 162562500) using coordinate system rotated by 0 degree(s)
13:31:25: [INFO] Adding track segment (B.Cu): [(174148750, 162562500), (245586250, 162562500)]
13:31:25: [INFO] Routing pad 'D99:1' at (245586250, 162562500) with pad 'D100:1' at (317023750, 162562500) using coordinate system rotated by 0 degree(s)
13:31:25: [INFO] Adding track segment (B.Cu): [(245586250, 162562500), (317023750, 162562500)]
13:31:25: [INFO] Routing pad 'D100:1' at (317023750, 162562500) with pad 'D101:1' at (352742500, 162562500) using coordinate system rotated by 0 degree(s)
13:31:25: [INFO] Adding track segment (B.Cu): [(317023750, 162562500), (352742500, 162562500)]
13:31:25: [INFO] Could not add track segment due to detected collision
13:31:25: [INFO] Routing pad 'D101:1' at (352742500, 162562500) with pad 'D102:1' at (390842500, 162562500) using coordinate system rotated by 0 degree(s)
13:31:25: [INFO] Adding track segment (B.Cu): [(352742500, 162562500), (390842500, 162562500)]
13:31:25: [INFO] Could not add track segment due to detected collision
13:31:25: [INFO] Routing ROW12 pads
13:31:25: [INFO] Routing pad 'D110:1' at (433705000, 53025000) with pad 'D109:1' at (433705000, 72075000) using coordinate system rotated by 0 degree(s)
13:31:25: [INFO] Adding track segment (B.Cu): [(433705000, 53025000), (433705000, 72075000)]
13:31:25: [INFO] Could not add track segment due to detected collision
13:31:25: [INFO] Routing COL1 pads
13:31:25: [INFO] Routing pad 'SW2:1' at (72390000, 54610000) with pad 'SW20:1' at (72390000, 78422500) using coordinate system rotated by 0 degree(s)
13:31:25: [INFO] Adding track segment (F.Cu): [(72390000, 54610000), (72390000, 78422500)]
13:31:25: [INFO] Routing pad 'SW20:1' at (72390000, 78422500) with pad 'SW40:1' at (72390000, 97472500) using coordinate system rotated by 0 degree(s)
13:31:25: [INFO] Adding track segment (F.Cu): [(72390000, 78422500), (72390000, 97472500)]
13:31:25: [INFO] Routing pad 'SW40:1' at (72390000, 97472500) with pad 'SW59:1' at (72390000, 116522500) using coordinate system rotated by 0 degree(s)
13:31:25: [INFO] Adding track segment (F.Cu): [(72390000, 97472500), (72390000, 116522500)]
13:31:25: [INFO] Routing pad 'SW59:1' at (72390000, 116522500) with pad 'SW77:1' at (72390000, 135572500) using coordinate system rotated by 0 degree(s)
13:31:25: [INFO] Adding track segment (F.Cu): [(72390000, 116522500), (72390000, 135572500)]
13:31:25: [INFO] Routing pad 'SW77:1' at (72390000, 135572500) with pad 'SW96:1' at (72390000, 154622500) using coordinate system rotated by 0 degree(s)
13:31:25: [INFO] Adding track segment (F.Cu): [(72390000, 135572500), (72390000, 154622500)]
13:31:25: [INFO] Could not add track segment due to detected collision
13:31:25: [INFO] Routing pad 'SW96:1' at (72390000, 154622500) with pad 'SW104:1' at (81915000, 154622500) using coordinate system rotated by 0 degree(s)
13:31:25: [INFO] Adding track segment (F.Cu): [(72390000, 154622500), (81915000, 154622500)]
13:31:25: [INFO] Routing pad 'SW2:1' at (72390000, 54610000) with pad 'SW11:1' at (91440000, 54610000) using coordinate system rotated by 0 degree(s)
13:31:25: [INFO] Adding track segment (F.Cu): [(72390000, 54610000), (91440000, 54610000)]
13:31:25: [INFO] Routing pad 'SW20:1' at (72390000, 78422500) with pad 'SW30:1' at (91440000, 78422500) using coordinate system rotated by 0 degree(s)
13:31:25: [INFO] Adding track segment (F.Cu): [(72390000, 78422500), (91440000, 78422500)]
13:31:25: [INFO] Routing pad 'SW40:1' at (72390000, 97472500) with pad 'SW50a:1' at (91440000, 97472500) using coordinate system rotated by 0 degree(s)
13:31:25: [INFO] Adding track segment (F.Cu): [(72390000, 97472500), (91440000, 97472500)]
13:31:25: [INFO] Could not add track segment due to detected collision
13:31:25: [INFO] Routing pad 'SW50a:1' at (91440000, 97472500) with pad 'SW50:1' at (91440000, 106997500) using coordinate system rotated by 0 degree(s)
13:31:25: [INFO] Adding track segment (F.Cu): [(91440000, 97472500), (91440000, 106997500)]
13:31:25: [INFO] Routing pad 'SW50:1' at (91440000, 106997500) with pad 'SW67:1' at (91440000, 116522500) using coordinate system rotated by 0 degree(s)
13:31:25: [INFO] Adding track segment (F.Cu): [(91440000, 106997500), (91440000, 116522500)]
13:31:25: [INFO] Routing pad 'SW86:1' at (91440000, 145097500) with pad 'SW86a:1' at (91440000, 135572500) using coordinate system rotated by 0 degree(s)
13:31:25: [INFO] Adding track segment (F.Cu): [(91440000, 145097500), (91440000, 135572500)]
13:31:25: [INFO] Routing pad 'SW104a:1' at (91440000, 154622500) with pad 'SW86:1' at (91440000, 145097500) using coordinate system rotated by 0 degree(s)
13:31:25: [INFO] Adding track segment (F.Cu): [(91440000, 154622500), (91440000, 145097500)]
13:31:25: [INFO] Routing pad 'SW104:1' at (81915000, 154622500) with pad 'SW104a:1' at (91440000, 154622500) using coordinate system rotated by 0 degree(s)
13:31:25: [INFO] Adding track segment (F.Cu): [(81915000, 154622500), (91440000, 154622500)]
13:31:25: [INFO] Routing pad 'SW11:1' at (91440000, 54610000) with pad 'SW110:1' at (424815000, 45085000) using coordinate system rotated by 0 degree(s)
13:31:25: [INFO] Adding track segment (F.Cu): [(91440000, 54610000), (100965000, 45085000)]
13:31:25: [INFO] Adding track segment (F.Cu): [(100965000, 45085000), (424815000, 45085000)]
13:31:25: [INFO] Routing COL4 pads
13:31:25: [INFO] Routing pad 'SW62:1' at (205740000, 116522500) with pad 'SW80:1' at (196215000, 135572500) using coordinate system rotated by 0 degree(s)
13:31:25: [INFO] Adding track segment (F.Cu): [(205740000, 116522500), (205740000, 126047500)]
13:31:25: [INFO] Adding track segment (F.Cu): [(205740000, 126047500), (196215000, 135572500)]
13:31:25: [INFO] Routing pad 'SW23:1' at (191452500, 78422500) with pad 'SW5:1' at (200977500, 54610000) using coordinate system rotated by 0 degree(s)
13:31:25: [INFO] Adding track segment (F.Cu): [(191452500, 78422500), (200977500, 68897500)]
13:31:25: [INFO] Adding track segment (F.Cu): [(200977500, 68897500), (200977500, 54610000)]
13:31:25: [INFO] Routing pad 'SW23:1' at (191452500, 78422500) with pad 'SW43:1' at (200977500, 97472500) using coordinate system rotated by 0 degree(s)
13:31:25: [INFO] Adding track segment (F.Cu): [(191452500, 78422500), (191452500, 87947500)]
13:31:25: [INFO] Adding track segment (F.Cu): [(191452500, 87947500), (200977500, 97472500)]
13:31:25: [INFO] Routing pad 'SW43:1' at (200977500, 97472500) with pad 'SW62:1' at (205740000, 116522500) using coordinate system rotated by 0 degree(s)
13:31:25: [INFO] Adding track segment (F.Cu): [(200977500, 97472500), (200977500, 111760000)]
13:31:25: [INFO] Adding track segment (F.Cu): [(200977500, 111760000), (205740000, 116522500)]
13:31:25: [INFO] Routing pad 'SW23:1' at (191452500, 78422500) with pad 'SW33:1' at (210502500, 78422500) using coordinate system rotated by 0 degree(s)
13:31:25: [INFO] Adding track segment (F.Cu): [(191452500, 78422500), (210502500, 78422500)]
13:31:25: [INFO] Routing pad 'SW80:1' at (196215000, 135572500) with pad 'SW89:1' at (215265000, 135572500) using coordinate system rotated by 0 degree(s)
13:31:25: [INFO] Adding track segment (F.Cu): [(196215000, 135572500), (215265000, 135572500)]
13:31:25: [INFO] Routing pad 'SW43:1' at (200977500, 97472500) with pad 'SW53:1' at (220027500, 97472500) using coordinate system rotated by 0 degree(s)
13:31:25: [INFO] Adding track segment (F.Cu): [(200977500, 97472500), (220027500, 97472500)]
13:31:25: [INFO] Routing pad 'SW62:1' at (205740000, 116522500) with pad 'SW70:1' at (224790000, 116522500) using coordinate system rotated by 0 degree(s)
13:31:25: [INFO] Adding track segment (F.Cu): [(205740000, 116522500), (224790000, 116522500)]
13:31:25: [INFO] Routing COL7 pads
13:31:25: [INFO] Routing pad 'SW100:1' at (308133750, 154622500) with pad 'SW100a:1' at (305752500, 154622500) using coordinate system rotated by 0 degree(s)
13:31:25: [INFO] Adding track segment (F.Cu): [(308133750, 154622500), (305752500, 154622500)]
13:31:25: [INFO] Routing pad 'SW100b:1' at (310515000, 154622500) with pad 'SW100:1' at (308133750, 154622500) using coordinate system rotated by 0 degree(s)
13:31:25: [INFO] Adding track segment (F.Cu): [(310515000, 154622500), (308133750, 154622500)]
13:31:25: [INFO] Routing pad 'SW65:1' at (320040000, 116522500) with pad 'SW83:1' at (310515000, 135572500) using coordinate system rotated by 0 degree(s)
13:31:25: [INFO] Adding track segment (F.Cu): [(320040000, 116522500), (320040000, 126047500)]
13:31:26: [INFO] Adding track segment (F.Cu): [(320040000, 126047500), (310515000, 135572500)]
13:31:26: [INFO] Routing pad 'SW83:1' at (310515000, 135572500) with pad 'SW100b:1' at (310515000, 154622500) using coordinate system rotated by 0 degree(s)
13:31:26: [INFO] Adding track segment (F.Cu): [(310515000, 135572500), (310515000, 154622500)]
13:31:26: [INFO] Could not add track segment due to detected collision
13:31:26: [INFO] Routing pad 'SW26:1' at (305752500, 78422500) with pad 'SW16:1' at (315277500, 54610000) using coordinate system rotated by 0 degree(s)
13:31:26: [INFO] Adding track segment (F.Cu): [(305752500, 78422500), (315277500, 68897500)]
13:31:26: [INFO] Adding track segment (F.Cu): [(315277500, 68897500), (315277500, 54610000)]
13:31:26: [INFO] Routing pad 'SW26:1' at (305752500, 78422500) with pad 'SW46:1' at (315277500, 97472500) using coordinate system rotated by 0 degree(s)
13:31:26: [INFO] Adding track segment (F.Cu): [(305752500, 78422500), (305752500, 87947500)]
13:31:26: [INFO] Adding track segment (F.Cu): [(305752500, 87947500), (315277500, 97472500)]
13:31:26: [INFO] Routing pad 'SW46:1' at (315277500, 97472500) with pad 'SW65:1' at (320040000, 116522500) using coordinate system rotated by 0 degree(s)
13:31:26: [INFO] Adding track segment (F.Cu): [(315277500, 97472500), (315277500, 111760000)]
13:31:26: [INFO] Adding track segment (F.Cu): [(315277500, 111760000), (320040000, 116522500)]
13:31:26: [INFO] Routing pad 'SW26:1' at (305752500, 78422500) with pad 'SW36:1' at (324802500, 78422500) using coordinate system rotated by 0 degree(s)
13:31:26: [INFO] Adding track segment (F.Cu): [(305752500, 78422500), (324802500, 78422500)]
13:31:26: [INFO] Routing pad 'SW100b:1' at (310515000, 154622500) with pad 'SW106a:1' at (324802500, 154622500) using coordinate system rotated by 0 degree(s)
13:31:26: [INFO] Adding track segment (F.Cu): [(310515000, 154622500), (324802500, 154622500)]
13:31:26: [INFO] Routing pad 'SW83:1' at (310515000, 135572500) with pad 'SW92:1' at (329565000, 135572500) using coordinate system rotated by 0 degree(s)
13:31:26: [INFO] Adding track segment (F.Cu): [(310515000, 135572500), (329565000, 135572500)]
13:31:26: [INFO] Routing pad 'SW106a:1' at (324802500, 154622500) with pad 'SW106b:1' at (329565000, 154622500) using coordinate system rotated by 0 degree(s)
13:31:26: [INFO] Adding track segment (F.Cu): [(324802500, 154622500), (329565000, 154622500)]
13:31:26: [INFO] Routing pad 'SW106b:1' at (329565000, 154622500) with pad 'SW106:1' at (331946250, 154622500) using coordinate system rotated by 0 degree(s)
13:31:26: [INFO] Adding track segment (F.Cu): [(329565000, 154622500), (331946250, 154622500)]
13:31:26: [INFO] Routing pad 'SW46:1' at (315277500, 97472500) with pad 'SW56:1' at (334327500, 97472500) using coordinate system rotated by 0 degree(s)
13:31:26: [INFO] Adding track segment (F.Cu): [(315277500, 97472500), (334327500, 97472500)]
13:31:26: [INFO] Routing pad 'SW65:1' at (320040000, 116522500) with pad 'SW73:1' at (339090000, 116522500) using coordinate system rotated by 0 degree(s)
13:31:26: [INFO] Adding track segment (F.Cu): [(320040000, 116522500), (339090000, 116522500)]
13:31:26: [INFO] Removing dangling tracks
