=== kbplacer.kle_serial ===
=== layout2image.py ===
=== kbplacer ===
13:36:19: [INFO] User layout: https://editor.keyboard-tools.xyz/#share=NrDeCIA9wLgAgEwDoCsAaO4DGtMGIB2I48AXw3AAY1KAdAOwYeoXAwgHddLUKATXABcATgFcApuUxNG9FmzgQc8cHizqNZCtQCMM5mlbbD+uYYVU0AZlPzjAFlvn22XKuIkKXeD3SYB8CISUuBORoquKngAhrFxWpjUAGxhFtQEqcYAHJmJaACcuUpuhB4EFt5wvvxCYpIURZH4GpohunSyBuGWOnqdZt26CLk9Nv12Ecr4ZeVe3Lz+tcEN4+YAumgAUGBQuMgobTROOgrFUS3qCT3HaSarJ8ZjMrq3jvenTapx8YcoN8Ypd7GDJAvI5UFnZoXK7UQqgnodZ5oB55Xr-VHDCGfGLfaIVPaHHRPWQvYw6N4yJLI246P79KkozgEsmAynUjbbCDQeD7CgAT3mCD82JmMKOq0oHymqguOEJTklxkxSMVeWJBlVlgpJJoUpKuLxvwVt1ZOs16WN2UtkxKsrFcJVNMRZppfUdZOVLpc0px3zFROt4HQpo1NO1DCp5uRdLZUZ0IfokZpINj4A5O25iFQIR0uu9tuhOepFFz3VzVgsufslbQKBrSRrs0wuayNfyNZ0mtzvQ74UhX1xV276vouc16AdsjHHerJejHYbc50KdkBDzEUzPCFcx5RYD-W7H0zViQ1EwAAtmc3kSuGGvGbsfEghXvb-Q133H1Vnwcl2+1xWLibj+r6mGus4boKwqXruf5gbWR5QRQMGIKB-RroukFPi+cHoWg5TplyewLOAlQ6NmFAIOu-ZqIWlHFpgVHdFRgGMWgEHgFRdb0ZhnH4RYVGtvR7b0Z2AnIiifE6J+PoGvi8Dkb+bH7jIVGqjRdohFR5LibSumYTRclaTe8HqV+5HbpgPqijucAWdBexeKwCkkeezl2RQkDuQAtFuSngFYyIjtpiEuWe2JybZinGSpshMaFdmuVeUn-s4WHfjhympaxRHYf52mpRBuVZgQDmwVl8EEVsGbEcKZFIKVISBWZPqaRQgWSYF3SBaxAXsRYgXcZggW8YFTZ9UJw0FANyKah1D7WWU8lZplfWxQwal6ucdFTTp7Xzvt8ZbfgRmHalZnAZZ2JtbtnobQxxXRYdd30PF+ZRJFmD1atHXBWlxV+U1Jl4Q+maKchyUddlCWA2d8FFV+fkQ+Va2pUNAMgXDeENoRpG4PZIT2OKMgdcdMo7eARNurIpNAUhVn6oOtnIKtRPOgwzVk7RLRXET3RE71RMcUTQ2U2gvFE+NROTWLImYFTmpU9TDBs1zn14y5jUUFTL2q+90xLYTQWmHrNrbTzRvkqYWTrmLtLW7bVMGRFg6W+dMM-hQrXQszlvhvQNug7gJ7hbJrva8DMj3h7rOR6u-3mSRi0eBYKEIG78MJeDF7JVTqXO5dZWoRHy6VWm1XFbyDMfUzX345jmDoOz9BNx833+egyst9RGuJat6Ava3+vkzztlJA3Qa1qYQ9mydte909jezdPPf1R3aDgjIM80aKISd4PtudyOM+T1b-T5D33sWxQncxrIF-jsizth36e9x3ePeF17Baj3XKOd-7C+Qd4Ah2-jXV+N937vgeojCendUqfkLm-UueEcqJ3XigqOCFcaZiruAAUeUopwOJrITubd6792RCvB87c34HwWj-TQY9iF3wYGQ4evp4hEMoZ2ah5CXKUM3qQmBtDIHST4S4URS91rdxODg2qRD17NwHhYTuK9Pxrzoeormdox5v1Yd3GSjM-SKOQcohOmjIFCLYQnZOJBkEH26EfbR8ieRJ2MVwv+iUlErzQZY6RvidE+y8QQfRgSOHq38afcxfj67r2sd3NBdiiBXH3uE6Rx9rDl05F+PBV8mFeOzuAAIcAgj1GkP0dACMX4-DESvBGUSB71KCb-XuoTIEGKqfw7xb8EldIieHaRB9qmMMuIomogQ6ghGaa4uyJ5Sr8igpbLuVM1bz0qMgLW8tjb9FWbMokDU6oUP8krE2FjjmW11ucgRJydkyD5mmNYQA
13:36:19: [INFO] Labels prefixes: for rows: 'ROW', for columns: 'COL'
13:36:19: [INFO] Matrix size: 5x17
13:36:20: [WARNING] No stabilizer footprint for width 2.25u, using 2u as fallback
13:36:20: [WARNING] No stabilizer footprint for width 2.25u, using 2u as fallback
13:36:20: [WARNING] No stabilizer footprint for width 2.75u, using 2u as fallback
13:36:21: [INFO] Add COL0 net
13:36:21: [INFO] Add COL1 net
13:36:21: [INFO] Add COL10 net
13:36:21: [INFO] Add COL11 net
13:36:21: [INFO] Add COL12 net
13:36:21: [INFO] Add COL13 net
13:36:21: [INFO] Add COL14 net
13:36:21: [INFO] Add COL15 net
13:36:21: [INFO] Add COL16 net
13:36:21: [INFO] Add COL17 net
13:36:21: [INFO] Add COL2 net
13:36:21: [INFO] Add COL3 net
13:36:21: [INFO] Add COL4 net
13:36:21: [INFO] Add COL5 net
13:36:21: [INFO] Add COL6 net
13:36:21: [INFO] Add COL7 net
13:36:21: [INFO] Add COL8 net
13:36:21: [INFO] Add COL9 net
13:36:21: [INFO] Add Net-(D1-A) net
13:36:21: [INFO] Add Net-(D10-A) net
13:36:21: [INFO] Add Net-(D100-A) net
13:36:21: [INFO] Add Net-(D101-A) net
13:36:21: [INFO] Add Net-(D102-A) net
13:36:21: [INFO] Add Net-(D103-A) net
13:36:21: [INFO] Add Net-(D104-A) net
13:36:21: [INFO] Add Net-(D11-A) net
13:36:21: [INFO] Add Net-(D12-A) net
13:36:21: [INFO] Add Net-(D13-A) net
13:36:21: [INFO] Add Net-(D14-A) net
13:36:21: [INFO] Add Net-(D15-A) net
13:36:21: [INFO] Add Net-(D16-A) net
13:36:21: [INFO] Add Net-(D17-A) net
13:36:21: [INFO] Add Net-(D18-A) net
13:36:21: [INFO] Add Net-(D19-A) net
13:36:21: [INFO] Add Net-(D2-A) net
13:36:21: [INFO] Add Net-(D20-A) net
13:36:21: [INFO] Add Net-(D21-A) net
13:36:21: [INFO] Add Net-(D22-A) net
13:36:21: [INFO] Add Net-(D23-A) net
13:36:21: [INFO] Add Net-(D24-A) net
13:36:21: [INFO] Add Net-(D25-A) net
13:36:21: [INFO] Add Net-(D26-A) net
13:36:21: [INFO] Add Net-(D27-A) net
13:36:21: [INFO] Add Net-(D28-A) net
13:36:21: [INFO] Add Net-(D29-A) net
13:36:21: [INFO] Add Net-(D3-A) net
13:36:21: [INFO] Add Net-(D30-A) net
13:36:21: [INFO] Add Net-(D31-A) net
13:36:21: [INFO] Add Net-(D32-A) net
13:36:21: [INFO] Add Net-(D33-A) net
13:36:21: [INFO] Add Net-(D34-A) net
13:36:21: [INFO] Add Net-(D35-A) net
13:36:21: [INFO] Add Net-(D36-A) net
13:36:21: [INFO] Add Net-(D37-A) net
13:36:21: [INFO] Add Net-(D38-A) net
13:36:21: [INFO] Add Net-(D39-A) net
13:36:21: [INFO] Add Net-(D4-A) net
13:36:21: [INFO] Add Net-(D40-A) net
13:36:21: [INFO] Add Net-(D41-A) net
13:36:21: [INFO] Add Net-(D42-A) net
13:36:21: [INFO] Add Net-(D43-A) net
13:36:21: [INFO] Add Net-(D44-A) net
13:36:21: [INFO] Add Net-(D45-A) net
13:36:21: [INFO] Add Net-(D46-A) net
13:36:21: [INFO] Add Net-(D47-A) net
13:36:21: [INFO] Add Net-(D48-A) net
13:36:21: [INFO] Add Net-(D49-A) net
13:36:21: [INFO] Add Net-(D5-A) net
13:36:21: [INFO] Add Net-(D50-A) net
13:36:21: [INFO] Add Net-(D51-A) net
13:36:21: [INFO] Add Net-(D52-A) net
13:36:21: [INFO] Add Net-(D53-A) net
13:36:21: [INFO] Add Net-(D54-A) net
13:36:21: [INFO] Add Net-(D55-A) net
13:36:21: [INFO] Add Net-(D56-A) net
13:36:21: [INFO] Add Net-(D57-A) net
13:36:21: [INFO] Add Net-(D58-A) net
13:36:21: [INFO] Add Net-(D59-A) net
13:36:21: [INFO] Add Net-(D6-A) net
13:36:21: [INFO] Add Net-(D60-A) net
13:36:21: [INFO] Add Net-(D61-A) net
13:36:21: [INFO] Add Net-(D62-A) net
13:36:21: [INFO] Add Net-(D63-A) net
13:36:21: [INFO] Add Net-(D64-A) net
13:36:21: [INFO] Add Net-(D65-A) net
13:36:21: [INFO] Add Net-(D66-A) net
13:36:21: [INFO] Add Net-(D67-A) net
13:36:21: [INFO] Add Net-(D68-A) net
13:36:21: [INFO] Add Net-(D69-A) net
13:36:21: [INFO] Add Net-(D7-A) net
13:36:21: [INFO] Add Net-(D70-A) net
13:36:21: [INFO] Add Net-(D71-A) net
13:36:21: [INFO] Add Net-(D72-A) net
13:36:21: [INFO] Add Net-(D73-A) net
13:36:21: [INFO] Add Net-(D74-A) net
13:36:21: [INFO] Add Net-(D75-A) net
13:36:21: [INFO] Add Net-(D76-A) net
13:36:21: [INFO] Add Net-(D77-A) net
13:36:21: [INFO] Add Net-(D78-A) net
13:36:21: [INFO] Add Net-(D79-A) net
13:36:21: [INFO] Add Net-(D8-A) net
13:36:21: [INFO] Add Net-(D80-A) net
13:36:21: [INFO] Add Net-(D81-A) net
13:36:21: [INFO] Add Net-(D82-A) net
13:36:21: [INFO] Add Net-(D83-A) net
13:36:21: [INFO] Add Net-(D84-A) net
13:36:21: [INFO] Add Net-(D85-A) net
13:36:21: [INFO] Add Net-(D86-A) net
13:36:21: [INFO] Add Net-(D87-A) net
13:36:21: [INFO] Add Net-(D88-A) net
13:36:21: [INFO] Add Net-(D89-A) net
13:36:21: [INFO] Add Net-(D9-A) net
13:36:21: [INFO] Add Net-(D90-A) net
13:36:21: [INFO] Add Net-(D91-A) net
13:36:21: [INFO] Add Net-(D92-A) net
13:36:21: [INFO] Add Net-(D93-A) net
13:36:21: [INFO] Add Net-(D94-A) net
13:36:21: [INFO] Add Net-(D95-A) net
13:36:21: [INFO] Add Net-(D96-A) net
13:36:21: [INFO] Add Net-(D97-A) net
13:36:21: [INFO] Add Net-(D98-A) net
13:36:21: [INFO] Add Net-(D99-A) net
13:36:21: [INFO] Add ROW0 net
13:36:21: [INFO] Add ROW1 net
13:36:21: [INFO] Add ROW2 net
13:36:21: [INFO] Add ROW3 net
13:36:21: [INFO] Add ROW4 net
13:36:21: [INFO] Add ROW5 net
13:36:21: [INFO] Add SW1 footprint
13:36:21: [INFO] Add D1 footprint
13:36:21: [INFO] Add SW2 footprint
13:36:21: [INFO] Add D2 footprint
13:36:21: [INFO] Add SW2a footprint
13:36:21: [INFO] Add SW3 footprint
13:36:21: [INFO] Add D3 footprint
13:36:21: [INFO] Add SW3a footprint
13:36:21: [INFO] Add SW4 footprint
13:36:21: [INFO] Add D4 footprint
13:36:21: [INFO] Add SW4a footprint
13:36:21: [INFO] Add SW5 footprint
13:36:21: [INFO] Add D5 footprint
13:36:21: [INFO] Add SW5a footprint
13:36:21: [INFO] Add SW6 footprint
13:36:21: [INFO] Add D6 footprint
13:36:21: [INFO] Add SW7 footprint
13:36:21: [INFO] Add D7 footprint
13:36:21: [INFO] Add SW8 footprint
13:36:21: [INFO] Add D8 footprint
13:36:21: [INFO] Add SW9 footprint
13:36:22: [INFO] Add D9 footprint
13:36:22: [INFO] Add SW10 footprint
13:36:22: [INFO] Add D10 footprint
13:36:22: [INFO] Add SW11 footprint
13:36:22: [INFO] Add D11 footprint
13:36:22: [INFO] Add SW11a footprint
13:36:22: [INFO] Add SW12 footprint
13:36:22: [INFO] Add D12 footprint
13:36:22: [INFO] Add SW12a footprint
13:36:22: [INFO] Add SW13 footprint
13:36:22: [INFO] Add D13 footprint
13:36:22: [INFO] Add SW13a footprint
13:36:22: [INFO] Add SW14 footprint
13:36:22: [INFO] Add D14 footprint
13:36:22: [INFO] Add SW14a footprint
13:36:22: [INFO] Add SW15 footprint
13:36:22: [INFO] Add D15 footprint
13:36:22: [INFO] Add SW16 footprint
13:36:22: [INFO] Add D16 footprint
13:36:22: [INFO] Add SW17 footprint
13:36:22: [INFO] Add D17 footprint
13:36:22: [INFO] Add SW17a footprint
13:36:22: [INFO] Add ST17a footprint
13:36:22: [INFO] Add SW18 footprint
13:36:22: [INFO] Add D18 footprint
13:36:22: [INFO] Add SW19 footprint
13:36:22: [INFO] Add D19 footprint
13:36:22: [INFO] Add SW20 footprint
13:36:22: [INFO] Add D20 footprint
13:36:22: [INFO] Add SW21 footprint
13:36:22: [INFO] Add D21 footprint
13:36:22: [INFO] Add SW22 footprint
13:36:22: [INFO] Add D22 footprint
13:36:22: [INFO] Add SW23 footprint
13:36:23: [INFO] Add D23 footprint
13:36:23: [INFO] Add SW24 footprint
13:36:23: [INFO] Add D24 footprint
13:36:23: [INFO] Add SW25 footprint
13:36:23: [INFO] Add D25 footprint
13:36:23: [INFO] Add SW26 footprint
13:36:23: [INFO] Add D26 footprint
13:36:23: [INFO] Add SW27 footprint
13:36:23: [INFO] Add D27 footprint
13:36:23: [INFO] Add SW28 footprint
13:36:23: [INFO] Add D28 footprint
13:36:23: [INFO] Add SW29 footprint
13:36:23: [INFO] Add D29 footprint
13:36:23: [INFO] Add SW30 footprint
13:36:23: [INFO] Add D30 footprint
13:36:23: [INFO] Add SW31 footprint
13:36:23: [INFO] Add D31 footprint
13:36:23: [INFO] Add SW32 footprint
13:36:23: [INFO] Add D32 footprint
13:36:23: [INFO] Add SW32a footprint
13:36:23: [INFO] Add ST32a footprint
13:36:23: [INFO] Add SW33 footprint
13:36:23: [INFO] Add D33 footprint
13:36:23: [INFO] Add SW34 footprint
13:36:23: [INFO] Add D34 footprint
13:36:23: [INFO] Add SW35 footprint
13:36:23: [INFO] Add D35 footprint
13:36:23: [INFO] Add SW36 footprint
13:36:23: [INFO] Add D36 footprint
13:36:23: [INFO] Add SW36a footprint
13:36:23: [INFO] Add ST36a footprint
13:36:23: [INFO] Add SW37 footprint
13:36:23: [INFO] Add D37 footprint
13:36:23: [INFO] Add SW38 footprint
13:36:23: [INFO] Add D38 footprint
13:36:23: [INFO] Add SW39 footprint
13:36:24: [INFO] Add D39 footprint
13:36:24: [INFO] Add SW40 footprint
13:36:24: [INFO] Add D40 footprint
13:36:24: [INFO] Add SW41 footprint
13:36:24: [INFO] Add D41 footprint
13:36:24: [INFO] Add SW42 footprint
13:36:24: [INFO] Add D42 footprint
13:36:24: [INFO] Add SW43 footprint
13:36:24: [INFO] Add D43 footprint
13:36:24: [INFO] Add SW44 footprint
13:36:24: [INFO] Add D44 footprint
13:36:24: [INFO] Add SW45 footprint
13:36:24: [INFO] Add D45 footprint
13:36:24: [INFO] Add SW46 footprint
13:36:24: [INFO] Add D46 footprint
13:36:24: [INFO] Add SW47 footprint
13:36:24: [INFO] Add D47 footprint
13:36:24: [INFO] Add SW48 footprint
13:36:24: [INFO] Add D48 footprint
13:36:24: [INFO] Add SW49 footprint
13:36:24: [INFO] Add D49 footprint
13:36:24: [INFO] Add SW50 footprint
13:36:24: [INFO] Add D50 footprint
13:36:24: [INFO] Add SW51 footprint
13:36:24: [INFO] Add D51 footprint
13:36:24: [INFO] Add SW52 footprint
13:36:24: [INFO] Add D52 footprint
13:36:24: [INFO] Add SW53 footprint
13:36:24: [INFO] Add D53 footprint
13:36:24: [INFO] Add SW54 footprint
13:36:24: [INFO] Add D54 footprint
13:36:24: [INFO] Add SW54a footprint
13:36:24: [INFO] Add ST54a footprint
13:36:24: [INFO] Add SW55 footprint
13:36:24: [INFO] Add D55 footprint
13:36:25: [INFO] Add SW56 footprint
13:36:25: [INFO] Add D56 footprint
13:36:25: [INFO] Add SW57 footprint
13:36:25: [INFO] Add D57 footprint
13:36:25: [INFO] Add SW58 footprint
13:36:25: [INFO] Add D58 footprint
13:36:25: [INFO] Add SW59 footprint
13:36:25: [INFO] Add D59 footprint
13:36:25: [INFO] Add SW60 footprint
13:36:25: [INFO] Add D60 footprint
13:36:25: [INFO] Add SW61 footprint
13:36:25: [INFO] Add D61 footprint
13:36:25: [INFO] Add SW62 footprint
13:36:25: [INFO] Add D62 footprint
13:36:25: [INFO] Add SW63 footprint
13:36:25: [INFO] Add D63 footprint
13:36:25: [INFO] Add SW64 footprint
13:36:25: [INFO] Add D64 footprint
13:36:25: [INFO] Add SW65 footprint
13:36:25: [INFO] Add D65 footprint
13:36:25: [INFO] Add SW66 footprint
13:36:25: [INFO] Add D66 footprint
13:36:25: [INFO] Add SW67 footprint
13:36:25: [INFO] Add D67 footprint
13:36:25: [INFO] Add SW68 footprint
13:36:25: [INFO] Add D68 footprint
13:36:25: [WARNING] No stabilizer footprint for width 2.25u, using 2u as fallback
13:36:25: [INFO] Add ST68 footprint
13:36:25: [INFO] Add SW68a footprint
13:36:25: [INFO] Add ST68a footprint
13:36:25: [INFO] Add SW68b footprint
13:36:25: [INFO] Add SW69 footprint
13:36:25: [INFO] Add D69 footprint
13:36:25: [INFO] Add SW70 footprint
13:36:25: [INFO] Add D70 footprint
13:36:25: [INFO] Add SW71 footprint
13:36:26: [INFO] Add D71 footprint
13:36:26: [INFO] Add SW72 footprint
13:36:26: [INFO] Add D72 footprint
13:36:26: [INFO] Add SW72a footprint
13:36:26: [INFO] Add ST72a footprint
13:36:26: [INFO] Add SW73 footprint
13:36:26: [INFO] Add D73 footprint
13:36:26: [WARNING] No stabilizer footprint for width 2.25u, using 2u as fallback
13:36:26: [INFO] Add ST73 footprint
13:36:26: [INFO] Add SW73a footprint
13:36:26: [INFO] Add SW74 footprint
13:36:26: [INFO] Add D74 footprint
13:36:26: [INFO] Add SW75 footprint
13:36:26: [INFO] Add D75 footprint
13:36:26: [INFO] Add SW76 footprint
13:36:26: [INFO] Add D76 footprint
13:36:26: [INFO] Add SW77 footprint
13:36:26: [INFO] Add D77 footprint
13:36:26: [INFO] Add SW78 footprint
13:36:26: [INFO] Add D78 footprint
13:36:26: [INFO] Add SW79 footprint
13:36:26: [INFO] Add D79 footprint
13:36:26: [INFO] Add SW80 footprint
13:36:26: [INFO] Add D80 footprint
13:36:26: [INFO] Add SW81 footprint
13:36:26: [INFO] Add D81 footprint
13:36:26: [INFO] Add SW82 footprint
13:36:26: [INFO] Add D82 footprint
13:36:26: [INFO] Add SW83 footprint
13:36:26: [INFO] Add D83 footprint
13:36:26: [INFO] Add SW84 footprint
13:36:26: [INFO] Add D84 footprint
13:36:26: [INFO] Add SW84a footprint
13:36:26: [INFO] Add SW85 footprint
13:36:27: [INFO] Add D85 footprint
13:36:27: [INFO] Add SW86 footprint
13:36:27: [INFO] Add D86 footprint
13:36:27: [INFO] Add SW86a footprint
13:36:27: [WARNING] No stabilizer footprint for width 2.75u, using 2u as fallback
13:36:27: [INFO] Add ST86a footprint
13:36:27: [INFO] Add SW86b footprint
13:36:27: [INFO] Add SW87 footprint
13:36:27: [INFO] Add D87 footprint
13:36:27: [INFO] Add SW87a footprint
13:36:27: [INFO] Add ST87a footprint
13:36:27: [INFO] Add SW88 footprint
13:36:27: [INFO] Add D88 footprint
13:36:27: [INFO] Add SW89 footprint
13:36:27: [INFO] Add D89 footprint
13:36:27: [INFO] Add SW90 footprint
13:36:27: [INFO] Add D90 footprint
13:36:27: [INFO] Add SW90a footprint
13:36:27: [INFO] Add ST90a footprint
13:36:27: [INFO] Add SW91 footprint
13:36:27: [INFO] Add D91 footprint
13:36:27: [INFO] Add SW91a footprint
13:36:27: [INFO] Add SW92 footprint
13:36:27: [INFO] Add D92 footprint
13:36:27: [INFO] Add SW92a footprint
13:36:27: [INFO] Add SW92b footprint
13:36:27: [INFO] Add SW93 footprint
13:36:27: [INFO] Add D93 footprint
13:36:27: [INFO] Add SW93a footprint
13:36:27: [INFO] Add SW94 footprint
13:36:27: [INFO] Add D94 footprint
13:36:27: [INFO] Add ST94 footprint
13:36:27: [INFO] Add SW94a footprint
13:36:27: [INFO] Add ST94a footprint
13:36:27: [INFO] Add SW94b footprint
13:36:27: [INFO] Add ST94b footprint
13:36:27: [INFO] Add SW94c footprint
13:36:27: [INFO] Add ST94c footprint
13:36:27: [INFO] Add SW95 footprint
13:36:27: [INFO] Add D95 footprint
13:36:28: [INFO] Add SW96 footprint
13:36:28: [INFO] Add D96 footprint
13:36:28: [INFO] Add SW96a footprint
13:36:28: [INFO] Add SW96b footprint
13:36:28: [INFO] Add SW97 footprint
13:36:28: [INFO] Add D97 footprint
13:36:28: [INFO] Add SW98 footprint
13:36:28: [INFO] Add D98 footprint
13:36:28: [INFO] Add SW98a footprint
13:36:28: [INFO] Add SW99 footprint
13:36:28: [INFO] Add D99 footprint
13:36:28: [INFO] Add SW99a footprint
13:36:28: [INFO] Add SW99b footprint
13:36:28: [INFO] Add SW100 footprint
13:36:28: [INFO] Add D100 footprint
13:36:28: [INFO] Add SW100a footprint
13:36:28: [INFO] Add SW101 footprint
13:36:28: [INFO] Add D101 footprint
13:36:28: [INFO] Add SW101a footprint
13:36:28: [INFO] Add ST101a footprint
13:36:28: [INFO] Add SW102 footprint
13:36:28: [INFO] Add D102 footprint
13:36:28: [INFO] Add SW103 footprint
13:36:28: [INFO] Add D103 footprint
13:36:28: [INFO] Add SW104 footprint
13:36:28: [INFO] Add D104 footprint
13:36:28: [INFO] Detected layout convertible to matrix annotated keyboard
13:36:29: [INFO] Using key 1U distance: (19.05, 19.05) mm
13:36:29: [INFO] Layout offset: (38100000, 23812500)
13:36:29: [INFO] Diode info: [ElementInfo(annotation_format='D{}', position_option=<PositionOption.CUSTOM: 'Custom'>, position=ElementPosition(x=5.08, y=4.0, orientation=90.0, side=<Side.BACK: 'Back'>), template_path='', start_index=-1)]
13:36:29: [INFO] Placing additional elements for SW104
13:36:29: [INFO] Placing additional elements for SW103
13:36:29: [INFO] Placing additional elements for SW102
13:36:29: [INFO] Placing additional elements for SW101a
13:36:29: [INFO] Placing additional elements for SW101
13:36:29: [INFO] Placing additional elements for SW100a
13:36:29: [INFO] Placing additional elements for SW100
13:36:29: [INFO] Placing additional elements for SW99b
13:36:29: [INFO] Placing additional elements for SW99a
13:36:29: [INFO] Placing additional elements for SW99
13:36:29: [INFO] Placing additional elements for SW98a
13:36:29: [INFO] Placing additional elements for SW98
13:36:29: [INFO] Placing additional elements for SW97
13:36:29: [INFO] Placing additional elements for SW96b
13:36:29: [INFO] Placing additional elements for SW96a
13:36:29: [INFO] Placing additional elements for SW96
13:36:29: [INFO] Placing additional elements for SW95
13:36:29: [INFO] Placing additional elements for SW94c
13:36:29: [INFO] Placing additional elements for SW94b
13:36:29: [INFO] Placing additional elements for SW94a
13:36:29: [INFO] Placing additional elements for SW94
13:36:29: [INFO] Placing additional elements for SW93a
13:36:29: [INFO] Placing additional elements for SW93
13:36:29: [INFO] Placing additional elements for SW92b
13:36:29: [INFO] Placing additional elements for SW92a
13:36:29: [INFO] Placing additional elements for SW92
13:36:29: [INFO] Placing additional elements for SW91a
13:36:29: [INFO] Placing additional elements for SW91
13:36:29: [INFO] Placing additional elements for SW90a
13:36:29: [INFO] Placing additional elements for SW90
13:36:29: [INFO] Placing additional elements for SW89
13:36:29: [INFO] Placing additional elements for SW88
13:36:29: [INFO] Placing additional elements for SW87a
13:36:29: [INFO] Placing additional elements for SW87
13:36:29: [INFO] Placing additional elements for SW86b
13:36:29: [INFO] Placing additional elements for SW86a
13:36:29: [INFO] Placing additional elements for SW86
13:36:29: [INFO] Placing additional elements for SW85
13:36:29: [INFO] Placing additional elements for SW84a
13:36:29: [INFO] Placing additional elements for SW84
13:36:29: [INFO] Placing additional elements for SW83
13:36:29: [INFO] Placing additional elements for SW82
13:36:29: [INFO] Placing additional elements for SW81
13:36:29: [INFO] Placing additional elements for SW80
13:36:29: [INFO] Placing additional elements for SW79
13:36:29: [INFO] Placing additional elements for SW78
13:36:29: [INFO] Placing additional elements for SW77
13:36:29: [INFO] Placing additional elements for SW76
13:36:29: [INFO] Placing additional elements for SW75
13:36:29: [INFO] Placing additional elements for SW74
13:36:29: [INFO] Placing additional elements for SW73a
13:36:29: [INFO] Placing additional elements for SW73
13:36:29: [INFO] Placing additional elements for SW72a
13:36:29: [INFO] Placing additional elements for SW72
13:36:29: [INFO] Placing additional elements for SW71
13:36:29: [INFO] Placing additional elements for SW70
13:36:29: [INFO] Placing additional elements for SW69
13:36:29: [INFO] Placing additional elements for SW68b
13:36:29: [INFO] Placing additional elements for SW68a
13:36:29: [INFO] Placing additional elements for SW68
13:36:29: [INFO] Placing additional elements for SW67
13:36:29: [INFO] Placing additional elements for SW66
13:36:29: [INFO] Placing additional elements for SW65
13:36:29: [INFO] Placing additional elements for SW64
13:36:29: [INFO] Placing additional elements for SW63
13:36:29: [INFO] Placing additional elements for SW62
13:36:29: [INFO] Placing additional elements for SW61
13:36:29: [INFO] Placing additional elements for SW60
13:36:29: [INFO] Placing additional elements for SW59
13:36:29: [INFO] Placing additional elements for SW58
13:36:29: [INFO] Placing additional elements for SW57
13:36:29: [INFO] Placing additional elements for SW56
13:36:29: [INFO] Placing additional elements for SW55
13:36:29: [INFO] Placing additional elements for SW54a
13:36:29: [INFO] Placing additional elements for SW54
13:36:29: [INFO] Placing additional elements for SW53
13:36:29: [INFO] Placing additional elements for SW52
13:36:29: [INFO] Placing additional elements for SW51
13:36:29: [INFO] Placing additional elements for SW50
13:36:29: [INFO] Placing additional elements for SW49
13:36:29: [INFO] Placing additional elements for SW48
13:36:29: [INFO] Placing additional elements for SW47
13:36:29: [INFO] Placing additional elements for SW46
13:36:29: [INFO] Placing additional elements for SW45
13:36:29: [INFO] Placing additional elements for SW44
13:36:29: [INFO] Placing additional elements for SW43
13:36:29: [INFO] Placing additional elements for SW42
13:36:29: [INFO] Placing additional elements for SW41
13:36:29: [INFO] Placing additional elements for SW40
13:36:29: [INFO] Placing additional elements for SW39
13:36:29: [INFO] Placing additional elements for SW38
13:36:29: [INFO] Placing additional elements for SW37
13:36:29: [INFO] Placing additional elements for SW36a
13:36:29: [INFO] Placing additional elements for SW36
13:36:29: [INFO] Placing additional elements for SW35
13:36:29: [INFO] Placing additional elements for SW34
13:36:29: [INFO] Placing additional elements for SW33
13:36:29: [INFO] Placing additional elements for SW32a
13:36:29: [INFO] Placing additional elements for SW32
13:36:29: [INFO] Placing additional elements for SW31
13:36:29: [INFO] Placing additional elements for SW30
13:36:29: [INFO] Placing additional elements for SW29
13:36:29: [INFO] Placing additional elements for SW28
13:36:29: [INFO] Placing additional elements for SW27
13:36:29: [INFO] Placing additional elements for SW26
13:36:29: [INFO] Placing additional elements for SW25
13:36:29: [INFO] Placing additional elements for SW24
13:36:29: [INFO] Placing additional elements for SW23
13:36:29: [INFO] Placing additional elements for SW22
13:36:29: [INFO] Placing additional elements for SW21
13:36:29: [INFO] Placing additional elements for SW20
13:36:29: [INFO] Placing additional elements for SW19
13:36:29: [INFO] Placing additional elements for SW18
13:36:29: [INFO] Placing additional elements for SW17a
13:36:29: [INFO] Placing additional elements for SW17
13:36:29: [INFO] Placing additional elements for SW16
13:36:29: [INFO] Placing additional elements for SW15
13:36:29: [INFO] Placing additional elements for SW14a
13:36:29: [INFO] Placing additional elements for SW14
13:36:29: [INFO] Placing additional elements for SW13a
13:36:29: [INFO] Placing additional elements for SW13
13:36:29: [INFO] Placing additional elements for SW12a
13:36:29: [INFO] Placing additional elements for SW12
13:36:29: [INFO] Placing additional elements for SW11a
13:36:29: [INFO] Placing additional elements for SW11
13:36:29: [INFO] Placing additional elements for SW10
13:36:29: [INFO] Placing additional elements for SW9
13:36:29: [INFO] Placing additional elements for SW8
13:36:29: [INFO] Placing additional elements for SW7
13:36:29: [INFO] Placing additional elements for SW6
13:36:29: [INFO] Placing additional elements for SW5a
13:36:29: [INFO] Placing additional elements for SW5
13:36:29: [INFO] Placing additional elements for SW4a
13:36:29: [INFO] Placing additional elements for SW4
13:36:29: [INFO] Placing additional elements for SW3a
13:36:29: [INFO] Placing additional elements for SW3
13:36:29: [INFO] Placing additional elements for SW2a
13:36:29: [INFO] Placing additional elements for SW2
13:36:29: [INFO] Placing additional elements for SW1
13:36:29: [INFO] Routing SW104 with D104
13:36:29: [INFO] Using internal autorouter method
13:36:29: [INFO] Routing pad 'SW104:2' at (440690000, 166370000) with pad 'D104:2' at (443230000, 174050000) using coordinate system rotated by 0 degree(s)
13:36:29: [INFO] Adding track segment (B.Cu): [(440690000, 166370000), (440690000, 171510000)]
13:36:29: [INFO] Adding track segment (B.Cu): [(440690000, 171510000), (443230000, 174050000)]
13:36:29: [INFO] Routing SW103 with D103
13:36:29: [INFO] Using internal autorouter method
13:36:29: [INFO] Routing pad 'SW103:2' at (421640000, 166370000) with pad 'D103:2' at (424180000, 174050000) using coordinate system rotated by 0 degree(s)
13:36:29: [INFO] Adding track segment (B.Cu): [(421640000, 166370000), (421640000, 171510000)]
13:36:29: [INFO] Adding track segment (B.Cu): [(421640000, 171510000), (424180000, 174050000)]
13:36:29: [INFO] Routing SW102 with D102
13:36:29: [INFO] Using internal autorouter method
13:36:29: [INFO] Routing pad 'SW102:2' at (402590000, 166370000) with pad 'D102:2' at (405130000, 174050000) using coordinate system rotated by 0 degree(s)
13:36:29: [INFO] Adding track segment (B.Cu): [(402590000, 166370000), (402590000, 171510000)]
13:36:29: [INFO] Adding track segment (B.Cu): [(402590000, 171510000), (405130000, 174050000)]
13:36:29: [INFO] Routing SW101a with D101
13:36:29: [INFO] Using internal autorouter method
13:36:29: [INFO] Routing pad 'SW101a:2' at (393065000, 166370000) with pad 'D101:2' at (386080000, 174050000) using coordinate system rotated by 0 degree(s)
13:36:29: [INFO] Routing SW101 with D101
13:36:29: [INFO] Using internal autorouter method
13:36:29: [INFO] Routing pad 'SW101:2' at (383540000, 166370000) with pad 'D101:2' at (386080000, 174050000) using coordinate system rotated by 0 degree(s)
13:36:29: [INFO] Adding track segment (B.Cu): [(383540000, 166370000), (383540000, 171510000)]
13:36:29: [INFO] Adding track segment (B.Cu): [(383540000, 171510000), (386080000, 174050000)]
13:36:29: [INFO] Routing SW100a with D100
13:36:29: [INFO] Using internal autorouter method
13:36:29: [INFO] Routing pad 'SW100a:2' at (362108750, 166370000) with pad 'D100:2' at (367030000, 174050000) using coordinate system rotated by 0 degree(s)
13:36:29: [INFO] Routing SW100 with D100
13:36:29: [INFO] Using internal autorouter method
13:36:29: [INFO] Routing pad 'SW100:2' at (364490000, 166370000) with pad 'D100:2' at (367030000, 174050000) using coordinate system rotated by 0 degree(s)
13:36:29: [INFO] Routing SW99b with D99
13:36:29: [INFO] Using internal autorouter method
13:36:29: [INFO] Routing pad 'SW99b:2' at (335915000, 166370000) with pad 'D99:2' at (347980000, 174050000) using coordinate system rotated by 0 degree(s)
13:36:29: [INFO] Routing SW99a with D99
13:36:29: [INFO] Using internal autorouter method
13:36:29: [INFO] Routing pad 'SW99a:2' at (338296250, 166370000) with pad 'D99:2' at (347980000, 174050000) using coordinate system rotated by 0 degree(s)
13:36:29: [INFO] Routing SW99 with D99
13:36:29: [INFO] Using internal autorouter method
13:36:29: [INFO] Routing pad 'SW99:2' at (345440000, 166370000) with pad 'D99:2' at (347980000, 174050000) using coordinate system rotated by 0 degree(s)
13:36:29: [INFO] Adding track segment (B.Cu): [(345440000, 166370000), (345440000, 171510000)]
13:36:29: [INFO] Adding track segment (B.Cu): [(345440000, 171510000), (347980000, 174050000)]
13:36:29: [INFO] Routing SW98a with D98
13:36:29: [INFO] Using internal autorouter method
13:36:29: [INFO] Routing pad 'SW98a:2' at (290671250, 166370000) with pad 'D98:2' at (295592500, 174050000) using coordinate system rotated by 0 degree(s)
13:36:29: [INFO] Routing SW98 with D98
13:36:29: [INFO] Using internal autorouter method
13:36:29: [INFO] Routing pad 'SW98:2' at (293052500, 166370000) with pad 'D98:2' at (295592500, 174050000) using coordinate system rotated by 0 degree(s)
13:36:29: [INFO] Routing SW97 with D97
13:36:29: [INFO] Using internal autorouter method
13:36:29: [INFO] Routing pad 'SW97:2' at (364490000, 90170000) with pad 'D97:2' at (367030000, 97850000) using coordinate system rotated by 0 degree(s)
13:36:29: [INFO] Adding track segment (B.Cu): [(364490000, 90170000), (364490000, 95310000)]
13:36:29: [INFO] Adding track segment (B.Cu): [(364490000, 95310000), (367030000, 97850000)]
13:36:29: [INFO] Routing SW96b with D96
13:36:29: [INFO] Using internal autorouter method
13:36:29: [INFO] Routing pad 'SW96b:2' at (312102500, 166370000) with pad 'D96:2' at (324167500, 174050000) using coordinate system rotated by 0 degree(s)
13:36:29: [INFO] Routing SW96a with D96
13:36:29: [INFO] Using internal autorouter method
13:36:29: [INFO] Routing pad 'SW96a:2' at (314483750, 166370000) with pad 'D96:2' at (324167500, 174050000) using coordinate system rotated by 0 degree(s)
13:36:29: [INFO] Routing SW96 with D96
13:36:29: [INFO] Using internal autorouter method
13:36:29: [INFO] Routing pad 'SW96:2' at (321627500, 166370000) with pad 'D96:2' at (324167500, 174050000) using coordinate system rotated by 0 degree(s)
13:36:29: [INFO] Adding track segment (B.Cu): [(321627500, 166370000), (321627500, 171510000)]
13:36:29: [INFO] Adding track segment (B.Cu): [(321627500, 171510000), (324167500, 174050000)]
13:36:29: [INFO] Routing SW95 with D95
13:36:29: [INFO] Using internal autorouter method
13:36:29: [INFO] Routing pad 'SW95:2' at (364490000, 71120000) with pad 'D95:2' at (367030000, 78800000) using coordinate system rotated by 0 degree(s)
13:36:29: [INFO] Adding track segment (B.Cu): [(364490000, 71120000), (364490000, 76260000)]
13:36:29: [INFO] Adding track segment (B.Cu): [(364490000, 76260000), (367030000, 78800000)]
13:36:29: [INFO] Routing SW94c with D94
13:36:29: [INFO] Using internal autorouter method
13:36:29: [INFO] Routing pad 'SW94c:2' at (231140000, 166370000) with pad 'D94:2' at (221773750, 174050000) using coordinate system rotated by 0 degree(s)
13:36:29: [INFO] Routing SW94b with D94
13:36:29: [INFO] Using internal autorouter method
13:36:29: [INFO] Routing pad 'SW94b:2' at (212090000, 166370000) with pad 'D94:2' at (221773750, 174050000) using coordinate system rotated by 0 degree(s)
13:36:29: [INFO] Routing SW94a with D94
13:36:29: [INFO] Using internal autorouter method
13:36:29: [INFO] Routing pad 'SW94a:2' at (221615000, 166370000) with pad 'D94:2' at (221773750, 174050000) using coordinate system rotated by 0 degree(s)
13:36:29: [INFO] Routing SW94 with D94
13:36:29: [INFO] Using internal autorouter method
13:36:29: [INFO] Routing pad 'SW94:2' at (219233750, 166370000) with pad 'D94:2' at (221773750, 174050000) using coordinate system rotated by 0 degree(s)
13:36:29: [INFO] Routing SW93a with D93
13:36:29: [INFO] Using internal autorouter method
13:36:29: [INFO] Routing pad 'SW93a:2' at (150177500, 166370000) with pad 'D93:2' at (150336250, 174050000) using coordinate system rotated by 0 degree(s)
13:36:29: [INFO] Routing SW93 with D93
13:36:29: [INFO] Using internal autorouter method
13:36:29: [INFO] Routing pad 'SW93:2' at (147796250, 166370000) with pad 'D93:2' at (150336250, 174050000) using coordinate system rotated by 0 degree(s)
13:36:29: [INFO] Routing SW92b with D92
13:36:29: [INFO] Using internal autorouter method
13:36:29: [INFO] Routing pad 'SW92b:2' at (131127500, 166370000) with pad 'D92:2' at (126523750, 174050000) using coordinate system rotated by 0 degree(s)
13:36:29: [INFO] Routing SW92a with D92
13:36:29: [INFO] Using internal autorouter method
13:36:29: [INFO] Routing pad 'SW92a:2' at (126365000, 166370000) with pad 'D92:2' at (126523750, 174050000) using coordinate system rotated by 0 degree(s)
13:36:29: [INFO] Routing SW92 with D92
13:36:29: [INFO] Using internal autorouter method
13:36:29: [INFO] Routing pad 'SW92:2' at (123983750, 166370000) with pad 'D92:2' at (126523750, 174050000) using coordinate system rotated by 0 degree(s)
13:36:29: [INFO] Routing SW91a with D91
13:36:29: [INFO] Using internal autorouter method
13:36:29: [INFO] Routing pad 'SW91a:2' at (102552500, 166370000) with pad 'D91:2' at (102711250, 174050000) using coordinate system rotated by 0 degree(s)
13:36:29: [INFO] Routing SW91 with D91
13:36:29: [INFO] Using internal autorouter method
13:36:29: [INFO] Routing pad 'SW91:2' at (100171250, 166370000) with pad 'D91:2' at (102711250, 174050000) using coordinate system rotated by 0 degree(s)
13:36:29: [INFO] Routing SW90a with D90
13:36:29: [INFO] Using internal autorouter method
13:36:29: [INFO] Routing pad 'SW90a:2' at (440690000, 156845000) with pad 'D90:2' at (443230000, 155000000) using coordinate system rotated by 0 degree(s)
13:36:29: [INFO] Adding track segment (B.Cu): [(440690000, 156845000), (441385000, 156845000)]
13:36:29: [INFO] Adding track segment (B.Cu): [(441385000, 156845000), (443230000, 155000000)]
13:36:29: [INFO] Routing SW90 with D90
13:36:29: [INFO] Using internal autorouter method
13:36:29: [INFO] Routing pad 'SW90:2' at (440690000, 147320000) with pad 'D90:2' at (443230000, 155000000) using coordinate system rotated by 0 degree(s)
13:36:29: [INFO] Adding track segment (B.Cu): [(440690000, 147320000), (440690000, 152460000)]
13:36:29: [INFO] Adding track segment (B.Cu): [(440690000, 152460000), (443230000, 155000000)]
13:36:29: [INFO] Routing SW89 with D89
13:36:29: [INFO] Using internal autorouter method
13:36:29: [INFO] Routing pad 'SW89:2' at (421640000, 147320000) with pad 'D89:2' at (424180000, 155000000) using coordinate system rotated by 0 degree(s)
13:36:29: [INFO] Adding track segment (B.Cu): [(421640000, 147320000), (421640000, 152460000)]
13:36:29: [INFO] Adding track segment (B.Cu): [(421640000, 152460000), (424180000, 155000000)]
13:36:29: [INFO] Routing SW88 with D88
13:36:29: [INFO] Using internal autorouter method
13:36:29: [INFO] Routing pad 'SW88:2' at (402590000, 147320000) with pad 'D88:2' at (405130000, 155000000) using coordinate system rotated by 0 degree(s)
13:36:29: [INFO] Adding track segment (B.Cu): [(402590000, 147320000), (402590000, 152460000)]
13:36:29: [INFO] Adding track segment (B.Cu): [(402590000, 152460000), (405130000, 155000000)]
13:36:29: [INFO] Routing SW87a with D87
13:36:29: [INFO] Using internal autorouter method
13:36:29: [INFO] Routing pad 'SW87a:2' at (393065000, 147320000) with pad 'D87:2' at (386080000, 155000000) using coordinate system rotated by 0 degree(s)
13:36:29: [INFO] Routing SW87 with D87
13:36:29: [INFO] Using internal autorouter method
13:36:29: [INFO] Routing pad 'SW87:2' at (383540000, 147320000) with pad 'D87:2' at (386080000, 155000000) using coordinate system rotated by 0 degree(s)
13:36:29: [INFO] Adding track segment (B.Cu): [(383540000, 147320000), (383540000, 152460000)]
13:36:29: [INFO] Adding track segment (B.Cu): [(383540000, 152460000), (386080000, 155000000)]
13:36:29: [INFO] Routing SW86b with D86
13:36:29: [INFO] Using internal autorouter method
13:36:29: [INFO] Routing pad 'SW86b:2' at (362108750, 147320000) with pad 'D86:2' at (367030000, 155000000) using coordinate system rotated by 0 degree(s)
13:36:29: [INFO] Routing SW86a with D86
13:36:29: [INFO] Using internal autorouter method
13:36:29: [INFO] Routing pad 'SW86a:2' at (347821250, 147320000) with pad 'D86:2' at (367030000, 155000000) using coordinate system rotated by 0 degree(s)
13:36:29: [INFO] Adding track segment (B.Cu): [(347821250, 147320000), (355501250, 155000000)]
13:36:29: [INFO] Adding track segment (B.Cu): [(355501250, 155000000), (367030000, 155000000)]
13:36:29: [INFO] Routing SW86 with D86
13:36:29: [INFO] Using internal autorouter method
13:36:29: [INFO] Routing pad 'SW86:2' at (364490000, 147320000) with pad 'D86:2' at (367030000, 155000000) using coordinate system rotated by 0 degree(s)
13:36:29: [INFO] Routing SW85 with D85
13:36:29: [INFO] Using internal autorouter method
13:36:29: [INFO] Routing pad 'SW85:2' at (338296250, 147320000) with pad 'D85:2' at (340836250, 155000000) using coordinate system rotated by 0 degree(s)
13:36:29: [INFO] Adding track segment (B.Cu): [(338296250, 147320000), (338296250, 152460000)]
13:36:29: [INFO] Adding track segment (B.Cu): [(338296250, 152460000), (340836250, 155000000)]
13:36:29: [INFO] Routing SW84a with D84
13:36:29: [INFO] Using internal autorouter method
13:36:29: [INFO] Routing pad 'SW84a:2' at (314483750, 147320000) with pad 'D84:2' at (314642500, 155000000) using coordinate system rotated by 0 degree(s)
13:36:29: [INFO] Routing SW84 with D84
13:36:29: [INFO] Using internal autorouter method
13:36:29: [INFO] Routing pad 'SW84:2' at (312102500, 147320000) with pad 'D84:2' at (314642500, 155000000) using coordinate system rotated by 0 degree(s)
13:36:29: [INFO] Routing SW83 with D83
13:36:29: [INFO] Using internal autorouter method
13:36:29: [INFO] Routing pad 'SW83:2' at (293052500, 147320000) with pad 'D83:2' at (295592500, 155000000) using coordinate system rotated by 0 degree(s)
13:36:29: [INFO] Adding track segment (B.Cu): [(293052500, 147320000), (293052500, 152460000)]
13:36:29: [INFO] Adding track segment (B.Cu): [(293052500, 152460000), (295592500, 155000000)]
13:36:29: [INFO] Routing SW82 with D82
13:36:29: [INFO] Using internal autorouter method
13:36:29: [INFO] Routing pad 'SW82:2' at (274002500, 147320000) with pad 'D82:2' at (276542500, 155000000) using coordinate system rotated by 0 degree(s)
13:36:29: [INFO] Adding track segment (B.Cu): [(274002500, 147320000), (274002500, 152460000)]
13:36:30: [INFO] Adding track segment (B.Cu): [(274002500, 152460000), (276542500, 155000000)]
13:36:30: [INFO] Routing SW81 with D81
13:36:30: [INFO] Using internal autorouter method
13:36:30: [INFO] Routing pad 'SW81:2' at (254952500, 147320000) with pad 'D81:2' at (257492500, 155000000) using coordinate system rotated by 0 degree(s)
13:36:30: [INFO] Adding track segment (B.Cu): [(254952500, 147320000), (254952500, 152460000)]
13:36:30: [INFO] Adding track segment (B.Cu): [(254952500, 152460000), (257492500, 155000000)]
13:36:30: [INFO] Routing SW80 with D80
13:36:30: [INFO] Using internal autorouter method
13:36:30: [INFO] Routing pad 'SW80:2' at (235902500, 147320000) with pad 'D80:2' at (238442500, 155000000) using coordinate system rotated by 0 degree(s)
13:36:30: [INFO] Adding track segment (B.Cu): [(235902500, 147320000), (235902500, 152460000)]
13:36:30: [INFO] Adding track segment (B.Cu): [(235902500, 152460000), (238442500, 155000000)]
13:36:30: [INFO] Routing SW79 with D79
13:36:30: [INFO] Using internal autorouter method
13:36:30: [INFO] Routing pad 'SW79:2' at (216852500, 147320000) with pad 'D79:2' at (219392500, 155000000) using coordinate system rotated by 0 degree(s)
13:36:30: [INFO] Adding track segment (B.Cu): [(216852500, 147320000), (216852500, 152460000)]
13:36:30: [INFO] Adding track segment (B.Cu): [(216852500, 152460000), (219392500, 155000000)]
13:36:30: [INFO] Routing SW78 with D78
13:36:30: [INFO] Using internal autorouter method
13:36:30: [INFO] Routing pad 'SW78:2' at (197802500, 147320000) with pad 'D78:2' at (200342500, 155000000) using coordinate system rotated by 0 degree(s)
13:36:30: [INFO] Adding track segment (B.Cu): [(197802500, 147320000), (197802500, 152460000)]
13:36:30: [INFO] Adding track segment (B.Cu): [(197802500, 152460000), (200342500, 155000000)]
13:36:30: [INFO] Routing SW77 with D77
13:36:30: [INFO] Using internal autorouter method
13:36:30: [INFO] Routing pad 'SW77:2' at (178752500, 147320000) with pad 'D77:2' at (181292500, 155000000) using coordinate system rotated by 0 degree(s)
13:36:30: [INFO] Adding track segment (B.Cu): [(178752500, 147320000), (178752500, 152460000)]
13:36:30: [INFO] Adding track segment (B.Cu): [(178752500, 152460000), (181292500, 155000000)]
13:36:30: [INFO] Routing SW76 with D76
13:36:30: [INFO] Using internal autorouter method
13:36:30: [INFO] Routing pad 'SW76:2' at (159702500, 147320000) with pad 'D76:2' at (162242500, 155000000) using coordinate system rotated by 0 degree(s)
13:36:30: [INFO] Adding track segment (B.Cu): [(159702500, 147320000), (159702500, 152460000)]
13:36:30: [INFO] Adding track segment (B.Cu): [(159702500, 152460000), (162242500, 155000000)]
13:36:30: [INFO] Routing SW75 with D75
13:36:30: [INFO] Using internal autorouter method
13:36:30: [INFO] Routing pad 'SW75:2' at (140652500, 147320000) with pad 'D75:2' at (143192500, 155000000) using coordinate system rotated by 0 degree(s)
13:36:30: [INFO] Adding track segment (B.Cu): [(140652500, 147320000), (140652500, 152460000)]
13:36:30: [INFO] Adding track segment (B.Cu): [(140652500, 152460000), (143192500, 155000000)]
13:36:30: [INFO] Routing SW74 with D74
13:36:30: [INFO] Using internal autorouter method
13:36:30: [INFO] Routing pad 'SW74:2' at (121602500, 147320000) with pad 'D74:2' at (124142500, 155000000) using coordinate system rotated by 0 degree(s)
13:36:30: [INFO] Adding track segment (B.Cu): [(121602500, 147320000), (121602500, 152460000)]
13:36:30: [INFO] Adding track segment (B.Cu): [(121602500, 152460000), (124142500, 155000000)]
13:36:30: [INFO] Routing SW73a with D73
13:36:30: [INFO] Using internal autorouter method
13:36:30: [INFO] Routing pad 'SW73a:2' at (100171250, 147320000) with pad 'D73:2' at (112236250, 155000000) using coordinate system rotated by 0 degree(s)
13:36:30: [INFO] Routing SW73 with D73
13:36:30: [INFO] Using internal autorouter method
13:36:30: [INFO] Routing pad 'SW73:2' at (109696250, 147320000) with pad 'D73:2' at (112236250, 155000000) using coordinate system rotated by 0 degree(s)
13:36:30: [INFO] Adding track segment (B.Cu): [(109696250, 147320000), (109696250, 152460000)]
13:36:30: [INFO] Adding track segment (B.Cu): [(109696250, 152460000), (112236250, 155000000)]
13:36:30: [INFO] Routing SW72a with D72
13:36:30: [INFO] Using internal autorouter method
13:36:30: [INFO] Routing pad 'SW72a:2' at (440690000, 137795000) with pad 'D72:2' at (443230000, 135950000) using coordinate system rotated by 0 degree(s)
13:36:30: [INFO] Adding track segment (B.Cu): [(440690000, 137795000), (441385000, 137795000)]
13:36:30: [INFO] Adding track segment (B.Cu): [(441385000, 137795000), (443230000, 135950000)]
13:36:30: [INFO] Routing SW72 with D72
13:36:30: [INFO] Using internal autorouter method
13:36:30: [INFO] Routing pad 'SW72:2' at (440690000, 128270000) with pad 'D72:2' at (443230000, 135950000) using coordinate system rotated by 0 degree(s)
13:36:30: [INFO] Adding track segment (B.Cu): [(440690000, 128270000), (440690000, 133410000)]
13:36:30: [INFO] Adding track segment (B.Cu): [(440690000, 133410000), (443230000, 135950000)]
13:36:30: [INFO] Routing SW71 with D71
13:36:30: [INFO] Using internal autorouter method
13:36:30: [INFO] Routing pad 'SW71:2' at (421640000, 128270000) with pad 'D71:2' at (424180000, 135950000) using coordinate system rotated by 0 degree(s)
13:36:30: [INFO] Adding track segment (B.Cu): [(421640000, 128270000), (421640000, 133410000)]
13:36:30: [INFO] Adding track segment (B.Cu): [(421640000, 133410000), (424180000, 135950000)]
13:36:30: [INFO] Routing SW70 with D70
13:36:30: [INFO] Using internal autorouter method
13:36:30: [INFO] Routing pad 'SW70:2' at (402590000, 128270000) with pad 'D70:2' at (405130000, 135950000) using coordinate system rotated by 0 degree(s)
13:36:30: [INFO] Adding track segment (B.Cu): [(402590000, 128270000), (402590000, 133410000)]
13:36:30: [INFO] Adding track segment (B.Cu): [(402590000, 133410000), (405130000, 135950000)]
13:36:30: [INFO] Routing SW69 with D69
13:36:30: [INFO] Using internal autorouter method
13:36:30: [INFO] Routing pad 'SW69:2' at (383540000, 128270000) with pad 'D69:2' at (386080000, 135950000) using coordinate system rotated by 0 degree(s)
13:36:30: [INFO] Adding track segment (B.Cu): [(383540000, 128270000), (383540000, 133410000)]
13:36:30: [INFO] Adding track segment (B.Cu): [(383540000, 133410000), (386080000, 135950000)]
13:36:30: [INFO] Routing SW68b with D68
13:36:30: [INFO] Using internal autorouter method
13:36:30: [INFO] Routing pad 'SW68b:2' at (362108750, 128270000) with pad 'D68:2' at (355123750, 135950000) using coordinate system rotated by 0 degree(s)
13:36:30: [INFO] Routing SW68a with D68
13:36:30: [INFO] Using internal autorouter method
13:36:30: [INFO] Routing pad 'SW68a:2' at (362108750, 118745000) with pad 'D68:2' at (355123750, 135950000) using coordinate system rotated by 0 degree(s)
13:36:30: [INFO] Routing SW68 with D68
13:36:30: [INFO] Using internal autorouter method
13:36:30: [INFO] Routing pad 'SW68:2' at (352583750, 128270000) with pad 'D68:2' at (355123750, 135950000) using coordinate system rotated by 0 degree(s)
13:36:30: [INFO] Adding track segment (B.Cu): [(352583750, 128270000), (352583750, 133410000)]
13:36:30: [INFO] Adding track segment (B.Cu): [(352583750, 133410000), (355123750, 135950000)]
13:36:30: [INFO] Routing SW67 with D67
13:36:30: [INFO] Using internal autorouter method
13:36:30: [INFO] Routing pad 'SW67:2' at (340677500, 128270000) with pad 'D67:2' at (343217500, 135950000) using coordinate system rotated by 0 degree(s)
13:36:30: [INFO] Adding track segment (B.Cu): [(340677500, 128270000), (340677500, 133410000)]
13:36:30: [INFO] Adding track segment (B.Cu): [(340677500, 133410000), (343217500, 135950000)]
13:36:30: [INFO] Routing SW66 with D66
13:36:30: [INFO] Using internal autorouter method
13:36:30: [INFO] Routing pad 'SW66:2' at (321627500, 128270000) with pad 'D66:2' at (324167500, 135950000) using coordinate system rotated by 0 degree(s)
13:36:30: [INFO] Adding track segment (B.Cu): [(321627500, 128270000), (321627500, 133410000)]
13:36:30: [INFO] Adding track segment (B.Cu): [(321627500, 133410000), (324167500, 135950000)]
13:36:30: [INFO] Routing SW65 with D65
13:36:30: [INFO] Using internal autorouter method
13:36:30: [INFO] Routing pad 'SW65:2' at (302577500, 128270000) with pad 'D65:2' at (305117500, 135950000) using coordinate system rotated by 0 degree(s)
13:36:30: [INFO] Adding track segment (B.Cu): [(302577500, 128270000), (302577500, 133410000)]
13:36:30: [INFO] Adding track segment (B.Cu): [(302577500, 133410000), (305117500, 135950000)]
13:36:30: [INFO] Routing SW64 with D64
13:36:30: [INFO] Using internal autorouter method
13:36:30: [INFO] Routing pad 'SW64:2' at (283527500, 128270000) with pad 'D64:2' at (286067500, 135950000) using coordinate system rotated by 0 degree(s)
13:36:30: [INFO] Adding track segment (B.Cu): [(283527500, 128270000), (283527500, 133410000)]
13:36:30: [INFO] Adding track segment (B.Cu): [(283527500, 133410000), (286067500, 135950000)]
13:36:30: [INFO] Routing SW63 with D63
13:36:30: [INFO] Using internal autorouter method
13:36:30: [INFO] Routing pad 'SW63:2' at (264477500, 128270000) with pad 'D63:2' at (267017500, 135950000) using coordinate system rotated by 0 degree(s)
13:36:30: [INFO] Adding track segment (B.Cu): [(264477500, 128270000), (264477500, 133410000)]
13:36:30: [INFO] Adding track segment (B.Cu): [(264477500, 133410000), (267017500, 135950000)]
13:36:30: [INFO] Routing SW62 with D62
13:36:30: [INFO] Using internal autorouter method
13:36:30: [INFO] Routing pad 'SW62:2' at (245427500, 128270000) with pad 'D62:2' at (247967500, 135950000) using coordinate system rotated by 0 degree(s)
13:36:30: [INFO] Adding track segment (B.Cu): [(245427500, 128270000), (245427500, 133410000)]
13:36:30: [INFO] Adding track segment (B.Cu): [(245427500, 133410000), (247967500, 135950000)]
13:36:30: [INFO] Routing SW61 with D61
13:36:30: [INFO] Using internal autorouter method
13:36:30: [INFO] Routing pad 'SW61:2' at (226377500, 128270000) with pad 'D61:2' at (228917500, 135950000) using coordinate system rotated by 0 degree(s)
13:36:30: [INFO] Adding track segment (B.Cu): [(226377500, 128270000), (226377500, 133410000)]
13:36:30: [INFO] Adding track segment (B.Cu): [(226377500, 133410000), (228917500, 135950000)]
13:36:30: [INFO] Routing SW60 with D60
13:36:30: [INFO] Using internal autorouter method
13:36:30: [INFO] Routing pad 'SW60:2' at (207327500, 128270000) with pad 'D60:2' at (209867500, 135950000) using coordinate system rotated by 0 degree(s)
13:36:30: [INFO] Adding track segment (B.Cu): [(207327500, 128270000), (207327500, 133410000)]
13:36:30: [INFO] Adding track segment (B.Cu): [(207327500, 133410000), (209867500, 135950000)]
13:36:30: [INFO] Routing SW59 with D59
13:36:30: [INFO] Using internal autorouter method
13:36:30: [INFO] Routing pad 'SW59:2' at (188277500, 128270000) with pad 'D59:2' at (190817500, 135950000) using coordinate system rotated by 0 degree(s)
13:36:30: [INFO] Adding track segment (B.Cu): [(188277500, 128270000), (188277500, 133410000)]
13:36:30: [INFO] Adding track segment (B.Cu): [(188277500, 133410000), (190817500, 135950000)]
13:36:30: [INFO] Routing SW58 with D58
13:36:30: [INFO] Using internal autorouter method
13:36:30: [INFO] Routing pad 'SW58:2' at (169227500, 128270000) with pad 'D58:2' at (171767500, 135950000) using coordinate system rotated by 0 degree(s)
13:36:30: [INFO] Adding track segment (B.Cu): [(169227500, 128270000), (169227500, 133410000)]
13:36:30: [INFO] Adding track segment (B.Cu): [(169227500, 133410000), (171767500, 135950000)]
13:36:30: [INFO] Routing SW57 with D57
13:36:30: [INFO] Using internal autorouter method
13:36:30: [INFO] Routing pad 'SW57:2' at (150177500, 128270000) with pad 'D57:2' at (152717500, 135950000) using coordinate system rotated by 0 degree(s)
13:36:30: [INFO] Adding track segment (B.Cu): [(150177500, 128270000), (150177500, 133410000)]
13:36:30: [INFO] Adding track segment (B.Cu): [(150177500, 133410000), (152717500, 135950000)]
13:36:30: [INFO] Routing SW56 with D56
13:36:30: [INFO] Using internal autorouter method
13:36:30: [INFO] Routing pad 'SW56:2' at (131127500, 128270000) with pad 'D56:2' at (133667500, 135950000) using coordinate system rotated by 0 degree(s)
13:36:30: [INFO] Adding track segment (B.Cu): [(131127500, 128270000), (131127500, 133410000)]
13:36:30: [INFO] Adding track segment (B.Cu): [(131127500, 133410000), (133667500, 135950000)]
13:36:30: [INFO] Routing SW55 with D55
13:36:30: [INFO] Using internal autorouter method
13:36:30: [INFO] Routing pad 'SW55:2' at (104933750, 128270000) with pad 'D55:2' at (107473750, 135950000) using coordinate system rotated by 0 degree(s)
13:36:30: [INFO] Adding track segment (B.Cu): [(104933750, 128270000), (104933750, 133410000)]
13:36:30: [INFO] Adding track segment (B.Cu): [(104933750, 133410000), (107473750, 135950000)]
13:36:31: [INFO] Routing SW54a with D54
13:36:31: [INFO] Using internal autorouter method
13:36:31: [INFO] Routing pad 'SW54a:2' at (440690000, 118745000) with pad 'D54:2' at (443230000, 116900000) using coordinate system rotated by 0 degree(s)
13:36:31: [INFO] Adding track segment (B.Cu): [(440690000, 118745000), (441385000, 118745000)]
13:36:31: [INFO] Adding track segment (B.Cu): [(441385000, 118745000), (443230000, 116900000)]
13:36:31: [INFO] Routing SW54 with D54
13:36:31: [INFO] Using internal autorouter method
13:36:31: [INFO] Routing pad 'SW54:2' at (440690000, 109220000) with pad 'D54:2' at (443230000, 116900000) using coordinate system rotated by 0 degree(s)
13:36:31: [INFO] Adding track segment (B.Cu): [(440690000, 109220000), (440690000, 114360000)]
13:36:31: [INFO] Adding track segment (B.Cu): [(440690000, 114360000), (443230000, 116900000)]
13:36:31: [INFO] Routing SW53 with D53
13:36:31: [INFO] Using internal autorouter method
13:36:31: [INFO] Routing pad 'SW53:2' at (421640000, 109220000) with pad 'D53:2' at (424180000, 116900000) using coordinate system rotated by 0 degree(s)
13:36:31: [INFO] Adding track segment (B.Cu): [(421640000, 109220000), (421640000, 114360000)]
13:36:31: [INFO] Adding track segment (B.Cu): [(421640000, 114360000), (424180000, 116900000)]
13:36:31: [INFO] Routing SW52 with D52
13:36:31: [INFO] Using internal autorouter method
13:36:31: [INFO] Routing pad 'SW52:2' at (402590000, 109220000) with pad 'D52:2' at (405130000, 116900000) using coordinate system rotated by 0 degree(s)
13:36:31: [INFO] Adding track segment (B.Cu): [(402590000, 109220000), (402590000, 114360000)]
13:36:31: [INFO] Adding track segment (B.Cu): [(402590000, 114360000), (405130000, 116900000)]
13:36:31: [INFO] Routing SW51 with D51
13:36:31: [INFO] Using internal autorouter method
13:36:31: [INFO] Routing pad 'SW51:2' at (383540000, 109220000) with pad 'D51:2' at (386080000, 116900000) using coordinate system rotated by 0 degree(s)
13:36:31: [INFO] Adding track segment (B.Cu): [(383540000, 109220000), (383540000, 114360000)]
13:36:31: [INFO] Adding track segment (B.Cu): [(383540000, 114360000), (386080000, 116900000)]
13:36:31: [INFO] Routing SW50 with D50
13:36:31: [INFO] Using internal autorouter method
13:36:31: [INFO] Routing pad 'SW50:2' at (359727500, 109220000) with pad 'D50:2' at (362267500, 116900000) using coordinate system rotated by 0 degree(s)
13:36:31: [INFO] Adding track segment (B.Cu): [(359727500, 109220000), (359727500, 114360000)]
13:36:31: [INFO] Adding track segment (B.Cu): [(359727500, 114360000), (362267500, 116900000)]
13:36:31: [INFO] Routing SW49 with D49
13:36:31: [INFO] Using internal autorouter method
13:36:31: [INFO] Routing pad 'SW49:2' at (335915000, 109220000) with pad 'D49:2' at (338455000, 116900000) using coordinate system rotated by 0 degree(s)
13:36:31: [INFO] Adding track segment (B.Cu): [(335915000, 109220000), (335915000, 114360000)]
13:36:31: [INFO] Adding track segment (B.Cu): [(335915000, 114360000), (338455000, 116900000)]
13:36:31: [INFO] Routing SW48 with D48
13:36:31: [INFO] Using internal autorouter method
13:36:31: [INFO] Routing pad 'SW48:2' at (316865000, 109220000) with pad 'D48:2' at (319405000, 116900000) using coordinate system rotated by 0 degree(s)
13:36:31: [INFO] Adding track segment (B.Cu): [(316865000, 109220000), (316865000, 114360000)]
13:36:31: [INFO] Adding track segment (B.Cu): [(316865000, 114360000), (319405000, 116900000)]
13:36:31: [INFO] Routing SW47 with D47
13:36:31: [INFO] Using internal autorouter method
13:36:31: [INFO] Routing pad 'SW47:2' at (297815000, 109220000) with pad 'D47:2' at (300355000, 116900000) using coordinate system rotated by 0 degree(s)
13:36:31: [INFO] Adding track segment (B.Cu): [(297815000, 109220000), (297815000, 114360000)]
13:36:31: [INFO] Adding track segment (B.Cu): [(297815000, 114360000), (300355000, 116900000)]
13:36:31: [INFO] Routing SW46 with D46
13:36:31: [INFO] Using internal autorouter method
13:36:31: [INFO] Routing pad 'SW46:2' at (278765000, 109220000) with pad 'D46:2' at (281305000, 116900000) using coordinate system rotated by 0 degree(s)
13:36:31: [INFO] Adding track segment (B.Cu): [(278765000, 109220000), (278765000, 114360000)]
13:36:31: [INFO] Adding track segment (B.Cu): [(278765000, 114360000), (281305000, 116900000)]
13:36:31: [INFO] Routing SW45 with D45
13:36:31: [INFO] Using internal autorouter method
13:36:31: [INFO] Routing pad 'SW45:2' at (259715000, 109220000) with pad 'D45:2' at (262255000, 116900000) using coordinate system rotated by 0 degree(s)
13:36:31: [INFO] Adding track segment (B.Cu): [(259715000, 109220000), (259715000, 114360000)]
13:36:31: [INFO] Adding track segment (B.Cu): [(259715000, 114360000), (262255000, 116900000)]
13:36:31: [INFO] Routing SW44 with D44
13:36:31: [INFO] Using internal autorouter method
13:36:31: [INFO] Routing pad 'SW44:2' at (240665000, 109220000) with pad 'D44:2' at (243205000, 116900000) using coordinate system rotated by 0 degree(s)
13:36:31: [INFO] Adding track segment (B.Cu): [(240665000, 109220000), (240665000, 114360000)]
13:36:31: [INFO] Adding track segment (B.Cu): [(240665000, 114360000), (243205000, 116900000)]
13:36:31: [INFO] Routing SW43 with D43
13:36:31: [INFO] Using internal autorouter method
13:36:31: [INFO] Routing pad 'SW43:2' at (221615000, 109220000) with pad 'D43:2' at (224155000, 116900000) using coordinate system rotated by 0 degree(s)
13:36:31: [INFO] Adding track segment (B.Cu): [(221615000, 109220000), (221615000, 114360000)]
13:36:31: [INFO] Adding track segment (B.Cu): [(221615000, 114360000), (224155000, 116900000)]
13:36:31: [INFO] Routing SW42 with D42
13:36:31: [INFO] Using internal autorouter method
13:36:31: [INFO] Routing pad 'SW42:2' at (202565000, 109220000) with pad 'D42:2' at (205105000, 116900000) using coordinate system rotated by 0 degree(s)
13:36:31: [INFO] Adding track segment (B.Cu): [(202565000, 109220000), (202565000, 114360000)]
13:36:31: [INFO] Adding track segment (B.Cu): [(202565000, 114360000), (205105000, 116900000)]
13:36:31: [INFO] Routing SW41 with D41
13:36:31: [INFO] Using internal autorouter method
13:36:31: [INFO] Routing pad 'SW41:2' at (183515000, 109220000) with pad 'D41:2' at (186055000, 116900000) using coordinate system rotated by 0 degree(s)
13:36:31: [INFO] Adding track segment (B.Cu): [(183515000, 109220000), (183515000, 114360000)]
13:36:31: [INFO] Adding track segment (B.Cu): [(183515000, 114360000), (186055000, 116900000)]
13:36:31: [INFO] Routing SW40 with D40
13:36:31: [INFO] Using internal autorouter method
13:36:31: [INFO] Routing pad 'SW40:2' at (164465000, 109220000) with pad 'D40:2' at (167005000, 116900000) using coordinate system rotated by 0 degree(s)
13:36:31: [INFO] Adding track segment (B.Cu): [(164465000, 109220000), (164465000, 114360000)]
13:36:31: [INFO] Adding track segment (B.Cu): [(164465000, 114360000), (167005000, 116900000)]
13:36:31: [INFO] Routing SW39 with D39
13:36:31: [INFO] Using internal autorouter method
13:36:31: [INFO] Routing pad 'SW39:2' at (145415000, 109220000) with pad 'D39:2' at (147955000, 116900000) using coordinate system rotated by 0 degree(s)
13:36:31: [INFO] Adding track segment (B.Cu): [(145415000, 109220000), (145415000, 114360000)]
13:36:31: [INFO] Adding track segment (B.Cu): [(145415000, 114360000), (147955000, 116900000)]
13:36:31: [INFO] Routing SW38 with D38
13:36:31: [INFO] Using internal autorouter method
13:36:31: [INFO] Routing pad 'SW38:2' at (126365000, 109220000) with pad 'D38:2' at (128905000, 116900000) using coordinate system rotated by 0 degree(s)
13:36:31: [INFO] Adding track segment (B.Cu): [(126365000, 109220000), (126365000, 114360000)]
13:36:31: [INFO] Adding track segment (B.Cu): [(126365000, 114360000), (128905000, 116900000)]
13:36:31: [INFO] Routing SW37 with D37
13:36:31: [INFO] Using internal autorouter method
13:36:31: [INFO] Routing pad 'SW37:2' at (102552500, 109220000) with pad 'D37:2' at (105092500, 116900000) using coordinate system rotated by 0 degree(s)
13:36:31: [INFO] Adding track segment (B.Cu): [(102552500, 109220000), (102552500, 114360000)]
13:36:31: [INFO] Adding track segment (B.Cu): [(102552500, 114360000), (105092500, 116900000)]
13:36:31: [INFO] Routing SW36a with D36
13:36:31: [INFO] Using internal autorouter method
13:36:31: [INFO] Routing pad 'SW36a:2' at (440690000, 99695000) with pad 'D36:2' at (443230000, 97850000) using coordinate system rotated by 0 degree(s)
13:36:31: [INFO] Adding track segment (B.Cu): [(440690000, 99695000), (441385000, 99695000)]
13:36:31: [INFO] Adding track segment (B.Cu): [(441385000, 99695000), (443230000, 97850000)]
13:36:31: [INFO] Routing SW36 with D36
13:36:31: [INFO] Using internal autorouter method
13:36:31: [INFO] Routing pad 'SW36:2' at (440690000, 90170000) with pad 'D36:2' at (443230000, 97850000) using coordinate system rotated by 0 degree(s)
13:36:31: [INFO] Adding track segment (B.Cu): [(440690000, 90170000), (440690000, 95310000)]
13:36:31: [INFO] Adding track segment (B.Cu): [(440690000, 95310000), (443230000, 97850000)]
13:36:31: [INFO] Routing SW35 with D35
13:36:31: [INFO] Using internal autorouter method
13:36:31: [INFO] Routing pad 'SW35:2' at (421640000, 90170000) with pad 'D35:2' at (424180000, 97850000) using coordinate system rotated by 0 degree(s)
13:36:31: [INFO] Adding track segment (B.Cu): [(421640000, 90170000), (421640000, 95310000)]
13:36:31: [INFO] Adding track segment (B.Cu): [(421640000, 95310000), (424180000, 97850000)]
13:36:31: [INFO] Routing SW34 with D34
13:36:31: [INFO] Using internal autorouter method
13:36:31: [INFO] Routing pad 'SW34:2' at (402590000, 90170000) with pad 'D34:2' at (405130000, 97850000) using coordinate system rotated by 0 degree(s)
13:36:31: [INFO] Adding track segment (B.Cu): [(402590000, 90170000), (402590000, 95310000)]
13:36:31: [INFO] Adding track segment (B.Cu): [(402590000, 95310000), (405130000, 97850000)]
13:36:31: [INFO] Routing SW33 with D33
13:36:31: [INFO] Using internal autorouter method
13:36:31: [INFO] Routing pad 'SW33:2' at (383540000, 90170000) with pad 'D33:2' at (386080000, 97850000) using coordinate system rotated by 0 degree(s)
13:36:31: [INFO] Adding track segment (B.Cu): [(383540000, 90170000), (383540000, 95310000)]
13:36:31: [INFO] Adding track segment (B.Cu): [(383540000, 95310000), (386080000, 97850000)]
13:36:31: [INFO] Routing SW32a with D32
13:36:31: [INFO] Using internal autorouter method
13:36:31: [INFO] Routing pad 'SW32a:2' at (354965000, 90170000) with pad 'D32:2' at (347980000, 97850000) using coordinate system rotated by 0 degree(s)
13:36:31: [INFO] Routing SW32 with D32
13:36:31: [INFO] Using internal autorouter method
13:36:31: [INFO] Routing pad 'SW32:2' at (345440000, 90170000) with pad 'D32:2' at (347980000, 97850000) using coordinate system rotated by 0 degree(s)
13:36:31: [INFO] Adding track segment (B.Cu): [(345440000, 90170000), (345440000, 95310000)]
13:36:31: [INFO] Adding track segment (B.Cu): [(345440000, 95310000), (347980000, 97850000)]
13:36:31: [INFO] Routing SW31 with D31
13:36:31: [INFO] Using internal autorouter method
13:36:31: [INFO] Routing pad 'SW31:2' at (326390000, 90170000) with pad 'D31:2' at (328930000, 97850000) using coordinate system rotated by 0 degree(s)
13:36:31: [INFO] Adding track segment (B.Cu): [(326390000, 90170000), (326390000, 95310000)]
13:36:31: [INFO] Adding track segment (B.Cu): [(326390000, 95310000), (328930000, 97850000)]
13:36:31: [INFO] Routing SW30 with D30
13:36:31: [INFO] Using internal autorouter method
13:36:31: [INFO] Routing pad 'SW30:2' at (307340000, 90170000) with pad 'D30:2' at (309880000, 97850000) using coordinate system rotated by 0 degree(s)
13:36:31: [INFO] Adding track segment (B.Cu): [(307340000, 90170000), (307340000, 95310000)]
13:36:31: [INFO] Adding track segment (B.Cu): [(307340000, 95310000), (309880000, 97850000)]
13:36:31: [INFO] Routing SW29 with D29
13:36:31: [INFO] Using internal autorouter method
13:36:31: [INFO] Routing pad 'SW29:2' at (288290000, 90170000) with pad 'D29:2' at (290830000, 97850000) using coordinate system rotated by 0 degree(s)
13:36:32: [INFO] Adding track segment (B.Cu): [(288290000, 90170000), (288290000, 95310000)]
13:36:32: [INFO] Adding track segment (B.Cu): [(288290000, 95310000), (290830000, 97850000)]
13:36:32: [INFO] Routing SW28 with D28
13:36:32: [INFO] Using internal autorouter method
13:36:32: [INFO] Routing pad 'SW28:2' at (269240000, 90170000) with pad 'D28:2' at (271780000, 97850000) using coordinate system rotated by 0 degree(s)
13:36:32: [INFO] Adding track segment (B.Cu): [(269240000, 90170000), (269240000, 95310000)]
13:36:32: [INFO] Adding track segment (B.Cu): [(269240000, 95310000), (271780000, 97850000)]
13:36:32: [INFO] Routing SW27 with D27
13:36:32: [INFO] Using internal autorouter method
13:36:32: [INFO] Routing pad 'SW27:2' at (250190000, 90170000) with pad 'D27:2' at (252730000, 97850000) using coordinate system rotated by 0 degree(s)
13:36:32: [INFO] Adding track segment (B.Cu): [(250190000, 90170000), (250190000, 95310000)]
13:36:32: [INFO] Adding track segment (B.Cu): [(250190000, 95310000), (252730000, 97850000)]
13:36:32: [INFO] Routing SW26 with D26
13:36:32: [INFO] Using internal autorouter method
13:36:32: [INFO] Routing pad 'SW26:2' at (231140000, 90170000) with pad 'D26:2' at (233680000, 97850000) using coordinate system rotated by 0 degree(s)
13:36:32: [INFO] Adding track segment (B.Cu): [(231140000, 90170000), (231140000, 95310000)]
13:36:32: [INFO] Adding track segment (B.Cu): [(231140000, 95310000), (233680000, 97850000)]
13:36:32: [INFO] Routing SW25 with D25
13:36:32: [INFO] Using internal autorouter method
13:36:32: [INFO] Routing pad 'SW25:2' at (212090000, 90170000) with pad 'D25:2' at (214630000, 97850000) using coordinate system rotated by 0 degree(s)
13:36:32: [INFO] Adding track segment (B.Cu): [(212090000, 90170000), (212090000, 95310000)]
13:36:32: [INFO] Adding track segment (B.Cu): [(212090000, 95310000), (214630000, 97850000)]
13:36:32: [INFO] Routing SW24 with D24
13:36:32: [INFO] Using internal autorouter method
13:36:32: [INFO] Routing pad 'SW24:2' at (193040000, 90170000) with pad 'D24:2' at (195580000, 97850000) using coordinate system rotated by 0 degree(s)
13:36:32: [INFO] Adding track segment (B.Cu): [(193040000, 90170000), (193040000, 95310000)]
13:36:32: [INFO] Adding track segment (B.Cu): [(193040000, 95310000), (195580000, 97850000)]
13:36:32: [INFO] Routing SW23 with D23
13:36:32: [INFO] Using internal autorouter method
13:36:32: [INFO] Routing pad 'SW23:2' at (173990000, 90170000) with pad 'D23:2' at (176530000, 97850000) using coordinate system rotated by 0 degree(s)
13:36:32: [INFO] Adding track segment (B.Cu): [(173990000, 90170000), (173990000, 95310000)]
13:36:32: [INFO] Adding track segment (B.Cu): [(173990000, 95310000), (176530000, 97850000)]
13:36:32: [INFO] Routing SW22 with D22
13:36:32: [INFO] Using internal autorouter method
13:36:32: [INFO] Routing pad 'SW22:2' at (154940000, 90170000) with pad 'D22:2' at (157480000, 97850000) using coordinate system rotated by 0 degree(s)
13:36:32: [INFO] Adding track segment (B.Cu): [(154940000, 90170000), (154940000, 95310000)]
13:36:32: [INFO] Adding track segment (B.Cu): [(154940000, 95310000), (157480000, 97850000)]
13:36:32: [INFO] Routing SW21 with D21
13:36:32: [INFO] Using internal autorouter method
13:36:32: [INFO] Routing pad 'SW21:2' at (135890000, 90170000) with pad 'D21:2' at (138430000, 97850000) using coordinate system rotated by 0 degree(s)
13:36:32: [INFO] Adding track segment (B.Cu): [(135890000, 90170000), (135890000, 95310000)]
13:36:32: [INFO] Adding track segment (B.Cu): [(135890000, 95310000), (138430000, 97850000)]
13:36:32: [INFO] Routing SW20 with D20
13:36:32: [INFO] Using internal autorouter method
13:36:32: [INFO] Routing pad 'SW20:2' at (116840000, 90170000) with pad 'D20:2' at (119380000, 97850000) using coordinate system rotated by 0 degree(s)
13:36:32: [INFO] Adding track segment (B.Cu): [(116840000, 90170000), (116840000, 95310000)]
13:36:32: [INFO] Adding track segment (B.Cu): [(116840000, 95310000), (119380000, 97850000)]
13:36:32: [INFO] Routing SW19 with D19
13:36:32: [INFO] Using internal autorouter method
13:36:32: [INFO] Routing pad 'SW19:2' at (97790000, 90170000) with pad 'D19:2' at (100330000, 97850000) using coordinate system rotated by 0 degree(s)
13:36:32: [INFO] Adding track segment (B.Cu): [(97790000, 90170000), (97790000, 95310000)]
13:36:32: [INFO] Adding track segment (B.Cu): [(97790000, 95310000), (100330000, 97850000)]
13:36:32: [INFO] Routing SW18 with D18
13:36:32: [INFO] Using internal autorouter method
13:36:32: [INFO] Routing pad 'SW18:2' at (440690000, 71120000) with pad 'D18:2' at (443230000, 78800000) using coordinate system rotated by 0 degree(s)
13:36:32: [INFO] Adding track segment (B.Cu): [(440690000, 71120000), (440690000, 76260000)]
13:36:32: [INFO] Adding track segment (B.Cu): [(440690000, 76260000), (443230000, 78800000)]
13:36:32: [INFO] Routing SW17a with D17
13:36:32: [INFO] Using internal autorouter method
13:36:32: [INFO] Routing pad 'SW17a:2' at (431165000, 71120000) with pad 'D17:2' at (424180000, 78800000) using coordinate system rotated by 0 degree(s)
13:36:32: [INFO] Routing SW17 with D17
13:36:32: [INFO] Using internal autorouter method
13:36:32: [INFO] Routing pad 'SW17:2' at (421640000, 71120000) with pad 'D17:2' at (424180000, 78800000) using coordinate system rotated by 0 degree(s)
13:36:32: [INFO] Adding track segment (B.Cu): [(421640000, 71120000), (421640000, 76260000)]
13:36:32: [INFO] Adding track segment (B.Cu): [(421640000, 76260000), (424180000, 78800000)]
13:36:32: [INFO] Routing SW16 with D16
13:36:32: [INFO] Using internal autorouter method
13:36:32: [INFO] Routing pad 'SW16:2' at (402590000, 71120000) with pad 'D16:2' at (405130000, 78800000) using coordinate system rotated by 0 degree(s)
13:36:32: [INFO] Adding track segment (B.Cu): [(402590000, 71120000), (402590000, 76260000)]
13:36:32: [INFO] Adding track segment (B.Cu): [(402590000, 76260000), (405130000, 78800000)]
13:36:32: [INFO] Routing SW15 with D15
13:36:32: [INFO] Using internal autorouter method
13:36:32: [INFO] Routing pad 'SW15:2' at (383540000, 71120000) with pad 'D15:2' at (386080000, 78800000) using coordinate system rotated by 0 degree(s)
13:36:32: [INFO] Adding track segment (B.Cu): [(383540000, 71120000), (383540000, 76260000)]
13:36:32: [INFO] Adding track segment (B.Cu): [(383540000, 76260000), (386080000, 78800000)]
13:36:32: [INFO] Routing SW14a with D14
13:36:32: [INFO] Using internal autorouter method
13:36:32: [INFO] Routing pad 'SW14a:2' at (354965000, 71120000) with pad 'D14:2' at (347980000, 78800000) using coordinate system rotated by 0 degree(s)
13:36:32: [INFO] Routing SW14 with D14
13:36:32: [INFO] Using internal autorouter method
13:36:32: [INFO] Routing pad 'SW14:2' at (345440000, 71120000) with pad 'D14:2' at (347980000, 78800000) using coordinate system rotated by 0 degree(s)
13:36:32: [INFO] Adding track segment (B.Cu): [(345440000, 71120000), (345440000, 76260000)]
13:36:32: [INFO] Adding track segment (B.Cu): [(345440000, 76260000), (347980000, 78800000)]
13:36:32: [INFO] Routing SW13a with D13
13:36:32: [INFO] Using internal autorouter method
13:36:32: [INFO] Routing pad 'SW13a:2' at (335915000, 71120000) with pad 'D13:2' at (328930000, 78800000) using coordinate system rotated by 0 degree(s)
13:36:32: [INFO] Routing SW13 with D13
13:36:32: [INFO] Using internal autorouter method
13:36:32: [INFO] Routing pad 'SW13:2' at (326390000, 71120000) with pad 'D13:2' at (328930000, 78800000) using coordinate system rotated by 0 degree(s)
13:36:32: [INFO] Adding track segment (B.Cu): [(326390000, 71120000), (326390000, 76260000)]
13:36:32: [INFO] Adding track segment (B.Cu): [(326390000, 76260000), (328930000, 78800000)]
13:36:32: [INFO] Routing SW12a with D12
13:36:32: [INFO] Using internal autorouter method
13:36:32: [INFO] Routing pad 'SW12a:2' at (316865000, 71120000) with pad 'D12:2' at (309880000, 78800000) using coordinate system rotated by 0 degree(s)
13:36:32: [INFO] Routing SW12 with D12
13:36:32: [INFO] Using internal autorouter method
13:36:32: [INFO] Routing pad 'SW12:2' at (307340000, 71120000) with pad 'D12:2' at (309880000, 78800000) using coordinate system rotated by 0 degree(s)
13:36:32: [INFO] Adding track segment (B.Cu): [(307340000, 71120000), (307340000, 76260000)]
13:36:32: [INFO] Adding track segment (B.Cu): [(307340000, 76260000), (309880000, 78800000)]
13:36:32: [INFO] Routing SW11a with D11
13:36:32: [INFO] Using internal autorouter method
13:36:32: [INFO] Routing pad 'SW11a:2' at (297815000, 71120000) with pad 'D11:2' at (290830000, 78800000) using coordinate system rotated by 0 degree(s)
13:36:32: [INFO] Routing SW11 with D11
13:36:32: [INFO] Using internal autorouter method
13:36:32: [INFO] Routing pad 'SW11:2' at (288290000, 71120000) with pad 'D11:2' at (290830000, 78800000) using coordinate system rotated by 0 degree(s)
13:36:32: [INFO] Adding track segment (B.Cu): [(288290000, 71120000), (288290000, 76260000)]
13:36:32: [INFO] Adding track segment (B.Cu): [(288290000, 76260000), (290830000, 78800000)]
13:36:32: [INFO] Routing SW10 with D10
13:36:32: [INFO] Using internal autorouter method
13:36:32: [INFO] Routing pad 'SW10:2' at (269240000, 71120000) with pad 'D10:2' at (271780000, 78800000) using coordinate system rotated by 0 degree(s)
13:36:32: [INFO] Adding track segment (B.Cu): [(269240000, 71120000), (269240000, 76260000)]
13:36:32: [INFO] Adding track segment (B.Cu): [(269240000, 76260000), (271780000, 78800000)]
13:36:32: [INFO] Routing SW9 with D9
13:36:32: [INFO] Using internal autorouter method
13:36:32: [INFO] Routing pad 'SW9:2' at (250190000, 71120000) with pad 'D9:2' at (252730000, 78800000) using coordinate system rotated by 0 degree(s)
13:36:32: [INFO] Adding track segment (B.Cu): [(250190000, 71120000), (250190000, 76260000)]
13:36:32: [INFO] Adding track segment (B.Cu): [(250190000, 76260000), (252730000, 78800000)]
13:36:32: [INFO] Routing SW8 with D8
13:36:32: [INFO] Using internal autorouter method
13:36:32: [INFO] Routing pad 'SW8:2' at (231140000, 71120000) with pad 'D8:2' at (233680000, 78800000) using coordinate system rotated by 0 degree(s)
13:36:32: [INFO] Adding track segment (B.Cu): [(231140000, 71120000), (231140000, 76260000)]
13:36:32: [INFO] Adding track segment (B.Cu): [(231140000, 76260000), (233680000, 78800000)]
13:36:32: [INFO] Routing SW7 with D7
13:36:32: [INFO] Using internal autorouter method
13:36:32: [INFO] Routing pad 'SW7:2' at (212090000, 71120000) with pad 'D7:2' at (214630000, 78800000) using coordinate system rotated by 0 degree(s)
13:36:32: [INFO] Adding track segment (B.Cu): [(212090000, 71120000), (212090000, 76260000)]
13:36:33: [INFO] Adding track segment (B.Cu): [(212090000, 76260000), (214630000, 78800000)]
13:36:33: [INFO] Routing SW6 with D6
13:36:33: [INFO] Using internal autorouter method
13:36:33: [INFO] Routing pad 'SW6:2' at (193040000, 71120000) with pad 'D6:2' at (195580000, 78800000) using coordinate system rotated by 0 degree(s)
13:36:33: [INFO] Adding track segment (B.Cu): [(193040000, 71120000), (193040000, 76260000)]
13:36:33: [INFO] Adding track segment (B.Cu): [(193040000, 76260000), (195580000, 78800000)]
13:36:33: [INFO] Routing SW5a with D5
13:36:33: [INFO] Using internal autorouter method
13:36:33: [INFO] Routing pad 'SW5a:2' at (183515000, 71120000) with pad 'D5:2' at (176530000, 78800000) using coordinate system rotated by 0 degree(s)
13:36:33: [INFO] Routing SW5 with D5
13:36:33: [INFO] Using internal autorouter method
13:36:33: [INFO] Routing pad 'SW5:2' at (173990000, 71120000) with pad 'D5:2' at (176530000, 78800000) using coordinate system rotated by 0 degree(s)
13:36:33: [INFO] Adding track segment (B.Cu): [(173990000, 71120000), (173990000, 76260000)]
13:36:33: [INFO] Adding track segment (B.Cu): [(173990000, 76260000), (176530000, 78800000)]
13:36:33: [INFO] Routing SW4a with D4
13:36:33: [INFO] Using internal autorouter method
13:36:33: [INFO] Routing pad 'SW4a:2' at (164465000, 71120000) with pad 'D4:2' at (157480000, 78800000) using coordinate system rotated by 0 degree(s)
13:36:33: [INFO] Routing SW4 with D4
13:36:33: [INFO] Using internal autorouter method
13:36:33: [INFO] Routing pad 'SW4:2' at (154940000, 71120000) with pad 'D4:2' at (157480000, 78800000) using coordinate system rotated by 0 degree(s)
13:36:33: [INFO] Adding track segment (B.Cu): [(154940000, 71120000), (154940000, 76260000)]
13:36:33: [INFO] Adding track segment (B.Cu): [(154940000, 76260000), (157480000, 78800000)]
13:36:33: [INFO] Routing SW3a with D3
13:36:33: [INFO] Using internal autorouter method
13:36:33: [INFO] Routing pad 'SW3a:2' at (145415000, 71120000) with pad 'D3:2' at (138430000, 78800000) using coordinate system rotated by 0 degree(s)
13:36:33: [INFO] Routing SW3 with D3
13:36:33: [INFO] Using internal autorouter method
13:36:33: [INFO] Routing pad 'SW3:2' at (135890000, 71120000) with pad 'D3:2' at (138430000, 78800000) using coordinate system rotated by 0 degree(s)
13:36:33: [INFO] Adding track segment (B.Cu): [(135890000, 71120000), (135890000, 76260000)]
13:36:33: [INFO] Adding track segment (B.Cu): [(135890000, 76260000), (138430000, 78800000)]
13:36:33: [INFO] Routing SW2a with D2
13:36:33: [INFO] Using internal autorouter method
13:36:33: [INFO] Routing pad 'SW2a:2' at (126365000, 71120000) with pad 'D2:2' at (119380000, 78800000) using coordinate system rotated by 0 degree(s)
13:36:33: [INFO] Routing SW2 with D2
13:36:33: [INFO] Using internal autorouter method
13:36:33: [INFO] Routing pad 'SW2:2' at (116840000, 71120000) with pad 'D2:2' at (119380000, 78800000) using coordinate system rotated by 0 degree(s)
13:36:33: [INFO] Adding track segment (B.Cu): [(116840000, 71120000), (116840000, 76260000)]
13:36:33: [INFO] Adding track segment (B.Cu): [(116840000, 76260000), (119380000, 78800000)]
13:36:33: [INFO] Routing SW1 with D1
13:36:33: [INFO] Using internal autorouter method
13:36:33: [INFO] Routing pad 'SW1:2' at (97790000, 71120000) with pad 'D1:2' at (100330000, 78800000) using coordinate system rotated by 0 degree(s)
13:36:33: [INFO] Adding track segment (B.Cu): [(97790000, 71120000), (97790000, 76260000)]
13:36:33: [INFO] Adding track segment (B.Cu): [(97790000, 76260000), (100330000, 78800000)]
13:36:33: [INFO] Routing ROW4 pads
13:36:33: [INFO] Routing pad 'D73:1' at (112236250, 157800000) with pad 'D74:1' at (124142500, 157800000) using coordinate system rotated by 0 degree(s)
13:36:33: [INFO] Adding track segment (B.Cu): [(112236250, 157800000), (124142500, 157800000)]
13:36:33: [INFO] Routing pad 'D74:1' at (124142500, 157800000) with pad 'D75:1' at (143192500, 157800000) using coordinate system rotated by 0 degree(s)
13:36:33: [INFO] Adding track segment (B.Cu): [(124142500, 157800000), (143192500, 157800000)]
13:36:33: [INFO] Routing pad 'D75:1' at (143192500, 157800000) with pad 'D76:1' at (162242500, 157800000) using coordinate system rotated by 0 degree(s)
13:36:33: [INFO] Adding track segment (B.Cu): [(143192500, 157800000), (162242500, 157800000)]
13:36:33: [INFO] Routing pad 'D76:1' at (162242500, 157800000) with pad 'D77:1' at (181292500, 157800000) using coordinate system rotated by 0 degree(s)
13:36:33: [INFO] Adding track segment (B.Cu): [(162242500, 157800000), (181292500, 157800000)]
13:36:33: [INFO] Routing pad 'D77:1' at (181292500, 157800000) with pad 'D78:1' at (200342500, 157800000) using coordinate system rotated by 0 degree(s)
13:36:33: [INFO] Adding track segment (B.Cu): [(181292500, 157800000), (200342500, 157800000)]
13:36:33: [INFO] Routing pad 'D78:1' at (200342500, 157800000) with pad 'D79:1' at (219392500, 157800000) using coordinate system rotated by 0 degree(s)
13:36:33: [INFO] Adding track segment (B.Cu): [(200342500, 157800000), (219392500, 157800000)]
13:36:33: [INFO] Routing pad 'D79:1' at (219392500, 157800000) with pad 'D80:1' at (238442500, 157800000) using coordinate system rotated by 0 degree(s)
13:36:33: [INFO] Adding track segment (B.Cu): [(219392500, 157800000), (238442500, 157800000)]
13:36:33: [INFO] Routing pad 'D80:1' at (238442500, 157800000) with pad 'D81:1' at (257492500, 157800000) using coordinate system rotated by 0 degree(s)
13:36:33: [INFO] Adding track segment (B.Cu): [(238442500, 157800000), (257492500, 157800000)]
13:36:33: [INFO] Routing pad 'D81:1' at (257492500, 157800000) with pad 'D82:1' at (276542500, 157800000) using coordinate system rotated by 0 degree(s)
13:36:33: [INFO] Adding track segment (B.Cu): [(257492500, 157800000), (276542500, 157800000)]
13:36:33: [INFO] Routing pad 'D82:1' at (276542500, 157800000) with pad 'D83:1' at (295592500, 157800000) using coordinate system rotated by 0 degree(s)
13:36:33: [INFO] Adding track segment (B.Cu): [(276542500, 157800000), (295592500, 157800000)]
13:36:33: [INFO] Routing pad 'D83:1' at (295592500, 157800000) with pad 'D84:1' at (314642500, 157800000) using coordinate system rotated by 0 degree(s)
13:36:33: [INFO] Adding track segment (B.Cu): [(295592500, 157800000), (314642500, 157800000)]
13:36:33: [INFO] Routing pad 'D84:1' at (314642500, 157800000) with pad 'D85:1' at (340836250, 157800000) using coordinate system rotated by 0 degree(s)
13:36:33: [INFO] Adding track segment (B.Cu): [(314642500, 157800000), (340836250, 157800000)]
13:36:33: [INFO] Routing pad 'D85:1' at (340836250, 157800000) with pad 'D86:1' at (367030000, 157800000) using coordinate system rotated by 0 degree(s)
13:36:33: [INFO] Adding track segment (B.Cu): [(340836250, 157800000), (367030000, 157800000)]
13:36:33: [INFO] Routing pad 'D86:1' at (367030000, 157800000) with pad 'D87:1' at (386080000, 157800000) using coordinate system rotated by 0 degree(s)
13:36:33: [INFO] Adding track segment (B.Cu): [(367030000, 157800000), (386080000, 157800000)]
13:36:33: [INFO] Routing pad 'D87:1' at (386080000, 157800000) with pad 'D88:1' at (405130000, 157800000) using coordinate system rotated by 0 degree(s)
13:36:33: [INFO] Adding track segment (B.Cu): [(386080000, 157800000), (405130000, 157800000)]
13:36:33: [INFO] Routing pad 'D88:1' at (405130000, 157800000) with pad 'D89:1' at (424180000, 157800000) using coordinate system rotated by 0 degree(s)
13:36:33: [INFO] Adding track segment (B.Cu): [(405130000, 157800000), (424180000, 157800000)]
13:36:33: [INFO] Routing pad 'D89:1' at (424180000, 157800000) with pad 'D90:1' at (443230000, 157800000) using coordinate system rotated by 0 degree(s)
13:36:33: [INFO] Adding track segment (B.Cu): [(424180000, 157800000), (443230000, 157800000)]
13:36:33: [INFO] Could not add track segment due to detected collision
13:36:33: [INFO] Routing COL8 pads
13:36:33: [INFO] Routing pad 'SW9:1' at (243840000, 73660000) with pad 'SW27:1' at (243840000, 92710000) using coordinate system rotated by 0 degree(s)
13:36:33: [INFO] Adding track segment (F.Cu): [(243840000, 73660000), (243840000, 92710000)]
13:36:33: [INFO] Routing pad 'SW63:1' at (258127500, 130810000) with pad 'SW81:1' at (248602500, 149860000) using coordinate system rotated by 0 degree(s)
13:36:33: [INFO] Adding track segment (F.Cu): [(258127500, 130810000), (258127500, 140335000)]
13:36:33: [INFO] Adding track segment (F.Cu): [(258127500, 140335000), (248602500, 149860000)]
13:36:33: [INFO] Routing pad 'SW27:1' at (243840000, 92710000) with pad 'SW45:1' at (253365000, 111760000) using coordinate system rotated by 0 degree(s)
13:36:33: [INFO] Adding track segment (F.Cu): [(243840000, 92710000), (243840000, 102235000)]
13:36:33: [INFO] Adding track segment (F.Cu): [(243840000, 102235000), (253365000, 111760000)]
13:36:33: [INFO] Routing pad 'SW45:1' at (253365000, 111760000) with pad 'SW63:1' at (258127500, 130810000) using coordinate system rotated by 0 degree(s)
13:36:33: [INFO] Adding track segment (F.Cu): [(253365000, 111760000), (253365000, 126047500)]
13:36:33: [INFO] Adding track segment (F.Cu): [(253365000, 126047500), (258127500, 130810000)]
13:36:33: [INFO] Routing pad 'SW81:1' at (248602500, 149860000) with pad 'SW96b:1' at (305752500, 168910000) using coordinate system rotated by 0 degree(s)
13:36:33: [INFO] Routing pad 'SW96b:1' at (305752500, 168910000) with pad 'SW96a:1' at (308133750, 168910000) using coordinate system rotated by 0 degree(s)
13:36:33: [INFO] Adding track segment (F.Cu): [(305752500, 168910000), (308133750, 168910000)]
13:36:33: [INFO] Routing pad 'SW96a:1' at (308133750, 168910000) with pad 'SW96:1' at (315277500, 168910000) using coordinate system rotated by 0 degree(s)
13:36:33: [INFO] Adding track segment (F.Cu): [(308133750, 168910000), (315277500, 168910000)]
13:36:33: [INFO] Routing COL11 pads
13:36:33: [INFO] Routing pad 'SW12:1' at (300990000, 73660000) with pad 'SW30:1' at (300990000, 92710000) using coordinate system rotated by 0 degree(s)
13:36:33: [INFO] Adding track segment (F.Cu): [(300990000, 73660000), (300990000, 92710000)]
13:36:33: [INFO] Could not add track segment due to detected collision
13:36:33: [INFO] Routing pad 'SW84a:1' at (308133750, 149860000) with pad 'SW84:1' at (305752500, 149860000) using coordinate system rotated by 0 degree(s)
13:36:33: [INFO] Adding track segment (F.Cu): [(308133750, 149860000), (305752500, 149860000)]
13:36:33: [INFO] Routing pad 'SW66:1' at (315277500, 130810000) with pad 'SW84a:1' at (308133750, 149860000) using coordinate system rotated by 0 degree(s)
13:36:33: [INFO] Routing pad 'SW12:1' at (300990000, 73660000) with pad 'SW12a:1' at (310515000, 73660000) using coordinate system rotated by 0 degree(s)
13:36:33: [INFO] Adding track segment (F.Cu): [(300990000, 73660000), (310515000, 73660000)]
13:36:33: [INFO] Routing pad 'SW30:1' at (300990000, 92710000) with pad 'SW48:1' at (310515000, 111760000) using coordinate system rotated by 0 degree(s)
13:36:33: [INFO] Adding track segment (F.Cu): [(300990000, 92710000), (300990000, 102235000)]
13:36:33: [INFO] Adding track segment (F.Cu): [(300990000, 102235000), (310515000, 111760000)]
13:36:33: [INFO] Routing pad 'SW48:1' at (310515000, 111760000) with pad 'SW66:1' at (315277500, 130810000) using coordinate system rotated by 0 degree(s)
13:36:33: [INFO] Adding track segment (F.Cu): [(310515000, 111760000), (310515000, 126047500)]
13:36:33: [INFO] Adding track segment (F.Cu): [(310515000, 126047500), (315277500, 130810000)]
13:36:33: [INFO] Routing ROW3 pads
13:36:33: [INFO] Routing pad 'D55:1' at (107473750, 138750000) with pad 'D56:1' at (133667500, 138750000) using coordinate system rotated by 0 degree(s)
13:36:33: [INFO] Adding track segment (B.Cu): [(107473750, 138750000), (133667500, 138750000)]
13:36:33: [INFO] Routing pad 'D56:1' at (133667500, 138750000) with pad 'D57:1' at (152717500, 138750000) using coordinate system rotated by 0 degree(s)
13:36:33: [INFO] Adding track segment (B.Cu): [(133667500, 138750000), (152717500, 138750000)]
13:36:33: [INFO] Routing pad 'D57:1' at (152717500, 138750000) with pad 'D58:1' at (171767500, 138750000) using coordinate system rotated by 0 degree(s)
13:36:33: [INFO] Adding track segment (B.Cu): [(152717500, 138750000), (171767500, 138750000)]
13:36:33: [INFO] Routing pad 'D58:1' at (171767500, 138750000) with pad 'D59:1' at (190817500, 138750000) using coordinate system rotated by 0 degree(s)
13:36:33: [INFO] Adding track segment (B.Cu): [(171767500, 138750000), (190817500, 138750000)]
13:36:33: [INFO] Routing pad 'D59:1' at (190817500, 138750000) with pad 'D60:1' at (209867500, 138750000) using coordinate system rotated by 0 degree(s)
13:36:33: [INFO] Adding track segment (B.Cu): [(190817500, 138750000), (209867500, 138750000)]
13:36:33: [INFO] Routing pad 'D60:1' at (209867500, 138750000) with pad 'D61:1' at (228917500, 138750000) using coordinate system rotated by 0 degree(s)
13:36:33: [INFO] Adding track segment (B.Cu): [(209867500, 138750000), (228917500, 138750000)]
13:36:33: [INFO] Routing pad 'D61:1' at (228917500, 138750000) with pad 'D62:1' at (247967500, 138750000) using coordinate system rotated by 0 degree(s)
13:36:33: [INFO] Adding track segment (B.Cu): [(228917500, 138750000), (247967500, 138750000)]
13:36:33: [INFO] Routing pad 'D62:1' at (247967500, 138750000) with pad 'D63:1' at (267017500, 138750000) using coordinate system rotated by 0 degree(s)
13:36:33: [INFO] Adding track segment (B.Cu): [(247967500, 138750000), (267017500, 138750000)]
13:36:33: [INFO] Routing pad 'D63:1' at (267017500, 138750000) with pad 'D64:1' at (286067500, 138750000) using coordinate system rotated by 0 degree(s)
13:36:33: [INFO] Adding track segment (B.Cu): [(267017500, 138750000), (286067500, 138750000)]
13:36:33: [INFO] Routing pad 'D64:1' at (286067500, 138750000) with pad 'D65:1' at (305117500, 138750000) using coordinate system rotated by 0 degree(s)
13:36:33: [INFO] Adding track segment (B.Cu): [(286067500, 138750000), (305117500, 138750000)]
13:36:33: [INFO] Routing pad 'D65:1' at (305117500, 138750000) with pad 'D66:1' at (324167500, 138750000) using coordinate system rotated by 0 degree(s)
13:36:33: [INFO] Adding track segment (B.Cu): [(305117500, 138750000), (324167500, 138750000)]
13:36:33: [INFO] Routing pad 'D66:1' at (324167500, 138750000) with pad 'D67:1' at (343217500, 138750000) using coordinate system rotated by 0 degree(s)
13:36:33: [INFO] Adding track segment (B.Cu): [(324167500, 138750000), (343217500, 138750000)]
13:36:33: [INFO] Routing pad 'D67:1' at (343217500, 138750000) with pad 'D68:1' at (355123750, 138750000) using coordinate system rotated by 0 degree(s)
13:36:33: [INFO] Adding track segment (B.Cu): [(343217500, 138750000), (355123750, 138750000)]
13:36:33: [INFO] Routing pad 'D68:1' at (355123750, 138750000) with pad 'D69:1' at (386080000, 138750000) using coordinate system rotated by 0 degree(s)
13:36:33: [INFO] Adding track segment (B.Cu): [(355123750, 138750000), (386080000, 138750000)]
13:36:33: [INFO] Routing pad 'D69:1' at (386080000, 138750000) with pad 'D70:1' at (405130000, 138750000) using coordinate system rotated by 0 degree(s)
13:36:33: [INFO] Adding track segment (B.Cu): [(386080000, 138750000), (405130000, 138750000)]
13:36:33: [INFO] Routing pad 'D70:1' at (405130000, 138750000) with pad 'D71:1' at (424180000, 138750000) using coordinate system rotated by 0 degree(s)
13:36:33: [INFO] Adding track segment (B.Cu): [(405130000, 138750000), (424180000, 138750000)]
13:36:33: [INFO] Routing pad 'D71:1' at (424180000, 138750000) with pad 'D72:1' at (443230000, 138750000) using coordinate system rotated by 0 degree(s)
13:36:33: [INFO] Adding track segment (B.Cu): [(424180000, 138750000), (443230000, 138750000)]
13:36:33: [INFO] Could not add track segment due to detected collision
13:36:33: [INFO] Routing COL16 pads
13:36:33: [INFO] Routing pad 'SW17:1' at (415290000, 73660000) with pad 'SW35:1' at (415290000, 92710000) using coordinate system rotated by 0 degree(s)
13:36:33: [INFO] Adding track segment (F.Cu): [(415290000, 73660000), (415290000, 92710000)]
13:36:33: [INFO] Could not add track segment due to detected collision
13:36:33: [INFO] Routing pad 'SW35:1' at (415290000, 92710000) with pad 'SW53:1' at (415290000, 111760000) using coordinate system rotated by 0 degree(s)
13:36:33: [INFO] Adding track segment (F.Cu): [(415290000, 92710000), (415290000, 111760000)]
13:36:33: [INFO] Routing pad 'SW53:1' at (415290000, 111760000) with pad 'SW71:1' at (415290000, 130810000) using coordinate system rotated by 0 degree(s)
13:36:33: [INFO] Adding track segment (F.Cu): [(415290000, 111760000), (415290000, 130810000)]
13:36:33: [INFO] Routing pad 'SW71:1' at (415290000, 130810000) with pad 'SW89:1' at (415290000, 149860000) using coordinate system rotated by 0 degree(s)
13:36:33: [INFO] Adding track segment (F.Cu): [(415290000, 130810000), (415290000, 149860000)]
13:36:33: [INFO] Routing pad 'SW89:1' at (415290000, 149860000) with pad 'SW103:1' at (415290000, 168910000) using coordinate system rotated by 0 degree(s)
13:36:33: [INFO] Adding track segment (F.Cu): [(415290000, 149860000), (415290000, 168910000)]
13:36:34: [INFO] Routing pad 'SW17:1' at (415290000, 73660000) with pad 'SW17a:1' at (424815000, 73660000) using coordinate system rotated by 0 degree(s)
13:36:34: [INFO] Adding track segment (F.Cu): [(415290000, 73660000), (424815000, 73660000)]
13:36:34: [INFO] Routing ROW1 pads
13:36:34: [INFO] Routing pad 'D19:1' at (100330000, 100650000) with pad 'D20:1' at (119380000, 100650000) using coordinate system rotated by 0 degree(s)
13:36:34: [INFO] Adding track segment (B.Cu): [(100330000, 100650000), (119380000, 100650000)]
13:36:34: [INFO] Routing pad 'D20:1' at (119380000, 100650000) with pad 'D21:1' at (138430000, 100650000) using coordinate system rotated by 0 degree(s)
13:36:34: [INFO] Adding track segment (B.Cu): [(119380000, 100650000), (138430000, 100650000)]
13:36:34: [INFO] Routing pad 'D21:1' at (138430000, 100650000) with pad 'D22:1' at (157480000, 100650000) using coordinate system rotated by 0 degree(s)
13:36:34: [INFO] Adding track segment (B.Cu): [(138430000, 100650000), (157480000, 100650000)]
13:36:34: [INFO] Routing pad 'D22:1' at (157480000, 100650000) with pad 'D23:1' at (176530000, 100650000) using coordinate system rotated by 0 degree(s)
13:36:34: [INFO] Adding track segment (B.Cu): [(157480000, 100650000), (176530000, 100650000)]
13:36:34: [INFO] Routing pad 'D23:1' at (176530000, 100650000) with pad 'D24:1' at (195580000, 100650000) using coordinate system rotated by 0 degree(s)
13:36:34: [INFO] Adding track segment (B.Cu): [(176530000, 100650000), (195580000, 100650000)]
13:36:34: [INFO] Routing pad 'D24:1' at (195580000, 100650000) with pad 'D25:1' at (214630000, 100650000) using coordinate system rotated by 0 degree(s)
13:36:34: [INFO] Adding track segment (B.Cu): [(195580000, 100650000), (214630000, 100650000)]
13:36:34: [INFO] Routing pad 'D25:1' at (214630000, 100650000) with pad 'D26:1' at (233680000, 100650000) using coordinate system rotated by 0 degree(s)
13:36:34: [INFO] Adding track segment (B.Cu): [(214630000, 100650000), (233680000, 100650000)]
13:36:34: [INFO] Routing pad 'D26:1' at (233680000, 100650000) with pad 'D27:1' at (252730000, 100650000) using coordinate system rotated by 0 degree(s)
13:36:34: [INFO] Adding track segment (B.Cu): [(233680000, 100650000), (252730000, 100650000)]
13:36:34: [INFO] Routing pad 'D27:1' at (252730000, 100650000) with pad 'D28:1' at (271780000, 100650000) using coordinate system rotated by 0 degree(s)
13:36:34: [INFO] Adding track segment (B.Cu): [(252730000, 100650000), (271780000, 100650000)]
13:36:34: [INFO] Routing pad 'D28:1' at (271780000, 100650000) with pad 'D29:1' at (290830000, 100650000) using coordinate system rotated by 0 degree(s)
13:36:34: [INFO] Adding track segment (B.Cu): [(271780000, 100650000), (290830000, 100650000)]
13:36:34: [INFO] Routing pad 'D29:1' at (290830000, 100650000) with pad 'D30:1' at (309880000, 100650000) using coordinate system rotated by 0 degree(s)
13:36:34: [INFO] Adding track segment (B.Cu): [(290830000, 100650000), (309880000, 100650000)]
13:36:34: [INFO] Routing pad 'D30:1' at (309880000, 100650000) with pad 'D31:1' at (328930000, 100650000) using coordinate system rotated by 0 degree(s)
13:36:34: [INFO] Adding track segment (B.Cu): [(309880000, 100650000), (328930000, 100650000)]
13:36:34: [INFO] Routing pad 'D31:1' at (328930000, 100650000) with pad 'D32:1' at (347980000, 100650000) using coordinate system rotated by 0 degree(s)
13:36:34: [INFO] Adding track segment (B.Cu): [(328930000, 100650000), (347980000, 100650000)]
13:36:34: [INFO] Routing pad 'D32:1' at (347980000, 100650000) with pad 'D33:1' at (386080000, 100650000) using coordinate system rotated by 0 degree(s)
13:36:34: [INFO] Adding track segment (B.Cu): [(347980000, 100650000), (386080000, 100650000)]
13:36:34: [INFO] Could not add track segment due to detected collision
13:36:34: [INFO] Routing pad 'D33:1' at (386080000, 100650000) with pad 'D34:1' at (405130000, 100650000) using coordinate system rotated by 0 degree(s)
13:36:34: [INFO] Adding track segment (B.Cu): [(386080000, 100650000), (405130000, 100650000)]
13:36:34: [INFO] Routing pad 'D34:1' at (405130000, 100650000) with pad 'D35:1' at (424180000, 100650000) using coordinate system rotated by 0 degree(s)
13:36:34: [INFO] Adding track segment (B.Cu): [(405130000, 100650000), (424180000, 100650000)]
13:36:34: [INFO] Routing pad 'D35:1' at (424180000, 100650000) with pad 'D36:1' at (443230000, 100650000) using coordinate system rotated by 0 degree(s)
13:36:34: [INFO] Adding track segment (B.Cu): [(424180000, 100650000), (443230000, 100650000)]
13:36:34: [INFO] Could not add track segment due to detected collision
13:36:34: [INFO] Routing COL2 pads
13:36:34: [INFO] Routing pad 'SW3:1' at (129540000, 73660000) with pad 'SW21:1' at (129540000, 92710000) using coordinate system rotated by 0 degree(s)
13:36:34: [INFO] Adding track segment (F.Cu): [(129540000, 73660000), (129540000, 92710000)]
13:36:34: [INFO] Could not add track segment due to detected collision
13:36:34: [INFO] Routing pad 'SW57:1' at (143827500, 130810000) with pad 'SW75:1' at (134302500, 149860000) using coordinate system rotated by 0 degree(s)
13:36:34: [INFO] Adding track segment (F.Cu): [(143827500, 130810000), (143827500, 140335000)]
13:36:34: [INFO] Adding track segment (F.Cu): [(143827500, 140335000), (134302500, 149860000)]
13:36:34: [INFO] Routing pad 'SW3:1' at (129540000, 73660000) with pad 'SW3a:1' at (139065000, 73660000) using coordinate system rotated by 0 degree(s)
13:36:34: [INFO] Adding track segment (F.Cu): [(129540000, 73660000), (139065000, 73660000)]
13:36:34: [INFO] Routing pad 'SW21:1' at (129540000, 92710000) with pad 'SW39:1' at (139065000, 111760000) using coordinate system rotated by 0 degree(s)
13:36:34: [INFO] Adding track segment (F.Cu): [(129540000, 92710000), (129540000, 102235000)]
13:36:34: [INFO] Adding track segment (F.Cu): [(129540000, 102235000), (139065000, 111760000)]
13:36:34: [INFO] Routing pad 'SW75:1' at (134302500, 149860000) with pad 'SW93:1' at (141446250, 168910000) using coordinate system rotated by 0 degree(s)
13:36:34: [INFO] Adding track segment (F.Cu): [(134302500, 149860000), (134302500, 161766250)]
13:36:34: [INFO] Adding track segment (F.Cu): [(134302500, 161766250), (141446250, 168910000)]
13:36:34: [INFO] Routing pad 'SW39:1' at (139065000, 111760000) with pad 'SW57:1' at (143827500, 130810000) using coordinate system rotated by 0 degree(s)
13:36:34: [INFO] Adding track segment (F.Cu): [(139065000, 111760000), (139065000, 126047500)]
13:36:34: [INFO] Adding track segment (F.Cu): [(139065000, 126047500), (143827500, 130810000)]
13:36:34: [INFO] Routing pad 'SW93:1' at (141446250, 168910000) with pad 'SW93a:1' at (143827500, 168910000) using coordinate system rotated by 0 degree(s)
13:36:34: [INFO] Adding track segment (F.Cu): [(141446250, 168910000), (143827500, 168910000)]
13:36:34: [INFO] Routing COL10 pads
13:36:34: [INFO] Routing pad 'SW11:1' at (281940000, 73660000) with pad 'SW29:1' at (281940000, 92710000) using coordinate system rotated by 0 degree(s)
13:36:34: [INFO] Adding track segment (F.Cu): [(281940000, 73660000), (281940000, 92710000)]
13:36:34: [INFO] Routing pad 'SW98:1' at (286702500, 168910000) with pad 'SW98a:1' at (284321250, 168910000) using coordinate system rotated by 0 degree(s)
13:36:34: [INFO] Adding track segment (F.Cu): [(286702500, 168910000), (284321250, 168910000)]
13:36:34: [INFO] Routing pad 'SW65:1' at (296227500, 130810000) with pad 'SW83:1' at (286702500, 149860000) using coordinate system rotated by 0 degree(s)
13:36:34: [INFO] Adding track segment (F.Cu): [(296227500, 130810000), (296227500, 140335000)]
13:36:34: [INFO] Adding track segment (F.Cu): [(296227500, 140335000), (286702500, 149860000)]
13:36:34: [INFO] Routing pad 'SW83:1' at (286702500, 149860000) with pad 'SW98:1' at (286702500, 168910000) using coordinate system rotated by 0 degree(s)
13:36:34: [INFO] Adding track segment (F.Cu): [(286702500, 149860000), (286702500, 168910000)]
13:36:34: [INFO] Could not add track segment due to detected collision
13:36:34: [INFO] Routing pad 'SW11:1' at (281940000, 73660000) with pad 'SW11a:1' at (291465000, 73660000) using coordinate system rotated by 0 degree(s)
13:36:34: [INFO] Adding track segment (F.Cu): [(281940000, 73660000), (291465000, 73660000)]
13:36:34: [INFO] Routing pad 'SW29:1' at (281940000, 92710000) with pad 'SW47:1' at (291465000, 111760000) using coordinate system rotated by 0 degree(s)
13:36:34: [INFO] Adding track segment (F.Cu): [(281940000, 92710000), (281940000, 102235000)]
13:36:34: [INFO] Adding track segment (F.Cu): [(281940000, 102235000), (291465000, 111760000)]
13:36:34: [INFO] Routing pad 'SW47:1' at (291465000, 111760000) with pad 'SW65:1' at (296227500, 130810000) using coordinate system rotated by 0 degree(s)
13:36:34: [INFO] Adding track segment (F.Cu): [(291465000, 111760000), (291465000, 126047500)]
13:36:34: [INFO] Adding track segment (F.Cu): [(291465000, 126047500), (296227500, 130810000)]
13:36:34: [INFO] Routing ROW2 pads
13:36:34: [INFO] Routing pad 'D37:1' at (105092500, 119700000) with pad 'D38:1' at (128905000, 119700000) using coordinate system rotated by 0 degree(s)
13:36:34: [INFO] Adding track segment (B.Cu): [(105092500, 119700000), (128905000, 119700000)]
13:36:34: [INFO] Routing pad 'D38:1' at (128905000, 119700000) with pad 'D39:1' at (147955000, 119700000) using coordinate system rotated by 0 degree(s)
13:36:34: [INFO] Adding track segment (B.Cu): [(128905000, 119700000), (147955000, 119700000)]
13:36:34: [INFO] Routing pad 'D39:1' at (147955000, 119700000) with pad 'D40:1' at (167005000, 119700000) using coordinate system rotated by 0 degree(s)
13:36:34: [INFO] Adding track segment (B.Cu): [(147955000, 119700000), (167005000, 119700000)]
13:36:34: [INFO] Routing pad 'D40:1' at (167005000, 119700000) with pad 'D41:1' at (186055000, 119700000) using coordinate system rotated by 0 degree(s)
13:36:34: [INFO] Adding track segment (B.Cu): [(167005000, 119700000), (186055000, 119700000)]
13:36:34: [INFO] Routing pad 'D41:1' at (186055000, 119700000) with pad 'D42:1' at (205105000, 119700000) using coordinate system rotated by 0 degree(s)
13:36:34: [INFO] Adding track segment (B.Cu): [(186055000, 119700000), (205105000, 119700000)]
13:36:34: [INFO] Routing pad 'D42:1' at (205105000, 119700000) with pad 'D43:1' at (224155000, 119700000) using coordinate system rotated by 0 degree(s)
13:36:34: [INFO] Adding track segment (B.Cu): [(205105000, 119700000), (224155000, 119700000)]
13:36:34: [INFO] Routing pad 'D43:1' at (224155000, 119700000) with pad 'D44:1' at (243205000, 119700000) using coordinate system rotated by 0 degree(s)
13:36:34: [INFO] Adding track segment (B.Cu): [(224155000, 119700000), (243205000, 119700000)]
13:36:34: [INFO] Routing pad 'D44:1' at (243205000, 119700000) with pad 'D45:1' at (262255000, 119700000) using coordinate system rotated by 0 degree(s)
13:36:34: [INFO] Adding track segment (B.Cu): [(243205000, 119700000), (262255000, 119700000)]
13:36:34: [INFO] Routing pad 'D45:1' at (262255000, 119700000) with pad 'D46:1' at (281305000, 119700000) using coordinate system rotated by 0 degree(s)
13:36:34: [INFO] Adding track segment (B.Cu): [(262255000, 119700000), (281305000, 119700000)]
13:36:34: [INFO] Routing pad 'D46:1' at (281305000, 119700000) with pad 'D47:1' at (300355000, 119700000) using coordinate system rotated by 0 degree(s)
13:36:34: [INFO] Adding track segment (B.Cu): [(281305000, 119700000), (300355000, 119700000)]
13:36:34: [INFO] Routing pad 'D47:1' at (300355000, 119700000) with pad 'D48:1' at (319405000, 119700000) using coordinate system rotated by 0 degree(s)
13:36:34: [INFO] Adding track segment (B.Cu): [(300355000, 119700000), (319405000, 119700000)]
13:36:34: [INFO] Routing pad 'D48:1' at (319405000, 119700000) with pad 'D49:1' at (338455000, 119700000) using coordinate system rotated by 0 degree(s)
13:36:34: [INFO] Adding track segment (B.Cu): [(319405000, 119700000), (338455000, 119700000)]
13:36:34: [INFO] Routing pad 'D49:1' at (338455000, 119700000) with pad 'D50:1' at (362267500, 119700000) using coordinate system rotated by 0 degree(s)
13:36:34: [INFO] Adding track segment (B.Cu): [(338455000, 119700000), (362267500, 119700000)]
13:36:34: [INFO] Could not add track segment due to detected collision
13:36:34: [INFO] Routing pad 'D50:1' at (362267500, 119700000) with pad 'D51:1' at (386080000, 119700000) using coordinate system rotated by 0 degree(s)
13:36:34: [INFO] Adding track segment (B.Cu): [(362267500, 119700000), (386080000, 119700000)]
13:36:34: [INFO] Could not add track segment due to detected collision
13:36:34: [INFO] Routing pad 'D51:1' at (386080000, 119700000) with pad 'D52:1' at (405130000, 119700000) using coordinate system rotated by 0 degree(s)
13:36:34: [INFO] Adding track segment (B.Cu): [(386080000, 119700000), (405130000, 119700000)]
13:36:34: [INFO] Routing pad 'D52:1' at (405130000, 119700000) with pad 'D53:1' at (424180000, 119700000) using coordinate system rotated by 0 degree(s)
13:36:34: [INFO] Adding track segment (B.Cu): [(405130000, 119700000), (424180000, 119700000)]
13:36:34: [INFO] Routing pad 'D53:1' at (424180000, 119700000) with pad 'D54:1' at (443230000, 119700000) using coordinate system rotated by 0 degree(s)
13:36:34: [INFO] Adding track segment (B.Cu): [(424180000, 119700000), (443230000, 119700000)]
13:36:34: [INFO] Could not add track segment due to detected collision
13:36:34: [INFO] Routing COL13 pads
13:36:34: [INFO] Routing pad 'SW14:1' at (339090000, 73660000) with pad 'SW32:1' at (339090000, 92710000) using coordinate system rotated by 0 degree(s)
13:36:34: [INFO] Adding track segment (F.Cu): [(339090000, 73660000), (339090000, 92710000)]
13:36:34: [INFO] Could not add track segment due to detected collision
13:36:34: [INFO] Routing pad 'SW86b:1' at (355758750, 149860000) with pad 'SW86a:1' at (341471250, 149860000) using coordinate system rotated by 0 degree(s)
13:36:34: [INFO] Adding track segment (F.Cu): [(355758750, 149860000), (341471250, 149860000)]
13:36:34: [INFO] Routing pad 'SW68b:1' at (355758750, 130810000) with pad 'SW68:1' at (346233750, 130810000) using coordinate system rotated by 0 degree(s)
13:36:34: [INFO] Adding track segment (F.Cu): [(355758750, 130810000), (346233750, 130810000)]
13:36:34: [INFO] Routing pad 'SW14:1' at (339090000, 73660000) with pad 'SW14a:1' at (348615000, 73660000) using coordinate system rotated by 0 degree(s)
13:36:34: [INFO] Adding track segment (F.Cu): [(339090000, 73660000), (348615000, 73660000)]
13:36:34: [INFO] Routing pad 'SW32:1' at (339090000, 92710000) with pad 'SW32a:1' at (348615000, 92710000) using coordinate system rotated by 0 degree(s)
13:36:34: [INFO] Adding track segment (F.Cu): [(339090000, 92710000), (348615000, 92710000)]
13:36:34: [INFO] Routing pad 'SW32a:1' at (348615000, 92710000) with pad 'SW50:1' at (353377500, 111760000) using coordinate system rotated by 0 degree(s)
13:36:34: [INFO] Routing pad 'SW50:1' at (353377500, 111760000) with pad 'SW68a:1' at (355758750, 121285000) using coordinate system rotated by 0 degree(s)
13:36:34: [INFO] Routing pad 'SW68a:1' at (355758750, 121285000) with pad 'SW68b:1' at (355758750, 130810000) using coordinate system rotated by 0 degree(s)
13:36:34: [INFO] Adding track segment (F.Cu): [(355758750, 121285000), (355758750, 130810000)]
13:36:34: [INFO] Routing pad 'SW68b:1' at (355758750, 130810000) with pad 'SW86b:1' at (355758750, 149860000) using coordinate system rotated by 0 degree(s)
13:36:34: [INFO] Adding track segment (F.Cu): [(355758750, 130810000), (355758750, 149860000)]
13:36:34: [INFO] Could not add track segment due to detected collision
13:36:34: [INFO] Routing pad 'SW86b:1' at (355758750, 149860000) with pad 'SW100a:1' at (355758750, 168910000) using coordinate system rotated by 0 degree(s)
13:36:34: [INFO] Adding track segment (F.Cu): [(355758750, 149860000), (355758750, 168910000)]
13:36:34: [INFO] Could not add track segment due to detected collision
13:36:34: [INFO] Routing pad 'SW86b:1' at (355758750, 149860000) with pad 'SW86:1' at (358140000, 149860000) using coordinate system rotated by 0 degree(s)
13:36:34: [INFO] Adding track segment (F.Cu): [(355758750, 149860000), (358140000, 149860000)]
13:36:34: [INFO] Routing pad 'SW100a:1' at (355758750, 168910000) with pad 'SW100:1' at (358140000, 168910000) using coordinate system rotated by 0 degree(s)
13:36:34: [INFO] Adding track segment (F.Cu): [(355758750, 168910000), (358140000, 168910000)]
13:36:34: [INFO] Routing ROW0 pads
13:36:34: [INFO] Routing pad 'D1:1' at (100330000, 81600000) with pad 'D2:1' at (119380000, 81600000) using coordinate system rotated by 0 degree(s)
13:36:34: [INFO] Adding track segment (B.Cu): [(100330000, 81600000), (119380000, 81600000)]
13:36:34: [INFO] Routing pad 'D2:1' at (119380000, 81600000) with pad 'D3:1' at (138430000, 81600000) using coordinate system rotated by 0 degree(s)
13:36:34: [INFO] Adding track segment (B.Cu): [(119380000, 81600000), (138430000, 81600000)]
13:36:34: [INFO] Routing pad 'D3:1' at (138430000, 81600000) with pad 'D4:1' at (157480000, 81600000) using coordinate system rotated by 0 degree(s)
13:36:34: [INFO] Adding track segment (B.Cu): [(138430000, 81600000), (157480000, 81600000)]
13:36:34: [INFO] Routing pad 'D4:1' at (157480000, 81600000) with pad 'D5:1' at (176530000, 81600000) using coordinate system rotated by 0 degree(s)
13:36:34: [INFO] Adding track segment (B.Cu): [(157480000, 81600000), (176530000, 81600000)]
13:36:34: [INFO] Routing pad 'D5:1' at (176530000, 81600000) with pad 'D6:1' at (195580000, 81600000) using coordinate system rotated by 0 degree(s)
13:36:34: [INFO] Adding track segment (B.Cu): [(176530000, 81600000), (195580000, 81600000)]
13:36:34: [INFO] Routing pad 'D6:1' at (195580000, 81600000) with pad 'D7:1' at (214630000, 81600000) using coordinate system rotated by 0 degree(s)
13:36:34: [INFO] Adding track segment (B.Cu): [(195580000, 81600000), (214630000, 81600000)]
13:36:34: [INFO] Routing pad 'D7:1' at (214630000, 81600000) with pad 'D8:1' at (233680000, 81600000) using coordinate system rotated by 0 degree(s)
13:36:34: [INFO] Adding track segment (B.Cu): [(214630000, 81600000), (233680000, 81600000)]
13:36:34: [INFO] Routing pad 'D8:1' at (233680000, 81600000) with pad 'D9:1' at (252730000, 81600000) using coordinate system rotated by 0 degree(s)
13:36:34: [INFO] Adding track segment (B.Cu): [(233680000, 81600000), (252730000, 81600000)]
13:36:34: [INFO] Routing pad 'D9:1' at (252730000, 81600000) with pad 'D10:1' at (271780000, 81600000) using coordinate system rotated by 0 degree(s)
13:36:34: [INFO] Adding track segment (B.Cu): [(252730000, 81600000), (271780000, 81600000)]
13:36:34: [INFO] Routing pad 'D10:1' at (271780000, 81600000) with pad 'D11:1' at (290830000, 81600000) using coordinate system rotated by 0 degree(s)
13:36:34: [INFO] Adding track segment (B.Cu): [(271780000, 81600000), (290830000, 81600000)]
13:36:35: [INFO] Routing pad 'D11:1' at (290830000, 81600000) with pad 'D12:1' at (309880000, 81600000) using coordinate system rotated by 0 degree(s)
13:36:35: [INFO] Adding track segment (B.Cu): [(290830000, 81600000), (309880000, 81600000)]
13:36:35: [INFO] Routing pad 'D12:1' at (309880000, 81600000) with pad 'D13:1' at (328930000, 81600000) using coordinate system rotated by 0 degree(s)
13:36:35: [INFO] Adding track segment (B.Cu): [(309880000, 81600000), (328930000, 81600000)]
13:36:35: [INFO] Routing pad 'D13:1' at (328930000, 81600000) with pad 'D14:1' at (347980000, 81600000) using coordinate system rotated by 0 degree(s)
13:36:35: [INFO] Adding track segment (B.Cu): [(328930000, 81600000), (347980000, 81600000)]
13:36:35: [INFO] Routing pad 'D14:1' at (347980000, 81600000) with pad 'D15:1' at (386080000, 81600000) using coordinate system rotated by 0 degree(s)
13:36:35: [INFO] Adding track segment (B.Cu): [(347980000, 81600000), (386080000, 81600000)]
13:36:35: [INFO] Could not add track segment due to detected collision
13:36:35: [INFO] Routing pad 'D15:1' at (386080000, 81600000) with pad 'D16:1' at (405130000, 81600000) using coordinate system rotated by 0 degree(s)
13:36:35: [INFO] Adding track segment (B.Cu): [(386080000, 81600000), (405130000, 81600000)]
13:36:35: [INFO] Routing pad 'D16:1' at (405130000, 81600000) with pad 'D17:1' at (424180000, 81600000) using coordinate system rotated by 0 degree(s)
13:36:35: [INFO] Adding track segment (B.Cu): [(405130000, 81600000), (424180000, 81600000)]
13:36:35: [INFO] Routing pad 'D17:1' at (424180000, 81600000) with pad 'D18:1' at (443230000, 81600000) using coordinate system rotated by 0 degree(s)
13:36:35: [INFO] Adding track segment (B.Cu): [(424180000, 81600000), (443230000, 81600000)]
13:36:35: [INFO] Routing COL17 pads
13:36:35: [INFO] Routing pad 'SW18:1' at (434340000, 73660000) with pad 'SW36:1' at (434340000, 92710000) using coordinate system rotated by 0 degree(s)
13:36:35: [INFO] Adding track segment (F.Cu): [(434340000, 73660000), (434340000, 92710000)]
13:36:35: [INFO] Could not add track segment due to detected collision
13:36:35: [INFO] Routing pad 'SW36:1' at (434340000, 92710000) with pad 'SW36a:1' at (434340000, 102235000) using coordinate system rotated by 0 degree(s)
13:36:35: [INFO] Adding track segment (F.Cu): [(434340000, 92710000), (434340000, 102235000)]
13:36:35: [INFO] Routing pad 'SW36a:1' at (434340000, 102235000) with pad 'SW54:1' at (434340000, 111760000) using coordinate system rotated by 0 degree(s)
13:36:35: [INFO] Adding track segment (F.Cu): [(434340000, 102235000), (434340000, 111760000)]
13:36:35: [INFO] Routing pad 'SW54:1' at (434340000, 111760000) with pad 'SW54a:1' at (434340000, 121285000) using coordinate system rotated by 0 degree(s)
13:36:35: [INFO] Adding track segment (F.Cu): [(434340000, 111760000), (434340000, 121285000)]
13:36:35: [INFO] Routing pad 'SW54a:1' at (434340000, 121285000) with pad 'SW72:1' at (434340000, 130810000) using coordinate system rotated by 0 degree(s)
13:36:35: [INFO] Adding track segment (F.Cu): [(434340000, 121285000), (434340000, 130810000)]
13:36:35: [INFO] Routing pad 'SW72:1' at (434340000, 130810000) with pad 'SW72a:1' at (434340000, 140335000) using coordinate system rotated by 0 degree(s)
13:36:35: [INFO] Adding track segment (F.Cu): [(434340000, 130810000), (434340000, 140335000)]
13:36:35: [INFO] Routing pad 'SW72a:1' at (434340000, 140335000) with pad 'SW90:1' at (434340000, 149860000) using coordinate system rotated by 0 degree(s)
13:36:35: [INFO] Adding track segment (F.Cu): [(434340000, 140335000), (434340000, 149860000)]
13:36:35: [INFO] Routing pad 'SW90:1' at (434340000, 149860000) with pad 'SW90a:1' at (434340000, 159385000) using coordinate system rotated by 0 degree(s)
13:36:35: [INFO] Adding track segment (F.Cu): [(434340000, 149860000), (434340000, 159385000)]
13:36:35: [INFO] Routing pad 'SW90a:1' at (434340000, 159385000) with pad 'SW104:1' at (434340000, 168910000) using coordinate system rotated by 0 degree(s)
13:36:35: [INFO] Adding track segment (F.Cu): [(434340000, 159385000), (434340000, 168910000)]
13:36:35: [INFO] Routing COL9 pads
13:36:35: [INFO] Routing pad 'SW10:1' at (262890000, 73660000) with pad 'SW28:1' at (262890000, 92710000) using coordinate system rotated by 0 degree(s)
13:36:35: [INFO] Adding track segment (F.Cu): [(262890000, 73660000), (262890000, 92710000)]
13:36:35: [INFO] Routing pad 'SW64:1' at (277177500, 130810000) with pad 'SW82:1' at (267652500, 149860000) using coordinate system rotated by 0 degree(s)
13:36:35: [INFO] Adding track segment (F.Cu): [(277177500, 130810000), (277177500, 140335000)]
13:36:35: [INFO] Adding track segment (F.Cu): [(277177500, 140335000), (267652500, 149860000)]
13:36:35: [INFO] Routing pad 'SW28:1' at (262890000, 92710000) with pad 'SW46:1' at (272415000, 111760000) using coordinate system rotated by 0 degree(s)
13:36:35: [INFO] Adding track segment (F.Cu): [(262890000, 92710000), (262890000, 102235000)]
13:36:35: [INFO] Adding track segment (F.Cu): [(262890000, 102235000), (272415000, 111760000)]
13:36:35: [INFO] Routing pad 'SW46:1' at (272415000, 111760000) with pad 'SW64:1' at (277177500, 130810000) using coordinate system rotated by 0 degree(s)
13:36:35: [INFO] Adding track segment (F.Cu): [(272415000, 111760000), (272415000, 126047500)]
13:36:35: [INFO] Adding track segment (F.Cu): [(272415000, 126047500), (277177500, 130810000)]
13:36:35: [INFO] Routing pad 'SW46:1' at (272415000, 111760000) with pad 'SW97:1' at (358140000, 92710000) using coordinate system rotated by 0 degree(s)
13:36:35: [INFO] Routing COL15 pads
13:36:35: [INFO] Routing pad 'SW16:1' at (396240000, 73660000) with pad 'SW34:1' at (396240000, 92710000) using coordinate system rotated by 0 degree(s)
13:36:35: [INFO] Adding track segment (F.Cu): [(396240000, 73660000), (396240000, 92710000)]
13:36:35: [INFO] Routing pad 'SW34:1' at (396240000, 92710000) with pad 'SW52:1' at (396240000, 111760000) using coordinate system rotated by 0 degree(s)
13:36:35: [INFO] Adding track segment (F.Cu): [(396240000, 92710000), (396240000, 111760000)]
13:36:35: [INFO] Routing pad 'SW52:1' at (396240000, 111760000) with pad 'SW70:1' at (396240000, 130810000) using coordinate system rotated by 0 degree(s)
13:36:35: [INFO] Adding track segment (F.Cu): [(396240000, 111760000), (396240000, 130810000)]
13:36:35: [INFO] Routing pad 'SW70:1' at (396240000, 130810000) with pad 'SW88:1' at (396240000, 149860000) using coordinate system rotated by 0 degree(s)
13:36:35: [INFO] Adding track segment (F.Cu): [(396240000, 130810000), (396240000, 149860000)]
13:36:35: [INFO] Routing pad 'SW88:1' at (396240000, 149860000) with pad 'SW102:1' at (396240000, 168910000) using coordinate system rotated by 0 degree(s)
13:36:35: [INFO] Adding track segment (F.Cu): [(396240000, 149860000), (396240000, 168910000)]
13:36:35: [INFO] Could not add track segment due to detected collision
13:36:35: [INFO] Routing COL6 pads
13:36:35: [INFO] Routing pad 'SW7:1' at (205740000, 73660000) with pad 'SW25:1' at (205740000, 92710000) using coordinate system rotated by 0 degree(s)
13:36:35: [INFO] Adding track segment (F.Cu): [(205740000, 73660000), (205740000, 92710000)]
13:36:35: [INFO] Routing pad 'SW61:1' at (220027500, 130810000) with pad 'SW79:1' at (210502500, 149860000) using coordinate system rotated by 0 degree(s)
13:36:35: [INFO] Adding track segment (F.Cu): [(220027500, 130810000), (220027500, 140335000)]
13:36:35: [INFO] Adding track segment (F.Cu): [(220027500, 140335000), (210502500, 149860000)]
13:36:35: [INFO] Routing pad 'SW25:1' at (205740000, 92710000) with pad 'SW43:1' at (215265000, 111760000) using coordinate system rotated by 0 degree(s)
13:36:35: [INFO] Adding track segment (F.Cu): [(205740000, 92710000), (205740000, 102235000)]
13:36:35: [INFO] Adding track segment (F.Cu): [(205740000, 102235000), (215265000, 111760000)]
13:36:35: [INFO] Routing pad 'SW43:1' at (215265000, 111760000) with pad 'SW61:1' at (220027500, 130810000) using coordinate system rotated by 0 degree(s)
13:36:35: [INFO] Adding track segment (F.Cu): [(215265000, 111760000), (215265000, 126047500)]
13:36:35: [INFO] Adding track segment (F.Cu): [(215265000, 126047500), (220027500, 130810000)]
13:36:35: [INFO] Routing pad 'SW43:1' at (215265000, 111760000) with pad 'SW95:1' at (358140000, 73660000) using coordinate system rotated by 0 degree(s)
13:36:35: [INFO] Routing COL4 pads
13:36:35: [INFO] Routing pad 'SW5:1' at (167640000, 73660000) with pad 'SW23:1' at (167640000, 92710000) using coordinate system rotated by 0 degree(s)
13:36:35: [INFO] Adding track segment (F.Cu): [(167640000, 73660000), (167640000, 92710000)]
13:36:35: [INFO] Could not add track segment due to detected collision
13:36:35: [INFO] Routing pad 'SW59:1' at (181927500, 130810000) with pad 'SW77:1' at (172402500, 149860000) using coordinate system rotated by 0 degree(s)
13:36:35: [INFO] Adding track segment (F.Cu): [(181927500, 130810000), (181927500, 140335000)]
13:36:35: [INFO] Adding track segment (F.Cu): [(181927500, 140335000), (172402500, 149860000)]
13:36:35: [INFO] Routing pad 'SW5:1' at (167640000, 73660000) with pad 'SW5a:1' at (177165000, 73660000) using coordinate system rotated by 0 degree(s)
13:36:35: [INFO] Adding track segment (F.Cu): [(167640000, 73660000), (177165000, 73660000)]
13:36:35: [INFO] Routing pad 'SW23:1' at (167640000, 92710000) with pad 'SW41:1' at (177165000, 111760000) using coordinate system rotated by 0 degree(s)
13:36:35: [INFO] Adding track segment (F.Cu): [(167640000, 92710000), (167640000, 102235000)]
13:36:35: [INFO] Adding track segment (F.Cu): [(167640000, 102235000), (177165000, 111760000)]
13:36:35: [INFO] Routing pad 'SW41:1' at (177165000, 111760000) with pad 'SW59:1' at (181927500, 130810000) using coordinate system rotated by 0 degree(s)
13:36:35: [INFO] Adding track segment (F.Cu): [(177165000, 111760000), (177165000, 126047500)]
13:36:35: [INFO] Adding track segment (F.Cu): [(177165000, 126047500), (181927500, 130810000)]
13:36:35: [INFO] Routing COL0 pads
13:36:35: [INFO] Routing pad 'SW1:1' at (91440000, 73660000) with pad 'SW19:1' at (91440000, 92710000) using coordinate system rotated by 0 degree(s)
13:36:35: [INFO] Adding track segment (F.Cu): [(91440000, 73660000), (91440000, 92710000)]
13:36:35: [INFO] Routing pad 'SW55:1' at (98583750, 130810000) with pad 'SW73a:1' at (93821250, 149860000) using coordinate system rotated by 0 degree(s)
13:36:35: [INFO] Adding track segment (F.Cu): [(98583750, 130810000), (98583750, 145097500)]
13:36:35: [INFO] Adding track segment (F.Cu): [(98583750, 145097500), (93821250, 149860000)]
13:36:35: [INFO] Routing pad 'SW73a:1' at (93821250, 149860000) with pad 'SW91:1' at (93821250, 168910000) using coordinate system rotated by 0 degree(s)
13:36:35: [INFO] Adding track segment (F.Cu): [(93821250, 149860000), (93821250, 168910000)]
13:36:35: [INFO] Could not add track segment due to detected collision
13:36:35: [INFO] Routing pad 'SW19:1' at (91440000, 92710000) with pad 'SW37:1' at (96202500, 111760000) using coordinate system rotated by 0 degree(s)
13:36:35: [INFO] Adding track segment (F.Cu): [(91440000, 92710000), (91440000, 106997500)]
13:36:35: [INFO] Adding track segment (F.Cu): [(91440000, 106997500), (96202500, 111760000)]
13:36:35: [INFO] Routing pad 'SW91:1' at (93821250, 168910000) with pad 'SW91a:1' at (96202500, 168910000) using coordinate system rotated by 0 degree(s)
13:36:35: [INFO] Adding track segment (F.Cu): [(93821250, 168910000), (96202500, 168910000)]
13:36:35: [INFO] Routing pad 'SW37:1' at (96202500, 111760000) with pad 'SW55:1' at (98583750, 130810000) using coordinate system rotated by 0 degree(s)
13:36:35: [INFO] Adding track segment (F.Cu): [(96202500, 111760000), (96202500, 128428750)]
13:36:35: [INFO] Adding track segment (F.Cu): [(96202500, 128428750), (98583750, 130810000)]
13:36:35: [INFO] Routing pad 'SW73a:1' at (93821250, 149860000) with pad 'SW73:1' at (103346250, 149860000) using coordinate system rotated by 0 degree(s)
13:36:35: [INFO] Adding track segment (F.Cu): [(93821250, 149860000), (103346250, 149860000)]
13:36:35: [INFO] Routing COL1 pads
13:36:35: [INFO] Routing pad 'SW2:1' at (110490000, 73660000) with pad 'SW20:1' at (110490000, 92710000) using coordinate system rotated by 0 degree(s)
13:36:35: [INFO] Adding track segment (F.Cu): [(110490000, 73660000), (110490000, 92710000)]
13:36:35: [INFO] Routing pad 'SW56:1' at (124777500, 130810000) with pad 'SW74:1' at (115252500, 149860000) using coordinate system rotated by 0 degree(s)
13:36:35: [INFO] Routing pad 'SW74:1' at (115252500, 149860000) with pad 'SW92:1' at (117633750, 168910000) using coordinate system rotated by 0 degree(s)
13:36:35: [INFO] Adding track segment (F.Cu): [(115252500, 149860000), (115252500, 166528750)]
13:36:35: [INFO] Adding track segment (F.Cu): [(115252500, 166528750), (117633750, 168910000)]
13:36:35: [INFO] Routing pad 'SW2:1' at (110490000, 73660000) with pad 'SW2a:1' at (120015000, 73660000) using coordinate system rotated by 0 degree(s)
13:36:35: [INFO] Adding track segment (F.Cu): [(110490000, 73660000), (120015000, 73660000)]
13:36:35: [INFO] Routing pad 'SW20:1' at (110490000, 92710000) with pad 'SW38:1' at (120015000, 111760000) using coordinate system rotated by 0 degree(s)
13:36:35: [INFO] Adding track segment (F.Cu): [(110490000, 92710000), (110490000, 102235000)]
13:36:35: [INFO] Adding track segment (F.Cu): [(110490000, 102235000), (120015000, 111760000)]
13:36:35: [INFO] Routing pad 'SW92:1' at (117633750, 168910000) with pad 'SW92a:1' at (120015000, 168910000) using coordinate system rotated by 0 degree(s)
13:36:35: [INFO] Adding track segment (F.Cu): [(117633750, 168910000), (120015000, 168910000)]
13:36:35: [INFO] Routing pad 'SW38:1' at (120015000, 111760000) with pad 'SW56:1' at (124777500, 130810000) using coordinate system rotated by 0 degree(s)
13:36:36: [INFO] Adding track segment (F.Cu): [(120015000, 111760000), (120015000, 126047500)]
13:36:36: [INFO] Adding track segment (F.Cu): [(120015000, 126047500), (124777500, 130810000)]
13:36:36: [INFO] Routing pad 'SW92a:1' at (120015000, 168910000) with pad 'SW92b:1' at (124777500, 168910000) using coordinate system rotated by 0 degree(s)
13:36:36: [INFO] Adding track segment (F.Cu): [(120015000, 168910000), (124777500, 168910000)]
13:36:36: [INFO] Routing COL5 pads
13:36:36: [INFO] Routing pad 'SW6:1' at (186690000, 73660000) with pad 'SW24:1' at (186690000, 92710000) using coordinate system rotated by 0 degree(s)
13:36:36: [INFO] Adding track segment (F.Cu): [(186690000, 73660000), (186690000, 92710000)]
13:36:36: [INFO] Could not add track segment due to detected collision
13:36:36: [INFO] Routing pad 'SW60:1' at (200977500, 130810000) with pad 'SW78:1' at (191452500, 149860000) using coordinate system rotated by 0 degree(s)
13:36:36: [INFO] Adding track segment (F.Cu): [(200977500, 130810000), (200977500, 140335000)]
13:36:36: [INFO] Adding track segment (F.Cu): [(200977500, 140335000), (191452500, 149860000)]
13:36:36: [INFO] Routing pad 'SW24:1' at (186690000, 92710000) with pad 'SW42:1' at (196215000, 111760000) using coordinate system rotated by 0 degree(s)
13:36:36: [INFO] Adding track segment (F.Cu): [(186690000, 92710000), (186690000, 102235000)]
13:36:36: [INFO] Adding track segment (F.Cu): [(186690000, 102235000), (196215000, 111760000)]
13:36:36: [INFO] Routing pad 'SW42:1' at (196215000, 111760000) with pad 'SW60:1' at (200977500, 130810000) using coordinate system rotated by 0 degree(s)
13:36:36: [INFO] Adding track segment (F.Cu): [(196215000, 111760000), (196215000, 126047500)]
13:36:36: [INFO] Adding track segment (F.Cu): [(196215000, 126047500), (200977500, 130810000)]
13:36:36: [INFO] Routing pad 'SW78:1' at (191452500, 149860000) with pad 'SW94b:1' at (205740000, 168910000) using coordinate system rotated by 0 degree(s)
13:36:36: [INFO] Adding track segment (F.Cu): [(191452500, 149860000), (191452500, 154622500)]
13:36:36: [INFO] Adding track segment (F.Cu): [(191452500, 154622500), (205740000, 168910000)]
13:36:36: [INFO] Routing pad 'SW94b:1' at (205740000, 168910000) with pad 'SW94:1' at (212883750, 168910000) using coordinate system rotated by 0 degree(s)
13:36:36: [INFO] Adding track segment (F.Cu): [(205740000, 168910000), (212883750, 168910000)]
13:36:36: [INFO] Routing pad 'SW94:1' at (212883750, 168910000) with pad 'SW94a:1' at (215265000, 168910000) using coordinate system rotated by 0 degree(s)
13:36:36: [INFO] Adding track segment (F.Cu): [(212883750, 168910000), (215265000, 168910000)]
13:36:36: [INFO] Routing pad 'SW94a:1' at (215265000, 168910000) with pad 'SW94c:1' at (224790000, 168910000) using coordinate system rotated by 0 degree(s)
13:36:36: [INFO] Adding track segment (F.Cu): [(215265000, 168910000), (224790000, 168910000)]
13:36:36: [INFO] Routing ROW5 pads
13:36:36: [INFO] Routing pad 'D91:1' at (102711250, 176850000) with pad 'D92:1' at (126523750, 176850000) using coordinate system rotated by 0 degree(s)
13:36:36: [INFO] Adding track segment (B.Cu): [(102711250, 176850000), (126523750, 176850000)]
13:36:36: [INFO] Routing pad 'D92:1' at (126523750, 176850000) with pad 'D93:1' at (150336250, 176850000) using coordinate system rotated by 0 degree(s)
13:36:36: [INFO] Adding track segment (B.Cu): [(126523750, 176850000), (150336250, 176850000)]
13:36:36: [INFO] Routing pad 'D93:1' at (150336250, 176850000) with pad 'D94:1' at (221773750, 176850000) using coordinate system rotated by 0 degree(s)
13:36:36: [INFO] Adding track segment (B.Cu): [(150336250, 176850000), (221773750, 176850000)]
13:36:36: [INFO] Routing pad 'D94:1' at (221773750, 176850000) with pad 'D98:1' at (295592500, 176850000) using coordinate system rotated by 0 degree(s)
13:36:36: [INFO] Adding track segment (B.Cu): [(221773750, 176850000), (295592500, 176850000)]
13:36:36: [INFO] Routing pad 'D98:1' at (295592500, 176850000) with pad 'D96:1' at (324167500, 176850000) using coordinate system rotated by 0 degree(s)
13:36:36: [INFO] Adding track segment (B.Cu): [(295592500, 176850000), (324167500, 176850000)]
13:36:36: [INFO] Routing pad 'D96:1' at (324167500, 176850000) with pad 'D99:1' at (347980000, 176850000) using coordinate system rotated by 0 degree(s)
13:36:36: [INFO] Adding track segment (B.Cu): [(324167500, 176850000), (347980000, 176850000)]
13:36:36: [INFO] Routing pad 'D97:1' at (367030000, 100650000) with pad 'D95:1' at (367030000, 81600000) using coordinate system rotated by 0 degree(s)
13:36:36: [INFO] Adding track segment (B.Cu): [(367030000, 100650000), (367030000, 81600000)]
13:36:36: [INFO] Could not add track segment due to detected collision
13:36:36: [INFO] Routing pad 'D100:1' at (367030000, 176850000) with pad 'D97:1' at (367030000, 100650000) using coordinate system rotated by 0 degree(s)
13:36:36: [INFO] Adding track segment (B.Cu): [(367030000, 176850000), (367030000, 100650000)]
13:36:36: [INFO] Could not add track segment due to detected collision
13:36:36: [INFO] Routing pad 'D99:1' at (347980000, 176850000) with pad 'D100:1' at (367030000, 176850000) using coordinate system rotated by 0 degree(s)
13:36:36: [INFO] Adding track segment (B.Cu): [(347980000, 176850000), (367030000, 176850000)]
13:36:36: [INFO] Routing pad 'D100:1' at (367030000, 176850000) with pad 'D101:1' at (386080000, 176850000) using coordinate system rotated by 0 degree(s)
13:36:36: [INFO] Adding track segment (B.Cu): [(367030000, 176850000), (386080000, 176850000)]
13:36:36: [INFO] Routing pad 'D101:1' at (386080000, 176850000) with pad 'D102:1' at (405130000, 176850000) using coordinate system rotated by 0 degree(s)
13:36:36: [INFO] Adding track segment (B.Cu): [(386080000, 176850000), (405130000, 176850000)]
13:36:36: [INFO] Routing pad 'D102:1' at (405130000, 176850000) with pad 'D103:1' at (424180000, 176850000) using coordinate system rotated by 0 degree(s)
13:36:36: [INFO] Adding track segment (B.Cu): [(405130000, 176850000), (424180000, 176850000)]
13:36:36: [INFO] Routing pad 'D103:1' at (424180000, 176850000) with pad 'D104:1' at (443230000, 176850000) using coordinate system rotated by 0 degree(s)
13:36:36: [INFO] Adding track segment (B.Cu): [(424180000, 176850000), (443230000, 176850000)]
13:36:36: [INFO] Routing COL7 pads
13:36:36: [INFO] Routing pad 'SW8:1' at (224790000, 73660000) with pad 'SW26:1' at (224790000, 92710000) using coordinate system rotated by 0 degree(s)
13:36:36: [INFO] Adding track segment (F.Cu): [(224790000, 73660000), (224790000, 92710000)]
13:36:36: [INFO] Routing pad 'SW62:1' at (239077500, 130810000) with pad 'SW80:1' at (229552500, 149860000) using coordinate system rotated by 0 degree(s)
13:36:36: [INFO] Adding track segment (F.Cu): [(239077500, 130810000), (239077500, 140335000)]
13:36:36: [INFO] Adding track segment (F.Cu): [(239077500, 140335000), (229552500, 149860000)]
13:36:36: [INFO] Routing pad 'SW26:1' at (224790000, 92710000) with pad 'SW44:1' at (234315000, 111760000) using coordinate system rotated by 0 degree(s)
13:36:36: [INFO] Adding track segment (F.Cu): [(224790000, 92710000), (224790000, 102235000)]
13:36:36: [INFO] Adding track segment (F.Cu): [(224790000, 102235000), (234315000, 111760000)]
13:36:36: [INFO] Routing pad 'SW44:1' at (234315000, 111760000) with pad 'SW62:1' at (239077500, 130810000) using coordinate system rotated by 0 degree(s)
13:36:36: [INFO] Adding track segment (F.Cu): [(234315000, 111760000), (234315000, 126047500)]
13:36:36: [INFO] Adding track segment (F.Cu): [(234315000, 126047500), (239077500, 130810000)]
13:36:36: [INFO] Routing COL12 pads
13:36:36: [INFO] Routing pad 'SW13:1' at (320040000, 73660000) with pad 'SW31:1' at (320040000, 92710000) using coordinate system rotated by 0 degree(s)
13:36:36: [INFO] Adding track segment (F.Cu): [(320040000, 73660000), (320040000, 92710000)]
13:36:36: [INFO] Could not add track segment due to detected collision
13:36:36: [INFO] Routing pad 'SW13:1' at (320040000, 73660000) with pad 'SW13a:1' at (329565000, 73660000) using coordinate system rotated by 0 degree(s)
13:36:36: [INFO] Adding track segment (F.Cu): [(320040000, 73660000), (329565000, 73660000)]
13:36:36: [INFO] Routing pad 'SW31:1' at (320040000, 92710000) with pad 'SW49:1' at (329565000, 111760000) using coordinate system rotated by 0 degree(s)
13:36:36: [INFO] Adding track segment (F.Cu): [(320040000, 92710000), (320040000, 102235000)]
13:36:36: [INFO] Adding track segment (F.Cu): [(320040000, 102235000), (329565000, 111760000)]
13:36:36: [INFO] Routing pad 'SW99a:1' at (331946250, 168910000) with pad 'SW99b:1' at (329565000, 168910000) using coordinate system rotated by 0 degree(s)
13:36:36: [INFO] Adding track segment (F.Cu): [(331946250, 168910000), (329565000, 168910000)]
13:36:36: [INFO] Routing pad 'SW67:1' at (334327500, 130810000) with pad 'SW85:1' at (331946250, 149860000) using coordinate system rotated by 0 degree(s)
13:36:36: [INFO] Routing pad 'SW85:1' at (331946250, 149860000) with pad 'SW99a:1' at (331946250, 168910000) using coordinate system rotated by 0 degree(s)
13:36:36: [INFO] Adding track segment (F.Cu): [(331946250, 149860000), (331946250, 168910000)]
13:36:36: [INFO] Could not add track segment due to detected collision
13:36:36: [INFO] Routing pad 'SW49:1' at (329565000, 111760000) with pad 'SW67:1' at (334327500, 130810000) using coordinate system rotated by 0 degree(s)
13:36:36: [INFO] Adding track segment (F.Cu): [(329565000, 111760000), (329565000, 126047500)]
13:36:36: [INFO] Adding track segment (F.Cu): [(329565000, 126047500), (334327500, 130810000)]
13:36:36: [INFO] Routing pad 'SW99a:1' at (331946250, 168910000) with pad 'SW99:1' at (339090000, 168910000) using coordinate system rotated by 0 degree(s)
13:36:36: [INFO] Adding track segment (F.Cu): [(331946250, 168910000), (339090000, 168910000)]
13:36:36: [INFO] Routing COL14 pads
13:36:36: [INFO] Routing pad 'SW15:1' at (377190000, 73660000) with pad 'SW33:1' at (377190000, 92710000) using coordinate system rotated by 0 degree(s)
13:36:36: [INFO] Adding track segment (F.Cu): [(377190000, 73660000), (377190000, 92710000)]
13:36:36: [INFO] Routing pad 'SW33:1' at (377190000, 92710000) with pad 'SW51:1' at (377190000, 111760000) using coordinate system rotated by 0 degree(s)
13:36:36: [INFO] Adding track segment (F.Cu): [(377190000, 92710000), (377190000, 111760000)]
13:36:36: [INFO] Routing pad 'SW51:1' at (377190000, 111760000) with pad 'SW69:1' at (377190000, 130810000) using coordinate system rotated by 0 degree(s)
13:36:36: [INFO] Adding track segment (F.Cu): [(377190000, 111760000), (377190000, 130810000)]
13:36:36: [INFO] Routing pad 'SW69:1' at (377190000, 130810000) with pad 'SW87:1' at (377190000, 149860000) using coordinate system rotated by 0 degree(s)
13:36:36: [INFO] Adding track segment (F.Cu): [(377190000, 130810000), (377190000, 149860000)]
13:36:36: [INFO] Could not add track segment due to detected collision
13:36:36: [INFO] Routing pad 'SW87:1' at (377190000, 149860000) with pad 'SW101:1' at (377190000, 168910000) using coordinate system rotated by 0 degree(s)
13:36:36: [INFO] Adding track segment (F.Cu): [(377190000, 149860000), (377190000, 168910000)]
13:36:36: [INFO] Could not add track segment due to detected collision
13:36:36: [INFO] Routing pad 'SW87:1' at (377190000, 149860000) with pad 'SW87a:1' at (386715000, 149860000) using coordinate system rotated by 0 degree(s)
13:36:36: [INFO] Adding track segment (F.Cu): [(377190000, 149860000), (386715000, 149860000)]
13:36:36: [INFO] Routing pad 'SW101:1' at (377190000, 168910000) with pad 'SW101a:1' at (386715000, 168910000) using coordinate system rotated by 0 degree(s)
13:36:36: [INFO] Adding track segment (F.Cu): [(377190000, 168910000), (386715000, 168910000)]
13:36:36: [INFO] Routing COL3 pads
13:36:36: [INFO] Routing pad 'SW4:1' at (148590000, 73660000) with pad 'SW22:1' at (148590000, 92710000) using coordinate system rotated by 0 degree(s)
13:36:36: [INFO] Adding track segment (F.Cu): [(148590000, 73660000), (148590000, 92710000)]
13:36:36: [INFO] Could not add track segment due to detected collision
13:36:36: [INFO] Routing pad 'SW58:1' at (162877500, 130810000) with pad 'SW76:1' at (153352500, 149860000) using coordinate system rotated by 0 degree(s)
13:36:36: [INFO] Adding track segment (F.Cu): [(162877500, 130810000), (162877500, 140335000)]
13:36:36: [INFO] Adding track segment (F.Cu): [(162877500, 140335000), (153352500, 149860000)]
13:36:36: [INFO] Routing pad 'SW4:1' at (148590000, 73660000) with pad 'SW4a:1' at (158115000, 73660000) using coordinate system rotated by 0 degree(s)
13:36:36: [INFO] Adding track segment (F.Cu): [(148590000, 73660000), (158115000, 73660000)]
13:36:36: [INFO] Routing pad 'SW22:1' at (148590000, 92710000) with pad 'SW40:1' at (158115000, 111760000) using coordinate system rotated by 0 degree(s)
13:36:36: [INFO] Adding track segment (F.Cu): [(148590000, 92710000), (148590000, 102235000)]
13:36:36: [INFO] Adding track segment (F.Cu): [(148590000, 102235000), (158115000, 111760000)]
13:36:36: [INFO] Routing pad 'SW40:1' at (158115000, 111760000) with pad 'SW58:1' at (162877500, 130810000) using coordinate system rotated by 0 degree(s)
13:36:36: [INFO] Adding track segment (F.Cu): [(158115000, 111760000), (158115000, 126047500)]
13:36:36: [INFO] Adding track segment (F.Cu): [(158115000, 126047500), (162877500, 130810000)]
13:36:36: [INFO] Removing dangling tracks
