=== kbplacer.kle_serial ===
=== layout2image.py ===
=== kbplacer ===
13:41:24: [INFO] User layout: https://editor.keyboard-tools.xyz/#share=NrDeCIA9wLgAgCwBo7gMa1QYgOx-+AL4rgAMSpAOgHY03kCM4KE08pAdAEwCsJG8cFjQjRREozq1qjZqnJcp9JEwlIAzEpkq5ZJAi2yWUTJ179MQgIY3b4+Uh6GdagGzPVDnB93kAHD7GbHBmfKgC2KJixA4AnIEODAwJegyK0sqeqZoZ2p6sptxh6JZYtnYxqQa5sgC6SABQYCbwyKgAnoXm4aX4BJXkVDUUchARQlEiugAmmAAuAE4ArgCmAyrOpL5I6VKD2zl7I2rVR1tqTsPncAXsHMXjZeVW9nruV9veH2oB33GboxaIXuFkEwkmr0YyT+qV20n2agYh3hx0SpxR11uwO6JTBzxe6wYPG2DFcJJwgOCoUJfhJsW2XGuei4THqTSxbXAnTuOMekwwlQYqPAQqyQq4uiF6kl+hlxJIQrJCqQFOVtOV9OVDCZorFKglxke+N0AHdMFxBSp0TQuKisdStfLUKKlc6VKqbkCHW6GOqfZq3YyZSzKeaiqDIhDLUitLb8rjsMbo9bqHHwGzmsFOWb4Ax7pVbZiExMoyQ02WdrpbdKKwgq45667wLaPc2kH62wG29r60lewbPTm4HmeAWVMiaMgi1Twz08c9XnGnd2m3GPfbZ8XwVFFyoO3Gu7ag4bSsaSAALc1jllaPx2r1Fa-QqR3+PBPM4B6lfmmzB5nGXvAtqoCaEq5iCqDnmBw4kJA0EALTeuA6jjloyCso0mZ-puRoLiQQ7-sUoHYZ+JAADbzMsawkChQxSChb7YURJGjjRFBaLRgJ8qWqAMboKEDshGj8bKbHLihTYoa2KEdihXYMUyDHxo8fR4L+QGPmxMa5FOobwOoEFbj+lQMbJKjyTs07Ybyp4LiZOzPtIr56cCn72WkaE6BmWKEfh1msagU5aK4LiBRsuQhYxdzMRpvCVEFEX3txO7xZWJDIDWYV1ulDY5U2yCtsgHbIF26FMuhym2eU6lwFwHBuTlHm5HwVngXFjWuj5OHfjx4DocV5m6Mgx6eipqm6IBtWpTeuSxPeM42fO1XTY5NBzVF2IxcO9UBX1+paHwWToRO1CHemmEcn5bW7S1WhCkWBGaagh13fej3tc9OyvUWyViFdcCuE94B8F8Uj3VxVV2P9hGVIddHSODxjvTdKirdQiODv5sP7bkGMQMj2PaWD81dCjRK6IdTaHeuD6LZGO7-RaJCHfEuQ4MKfAjV1dPWHZzMOVo63neyQKctym3Q-m-PwzQooU+FxPxo9KNwrLoVjD1DMgZgODY6DCPq1uZ7a+BZNo3L-NNYrgLK4TJ0W56wQGV+YLGZbvxSOzWQs1oXvprUQA
13:41:24: [INFO] Labels prefixes: for rows: 'ROW', for columns: 'COL'
13:41:24: [INFO] Matrix size: 5x21
13:41:25: [WARNING] No stabilizer footprint for width 2.25u, using 2u as fallback
13:41:25: [WARNING] No stabilizer footprint for width 2.25u, using 2u as fallback
13:41:25: [WARNING] No stabilizer footprint for width 2.75u, using 2u as fallback
13:41:25: [INFO] Add COL0 net
13:41:25: [INFO] Add COL1 net
13:41:25: [INFO] Add COL10 net
13:41:25: [INFO] Add COL11 net
13:41:25: [INFO] Add COL12 net
13:41:25: [INFO] Add COL13 net
13:41:25: [INFO] Add COL14 net
13:41:25: [INFO] Add COL15 net
13:41:25: [INFO] Add COL16 net
13:41:25: [INFO] Add COL17 net
13:41:25: [INFO] Add COL18 net
13:41:25: [INFO] Add COL19 net
13:41:25: [INFO] Add COL2 net
13:41:25: [INFO] Add COL20 net
13:41:25: [INFO] Add COL21 net
13:41:25: [INFO] Add COL3 net
13:41:25: [INFO] Add COL4 net
13:41:25: [INFO] Add COL5 net
13:41:25: [INFO] Add COL6 net
13:41:25: [INFO] Add COL7 net
13:41:25: [INFO] Add COL8 net
13:41:25: [INFO] Add COL9 net
13:41:25: [INFO] Add Net-(D1-A) net
13:41:25: [INFO] Add Net-(D10-A) net
13:41:25: [INFO] Add Net-(D100-A) net
13:41:25: [INFO] Add Net-(D101-A) net
13:41:25: [INFO] Add Net-(D102-A) net
13:41:25: [INFO] Add Net-(D103-A) net
13:41:25: [INFO] Add Net-(D104-A) net
13:41:25: [INFO] Add Net-(D105-A) net
13:41:25: [INFO] Add Net-(D106-A) net
13:41:25: [INFO] Add Net-(D107-A) net
13:41:25: [INFO] Add Net-(D108-A) net
13:41:25: [INFO] Add Net-(D109-A) net
13:41:25: [INFO] Add Net-(D11-A) net
13:41:25: [INFO] Add Net-(D110-A) net
13:41:25: [INFO] Add Net-(D111-A) net
13:41:25: [INFO] Add Net-(D112-A) net
13:41:25: [INFO] Add Net-(D113-A) net
13:41:25: [INFO] Add Net-(D114-A) net
13:41:25: [INFO] Add Net-(D115-A) net
13:41:25: [INFO] Add Net-(D116-A) net
13:41:25: [INFO] Add Net-(D12-A) net
13:41:25: [INFO] Add Net-(D13-A) net
13:41:25: [INFO] Add Net-(D14-A) net
13:41:25: [INFO] Add Net-(D15-A) net
13:41:25: [INFO] Add Net-(D16-A) net
13:41:25: [INFO] Add Net-(D17-A) net
13:41:25: [INFO] Add Net-(D18-A) net
13:41:25: [INFO] Add Net-(D19-A) net
13:41:25: [INFO] Add Net-(D2-A) net
13:41:25: [INFO] Add Net-(D20-A) net
13:41:25: [INFO] Add Net-(D21-A) net
13:41:25: [INFO] Add Net-(D22-A) net
13:41:25: [INFO] Add Net-(D23-A) net
13:41:25: [INFO] Add Net-(D24-A) net
13:41:25: [INFO] Add Net-(D25-A) net
13:41:25: [INFO] Add Net-(D26-A) net
13:41:25: [INFO] Add Net-(D27-A) net
13:41:25: [INFO] Add Net-(D28-A) net
13:41:25: [INFO] Add Net-(D29-A) net
13:41:25: [INFO] Add Net-(D3-A) net
13:41:25: [INFO] Add Net-(D30-A) net
13:41:25: [INFO] Add Net-(D31-A) net
13:41:25: [INFO] Add Net-(D32-A) net
13:41:25: [INFO] Add Net-(D33-A) net
13:41:25: [INFO] Add Net-(D34-A) net
13:41:25: [INFO] Add Net-(D35-A) net
13:41:25: [INFO] Add Net-(D36-A) net
13:41:25: [INFO] Add Net-(D37-A) net
13:41:25: [INFO] Add Net-(D38-A) net
13:41:25: [INFO] Add Net-(D39-A) net
13:41:25: [INFO] Add Net-(D4-A) net
13:41:25: [INFO] Add Net-(D40-A) net
13:41:25: [INFO] Add Net-(D41-A) net
13:41:25: [INFO] Add Net-(D42-A) net
13:41:25: [INFO] Add Net-(D43-A) net
13:41:25: [INFO] Add Net-(D44-A) net
13:41:25: [INFO] Add Net-(D45-A) net
13:41:25: [INFO] Add Net-(D46-A) net
13:41:25: [INFO] Add Net-(D47-A) net
13:41:25: [INFO] Add Net-(D48-A) net
13:41:25: [INFO] Add Net-(D49-A) net
13:41:25: [INFO] Add Net-(D5-A) net
13:41:25: [INFO] Add Net-(D50-A) net
13:41:25: [INFO] Add Net-(D51-A) net
13:41:25: [INFO] Add Net-(D52-A) net
13:41:25: [INFO] Add Net-(D53-A) net
13:41:25: [INFO] Add Net-(D54-A) net
13:41:25: [INFO] Add Net-(D55-A) net
13:41:25: [INFO] Add Net-(D56-A) net
13:41:25: [INFO] Add Net-(D57-A) net
13:41:25: [INFO] Add Net-(D58-A) net
13:41:25: [INFO] Add Net-(D59-A) net
13:41:25: [INFO] Add Net-(D6-A) net
13:41:25: [INFO] Add Net-(D60-A) net
13:41:25: [INFO] Add Net-(D61-A) net
13:41:25: [INFO] Add Net-(D62-A) net
13:41:25: [INFO] Add Net-(D63-A) net
13:41:25: [INFO] Add Net-(D64-A) net
13:41:25: [INFO] Add Net-(D65-A) net
13:41:25: [INFO] Add Net-(D66-A) net
13:41:25: [INFO] Add Net-(D67-A) net
13:41:25: [INFO] Add Net-(D68-A) net
13:41:25: [INFO] Add Net-(D69-A) net
13:41:25: [INFO] Add Net-(D7-A) net
13:41:25: [INFO] Add Net-(D70-A) net
13:41:25: [INFO] Add Net-(D71-A) net
13:41:25: [INFO] Add Net-(D72-A) net
13:41:25: [INFO] Add Net-(D73-A) net
13:41:25: [INFO] Add Net-(D74-A) net
13:41:25: [INFO] Add Net-(D75-A) net
13:41:25: [INFO] Add Net-(D76-A) net
13:41:25: [INFO] Add Net-(D77-A) net
13:41:25: [INFO] Add Net-(D78-A) net
13:41:25: [INFO] Add Net-(D79-A) net
13:41:25: [INFO] Add Net-(D8-A) net
13:41:25: [INFO] Add Net-(D80-A) net
13:41:25: [INFO] Add Net-(D81-A) net
13:41:25: [INFO] Add Net-(D82-A) net
13:41:25: [INFO] Add Net-(D83-A) net
13:41:25: [INFO] Add Net-(D84-A) net
13:41:25: [INFO] Add Net-(D85-A) net
13:41:25: [INFO] Add Net-(D86-A) net
13:41:25: [INFO] Add Net-(D87-A) net
13:41:25: [INFO] Add Net-(D88-A) net
13:41:25: [INFO] Add Net-(D89-A) net
13:41:25: [INFO] Add Net-(D9-A) net
13:41:25: [INFO] Add Net-(D90-A) net
13:41:25: [INFO] Add Net-(D91-A) net
13:41:25: [INFO] Add Net-(D92-A) net
13:41:25: [INFO] Add Net-(D93-A) net
13:41:25: [INFO] Add Net-(D94-A) net
13:41:25: [INFO] Add Net-(D95-A) net
13:41:25: [INFO] Add Net-(D96-A) net
13:41:25: [INFO] Add Net-(D97-A) net
13:41:25: [INFO] Add Net-(D98-A) net
13:41:25: [INFO] Add Net-(D99-A) net
13:41:25: [INFO] Add ROW0 net
13:41:25: [INFO] Add ROW1 net
13:41:25: [INFO] Add ROW2 net
13:41:25: [INFO] Add ROW3 net
13:41:25: [INFO] Add ROW4 net
13:41:25: [INFO] Add ROW5 net
13:41:25: [INFO] Add SW1 footprint
13:41:25: [INFO] Add D1 footprint
13:41:25: [INFO] Add SW2 footprint
13:41:26: [INFO] Add D2 footprint
13:41:26: [INFO] Add SW3 footprint
13:41:26: [INFO] Add D3 footprint
13:41:26: [INFO] Add SW3a footprint
13:41:26: [INFO] Add SW4 footprint
13:41:26: [INFO] Add D4 footprint
13:41:26: [INFO] Add SW4a footprint
13:41:26: [INFO] Add SW5 footprint
13:41:26: [INFO] Add D5 footprint
13:41:26: [INFO] Add SW5a footprint
13:41:26: [INFO] Add SW6 footprint
13:41:26: [INFO] Add D6 footprint
13:41:26: [INFO] Add SW6a footprint
13:41:26: [INFO] Add SW7 footprint
13:41:26: [INFO] Add D7 footprint
13:41:26: [INFO] Add SW8 footprint
13:41:26: [INFO] Add D8 footprint
13:41:26: [INFO] Add SW9 footprint
13:41:26: [INFO] Add D9 footprint
13:41:26: [INFO] Add SW10 footprint
13:41:26: [INFO] Add D10 footprint
13:41:26: [INFO] Add SW10a footprint
13:41:26: [INFO] Add SW11 footprint
13:41:26: [INFO] Add D11 footprint
13:41:26: [INFO] Add SW11a footprint
13:41:26: [INFO] Add SW12 footprint
13:41:26: [INFO] Add D12 footprint
13:41:26: [INFO] Add SW12a footprint
13:41:26: [INFO] Add SW13 footprint
13:41:26: [INFO] Add D13 footprint
13:41:26: [INFO] Add SW13a footprint
13:41:26: [INFO] Add SW14 footprint
13:41:26: [INFO] Add D14 footprint
13:41:26: [INFO] Add SW15 footprint
13:41:26: [INFO] Add D15 footprint
13:41:27: [INFO] Add SW16 footprint
13:41:27: [INFO] Add D16 footprint
13:41:27: [INFO] Add SW17 footprint
13:41:27: [INFO] Add D17 footprint
13:41:27: [INFO] Add SW18 footprint
13:41:27: [INFO] Add D18 footprint
13:41:27: [INFO] Add SW19 footprint
13:41:27: [INFO] Add D19 footprint
13:41:27: [INFO] Add SW20 footprint
13:41:27: [INFO] Add D20 footprint
13:41:27: [INFO] Add SW21 footprint
13:41:27: [INFO] Add D21 footprint
13:41:27: [INFO] Add SW22 footprint
13:41:27: [INFO] Add D22 footprint
13:41:27: [INFO] Add SW23 footprint
13:41:27: [INFO] Add D23 footprint
13:41:27: [INFO] Add SW24 footprint
13:41:27: [INFO] Add D24 footprint
13:41:27: [INFO] Add SW25 footprint
13:41:27: [INFO] Add D25 footprint
13:41:27: [INFO] Add SW26 footprint
13:41:27: [INFO] Add D26 footprint
13:41:27: [INFO] Add SW27 footprint
13:41:27: [INFO] Add D27 footprint
13:41:27: [INFO] Add SW28 footprint
13:41:27: [INFO] Add D28 footprint
13:41:27: [INFO] Add SW29 footprint
13:41:27: [INFO] Add D29 footprint
13:41:27: [INFO] Add SW30 footprint
13:41:27: [INFO] Add D30 footprint
13:41:28: [INFO] Add SW31 footprint
13:41:28: [INFO] Add D31 footprint
13:41:28: [INFO] Add SW32 footprint
13:41:28: [INFO] Add D32 footprint
13:41:28: [INFO] Add SW33 footprint
13:41:28: [INFO] Add D33 footprint
13:41:28: [INFO] Add SW34 footprint
13:41:28: [INFO] Add D34 footprint
13:41:28: [INFO] Add SW35 footprint
13:41:28: [INFO] Add D35 footprint
13:41:28: [INFO] Add SW36 footprint
13:41:28: [INFO] Add D36 footprint
13:41:28: [INFO] Add ST36 footprint
13:41:28: [INFO] Add SW36a footprint
13:41:28: [INFO] Add SW37 footprint
13:41:28: [INFO] Add D37 footprint
13:41:28: [INFO] Add SW38 footprint
13:41:28: [INFO] Add D38 footprint
13:41:28: [INFO] Add SW39 footprint
13:41:28: [INFO] Add D39 footprint
13:41:28: [INFO] Add SW40 footprint
13:41:28: [INFO] Add D40 footprint
13:41:28: [INFO] Add SW41 footprint
13:41:28: [INFO] Add D41 footprint
13:41:28: [INFO] Add SW42 footprint
13:41:28: [INFO] Add D42 footprint
13:41:28: [INFO] Add SW43 footprint
13:41:28: [INFO] Add D43 footprint
13:41:28: [INFO] Add SW44 footprint
13:41:28: [INFO] Add D44 footprint
13:41:28: [INFO] Add SW45 footprint
13:41:28: [INFO] Add D45 footprint
13:41:28: [INFO] Add SW46 footprint
13:41:28: [INFO] Add D46 footprint
13:41:28: [INFO] Add SW47 footprint
13:41:29: [INFO] Add D47 footprint
13:41:29: [INFO] Add SW48 footprint
13:41:29: [INFO] Add D48 footprint
13:41:29: [INFO] Add SW49 footprint
13:41:29: [INFO] Add D49 footprint
13:41:29: [INFO] Add SW50 footprint
13:41:29: [INFO] Add D50 footprint
13:41:29: [INFO] Add SW51 footprint
13:41:29: [INFO] Add D51 footprint
13:41:29: [INFO] Add SW52 footprint
13:41:29: [INFO] Add D52 footprint
13:41:29: [INFO] Add SW53 footprint
13:41:29: [INFO] Add D53 footprint
13:41:29: [INFO] Add SW54 footprint
13:41:29: [INFO] Add D54 footprint
13:41:29: [INFO] Add SW55 footprint
13:41:29: [INFO] Add D55 footprint
13:41:29: [INFO] Add SW56 footprint
13:41:29: [INFO] Add D56 footprint
13:41:29: [INFO] Add SW57 footprint
13:41:29: [INFO] Add D57 footprint
13:41:29: [INFO] Add SW58 footprint
13:41:29: [INFO] Add D58 footprint
13:41:29: [INFO] Add SW59 footprint
13:41:29: [INFO] Add D59 footprint
13:41:29: [INFO] Add SW60 footprint
13:41:29: [INFO] Add D60 footprint
13:41:29: [INFO] Add SW61 footprint
13:41:29: [INFO] Add D61 footprint
13:41:29: [INFO] Add SW62 footprint
13:41:29: [INFO] Add D62 footprint
13:41:29: [INFO] Add SW63 footprint
13:41:29: [INFO] Add D63 footprint
13:41:30: [INFO] Add SW64 footprint
13:41:30: [INFO] Add D64 footprint
13:41:30: [INFO] Add ST64 footprint
13:41:30: [INFO] Add SW64a footprint
13:41:30: [INFO] Add SW65 footprint
13:41:30: [INFO] Add D65 footprint
13:41:30: [INFO] Add SW65a footprint
13:41:30: [INFO] Add SW66 footprint
13:41:30: [INFO] Add D66 footprint
13:41:30: [INFO] Add SW67 footprint
13:41:30: [INFO] Add D67 footprint
13:41:30: [INFO] Add SW68 footprint
13:41:30: [INFO] Add D68 footprint
13:41:30: [INFO] Add SW69 footprint
13:41:30: [INFO] Add D69 footprint
13:41:30: [INFO] Add SW70 footprint
13:41:30: [INFO] Add D70 footprint
13:41:30: [INFO] Add SW71 footprint
13:41:30: [INFO] Add D71 footprint
13:41:30: [INFO] Add SW72 footprint
13:41:30: [INFO] Add D72 footprint
13:41:30: [INFO] Add SW73 footprint
13:41:30: [INFO] Add D73 footprint
13:41:30: [INFO] Add SW74 footprint
13:41:30: [INFO] Add D74 footprint
13:41:30: [INFO] Add SW75 footprint
13:41:30: [INFO] Add D75 footprint
13:41:30: [INFO] Add SW76 footprint
13:41:30: [INFO] Add D76 footprint
13:41:30: [INFO] Add SW77 footprint
13:41:30: [INFO] Add D77 footprint
13:41:30: [INFO] Add SW78 footprint
13:41:30: [INFO] Add D78 footprint
13:41:30: [WARNING] No stabilizer footprint for width 2.25u, using 2u as fallback
13:41:30: [INFO] Add ST78 footprint
13:41:30: [INFO] Add SW78a footprint
13:41:30: [INFO] Add ST78a footprint
13:41:30: [INFO] Add SW79 footprint
13:41:31: [INFO] Add D79 footprint
13:41:31: [INFO] Add SW80 footprint
13:41:31: [INFO] Add D80 footprint
13:41:31: [INFO] Add SW81 footprint
13:41:31: [INFO] Add D81 footprint
13:41:31: [INFO] Add SW82 footprint
13:41:31: [INFO] Add D82 footprint
13:41:31: [INFO] Add SW83 footprint
13:41:31: [INFO] Add D83 footprint
13:41:31: [WARNING] No stabilizer footprint for width 2.25u, using 2u as fallback
13:41:31: [INFO] Add ST83 footprint
13:41:31: [INFO] Add SW83a footprint
13:41:31: [INFO] Add SW84 footprint
13:41:31: [INFO] Add D84 footprint
13:41:31: [INFO] Add SW85 footprint
13:41:31: [INFO] Add D85 footprint
13:41:31: [INFO] Add SW86 footprint
13:41:31: [INFO] Add D86 footprint
13:41:31: [INFO] Add SW87 footprint
13:41:31: [INFO] Add D87 footprint
13:41:31: [INFO] Add SW88 footprint
13:41:31: [INFO] Add D88 footprint
13:41:31: [INFO] Add SW89 footprint
13:41:31: [INFO] Add D89 footprint
13:41:31: [INFO] Add SW90 footprint
13:41:31: [INFO] Add D90 footprint
13:41:31: [INFO] Add SW91 footprint
13:41:31: [INFO] Add D91 footprint
13:41:31: [INFO] Add SW92 footprint
13:41:31: [INFO] Add D92 footprint
13:41:31: [INFO] Add SW93 footprint
13:41:31: [INFO] Add D93 footprint
13:41:31: [INFO] Add SW94 footprint
13:41:31: [INFO] Add D94 footprint
13:41:31: [INFO] Add SW95 footprint
13:41:32: [INFO] Add D95 footprint
13:41:32: [WARNING] No stabilizer footprint for width 2.75u, using 2u as fallback
13:41:32: [INFO] Add ST95 footprint
13:41:32: [INFO] Add SW95a footprint
13:41:32: [INFO] Add SW96 footprint
13:41:32: [INFO] Add D96 footprint
13:41:32: [INFO] Add SW97 footprint
13:41:32: [INFO] Add D97 footprint
13:41:32: [INFO] Add SW98 footprint
13:41:32: [INFO] Add D98 footprint
13:41:32: [INFO] Add SW99 footprint
13:41:32: [INFO] Add D99 footprint
13:41:32: [INFO] Add SW100 footprint
13:41:32: [INFO] Add D100 footprint
13:41:32: [INFO] Add SW101 footprint
13:41:32: [INFO] Add D101 footprint
13:41:32: [INFO] Add ST101 footprint
13:41:32: [INFO] Add SW101a footprint
13:41:32: [INFO] Add SW102 footprint
13:41:32: [INFO] Add D102 footprint
13:41:32: [INFO] Add SW102a footprint
13:41:32: [INFO] Add SW103 footprint
13:41:32: [INFO] Add D103 footprint
13:41:32: [INFO] Add SW103a footprint
13:41:32: [INFO] Add SW104 footprint
13:41:32: [INFO] Add D104 footprint
13:41:32: [INFO] Add SW104a footprint
13:41:32: [INFO] Add SW105 footprint
13:41:32: [INFO] Add D105 footprint
13:41:32: [INFO] Add ST105 footprint
13:41:32: [INFO] Add SW105a footprint
13:41:32: [INFO] Add ST105a footprint
13:41:32: [INFO] Add SW106 footprint
13:41:32: [INFO] Add D106 footprint
13:41:33: [INFO] Add SW107 footprint
13:41:33: [INFO] Add D107 footprint
13:41:33: [INFO] Add SW107a footprint
13:41:33: [INFO] Add SW108 footprint
13:41:33: [INFO] Add D108 footprint
13:41:33: [INFO] Add SW108a footprint
13:41:33: [INFO] Add SW109 footprint
13:41:33: [INFO] Add D109 footprint
13:41:33: [INFO] Add SW109a footprint
13:41:33: [INFO] Add SW110 footprint
13:41:33: [INFO] Add D110 footprint
13:41:33: [INFO] Add SW111 footprint
13:41:33: [INFO] Add D111 footprint
13:41:33: [INFO] Add SW112 footprint
13:41:33: [INFO] Add D112 footprint
13:41:33: [INFO] Add SW113 footprint
13:41:33: [INFO] Add D113 footprint
13:41:33: [INFO] Add SW114 footprint
13:41:33: [INFO] Add D114 footprint
13:41:33: [INFO] Add ST114 footprint
13:41:33: [INFO] Add SW114a footprint
13:41:33: [INFO] Add SW115 footprint
13:41:33: [INFO] Add D115 footprint
13:41:33: [INFO] Add SW116 footprint
13:41:33: [INFO] Add D116 footprint
13:41:34: [INFO] Detected layout convertible to matrix annotated keyboard
13:41:34: [INFO] Using key 1U distance: (19.05, 19.05) mm
13:41:34: [INFO] Layout offset: (28575000, 23812500)
13:41:34: [INFO] Diode info: [ElementInfo(annotation_format='D{}', position_option=<PositionOption.CUSTOM: 'Custom'>, position=ElementPosition(x=5.08, y=4.0, orientation=90.0, side=<Side.BACK: 'Back'>), template_path='', start_index=-1)]
13:41:34: [INFO] Placing additional elements for SW116
13:41:34: [INFO] Placing additional elements for SW115
13:41:34: [INFO] Placing additional elements for SW114a
13:41:34: [INFO] Placing additional elements for SW114
13:41:34: [INFO] Placing additional elements for SW113
13:41:34: [INFO] Placing additional elements for SW112
13:41:34: [INFO] Placing additional elements for SW111
13:41:34: [INFO] Placing additional elements for SW110
13:41:34: [INFO] Placing additional elements for SW109a
13:41:34: [INFO] Placing additional elements for SW109
13:41:34: [INFO] Placing additional elements for SW108a
13:41:34: [INFO] Placing additional elements for SW108
13:41:34: [INFO] Placing additional elements for SW107a
13:41:34: [INFO] Placing additional elements for SW107
13:41:34: [INFO] Placing additional elements for SW106
13:41:34: [INFO] Placing additional elements for SW105a
13:41:34: [INFO] Placing additional elements for SW105
13:41:34: [INFO] Placing additional elements for SW104a
13:41:34: [INFO] Placing additional elements for SW104
13:41:34: [INFO] Placing additional elements for SW103a
13:41:34: [INFO] Placing additional elements for SW103
13:41:34: [INFO] Placing additional elements for SW102a
13:41:34: [INFO] Placing additional elements for SW102
13:41:34: [INFO] Placing additional elements for SW101a
13:41:34: [INFO] Placing additional elements for SW101
13:41:34: [INFO] Placing additional elements for SW100
13:41:34: [INFO] Placing additional elements for SW99
13:41:34: [INFO] Placing additional elements for SW98
13:41:34: [INFO] Placing additional elements for SW97
13:41:34: [INFO] Placing additional elements for SW96
13:41:34: [INFO] Placing additional elements for SW95a
13:41:34: [INFO] Placing additional elements for SW95
13:41:34: [INFO] Placing additional elements for SW94
13:41:34: [INFO] Placing additional elements for SW93
13:41:34: [INFO] Placing additional elements for SW92
13:41:34: [INFO] Placing additional elements for SW91
13:41:34: [INFO] Placing additional elements for SW90
13:41:34: [INFO] Placing additional elements for SW89
13:41:34: [INFO] Placing additional elements for SW88
13:41:34: [INFO] Placing additional elements for SW87
13:41:34: [INFO] Placing additional elements for SW86
13:41:34: [INFO] Placing additional elements for SW85
13:41:34: [INFO] Placing additional elements for SW84
13:41:34: [INFO] Placing additional elements for SW83a
13:41:34: [INFO] Placing additional elements for SW83
13:41:34: [INFO] Placing additional elements for SW82
13:41:34: [INFO] Placing additional elements for SW81
13:41:34: [INFO] Placing additional elements for SW80
13:41:34: [INFO] Placing additional elements for SW79
13:41:34: [INFO] Placing additional elements for SW78a
13:41:34: [INFO] Placing additional elements for SW78
13:41:34: [INFO] Placing additional elements for SW77
13:41:34: [INFO] Placing additional elements for SW76
13:41:34: [INFO] Placing additional elements for SW75
13:41:34: [INFO] Placing additional elements for SW74
13:41:34: [INFO] Placing additional elements for SW73
13:41:34: [INFO] Placing additional elements for SW72
13:41:34: [INFO] Placing additional elements for SW71
13:41:34: [INFO] Placing additional elements for SW70
13:41:34: [INFO] Placing additional elements for SW69
13:41:34: [INFO] Placing additional elements for SW68
13:41:34: [INFO] Placing additional elements for SW67
13:41:34: [INFO] Placing additional elements for SW66
13:41:34: [INFO] Placing additional elements for SW65a
13:41:34: [INFO] Placing additional elements for SW65
13:41:34: [INFO] Placing additional elements for SW64a
13:41:34: [INFO] Placing additional elements for SW64
13:41:34: [INFO] Placing additional elements for SW63
13:41:34: [INFO] Placing additional elements for SW62
13:41:34: [INFO] Placing additional elements for SW61
13:41:34: [INFO] Placing additional elements for SW60
13:41:34: [INFO] Placing additional elements for SW59
13:41:34: [INFO] Placing additional elements for SW58
13:41:34: [INFO] Placing additional elements for SW57
13:41:34: [INFO] Placing additional elements for SW56
13:41:34: [INFO] Placing additional elements for SW55
13:41:34: [INFO] Placing additional elements for SW54
13:41:34: [INFO] Placing additional elements for SW53
13:41:34: [INFO] Placing additional elements for SW52
13:41:34: [INFO] Placing additional elements for SW51
13:41:34: [INFO] Placing additional elements for SW50
13:41:34: [INFO] Placing additional elements for SW49
13:41:34: [INFO] Placing additional elements for SW48
13:41:34: [INFO] Placing additional elements for SW47
13:41:34: [INFO] Placing additional elements for SW46
13:41:34: [INFO] Placing additional elements for SW45
13:41:34: [INFO] Placing additional elements for SW44
13:41:34: [INFO] Placing additional elements for SW43
13:41:34: [INFO] Placing additional elements for SW42
13:41:34: [INFO] Placing additional elements for SW41
13:41:34: [INFO] Placing additional elements for SW40
13:41:34: [INFO] Placing additional elements for SW39
13:41:34: [INFO] Placing additional elements for SW38
13:41:34: [INFO] Placing additional elements for SW37
13:41:34: [INFO] Placing additional elements for SW36a
13:41:34: [INFO] Placing additional elements for SW36
13:41:34: [INFO] Placing additional elements for SW35
13:41:34: [INFO] Placing additional elements for SW34
13:41:34: [INFO] Placing additional elements for SW33
13:41:34: [INFO] Placing additional elements for SW32
13:41:34: [INFO] Placing additional elements for SW31
13:41:34: [INFO] Placing additional elements for SW30
13:41:34: [INFO] Placing additional elements for SW29
13:41:34: [INFO] Placing additional elements for SW28
13:41:34: [INFO] Placing additional elements for SW27
13:41:34: [INFO] Placing additional elements for SW26
13:41:34: [INFO] Placing additional elements for SW25
13:41:34: [INFO] Placing additional elements for SW24
13:41:34: [INFO] Placing additional elements for SW23
13:41:34: [INFO] Placing additional elements for SW22
13:41:34: [INFO] Placing additional elements for SW21
13:41:34: [INFO] Placing additional elements for SW20
13:41:34: [INFO] Placing additional elements for SW19
13:41:34: [INFO] Placing additional elements for SW18
13:41:34: [INFO] Placing additional elements for SW17
13:41:34: [INFO] Placing additional elements for SW16
13:41:34: [INFO] Placing additional elements for SW15
13:41:34: [INFO] Placing additional elements for SW14
13:41:34: [INFO] Placing additional elements for SW13a
13:41:34: [INFO] Placing additional elements for SW13
13:41:34: [INFO] Placing additional elements for SW12a
13:41:34: [INFO] Placing additional elements for SW12
13:41:34: [INFO] Placing additional elements for SW11a
13:41:34: [INFO] Placing additional elements for SW11
13:41:34: [INFO] Placing additional elements for SW10a
13:41:34: [INFO] Placing additional elements for SW10
13:41:34: [INFO] Placing additional elements for SW9
13:41:34: [INFO] Placing additional elements for SW8
13:41:34: [INFO] Placing additional elements for SW7
13:41:34: [INFO] Placing additional elements for SW6a
13:41:34: [INFO] Placing additional elements for SW6
13:41:34: [INFO] Placing additional elements for SW5a
13:41:34: [INFO] Placing additional elements for SW5
13:41:34: [INFO] Placing additional elements for SW4a
13:41:34: [INFO] Placing additional elements for SW4
13:41:34: [INFO] Placing additional elements for SW3a
13:41:34: [INFO] Placing additional elements for SW3
13:41:34: [INFO] Placing additional elements for SW2
13:41:34: [INFO] Placing additional elements for SW1
13:41:34: [INFO] Routing SW116 with D116
13:41:34: [INFO] Using internal autorouter method
13:41:34: [INFO] Routing pad 'SW116:2' at (526415000, 152082500) with pad 'D116:2' at (528955000, 159762500) using coordinate system rotated by 0 degree(s)
13:41:34: [INFO] Adding track segment (B.Cu): [(526415000, 152082500), (526415000, 157222500)]
13:41:34: [INFO] Adding track segment (B.Cu): [(526415000, 157222500), (528955000, 159762500)]
13:41:34: [INFO] Routing SW115 with D115
13:41:34: [INFO] Using internal autorouter method
13:41:34: [INFO] Routing pad 'SW115:2' at (507365000, 152082500) with pad 'D115:2' at (509905000, 159762500) using coordinate system rotated by 0 degree(s)
13:41:34: [INFO] Adding track segment (B.Cu): [(507365000, 152082500), (507365000, 157222500)]
13:41:34: [INFO] Adding track segment (B.Cu): [(507365000, 157222500), (509905000, 159762500)]
13:41:34: [INFO] Routing SW114a with D114
13:41:34: [INFO] Using internal autorouter method
13:41:34: [INFO] Routing pad 'SW114a:2' at (488315000, 152082500) with pad 'D114:2' at (481330000, 159762500) using coordinate system rotated by 0 degree(s)
13:41:34: [INFO] Routing SW114 with D114
13:41:34: [INFO] Using internal autorouter method
13:41:34: [INFO] Routing pad 'SW114:2' at (478790000, 152082500) with pad 'D114:2' at (481330000, 159762500) using coordinate system rotated by 0 degree(s)
13:41:34: [INFO] Adding track segment (B.Cu): [(478790000, 152082500), (478790000, 157222500)]
13:41:34: [INFO] Adding track segment (B.Cu): [(478790000, 157222500), (481330000, 159762500)]
13:41:34: [INFO] Routing SW113 with D113
13:41:34: [INFO] Using internal autorouter method
13:41:34: [INFO] Routing pad 'SW113:2' at (469265000, 152082500) with pad 'D113:2' at (471805000, 159762500) using coordinate system rotated by 0 degree(s)
13:41:34: [INFO] Adding track segment (B.Cu): [(469265000, 152082500), (469265000, 157222500)]
13:41:34: [INFO] Adding track segment (B.Cu): [(469265000, 157222500), (471805000, 159762500)]
13:41:34: [INFO] Routing SW112 with D112
13:41:34: [INFO] Using internal autorouter method
13:41:34: [INFO] Routing pad 'SW112:2' at (445452500, 152082500) with pad 'D112:2' at (447992500, 159762500) using coordinate system rotated by 0 degree(s)
13:41:34: [INFO] Adding track segment (B.Cu): [(445452500, 152082500), (445452500, 157222500)]
13:41:34: [INFO] Adding track segment (B.Cu): [(445452500, 157222500), (447992500, 159762500)]
13:41:34: [INFO] Routing SW111 with D111
13:41:34: [INFO] Using internal autorouter method
13:41:34: [INFO] Routing pad 'SW111:2' at (426402500, 152082500) with pad 'D111:2' at (428942500, 159762500) using coordinate system rotated by 0 degree(s)
13:41:34: [INFO] Adding track segment (B.Cu): [(426402500, 152082500), (426402500, 157222500)]
13:41:34: [INFO] Adding track segment (B.Cu): [(426402500, 157222500), (428942500, 159762500)]
13:41:34: [INFO] Routing SW110 with D110
13:41:34: [INFO] Using internal autorouter method
13:41:34: [INFO] Routing pad 'SW110:2' at (407352500, 152082500) with pad 'D110:2' at (409892500, 159762500) using coordinate system rotated by 0 degree(s)
13:41:34: [INFO] Adding track segment (B.Cu): [(407352500, 152082500), (407352500, 157222500)]
13:41:34: [INFO] Adding track segment (B.Cu): [(407352500, 157222500), (409892500, 159762500)]
13:41:34: [INFO] Routing SW109a with D109
13:41:34: [INFO] Using internal autorouter method
13:41:34: [INFO] Routing pad 'SW109a:2' at (378777500, 152082500) with pad 'D109:2' at (383698750, 159762500) using coordinate system rotated by 0 degree(s)
13:41:34: [INFO] Routing SW109 with D109
13:41:34: [INFO] Using internal autorouter method
13:41:34: [INFO] Routing pad 'SW109:2' at (381158750, 152082500) with pad 'D109:2' at (383698750, 159762500) using coordinate system rotated by 0 degree(s)
13:41:34: [INFO] Routing SW108a with D108
13:41:34: [INFO] Using internal autorouter method
13:41:34: [INFO] Routing pad 'SW108a:2' at (354965000, 152082500) with pad 'D108:2' at (359886250, 159762500) using coordinate system rotated by 0 degree(s)
13:41:34: [INFO] Routing SW108 with D108
13:41:34: [INFO] Using internal autorouter method
13:41:34: [INFO] Routing pad 'SW108:2' at (357346250, 152082500) with pad 'D108:2' at (359886250, 159762500) using coordinate system rotated by 0 degree(s)
13:41:34: [INFO] Routing SW107a with D107
13:41:34: [INFO] Using internal autorouter method
13:41:34: [INFO] Routing pad 'SW107a:2' at (331152500, 152082500) with pad 'D107:2' at (336073750, 159762500) using coordinate system rotated by 0 degree(s)
13:41:34: [INFO] Routing SW107 with D107
13:41:34: [INFO] Using internal autorouter method
13:41:34: [INFO] Routing pad 'SW107:2' at (333533750, 152082500) with pad 'D107:2' at (336073750, 159762500) using coordinate system rotated by 0 degree(s)
13:41:34: [INFO] Routing SW106 with D106
13:41:34: [INFO] Using internal autorouter method
13:41:34: [INFO] Routing pad 'SW106:2' at (309721250, 152082500) with pad 'D106:2' at (312261250, 159762500) using coordinate system rotated by 0 degree(s)
13:41:34: [INFO] Adding track segment (B.Cu): [(309721250, 152082500), (309721250, 157222500)]
13:41:34: [INFO] Adding track segment (B.Cu): [(309721250, 157222500), (312261250, 159762500)]
13:41:34: [INFO] Routing SW105a with D105
13:41:34: [INFO] Using internal autorouter method
13:41:34: [INFO] Routing pad 'SW105a:2' at (250190000, 152082500) with pad 'D105:2' at (240823750, 159762500) using coordinate system rotated by 0 degree(s)
13:41:34: [INFO] Routing SW105 with D105
13:41:34: [INFO] Using internal autorouter method
13:41:34: [INFO] Routing pad 'SW105:2' at (238283750, 152082500) with pad 'D105:2' at (240823750, 159762500) using coordinate system rotated by 0 degree(s)
13:41:34: [INFO] Adding track segment (B.Cu): [(238283750, 152082500), (238283750, 157222500)]
13:41:34: [INFO] Adding track segment (B.Cu): [(238283750, 157222500), (240823750, 159762500)]
13:41:34: [INFO] Routing SW104a with D104
13:41:34: [INFO] Using internal autorouter method
13:41:34: [INFO] Routing pad 'SW104a:2' at (169227500, 152082500) with pad 'D104:2' at (169386250, 159762500) using coordinate system rotated by 0 degree(s)
13:41:34: [INFO] Routing SW104 with D104
13:41:34: [INFO] Using internal autorouter method
13:41:34: [INFO] Routing pad 'SW104:2' at (166846250, 152082500) with pad 'D104:2' at (169386250, 159762500) using coordinate system rotated by 0 degree(s)
13:41:34: [INFO] Routing SW103a with D103
13:41:34: [INFO] Using internal autorouter method
13:41:34: [INFO] Routing pad 'SW103a:2' at (145415000, 152082500) with pad 'D103:2' at (145573750, 159762500) using coordinate system rotated by 0 degree(s)
13:41:34: [INFO] Routing SW103 with D103
13:41:34: [INFO] Using internal autorouter method
13:41:34: [INFO] Routing pad 'SW103:2' at (143033750, 152082500) with pad 'D103:2' at (145573750, 159762500) using coordinate system rotated by 0 degree(s)
13:41:34: [INFO] Routing SW102a with D102
13:41:34: [INFO] Using internal autorouter method
13:41:34: [INFO] Routing pad 'SW102a:2' at (121602500, 152082500) with pad 'D102:2' at (121761250, 159762500) using coordinate system rotated by 0 degree(s)
13:41:34: [INFO] Routing SW102 with D102
13:41:34: [INFO] Using internal autorouter method
13:41:34: [INFO] Routing pad 'SW102:2' at (119221250, 152082500) with pad 'D102:2' at (121761250, 159762500) using coordinate system rotated by 0 degree(s)
13:41:34: [INFO] Routing SW101a with D101
13:41:34: [INFO] Using internal autorouter method
13:41:34: [INFO] Routing pad 'SW101a:2' at (526415000, 133032500) with pad 'D101:2' at (528955000, 150237500) using coordinate system rotated by 0 degree(s)
13:41:34: [INFO] Adding track segment (B.Cu): [(526415000, 133032500), (526415000, 147697500)]
13:41:34: [INFO] Adding track segment (B.Cu): [(526415000, 147697500), (528955000, 150237500)]
13:41:34: [INFO] Routing SW101 with D101
13:41:34: [INFO] Using internal autorouter method
13:41:34: [INFO] Routing pad 'SW101:2' at (526415000, 142557500) with pad 'D101:2' at (528955000, 150237500) using coordinate system rotated by 0 degree(s)
13:41:34: [INFO] Adding track segment (B.Cu): [(526415000, 142557500), (526415000, 147697500)]
13:41:34: [INFO] Adding track segment (B.Cu): [(526415000, 147697500), (528955000, 150237500)]
13:41:34: [INFO] Routing SW100 with D100
13:41:34: [INFO] Using internal autorouter method
13:41:34: [INFO] Routing pad 'SW100:2' at (507365000, 133032500) with pad 'D100:2' at (509905000, 140712500) using coordinate system rotated by 0 degree(s)
13:41:34: [INFO] Adding track segment (B.Cu): [(507365000, 133032500), (507365000, 138172500)]
13:41:34: [INFO] Adding track segment (B.Cu): [(507365000, 138172500), (509905000, 140712500)]
13:41:34: [INFO] Routing SW99 with D99
13:41:34: [INFO] Using internal autorouter method
13:41:34: [INFO] Routing pad 'SW99:2' at (488315000, 133032500) with pad 'D99:2' at (490855000, 140712500) using coordinate system rotated by 0 degree(s)
13:41:34: [INFO] Adding track segment (B.Cu): [(488315000, 133032500), (488315000, 138172500)]
13:41:34: [INFO] Adding track segment (B.Cu): [(488315000, 138172500), (490855000, 140712500)]
13:41:34: [INFO] Routing SW98 with D98
13:41:34: [INFO] Using internal autorouter method
13:41:34: [INFO] Routing pad 'SW98:2' at (469265000, 133032500) with pad 'D98:2' at (471805000, 140712500) using coordinate system rotated by 0 degree(s)
13:41:34: [INFO] Adding track segment (B.Cu): [(469265000, 133032500), (469265000, 138172500)]
13:41:34: [INFO] Adding track segment (B.Cu): [(469265000, 138172500), (471805000, 140712500)]
13:41:34: [INFO] Routing SW97 with D97
13:41:34: [INFO] Using internal autorouter method
13:41:34: [INFO] Routing pad 'SW97:2' at (426402500, 133032500) with pad 'D97:2' at (428942500, 140712500) using coordinate system rotated by 0 degree(s)
13:41:34: [INFO] Adding track segment (B.Cu): [(426402500, 133032500), (426402500, 138172500)]
13:41:34: [INFO] Adding track segment (B.Cu): [(426402500, 138172500), (428942500, 140712500)]
13:41:34: [INFO] Routing SW96 with D96
13:41:34: [INFO] Using internal autorouter method
13:41:34: [INFO] Routing pad 'SW96:2' at (383540000, 133032500) with pad 'D96:2' at (386080000, 140712500) using coordinate system rotated by 0 degree(s)
13:41:34: [INFO] Adding track segment (B.Cu): [(383540000, 133032500), (383540000, 138172500)]
13:41:34: [INFO] Adding track segment (B.Cu): [(383540000, 138172500), (386080000, 140712500)]
13:41:34: [INFO] Routing SW95a with D95
13:41:34: [INFO] Using internal autorouter method
13:41:34: [INFO] Routing pad 'SW95a:2' at (357346250, 133032500) with pad 'D95:2' at (369411250, 140712500) using coordinate system rotated by 0 degree(s)
13:41:34: [INFO] Routing SW95 with D95
13:41:34: [INFO] Using internal autorouter method
13:41:34: [INFO] Routing pad 'SW95:2' at (366871250, 133032500) with pad 'D95:2' at (369411250, 140712500) using coordinate system rotated by 0 degree(s)
13:41:34: [INFO] Adding track segment (B.Cu): [(366871250, 133032500), (366871250, 138172500)]
13:41:34: [INFO] Adding track segment (B.Cu): [(366871250, 138172500), (369411250, 140712500)]
13:41:34: [INFO] Routing SW94 with D94
13:41:34: [INFO] Using internal autorouter method
13:41:34: [INFO] Routing pad 'SW94:2' at (331152500, 133032500) with pad 'D94:2' at (333692500, 140712500) using coordinate system rotated by 0 degree(s)
13:41:34: [INFO] Adding track segment (B.Cu): [(331152500, 133032500), (331152500, 138172500)]
13:41:34: [INFO] Adding track segment (B.Cu): [(331152500, 138172500), (333692500, 140712500)]
13:41:34: [INFO] Routing SW93 with D93
13:41:34: [INFO] Using internal autorouter method
13:41:34: [INFO] Routing pad 'SW93:2' at (312102500, 133032500) with pad 'D93:2' at (314642500, 140712500) using coordinate system rotated by 0 degree(s)
13:41:34: [INFO] Adding track segment (B.Cu): [(312102500, 133032500), (312102500, 138172500)]
13:41:34: [INFO] Adding track segment (B.Cu): [(312102500, 138172500), (314642500, 140712500)]
13:41:34: [INFO] Routing SW92 with D92
13:41:34: [INFO] Using internal autorouter method
13:41:34: [INFO] Routing pad 'SW92:2' at (293052500, 133032500) with pad 'D92:2' at (295592500, 140712500) using coordinate system rotated by 0 degree(s)
13:41:35: [INFO] Adding track segment (B.Cu): [(293052500, 133032500), (293052500, 138172500)]
13:41:35: [INFO] Adding track segment (B.Cu): [(293052500, 138172500), (295592500, 140712500)]
13:41:35: [INFO] Routing SW91 with D91
13:41:35: [INFO] Using internal autorouter method
13:41:35: [INFO] Routing pad 'SW91:2' at (274002500, 133032500) with pad 'D91:2' at (276542500, 140712500) using coordinate system rotated by 0 degree(s)
13:41:35: [INFO] Adding track segment (B.Cu): [(274002500, 133032500), (274002500, 138172500)]
13:41:35: [INFO] Adding track segment (B.Cu): [(274002500, 138172500), (276542500, 140712500)]
13:41:35: [INFO] Routing SW90 with D90
13:41:35: [INFO] Using internal autorouter method
13:41:35: [INFO] Routing pad 'SW90:2' at (254952500, 133032500) with pad 'D90:2' at (257492500, 140712500) using coordinate system rotated by 0 degree(s)
13:41:35: [INFO] Adding track segment (B.Cu): [(254952500, 133032500), (254952500, 138172500)]
13:41:35: [INFO] Adding track segment (B.Cu): [(254952500, 138172500), (257492500, 140712500)]
13:41:35: [INFO] Routing SW89 with D89
13:41:35: [INFO] Using internal autorouter method
13:41:35: [INFO] Routing pad 'SW89:2' at (235902500, 133032500) with pad 'D89:2' at (238442500, 140712500) using coordinate system rotated by 0 degree(s)
13:41:35: [INFO] Adding track segment (B.Cu): [(235902500, 133032500), (235902500, 138172500)]
13:41:35: [INFO] Adding track segment (B.Cu): [(235902500, 138172500), (238442500, 140712500)]
13:41:35: [INFO] Routing SW88 with D88
13:41:35: [INFO] Using internal autorouter method
13:41:35: [INFO] Routing pad 'SW88:2' at (216852500, 133032500) with pad 'D88:2' at (219392500, 140712500) using coordinate system rotated by 0 degree(s)
13:41:35: [INFO] Adding track segment (B.Cu): [(216852500, 133032500), (216852500, 138172500)]
13:41:35: [INFO] Adding track segment (B.Cu): [(216852500, 138172500), (219392500, 140712500)]
13:41:35: [INFO] Routing SW87 with D87
13:41:35: [INFO] Using internal autorouter method
13:41:35: [INFO] Routing pad 'SW87:2' at (197802500, 133032500) with pad 'D87:2' at (200342500, 140712500) using coordinate system rotated by 0 degree(s)
13:41:35: [INFO] Adding track segment (B.Cu): [(197802500, 133032500), (197802500, 138172500)]
13:41:35: [INFO] Adding track segment (B.Cu): [(197802500, 138172500), (200342500, 140712500)]
13:41:35: [INFO] Routing SW86 with D86
13:41:35: [INFO] Using internal autorouter method
13:41:35: [INFO] Routing pad 'SW86:2' at (178752500, 133032500) with pad 'D86:2' at (181292500, 140712500) using coordinate system rotated by 0 degree(s)
13:41:35: [INFO] Adding track segment (B.Cu): [(178752500, 133032500), (178752500, 138172500)]
13:41:35: [INFO] Adding track segment (B.Cu): [(178752500, 138172500), (181292500, 140712500)]
13:41:35: [INFO] Routing SW85 with D85
13:41:35: [INFO] Using internal autorouter method
13:41:35: [INFO] Routing pad 'SW85:2' at (159702500, 133032500) with pad 'D85:2' at (162242500, 140712500) using coordinate system rotated by 0 degree(s)
13:41:35: [INFO] Adding track segment (B.Cu): [(159702500, 133032500), (159702500, 138172500)]
13:41:35: [INFO] Adding track segment (B.Cu): [(159702500, 138172500), (162242500, 140712500)]
13:41:35: [INFO] Routing SW84 with D84
13:41:35: [INFO] Using internal autorouter method
13:41:35: [INFO] Routing pad 'SW84:2' at (140652500, 133032500) with pad 'D84:2' at (143192500, 140712500) using coordinate system rotated by 0 degree(s)
13:41:35: [INFO] Adding track segment (B.Cu): [(140652500, 133032500), (140652500, 138172500)]
13:41:35: [INFO] Adding track segment (B.Cu): [(140652500, 138172500), (143192500, 140712500)]
13:41:35: [INFO] Routing SW83a with D83
13:41:35: [INFO] Using internal autorouter method
13:41:35: [INFO] Routing pad 'SW83a:2' at (119221250, 133032500) with pad 'D83:2' at (131286250, 140712500) using coordinate system rotated by 0 degree(s)
13:41:35: [INFO] Routing SW83 with D83
13:41:35: [INFO] Using internal autorouter method
13:41:35: [INFO] Routing pad 'SW83:2' at (128746250, 133032500) with pad 'D83:2' at (131286250, 140712500) using coordinate system rotated by 0 degree(s)
13:41:35: [INFO] Adding track segment (B.Cu): [(128746250, 133032500), (128746250, 138172500)]
13:41:35: [INFO] Adding track segment (B.Cu): [(128746250, 138172500), (131286250, 140712500)]
13:41:35: [INFO] Routing SW82 with D82
13:41:35: [INFO] Using internal autorouter method
13:41:35: [INFO] Routing pad 'SW82:2' at (526415000, 113982500) with pad 'D82:2' at (528955000, 121662500) using coordinate system rotated by 0 degree(s)
13:41:35: [INFO] Adding track segment (B.Cu): [(526415000, 113982500), (526415000, 119122500)]
13:41:35: [INFO] Adding track segment (B.Cu): [(526415000, 119122500), (528955000, 121662500)]
13:41:35: [INFO] Routing SW81 with D81
13:41:35: [INFO] Using internal autorouter method
13:41:35: [INFO] Routing pad 'SW81:2' at (507365000, 113982500) with pad 'D81:2' at (509905000, 121662500) using coordinate system rotated by 0 degree(s)
13:41:35: [INFO] Adding track segment (B.Cu): [(507365000, 113982500), (507365000, 119122500)]
13:41:35: [INFO] Adding track segment (B.Cu): [(507365000, 119122500), (509905000, 121662500)]
13:41:35: [INFO] Routing SW80 with D80
13:41:35: [INFO] Using internal autorouter method
13:41:35: [INFO] Routing pad 'SW80:2' at (488315000, 113982500) with pad 'D80:2' at (490855000, 121662500) using coordinate system rotated by 0 degree(s)
13:41:35: [INFO] Adding track segment (B.Cu): [(488315000, 113982500), (488315000, 119122500)]
13:41:35: [INFO] Adding track segment (B.Cu): [(488315000, 119122500), (490855000, 121662500)]
13:41:35: [INFO] Routing SW79 with D79
13:41:35: [INFO] Using internal autorouter method
13:41:35: [INFO] Routing pad 'SW79:2' at (469265000, 113982500) with pad 'D79:2' at (471805000, 121662500) using coordinate system rotated by 0 degree(s)
13:41:35: [INFO] Adding track segment (B.Cu): [(469265000, 113982500), (469265000, 119122500)]
13:41:35: [INFO] Adding track segment (B.Cu): [(469265000, 119122500), (471805000, 121662500)]
13:41:35: [INFO] Routing SW78a with D78
13:41:35: [INFO] Using internal autorouter method
13:41:35: [INFO] Routing pad 'SW78a:2' at (381158750, 104457500) with pad 'D78:2' at (374173750, 121662500) using coordinate system rotated by 0 degree(s)
13:41:35: [INFO] Routing SW78 with D78
13:41:35: [INFO] Using internal autorouter method
13:41:35: [INFO] Routing pad 'SW78:2' at (371633750, 113982500) with pad 'D78:2' at (374173750, 121662500) using coordinate system rotated by 0 degree(s)
13:41:35: [INFO] Adding track segment (B.Cu): [(371633750, 113982500), (371633750, 119122500)]
13:41:35: [INFO] Adding track segment (B.Cu): [(371633750, 119122500), (374173750, 121662500)]
13:41:35: [INFO] Routing SW77 with D77
13:41:35: [INFO] Using internal autorouter method
13:41:35: [INFO] Routing pad 'SW77:2' at (359727500, 113982500) with pad 'D77:2' at (362267500, 121662500) using coordinate system rotated by 0 degree(s)
13:41:35: [INFO] Adding track segment (B.Cu): [(359727500, 113982500), (359727500, 119122500)]
13:41:35: [INFO] Adding track segment (B.Cu): [(359727500, 119122500), (362267500, 121662500)]
13:41:35: [INFO] Routing SW76 with D76
13:41:35: [INFO] Using internal autorouter method
13:41:35: [INFO] Routing pad 'SW76:2' at (340677500, 113982500) with pad 'D76:2' at (343217500, 121662500) using coordinate system rotated by 0 degree(s)
13:41:35: [INFO] Adding track segment (B.Cu): [(340677500, 113982500), (340677500, 119122500)]
13:41:35: [INFO] Adding track segment (B.Cu): [(340677500, 119122500), (343217500, 121662500)]
13:41:35: [INFO] Routing SW75 with D75
13:41:35: [INFO] Using internal autorouter method
13:41:35: [INFO] Routing pad 'SW75:2' at (321627500, 113982500) with pad 'D75:2' at (324167500, 121662500) using coordinate system rotated by 0 degree(s)
13:41:35: [INFO] Adding track segment (B.Cu): [(321627500, 113982500), (321627500, 119122500)]
13:41:35: [INFO] Adding track segment (B.Cu): [(321627500, 119122500), (324167500, 121662500)]
13:41:35: [INFO] Routing SW74 with D74
13:41:35: [INFO] Using internal autorouter method
13:41:35: [INFO] Routing pad 'SW74:2' at (302577500, 113982500) with pad 'D74:2' at (305117500, 121662500) using coordinate system rotated by 0 degree(s)
13:41:35: [INFO] Adding track segment (B.Cu): [(302577500, 113982500), (302577500, 119122500)]
13:41:35: [INFO] Adding track segment (B.Cu): [(302577500, 119122500), (305117500, 121662500)]
13:41:35: [INFO] Routing SW73 with D73
13:41:35: [INFO] Using internal autorouter method
13:41:35: [INFO] Routing pad 'SW73:2' at (283527500, 113982500) with pad 'D73:2' at (286067500, 121662500) using coordinate system rotated by 0 degree(s)
13:41:35: [INFO] Adding track segment (B.Cu): [(283527500, 113982500), (283527500, 119122500)]
13:41:35: [INFO] Adding track segment (B.Cu): [(283527500, 119122500), (286067500, 121662500)]
13:41:35: [INFO] Routing SW72 with D72
13:41:35: [INFO] Using internal autorouter method
13:41:35: [INFO] Routing pad 'SW72:2' at (264477500, 113982500) with pad 'D72:2' at (267017500, 121662500) using coordinate system rotated by 0 degree(s)
13:41:35: [INFO] Adding track segment (B.Cu): [(264477500, 113982500), (264477500, 119122500)]
13:41:35: [INFO] Adding track segment (B.Cu): [(264477500, 119122500), (267017500, 121662500)]
13:41:35: [INFO] Routing SW71 with D71
13:41:35: [INFO] Using internal autorouter method
13:41:35: [INFO] Routing pad 'SW71:2' at (245427500, 113982500) with pad 'D71:2' at (247967500, 121662500) using coordinate system rotated by 0 degree(s)
13:41:35: [INFO] Adding track segment (B.Cu): [(245427500, 113982500), (245427500, 119122500)]
13:41:35: [INFO] Adding track segment (B.Cu): [(245427500, 119122500), (247967500, 121662500)]
13:41:35: [INFO] Routing SW70 with D70
13:41:35: [INFO] Using internal autorouter method
13:41:35: [INFO] Routing pad 'SW70:2' at (226377500, 113982500) with pad 'D70:2' at (228917500, 121662500) using coordinate system rotated by 0 degree(s)
13:41:35: [INFO] Adding track segment (B.Cu): [(226377500, 113982500), (226377500, 119122500)]
13:41:35: [INFO] Adding track segment (B.Cu): [(226377500, 119122500), (228917500, 121662500)]
13:41:35: [INFO] Routing SW69 with D69
13:41:35: [INFO] Using internal autorouter method
13:41:35: [INFO] Routing pad 'SW69:2' at (207327500, 113982500) with pad 'D69:2' at (209867500, 121662500) using coordinate system rotated by 0 degree(s)
13:41:35: [INFO] Adding track segment (B.Cu): [(207327500, 113982500), (207327500, 119122500)]
13:41:35: [INFO] Adding track segment (B.Cu): [(207327500, 119122500), (209867500, 121662500)]
13:41:35: [INFO] Routing SW68 with D68
13:41:35: [INFO] Using internal autorouter method
13:41:35: [INFO] Routing pad 'SW68:2' at (188277500, 113982500) with pad 'D68:2' at (190817500, 121662500) using coordinate system rotated by 0 degree(s)
13:41:35: [INFO] Adding track segment (B.Cu): [(188277500, 113982500), (188277500, 119122500)]
13:41:35: [INFO] Adding track segment (B.Cu): [(188277500, 119122500), (190817500, 121662500)]
13:41:35: [INFO] Routing SW67 with D67
13:41:35: [INFO] Using internal autorouter method
13:41:35: [INFO] Routing pad 'SW67:2' at (169227500, 113982500) with pad 'D67:2' at (171767500, 121662500) using coordinate system rotated by 0 degree(s)
13:41:35: [INFO] Adding track segment (B.Cu): [(169227500, 113982500), (169227500, 119122500)]
13:41:35: [INFO] Adding track segment (B.Cu): [(169227500, 119122500), (171767500, 121662500)]
13:41:35: [INFO] Routing SW66 with D66
13:41:35: [INFO] Using internal autorouter method
13:41:35: [INFO] Routing pad 'SW66:2' at (150177500, 113982500) with pad 'D66:2' at (152717500, 121662500) using coordinate system rotated by 0 degree(s)
13:41:35: [INFO] Adding track segment (B.Cu): [(150177500, 113982500), (150177500, 119122500)]
13:41:35: [INFO] Adding track segment (B.Cu): [(150177500, 119122500), (152717500, 121662500)]
13:41:35: [INFO] Routing SW65a with D65
13:41:35: [INFO] Using internal autorouter method
13:41:35: [INFO] Routing pad 'SW65a:2' at (119221250, 113982500) with pad 'D65:2' at (126523750, 121662500) using coordinate system rotated by 0 degree(s)
13:41:35: [INFO] Routing SW65 with D65
13:41:35: [INFO] Using internal autorouter method
13:41:35: [INFO] Routing pad 'SW65:2' at (123983750, 113982500) with pad 'D65:2' at (126523750, 121662500) using coordinate system rotated by 0 degree(s)
13:41:35: [INFO] Adding track segment (B.Cu): [(123983750, 113982500), (123983750, 119122500)]
13:41:35: [INFO] Adding track segment (B.Cu): [(123983750, 119122500), (126523750, 121662500)]
13:41:35: [INFO] Routing SW64a with D64
13:41:35: [INFO] Using internal autorouter method
13:41:35: [INFO] Routing pad 'SW64a:2' at (526415000, 94932500) with pad 'D64:2' at (528955000, 112137500) using coordinate system rotated by 0 degree(s)
13:41:36: [INFO] Adding track segment (B.Cu): [(526415000, 94932500), (526415000, 109597500)]
13:41:36: [INFO] Adding track segment (B.Cu): [(526415000, 109597500), (528955000, 112137500)]
13:41:36: [INFO] Routing SW64 with D64
13:41:36: [INFO] Using internal autorouter method
13:41:36: [INFO] Routing pad 'SW64:2' at (526415000, 104457500) with pad 'D64:2' at (528955000, 112137500) using coordinate system rotated by 0 degree(s)
13:41:36: [INFO] Adding track segment (B.Cu): [(526415000, 104457500), (526415000, 109597500)]
13:41:36: [INFO] Adding track segment (B.Cu): [(526415000, 109597500), (528955000, 112137500)]
13:41:36: [INFO] Routing SW63 with D63
13:41:36: [INFO] Using internal autorouter method
13:41:36: [INFO] Routing pad 'SW63:2' at (507365000, 94932500) with pad 'D63:2' at (509905000, 102612500) using coordinate system rotated by 0 degree(s)
13:41:36: [INFO] Adding track segment (B.Cu): [(507365000, 94932500), (507365000, 100072500)]
13:41:36: [INFO] Adding track segment (B.Cu): [(507365000, 100072500), (509905000, 102612500)]
13:41:36: [INFO] Routing SW62 with D62
13:41:36: [INFO] Using internal autorouter method
13:41:36: [INFO] Routing pad 'SW62:2' at (488315000, 94932500) with pad 'D62:2' at (490855000, 102612500) using coordinate system rotated by 0 degree(s)
13:41:36: [INFO] Adding track segment (B.Cu): [(488315000, 94932500), (488315000, 100072500)]
13:41:36: [INFO] Adding track segment (B.Cu): [(488315000, 100072500), (490855000, 102612500)]
13:41:36: [INFO] Routing SW61 with D61
13:41:36: [INFO] Using internal autorouter method
13:41:36: [INFO] Routing pad 'SW61:2' at (469265000, 94932500) with pad 'D61:2' at (471805000, 102612500) using coordinate system rotated by 0 degree(s)
13:41:36: [INFO] Adding track segment (B.Cu): [(469265000, 94932500), (469265000, 100072500)]
13:41:36: [INFO] Adding track segment (B.Cu): [(469265000, 100072500), (471805000, 102612500)]
13:41:36: [INFO] Routing SW60 with D60
13:41:36: [INFO] Using internal autorouter method
13:41:36: [INFO] Routing pad 'SW60:2' at (445452500, 94932500) with pad 'D60:2' at (447992500, 102612500) using coordinate system rotated by 0 degree(s)
13:41:36: [INFO] Adding track segment (B.Cu): [(445452500, 94932500), (445452500, 100072500)]
13:41:36: [INFO] Adding track segment (B.Cu): [(445452500, 100072500), (447992500, 102612500)]
13:41:36: [INFO] Routing SW59 with D59
13:41:36: [INFO] Using internal autorouter method
13:41:36: [INFO] Routing pad 'SW59:2' at (426402500, 94932500) with pad 'D59:2' at (428942500, 102612500) using coordinate system rotated by 0 degree(s)
13:41:36: [INFO] Adding track segment (B.Cu): [(426402500, 94932500), (426402500, 100072500)]
13:41:36: [INFO] Adding track segment (B.Cu): [(426402500, 100072500), (428942500, 102612500)]
13:41:36: [INFO] Routing SW58 with D58
13:41:36: [INFO] Using internal autorouter method
13:41:36: [INFO] Routing pad 'SW58:2' at (407352500, 94932500) with pad 'D58:2' at (409892500, 102612500) using coordinate system rotated by 0 degree(s)
13:41:36: [INFO] Adding track segment (B.Cu): [(407352500, 94932500), (407352500, 100072500)]
13:41:36: [INFO] Adding track segment (B.Cu): [(407352500, 100072500), (409892500, 102612500)]
13:41:36: [INFO] Routing SW57 with D57
13:41:36: [INFO] Using internal autorouter method
13:41:36: [INFO] Routing pad 'SW57:2' at (378777500, 94932500) with pad 'D57:2' at (381317500, 102612500) using coordinate system rotated by 0 degree(s)
13:41:36: [INFO] Adding track segment (B.Cu): [(378777500, 94932500), (378777500, 100072500)]
13:41:36: [INFO] Adding track segment (B.Cu): [(378777500, 100072500), (381317500, 102612500)]
13:41:36: [INFO] Routing SW56 with D56
13:41:36: [INFO] Using internal autorouter method
13:41:36: [INFO] Routing pad 'SW56:2' at (354965000, 94932500) with pad 'D56:2' at (357505000, 102612500) using coordinate system rotated by 0 degree(s)
13:41:36: [INFO] Adding track segment (B.Cu): [(354965000, 94932500), (354965000, 100072500)]
13:41:36: [INFO] Adding track segment (B.Cu): [(354965000, 100072500), (357505000, 102612500)]
13:41:36: [INFO] Routing SW55 with D55
13:41:36: [INFO] Using internal autorouter method
13:41:36: [INFO] Routing pad 'SW55:2' at (335915000, 94932500) with pad 'D55:2' at (338455000, 102612500) using coordinate system rotated by 0 degree(s)
13:41:36: [INFO] Adding track segment (B.Cu): [(335915000, 94932500), (335915000, 100072500)]
13:41:36: [INFO] Adding track segment (B.Cu): [(335915000, 100072500), (338455000, 102612500)]
13:41:36: [INFO] Routing SW54 with D54
13:41:36: [INFO] Using internal autorouter method
13:41:36: [INFO] Routing pad 'SW54:2' at (316865000, 94932500) with pad 'D54:2' at (319405000, 102612500) using coordinate system rotated by 0 degree(s)
13:41:36: [INFO] Adding track segment (B.Cu): [(316865000, 94932500), (316865000, 100072500)]
13:41:36: [INFO] Adding track segment (B.Cu): [(316865000, 100072500), (319405000, 102612500)]
13:41:36: [INFO] Routing SW53 with D53
13:41:36: [INFO] Using internal autorouter method
13:41:36: [INFO] Routing pad 'SW53:2' at (297815000, 94932500) with pad 'D53:2' at (300355000, 102612500) using coordinate system rotated by 0 degree(s)
13:41:36: [INFO] Adding track segment (B.Cu): [(297815000, 94932500), (297815000, 100072500)]
13:41:36: [INFO] Adding track segment (B.Cu): [(297815000, 100072500), (300355000, 102612500)]
13:41:36: [INFO] Routing SW52 with D52
13:41:36: [INFO] Using internal autorouter method
13:41:36: [INFO] Routing pad 'SW52:2' at (278765000, 94932500) with pad 'D52:2' at (281305000, 102612500) using coordinate system rotated by 0 degree(s)
13:41:36: [INFO] Adding track segment (B.Cu): [(278765000, 94932500), (278765000, 100072500)]
13:41:36: [INFO] Adding track segment (B.Cu): [(278765000, 100072500), (281305000, 102612500)]
13:41:36: [INFO] Routing SW51 with D51
13:41:36: [INFO] Using internal autorouter method
13:41:36: [INFO] Routing pad 'SW51:2' at (259715000, 94932500) with pad 'D51:2' at (262255000, 102612500) using coordinate system rotated by 0 degree(s)
13:41:36: [INFO] Adding track segment (B.Cu): [(259715000, 94932500), (259715000, 100072500)]
13:41:36: [INFO] Adding track segment (B.Cu): [(259715000, 100072500), (262255000, 102612500)]
13:41:36: [INFO] Routing SW50 with D50
13:41:36: [INFO] Using internal autorouter method
13:41:36: [INFO] Routing pad 'SW50:2' at (240665000, 94932500) with pad 'D50:2' at (243205000, 102612500) using coordinate system rotated by 0 degree(s)
13:41:36: [INFO] Adding track segment (B.Cu): [(240665000, 94932500), (240665000, 100072500)]
13:41:36: [INFO] Adding track segment (B.Cu): [(240665000, 100072500), (243205000, 102612500)]
13:41:36: [INFO] Routing SW49 with D49
13:41:36: [INFO] Using internal autorouter method
13:41:36: [INFO] Routing pad 'SW49:2' at (221615000, 94932500) with pad 'D49:2' at (224155000, 102612500) using coordinate system rotated by 0 degree(s)
13:41:36: [INFO] Adding track segment (B.Cu): [(221615000, 94932500), (221615000, 100072500)]
13:41:36: [INFO] Adding track segment (B.Cu): [(221615000, 100072500), (224155000, 102612500)]
13:41:36: [INFO] Routing SW48 with D48
13:41:36: [INFO] Using internal autorouter method
13:41:36: [INFO] Routing pad 'SW48:2' at (202565000, 94932500) with pad 'D48:2' at (205105000, 102612500) using coordinate system rotated by 0 degree(s)
13:41:36: [INFO] Adding track segment (B.Cu): [(202565000, 94932500), (202565000, 100072500)]
13:41:36: [INFO] Adding track segment (B.Cu): [(202565000, 100072500), (205105000, 102612500)]
13:41:36: [INFO] Routing SW47 with D47
13:41:36: [INFO] Using internal autorouter method
13:41:36: [INFO] Routing pad 'SW47:2' at (183515000, 94932500) with pad 'D47:2' at (186055000, 102612500) using coordinate system rotated by 0 degree(s)
13:41:36: [INFO] Adding track segment (B.Cu): [(183515000, 94932500), (183515000, 100072500)]
13:41:36: [INFO] Adding track segment (B.Cu): [(183515000, 100072500), (186055000, 102612500)]
13:41:36: [INFO] Routing SW46 with D46
13:41:36: [INFO] Using internal autorouter method
13:41:36: [INFO] Routing pad 'SW46:2' at (164465000, 94932500) with pad 'D46:2' at (167005000, 102612500) using coordinate system rotated by 0 degree(s)
13:41:36: [INFO] Adding track segment (B.Cu): [(164465000, 94932500), (164465000, 100072500)]
13:41:36: [INFO] Adding track segment (B.Cu): [(164465000, 100072500), (167005000, 102612500)]
13:41:36: [INFO] Routing SW45 with D45
13:41:36: [INFO] Using internal autorouter method
13:41:36: [INFO] Routing pad 'SW45:2' at (145415000, 94932500) with pad 'D45:2' at (147955000, 102612500) using coordinate system rotated by 0 degree(s)
13:41:36: [INFO] Adding track segment (B.Cu): [(145415000, 94932500), (145415000, 100072500)]
13:41:36: [INFO] Adding track segment (B.Cu): [(145415000, 100072500), (147955000, 102612500)]
13:41:36: [INFO] Routing SW44 with D44
13:41:36: [INFO] Using internal autorouter method
13:41:36: [INFO] Routing pad 'SW44:2' at (121602500, 94932500) with pad 'D44:2' at (124142500, 102612500) using coordinate system rotated by 0 degree(s)
13:41:36: [INFO] Adding track segment (B.Cu): [(121602500, 94932500), (121602500, 100072500)]
13:41:36: [INFO] Adding track segment (B.Cu): [(121602500, 100072500), (124142500, 102612500)]
13:41:36: [INFO] Routing SW43 with D43
13:41:36: [INFO] Using internal autorouter method
13:41:36: [INFO] Routing pad 'SW43:2' at (526415000, 75882500) with pad 'D43:2' at (528955000, 83562500) using coordinate system rotated by 0 degree(s)
13:41:36: [INFO] Adding track segment (B.Cu): [(526415000, 75882500), (526415000, 81022500)]
13:41:36: [INFO] Adding track segment (B.Cu): [(526415000, 81022500), (528955000, 83562500)]
13:41:36: [INFO] Routing SW42 with D42
13:41:36: [INFO] Using internal autorouter method
13:41:36: [INFO] Routing pad 'SW42:2' at (507365000, 75882500) with pad 'D42:2' at (509905000, 83562500) using coordinate system rotated by 0 degree(s)
13:41:36: [INFO] Adding track segment (B.Cu): [(507365000, 75882500), (507365000, 81022500)]
13:41:36: [INFO] Adding track segment (B.Cu): [(507365000, 81022500), (509905000, 83562500)]
13:41:36: [INFO] Routing SW41 with D41
13:41:36: [INFO] Using internal autorouter method
13:41:36: [INFO] Routing pad 'SW41:2' at (488315000, 75882500) with pad 'D41:2' at (490855000, 83562500) using coordinate system rotated by 0 degree(s)
13:41:36: [INFO] Adding track segment (B.Cu): [(488315000, 75882500), (488315000, 81022500)]
13:41:36: [INFO] Adding track segment (B.Cu): [(488315000, 81022500), (490855000, 83562500)]
13:41:36: [INFO] Routing SW40 with D40
13:41:36: [INFO] Using internal autorouter method
13:41:36: [INFO] Routing pad 'SW40:2' at (469265000, 75882500) with pad 'D40:2' at (471805000, 83562500) using coordinate system rotated by 0 degree(s)
13:41:36: [INFO] Adding track segment (B.Cu): [(469265000, 75882500), (469265000, 81022500)]
13:41:36: [INFO] Adding track segment (B.Cu): [(469265000, 81022500), (471805000, 83562500)]
13:41:36: [INFO] Routing SW39 with D39
13:41:36: [INFO] Using internal autorouter method
13:41:36: [INFO] Routing pad 'SW39:2' at (445452500, 75882500) with pad 'D39:2' at (447992500, 83562500) using coordinate system rotated by 0 degree(s)
13:41:36: [INFO] Adding track segment (B.Cu): [(445452500, 75882500), (445452500, 81022500)]
13:41:36: [INFO] Adding track segment (B.Cu): [(445452500, 81022500), (447992500, 83562500)]
13:41:37: [INFO] Routing SW38 with D38
13:41:37: [INFO] Using internal autorouter method
13:41:37: [INFO] Routing pad 'SW38:2' at (426402500, 75882500) with pad 'D38:2' at (428942500, 83562500) using coordinate system rotated by 0 degree(s)
13:41:37: [INFO] Adding track segment (B.Cu): [(426402500, 75882500), (426402500, 81022500)]
13:41:37: [INFO] Adding track segment (B.Cu): [(426402500, 81022500), (428942500, 83562500)]
13:41:37: [INFO] Routing SW37 with D37
13:41:37: [INFO] Using internal autorouter method
13:41:37: [INFO] Routing pad 'SW37:2' at (407352500, 75882500) with pad 'D37:2' at (409892500, 83562500) using coordinate system rotated by 0 degree(s)
13:41:37: [INFO] Adding track segment (B.Cu): [(407352500, 75882500), (407352500, 81022500)]
13:41:37: [INFO] Adding track segment (B.Cu): [(407352500, 81022500), (409892500, 83562500)]
13:41:37: [INFO] Routing SW36a with D36
13:41:37: [INFO] Using internal autorouter method
13:41:37: [INFO] Routing pad 'SW36a:2' at (383540000, 75882500) with pad 'D36:2' at (376555000, 83562500) using coordinate system rotated by 0 degree(s)
13:41:37: [INFO] Routing SW36 with D36
13:41:37: [INFO] Using internal autorouter method
13:41:37: [INFO] Routing pad 'SW36:2' at (374015000, 75882500) with pad 'D36:2' at (376555000, 83562500) using coordinate system rotated by 0 degree(s)
13:41:37: [INFO] Adding track segment (B.Cu): [(374015000, 75882500), (374015000, 81022500)]
13:41:37: [INFO] Adding track segment (B.Cu): [(374015000, 81022500), (376555000, 83562500)]
13:41:37: [INFO] Routing SW35 with D35
13:41:37: [INFO] Using internal autorouter method
13:41:37: [INFO] Routing pad 'SW35:2' at (364490000, 75882500) with pad 'D35:2' at (367030000, 83562500) using coordinate system rotated by 0 degree(s)
13:41:37: [INFO] Adding track segment (B.Cu): [(364490000, 75882500), (364490000, 81022500)]
13:41:37: [INFO] Adding track segment (B.Cu): [(364490000, 81022500), (367030000, 83562500)]
13:41:37: [INFO] Routing SW34 with D34
13:41:37: [INFO] Using internal autorouter method
13:41:37: [INFO] Routing pad 'SW34:2' at (345440000, 75882500) with pad 'D34:2' at (347980000, 83562500) using coordinate system rotated by 0 degree(s)
13:41:37: [INFO] Adding track segment (B.Cu): [(345440000, 75882500), (345440000, 81022500)]
13:41:37: [INFO] Adding track segment (B.Cu): [(345440000, 81022500), (347980000, 83562500)]
13:41:37: [INFO] Routing SW33 with D33
13:41:37: [INFO] Using internal autorouter method
13:41:37: [INFO] Routing pad 'SW33:2' at (326390000, 75882500) with pad 'D33:2' at (328930000, 83562500) using coordinate system rotated by 0 degree(s)
13:41:37: [INFO] Adding track segment (B.Cu): [(326390000, 75882500), (326390000, 81022500)]
13:41:37: [INFO] Adding track segment (B.Cu): [(326390000, 81022500), (328930000, 83562500)]
13:41:37: [INFO] Routing SW32 with D32
13:41:37: [INFO] Using internal autorouter method
13:41:37: [INFO] Routing pad 'SW32:2' at (307340000, 75882500) with pad 'D32:2' at (309880000, 83562500) using coordinate system rotated by 0 degree(s)
13:41:37: [INFO] Adding track segment (B.Cu): [(307340000, 75882500), (307340000, 81022500)]
13:41:37: [INFO] Adding track segment (B.Cu): [(307340000, 81022500), (309880000, 83562500)]
13:41:37: [INFO] Routing SW31 with D31
13:41:37: [INFO] Using internal autorouter method
13:41:37: [INFO] Routing pad 'SW31:2' at (288290000, 75882500) with pad 'D31:2' at (290830000, 83562500) using coordinate system rotated by 0 degree(s)
13:41:37: [INFO] Adding track segment (B.Cu): [(288290000, 75882500), (288290000, 81022500)]
13:41:37: [INFO] Adding track segment (B.Cu): [(288290000, 81022500), (290830000, 83562500)]
13:41:37: [INFO] Routing SW30 with D30
13:41:37: [INFO] Using internal autorouter method
13:41:37: [INFO] Routing pad 'SW30:2' at (269240000, 75882500) with pad 'D30:2' at (271780000, 83562500) using coordinate system rotated by 0 degree(s)
13:41:37: [INFO] Adding track segment (B.Cu): [(269240000, 75882500), (269240000, 81022500)]
13:41:37: [INFO] Adding track segment (B.Cu): [(269240000, 81022500), (271780000, 83562500)]
13:41:37: [INFO] Routing SW29 with D29
13:41:37: [INFO] Using internal autorouter method
13:41:37: [INFO] Routing pad 'SW29:2' at (250190000, 75882500) with pad 'D29:2' at (252730000, 83562500) using coordinate system rotated by 0 degree(s)
13:41:37: [INFO] Adding track segment (B.Cu): [(250190000, 75882500), (250190000, 81022500)]
13:41:37: [INFO] Adding track segment (B.Cu): [(250190000, 81022500), (252730000, 83562500)]
13:41:37: [INFO] Routing SW28 with D28
13:41:37: [INFO] Using internal autorouter method
13:41:37: [INFO] Routing pad 'SW28:2' at (231140000, 75882500) with pad 'D28:2' at (233680000, 83562500) using coordinate system rotated by 0 degree(s)
13:41:37: [INFO] Adding track segment (B.Cu): [(231140000, 75882500), (231140000, 81022500)]
13:41:37: [INFO] Adding track segment (B.Cu): [(231140000, 81022500), (233680000, 83562500)]
13:41:37: [INFO] Routing SW27 with D27
13:41:37: [INFO] Using internal autorouter method
13:41:37: [INFO] Routing pad 'SW27:2' at (212090000, 75882500) with pad 'D27:2' at (214630000, 83562500) using coordinate system rotated by 0 degree(s)
13:41:37: [INFO] Adding track segment (B.Cu): [(212090000, 75882500), (212090000, 81022500)]
13:41:37: [INFO] Adding track segment (B.Cu): [(212090000, 81022500), (214630000, 83562500)]
13:41:37: [INFO] Routing SW26 with D26
13:41:37: [INFO] Using internal autorouter method
13:41:37: [INFO] Routing pad 'SW26:2' at (193040000, 75882500) with pad 'D26:2' at (195580000, 83562500) using coordinate system rotated by 0 degree(s)
13:41:37: [INFO] Adding track segment (B.Cu): [(193040000, 75882500), (193040000, 81022500)]
13:41:37: [INFO] Adding track segment (B.Cu): [(193040000, 81022500), (195580000, 83562500)]
13:41:37: [INFO] Routing SW25 with D25
13:41:37: [INFO] Using internal autorouter method
13:41:37: [INFO] Routing pad 'SW25:2' at (173990000, 75882500) with pad 'D25:2' at (176530000, 83562500) using coordinate system rotated by 0 degree(s)
13:41:37: [INFO] Adding track segment (B.Cu): [(173990000, 75882500), (173990000, 81022500)]
13:41:37: [INFO] Adding track segment (B.Cu): [(173990000, 81022500), (176530000, 83562500)]
13:41:37: [INFO] Routing SW24 with D24
13:41:37: [INFO] Using internal autorouter method
13:41:37: [INFO] Routing pad 'SW24:2' at (154940000, 75882500) with pad 'D24:2' at (157480000, 83562500) using coordinate system rotated by 0 degree(s)
13:41:37: [INFO] Adding track segment (B.Cu): [(154940000, 75882500), (154940000, 81022500)]
13:41:37: [INFO] Adding track segment (B.Cu): [(154940000, 81022500), (157480000, 83562500)]
13:41:37: [INFO] Routing SW23 with D23
13:41:37: [INFO] Using internal autorouter method
13:41:37: [INFO] Routing pad 'SW23:2' at (135890000, 75882500) with pad 'D23:2' at (138430000, 83562500) using coordinate system rotated by 0 degree(s)
13:41:37: [INFO] Adding track segment (B.Cu): [(135890000, 75882500), (135890000, 81022500)]
13:41:37: [INFO] Adding track segment (B.Cu): [(135890000, 81022500), (138430000, 83562500)]
13:41:37: [INFO] Routing SW22 with D22
13:41:37: [INFO] Using internal autorouter method
13:41:37: [INFO] Routing pad 'SW22:2' at (116840000, 75882500) with pad 'D22:2' at (119380000, 83562500) using coordinate system rotated by 0 degree(s)
13:41:37: [INFO] Adding track segment (B.Cu): [(116840000, 75882500), (116840000, 81022500)]
13:41:37: [INFO] Adding track segment (B.Cu): [(116840000, 81022500), (119380000, 83562500)]
13:41:37: [INFO] Routing SW21 with D21
13:41:37: [INFO] Using internal autorouter method
13:41:37: [INFO] Routing pad 'SW21:2' at (526415000, 52070000) with pad 'D21:2' at (528955000, 59750000) using coordinate system rotated by 0 degree(s)
13:41:37: [INFO] Adding track segment (B.Cu): [(526415000, 52070000), (526415000, 57210000)]
13:41:37: [INFO] Adding track segment (B.Cu): [(526415000, 57210000), (528955000, 59750000)]
13:41:37: [INFO] Routing SW20 with D20
13:41:37: [INFO] Using internal autorouter method
13:41:37: [INFO] Routing pad 'SW20:2' at (507365000, 52070000) with pad 'D20:2' at (509905000, 59750000) using coordinate system rotated by 0 degree(s)
13:41:37: [INFO] Adding track segment (B.Cu): [(507365000, 52070000), (507365000, 57210000)]
13:41:37: [INFO] Adding track segment (B.Cu): [(507365000, 57210000), (509905000, 59750000)]
13:41:37: [INFO] Routing SW19 with D19
13:41:37: [INFO] Using internal autorouter method
13:41:37: [INFO] Routing pad 'SW19:2' at (488315000, 52070000) with pad 'D19:2' at (490855000, 59750000) using coordinate system rotated by 0 degree(s)
13:41:37: [INFO] Adding track segment (B.Cu): [(488315000, 52070000), (488315000, 57210000)]
13:41:37: [INFO] Adding track segment (B.Cu): [(488315000, 57210000), (490855000, 59750000)]
13:41:37: [INFO] Routing SW18 with D18
13:41:37: [INFO] Using internal autorouter method
13:41:37: [INFO] Routing pad 'SW18:2' at (469265000, 52070000) with pad 'D18:2' at (471805000, 59750000) using coordinate system rotated by 0 degree(s)
13:41:37: [INFO] Adding track segment (B.Cu): [(469265000, 52070000), (469265000, 57210000)]
13:41:37: [INFO] Adding track segment (B.Cu): [(469265000, 57210000), (471805000, 59750000)]
13:41:37: [INFO] Routing SW17 with D17
13:41:37: [INFO] Using internal autorouter method
13:41:37: [INFO] Routing pad 'SW17:2' at (445452500, 52070000) with pad 'D17:2' at (447992500, 59750000) using coordinate system rotated by 0 degree(s)
13:41:37: [INFO] Adding track segment (B.Cu): [(445452500, 52070000), (445452500, 57210000)]
13:41:37: [INFO] Adding track segment (B.Cu): [(445452500, 57210000), (447992500, 59750000)]
13:41:37: [INFO] Routing SW16 with D16
13:41:37: [INFO] Using internal autorouter method
13:41:37: [INFO] Routing pad 'SW16:2' at (426402500, 52070000) with pad 'D16:2' at (428942500, 59750000) using coordinate system rotated by 0 degree(s)
13:41:37: [INFO] Adding track segment (B.Cu): [(426402500, 52070000), (426402500, 57210000)]
13:41:37: [INFO] Adding track segment (B.Cu): [(426402500, 57210000), (428942500, 59750000)]
13:41:37: [INFO] Routing SW15 with D15
13:41:37: [INFO] Using internal autorouter method
13:41:37: [INFO] Routing pad 'SW15:2' at (407352500, 52070000) with pad 'D15:2' at (409892500, 59750000) using coordinate system rotated by 0 degree(s)
13:41:37: [INFO] Adding track segment (B.Cu): [(407352500, 52070000), (407352500, 57210000)]
13:41:37: [INFO] Adding track segment (B.Cu): [(407352500, 57210000), (409892500, 59750000)]
13:41:37: [INFO] Routing SW14 with D14
13:41:37: [INFO] Using internal autorouter method
13:41:37: [INFO] Routing pad 'SW14:2' at (383540000, 52070000) with pad 'D14:2' at (386080000, 59750000) using coordinate system rotated by 0 degree(s)
13:41:37: [INFO] Adding track segment (B.Cu): [(383540000, 52070000), (383540000, 57210000)]
13:41:37: [INFO] Adding track segment (B.Cu): [(383540000, 57210000), (386080000, 59750000)]
13:41:37: [INFO] Routing SW13a with D13
13:41:37: [INFO] Using internal autorouter method
13:41:37: [INFO] Routing pad 'SW13a:2' at (359727500, 52070000) with pad 'D13:2' at (367030000, 59750000) using coordinate system rotated by 0 degree(s)
13:41:38: [INFO] Routing SW13 with D13
13:41:38: [INFO] Using internal autorouter method
13:41:38: [INFO] Routing pad 'SW13:2' at (364490000, 52070000) with pad 'D13:2' at (367030000, 59750000) using coordinate system rotated by 0 degree(s)
13:41:38: [INFO] Adding track segment (B.Cu): [(364490000, 52070000), (364490000, 57210000)]
13:41:38: [INFO] Adding track segment (B.Cu): [(364490000, 57210000), (367030000, 59750000)]
13:41:38: [INFO] Routing SW12a with D12
13:41:38: [INFO] Using internal autorouter method
13:41:38: [INFO] Routing pad 'SW12a:2' at (340677500, 52070000) with pad 'D12:2' at (347980000, 59750000) using coordinate system rotated by 0 degree(s)
13:41:38: [INFO] Routing SW12 with D12
13:41:38: [INFO] Using internal autorouter method
13:41:38: [INFO] Routing pad 'SW12:2' at (345440000, 52070000) with pad 'D12:2' at (347980000, 59750000) using coordinate system rotated by 0 degree(s)
13:41:38: [INFO] Adding track segment (B.Cu): [(345440000, 52070000), (345440000, 57210000)]
13:41:38: [INFO] Adding track segment (B.Cu): [(345440000, 57210000), (347980000, 59750000)]
13:41:38: [INFO] Routing SW11a with D11
13:41:38: [INFO] Using internal autorouter method
13:41:38: [INFO] Routing pad 'SW11a:2' at (321627500, 52070000) with pad 'D11:2' at (328930000, 59750000) using coordinate system rotated by 0 degree(s)
13:41:38: [INFO] Routing SW11 with D11
13:41:38: [INFO] Using internal autorouter method
13:41:38: [INFO] Routing pad 'SW11:2' at (326390000, 52070000) with pad 'D11:2' at (328930000, 59750000) using coordinate system rotated by 0 degree(s)
13:41:38: [INFO] Adding track segment (B.Cu): [(326390000, 52070000), (326390000, 57210000)]
13:41:38: [INFO] Adding track segment (B.Cu): [(326390000, 57210000), (328930000, 59750000)]
13:41:38: [INFO] Routing SW10a with D10
13:41:38: [INFO] Using internal autorouter method
13:41:38: [INFO] Routing pad 'SW10a:2' at (302577500, 52070000) with pad 'D10:2' at (300355000, 59750000) using coordinate system rotated by 0 degree(s)
13:41:38: [INFO] Routing SW10 with D10
13:41:38: [INFO] Using internal autorouter method
13:41:38: [INFO] Routing pad 'SW10:2' at (297815000, 52070000) with pad 'D10:2' at (300355000, 59750000) using coordinate system rotated by 0 degree(s)
13:41:38: [INFO] Routing SW9 with D9
13:41:38: [INFO] Using internal autorouter method
13:41:38: [INFO] Routing pad 'SW9:2' at (278765000, 52070000) with pad 'D9:2' at (281305000, 59750000) using coordinate system rotated by 0 degree(s)
13:41:38: [INFO] Adding track segment (B.Cu): [(278765000, 52070000), (278765000, 57210000)]
13:41:38: [INFO] Adding track segment (B.Cu): [(278765000, 57210000), (281305000, 59750000)]
13:41:38: [INFO] Routing SW8 with D8
13:41:38: [INFO] Using internal autorouter method
13:41:38: [INFO] Routing pad 'SW8:2' at (259715000, 52070000) with pad 'D8:2' at (262255000, 59750000) using coordinate system rotated by 0 degree(s)
13:41:38: [INFO] Adding track segment (B.Cu): [(259715000, 52070000), (259715000, 57210000)]
13:41:38: [INFO] Adding track segment (B.Cu): [(259715000, 57210000), (262255000, 59750000)]
13:41:38: [INFO] Routing SW7 with D7
13:41:38: [INFO] Using internal autorouter method
13:41:38: [INFO] Routing pad 'SW7:2' at (240665000, 52070000) with pad 'D7:2' at (243205000, 59750000) using coordinate system rotated by 0 degree(s)
13:41:38: [INFO] Adding track segment (B.Cu): [(240665000, 52070000), (240665000, 57210000)]
13:41:38: [INFO] Adding track segment (B.Cu): [(240665000, 57210000), (243205000, 59750000)]
13:41:38: [INFO] Routing SW6a with D6
13:41:38: [INFO] Using internal autorouter method
13:41:38: [INFO] Routing pad 'SW6a:2' at (221615000, 52070000) with pad 'D6:2' at (214630000, 59750000) using coordinate system rotated by 0 degree(s)
13:41:38: [INFO] Routing SW6 with D6
13:41:38: [INFO] Using internal autorouter method
13:41:38: [INFO] Routing pad 'SW6:2' at (212090000, 52070000) with pad 'D6:2' at (214630000, 59750000) using coordinate system rotated by 0 degree(s)
13:41:38: [INFO] Adding track segment (B.Cu): [(212090000, 52070000), (212090000, 57210000)]
13:41:38: [INFO] Adding track segment (B.Cu): [(212090000, 57210000), (214630000, 59750000)]
13:41:38: [INFO] Routing SW5a with D5
13:41:38: [INFO] Using internal autorouter method
13:41:38: [INFO] Routing pad 'SW5a:2' at (197802500, 52070000) with pad 'D5:2' at (195580000, 59750000) using coordinate system rotated by 0 degree(s)
13:41:38: [INFO] Routing SW5 with D5
13:41:38: [INFO] Using internal autorouter method
13:41:38: [INFO] Routing pad 'SW5:2' at (193040000, 52070000) with pad 'D5:2' at (195580000, 59750000) using coordinate system rotated by 0 degree(s)
13:41:38: [INFO] Routing SW4a with D4
13:41:38: [INFO] Using internal autorouter method
13:41:38: [INFO] Routing pad 'SW4a:2' at (178752500, 52070000) with pad 'D4:2' at (176530000, 59750000) using coordinate system rotated by 0 degree(s)
13:41:38: [INFO] Routing SW4 with D4
13:41:38: [INFO] Using internal autorouter method
13:41:38: [INFO] Routing pad 'SW4:2' at (173990000, 52070000) with pad 'D4:2' at (176530000, 59750000) using coordinate system rotated by 0 degree(s)
13:41:38: [INFO] Routing SW3a with D3
13:41:38: [INFO] Using internal autorouter method
13:41:38: [INFO] Routing pad 'SW3a:2' at (159702500, 52070000) with pad 'D3:2' at (157480000, 59750000) using coordinate system rotated by 0 degree(s)
13:41:38: [INFO] Routing SW3 with D3
13:41:38: [INFO] Using internal autorouter method
13:41:38: [INFO] Routing pad 'SW3:2' at (154940000, 52070000) with pad 'D3:2' at (157480000, 59750000) using coordinate system rotated by 0 degree(s)
13:41:38: [INFO] Routing SW2 with D2
13:41:38: [INFO] Using internal autorouter method
13:41:38: [INFO] Routing pad 'SW2:2' at (140652500, 52070000) with pad 'D2:2' at (143192500, 59750000) using coordinate system rotated by 0 degree(s)
13:41:38: [INFO] Adding track segment (B.Cu): [(140652500, 52070000), (140652500, 57210000)]
13:41:38: [INFO] Adding track segment (B.Cu): [(140652500, 57210000), (143192500, 59750000)]
13:41:38: [INFO] Routing SW1 with D1
13:41:38: [INFO] Using internal autorouter method
13:41:38: [INFO] Routing pad 'SW1:2' at (116840000, 52070000) with pad 'D1:2' at (119380000, 59750000) using coordinate system rotated by 0 degree(s)
13:41:38: [INFO] Adding track segment (B.Cu): [(116840000, 52070000), (116840000, 57210000)]
13:41:38: [INFO] Adding track segment (B.Cu): [(116840000, 57210000), (119380000, 59750000)]
13:41:38: [INFO] Routing COL18 pads
13:41:38: [INFO] Routing pad 'SW18:1' at (462915000, 54610000) with pad 'SW40:1' at (462915000, 78422500) using coordinate system rotated by 0 degree(s)
13:41:38: [INFO] Adding track segment (F.Cu): [(462915000, 54610000), (462915000, 78422500)]
13:41:38: [INFO] Routing pad 'SW40:1' at (462915000, 78422500) with pad 'SW61:1' at (462915000, 97472500) using coordinate system rotated by 0 degree(s)
13:41:38: [INFO] Adding track segment (F.Cu): [(462915000, 78422500), (462915000, 97472500)]
13:41:38: [INFO] Routing pad 'SW61:1' at (462915000, 97472500) with pad 'SW79:1' at (462915000, 116522500) using coordinate system rotated by 0 degree(s)
13:41:38: [INFO] Adding track segment (F.Cu): [(462915000, 97472500), (462915000, 116522500)]
13:41:38: [INFO] Routing pad 'SW79:1' at (462915000, 116522500) with pad 'SW98:1' at (462915000, 135572500) using coordinate system rotated by 0 degree(s)
13:41:38: [INFO] Adding track segment (F.Cu): [(462915000, 116522500), (462915000, 135572500)]
13:41:38: [INFO] Routing pad 'SW98:1' at (462915000, 135572500) with pad 'SW113:1' at (462915000, 154622500) using coordinate system rotated by 0 degree(s)
13:41:38: [INFO] Adding track segment (F.Cu): [(462915000, 135572500), (462915000, 154622500)]
13:41:38: [INFO] Could not add track segment due to detected collision
13:41:38: [INFO] Routing COL7 pads
13:41:38: [INFO] Routing pad 'SW51:1' at (253365000, 97472500) with pad 'SW29:1' at (243840000, 78422500) using coordinate system rotated by 0 degree(s)
13:41:38: [INFO] Adding track segment (F.Cu): [(253365000, 97472500), (243840000, 87947500)]
13:41:38: [INFO] Adding track segment (F.Cu): [(243840000, 87947500), (243840000, 78422500)]
13:41:38: [INFO] Routing pad 'SW105:1' at (231933750, 154622500) with pad 'SW105a:1' at (243840000, 154622500) using coordinate system rotated by 0 degree(s)
13:41:38: [INFO] Adding track segment (F.Cu): [(231933750, 154622500), (243840000, 154622500)]
13:41:38: [INFO] Routing pad 'SW105a:1' at (243840000, 154622500) with pad 'SW90:1' at (248602500, 135572500) using coordinate system rotated by 0 degree(s)
13:41:38: [INFO] Adding track segment (F.Cu): [(243840000, 154622500), (248602500, 149860000)]
13:41:38: [INFO] Adding track segment (F.Cu): [(248602500, 149860000), (248602500, 135572500)]
13:41:38: [INFO] Routing pad 'SW29:1' at (243840000, 78422500) with pad 'SW8:1' at (253365000, 54610000) using coordinate system rotated by 0 degree(s)
13:41:38: [INFO] Adding track segment (F.Cu): [(243840000, 78422500), (253365000, 68897500)]
13:41:38: [INFO] Adding track segment (F.Cu): [(253365000, 68897500), (253365000, 54610000)]
13:41:38: [INFO] Routing pad 'SW72:1' at (258127500, 116522500) with pad 'SW51:1' at (253365000, 97472500) using coordinate system rotated by 0 degree(s)
13:41:39: [INFO] Adding track segment (F.Cu): [(258127500, 116522500), (253365000, 111760000)]
13:41:39: [INFO] Adding track segment (F.Cu): [(253365000, 111760000), (253365000, 97472500)]
13:41:39: [INFO] Routing pad 'SW90:1' at (248602500, 135572500) with pad 'SW72:1' at (258127500, 116522500) using coordinate system rotated by 0 degree(s)
13:41:39: [INFO] Adding track segment (F.Cu): [(248602500, 135572500), (258127500, 126047500)]
13:41:39: [INFO] Adding track segment (F.Cu): [(258127500, 126047500), (258127500, 116522500)]
13:41:39: [INFO] Routing COL2 pads
13:41:39: [INFO] Routing pad 'SW3:1' at (148590000, 54610000) with pad 'SW24:1' at (148590000, 78422500) using coordinate system rotated by 0 degree(s)
13:41:39: [INFO] Adding track segment (F.Cu): [(148590000, 54610000), (148590000, 78422500)]
13:41:39: [INFO] Routing pad 'SW3:1' at (148590000, 54610000) with pad 'SW3a:1' at (153352500, 54610000) using coordinate system rotated by 0 degree(s)
13:41:39: [INFO] Adding track segment (F.Cu): [(148590000, 54610000), (153352500, 54610000)]
13:41:39: [INFO] Routing pad 'SW67:1' at (162877500, 116522500) with pad 'SW85:1' at (153352500, 135572500) using coordinate system rotated by 0 degree(s)
13:41:39: [INFO] Adding track segment (F.Cu): [(162877500, 116522500), (162877500, 126047500)]
13:41:39: [INFO] Adding track segment (F.Cu): [(162877500, 126047500), (153352500, 135572500)]
13:41:39: [INFO] Routing pad 'SW24:1' at (148590000, 78422500) with pad 'SW46:1' at (158115000, 97472500) using coordinate system rotated by 0 degree(s)
13:41:39: [INFO] Adding track segment (F.Cu): [(148590000, 78422500), (148590000, 87947500)]
13:41:39: [INFO] Adding track segment (F.Cu): [(148590000, 87947500), (158115000, 97472500)]
13:41:39: [INFO] Routing pad 'SW85:1' at (153352500, 135572500) with pad 'SW104:1' at (160496250, 154622500) using coordinate system rotated by 0 degree(s)
13:41:39: [INFO] Adding track segment (F.Cu): [(153352500, 135572500), (153352500, 147478750)]
13:41:39: [INFO] Adding track segment (F.Cu): [(153352500, 147478750), (160496250, 154622500)]
13:41:39: [INFO] Routing pad 'SW46:1' at (158115000, 97472500) with pad 'SW67:1' at (162877500, 116522500) using coordinate system rotated by 0 degree(s)
13:41:39: [INFO] Adding track segment (F.Cu): [(158115000, 97472500), (158115000, 111760000)]
13:41:39: [INFO] Adding track segment (F.Cu): [(158115000, 111760000), (162877500, 116522500)]
13:41:39: [INFO] Routing pad 'SW104:1' at (160496250, 154622500) with pad 'SW104a:1' at (162877500, 154622500) using coordinate system rotated by 0 degree(s)
13:41:39: [INFO] Adding track segment (F.Cu): [(160496250, 154622500), (162877500, 154622500)]
13:41:39: [INFO] Routing COL15 pads
13:41:39: [INFO] Routing pad 'SW15:1' at (401002500, 54610000) with pad 'SW37:1' at (401002500, 78422500) using coordinate system rotated by 0 degree(s)
13:41:39: [INFO] Adding track segment (F.Cu): [(401002500, 54610000), (401002500, 78422500)]
13:41:39: [INFO] Routing pad 'SW37:1' at (401002500, 78422500) with pad 'SW58:1' at (401002500, 97472500) using coordinate system rotated by 0 degree(s)
13:41:39: [INFO] Adding track segment (F.Cu): [(401002500, 78422500), (401002500, 97472500)]
13:41:39: [INFO] Routing pad 'SW58:1' at (401002500, 97472500) with pad 'SW110:1' at (401002500, 154622500) using coordinate system rotated by 0 degree(s)
13:41:39: [INFO] Adding track segment (F.Cu): [(401002500, 97472500), (401002500, 154622500)]
13:41:39: [INFO] Routing COL5 pads
13:41:39: [INFO] Routing pad 'SW6:1' at (205740000, 54610000) with pad 'SW27:1' at (205740000, 78422500) using coordinate system rotated by 0 degree(s)
13:41:39: [INFO] Adding track segment (F.Cu): [(205740000, 54610000), (205740000, 78422500)]
13:41:39: [INFO] Routing pad 'SW70:1' at (220027500, 116522500) with pad 'SW88:1' at (210502500, 135572500) using coordinate system rotated by 0 degree(s)
13:41:39: [INFO] Adding track segment (F.Cu): [(220027500, 116522500), (220027500, 126047500)]
13:41:39: [INFO] Adding track segment (F.Cu): [(220027500, 126047500), (210502500, 135572500)]
13:41:39: [INFO] Routing pad 'SW6:1' at (205740000, 54610000) with pad 'SW6a:1' at (215265000, 54610000) using coordinate system rotated by 0 degree(s)
13:41:39: [INFO] Adding track segment (F.Cu): [(205740000, 54610000), (215265000, 54610000)]
13:41:39: [INFO] Routing pad 'SW27:1' at (205740000, 78422500) with pad 'SW49:1' at (215265000, 97472500) using coordinate system rotated by 0 degree(s)
13:41:39: [INFO] Adding track segment (F.Cu): [(205740000, 78422500), (205740000, 87947500)]
13:41:39: [INFO] Adding track segment (F.Cu): [(205740000, 87947500), (215265000, 97472500)]
13:41:39: [INFO] Routing pad 'SW49:1' at (215265000, 97472500) with pad 'SW70:1' at (220027500, 116522500) using coordinate system rotated by 0 degree(s)
13:41:39: [INFO] Adding track segment (F.Cu): [(215265000, 97472500), (215265000, 111760000)]
13:41:39: [INFO] Adding track segment (F.Cu): [(215265000, 111760000), (220027500, 116522500)]
13:41:39: [INFO] Routing COL12 pads
13:41:39: [INFO] Routing pad 'SW12a:1' at (334327500, 54610000) with pad 'SW12:1' at (339090000, 54610000) using coordinate system rotated by 0 degree(s)
13:41:39: [INFO] Adding track segment (F.Cu): [(334327500, 54610000), (339090000, 54610000)]
13:41:39: [INFO] Routing pad 'SW12:1' at (339090000, 54610000) with pad 'SW34:1' at (339090000, 78422500) using coordinate system rotated by 0 degree(s)
13:41:39: [INFO] Adding track segment (F.Cu): [(339090000, 54610000), (339090000, 78422500)]
13:41:39: [INFO] Could not add track segment due to detected collision
13:41:39: [INFO] Routing pad 'SW34:1' at (339090000, 78422500) with pad 'SW56:1' at (348615000, 97472500) using coordinate system rotated by 0 degree(s)
13:41:39: [INFO] Adding track segment (F.Cu): [(339090000, 78422500), (339090000, 87947500)]
13:41:39: [INFO] Adding track segment (F.Cu): [(339090000, 87947500), (348615000, 97472500)]
13:41:39: [INFO] Routing pad 'SW108:1' at (350996250, 154622500) with pad 'SW108a:1' at (348615000, 154622500) using coordinate system rotated by 0 degree(s)
13:41:39: [INFO] Adding track segment (F.Cu): [(350996250, 154622500), (348615000, 154622500)]
13:41:39: [INFO] Routing pad 'SW77:1' at (353377500, 116522500) with pad 'SW95a:1' at (350996250, 135572500) using coordinate system rotated by 0 degree(s)
13:41:39: [INFO] Routing pad 'SW95a:1' at (350996250, 135572500) with pad 'SW108:1' at (350996250, 154622500) using coordinate system rotated by 0 degree(s)
13:41:39: [INFO] Adding track segment (F.Cu): [(350996250, 135572500), (350996250, 154622500)]
13:41:39: [INFO] Could not add track segment due to detected collision
13:41:39: [INFO] Routing pad 'SW56:1' at (348615000, 97472500) with pad 'SW77:1' at (353377500, 116522500) using coordinate system rotated by 0 degree(s)
13:41:39: [INFO] Adding track segment (F.Cu): [(348615000, 97472500), (348615000, 111760000)]
13:41:39: [INFO] Adding track segment (F.Cu): [(348615000, 111760000), (353377500, 116522500)]
13:41:39: [INFO] Routing pad 'SW95a:1' at (350996250, 135572500) with pad 'SW95:1' at (360521250, 135572500) using coordinate system rotated by 0 degree(s)
13:41:39: [INFO] Adding track segment (F.Cu): [(350996250, 135572500), (360521250, 135572500)]
13:41:39: [INFO] Routing COL19 pads
13:41:39: [INFO] Routing pad 'SW41:1' at (481965000, 78422500) with pad 'SW19:1' at (481965000, 54610000) using coordinate system rotated by 0 degree(s)
13:41:39: [INFO] Adding track segment (F.Cu): [(481965000, 78422500), (481965000, 54610000)]
13:41:39: [INFO] Routing pad 'SW62:1' at (481965000, 97472500) with pad 'SW41:1' at (481965000, 78422500) using coordinate system rotated by 0 degree(s)
13:41:39: [INFO] Adding track segment (F.Cu): [(481965000, 97472500), (481965000, 78422500)]
13:41:39: [INFO] Routing pad 'SW80:1' at (481965000, 116522500) with pad 'SW62:1' at (481965000, 97472500) using coordinate system rotated by 0 degree(s)
13:41:39: [INFO] Adding track segment (F.Cu): [(481965000, 116522500), (481965000, 97472500)]
13:41:39: [INFO] Routing pad 'SW99:1' at (481965000, 135572500) with pad 'SW80:1' at (481965000, 116522500) using coordinate system rotated by 0 degree(s)
13:41:39: [INFO] Adding track segment (F.Cu): [(481965000, 135572500), (481965000, 116522500)]
13:41:39: [INFO] Routing pad 'SW114a:1' at (481965000, 154622500) with pad 'SW99:1' at (481965000, 135572500) using coordinate system rotated by 0 degree(s)
13:41:39: [INFO] Adding track segment (F.Cu): [(481965000, 154622500), (481965000, 135572500)]
13:41:39: [INFO] Routing pad 'SW114:1' at (472440000, 154622500) with pad 'SW114a:1' at (481965000, 154622500) using coordinate system rotated by 0 degree(s)
13:41:39: [INFO] Adding track segment (F.Cu): [(472440000, 154622500), (481965000, 154622500)]
13:41:39: [INFO] Routing ROW1 pads
13:41:39: [INFO] Routing pad 'D22:1' at (119380000, 86362500) with pad 'D23:1' at (138430000, 86362500) using coordinate system rotated by 0 degree(s)
13:41:39: [INFO] Adding track segment (B.Cu): [(119380000, 86362500), (138430000, 86362500)]
13:41:39: [INFO] Routing pad 'D23:1' at (138430000, 86362500) with pad 'D24:1' at (157480000, 86362500) using coordinate system rotated by 0 degree(s)
13:41:39: [INFO] Adding track segment (B.Cu): [(138430000, 86362500), (157480000, 86362500)]
13:41:39: [INFO] Routing pad 'D24:1' at (157480000, 86362500) with pad 'D25:1' at (176530000, 86362500) using coordinate system rotated by 0 degree(s)
13:41:39: [INFO] Adding track segment (B.Cu): [(157480000, 86362500), (176530000, 86362500)]
13:41:39: [INFO] Routing pad 'D25:1' at (176530000, 86362500) with pad 'D26:1' at (195580000, 86362500) using coordinate system rotated by 0 degree(s)
13:41:39: [INFO] Adding track segment (B.Cu): [(176530000, 86362500), (195580000, 86362500)]
13:41:39: [INFO] Routing pad 'D26:1' at (195580000, 86362500) with pad 'D27:1' at (214630000, 86362500) using coordinate system rotated by 0 degree(s)
13:41:39: [INFO] Adding track segment (B.Cu): [(195580000, 86362500), (214630000, 86362500)]
13:41:39: [INFO] Routing pad 'D27:1' at (214630000, 86362500) with pad 'D28:1' at (233680000, 86362500) using coordinate system rotated by 0 degree(s)
13:41:39: [INFO] Adding track segment (B.Cu): [(214630000, 86362500), (233680000, 86362500)]
13:41:39: [INFO] Routing pad 'D28:1' at (233680000, 86362500) with pad 'D29:1' at (252730000, 86362500) using coordinate system rotated by 0 degree(s)
13:41:39: [INFO] Adding track segment (B.Cu): [(233680000, 86362500), (252730000, 86362500)]
13:41:39: [INFO] Routing pad 'D29:1' at (252730000, 86362500) with pad 'D30:1' at (271780000, 86362500) using coordinate system rotated by 0 degree(s)
13:41:39: [INFO] Adding track segment (B.Cu): [(252730000, 86362500), (271780000, 86362500)]
13:41:39: [INFO] Routing pad 'D30:1' at (271780000, 86362500) with pad 'D31:1' at (290830000, 86362500) using coordinate system rotated by 0 degree(s)
13:41:39: [INFO] Adding track segment (B.Cu): [(271780000, 86362500), (290830000, 86362500)]
13:41:39: [INFO] Routing pad 'D31:1' at (290830000, 86362500) with pad 'D32:1' at (309880000, 86362500) using coordinate system rotated by 0 degree(s)
13:41:39: [INFO] Adding track segment (B.Cu): [(290830000, 86362500), (309880000, 86362500)]
13:41:39: [INFO] Routing pad 'D32:1' at (309880000, 86362500) with pad 'D33:1' at (328930000, 86362500) using coordinate system rotated by 0 degree(s)
13:41:39: [INFO] Adding track segment (B.Cu): [(309880000, 86362500), (328930000, 86362500)]
13:41:39: [INFO] Routing pad 'D33:1' at (328930000, 86362500) with pad 'D34:1' at (347980000, 86362500) using coordinate system rotated by 0 degree(s)
13:41:39: [INFO] Adding track segment (B.Cu): [(328930000, 86362500), (347980000, 86362500)]
13:41:39: [INFO] Routing pad 'D34:1' at (347980000, 86362500) with pad 'D35:1' at (367030000, 86362500) using coordinate system rotated by 0 degree(s)
13:41:39: [INFO] Adding track segment (B.Cu): [(347980000, 86362500), (367030000, 86362500)]
13:41:39: [INFO] Routing pad 'D35:1' at (367030000, 86362500) with pad 'D36:1' at (376555000, 86362500) using coordinate system rotated by 0 degree(s)
13:41:39: [INFO] Adding track segment (B.Cu): [(367030000, 86362500), (376555000, 86362500)]
13:41:39: [INFO] Routing pad 'D36:1' at (376555000, 86362500) with pad 'D37:1' at (409892500, 86362500) using coordinate system rotated by 0 degree(s)
13:41:39: [INFO] Adding track segment (B.Cu): [(376555000, 86362500), (409892500, 86362500)]
13:41:39: [INFO] Routing pad 'D37:1' at (409892500, 86362500) with pad 'D38:1' at (428942500, 86362500) using coordinate system rotated by 0 degree(s)
13:41:39: [INFO] Adding track segment (B.Cu): [(409892500, 86362500), (428942500, 86362500)]
13:41:39: [INFO] Routing pad 'D38:1' at (428942500, 86362500) with pad 'D39:1' at (447992500, 86362500) using coordinate system rotated by 0 degree(s)
13:41:39: [INFO] Adding track segment (B.Cu): [(428942500, 86362500), (447992500, 86362500)]
13:41:39: [INFO] Routing pad 'D39:1' at (447992500, 86362500) with pad 'D40:1' at (471805000, 86362500) using coordinate system rotated by 0 degree(s)
13:41:39: [INFO] Adding track segment (B.Cu): [(447992500, 86362500), (471805000, 86362500)]
13:41:39: [INFO] Routing pad 'D40:1' at (471805000, 86362500) with pad 'D41:1' at (490855000, 86362500) using coordinate system rotated by 0 degree(s)
13:41:39: [INFO] Adding track segment (B.Cu): [(471805000, 86362500), (490855000, 86362500)]
13:41:39: [INFO] Routing pad 'D41:1' at (490855000, 86362500) with pad 'D42:1' at (509905000, 86362500) using coordinate system rotated by 0 degree(s)
13:41:39: [INFO] Adding track segment (B.Cu): [(490855000, 86362500), (509905000, 86362500)]
13:41:39: [INFO] Routing pad 'D42:1' at (509905000, 86362500) with pad 'D43:1' at (528955000, 86362500) using coordinate system rotated by 0 degree(s)
13:41:39: [INFO] Adding track segment (B.Cu): [(509905000, 86362500), (528955000, 86362500)]
13:41:39: [INFO] Routing ROW0 pads
13:41:39: [INFO] Routing pad 'D1:1' at (119380000, 62550000) with pad 'D2:1' at (143192500, 62550000) using coordinate system rotated by 0 degree(s)
13:41:39: [INFO] Adding track segment (B.Cu): [(119380000, 62550000), (143192500, 62550000)]
13:41:39: [INFO] Routing pad 'D2:1' at (143192500, 62550000) with pad 'D3:1' at (157480000, 62550000) using coordinate system rotated by 0 degree(s)
13:41:39: [INFO] Adding track segment (B.Cu): [(143192500, 62550000), (157480000, 62550000)]
13:41:39: [INFO] Routing pad 'D3:1' at (157480000, 62550000) with pad 'D4:1' at (176530000, 62550000) using coordinate system rotated by 0 degree(s)
13:41:39: [INFO] Adding track segment (B.Cu): [(157480000, 62550000), (176530000, 62550000)]
13:41:39: [INFO] Routing pad 'D4:1' at (176530000, 62550000) with pad 'D5:1' at (195580000, 62550000) using coordinate system rotated by 0 degree(s)
13:41:39: [INFO] Adding track segment (B.Cu): [(176530000, 62550000), (195580000, 62550000)]
13:41:39: [INFO] Routing pad 'D5:1' at (195580000, 62550000) with pad 'D6:1' at (214630000, 62550000) using coordinate system rotated by 0 degree(s)
13:41:39: [INFO] Adding track segment (B.Cu): [(195580000, 62550000), (214630000, 62550000)]
13:41:39: [INFO] Routing pad 'D6:1' at (214630000, 62550000) with pad 'D7:1' at (243205000, 62550000) using coordinate system rotated by 0 degree(s)
13:41:39: [INFO] Adding track segment (B.Cu): [(214630000, 62550000), (243205000, 62550000)]
13:41:39: [INFO] Routing pad 'D7:1' at (243205000, 62550000) with pad 'D8:1' at (262255000, 62550000) using coordinate system rotated by 0 degree(s)
13:41:39: [INFO] Adding track segment (B.Cu): [(243205000, 62550000), (262255000, 62550000)]
13:41:39: [INFO] Routing pad 'D8:1' at (262255000, 62550000) with pad 'D9:1' at (281305000, 62550000) using coordinate system rotated by 0 degree(s)
13:41:39: [INFO] Adding track segment (B.Cu): [(262255000, 62550000), (281305000, 62550000)]
13:41:39: [INFO] Routing pad 'D9:1' at (281305000, 62550000) with pad 'D10:1' at (300355000, 62550000) using coordinate system rotated by 0 degree(s)
13:41:39: [INFO] Adding track segment (B.Cu): [(281305000, 62550000), (300355000, 62550000)]
13:41:39: [INFO] Routing pad 'D10:1' at (300355000, 62550000) with pad 'D11:1' at (328930000, 62550000) using coordinate system rotated by 0 degree(s)
13:41:39: [INFO] Adding track segment (B.Cu): [(300355000, 62550000), (328930000, 62550000)]
13:41:39: [INFO] Routing pad 'D11:1' at (328930000, 62550000) with pad 'D12:1' at (347980000, 62550000) using coordinate system rotated by 0 degree(s)
13:41:39: [INFO] Adding track segment (B.Cu): [(328930000, 62550000), (347980000, 62550000)]
13:41:39: [INFO] Routing pad 'D12:1' at (347980000, 62550000) with pad 'D13:1' at (367030000, 62550000) using coordinate system rotated by 0 degree(s)
13:41:39: [INFO] Adding track segment (B.Cu): [(347980000, 62550000), (367030000, 62550000)]
13:41:40: [INFO] Routing pad 'D13:1' at (367030000, 62550000) with pad 'D14:1' at (386080000, 62550000) using coordinate system rotated by 0 degree(s)
13:41:40: [INFO] Adding track segment (B.Cu): [(367030000, 62550000), (386080000, 62550000)]
13:41:40: [INFO] Routing pad 'D14:1' at (386080000, 62550000) with pad 'D15:1' at (409892500, 62550000) using coordinate system rotated by 0 degree(s)
13:41:40: [INFO] Adding track segment (B.Cu): [(386080000, 62550000), (409892500, 62550000)]
13:41:40: [INFO] Routing pad 'D15:1' at (409892500, 62550000) with pad 'D16:1' at (428942500, 62550000) using coordinate system rotated by 0 degree(s)
13:41:40: [INFO] Adding track segment (B.Cu): [(409892500, 62550000), (428942500, 62550000)]
13:41:40: [INFO] Routing pad 'D16:1' at (428942500, 62550000) with pad 'D17:1' at (447992500, 62550000) using coordinate system rotated by 0 degree(s)
13:41:40: [INFO] Adding track segment (B.Cu): [(428942500, 62550000), (447992500, 62550000)]
13:41:40: [INFO] Routing pad 'D17:1' at (447992500, 62550000) with pad 'D18:1' at (471805000, 62550000) using coordinate system rotated by 0 degree(s)
13:41:40: [INFO] Adding track segment (B.Cu): [(447992500, 62550000), (471805000, 62550000)]
13:41:40: [INFO] Routing pad 'D18:1' at (471805000, 62550000) with pad 'D19:1' at (490855000, 62550000) using coordinate system rotated by 0 degree(s)
13:41:40: [INFO] Adding track segment (B.Cu): [(471805000, 62550000), (490855000, 62550000)]
13:41:40: [INFO] Routing pad 'D19:1' at (490855000, 62550000) with pad 'D20:1' at (509905000, 62550000) using coordinate system rotated by 0 degree(s)
13:41:40: [INFO] Adding track segment (B.Cu): [(490855000, 62550000), (509905000, 62550000)]
13:41:40: [INFO] Routing pad 'D20:1' at (509905000, 62550000) with pad 'D21:1' at (528955000, 62550000) using coordinate system rotated by 0 degree(s)
13:41:40: [INFO] Adding track segment (B.Cu): [(509905000, 62550000), (528955000, 62550000)]
13:41:40: [INFO] Routing COL9 pads
13:41:40: [INFO] Routing pad 'SW74:1' at (296227500, 116522500) with pad 'SW92:1' at (286702500, 135572500) using coordinate system rotated by 0 degree(s)
13:41:40: [INFO] Adding track segment (F.Cu): [(296227500, 116522500), (296227500, 126047500)]
13:41:40: [INFO] Adding track segment (F.Cu): [(296227500, 126047500), (286702500, 135572500)]
13:41:40: [INFO] Routing pad 'SW31:1' at (281940000, 78422500) with pad 'SW10:1' at (291465000, 54610000) using coordinate system rotated by 0 degree(s)
13:41:40: [INFO] Adding track segment (F.Cu): [(281940000, 78422500), (291465000, 68897500)]
13:41:40: [INFO] Adding track segment (F.Cu): [(291465000, 68897500), (291465000, 54610000)]
13:41:40: [INFO] Routing pad 'SW31:1' at (281940000, 78422500) with pad 'SW53:1' at (291465000, 97472500) using coordinate system rotated by 0 degree(s)
13:41:40: [INFO] Adding track segment (F.Cu): [(281940000, 78422500), (281940000, 87947500)]
13:41:40: [INFO] Adding track segment (F.Cu): [(281940000, 87947500), (291465000, 97472500)]
13:41:40: [INFO] Routing pad 'SW10:1' at (291465000, 54610000) with pad 'SW10a:1' at (296227500, 54610000) using coordinate system rotated by 0 degree(s)
13:41:40: [INFO] Adding track segment (F.Cu): [(291465000, 54610000), (296227500, 54610000)]
13:41:40: [INFO] Routing pad 'SW53:1' at (291465000, 97472500) with pad 'SW74:1' at (296227500, 116522500) using coordinate system rotated by 0 degree(s)
13:41:40: [INFO] Adding track segment (F.Cu): [(291465000, 97472500), (291465000, 111760000)]
13:41:40: [INFO] Adding track segment (F.Cu): [(291465000, 111760000), (296227500, 116522500)]
13:41:40: [INFO] Routing COL14 pads
13:41:40: [INFO] Routing pad 'SW36a:1' at (377190000, 78422500) with pad 'SW14:1' at (377190000, 54610000) using coordinate system rotated by 0 degree(s)
13:41:40: [INFO] Adding track segment (F.Cu): [(377190000, 78422500), (377190000, 54610000)]
13:41:40: [INFO] Routing pad 'SW36:1' at (367665000, 78422500) with pad 'SW36a:1' at (377190000, 78422500) using coordinate system rotated by 0 degree(s)
13:41:40: [INFO] Adding track segment (F.Cu): [(367665000, 78422500), (377190000, 78422500)]
13:41:40: [INFO] Routing COL21 pads
13:41:40: [INFO] Routing pad 'SW21:1' at (520065000, 54610000) with pad 'SW43:1' at (520065000, 78422500) using coordinate system rotated by 0 degree(s)
13:41:40: [INFO] Adding track segment (F.Cu): [(520065000, 54610000), (520065000, 78422500)]
13:41:40: [INFO] Routing pad 'SW43:1' at (520065000, 78422500) with pad 'SW64a:1' at (520065000, 97472500) using coordinate system rotated by 0 degree(s)
13:41:40: [INFO] Adding track segment (F.Cu): [(520065000, 78422500), (520065000, 97472500)]
13:41:40: [INFO] Routing pad 'SW64a:1' at (520065000, 97472500) with pad 'SW64:1' at (520065000, 106997500) using coordinate system rotated by 0 degree(s)
13:41:40: [INFO] Adding track segment (F.Cu): [(520065000, 97472500), (520065000, 106997500)]
13:41:40: [INFO] Routing pad 'SW64:1' at (520065000, 106997500) with pad 'SW82:1' at (520065000, 116522500) using coordinate system rotated by 0 degree(s)
13:41:40: [INFO] Adding track segment (F.Cu): [(520065000, 106997500), (520065000, 116522500)]
13:41:40: [INFO] Routing pad 'SW82:1' at (520065000, 116522500) with pad 'SW101a:1' at (520065000, 135572500) using coordinate system rotated by 0 degree(s)
13:41:40: [INFO] Adding track segment (F.Cu): [(520065000, 116522500), (520065000, 135572500)]
13:41:40: [INFO] Routing pad 'SW101a:1' at (520065000, 135572500) with pad 'SW101:1' at (520065000, 145097500) using coordinate system rotated by 0 degree(s)
13:41:40: [INFO] Adding track segment (F.Cu): [(520065000, 135572500), (520065000, 145097500)]
13:41:40: [INFO] Routing pad 'SW101:1' at (520065000, 145097500) with pad 'SW116:1' at (520065000, 154622500) using coordinate system rotated by 0 degree(s)
13:41:40: [INFO] Adding track segment (F.Cu): [(520065000, 145097500), (520065000, 154622500)]
13:41:40: [INFO] Routing COL8 pads
13:41:40: [INFO] Routing pad 'SW73:1' at (277177500, 116522500) with pad 'SW91:1' at (267652500, 135572500) using coordinate system rotated by 0 degree(s)
13:41:40: [INFO] Adding track segment (F.Cu): [(277177500, 116522500), (277177500, 126047500)]
13:41:40: [INFO] Adding track segment (F.Cu): [(277177500, 126047500), (267652500, 135572500)]
13:41:40: [INFO] Routing pad 'SW30:1' at (262890000, 78422500) with pad 'SW9:1' at (272415000, 54610000) using coordinate system rotated by 0 degree(s)
13:41:40: [INFO] Adding track segment (F.Cu): [(262890000, 78422500), (272415000, 68897500)]
13:41:40: [INFO] Adding track segment (F.Cu): [(272415000, 68897500), (272415000, 54610000)]
13:41:40: [INFO] Routing pad 'SW30:1' at (262890000, 78422500) with pad 'SW52:1' at (272415000, 97472500) using coordinate system rotated by 0 degree(s)
13:41:40: [INFO] Adding track segment (F.Cu): [(262890000, 78422500), (262890000, 87947500)]
13:41:40: [INFO] Adding track segment (F.Cu): [(262890000, 87947500), (272415000, 97472500)]
13:41:40: [INFO] Routing pad 'SW52:1' at (272415000, 97472500) with pad 'SW73:1' at (277177500, 116522500) using coordinate system rotated by 0 degree(s)
13:41:40: [INFO] Adding track segment (F.Cu): [(272415000, 97472500), (272415000, 111760000)]
13:41:40: [INFO] Adding track segment (F.Cu): [(272415000, 111760000), (277177500, 116522500)]
13:41:40: [INFO] Routing ROW3 pads
13:41:40: [INFO] Routing pad 'D65:1' at (126523750, 124462500) with pad 'D66:1' at (152717500, 124462500) using coordinate system rotated by 0 degree(s)
13:41:40: [INFO] Adding track segment (B.Cu): [(126523750, 124462500), (152717500, 124462500)]
13:41:40: [INFO] Routing pad 'D66:1' at (152717500, 124462500) with pad 'D67:1' at (171767500, 124462500) using coordinate system rotated by 0 degree(s)
13:41:40: [INFO] Adding track segment (B.Cu): [(152717500, 124462500), (171767500, 124462500)]
13:41:40: [INFO] Routing pad 'D67:1' at (171767500, 124462500) with pad 'D68:1' at (190817500, 124462500) using coordinate system rotated by 0 degree(s)
13:41:40: [INFO] Adding track segment (B.Cu): [(171767500, 124462500), (190817500, 124462500)]
13:41:40: [INFO] Routing pad 'D68:1' at (190817500, 124462500) with pad 'D69:1' at (209867500, 124462500) using coordinate system rotated by 0 degree(s)
13:41:40: [INFO] Adding track segment (B.Cu): [(190817500, 124462500), (209867500, 124462500)]
13:41:40: [INFO] Routing pad 'D69:1' at (209867500, 124462500) with pad 'D70:1' at (228917500, 124462500) using coordinate system rotated by 0 degree(s)
13:41:40: [INFO] Adding track segment (B.Cu): [(209867500, 124462500), (228917500, 124462500)]
13:41:40: [INFO] Routing pad 'D70:1' at (228917500, 124462500) with pad 'D71:1' at (247967500, 124462500) using coordinate system rotated by 0 degree(s)
13:41:40: [INFO] Adding track segment (B.Cu): [(228917500, 124462500), (247967500, 124462500)]
13:41:40: [INFO] Routing pad 'D71:1' at (247967500, 124462500) with pad 'D72:1' at (267017500, 124462500) using coordinate system rotated by 0 degree(s)
13:41:40: [INFO] Adding track segment (B.Cu): [(247967500, 124462500), (267017500, 124462500)]
13:41:40: [INFO] Routing pad 'D72:1' at (267017500, 124462500) with pad 'D73:1' at (286067500, 124462500) using coordinate system rotated by 0 degree(s)
13:41:40: [INFO] Adding track segment (B.Cu): [(267017500, 124462500), (286067500, 124462500)]
13:41:40: [INFO] Routing pad 'D73:1' at (286067500, 124462500) with pad 'D74:1' at (305117500, 124462500) using coordinate system rotated by 0 degree(s)
13:41:40: [INFO] Adding track segment (B.Cu): [(286067500, 124462500), (305117500, 124462500)]
13:41:40: [INFO] Routing pad 'D74:1' at (305117500, 124462500) with pad 'D75:1' at (324167500, 124462500) using coordinate system rotated by 0 degree(s)
13:41:40: [INFO] Adding track segment (B.Cu): [(305117500, 124462500), (324167500, 124462500)]
13:41:40: [INFO] Routing pad 'D75:1' at (324167500, 124462500) with pad 'D76:1' at (343217500, 124462500) using coordinate system rotated by 0 degree(s)
13:41:40: [INFO] Adding track segment (B.Cu): [(324167500, 124462500), (343217500, 124462500)]
13:41:40: [INFO] Routing pad 'D76:1' at (343217500, 124462500) with pad 'D77:1' at (362267500, 124462500) using coordinate system rotated by 0 degree(s)
13:41:40: [INFO] Adding track segment (B.Cu): [(343217500, 124462500), (362267500, 124462500)]
13:41:40: [INFO] Routing pad 'D77:1' at (362267500, 124462500) with pad 'D78:1' at (374173750, 124462500) using coordinate system rotated by 0 degree(s)
13:41:40: [INFO] Adding track segment (B.Cu): [(362267500, 124462500), (374173750, 124462500)]
13:41:40: [INFO] Routing pad 'D78:1' at (374173750, 124462500) with pad 'D79:1' at (471805000, 124462500) using coordinate system rotated by 0 degree(s)
13:41:40: [INFO] Adding track segment (B.Cu): [(374173750, 124462500), (471805000, 124462500)]
13:41:40: [INFO] Routing pad 'D79:1' at (471805000, 124462500) with pad 'D80:1' at (490855000, 124462500) using coordinate system rotated by 0 degree(s)
13:41:40: [INFO] Adding track segment (B.Cu): [(471805000, 124462500), (490855000, 124462500)]
13:41:40: [INFO] Routing pad 'D80:1' at (490855000, 124462500) with pad 'D81:1' at (509905000, 124462500) using coordinate system rotated by 0 degree(s)
13:41:40: [INFO] Adding track segment (B.Cu): [(490855000, 124462500), (509905000, 124462500)]
13:41:40: [INFO] Routing pad 'D81:1' at (509905000, 124462500) with pad 'D82:1' at (528955000, 124462500) using coordinate system rotated by 0 degree(s)
13:41:40: [INFO] Adding track segment (B.Cu): [(509905000, 124462500), (528955000, 124462500)]
13:41:40: [INFO] Routing ROW2 pads
13:41:40: [INFO] Routing pad 'D44:1' at (124142500, 105412500) with pad 'D45:1' at (147955000, 105412500) using coordinate system rotated by 0 degree(s)
13:41:40: [INFO] Adding track segment (B.Cu): [(124142500, 105412500), (147955000, 105412500)]
13:41:40: [INFO] Routing pad 'D45:1' at (147955000, 105412500) with pad 'D46:1' at (167005000, 105412500) using coordinate system rotated by 0 degree(s)
13:41:40: [INFO] Adding track segment (B.Cu): [(147955000, 105412500), (167005000, 105412500)]
13:41:40: [INFO] Routing pad 'D46:1' at (167005000, 105412500) with pad 'D47:1' at (186055000, 105412500) using coordinate system rotated by 0 degree(s)
13:41:40: [INFO] Adding track segment (B.Cu): [(167005000, 105412500), (186055000, 105412500)]
13:41:40: [INFO] Routing pad 'D47:1' at (186055000, 105412500) with pad 'D48:1' at (205105000, 105412500) using coordinate system rotated by 0 degree(s)
13:41:40: [INFO] Adding track segment (B.Cu): [(186055000, 105412500), (205105000, 105412500)]
13:41:40: [INFO] Routing pad 'D48:1' at (205105000, 105412500) with pad 'D49:1' at (224155000, 105412500) using coordinate system rotated by 0 degree(s)
13:41:40: [INFO] Adding track segment (B.Cu): [(205105000, 105412500), (224155000, 105412500)]
13:41:40: [INFO] Routing pad 'D49:1' at (224155000, 105412500) with pad 'D50:1' at (243205000, 105412500) using coordinate system rotated by 0 degree(s)
13:41:40: [INFO] Adding track segment (B.Cu): [(224155000, 105412500), (243205000, 105412500)]
13:41:40: [INFO] Routing pad 'D50:1' at (243205000, 105412500) with pad 'D51:1' at (262255000, 105412500) using coordinate system rotated by 0 degree(s)
13:41:40: [INFO] Adding track segment (B.Cu): [(243205000, 105412500), (262255000, 105412500)]
13:41:40: [INFO] Routing pad 'D51:1' at (262255000, 105412500) with pad 'D52:1' at (281305000, 105412500) using coordinate system rotated by 0 degree(s)
13:41:40: [INFO] Adding track segment (B.Cu): [(262255000, 105412500), (281305000, 105412500)]
13:41:40: [INFO] Routing pad 'D52:1' at (281305000, 105412500) with pad 'D53:1' at (300355000, 105412500) using coordinate system rotated by 0 degree(s)
13:41:40: [INFO] Adding track segment (B.Cu): [(281305000, 105412500), (300355000, 105412500)]
13:41:40: [INFO] Routing pad 'D53:1' at (300355000, 105412500) with pad 'D54:1' at (319405000, 105412500) using coordinate system rotated by 0 degree(s)
13:41:40: [INFO] Adding track segment (B.Cu): [(300355000, 105412500), (319405000, 105412500)]
13:41:40: [INFO] Routing pad 'D54:1' at (319405000, 105412500) with pad 'D55:1' at (338455000, 105412500) using coordinate system rotated by 0 degree(s)
13:41:40: [INFO] Adding track segment (B.Cu): [(319405000, 105412500), (338455000, 105412500)]
13:41:40: [INFO] Routing pad 'D55:1' at (338455000, 105412500) with pad 'D56:1' at (357505000, 105412500) using coordinate system rotated by 0 degree(s)
13:41:40: [INFO] Adding track segment (B.Cu): [(338455000, 105412500), (357505000, 105412500)]
13:41:40: [INFO] Routing pad 'D56:1' at (357505000, 105412500) with pad 'D57:1' at (381317500, 105412500) using coordinate system rotated by 0 degree(s)
13:41:40: [INFO] Adding track segment (B.Cu): [(357505000, 105412500), (381317500, 105412500)]
13:41:40: [INFO] Could not add track segment due to detected collision
13:41:40: [INFO] Routing pad 'D57:1' at (381317500, 105412500) with pad 'D58:1' at (409892500, 105412500) using coordinate system rotated by 0 degree(s)
13:41:40: [INFO] Adding track segment (B.Cu): [(381317500, 105412500), (409892500, 105412500)]
13:41:40: [INFO] Could not add track segment due to detected collision
13:41:40: [INFO] Routing pad 'D58:1' at (409892500, 105412500) with pad 'D59:1' at (428942500, 105412500) using coordinate system rotated by 0 degree(s)
13:41:40: [INFO] Adding track segment (B.Cu): [(409892500, 105412500), (428942500, 105412500)]
13:41:40: [INFO] Routing pad 'D59:1' at (428942500, 105412500) with pad 'D60:1' at (447992500, 105412500) using coordinate system rotated by 0 degree(s)
13:41:40: [INFO] Adding track segment (B.Cu): [(428942500, 105412500), (447992500, 105412500)]
13:41:40: [INFO] Routing pad 'D60:1' at (447992500, 105412500) with pad 'D61:1' at (471805000, 105412500) using coordinate system rotated by 0 degree(s)
13:41:40: [INFO] Adding track segment (B.Cu): [(447992500, 105412500), (471805000, 105412500)]
13:41:40: [INFO] Routing pad 'D61:1' at (471805000, 105412500) with pad 'D62:1' at (490855000, 105412500) using coordinate system rotated by 0 degree(s)
13:41:40: [INFO] Adding track segment (B.Cu): [(471805000, 105412500), (490855000, 105412500)]
13:41:40: [INFO] Routing pad 'D62:1' at (490855000, 105412500) with pad 'D63:1' at (509905000, 105412500) using coordinate system rotated by 0 degree(s)
13:41:40: [INFO] Adding track segment (B.Cu): [(490855000, 105412500), (509905000, 105412500)]
13:41:40: [INFO] Routing pad 'D63:1' at (509905000, 105412500) with pad 'D64:1' at (528955000, 114937500) using coordinate system rotated by 0 degree(s)
13:41:40: [INFO] Routing COL6 pads
13:41:40: [INFO] Routing pad 'SW71:1' at (239077500, 116522500) with pad 'SW89:1' at (229552500, 135572500) using coordinate system rotated by 0 degree(s)
13:41:41: [INFO] Adding track segment (F.Cu): [(239077500, 116522500), (239077500, 126047500)]
13:41:41: [INFO] Adding track segment (F.Cu): [(239077500, 126047500), (229552500, 135572500)]
13:41:41: [INFO] Routing pad 'SW28:1' at (224790000, 78422500) with pad 'SW7:1' at (234315000, 54610000) using coordinate system rotated by 0 degree(s)
13:41:41: [INFO] Adding track segment (F.Cu): [(224790000, 78422500), (234315000, 68897500)]
13:41:41: [INFO] Adding track segment (F.Cu): [(234315000, 68897500), (234315000, 54610000)]
13:41:41: [INFO] Routing pad 'SW28:1' at (224790000, 78422500) with pad 'SW50:1' at (234315000, 97472500) using coordinate system rotated by 0 degree(s)
13:41:41: [INFO] Adding track segment (F.Cu): [(224790000, 78422500), (224790000, 87947500)]
13:41:41: [INFO] Adding track segment (F.Cu): [(224790000, 87947500), (234315000, 97472500)]
13:41:41: [INFO] Routing pad 'SW50:1' at (234315000, 97472500) with pad 'SW71:1' at (239077500, 116522500) using coordinate system rotated by 0 degree(s)
13:41:41: [INFO] Adding track segment (F.Cu): [(234315000, 97472500), (234315000, 111760000)]
13:41:41: [INFO] Adding track segment (F.Cu): [(234315000, 111760000), (239077500, 116522500)]
13:41:41: [INFO] Routing COL16 pads
13:41:41: [INFO] Routing pad 'SW16:1' at (420052500, 54610000) with pad 'SW38:1' at (420052500, 78422500) using coordinate system rotated by 0 degree(s)
13:41:41: [INFO] Adding track segment (F.Cu): [(420052500, 54610000), (420052500, 78422500)]
13:41:41: [INFO] Routing pad 'SW38:1' at (420052500, 78422500) with pad 'SW59:1' at (420052500, 97472500) using coordinate system rotated by 0 degree(s)
13:41:41: [INFO] Adding track segment (F.Cu): [(420052500, 78422500), (420052500, 97472500)]
13:41:41: [INFO] Routing pad 'SW59:1' at (420052500, 97472500) with pad 'SW97:1' at (420052500, 135572500) using coordinate system rotated by 0 degree(s)
13:41:41: [INFO] Adding track segment (F.Cu): [(420052500, 97472500), (420052500, 135572500)]
13:41:41: [INFO] Routing pad 'SW97:1' at (420052500, 135572500) with pad 'SW111:1' at (420052500, 154622500) using coordinate system rotated by 0 degree(s)
13:41:41: [INFO] Adding track segment (F.Cu): [(420052500, 135572500), (420052500, 154622500)]
13:41:41: [INFO] Routing ROW4 pads
13:41:41: [INFO] Routing pad 'D83:1' at (131286250, 143512500) with pad 'D84:1' at (143192500, 143512500) using coordinate system rotated by 0 degree(s)
13:41:41: [INFO] Adding track segment (B.Cu): [(131286250, 143512500), (143192500, 143512500)]
13:41:41: [INFO] Routing pad 'D84:1' at (143192500, 143512500) with pad 'D85:1' at (162242500, 143512500) using coordinate system rotated by 0 degree(s)
13:41:41: [INFO] Adding track segment (B.Cu): [(143192500, 143512500), (162242500, 143512500)]
13:41:41: [INFO] Routing pad 'D85:1' at (162242500, 143512500) with pad 'D86:1' at (181292500, 143512500) using coordinate system rotated by 0 degree(s)
13:41:41: [INFO] Adding track segment (B.Cu): [(162242500, 143512500), (181292500, 143512500)]
13:41:41: [INFO] Routing pad 'D86:1' at (181292500, 143512500) with pad 'D87:1' at (200342500, 143512500) using coordinate system rotated by 0 degree(s)
13:41:41: [INFO] Adding track segment (B.Cu): [(181292500, 143512500), (200342500, 143512500)]
13:41:41: [INFO] Routing pad 'D87:1' at (200342500, 143512500) with pad 'D88:1' at (219392500, 143512500) using coordinate system rotated by 0 degree(s)
13:41:41: [INFO] Adding track segment (B.Cu): [(200342500, 143512500), (219392500, 143512500)]
13:41:41: [INFO] Routing pad 'D88:1' at (219392500, 143512500) with pad 'D89:1' at (238442500, 143512500) using coordinate system rotated by 0 degree(s)
13:41:41: [INFO] Adding track segment (B.Cu): [(219392500, 143512500), (238442500, 143512500)]
13:41:41: [INFO] Routing pad 'D89:1' at (238442500, 143512500) with pad 'D90:1' at (257492500, 143512500) using coordinate system rotated by 0 degree(s)
13:41:41: [INFO] Adding track segment (B.Cu): [(238442500, 143512500), (257492500, 143512500)]
13:41:41: [INFO] Routing pad 'D90:1' at (257492500, 143512500) with pad 'D91:1' at (276542500, 143512500) using coordinate system rotated by 0 degree(s)
13:41:41: [INFO] Adding track segment (B.Cu): [(257492500, 143512500), (276542500, 143512500)]
13:41:41: [INFO] Routing pad 'D91:1' at (276542500, 143512500) with pad 'D92:1' at (295592500, 143512500) using coordinate system rotated by 0 degree(s)
13:41:41: [INFO] Adding track segment (B.Cu): [(276542500, 143512500), (295592500, 143512500)]
13:41:41: [INFO] Routing pad 'D92:1' at (295592500, 143512500) with pad 'D93:1' at (314642500, 143512500) using coordinate system rotated by 0 degree(s)
13:41:41: [INFO] Adding track segment (B.Cu): [(295592500, 143512500), (314642500, 143512500)]
13:41:41: [INFO] Routing pad 'D93:1' at (314642500, 143512500) with pad 'D94:1' at (333692500, 143512500) using coordinate system rotated by 0 degree(s)
13:41:41: [INFO] Adding track segment (B.Cu): [(314642500, 143512500), (333692500, 143512500)]
13:41:41: [INFO] Routing pad 'D94:1' at (333692500, 143512500) with pad 'D95:1' at (369411250, 143512500) using coordinate system rotated by 0 degree(s)
13:41:41: [INFO] Adding track segment (B.Cu): [(333692500, 143512500), (369411250, 143512500)]
13:41:41: [INFO] Routing pad 'D95:1' at (369411250, 143512500) with pad 'D96:1' at (386080000, 143512500) using coordinate system rotated by 0 degree(s)
13:41:41: [INFO] Adding track segment (B.Cu): [(369411250, 143512500), (386080000, 143512500)]
13:41:41: [INFO] Routing pad 'D96:1' at (386080000, 143512500) with pad 'D97:1' at (428942500, 143512500) using coordinate system rotated by 0 degree(s)
13:41:41: [INFO] Adding track segment (B.Cu): [(386080000, 143512500), (428942500, 143512500)]
13:41:41: [INFO] Routing pad 'D97:1' at (428942500, 143512500) with pad 'D98:1' at (471805000, 143512500) using coordinate system rotated by 0 degree(s)
13:41:41: [INFO] Adding track segment (B.Cu): [(428942500, 143512500), (471805000, 143512500)]
13:41:41: [INFO] Routing pad 'D98:1' at (471805000, 143512500) with pad 'D99:1' at (490855000, 143512500) using coordinate system rotated by 0 degree(s)
13:41:41: [INFO] Adding track segment (B.Cu): [(471805000, 143512500), (490855000, 143512500)]
13:41:41: [INFO] Routing pad 'D99:1' at (490855000, 143512500) with pad 'D100:1' at (509905000, 143512500) using coordinate system rotated by 0 degree(s)
13:41:41: [INFO] Adding track segment (B.Cu): [(490855000, 143512500), (509905000, 143512500)]
13:41:41: [INFO] Routing pad 'D100:1' at (509905000, 143512500) with pad 'D101:1' at (528955000, 153037500) using coordinate system rotated by 0 degree(s)
13:41:41: [INFO] Routing COL4 pads
13:41:41: [INFO] Routing pad 'SW5:1' at (186690000, 54610000) with pad 'SW26:1' at (186690000, 78422500) using coordinate system rotated by 0 degree(s)
13:41:41: [INFO] Adding track segment (F.Cu): [(186690000, 54610000), (186690000, 78422500)]
13:41:41: [INFO] Routing pad 'SW5:1' at (186690000, 54610000) with pad 'SW5a:1' at (191452500, 54610000) using coordinate system rotated by 0 degree(s)
13:41:41: [INFO] Adding track segment (F.Cu): [(186690000, 54610000), (191452500, 54610000)]
13:41:41: [INFO] Routing pad 'SW69:1' at (200977500, 116522500) with pad 'SW87:1' at (191452500, 135572500) using coordinate system rotated by 0 degree(s)
13:41:41: [INFO] Adding track segment (F.Cu): [(200977500, 116522500), (200977500, 126047500)]
13:41:41: [INFO] Adding track segment (F.Cu): [(200977500, 126047500), (191452500, 135572500)]
13:41:41: [INFO] Routing pad 'SW26:1' at (186690000, 78422500) with pad 'SW48:1' at (196215000, 97472500) using coordinate system rotated by 0 degree(s)
13:41:41: [INFO] Adding track segment (F.Cu): [(186690000, 78422500), (186690000, 87947500)]
13:41:41: [INFO] Adding track segment (F.Cu): [(186690000, 87947500), (196215000, 97472500)]
13:41:41: [INFO] Routing pad 'SW48:1' at (196215000, 97472500) with pad 'SW69:1' at (200977500, 116522500) using coordinate system rotated by 0 degree(s)
13:41:41: [INFO] Adding track segment (F.Cu): [(196215000, 97472500), (196215000, 111760000)]
13:41:41: [INFO] Adding track segment (F.Cu): [(196215000, 111760000), (200977500, 116522500)]
13:41:41: [INFO] Routing COL11 pads
13:41:41: [INFO] Routing pad 'SW11a:1' at (315277500, 54610000) with pad 'SW11:1' at (320040000, 54610000) using coordinate system rotated by 0 degree(s)
13:41:41: [INFO] Adding track segment (F.Cu): [(315277500, 54610000), (320040000, 54610000)]
13:41:41: [INFO] Routing pad 'SW11:1' at (320040000, 54610000) with pad 'SW33:1' at (320040000, 78422500) using coordinate system rotated by 0 degree(s)
13:41:41: [INFO] Adding track segment (F.Cu): [(320040000, 54610000), (320040000, 78422500)]
13:41:41: [INFO] Could not add track segment due to detected collision
13:41:41: [INFO] Routing pad 'SW76:1' at (334327500, 116522500) with pad 'SW94:1' at (324802500, 135572500) using coordinate system rotated by 0 degree(s)
13:41:41: [INFO] Adding track segment (F.Cu): [(334327500, 116522500), (334327500, 126047500)]
13:41:41: [INFO] Adding track segment (F.Cu): [(334327500, 126047500), (324802500, 135572500)]
13:41:41: [INFO] Routing pad 'SW94:1' at (324802500, 135572500) with pad 'SW107a:1' at (324802500, 154622500) using coordinate system rotated by 0 degree(s)
13:41:41: [INFO] Adding track segment (F.Cu): [(324802500, 135572500), (324802500, 154622500)]
13:41:41: [INFO] Routing pad 'SW107a:1' at (324802500, 154622500) with pad 'SW107:1' at (327183750, 154622500) using coordinate system rotated by 0 degree(s)
13:41:41: [INFO] Adding track segment (F.Cu): [(324802500, 154622500), (327183750, 154622500)]
13:41:41: [INFO] Routing pad 'SW33:1' at (320040000, 78422500) with pad 'SW55:1' at (329565000, 97472500) using coordinate system rotated by 0 degree(s)
13:41:41: [INFO] Adding track segment (F.Cu): [(320040000, 78422500), (320040000, 87947500)]
13:41:41: [INFO] Adding track segment (F.Cu): [(320040000, 87947500), (329565000, 97472500)]
13:41:41: [INFO] Routing pad 'SW55:1' at (329565000, 97472500) with pad 'SW76:1' at (334327500, 116522500) using coordinate system rotated by 0 degree(s)
13:41:41: [INFO] Adding track segment (F.Cu): [(329565000, 97472500), (329565000, 111760000)]
13:41:41: [INFO] Adding track segment (F.Cu): [(329565000, 111760000), (334327500, 116522500)]
13:41:41: [INFO] Routing ROW5 pads
13:41:41: [INFO] Routing pad 'D102:1' at (121761250, 162562500) with pad 'D103:1' at (145573750, 162562500) using coordinate system rotated by 0 degree(s)
13:41:41: [INFO] Adding track segment (B.Cu): [(121761250, 162562500), (145573750, 162562500)]
13:41:41: [INFO] Routing pad 'D103:1' at (145573750, 162562500) with pad 'D104:1' at (169386250, 162562500) using coordinate system rotated by 0 degree(s)
13:41:41: [INFO] Adding track segment (B.Cu): [(145573750, 162562500), (169386250, 162562500)]
13:41:41: [INFO] Routing pad 'D104:1' at (169386250, 162562500) with pad 'D105:1' at (240823750, 162562500) using coordinate system rotated by 0 degree(s)
13:41:41: [INFO] Adding track segment (B.Cu): [(169386250, 162562500), (240823750, 162562500)]
13:41:41: [INFO] Routing pad 'D105:1' at (240823750, 162562500) with pad 'D106:1' at (312261250, 162562500) using coordinate system rotated by 0 degree(s)
13:41:41: [INFO] Adding track segment (B.Cu): [(240823750, 162562500), (312261250, 162562500)]
13:41:41: [INFO] Routing pad 'D106:1' at (312261250, 162562500) with pad 'D107:1' at (336073750, 162562500) using coordinate system rotated by 0 degree(s)
13:41:41: [INFO] Adding track segment (B.Cu): [(312261250, 162562500), (336073750, 162562500)]
13:41:41: [INFO] Routing pad 'D107:1' at (336073750, 162562500) with pad 'D108:1' at (359886250, 162562500) using coordinate system rotated by 0 degree(s)
13:41:41: [INFO] Adding track segment (B.Cu): [(336073750, 162562500), (359886250, 162562500)]
13:41:41: [INFO] Routing pad 'D108:1' at (359886250, 162562500) with pad 'D109:1' at (383698750, 162562500) using coordinate system rotated by 0 degree(s)
13:41:41: [INFO] Adding track segment (B.Cu): [(359886250, 162562500), (383698750, 162562500)]
13:41:41: [INFO] Routing pad 'D109:1' at (383698750, 162562500) with pad 'D110:1' at (409892500, 162562500) using coordinate system rotated by 0 degree(s)
13:41:41: [INFO] Adding track segment (B.Cu): [(383698750, 162562500), (409892500, 162562500)]
13:41:41: [INFO] Routing pad 'D110:1' at (409892500, 162562500) with pad 'D111:1' at (428942500, 162562500) using coordinate system rotated by 0 degree(s)
13:41:41: [INFO] Adding track segment (B.Cu): [(409892500, 162562500), (428942500, 162562500)]
13:41:41: [INFO] Routing pad 'D111:1' at (428942500, 162562500) with pad 'D112:1' at (447992500, 162562500) using coordinate system rotated by 0 degree(s)
13:41:41: [INFO] Adding track segment (B.Cu): [(428942500, 162562500), (447992500, 162562500)]
13:41:41: [INFO] Routing pad 'D112:1' at (447992500, 162562500) with pad 'D113:1' at (471805000, 162562500) using coordinate system rotated by 0 degree(s)
13:41:41: [INFO] Adding track segment (B.Cu): [(447992500, 162562500), (471805000, 162562500)]
13:41:41: [INFO] Routing pad 'D113:1' at (471805000, 162562500) with pad 'D114:1' at (481330000, 162562500) using coordinate system rotated by 0 degree(s)
13:41:41: [INFO] Adding track segment (B.Cu): [(471805000, 162562500), (481330000, 162562500)]
13:41:41: [INFO] Routing pad 'D114:1' at (481330000, 162562500) with pad 'D115:1' at (509905000, 162562500) using coordinate system rotated by 0 degree(s)
13:41:41: [INFO] Adding track segment (B.Cu): [(481330000, 162562500), (509905000, 162562500)]
13:41:41: [INFO] Routing pad 'D115:1' at (509905000, 162562500) with pad 'D116:1' at (528955000, 162562500) using coordinate system rotated by 0 degree(s)
13:41:41: [INFO] Adding track segment (B.Cu): [(509905000, 162562500), (528955000, 162562500)]
13:41:41: [INFO] Routing COL13 pads
13:41:41: [INFO] Routing pad 'SW13a:1' at (353377500, 54610000) with pad 'SW13:1' at (358140000, 54610000) using coordinate system rotated by 0 degree(s)
13:41:41: [INFO] Adding track segment (F.Cu): [(353377500, 54610000), (358140000, 54610000)]
13:41:41: [INFO] Routing pad 'SW13:1' at (358140000, 54610000) with pad 'SW35:1' at (358140000, 78422500) using coordinate system rotated by 0 degree(s)
13:41:41: [INFO] Adding track segment (F.Cu): [(358140000, 54610000), (358140000, 78422500)]
13:41:41: [INFO] Could not add track segment due to detected collision
13:41:41: [INFO] Routing pad 'SW78a:1' at (374808750, 106997500) with pad 'SW78:1' at (365283750, 116522500) using coordinate system rotated by 0 degree(s)
13:41:41: [INFO] Adding track segment (F.Cu): [(374808750, 106997500), (374808750, 106997500)]
13:41:41: [INFO] Adding track segment (F.Cu): [(374808750, 106997500), (365283750, 116522500)]
13:41:41: [INFO] Routing pad 'SW35:1' at (358140000, 78422500) with pad 'SW57:1' at (372427500, 97472500) using coordinate system rotated by 0 degree(s)
13:41:41: [INFO] Routing pad 'SW109:1' at (374808750, 154622500) with pad 'SW109a:1' at (372427500, 154622500) using coordinate system rotated by 0 degree(s)
13:41:41: [INFO] Adding track segment (F.Cu): [(374808750, 154622500), (372427500, 154622500)]
13:41:42: [INFO] Routing pad 'SW57:1' at (372427500, 97472500) with pad 'SW78a:1' at (374808750, 106997500) using coordinate system rotated by 0 degree(s)
13:41:42: [INFO] Routing pad 'SW96:1' at (377190000, 135572500) with pad 'SW109:1' at (374808750, 154622500) using coordinate system rotated by 0 degree(s)
13:41:42: [INFO] Routing pad 'SW78:1' at (365283750, 116522500) with pad 'SW96:1' at (377190000, 135572500) using coordinate system rotated by 0 degree(s)
13:41:42: [INFO] Adding track segment (F.Cu): [(365283750, 116522500), (365283750, 123666250)]
13:41:42: [INFO] Adding track segment (F.Cu): [(365283750, 123666250), (377190000, 135572500)]
13:41:42: [INFO] Routing COL3 pads
13:41:42: [INFO] Routing pad 'SW4:1' at (167640000, 54610000) with pad 'SW25:1' at (167640000, 78422500) using coordinate system rotated by 0 degree(s)
13:41:42: [INFO] Adding track segment (F.Cu): [(167640000, 54610000), (167640000, 78422500)]
13:41:42: [INFO] Routing pad 'SW4:1' at (167640000, 54610000) with pad 'SW4a:1' at (172402500, 54610000) using coordinate system rotated by 0 degree(s)
13:41:42: [INFO] Adding track segment (F.Cu): [(167640000, 54610000), (172402500, 54610000)]
13:41:42: [INFO] Routing pad 'SW68:1' at (181927500, 116522500) with pad 'SW86:1' at (172402500, 135572500) using coordinate system rotated by 0 degree(s)
13:41:42: [INFO] Adding track segment (F.Cu): [(181927500, 116522500), (181927500, 126047500)]
13:41:42: [INFO] Adding track segment (F.Cu): [(181927500, 126047500), (172402500, 135572500)]
13:41:42: [INFO] Routing pad 'SW25:1' at (167640000, 78422500) with pad 'SW47:1' at (177165000, 97472500) using coordinate system rotated by 0 degree(s)
13:41:42: [INFO] Adding track segment (F.Cu): [(167640000, 78422500), (167640000, 87947500)]
13:41:42: [INFO] Adding track segment (F.Cu): [(167640000, 87947500), (177165000, 97472500)]
13:41:42: [INFO] Routing pad 'SW47:1' at (177165000, 97472500) with pad 'SW68:1' at (181927500, 116522500) using coordinate system rotated by 0 degree(s)
13:41:42: [INFO] Adding track segment (F.Cu): [(177165000, 97472500), (177165000, 111760000)]
13:41:42: [INFO] Adding track segment (F.Cu): [(177165000, 111760000), (181927500, 116522500)]
13:41:42: [INFO] Routing COL10 pads
13:41:42: [INFO] Routing pad 'SW93:1' at (305752500, 135572500) with pad 'SW106:1' at (303371250, 154622500) using coordinate system rotated by 0 degree(s)
13:41:42: [INFO] Routing pad 'SW75:1' at (315277500, 116522500) with pad 'SW93:1' at (305752500, 135572500) using coordinate system rotated by 0 degree(s)
13:41:42: [INFO] Adding track segment (F.Cu): [(315277500, 116522500), (315277500, 126047500)]
13:41:42: [INFO] Adding track segment (F.Cu): [(315277500, 126047500), (305752500, 135572500)]
13:41:42: [INFO] Routing pad 'SW32:1' at (300990000, 78422500) with pad 'SW54:1' at (310515000, 97472500) using coordinate system rotated by 0 degree(s)
13:41:42: [INFO] Adding track segment (F.Cu): [(300990000, 78422500), (300990000, 87947500)]
13:41:42: [INFO] Adding track segment (F.Cu): [(300990000, 87947500), (310515000, 97472500)]
13:41:42: [INFO] Routing pad 'SW54:1' at (310515000, 97472500) with pad 'SW75:1' at (315277500, 116522500) using coordinate system rotated by 0 degree(s)
13:41:42: [INFO] Adding track segment (F.Cu): [(310515000, 97472500), (310515000, 111760000)]
13:41:42: [INFO] Adding track segment (F.Cu): [(310515000, 111760000), (315277500, 116522500)]
13:41:42: [INFO] Routing COL20 pads
13:41:42: [INFO] Routing pad 'SW20:1' at (501015000, 54610000) with pad 'SW42:1' at (501015000, 78422500) using coordinate system rotated by 0 degree(s)
13:41:42: [INFO] Adding track segment (F.Cu): [(501015000, 54610000), (501015000, 78422500)]
13:41:42: [INFO] Routing pad 'SW42:1' at (501015000, 78422500) with pad 'SW63:1' at (501015000, 97472500) using coordinate system rotated by 0 degree(s)
13:41:42: [INFO] Adding track segment (F.Cu): [(501015000, 78422500), (501015000, 97472500)]
13:41:42: [INFO] Routing pad 'SW63:1' at (501015000, 97472500) with pad 'SW81:1' at (501015000, 116522500) using coordinate system rotated by 0 degree(s)
13:41:42: [INFO] Adding track segment (F.Cu): [(501015000, 97472500), (501015000, 116522500)]
13:41:42: [INFO] Routing pad 'SW81:1' at (501015000, 116522500) with pad 'SW100:1' at (501015000, 135572500) using coordinate system rotated by 0 degree(s)
13:41:42: [INFO] Adding track segment (F.Cu): [(501015000, 116522500), (501015000, 135572500)]
13:41:42: [INFO] Routing pad 'SW100:1' at (501015000, 135572500) with pad 'SW115:1' at (501015000, 154622500) using coordinate system rotated by 0 degree(s)
13:41:42: [INFO] Adding track segment (F.Cu): [(501015000, 135572500), (501015000, 154622500)]
13:41:42: [INFO] Routing COL17 pads
13:41:42: [INFO] Routing pad 'SW17:1' at (439102500, 54610000) with pad 'SW39:1' at (439102500, 78422500) using coordinate system rotated by 0 degree(s)
13:41:42: [INFO] Adding track segment (F.Cu): [(439102500, 54610000), (439102500, 78422500)]
13:41:42: [INFO] Routing pad 'SW39:1' at (439102500, 78422500) with pad 'SW60:1' at (439102500, 97472500) using coordinate system rotated by 0 degree(s)
13:41:42: [INFO] Adding track segment (F.Cu): [(439102500, 78422500), (439102500, 97472500)]
13:41:42: [INFO] Routing pad 'SW60:1' at (439102500, 97472500) with pad 'SW112:1' at (439102500, 154622500) using coordinate system rotated by 0 degree(s)
13:41:42: [INFO] Adding track segment (F.Cu): [(439102500, 97472500), (439102500, 154622500)]
13:41:42: [INFO] Routing COL0 pads
13:41:42: [INFO] Routing pad 'SW1:1' at (110490000, 54610000) with pad 'SW22:1' at (110490000, 78422500) using coordinate system rotated by 0 degree(s)
13:41:42: [INFO] Adding track segment (F.Cu): [(110490000, 54610000), (110490000, 78422500)]
13:41:42: [INFO] Routing pad 'SW44:1' at (115252500, 97472500) with pad 'SW65a:1' at (112871250, 116522500) using coordinate system rotated by 0 degree(s)
13:41:42: [INFO] Adding track segment (F.Cu): [(115252500, 97472500), (115252500, 114141250)]
13:41:42: [INFO] Adding track segment (F.Cu): [(115252500, 114141250), (112871250, 116522500)]
13:41:42: [INFO] Routing pad 'SW65a:1' at (112871250, 116522500) with pad 'SW83a:1' at (112871250, 135572500) using coordinate system rotated by 0 degree(s)
13:41:42: [INFO] Adding track segment (F.Cu): [(112871250, 116522500), (112871250, 135572500)]
13:41:42: [INFO] Could not add track segment due to detected collision
13:41:42: [INFO] Routing pad 'SW83a:1' at (112871250, 135572500) with pad 'SW102:1' at (112871250, 154622500) using coordinate system rotated by 0 degree(s)
13:41:42: [INFO] Adding track segment (F.Cu): [(112871250, 135572500), (112871250, 154622500)]
13:41:42: [INFO] Could not add track segment due to detected collision
13:41:42: [INFO] Routing pad 'SW22:1' at (110490000, 78422500) with pad 'SW44:1' at (115252500, 97472500) using coordinate system rotated by 0 degree(s)
13:41:42: [INFO] Adding track segment (F.Cu): [(110490000, 78422500), (110490000, 92710000)]
13:41:42: [INFO] Adding track segment (F.Cu): [(110490000, 92710000), (115252500, 97472500)]
13:41:42: [INFO] Routing pad 'SW102:1' at (112871250, 154622500) with pad 'SW102a:1' at (115252500, 154622500) using coordinate system rotated by 0 degree(s)
13:41:42: [INFO] Adding track segment (F.Cu): [(112871250, 154622500), (115252500, 154622500)]
13:41:42: [INFO] Routing pad 'SW65a:1' at (112871250, 116522500) with pad 'SW65:1' at (117633750, 116522500) using coordinate system rotated by 0 degree(s)
13:41:42: [INFO] Adding track segment (F.Cu): [(112871250, 116522500), (117633750, 116522500)]
13:41:42: [INFO] Routing pad 'SW83a:1' at (112871250, 135572500) with pad 'SW83:1' at (122396250, 135572500) using coordinate system rotated by 0 degree(s)
13:41:42: [INFO] Adding track segment (F.Cu): [(112871250, 135572500), (122396250, 135572500)]
13:41:42: [INFO] Routing COL1 pads
13:41:42: [INFO] Routing pad 'SW23:1' at (129540000, 78422500) with pad 'SW2:1' at (134302500, 54610000) using coordinate system rotated by 0 degree(s)
13:41:42: [INFO] Adding track segment (F.Cu): [(129540000, 78422500), (134302500, 73660000)]
13:41:42: [INFO] Adding track segment (F.Cu): [(134302500, 73660000), (134302500, 54610000)]
13:41:42: [INFO] Routing pad 'SW66:1' at (143827500, 116522500) with pad 'SW84:1' at (134302500, 135572500) using coordinate system rotated by 0 degree(s)
13:41:42: [INFO] Routing pad 'SW84:1' at (134302500, 135572500) with pad 'SW103:1' at (136683750, 154622500) using coordinate system rotated by 0 degree(s)
13:41:42: [INFO] Adding track segment (F.Cu): [(134302500, 135572500), (134302500, 152241250)]
13:41:42: [INFO] Adding track segment (F.Cu): [(134302500, 152241250), (136683750, 154622500)]
13:41:42: [INFO] Routing pad 'SW23:1' at (129540000, 78422500) with pad 'SW45:1' at (139065000, 97472500) using coordinate system rotated by 0 degree(s)
13:41:42: [INFO] Adding track segment (F.Cu): [(129540000, 78422500), (129540000, 87947500)]
13:41:42: [INFO] Adding track segment (F.Cu): [(129540000, 87947500), (139065000, 97472500)]
13:41:42: [INFO] Routing pad 'SW103:1' at (136683750, 154622500) with pad 'SW103a:1' at (139065000, 154622500) using coordinate system rotated by 0 degree(s)
13:41:42: [INFO] Adding track segment (F.Cu): [(136683750, 154622500), (139065000, 154622500)]
13:41:42: [INFO] Routing pad 'SW45:1' at (139065000, 97472500) with pad 'SW66:1' at (143827500, 116522500) using coordinate system rotated by 0 degree(s)
13:41:42: [INFO] Adding track segment (F.Cu): [(139065000, 97472500), (139065000, 111760000)]
13:41:42: [INFO] Adding track segment (F.Cu): [(139065000, 111760000), (143827500, 116522500)]
13:41:42: [INFO] Removing dangling tracks
13:41:42: [INFO] Removing e53ea97b-11de-439e-b926-876061376c9b
