=== kbplacer.kle_serial ===
=== layout2image.py ===
=== kbplacer ===
13:32:11: [INFO] User layout: https://editor.keyboard-tools.xyz/#share=NrDeCIA9wLgAgAwDoDsBWANHcBPWikAmTbAY33AGIUbbwBfLcBDQ8LCaeZE8c+KqSHCGTAIyt22FgGYpnfAA5UaRtgkopzDIvlR8yYk37ZKAQwuXR6nVpYBOLRMdNMLuAu5FVTFgicY-r4YYgGhALoYAFBg+vCETHheRmQUlMIiauAykkwJchxxcPbeWTmaebZMObqFJlSWVkwA7viEWQn2ADoAdr29fnpccGKllUHYORPgCaHVIUMGSLz16RnkHRjdfTssc5Nb-bsLkTGeI97GaY0WWq3woz7YmGx1aesbTAAsGAUeRSV0FlMBVsD9as8qv97hcnuAftsjhIJudHlkftNMNMfvsIKsbmYtAALNrAkJHXpYxYPS6pATUWg0O74UYpcAk+ItNg03hE7kjJiQfkAWkMcJQhx2vQkuKKYqu9IJ1nAmDEFJ6qvAp1iw2Q6BaLJUWQlr3+qw+yoAbL9qSMxcaMKDwNaIXi0oymQb4mNsBLETtkbbHgrTBastbphLptbZcNWeKdOqZUHliGGjdlRK1VKNSdorEYYQfeBFKx1QkUXx3utlaW-qi9XD7I69PiM164EXiFlm4p1VNW+6PbWtim2eaa1lS9Nm9NS7LVh6nRzO1kxDL1RHbUX9XTTEqe+SczGtfnzjwO-G1xJTRAYVfxLIg43L8X1y3Cve3yxXVX6UvlXfCFwDEBwnGcW15T3QQaw7dpxGRdUMScPZbRkFQ0wZRlAI3Y88zOXAlnHa522wL9uyYUtCHLBYmGbaic1mIMdzhUs+xzHJZXIptEw42j-mGLsVmrDJAL8JD+JAxCcxxU8CIAJxZH5sHk4ZlPAeSkk7VNsDjRJ8GFIsZBQLIWC+OTYi00UkEURQ1xtQo9Og8wM3s8ztXOHJsCs5BFBM4I0As1FMLDSp3LPQj4Gs2yygcgSWVi8KCOGLzIrgaL-OwBJAo8ooJG8gz7W+DAksswqbLs1w4tRMlSs8-Sot8zL4QwHKIqctLrIo7BrTqzrfMq31qryh0+pShr0qa8NWqCvKJq61iStmnyKsPesRropbcvGgrGps5rS0Cx8Zu2pZeBWsRUrbRpmRpbqpOGidRNfe7QK29r8FSla-Lg693oUgyxHU1SWXQtlhkMpAWF29KjOaiRLVmiH0Oh-qKswg9gkRxzDVRp7MmCTRTqir4ofmpqMdc8QTo+qKizxkSCYORHifSlHydWypsfimkEE2InafS0nUe+5qcja5KDPpjn7swFnBeFdmYeiwaWu51EofRFtWeFYWOb8skJZ1KWyeVoqhvlyWoqVtGYqYa11byzX7e1hW9bN-aHSN85IZF8r7ubS3jet03bdV0tHbjZ3sFLAWrfStBQ9Fv6juwZtvaKSG2Quq6SJul64XfIOfcTv29p+5yLTgo1jpZ8IgA
13:32:11: [INFO] Labels prefixes: for rows: 'ROW', for columns: 'COL'
13:32:11: [INFO] Matrix size: 11x9
13:32:12: [WARNING] No stabilizer footprint for width 2.25u, using 2u as fallback
13:32:12: [WARNING] No stabilizer footprint for width 2.25u, using 2u as fallback
13:32:12: [WARNING] No stabilizer footprint for width 2.25u, using 2u as fallback
13:32:12: [WARNING] No stabilizer footprint for width 2.75u, using 2u as fallback
13:32:12: [INFO] Add COL0 net
13:32:12: [INFO] Add COL1 net
13:32:12: [INFO] Add COL2 net
13:32:12: [INFO] Add COL3 net
13:32:12: [INFO] Add COL4 net
13:32:12: [INFO] Add COL5 net
13:32:12: [INFO] Add COL6 net
13:32:12: [INFO] Add COL7 net
13:32:12: [INFO] Add COL8 net
13:32:12: [INFO] Add COL9 net
13:32:12: [INFO] Add Net-(D1-A) net
13:32:12: [INFO] Add Net-(D10-A) net
13:32:12: [INFO] Add Net-(D100-A) net
13:32:12: [INFO] Add Net-(D101-A) net
13:32:12: [INFO] Add Net-(D102-A) net
13:32:12: [INFO] Add Net-(D103-A) net
13:32:12: [INFO] Add Net-(D104-A) net
13:32:12: [INFO] Add Net-(D105-A) net
13:32:12: [INFO] Add Net-(D106-A) net
13:32:12: [INFO] Add Net-(D107-A) net
13:32:12: [INFO] Add Net-(D108-A) net
13:32:12: [INFO] Add Net-(D109-A) net
13:32:12: [INFO] Add Net-(D11-A) net
13:32:12: [INFO] Add Net-(D110-A) net
13:32:12: [INFO] Add Net-(D111-A) net
13:32:12: [INFO] Add Net-(D112-A) net
13:32:12: [INFO] Add Net-(D113-A) net
13:32:12: [INFO] Add Net-(D12-A) net
13:32:12: [INFO] Add Net-(D13-A) net
13:32:12: [INFO] Add Net-(D14-A) net
13:32:12: [INFO] Add Net-(D15-A) net
13:32:12: [INFO] Add Net-(D16-A) net
13:32:12: [INFO] Add Net-(D17-A) net
13:32:12: [INFO] Add Net-(D18-A) net
13:32:12: [INFO] Add Net-(D19-A) net
13:32:12: [INFO] Add Net-(D2-A) net
13:32:12: [INFO] Add Net-(D20-A) net
13:32:12: [INFO] Add Net-(D21-A) net
13:32:12: [INFO] Add Net-(D22-A) net
13:32:12: [INFO] Add Net-(D23-A) net
13:32:12: [INFO] Add Net-(D24-A) net
13:32:12: [INFO] Add Net-(D25-A) net
13:32:12: [INFO] Add Net-(D26-A) net
13:32:12: [INFO] Add Net-(D27-A) net
13:32:12: [INFO] Add Net-(D28-A) net
13:32:12: [INFO] Add Net-(D29-A) net
13:32:12: [INFO] Add Net-(D3-A) net
13:32:12: [INFO] Add Net-(D30-A) net
13:32:12: [INFO] Add Net-(D31-A) net
13:32:12: [INFO] Add Net-(D32-A) net
13:32:12: [INFO] Add Net-(D33-A) net
13:32:12: [INFO] Add Net-(D34-A) net
13:32:12: [INFO] Add Net-(D35-A) net
13:32:12: [INFO] Add Net-(D36-A) net
13:32:12: [INFO] Add Net-(D37-A) net
13:32:12: [INFO] Add Net-(D38-A) net
13:32:12: [INFO] Add Net-(D39-A) net
13:32:12: [INFO] Add Net-(D4-A) net
13:32:12: [INFO] Add Net-(D40-A) net
13:32:12: [INFO] Add Net-(D41-A) net
13:32:12: [INFO] Add Net-(D42-A) net
13:32:12: [INFO] Add Net-(D43-A) net
13:32:12: [INFO] Add Net-(D44-A) net
13:32:12: [INFO] Add Net-(D45-A) net
13:32:12: [INFO] Add Net-(D46-A) net
13:32:12: [INFO] Add Net-(D47-A) net
13:32:12: [INFO] Add Net-(D48-A) net
13:32:12: [INFO] Add Net-(D49-A) net
13:32:12: [INFO] Add Net-(D5-A) net
13:32:12: [INFO] Add Net-(D50-A) net
13:32:12: [INFO] Add Net-(D51-A) net
13:32:12: [INFO] Add Net-(D52-A) net
13:32:12: [INFO] Add Net-(D53-A) net
13:32:12: [INFO] Add Net-(D54-A) net
13:32:12: [INFO] Add Net-(D55-A) net
13:32:12: [INFO] Add Net-(D56-A) net
13:32:12: [INFO] Add Net-(D57-A) net
13:32:12: [INFO] Add Net-(D58-A) net
13:32:12: [INFO] Add Net-(D59-A) net
13:32:12: [INFO] Add Net-(D6-A) net
13:32:12: [INFO] Add Net-(D60-A) net
13:32:12: [INFO] Add Net-(D61-A) net
13:32:12: [INFO] Add Net-(D62-A) net
13:32:12: [INFO] Add Net-(D63-A) net
13:32:12: [INFO] Add Net-(D64-A) net
13:32:12: [INFO] Add Net-(D65-A) net
13:32:12: [INFO] Add Net-(D66-A) net
13:32:12: [INFO] Add Net-(D67-A) net
13:32:12: [INFO] Add Net-(D68-A) net
13:32:12: [INFO] Add Net-(D69-A) net
13:32:12: [INFO] Add Net-(D7-A) net
13:32:12: [INFO] Add Net-(D70-A) net
13:32:12: [INFO] Add Net-(D71-A) net
13:32:12: [INFO] Add Net-(D72-A) net
13:32:12: [INFO] Add Net-(D73-A) net
13:32:12: [INFO] Add Net-(D74-A) net
13:32:12: [INFO] Add Net-(D75-A) net
13:32:12: [INFO] Add Net-(D76-A) net
13:32:12: [INFO] Add Net-(D77-A) net
13:32:12: [INFO] Add Net-(D78-A) net
13:32:12: [INFO] Add Net-(D79-A) net
13:32:12: [INFO] Add Net-(D8-A) net
13:32:12: [INFO] Add Net-(D80-A) net
13:32:12: [INFO] Add Net-(D81-A) net
13:32:12: [INFO] Add Net-(D82-A) net
13:32:12: [INFO] Add Net-(D83-A) net
13:32:12: [INFO] Add Net-(D84-A) net
13:32:12: [INFO] Add Net-(D85-A) net
13:32:12: [INFO] Add Net-(D86-A) net
13:32:12: [INFO] Add Net-(D87-A) net
13:32:12: [INFO] Add Net-(D88-A) net
13:32:12: [INFO] Add Net-(D89-A) net
13:32:12: [INFO] Add Net-(D9-A) net
13:32:12: [INFO] Add Net-(D90-A) net
13:32:12: [INFO] Add Net-(D91-A) net
13:32:12: [INFO] Add Net-(D92-A) net
13:32:12: [INFO] Add Net-(D93-A) net
13:32:12: [INFO] Add Net-(D94-A) net
13:32:12: [INFO] Add Net-(D95-A) net
13:32:12: [INFO] Add Net-(D96-A) net
13:32:12: [INFO] Add Net-(D97-A) net
13:32:12: [INFO] Add Net-(D98-A) net
13:32:12: [INFO] Add Net-(D99-A) net
13:32:12: [INFO] Add ROW0 net
13:32:12: [INFO] Add ROW1 net
13:32:12: [INFO] Add ROW10 net
13:32:12: [INFO] Add ROW11 net
13:32:12: [INFO] Add ROW2 net
13:32:12: [INFO] Add ROW3 net
13:32:12: [INFO] Add ROW4 net
13:32:12: [INFO] Add ROW5 net
13:32:12: [INFO] Add ROW6 net
13:32:12: [INFO] Add ROW7 net
13:32:12: [INFO] Add ROW8 net
13:32:12: [INFO] Add ROW9 net
13:32:12: [INFO] Add SW1 footprint
13:32:12: [INFO] Add D1 footprint
13:32:12: [INFO] Add SW2 footprint
13:32:12: [INFO] Add D2 footprint
13:32:12: [INFO] Add SW3 footprint
13:32:12: [INFO] Add D3 footprint
13:32:12: [INFO] Add SW4 footprint
13:32:12: [INFO] Add D4 footprint
13:32:12: [INFO] Add SW5 footprint
13:32:12: [INFO] Add D5 footprint
13:32:12: [INFO] Add SW6 footprint
13:32:12: [INFO] Add D6 footprint
13:32:12: [INFO] Add SW7 footprint
13:32:12: [INFO] Add D7 footprint
13:32:12: [INFO] Add SW8 footprint
13:32:13: [INFO] Add D8 footprint
13:32:13: [INFO] Add SW9 footprint
13:32:13: [INFO] Add D9 footprint
13:32:13: [INFO] Add SW10 footprint
13:32:13: [INFO] Add D10 footprint
13:32:13: [INFO] Add SW11 footprint
13:32:13: [INFO] Add D11 footprint
13:32:13: [INFO] Add SW12 footprint
13:32:13: [INFO] Add D12 footprint
13:32:13: [INFO] Add SW13 footprint
13:32:13: [INFO] Add D13 footprint
13:32:13: [INFO] Add SW14 footprint
13:32:13: [INFO] Add D14 footprint
13:32:13: [INFO] Add SW15 footprint
13:32:13: [INFO] Add D15 footprint
13:32:13: [INFO] Add SW16 footprint
13:32:13: [INFO] Add D16 footprint
13:32:13: [INFO] Add SW17 footprint
13:32:13: [INFO] Add D17 footprint
13:32:13: [INFO] Add SW18 footprint
13:32:13: [INFO] Add D18 footprint
13:32:13: [INFO] Add SW19 footprint
13:32:13: [INFO] Add D19 footprint
13:32:13: [INFO] Add SW20 footprint
13:32:13: [INFO] Add D20 footprint
13:32:13: [INFO] Add SW21 footprint
13:32:13: [INFO] Add D21 footprint
13:32:13: [INFO] Add SW22 footprint
13:32:13: [INFO] Add D22 footprint
13:32:13: [INFO] Add SW23 footprint
13:32:13: [INFO] Add D23 footprint
13:32:13: [INFO] Add SW24 footprint
13:32:14: [INFO] Add D24 footprint
13:32:14: [INFO] Add SW25 footprint
13:32:14: [INFO] Add D25 footprint
13:32:14: [INFO] Add SW26 footprint
13:32:14: [INFO] Add D26 footprint
13:32:14: [INFO] Add SW27 footprint
13:32:14: [INFO] Add D27 footprint
13:32:14: [INFO] Add SW28 footprint
13:32:14: [INFO] Add D28 footprint
13:32:14: [INFO] Add SW29 footprint
13:32:14: [INFO] Add D29 footprint
13:32:14: [INFO] Add ST29 footprint
13:32:14: [INFO] Add SW29a footprint
13:32:14: [INFO] Add SW30 footprint
13:32:14: [INFO] Add D30 footprint
13:32:14: [INFO] Add SW31 footprint
13:32:14: [INFO] Add D31 footprint
13:32:14: [INFO] Add SW32 footprint
13:32:14: [INFO] Add D32 footprint
13:32:14: [INFO] Add SW33 footprint
13:32:14: [INFO] Add D33 footprint
13:32:14: [INFO] Add SW34 footprint
13:32:14: [INFO] Add D34 footprint
13:32:14: [INFO] Add SW35 footprint
13:32:14: [INFO] Add D35 footprint
13:32:14: [INFO] Add SW36 footprint
13:32:14: [INFO] Add D36 footprint
13:32:14: [INFO] Add SW37 footprint
13:32:14: [INFO] Add D37 footprint
13:32:14: [INFO] Add SW38 footprint
13:32:14: [INFO] Add D38 footprint
13:32:14: [INFO] Add SW39 footprint
13:32:14: [INFO] Add D39 footprint
13:32:15: [INFO] Add SW40 footprint
13:32:15: [INFO] Add D40 footprint
13:32:15: [INFO] Add SW41 footprint
13:32:15: [INFO] Add D41 footprint
13:32:15: [INFO] Add SW42 footprint
13:32:15: [INFO] Add D42 footprint
13:32:15: [INFO] Add SW43 footprint
13:32:15: [INFO] Add D43 footprint
13:32:15: [INFO] Add SW44 footprint
13:32:15: [INFO] Add D44 footprint
13:32:15: [INFO] Add SW45 footprint
13:32:15: [INFO] Add D45 footprint
13:32:15: [INFO] Add SW46 footprint
13:32:15: [INFO] Add D46 footprint
13:32:15: [INFO] Add SW47 footprint
13:32:15: [INFO] Add D47 footprint
13:32:15: [INFO] Add SW48 footprint
13:32:15: [INFO] Add D48 footprint
13:32:15: [INFO] Add SW49 footprint
13:32:15: [INFO] Add D49 footprint
13:32:15: [INFO] Add SW50 footprint
13:32:15: [INFO] Add D50 footprint
13:32:15: [INFO] Add ST50 footprint
13:32:15: [INFO] Add SW50a footprint
13:32:15: [INFO] Add SW51 footprint
13:32:15: [INFO] Add D51 footprint
13:32:15: [INFO] Add SW52 footprint
13:32:15: [INFO] Add D52 footprint
13:32:15: [INFO] Add SW53 footprint
13:32:15: [INFO] Add D53 footprint
13:32:15: [INFO] Add SW54 footprint
13:32:15: [INFO] Add D54 footprint
13:32:15: [INFO] Add SW55 footprint
13:32:16: [INFO] Add D55 footprint
13:32:16: [INFO] Add SW56 footprint
13:32:16: [INFO] Add D56 footprint
13:32:16: [INFO] Add SW57 footprint
13:32:16: [INFO] Add D57 footprint
13:32:16: [INFO] Add SW58 footprint
13:32:16: [INFO] Add D58 footprint
13:32:16: [INFO] Add SW59 footprint
13:32:16: [INFO] Add D59 footprint
13:32:16: [INFO] Add SW60 footprint
13:32:16: [INFO] Add D60 footprint
13:32:16: [INFO] Add SW61 footprint
13:32:16: [INFO] Add D61 footprint
13:32:16: [INFO] Add SW62 footprint
13:32:16: [INFO] Add D62 footprint
13:32:16: [INFO] Add SW63 footprint
13:32:16: [INFO] Add D63 footprint
13:32:16: [INFO] Add SW64 footprint
13:32:16: [INFO] Add D64 footprint
13:32:16: [INFO] Add SW65 footprint
13:32:16: [INFO] Add D65 footprint
13:32:16: [INFO] Add SW66 footprint
13:32:16: [INFO] Add D66 footprint
13:32:16: [INFO] Add SW67 footprint
13:32:16: [INFO] Add D67 footprint
13:32:16: [INFO] Add SW68 footprint
13:32:16: [INFO] Add D68 footprint
13:32:16: [INFO] Add SW69 footprint
13:32:16: [INFO] Add D69 footprint
13:32:16: [INFO] Add SW70 footprint
13:32:16: [INFO] Add D70 footprint
13:32:17: [INFO] Add SW71 footprint
13:32:17: [INFO] Add D71 footprint
13:32:17: [INFO] Add SW72 footprint
13:32:17: [INFO] Add D72 footprint
13:32:17: [INFO] Add SW73 footprint
13:32:17: [INFO] Add D73 footprint
13:32:17: [INFO] Add SW74 footprint
13:32:17: [INFO] Add D74 footprint
13:32:17: [INFO] Add SW75 footprint
13:32:17: [INFO] Add D75 footprint
13:32:17: [INFO] Add SW76 footprint
13:32:17: [INFO] Add D76 footprint
13:32:17: [WARNING] No stabilizer footprint for width 2.25u, using 2u as fallback
13:32:17: [INFO] Add ST76 footprint
13:32:17: [INFO] Add SW76a footprint
13:32:17: [INFO] Add ST76a footprint
13:32:17: [INFO] Add SW77 footprint
13:32:17: [INFO] Add D77 footprint
13:32:17: [INFO] Add SW78 footprint
13:32:17: [INFO] Add D78 footprint
13:32:17: [INFO] Add SW79 footprint
13:32:17: [INFO] Add D79 footprint
13:32:17: [WARNING] No stabilizer footprint for width 2.25u, using 2u as fallback
13:32:17: [INFO] Add ST79 footprint
13:32:17: [INFO] Add SW79a footprint
13:32:17: [INFO] Add SW80 footprint
13:32:17: [INFO] Add D80 footprint
13:32:17: [INFO] Add SW81 footprint
13:32:17: [INFO] Add D81 footprint
13:32:17: [INFO] Add SW82 footprint
13:32:17: [INFO] Add D82 footprint
13:32:17: [INFO] Add SW83 footprint
13:32:17: [INFO] Add D83 footprint
13:32:17: [INFO] Add SW84 footprint
13:32:17: [INFO] Add D84 footprint
13:32:17: [INFO] Add SW85 footprint
13:32:18: [INFO] Add D85 footprint
13:32:18: [INFO] Add SW86 footprint
13:32:18: [INFO] Add D86 footprint
13:32:18: [INFO] Add SW87 footprint
13:32:18: [INFO] Add D87 footprint
13:32:18: [INFO] Add SW88 footprint
13:32:18: [INFO] Add D88 footprint
13:32:18: [INFO] Add SW89 footprint
13:32:18: [INFO] Add D89 footprint
13:32:18: [INFO] Add SW90 footprint
13:32:18: [INFO] Add D90 footprint
13:32:18: [INFO] Add SW91 footprint
13:32:18: [INFO] Add D91 footprint
13:32:18: [INFO] Add SW92 footprint
13:32:18: [INFO] Add D92 footprint
13:32:18: [INFO] Add SW93 footprint
13:32:18: [INFO] Add D93 footprint
13:32:18: [INFO] Add SW94 footprint
13:32:18: [INFO] Add D94 footprint
13:32:18: [INFO] Add SW95 footprint
13:32:18: [INFO] Add D95 footprint
13:32:18: [WARNING] No stabilizer footprint for width 2.25u, using 2u as fallback
13:32:18: [INFO] Add ST95 footprint
13:32:18: [INFO] Add SW95a footprint
13:32:18: [INFO] Add SW96 footprint
13:32:18: [INFO] Add D96 footprint
13:32:18: [INFO] Add SW97 footprint
13:32:18: [INFO] Add D97 footprint
13:32:18: [INFO] Add SW98 footprint
13:32:18: [INFO] Add D98 footprint
13:32:18: [INFO] Add SW99 footprint
13:32:18: [INFO] Add D99 footprint
13:32:18: [INFO] Add SW100 footprint
13:32:18: [INFO] Add D100 footprint
13:32:19: [INFO] Add SW101 footprint
13:32:19: [INFO] Add D101 footprint
13:32:19: [WARNING] No stabilizer footprint for width 2.75u, using 2u as fallback
13:32:19: [INFO] Add ST101 footprint
13:32:19: [INFO] Add SW102 footprint
13:32:19: [INFO] Add D102 footprint
13:32:19: [INFO] Add SW103 footprint
13:32:19: [INFO] Add D103 footprint
13:32:19: [INFO] Add SW104 footprint
13:32:19: [INFO] Add D104 footprint
13:32:19: [INFO] Add ST104 footprint
13:32:19: [INFO] Add SW104a footprint
13:32:19: [INFO] Add SW105 footprint
13:32:19: [INFO] Add D105 footprint
13:32:19: [INFO] Add ST105 footprint
13:32:19: [INFO] Add SW105a footprint
13:32:19: [INFO] Add SW106 footprint
13:32:19: [INFO] Add D106 footprint
13:32:19: [INFO] Add SW107 footprint
13:32:19: [INFO] Add D107 footprint
13:32:19: [INFO] Add SW108 footprint
13:32:19: [INFO] Add D108 footprint
13:32:19: [INFO] Add ST108 footprint
13:32:19: [INFO] Add SW109 footprint
13:32:19: [INFO] Add D109 footprint
13:32:19: [INFO] Add SW110 footprint
13:32:19: [INFO] Add D110 footprint
13:32:19: [INFO] Add SW111 footprint
13:32:19: [INFO] Add D111 footprint
13:32:19: [INFO] Add SW112 footprint
13:32:19: [INFO] Add D112 footprint
13:32:19: [INFO] Add SW113 footprint
13:32:19: [INFO] Add D113 footprint
13:32:20: [INFO] Detected layout convertible to matrix annotated keyboard
13:32:20: [INFO] Using key 1U distance: (19.05, 19.05) mm
13:32:20: [INFO] Layout offset: (33337500, 23812500)
13:32:20: [INFO] Diode info: [ElementInfo(annotation_format='D{}', position_option=<PositionOption.CUSTOM: 'Custom'>, position=ElementPosition(x=5.08, y=4.0, orientation=90.0, side=<Side.BACK: 'Back'>), template_path='', start_index=-1)]
13:32:20: [INFO] Placing additional elements for SW113
13:32:20: [INFO] Placing additional elements for SW112
13:32:20: [INFO] Placing additional elements for SW111
13:32:20: [INFO] Placing additional elements for SW110
13:32:20: [INFO] Placing additional elements for SW109
13:32:20: [INFO] Placing additional elements for SW108
13:32:20: [INFO] Placing additional elements for SW107
13:32:20: [INFO] Placing additional elements for SW106
13:32:20: [INFO] Placing additional elements for SW105a
13:32:20: [INFO] Placing additional elements for SW105
13:32:20: [INFO] Placing additional elements for SW104a
13:32:20: [INFO] Placing additional elements for SW104
13:32:20: [INFO] Placing additional elements for SW103
13:32:20: [INFO] Placing additional elements for SW102
13:32:20: [INFO] Placing additional elements for SW101
13:32:20: [INFO] Placing additional elements for SW100
13:32:20: [INFO] Placing additional elements for SW99
13:32:20: [INFO] Placing additional elements for SW98
13:32:20: [INFO] Placing additional elements for SW97
13:32:20: [INFO] Placing additional elements for SW96
13:32:20: [INFO] Placing additional elements for SW95a
13:32:20: [INFO] Placing additional elements for SW95
13:32:20: [INFO] Placing additional elements for SW94
13:32:20: [INFO] Placing additional elements for SW93
13:32:20: [INFO] Placing additional elements for SW92
13:32:20: [INFO] Placing additional elements for SW91
13:32:20: [INFO] Placing additional elements for SW90
13:32:20: [INFO] Placing additional elements for SW89
13:32:20: [INFO] Placing additional elements for SW88
13:32:20: [INFO] Placing additional elements for SW87
13:32:20: [INFO] Placing additional elements for SW86
13:32:20: [INFO] Placing additional elements for SW85
13:32:20: [INFO] Placing additional elements for SW84
13:32:20: [INFO] Placing additional elements for SW83
13:32:20: [INFO] Placing additional elements for SW82
13:32:20: [INFO] Placing additional elements for SW81
13:32:20: [INFO] Placing additional elements for SW80
13:32:20: [INFO] Placing additional elements for SW79a
13:32:20: [INFO] Placing additional elements for SW79
13:32:20: [INFO] Placing additional elements for SW78
13:32:20: [INFO] Placing additional elements for SW77
13:32:20: [INFO] Placing additional elements for SW76a
13:32:20: [INFO] Placing additional elements for SW76
13:32:20: [INFO] Placing additional elements for SW75
13:32:20: [INFO] Placing additional elements for SW74
13:32:20: [INFO] Placing additional elements for SW73
13:32:20: [INFO] Placing additional elements for SW72
13:32:20: [INFO] Placing additional elements for SW71
13:32:20: [INFO] Placing additional elements for SW70
13:32:20: [INFO] Placing additional elements for SW69
13:32:20: [INFO] Placing additional elements for SW68
13:32:20: [INFO] Placing additional elements for SW67
13:32:20: [INFO] Placing additional elements for SW66
13:32:20: [INFO] Placing additional elements for SW65
13:32:20: [INFO] Placing additional elements for SW64
13:32:20: [INFO] Placing additional elements for SW63
13:32:20: [INFO] Placing additional elements for SW62
13:32:20: [INFO] Placing additional elements for SW61
13:32:20: [INFO] Placing additional elements for SW60
13:32:20: [INFO] Placing additional elements for SW59
13:32:20: [INFO] Placing additional elements for SW58
13:32:20: [INFO] Placing additional elements for SW57
13:32:20: [INFO] Placing additional elements for SW56
13:32:20: [INFO] Placing additional elements for SW55
13:32:20: [INFO] Placing additional elements for SW54
13:32:20: [INFO] Placing additional elements for SW53
13:32:20: [INFO] Placing additional elements for SW52
13:32:20: [INFO] Placing additional elements for SW51
13:32:20: [INFO] Placing additional elements for SW50a
13:32:20: [INFO] Placing additional elements for SW50
13:32:20: [INFO] Placing additional elements for SW49
13:32:20: [INFO] Placing additional elements for SW48
13:32:20: [INFO] Placing additional elements for SW47
13:32:20: [INFO] Placing additional elements for SW46
13:32:20: [INFO] Placing additional elements for SW45
13:32:20: [INFO] Placing additional elements for SW44
13:32:20: [INFO] Placing additional elements for SW43
13:32:20: [INFO] Placing additional elements for SW42
13:32:20: [INFO] Placing additional elements for SW41
13:32:20: [INFO] Placing additional elements for SW40
13:32:20: [INFO] Placing additional elements for SW39
13:32:20: [INFO] Placing additional elements for SW38
13:32:20: [INFO] Placing additional elements for SW37
13:32:20: [INFO] Placing additional elements for SW36
13:32:20: [INFO] Placing additional elements for SW35
13:32:20: [INFO] Placing additional elements for SW34
13:32:20: [INFO] Placing additional elements for SW33
13:32:20: [INFO] Placing additional elements for SW32
13:32:20: [INFO] Placing additional elements for SW31
13:32:20: [INFO] Placing additional elements for SW30
13:32:20: [INFO] Placing additional elements for SW29a
13:32:20: [INFO] Placing additional elements for SW29
13:32:20: [INFO] Placing additional elements for SW28
13:32:20: [INFO] Placing additional elements for SW27
13:32:20: [INFO] Placing additional elements for SW26
13:32:20: [INFO] Placing additional elements for SW25
13:32:20: [INFO] Placing additional elements for SW24
13:32:20: [INFO] Placing additional elements for SW23
13:32:20: [INFO] Placing additional elements for SW22
13:32:20: [INFO] Placing additional elements for SW21
13:32:20: [INFO] Placing additional elements for SW20
13:32:20: [INFO] Placing additional elements for SW19
13:32:20: [INFO] Placing additional elements for SW18
13:32:20: [INFO] Placing additional elements for SW17
13:32:20: [INFO] Placing additional elements for SW16
13:32:20: [INFO] Placing additional elements for SW15
13:32:20: [INFO] Placing additional elements for SW14
13:32:20: [INFO] Placing additional elements for SW13
13:32:20: [INFO] Placing additional elements for SW12
13:32:20: [INFO] Placing additional elements for SW11
13:32:20: [INFO] Placing additional elements for SW10
13:32:20: [INFO] Placing additional elements for SW9
13:32:20: [INFO] Placing additional elements for SW8
13:32:20: [INFO] Placing additional elements for SW7
13:32:20: [INFO] Placing additional elements for SW6
13:32:20: [INFO] Placing additional elements for SW5
13:32:20: [INFO] Placing additional elements for SW4
13:32:20: [INFO] Placing additional elements for SW3
13:32:20: [INFO] Placing additional elements for SW2
13:32:20: [INFO] Placing additional elements for SW1
13:32:20: [INFO] Routing SW113 with D113
13:32:20: [INFO] Using internal autorouter method
13:32:20: [INFO] Routing pad 'SW113:2' at (393065000, 133032500) with pad 'D113:2' at (395605000, 140712500) using coordinate system rotated by 0 degree(s)
13:32:20: [INFO] Adding track segment (B.Cu): [(393065000, 133032500), (393065000, 138172500)]
13:32:20: [INFO] Adding track segment (B.Cu): [(393065000, 138172500), (395605000, 140712500)]
13:32:20: [INFO] Routing SW112 with D112
13:32:20: [INFO] Using internal autorouter method
13:32:20: [INFO] Routing pad 'SW112:2' at (354965000, 133032500) with pad 'D112:2' at (357505000, 140712500) using coordinate system rotated by 0 degree(s)
13:32:20: [INFO] Adding track segment (B.Cu): [(354965000, 133032500), (354965000, 138172500)]
13:32:20: [INFO] Adding track segment (B.Cu): [(354965000, 138172500), (357505000, 140712500)]
13:32:20: [INFO] Routing SW111 with D111
13:32:20: [INFO] Using internal autorouter method
13:32:20: [INFO] Routing pad 'SW111:2' at (309721250, 133032500) with pad 'D111:2' at (312261250, 140712500) using coordinate system rotated by 0 degree(s)
13:32:20: [INFO] Adding track segment (B.Cu): [(309721250, 133032500), (309721250, 138172500)]
13:32:20: [INFO] Adding track segment (B.Cu): [(309721250, 138172500), (312261250, 140712500)]
13:32:20: [INFO] Routing SW110 with D110
13:32:20: [INFO] Using internal autorouter method
13:32:20: [INFO] Routing pad 'SW110:2' at (273079013, 138077378) with pad 'D110:2' at (277401523, 144914767) using coordinate system rotated by 346.0 degree(s)
13:32:20: [INFO] Adding track segment (B.Cu): [(273079013, 138077378), (274322491, 143064697)]
13:32:20: [INFO] Adding track segment (B.Cu): [(274322491, 143064697), (277401523, 144914767)]
13:32:20: [INFO] Routing SW109 with D109
13:32:20: [INFO] Using internal autorouter method
13:32:20: [INFO] Routing pad 'SW109:2' at (215927637, 135245942) with pad 'D109:2' at (220250147, 142083331) using coordinate system rotated by 346.0 degree(s)
13:32:20: [INFO] Adding track segment (B.Cu): [(215927637, 135245942), (217171114, 140233261)]
13:32:20: [INFO] Adding track segment (B.Cu): [(217171114, 140233261), (220250147, 142083331)]
13:32:20: [INFO] Routing SW108 with D108
13:32:20: [INFO] Using internal autorouter method
13:32:20: [INFO] Routing pad 'SW108:2' at (170438286, 152654732) with pad 'D108:2' at (171044877, 160721085) using coordinate system rotated by 14.0 degree(s)
13:32:20: [INFO] Adding track segment (B.Cu): [(170438286, 152654732), (169194806, 157642052)]
13:32:20: [INFO] Adding track segment (B.Cu): [(169194806, 157642052), (171044877, 160721085)]
13:32:20: [INFO] Routing SW107 with D107
13:32:20: [INFO] Using internal autorouter method
13:32:20: [INFO] Routing pad 'SW107:2' at (117895522, 137002035) with pad 'D107:2' at (118502113, 145068388) using coordinate system rotated by 14.0 degree(s)
13:32:20: [INFO] Adding track segment (B.Cu): [(117895522, 137002035), (116652043, 141989355)]
13:32:20: [INFO] Adding track segment (B.Cu): [(116652043, 141989355), (118502113, 145068388)]
13:32:20: [INFO] Routing SW106 with D106
13:32:20: [INFO] Using internal autorouter method
13:32:20: [INFO] Routing pad 'SW106:2' at (57308750, 133032500) with pad 'D106:2' at (59848750, 140712500) using coordinate system rotated by 0 degree(s)
13:32:20: [INFO] Adding track segment (B.Cu): [(57308750, 133032500), (57308750, 138172500)]
13:32:20: [INFO] Adding track segment (B.Cu): [(57308750, 138172500), (59848750, 140712500)]
13:32:20: [INFO] Routing SW105a with D105
13:32:20: [INFO] Using internal autorouter method
13:32:20: [INFO] Routing pad 'SW105a:2' at (474027500, 133032500) with pad 'D105:2' at (476567500, 131187500) using coordinate system rotated by 0 degree(s)
13:32:20: [INFO] Adding track segment (B.Cu): [(474027500, 133032500), (474722500, 133032500)]
13:32:20: [INFO] Adding track segment (B.Cu): [(474722500, 133032500), (476567500, 131187500)]
13:32:20: [INFO] Routing SW105 with D105
13:32:20: [INFO] Using internal autorouter method
13:32:20: [INFO] Routing pad 'SW105:2' at (474027500, 123507500) with pad 'D105:2' at (476567500, 131187500) using coordinate system rotated by 0 degree(s)
13:32:20: [INFO] Adding track segment (B.Cu): [(474027500, 123507500), (474027500, 128647500)]
13:32:20: [INFO] Adding track segment (B.Cu): [(474027500, 128647500), (476567500, 131187500)]
13:32:20: [INFO] Routing SW104a with D104
13:32:20: [INFO] Using internal autorouter method
13:32:20: [INFO] Routing pad 'SW104a:2' at (435927500, 133032500) with pad 'D104:2' at (428942500, 140712500) using coordinate system rotated by 0 degree(s)
13:32:20: [INFO] Routing SW104 with D104
13:32:20: [INFO] Using internal autorouter method
13:32:20: [INFO] Routing pad 'SW104:2' at (426402500, 133032500) with pad 'D104:2' at (428942500, 140712500) using coordinate system rotated by 0 degree(s)
13:32:20: [INFO] Adding track segment (B.Cu): [(426402500, 133032500), (426402500, 138172500)]
13:32:20: [INFO] Adding track segment (B.Cu): [(426402500, 138172500), (428942500, 140712500)]
13:32:20: [INFO] Routing SW103 with D103
13:32:20: [INFO] Using internal autorouter method
13:32:20: [INFO] Routing pad 'SW103:2' at (374015000, 133032500) with pad 'D103:2' at (376555000, 140712500) using coordinate system rotated by 0 degree(s)
13:32:20: [INFO] Adding track segment (B.Cu): [(374015000, 133032500), (374015000, 138172500)]
13:32:20: [INFO] Adding track segment (B.Cu): [(374015000, 138172500), (376555000, 140712500)]
13:32:20: [INFO] Routing SW102 with D102
13:32:20: [INFO] Using internal autorouter method
13:32:20: [INFO] Routing pad 'SW102:2' at (333533750, 133032500) with pad 'D102:2' at (336073750, 140712500) using coordinate system rotated by 0 degree(s)
13:32:20: [INFO] Adding track segment (B.Cu): [(333533750, 133032500), (333533750, 138172500)]
13:32:20: [INFO] Adding track segment (B.Cu): [(333533750, 138172500), (336073750, 140712500)]
13:32:20: [INFO] Routing SW101 with D101
13:32:20: [INFO] Using internal autorouter method
13:32:20: [INFO] Routing pad 'SW101:2' at (236709866, 149697540) with pad 'D101:2' at (241032376, 156534929) using coordinate system rotated by 346.0 degree(s)
13:32:20: [INFO] Adding track segment (B.Cu): [(236709866, 149697540), (237953343, 154684859)]
13:32:20: [INFO] Adding track segment (B.Cu): [(237953343, 154684859), (241032376, 156534929)]
13:32:20: [INFO] Routing SW100 with D100
13:32:20: [INFO] Using internal autorouter method
13:32:20: [INFO] Routing pad 'SW100:2' at (184288965, 136474905) with pad 'D100:2' at (184895556, 144541258) using coordinate system rotated by 14.0 degree(s)
13:32:20: [INFO] Adding track segment (B.Cu): [(184288965, 136474905), (183045485, 141462224)]
13:32:20: [INFO] Adding track segment (B.Cu): [(183045485, 141462224), (184895556, 144541258)]
13:32:20: [INFO] Routing SW99 with D99
13:32:20: [INFO] Using internal autorouter method
13:32:20: [INFO] Routing pad 'SW99:2' at (141000689, 142762800) with pad 'D99:2' at (141607280, 150829153) using coordinate system rotated by 14.0 degree(s)
13:32:20: [INFO] Adding track segment (B.Cu): [(141000689, 142762800), (139757210, 147750119)]
13:32:20: [INFO] Adding track segment (B.Cu): [(139757210, 147750119), (141607280, 150829153)]
13:32:20: [INFO] Routing SW98 with D98
13:32:20: [INFO] Using internal autorouter method
13:32:20: [INFO] Routing pad 'SW98:2' at (81121250, 133032500) with pad 'D98:2' at (83661250, 140712500) using coordinate system rotated by 0 degree(s)
13:32:20: [INFO] Adding track segment (B.Cu): [(81121250, 133032500), (81121250, 138172500)]
13:32:20: [INFO] Adding track segment (B.Cu): [(81121250, 138172500), (83661250, 140712500)]
13:32:20: [INFO] Routing SW97 with D97
13:32:20: [INFO] Using internal autorouter method
13:32:20: [INFO] Routing pad 'SW97:2' at (454977500, 133032500) with pad 'D97:2' at (457517500, 140712500) using coordinate system rotated by 0 degree(s)
13:32:20: [INFO] Adding track segment (B.Cu): [(454977500, 133032500), (454977500, 138172500)]
13:32:20: [INFO] Adding track segment (B.Cu): [(454977500, 138172500), (457517500, 140712500)]
13:32:20: [INFO] Routing SW96 with D96
13:32:20: [INFO] Using internal autorouter method
13:32:20: [INFO] Routing pad 'SW96:2' at (416877500, 133032500) with pad 'D96:2' at (419417500, 140712500) using coordinate system rotated by 0 degree(s)
13:32:20: [INFO] Adding track segment (B.Cu): [(416877500, 133032500), (416877500, 138172500)]
13:32:20: [INFO] Adding track segment (B.Cu): [(416877500, 138172500), (419417500, 140712500)]
13:32:20: [INFO] Routing SW95a with D95
13:32:20: [INFO] Using internal autorouter method
13:32:20: [INFO] Routing pad 'SW95a:2' at (352583750, 113982500) with pad 'D95:2' at (345598750, 121662500) using coordinate system rotated by 0 degree(s)
13:32:20: [INFO] Routing SW95 with D95
13:32:20: [INFO] Using internal autorouter method
13:32:20: [INFO] Routing pad 'SW95:2' at (343058750, 113982500) with pad 'D95:2' at (345598750, 121662500) using coordinate system rotated by 0 degree(s)
13:32:20: [INFO] Adding track segment (B.Cu): [(343058750, 113982500), (343058750, 119122500)]
13:32:20: [INFO] Adding track segment (B.Cu): [(343058750, 119122500), (345598750, 121662500)]
13:32:20: [INFO] Routing SW94 with D94
13:32:20: [INFO] Using internal autorouter method
13:32:20: [INFO] Routing pad 'SW94:2' at (312102500, 113982500) with pad 'D94:2' at (314642500, 121662500) using coordinate system rotated by 0 degree(s)
13:32:20: [INFO] Adding track segment (B.Cu): [(312102500, 113982500), (312102500, 119122500)]
13:32:20: [INFO] Adding track segment (B.Cu): [(312102500, 119122500), (314642500, 121662500)]
13:32:20: [INFO] Routing SW93 with D93
13:32:20: [INFO] Using internal autorouter method
13:32:20: [INFO] Routing pad 'SW93:2' at (270227884, 116799072) with pad 'D93:2' at (274550394, 123636461) using coordinate system rotated by 346.0 degree(s)
13:32:20: [INFO] Adding track segment (B.Cu): [(270227884, 116799072), (271471362, 121786392)]
13:32:20: [INFO] Adding track segment (B.Cu): [(271471362, 121786392), (274550394, 123636461)]
13:32:20: [INFO] Routing SW92 with D92
13:32:20: [INFO] Using internal autorouter method
13:32:20: [INFO] Routing pad 'SW92:2' at (234411770, 130637330) with pad 'D92:2' at (238734280, 137474719) using coordinate system rotated by 346.0 degree(s)
13:32:20: [INFO] Adding track segment (B.Cu): [(234411770, 130637330), (235655248, 135624650)]
13:32:20: [INFO] Adding track segment (B.Cu): [(235655248, 135624650), (238734280, 137474719)]
13:32:20: [INFO] Routing SW91 with D91
13:32:20: [INFO] Using internal autorouter method
13:32:20: [INFO] Routing pad 'SW91:2' at (147919818, 124854743) with pad 'D91:2' at (148526409, 132921096) using coordinate system rotated by 14.0 degree(s)
13:32:20: [INFO] Adding track segment (B.Cu): [(147919818, 124854743), (146676339, 129842062)]
13:32:20: [INFO] Adding track segment (B.Cu): [(146676339, 129842062), (148526409, 132921096)]
13:32:20: [INFO] Routing SW90 with D90
13:32:20: [INFO] Using internal autorouter method
13:32:20: [INFO] Routing pad 'SW90:2' at (110951551, 115637519) with pad 'D90:2' at (111558142, 123703872) using coordinate system rotated by 14.0 degree(s)
13:32:20: [INFO] Adding track segment (B.Cu): [(110951551, 115637519), (109708071, 120624838)]
13:32:20: [INFO] Adding track segment (B.Cu): [(109708071, 120624838), (111558142, 123703872)]
13:32:20: [INFO] Routing SW89 with D89
13:32:20: [INFO] Using internal autorouter method
13:32:20: [INFO] Routing pad 'SW89:2' at (69215000, 113982500) with pad 'D89:2' at (71755000, 121662500) using coordinate system rotated by 0 degree(s)
13:32:20: [INFO] Adding track segment (B.Cu): [(69215000, 113982500), (69215000, 119122500)]
13:32:20: [INFO] Adding track segment (B.Cu): [(69215000, 119122500), (71755000, 121662500)]
13:32:20: [INFO] Routing SW88 with D88
13:32:20: [INFO] Using internal autorouter method
13:32:20: [INFO] Routing pad 'SW88:2' at (474027500, 113982500) with pad 'D88:2' at (476567500, 121662500) using coordinate system rotated by 0 degree(s)
13:32:20: [INFO] Adding track segment (B.Cu): [(474027500, 113982500), (474027500, 119122500)]
13:32:20: [INFO] Adding track segment (B.Cu): [(474027500, 119122500), (476567500, 121662500)]
13:32:20: [INFO] Routing SW87 with D87
13:32:20: [INFO] Using internal autorouter method
13:32:20: [INFO] Routing pad 'SW87:2' at (435927500, 113982500) with pad 'D87:2' at (438467500, 121662500) using coordinate system rotated by 0 degree(s)
13:32:20: [INFO] Adding track segment (B.Cu): [(435927500, 113982500), (435927500, 119122500)]
13:32:20: [INFO] Adding track segment (B.Cu): [(435927500, 119122500), (438467500, 121662500)]
13:32:20: [INFO] Routing SW86 with D86
13:32:20: [INFO] Using internal autorouter method
13:32:20: [INFO] Routing pad 'SW86:2' at (374015000, 113982500) with pad 'D86:2' at (376555000, 121662500) using coordinate system rotated by 0 degree(s)
13:32:20: [INFO] Adding track segment (B.Cu): [(374015000, 113982500), (374015000, 119122500)]
13:32:20: [INFO] Adding track segment (B.Cu): [(374015000, 119122500), (376555000, 121662500)]
13:32:20: [INFO] Routing SW85 with D85
13:32:20: [INFO] Using internal autorouter method
13:32:20: [INFO] Routing pad 'SW85:2' at (331152500, 113982500) with pad 'D85:2' at (333692500, 121662500) using coordinate system rotated by 0 degree(s)
13:32:20: [INFO] Adding track segment (B.Cu): [(331152500, 113982500), (331152500, 119122500)]
13:32:20: [INFO] Adding track segment (B.Cu): [(331152500, 119122500), (333692500, 121662500)]
13:32:20: [INFO] Routing SW84 with D84
13:32:20: [INFO] Using internal autorouter method
13:32:20: [INFO] Routing pad 'SW84:2' at (289265051, 114408556) with pad 'D84:2' at (293587561, 121245945) using coordinate system rotated by 346.0 degree(s)
13:32:20: [INFO] Adding track segment (B.Cu): [(289265051, 114408556), (290508529, 119395876)]
13:32:20: [INFO] Adding track segment (B.Cu): [(290508529, 119395876), (293587561, 121245945)]
13:32:20: [INFO] Routing SW83 with D83
13:32:20: [INFO] Using internal autorouter method
13:32:20: [INFO] Routing pad 'SW83:2' at (252296784, 123625780) with pad 'D83:2' at (256619294, 130463169) using coordinate system rotated by 346.0 degree(s)
13:32:20: [INFO] Adding track segment (B.Cu): [(252296784, 123625780), (253540262, 128613099)]
13:32:20: [INFO] Adding track segment (B.Cu): [(253540262, 128613099), (256619294, 130463169)]
13:32:20: [INFO] Routing SW82 with D82
13:32:20: [INFO] Using internal autorouter method
13:32:20: [INFO] Routing pad 'SW82:2' at (165804832, 131866293) with pad 'D82:2' at (166411423, 139932646) using coordinate system rotated by 14.0 degree(s)
13:32:20: [INFO] Adding track segment (B.Cu): [(165804832, 131866293), (164561353, 136853612)]
13:32:20: [INFO] Adding track segment (B.Cu): [(164561353, 136853612), (166411423, 139932646)]
13:32:20: [INFO] Routing SW81 with D81
13:32:20: [INFO] Using internal autorouter method
13:32:20: [INFO] Routing pad 'SW81:2' at (129988718, 118028035) with pad 'D81:2' at (130595309, 126094388) using coordinate system rotated by 14.0 degree(s)
13:32:20: [INFO] Adding track segment (B.Cu): [(129988718, 118028035), (128745238, 123015355)]
13:32:20: [INFO] Adding track segment (B.Cu): [(128745238, 123015355), (130595309, 126094388)]
13:32:20: [INFO] Routing SW80 with D80
13:32:20: [INFO] Using internal autorouter method
13:32:20: [INFO] Routing pad 'SW80:2' at (88265000, 113982500) with pad 'D80:2' at (90805000, 121662500) using coordinate system rotated by 0 degree(s)
13:32:21: [INFO] Adding track segment (B.Cu): [(88265000, 113982500), (88265000, 119122500)]
13:32:21: [INFO] Adding track segment (B.Cu): [(88265000, 119122500), (90805000, 121662500)]
13:32:21: [INFO] Routing SW79a with D79
13:32:21: [INFO] Using internal autorouter method
13:32:21: [INFO] Routing pad 'SW79a:2' at (47783750, 113982500) with pad 'D79:2' at (59848750, 121662500) using coordinate system rotated by 0 degree(s)
13:32:21: [INFO] Routing SW79 with D79
13:32:21: [INFO] Using internal autorouter method
13:32:21: [INFO] Routing pad 'SW79:2' at (57308750, 113982500) with pad 'D79:2' at (59848750, 121662500) using coordinate system rotated by 0 degree(s)
13:32:21: [INFO] Adding track segment (B.Cu): [(57308750, 113982500), (57308750, 119122500)]
13:32:21: [INFO] Adding track segment (B.Cu): [(57308750, 119122500), (59848750, 121662500)]
13:32:21: [INFO] Routing SW78 with D78
13:32:21: [INFO] Using internal autorouter method
13:32:21: [INFO] Routing pad 'SW78:2' at (454977500, 113982500) with pad 'D78:2' at (457517500, 121662500) using coordinate system rotated by 0 degree(s)
13:32:21: [INFO] Adding track segment (B.Cu): [(454977500, 113982500), (454977500, 119122500)]
13:32:21: [INFO] Adding track segment (B.Cu): [(454977500, 119122500), (457517500, 121662500)]
13:32:21: [INFO] Routing SW77 with D77
13:32:21: [INFO] Using internal autorouter method
13:32:21: [INFO] Routing pad 'SW77:2' at (416877500, 113982500) with pad 'D77:2' at (419417500, 121662500) using coordinate system rotated by 0 degree(s)
13:32:21: [INFO] Adding track segment (B.Cu): [(416877500, 113982500), (416877500, 119122500)]
13:32:21: [INFO] Adding track segment (B.Cu): [(416877500, 119122500), (419417500, 121662500)]
13:32:21: [INFO] Routing SW76a with D76
13:32:21: [INFO] Using internal autorouter method
13:32:21: [INFO] Routing pad 'SW76a:2' at (366871250, 85407500) with pad 'D76:2' at (359886250, 102612500) using coordinate system rotated by 0 degree(s)
13:32:21: [INFO] Routing SW76 with D76
13:32:21: [INFO] Using internal autorouter method
13:32:21: [INFO] Routing pad 'SW76:2' at (357346250, 94932500) with pad 'D76:2' at (359886250, 102612500) using coordinate system rotated by 0 degree(s)
13:32:21: [INFO] Adding track segment (B.Cu): [(357346250, 94932500), (357346250, 100072500)]
13:32:21: [INFO] Adding track segment (B.Cu): [(357346250, 100072500), (359886250, 102612500)]
13:32:21: [INFO] Routing SW75 with D75
13:32:21: [INFO] Using internal autorouter method
13:32:21: [INFO] Routing pad 'SW75:2' at (345440000, 94932500) with pad 'D75:2' at (347980000, 102612500) using coordinate system rotated by 0 degree(s)
13:32:21: [INFO] Adding track segment (B.Cu): [(345440000, 94932500), (345440000, 100072500)]
13:32:21: [INFO] Adding track segment (B.Cu): [(345440000, 100072500), (347980000, 102612500)]
13:32:21: [INFO] Routing SW74 with D74
13:32:21: [INFO] Using internal autorouter method
13:32:21: [INFO] Routing pad 'SW74:2' at (307340000, 94932500) with pad 'D74:2' at (309880000, 102612500) using coordinate system rotated by 0 degree(s)
13:32:21: [INFO] Adding track segment (B.Cu): [(307340000, 94932500), (307340000, 100072500)]
13:32:21: [INFO] Adding track segment (B.Cu): [(307340000, 100072500), (309880000, 102612500)]
13:32:21: [INFO] Routing SW73 with D73
13:32:21: [INFO] Using internal autorouter method
13:32:21: [INFO] Routing pad 'SW73:2' at (265619272, 98314939) with pad 'D73:2' at (269941782, 105152328) using coordinate system rotated by 346.0 degree(s)
13:32:21: [INFO] Adding track segment (B.Cu): [(265619272, 98314939), (266862750, 103302260)]
13:32:21: [INFO] Adding track segment (B.Cu): [(266862750, 103302260), (269941782, 105152328)]
13:32:21: [INFO] Routing SW72 with D72
13:32:21: [INFO] Using internal autorouter method
13:32:21: [INFO] Routing pad 'SW72:2' at (229803158, 112153196) with pad 'D72:2' at (234125668, 118990585) using coordinate system rotated by 346.0 degree(s)
13:32:21: [INFO] Adding track segment (B.Cu): [(229803158, 112153196), (231046636, 117140515)]
13:32:21: [INFO] Adding track segment (B.Cu): [(231046636, 117140515), (234125668, 118990585)]
13:32:21: [INFO] Routing SW71 with D71
13:32:21: [INFO] Using internal autorouter method
13:32:21: [INFO] Routing pad 'SW71:2' at (152528430, 106370610) with pad 'D71:2' at (153135021, 114436963) using coordinate system rotated by 14.0 degree(s)
13:32:21: [INFO] Adding track segment (B.Cu): [(152528430, 106370610), (151284951, 111357929)]
13:32:21: [INFO] Adding track segment (B.Cu): [(151284951, 111357929), (153135021, 114436963)]
13:32:21: [INFO] Routing SW70 with D70
13:32:21: [INFO] Using internal autorouter method
13:32:21: [INFO] Routing pad 'SW70:2' at (115560163, 97153385) with pad 'D70:2' at (116166754, 105219738) using coordinate system rotated by 14.0 degree(s)
13:32:21: [INFO] Adding track segment (B.Cu): [(115560163, 97153385), (114316684, 102140704)]
13:32:21: [INFO] Adding track segment (B.Cu): [(114316684, 102140704), (116166754, 105219738)]
13:32:21: [INFO] Routing SW69 with D69
13:32:21: [INFO] Using internal autorouter method
13:32:21: [INFO] Routing pad 'SW69:2' at (66833750, 94932500) with pad 'D69:2' at (69373750, 102612500) using coordinate system rotated by 0 degree(s)
13:32:21: [INFO] Adding track segment (B.Cu): [(66833750, 94932500), (66833750, 100072500)]
13:32:21: [INFO] Adding track segment (B.Cu): [(66833750, 100072500), (69373750, 102612500)]
13:32:21: [INFO] Routing SW68 with D68
13:32:21: [INFO] Using internal autorouter method
13:32:21: [INFO] Routing pad 'SW68:2' at (474027500, 94932500) with pad 'D68:2' at (476567500, 102612500) using coordinate system rotated by 0 degree(s)
13:32:21: [INFO] Adding track segment (B.Cu): [(474027500, 94932500), (474027500, 100072500)]
13:32:21: [INFO] Adding track segment (B.Cu): [(474027500, 100072500), (476567500, 102612500)]
13:32:21: [INFO] Routing SW67 with D67
13:32:21: [INFO] Using internal autorouter method
13:32:21: [INFO] Routing pad 'SW67:2' at (435927500, 94932500) with pad 'D67:2' at (438467500, 102612500) using coordinate system rotated by 0 degree(s)
13:32:21: [INFO] Adding track segment (B.Cu): [(435927500, 94932500), (435927500, 100072500)]
13:32:21: [INFO] Adding track segment (B.Cu): [(435927500, 100072500), (438467500, 102612500)]
13:32:21: [INFO] Routing SW66 with D66
13:32:21: [INFO] Using internal autorouter method
13:32:21: [INFO] Routing pad 'SW66:2' at (326390000, 94932500) with pad 'D66:2' at (328930000, 102612500) using coordinate system rotated by 0 degree(s)
13:32:21: [INFO] Adding track segment (B.Cu): [(326390000, 94932500), (326390000, 100072500)]
13:32:21: [INFO] Adding track segment (B.Cu): [(326390000, 100072500), (328930000, 102612500)]
13:32:21: [INFO] Routing SW65 with D65
13:32:21: [INFO] Using internal autorouter method
13:32:21: [INFO] Routing pad 'SW65:2' at (284656439, 95924422) with pad 'D65:2' at (288978949, 102761811) using coordinate system rotated by 346.0 degree(s)
13:32:21: [INFO] Adding track segment (B.Cu): [(284656439, 95924422), (285899917, 100911742)]
13:32:21: [INFO] Adding track segment (B.Cu): [(285899917, 100911742), (288978949, 102761811)]
13:32:21: [INFO] Routing SW64 with D64
13:32:21: [INFO] Using internal autorouter method
13:32:21: [INFO] Routing pad 'SW64:2' at (247688172, 105141647) with pad 'D64:2' at (252010682, 111979036) using coordinate system rotated by 346.0 degree(s)
13:32:21: [INFO] Adding track segment (B.Cu): [(247688172, 105141647), (248931650, 110128966)]
13:32:21: [INFO] Adding track segment (B.Cu): [(248931650, 110128966), (252010682, 111979036)]
13:32:21: [INFO] Routing SW63 with D63
13:32:21: [INFO] Using internal autorouter method
13:32:21: [INFO] Routing pad 'SW63:2' at (170413444, 113382159) with pad 'D63:2' at (171020035, 121448512) using coordinate system rotated by 14.0 degree(s)
13:32:21: [INFO] Adding track segment (B.Cu): [(170413444, 113382159), (169169965, 118369479)]
13:32:21: [INFO] Adding track segment (B.Cu): [(169169965, 118369479), (171020035, 121448512)]
13:32:21: [INFO] Routing SW62 with D62
13:32:21: [INFO] Using internal autorouter method
13:32:21: [INFO] Routing pad 'SW62:2' at (134597330, 99543902) with pad 'D62:2' at (135203921, 107610255) using coordinate system rotated by 14.0 degree(s)
13:32:21: [INFO] Adding track segment (B.Cu): [(134597330, 99543902), (133353851, 104531221)]
13:32:21: [INFO] Adding track segment (B.Cu): [(133353851, 104531221), (135203921, 107610255)]
13:32:21: [INFO] Routing SW61 with D61
13:32:21: [INFO] Using internal autorouter method
13:32:21: [INFO] Routing pad 'SW61:2' at (93027500, 94932500) with pad 'D61:2' at (95567500, 102612500) using coordinate system rotated by 0 degree(s)
13:32:21: [INFO] Adding track segment (B.Cu): [(93027500, 94932500), (93027500, 100072500)]
13:32:21: [INFO] Adding track segment (B.Cu): [(93027500, 100072500), (95567500, 102612500)]
13:32:21: [INFO] Routing SW60 with D60
13:32:21: [INFO] Using internal autorouter method
13:32:21: [INFO] Routing pad 'SW60:2' at (454977500, 94932500) with pad 'D60:2' at (457517500, 102612500) using coordinate system rotated by 0 degree(s)
13:32:21: [INFO] Adding track segment (B.Cu): [(454977500, 94932500), (454977500, 100072500)]
13:32:21: [INFO] Adding track segment (B.Cu): [(454977500, 100072500), (457517500, 102612500)]
13:32:21: [INFO] Routing SW59 with D59
13:32:21: [INFO] Using internal autorouter method
13:32:21: [INFO] Routing pad 'SW59:2' at (416877500, 94932500) with pad 'D59:2' at (419417500, 102612500) using coordinate system rotated by 0 degree(s)
13:32:21: [INFO] Adding track segment (B.Cu): [(416877500, 94932500), (416877500, 100072500)]
13:32:21: [INFO] Adding track segment (B.Cu): [(416877500, 100072500), (419417500, 102612500)]
13:32:21: [INFO] Routing SW58 with D58
13:32:21: [INFO] Using internal autorouter method
13:32:21: [INFO] Routing pad 'SW58:2' at (393065000, 33020000) with pad 'D58:2' at (395605000, 40700000) using coordinate system rotated by 0 degree(s)
13:32:21: [INFO] Adding track segment (B.Cu): [(393065000, 33020000), (393065000, 38160000)]
13:32:21: [INFO] Adding track segment (B.Cu): [(393065000, 38160000), (395605000, 40700000)]
13:32:21: [INFO] Routing SW57 with D57
13:32:21: [INFO] Using internal autorouter method
13:32:21: [INFO] Routing pad 'SW57:2' at (340677500, 75882500) with pad 'D57:2' at (343217500, 83562500) using coordinate system rotated by 0 degree(s)
13:32:21: [INFO] Adding track segment (B.Cu): [(340677500, 75882500), (340677500, 81022500)]
13:32:21: [INFO] Adding track segment (B.Cu): [(340677500, 81022500), (343217500, 83562500)]
13:32:21: [INFO] Routing SW56 with D56
13:32:21: [INFO] Using internal autorouter method
13:32:21: [INFO] Routing pad 'SW56:2' at (302577500, 75882500) with pad 'D56:2' at (305117500, 83562500) using coordinate system rotated by 0 degree(s)
13:32:21: [INFO] Adding track segment (B.Cu): [(302577500, 75882500), (302577500, 81022500)]
13:32:21: [INFO] Adding track segment (B.Cu): [(302577500, 81022500), (305117500, 83562500)]
13:32:21: [INFO] Routing SW55 with D55
13:32:21: [INFO] Using internal autorouter method
13:32:21: [INFO] Routing pad 'SW55:2' at (261010660, 79830805) with pad 'D55:2' at (265333170, 86668194) using coordinate system rotated by 346.0 degree(s)
13:32:21: [INFO] Adding track segment (B.Cu): [(261010660, 79830805), (262254138, 84818124)]
13:32:21: [INFO] Adding track segment (B.Cu): [(262254138, 84818124), (265333170, 86668194)]
13:32:21: [INFO] Routing SW54 with D54
13:32:21: [INFO] Using internal autorouter method
13:32:21: [INFO] Routing pad 'SW54:2' at (225194546, 93669063) with pad 'D54:2' at (229517056, 100506452) using coordinate system rotated by 346.0 degree(s)
13:32:21: [INFO] Adding track segment (B.Cu): [(225194546, 93669063), (226438024, 98656383)]
13:32:21: [INFO] Adding track segment (B.Cu): [(226438024, 98656383), (229517056, 100506452)]
13:32:21: [INFO] Routing SW53 with D53
13:32:21: [INFO] Using internal autorouter method
13:32:21: [INFO] Routing pad 'SW53:2' at (157137042, 87886476) with pad 'D53:2' at (157743633, 95952829) using coordinate system rotated by 14.0 degree(s)
13:32:21: [INFO] Adding track segment (B.Cu): [(157137042, 87886476), (155893563, 92873796)]
13:32:21: [INFO] Adding track segment (B.Cu): [(155893563, 92873796), (157743633, 95952829)]
13:32:21: [INFO] Routing SW52 with D52
13:32:21: [INFO] Using internal autorouter method
13:32:21: [INFO] Routing pad 'SW52:2' at (120168775, 78669252) with pad 'D52:2' at (120775366, 86735605) using coordinate system rotated by 14.0 degree(s)
13:32:21: [INFO] Adding track segment (B.Cu): [(120168775, 78669252), (118925296, 83656571)]
13:32:21: [INFO] Adding track segment (B.Cu): [(118925296, 83656571), (120775366, 86735605)]
13:32:21: [INFO] Routing SW51 with D51
13:32:21: [INFO] Using internal autorouter method
13:32:21: [INFO] Routing pad 'SW51:2' at (73977500, 75882500) with pad 'D51:2' at (76517500, 83562500) using coordinate system rotated by 0 degree(s)
13:32:21: [INFO] Adding track segment (B.Cu): [(73977500, 75882500), (73977500, 81022500)]
13:32:21: [INFO] Adding track segment (B.Cu): [(73977500, 81022500), (76517500, 83562500)]
13:32:22: [INFO] Routing SW50a with D50
13:32:22: [INFO] Using internal autorouter method
13:32:22: [INFO] Routing pad 'SW50a:2' at (474027500, 75882500) with pad 'D50:2' at (476567500, 93087500) using coordinate system rotated by 0 degree(s)
13:32:22: [INFO] Adding track segment (B.Cu): [(474027500, 75882500), (474027500, 90547500)]
13:32:22: [INFO] Adding track segment (B.Cu): [(474027500, 90547500), (476567500, 93087500)]
13:32:22: [INFO] Routing SW50 with D50
13:32:22: [INFO] Using internal autorouter method
13:32:22: [INFO] Routing pad 'SW50:2' at (474027500, 85407500) with pad 'D50:2' at (476567500, 93087500) using coordinate system rotated by 0 degree(s)
13:32:22: [INFO] Adding track segment (B.Cu): [(474027500, 85407500), (474027500, 90547500)]
13:32:22: [INFO] Adding track segment (B.Cu): [(474027500, 90547500), (476567500, 93087500)]
13:32:22: [INFO] Routing SW49 with D49
13:32:22: [INFO] Using internal autorouter method
13:32:22: [INFO] Routing pad 'SW49:2' at (435927500, 75882500) with pad 'D49:2' at (438467500, 83562500) using coordinate system rotated by 0 degree(s)
13:32:22: [INFO] Adding track segment (B.Cu): [(435927500, 75882500), (435927500, 81022500)]
13:32:22: [INFO] Adding track segment (B.Cu): [(435927500, 81022500), (438467500, 83562500)]
13:32:22: [INFO] Routing SW48 with D48
13:32:22: [INFO] Using internal autorouter method
13:32:22: [INFO] Routing pad 'SW48:2' at (364490000, 75882500) with pad 'D48:2' at (367030000, 83562500) using coordinate system rotated by 0 degree(s)
13:32:22: [INFO] Adding track segment (B.Cu): [(364490000, 75882500), (364490000, 81022500)]
13:32:22: [INFO] Adding track segment (B.Cu): [(364490000, 81022500), (367030000, 83562500)]
13:32:22: [INFO] Routing SW47 with D47
13:32:22: [INFO] Using internal autorouter method
13:32:22: [INFO] Routing pad 'SW47:2' at (321627500, 75882500) with pad 'D47:2' at (324167500, 83562500) using coordinate system rotated by 0 degree(s)
13:32:22: [INFO] Adding track segment (B.Cu): [(321627500, 75882500), (321627500, 81022500)]
13:32:22: [INFO] Adding track segment (B.Cu): [(321627500, 81022500), (324167500, 83562500)]
13:32:22: [INFO] Routing SW46 with D46
13:32:22: [INFO] Using internal autorouter method
13:32:22: [INFO] Routing pad 'SW46:2' at (280047827, 77440289) with pad 'D46:2' at (284370337, 84277678) using coordinate system rotated by 346.0 degree(s)
13:32:22: [INFO] Adding track segment (B.Cu): [(280047827, 77440289), (281291305, 82427608)]
13:32:22: [INFO] Adding track segment (B.Cu): [(281291305, 82427608), (284370337, 84277678)]
13:32:22: [INFO] Routing SW45 with D45
13:32:22: [INFO] Using internal autorouter method
13:32:22: [INFO] Routing pad 'SW45:2' at (243079560, 86657513) with pad 'D45:2' at (247402070, 93494902) using coordinate system rotated by 346.0 degree(s)
13:32:22: [INFO] Adding track segment (B.Cu): [(243079560, 86657513), (244323038, 91644832)]
13:32:22: [INFO] Adding track segment (B.Cu): [(244323038, 91644832), (247402070, 93494902)]
13:32:22: [INFO] Routing SW44 with D44
13:32:22: [INFO] Using internal autorouter method
13:32:22: [INFO] Routing pad 'SW44:2' at (175022056, 94898026) with pad 'D44:2' at (175628647, 102964379) using coordinate system rotated by 14.0 degree(s)
13:32:22: [INFO] Adding track segment (B.Cu): [(175022056, 94898026), (173778577, 99885345)]
13:32:22: [INFO] Adding track segment (B.Cu): [(173778577, 99885345), (175628647, 102964379)]
13:32:22: [INFO] Routing SW43 with D43
13:32:22: [INFO] Using internal autorouter method
13:32:22: [INFO] Routing pad 'SW43:2' at (139205942, 81059768) with pad 'D43:2' at (139812533, 89126121) using coordinate system rotated by 14.0 degree(s)
13:32:22: [INFO] Adding track segment (B.Cu): [(139205942, 81059768), (137962463, 86047087)]
13:32:22: [INFO] Adding track segment (B.Cu): [(137962463, 86047087), (139812533, 89126121)]
13:32:22: [INFO] Routing SW42 with D42
13:32:22: [INFO] Using internal autorouter method
13:32:22: [INFO] Routing pad 'SW42:2' at (97790000, 75882500) with pad 'D42:2' at (100330000, 83562500) using coordinate system rotated by 0 degree(s)
13:32:22: [INFO] Adding track segment (B.Cu): [(97790000, 75882500), (97790000, 81022500)]
13:32:22: [INFO] Adding track segment (B.Cu): [(97790000, 81022500), (100330000, 83562500)]
13:32:22: [INFO] Routing SW41 with D41
13:32:22: [INFO] Using internal autorouter method
13:32:22: [INFO] Routing pad 'SW41:2' at (454977500, 75882500) with pad 'D41:2' at (457517500, 83562500) using coordinate system rotated by 0 degree(s)
13:32:22: [INFO] Adding track segment (B.Cu): [(454977500, 75882500), (454977500, 81022500)]
13:32:22: [INFO] Adding track segment (B.Cu): [(454977500, 81022500), (457517500, 83562500)]
13:32:22: [INFO] Routing SW40 with D40
13:32:22: [INFO] Using internal autorouter method
13:32:22: [INFO] Routing pad 'SW40:2' at (416877500, 75882500) with pad 'D40:2' at (419417500, 83562500) using coordinate system rotated by 0 degree(s)
13:32:22: [INFO] Adding track segment (B.Cu): [(416877500, 75882500), (416877500, 81022500)]
13:32:22: [INFO] Adding track segment (B.Cu): [(416877500, 81022500), (419417500, 83562500)]
13:32:22: [INFO] Routing SW39 with D39
13:32:22: [INFO] Using internal autorouter method
13:32:22: [INFO] Routing pad 'SW39:2' at (374015000, 56832500) with pad 'D39:2' at (376555000, 64512500) using coordinate system rotated by 0 degree(s)
13:32:22: [INFO] Adding track segment (B.Cu): [(374015000, 56832500), (374015000, 61972500)]
13:32:22: [INFO] Adding track segment (B.Cu): [(374015000, 61972500), (376555000, 64512500)]
13:32:22: [INFO] Routing SW38 with D38
13:32:22: [INFO] Using internal autorouter method
13:32:22: [INFO] Routing pad 'SW38:2' at (335915000, 56832500) with pad 'D38:2' at (338455000, 64512500) using coordinate system rotated by 0 degree(s)
13:32:22: [INFO] Adding track segment (B.Cu): [(335915000, 56832500), (335915000, 61972500)]
13:32:22: [INFO] Adding track segment (B.Cu): [(335915000, 61972500), (338455000, 64512500)]
13:32:22: [INFO] Routing SW37 with D37
13:32:22: [INFO] Using internal autorouter method
13:32:22: [INFO] Routing pad 'SW37:2' at (297815000, 56832500) with pad 'D37:2' at (300355000, 64512500) using coordinate system rotated by 0 degree(s)
13:32:22: [INFO] Adding track segment (B.Cu): [(297815000, 56832500), (297815000, 61972500)]
13:32:22: [INFO] Adding track segment (B.Cu): [(297815000, 61972500), (300355000, 64512500)]
13:32:22: [INFO] Routing SW36 with D36
13:32:22: [INFO] Using internal autorouter method
13:32:22: [INFO] Routing pad 'SW36:2' at (256402048, 61346671) with pad 'D36:2' at (260724558, 68184060) using coordinate system rotated by 346.0 degree(s)
13:32:22: [INFO] Adding track segment (B.Cu): [(256402048, 61346671), (257645526, 66333990)]
13:32:22: [INFO] Adding track segment (B.Cu): [(257645526, 66333990), (260724558, 68184060)]
13:32:22: [INFO] Routing SW35 with D35
13:32:22: [INFO] Using internal autorouter method
13:32:22: [INFO] Routing pad 'SW35:2' at (220585934, 75184929) with pad 'D35:2' at (224908444, 82022318) using coordinate system rotated by 346.0 degree(s)
13:32:22: [INFO] Adding track segment (B.Cu): [(220585934, 75184929), (221829411, 80172248)]
13:32:22: [INFO] Adding track segment (B.Cu): [(221829411, 80172248), (224908444, 82022318)]
13:32:22: [INFO] Routing SW34 with D34
13:32:22: [INFO] Using internal autorouter method
13:32:22: [INFO] Routing pad 'SW34:2' at (161745654, 69402342) with pad 'D34:2' at (162352245, 77468695) using coordinate system rotated by 14.0 degree(s)
13:32:22: [INFO] Adding track segment (B.Cu): [(161745654, 69402342), (160502174, 74389660)]
13:32:22: [INFO] Adding track segment (B.Cu): [(160502174, 74389660), (162352245, 77468695)]
13:32:22: [INFO] Routing SW33 with D33
13:32:22: [INFO] Using internal autorouter method
13:32:22: [INFO] Routing pad 'SW33:2' at (124777387, 60185118) with pad 'D33:2' at (125383978, 68251471) using coordinate system rotated by 14.0 degree(s)
13:32:22: [INFO] Adding track segment (B.Cu): [(124777387, 60185118), (123533908, 65172437)]
13:32:22: [INFO] Adding track segment (B.Cu): [(123533908, 65172437), (125383978, 68251471)]
13:32:22: [INFO] Routing SW32 with D32
13:32:22: [INFO] Using internal autorouter method
13:32:22: [INFO] Routing pad 'SW32:2' at (83502500, 56832500) with pad 'D32:2' at (86042500, 64512500) using coordinate system rotated by 0 degree(s)
13:32:22: [INFO] Adding track segment (B.Cu): [(83502500, 56832500), (83502500, 61972500)]
13:32:22: [INFO] Adding track segment (B.Cu): [(83502500, 61972500), (86042500, 64512500)]
13:32:22: [INFO] Routing SW31 with D31
13:32:22: [INFO] Using internal autorouter method
13:32:22: [INFO] Routing pad 'SW31:2' at (474027500, 56832500) with pad 'D31:2' at (476567500, 64512500) using coordinate system rotated by 0 degree(s)
13:32:22: [INFO] Adding track segment (B.Cu): [(474027500, 56832500), (474027500, 61972500)]
13:32:22: [INFO] Adding track segment (B.Cu): [(474027500, 61972500), (476567500, 64512500)]
13:32:22: [INFO] Routing SW30 with D30
13:32:22: [INFO] Using internal autorouter method
13:32:22: [INFO] Routing pad 'SW30:2' at (435927500, 56832500) with pad 'D30:2' at (438467500, 64512500) using coordinate system rotated by 0 degree(s)
13:32:22: [INFO] Adding track segment (B.Cu): [(435927500, 56832500), (435927500, 61972500)]
13:32:22: [INFO] Adding track segment (B.Cu): [(435927500, 61972500), (438467500, 64512500)]
13:32:22: [INFO] Routing SW29a with D29
13:32:22: [INFO] Using internal autorouter method
13:32:22: [INFO] Routing pad 'SW29a:2' at (354965000, 56832500) with pad 'D29:2' at (367030000, 64512500) using coordinate system rotated by 0 degree(s)
13:32:22: [INFO] Routing SW29 with D29
13:32:22: [INFO] Using internal autorouter method
13:32:22: [INFO] Routing pad 'SW29:2' at (364490000, 56832500) with pad 'D29:2' at (367030000, 64512500) using coordinate system rotated by 0 degree(s)
13:32:22: [INFO] Adding track segment (B.Cu): [(364490000, 56832500), (364490000, 61972500)]
13:32:22: [INFO] Adding track segment (B.Cu): [(364490000, 61972500), (367030000, 64512500)]
13:32:22: [INFO] Routing SW28 with D28
13:32:22: [INFO] Using internal autorouter method
13:32:22: [INFO] Routing pad 'SW28:2' at (316865000, 56832500) with pad 'D28:2' at (319405000, 64512500) using coordinate system rotated by 0 degree(s)
13:32:22: [INFO] Adding track segment (B.Cu): [(316865000, 56832500), (316865000, 61972500)]
13:32:22: [INFO] Adding track segment (B.Cu): [(316865000, 61972500), (319405000, 64512500)]
13:32:22: [INFO] Routing SW27 with D27
13:32:22: [INFO] Using internal autorouter method
13:32:22: [INFO] Routing pad 'SW27:2' at (275439215, 58956155) with pad 'D27:2' at (279761725, 65793544) using coordinate system rotated by 346.0 degree(s)
13:32:22: [INFO] Adding track segment (B.Cu): [(275439215, 58956155), (276682693, 63943474)]
13:32:22: [INFO] Adding track segment (B.Cu): [(276682693, 63943474), (279761725, 65793544)]
13:32:22: [INFO] Routing SW26 with D26
13:32:22: [INFO] Using internal autorouter method
13:32:22: [INFO] Routing pad 'SW26:2' at (238470948, 68173379) with pad 'D26:2' at (242793458, 75010768) using coordinate system rotated by 346.0 degree(s)
13:32:22: [INFO] Adding track segment (B.Cu): [(238470948, 68173379), (239714425, 73160699)]
13:32:22: [INFO] Adding track segment (B.Cu): [(239714425, 73160699), (242793458, 75010768)]
13:32:22: [INFO] Routing SW25 with D25
13:32:22: [INFO] Using internal autorouter method
13:32:22: [INFO] Routing pad 'SW25:2' at (179630668, 76413892) with pad 'D25:2' at (180237259, 84480245) using coordinate system rotated by 14.0 degree(s)
13:32:22: [INFO] Adding track segment (B.Cu): [(179630668, 76413892), (178387189, 81401211)]
13:32:22: [INFO] Adding track segment (B.Cu): [(178387189, 81401211), (180237259, 84480245)]
13:32:22: [INFO] Routing SW24 with D24
13:32:22: [INFO] Using internal autorouter method
13:32:22: [INFO] Routing pad 'SW24:2' at (143814554, 62575634) with pad 'D24:2' at (144421145, 70641987) using coordinate system rotated by 14.0 degree(s)
13:32:22: [INFO] Adding track segment (B.Cu): [(143814554, 62575634), (142571075, 67562953)]
13:32:22: [INFO] Adding track segment (B.Cu): [(142571075, 67562953), (144421145, 70641987)]
13:32:22: [INFO] Routing SW23 with D23
13:32:22: [INFO] Using internal autorouter method
13:32:22: [INFO] Routing pad 'SW23:2' at (102552500, 56832500) with pad 'D23:2' at (105092500, 64512500) using coordinate system rotated by 0 degree(s)
13:32:22: [INFO] Adding track segment (B.Cu): [(102552500, 56832500), (102552500, 61972500)]
13:32:22: [INFO] Adding track segment (B.Cu): [(102552500, 61972500), (105092500, 64512500)]
13:32:22: [INFO] Routing SW22 with D22
13:32:22: [INFO] Using internal autorouter method
13:32:22: [INFO] Routing pad 'SW22:2' at (454977500, 56832500) with pad 'D22:2' at (457517500, 64512500) using coordinate system rotated by 0 degree(s)
13:32:22: [INFO] Adding track segment (B.Cu): [(454977500, 56832500), (454977500, 61972500)]
13:32:22: [INFO] Adding track segment (B.Cu): [(454977500, 61972500), (457517500, 64512500)]
13:32:23: [INFO] Routing SW21 with D21
13:32:23: [INFO] Using internal autorouter method
13:32:23: [INFO] Routing pad 'SW21:2' at (416877500, 56832500) with pad 'D21:2' at (419417500, 64512500) using coordinate system rotated by 0 degree(s)
13:32:23: [INFO] Adding track segment (B.Cu): [(416877500, 56832500), (416877500, 61972500)]
13:32:23: [INFO] Adding track segment (B.Cu): [(416877500, 61972500), (419417500, 64512500)]
13:32:23: [INFO] Routing SW20 with D20
13:32:23: [INFO] Using internal autorouter method
13:32:23: [INFO] Routing pad 'SW20:2' at (374015000, 33020000) with pad 'D20:2' at (376555000, 40700000) using coordinate system rotated by 0 degree(s)
13:32:23: [INFO] Adding track segment (B.Cu): [(374015000, 33020000), (374015000, 38160000)]
13:32:23: [INFO] Adding track segment (B.Cu): [(374015000, 38160000), (376555000, 40700000)]
13:32:23: [INFO] Routing SW19 with D19
13:32:23: [INFO] Using internal autorouter method
13:32:23: [INFO] Routing pad 'SW19:2' at (335915000, 33020000) with pad 'D19:2' at (338455000, 40700000) using coordinate system rotated by 0 degree(s)
13:32:23: [INFO] Adding track segment (B.Cu): [(335915000, 33020000), (335915000, 38160000)]
13:32:23: [INFO] Adding track segment (B.Cu): [(335915000, 38160000), (338455000, 40700000)]
13:32:23: [INFO] Routing SW18 with D18
13:32:23: [INFO] Using internal autorouter method
13:32:23: [INFO] Routing pad 'SW18:2' at (293052500, 33020000) with pad 'D18:2' at (295592500, 40700000) using coordinate system rotated by 0 degree(s)
13:32:23: [INFO] Adding track segment (B.Cu): [(293052500, 33020000), (293052500, 38160000)]
13:32:23: [INFO] Adding track segment (B.Cu): [(293052500, 38160000), (295592500, 40700000)]
13:32:23: [INFO] Routing SW17 with D17
13:32:23: [INFO] Using internal autorouter method
13:32:23: [INFO] Routing pad 'SW17:2' at (250641283, 38241504) with pad 'D17:2' at (254963793, 45078893) using coordinate system rotated by 346.0 degree(s)
13:32:23: [INFO] Adding track segment (B.Cu): [(250641283, 38241504), (251884760, 43228823)]
13:32:23: [INFO] Adding track segment (B.Cu): [(251884760, 43228823), (254963793, 45078893)]
13:32:23: [INFO] Routing SW16 with D16
13:32:23: [INFO] Using internal autorouter method
13:32:23: [INFO] Routing pad 'SW16:2' at (214825169, 52079762) with pad 'D16:2' at (219147679, 58917151) using coordinate system rotated by 346.0 degree(s)
13:32:23: [INFO] Adding track segment (B.Cu): [(214825169, 52079762), (216068646, 57067081)]
13:32:23: [INFO] Adding track segment (B.Cu): [(216068646, 57067081), (219147679, 58917151)]
13:32:23: [INFO] Routing SW15 with D15
13:32:23: [INFO] Using internal autorouter method
13:32:23: [INFO] Routing pad 'SW15:2' at (167506419, 46297176) with pad 'D15:2' at (168113010, 54363529) using coordinate system rotated by 14.0 degree(s)
13:32:23: [INFO] Adding track segment (B.Cu): [(167506419, 46297176), (166262940, 51284495)]
13:32:23: [INFO] Adding track segment (B.Cu): [(166262940, 51284495), (168113010, 54363529)]
13:32:23: [INFO] Routing SW14 with D14
13:32:23: [INFO] Using internal autorouter method
13:32:23: [INFO] Routing pad 'SW14:2' at (130538152, 37079951) with pad 'D14:2' at (131144743, 45146304) using coordinate system rotated by 14.0 degree(s)
13:32:23: [INFO] Adding track segment (B.Cu): [(130538152, 37079951), (129294673, 42067271)]
13:32:23: [INFO] Adding track segment (B.Cu): [(129294673, 42067271), (131144743, 45146304)]
13:32:23: [INFO] Routing SW13 with D13
13:32:23: [INFO] Using internal autorouter method
13:32:23: [INFO] Routing pad 'SW13:2' at (88265000, 33020000) with pad 'D13:2' at (90805000, 40700000) using coordinate system rotated by 0 degree(s)
13:32:23: [INFO] Adding track segment (B.Cu): [(88265000, 33020000), (88265000, 38160000)]
13:32:23: [INFO] Adding track segment (B.Cu): [(88265000, 38160000), (90805000, 40700000)]
13:32:23: [INFO] Routing SW12 with D12
13:32:23: [INFO] Using internal autorouter method
13:32:23: [INFO] Routing pad 'SW12:2' at (474027500, 33020000) with pad 'D12:2' at (476567500, 40700000) using coordinate system rotated by 0 degree(s)
13:32:23: [INFO] Adding track segment (B.Cu): [(474027500, 33020000), (474027500, 38160000)]
13:32:23: [INFO] Adding track segment (B.Cu): [(474027500, 38160000), (476567500, 40700000)]
13:32:23: [INFO] Routing SW11 with D11
13:32:23: [INFO] Using internal autorouter method
13:32:23: [INFO] Routing pad 'SW11:2' at (435927500, 33020000) with pad 'D11:2' at (438467500, 40700000) using coordinate system rotated by 0 degree(s)
13:32:23: [INFO] Adding track segment (B.Cu): [(435927500, 33020000), (435927500, 38160000)]
13:32:23: [INFO] Adding track segment (B.Cu): [(435927500, 38160000), (438467500, 40700000)]
13:32:23: [INFO] Routing SW10 with D10
13:32:23: [INFO] Using internal autorouter method
13:32:23: [INFO] Routing pad 'SW10:2' at (354965000, 33020000) with pad 'D10:2' at (357505000, 40700000) using coordinate system rotated by 0 degree(s)
13:32:23: [INFO] Adding track segment (B.Cu): [(354965000, 33020000), (354965000, 38160000)]
13:32:23: [INFO] Adding track segment (B.Cu): [(354965000, 38160000), (357505000, 40700000)]
13:32:23: [INFO] Routing SW9 with D9
13:32:23: [INFO] Using internal autorouter method
13:32:23: [INFO] Routing pad 'SW9:2' at (312102500, 33020000) with pad 'D9:2' at (314642500, 40700000) using coordinate system rotated by 0 degree(s)
13:32:23: [INFO] Adding track segment (B.Cu): [(312102500, 33020000), (312102500, 38160000)]
13:32:23: [INFO] Adding track segment (B.Cu): [(312102500, 38160000), (314642500, 40700000)]
13:32:23: [INFO] Routing SW8 with D8
13:32:23: [INFO] Using internal autorouter method
13:32:23: [INFO] Routing pad 'SW8:2' at (269678450, 35850988) with pad 'D8:2' at (274000960, 42688377) using coordinate system rotated by 346.0 degree(s)
13:32:23: [INFO] Adding track segment (B.Cu): [(269678450, 35850988), (270921927, 40838307)]
13:32:23: [INFO] Adding track segment (B.Cu): [(270921927, 40838307), (274000960, 42688377)]
13:32:23: [INFO] Routing SW7 with D7
13:32:23: [INFO] Using internal autorouter method
13:32:23: [INFO] Routing pad 'SW7:2' at (232710183, 45068213) with pad 'D7:2' at (237032693, 51905602) using coordinate system rotated by 346.0 degree(s)
13:32:23: [INFO] Adding track segment (B.Cu): [(232710183, 45068213), (233953661, 50055533)]
13:32:23: [INFO] Adding track segment (B.Cu): [(233953661, 50055533), (237032693, 51905602)]
13:32:23: [INFO] Routing SW6 with D6
13:32:23: [INFO] Using internal autorouter method
13:32:23: [INFO] Routing pad 'SW6:2' at (185391433, 53308725) with pad 'D6:2' at (185998024, 61375078) using coordinate system rotated by 14.0 degree(s)
13:32:23: [INFO] Adding track segment (B.Cu): [(185391433, 53308725), (184147953, 58296044)]
13:32:23: [INFO] Adding track segment (B.Cu): [(184147953, 58296044), (185998024, 61375078)]
13:32:23: [INFO] Routing SW5 with D5
13:32:23: [INFO] Using internal autorouter method
13:32:23: [INFO] Routing pad 'SW5:2' at (149575319, 39470467) with pad 'D5:2' at (150181910, 47536820) using coordinate system rotated by 14.0 degree(s)
13:32:23: [INFO] Adding track segment (B.Cu): [(149575319, 39470467), (148331839, 44457785)]
13:32:23: [INFO] Adding track segment (B.Cu): [(148331839, 44457785), (150181910, 47536820)]
13:32:23: [INFO] Routing SW4 with D4
13:32:23: [INFO] Using internal autorouter method
13:32:23: [INFO] Routing pad 'SW4:2' at (107315000, 33020000) with pad 'D4:2' at (109855000, 40700000) using coordinate system rotated by 0 degree(s)
13:32:23: [INFO] Adding track segment (B.Cu): [(107315000, 33020000), (107315000, 38160000)]
13:32:23: [INFO] Adding track segment (B.Cu): [(107315000, 38160000), (109855000, 40700000)]
13:32:23: [INFO] Routing SW3 with D3
13:32:23: [INFO] Using internal autorouter method
13:32:23: [INFO] Routing pad 'SW3:2' at (59690000, 33020000) with pad 'D3:2' at (62230000, 40700000) using coordinate system rotated by 0 degree(s)
13:32:23: [INFO] Adding track segment (B.Cu): [(59690000, 33020000), (59690000, 38160000)]
13:32:23: [INFO] Adding track segment (B.Cu): [(59690000, 38160000), (62230000, 40700000)]
13:32:23: [INFO] Routing SW2 with D2
13:32:23: [INFO] Using internal autorouter method
13:32:23: [INFO] Routing pad 'SW2:2' at (454977500, 33020000) with pad 'D2:2' at (457517500, 40700000) using coordinate system rotated by 0 degree(s)
13:32:23: [INFO] Adding track segment (B.Cu): [(454977500, 33020000), (454977500, 38160000)]
13:32:23: [INFO] Adding track segment (B.Cu): [(454977500, 38160000), (457517500, 40700000)]
13:32:23: [INFO] Routing SW1 with D1
13:32:23: [INFO] Using internal autorouter method
13:32:23: [INFO] Routing pad 'SW1:2' at (416877500, 33020000) with pad 'D1:2' at (419417500, 40700000) using coordinate system rotated by 0 degree(s)
13:32:23: [INFO] Adding track segment (B.Cu): [(416877500, 33020000), (416877500, 38160000)]
13:32:23: [INFO] Adding track segment (B.Cu): [(416877500, 38160000), (419417500, 40700000)]
13:32:23: [INFO] Routing ROW8 pads
13:32:23: [INFO] Routing pad 'D79:1' at (59848750, 124462500) with pad 'D80:1' at (90805000, 124462500) using coordinate system rotated by 0 degree(s)
13:32:23: [INFO] Adding track segment (B.Cu): [(59848750, 124462500), (90805000, 124462500)]
13:32:23: [INFO] Could not add track segment due to detected collision
13:32:23: [WARNING] Could not route pads when parent footprints not rotated the same, footprint1: D80 at 90.0 degree(s) and footprint2: D81 at 76.0 degree(s)
13:32:23: [INFO] Routing pad 'D81:1' at (129917927, 128811216) with pad 'D82:1' at (165734041, 142649474) using coordinate system rotated by 284.0 degree(s)
13:32:23: [INFO] Adding track segment (B.Cu): [(129917927, 128811216), (133386806, 134584402)]
13:32:23: [INFO] Adding track segment (B.Cu): [(133386806, 134584402), (165734041, 142649474)]
13:32:23: [WARNING] Could not route pads when parent footprints not rotated the same, footprint1: D82 at 76.0 degree(s) and footprint2: D83 at 104.0 degree(s)
13:32:23: [INFO] Routing pad 'D83:1' at (257296676, 133179997) with pad 'D84:1' at (294264943, 123962773) using coordinate system rotated by 256.0 degree(s)
13:32:23: [INFO] Adding track segment (B.Cu): [(257296676, 133179997), (294264942, 123962772)]
13:32:23: [INFO] Adding track segment (B.Cu): [(294264942, 123962772), (294264943, 123962773)]
13:32:23: [WARNING] Could not route pads when parent footprints not rotated the same, footprint1: D84 at 104.0 degree(s) and footprint2: D85 at 90.0 degree(s)
13:32:23: [INFO] Routing pad 'D85:1' at (333692500, 124462500) with pad 'D86:1' at (376555000, 124462500) using coordinate system rotated by 0 degree(s)
13:32:23: [INFO] Adding track segment (B.Cu): [(333692500, 124462500), (376555000, 124462500)]
13:32:23: [INFO] Could not add track segment due to detected collision
13:32:23: [INFO] Routing pad 'D86:1' at (376555000, 124462500) with pad 'D77:1' at (419417500, 124462500) using coordinate system rotated by 0 degree(s)
13:32:23: [INFO] Adding track segment (B.Cu): [(376555000, 124462500), (419417500, 124462500)]
13:32:23: [INFO] Routing pad 'D77:1' at (419417500, 124462500) with pad 'D78:1' at (457517500, 124462500) using coordinate system rotated by 0 degree(s)
13:32:23: [INFO] Adding track segment (B.Cu): [(419417500, 124462500), (457517500, 124462500)]
13:32:23: [INFO] Could not add track segment due to detected collision
13:32:23: [INFO] Routing COL2 pads
13:32:23: [INFO] Routing pad 'SW79a:1' at (41433750, 116522500) with pad 'SW79:1' at (50958750, 116522500) using coordinate system rotated by 0 degree(s)
13:32:23: [INFO] Adding track segment (F.Cu): [(41433750, 116522500), (50958750, 116522500)]
13:32:23: [INFO] Routing pad 'SW79:1' at (50958750, 116522500) with pad 'SW106:1' at (50958750, 135572500) using coordinate system rotated by 0 degree(s)
13:32:23: [INFO] Adding track segment (F.Cu): [(50958750, 116522500), (50958750, 135572500)]
13:32:23: [INFO] Could not add track segment due to detected collision
13:32:23: [INFO] Routing pad 'SW13:1' at (81915000, 35560000) with pad 'SW3:1' at (53340000, 35560000) using coordinate system rotated by 0 degree(s)
13:32:23: [INFO] Adding track segment (F.Cu): [(81915000, 35560000), (53340000, 35560000)]
13:32:23: [INFO] Routing pad 'SW89:1' at (62865000, 116522500) with pad 'SW69:1' at (60483750, 97472500) using coordinate system rotated by 0 degree(s)
13:32:23: [INFO] Adding track segment (F.Cu): [(62865000, 116522500), (60483750, 114141250)]
13:32:23: [INFO] Adding track segment (F.Cu): [(60483750, 114141250), (60483750, 97472500)]
13:32:23: [INFO] Routing pad 'SW79:1' at (50958750, 116522500) with pad 'SW89:1' at (62865000, 116522500) using coordinate system rotated by 0 degree(s)
13:32:23: [INFO] Adding track segment (F.Cu): [(50958750, 116522500), (62865000, 116522500)]
13:32:23: [INFO] Routing pad 'SW69:1' at (60483750, 97472500) with pad 'SW51:1' at (67627500, 78422500) using coordinate system rotated by 0 degree(s)
13:32:23: [INFO] Adding track segment (F.Cu): [(60483750, 97472500), (67627500, 90328750)]
13:32:23: [INFO] Adding track segment (F.Cu): [(67627500, 90328750), (67627500, 78422500)]
13:32:23: [INFO] Routing pad 'SW51:1' at (67627500, 78422500) with pad 'SW32:1' at (77152500, 59372500) using coordinate system rotated by 0 degree(s)
13:32:23: [INFO] Adding track segment (F.Cu): [(67627500, 78422500), (77152500, 68897500)]
13:32:23: [INFO] Adding track segment (F.Cu): [(77152500, 68897500), (77152500, 59372500)]
13:32:23: [INFO] Routing pad 'SW32:1' at (77152500, 59372500) with pad 'SW13:1' at (81915000, 35560000) using coordinate system rotated by 0 degree(s)
13:32:23: [INFO] Adding track segment (F.Cu): [(77152500, 59372500), (81915000, 54610000)]
13:32:24: [INFO] Adding track segment (F.Cu): [(81915000, 54610000), (81915000, 35560000)]
13:32:24: [INFO] Routing COL3 pads
13:32:24: [INFO] Routing pad 'SW98:1' at (74771250, 135572500) with pad 'SW80:1' at (81915000, 116522500) using coordinate system rotated by 0 degree(s)
13:32:24: [INFO] Adding track segment (F.Cu): [(74771250, 135572500), (81915000, 128428750)]
13:32:24: [INFO] Adding track segment (F.Cu): [(81915000, 128428750), (81915000, 116522500)]
13:32:24: [INFO] Routing pad 'SW80:1' at (81915000, 116522500) with pad 'SW61:1' at (86677500, 97472500) using coordinate system rotated by 0 degree(s)
13:32:24: [INFO] Adding track segment (F.Cu): [(81915000, 116522500), (86677500, 111760000)]
13:32:24: [INFO] Adding track segment (F.Cu): [(86677500, 111760000), (86677500, 97472500)]
13:32:24: [INFO] Routing pad 'SW61:1' at (86677500, 97472500) with pad 'SW42:1' at (91440000, 78422500) using coordinate system rotated by 0 degree(s)
13:32:24: [INFO] Adding track segment (F.Cu): [(86677500, 97472500), (91440000, 92710000)]
13:32:24: [INFO] Adding track segment (F.Cu): [(91440000, 92710000), (91440000, 78422500)]
13:32:24: [INFO] Routing pad 'SW42:1' at (91440000, 78422500) with pad 'SW23:1' at (96202500, 59372500) using coordinate system rotated by 0 degree(s)
13:32:24: [INFO] Adding track segment (F.Cu): [(91440000, 78422500), (96202500, 73660000)]
13:32:24: [INFO] Adding track segment (F.Cu): [(96202500, 73660000), (96202500, 59372500)]
13:32:24: [WARNING] Could not route pads when parent footprints not rotated the same, footprint1: SW14 at -14.0 degree(s) and footprint2: SW4 at 0.0 degree(s)
13:32:24: [INFO] Routing pad 'SW70:1' at (108784304, 98081732) with pad 'SW90:1' at (104175692, 116565866) using coordinate system rotated by 14.0 degree(s)
13:32:24: [INFO] Adding track segment (F.Cu): [(108784304, 98081732), (104175691, 116565865)]
13:32:24: [INFO] Adding track segment (F.Cu): [(104175691, 116565865), (104175692, 116565866)]
13:32:24: [INFO] Routing pad 'SW52:1' at (113392916, 79597599) with pad 'SW70:1' at (108784304, 98081732) using coordinate system rotated by 14.0 degree(s)
13:32:24: [INFO] Adding track segment (F.Cu): [(113392916, 79597599), (108784303, 98081731)]
13:32:24: [INFO] Adding track segment (F.Cu): [(108784303, 98081731), (108784304, 98081732)]
13:32:24: [INFO] Routing pad 'SW90:1' at (104175692, 116565866) with pad 'SW107:1' at (111119663, 137930382) using coordinate system rotated by 14.0 degree(s)
13:32:24: [INFO] Adding track segment (F.Cu): [(104175692, 116565866), (102447461, 123497415)]
13:32:24: [INFO] Adding track segment (F.Cu): [(102447461, 123497415), (111119663, 137930382)]
13:32:24: [INFO] Routing pad 'SW33:1' at (118001528, 61113465) with pad 'SW52:1' at (113392916, 79597599) using coordinate system rotated by 14.0 degree(s)
13:32:24: [INFO] Adding track segment (F.Cu): [(118001528, 61113465), (113392915, 79597597)]
13:32:24: [INFO] Adding track segment (F.Cu): [(113392915, 79597597), (113392916, 79597599)]
13:32:24: [WARNING] Could not route pads when parent footprints not rotated the same, footprint1: SW23 at 0.0 degree(s) and footprint2: SW33 at -14.0 degree(s)
13:32:24: [INFO] Routing pad 'SW33:1' at (118001528, 61113465) with pad 'SW14:1' at (123762293, 38008298) using coordinate system rotated by 14.0 degree(s)
13:32:24: [INFO] Adding track segment (F.Cu): [(118001528, 61113465), (123762292, 38008297)]
13:32:24: [INFO] Adding track segment (F.Cu): [(123762292, 38008297), (123762293, 38008298)]
13:32:24: [INFO] Routing ROW6 pads
13:32:24: [WARNING] Could not route pads when parent footprints not rotated the same, footprint1: D61 at 90.0 degree(s) and footprint2: D62 at 76.0 degree(s)
13:32:24: [INFO] Routing pad 'D62:1' at (134526539, 110327083) with pad 'D63:1' at (170342653, 124165340) using coordinate system rotated by 284.0 degree(s)
13:32:24: [INFO] Adding track segment (B.Cu): [(134526539, 110327083), (137995418, 116100268)]
13:32:24: [INFO] Adding track segment (B.Cu): [(137995418, 116100268), (170342653, 124165340)]
13:32:24: [WARNING] Could not route pads when parent footprints not rotated the same, footprint1: D63 at 76.0 degree(s) and footprint2: D64 at 104.0 degree(s)
13:32:24: [INFO] Routing pad 'D64:1' at (252688064, 114695864) with pad 'D65:1' at (289656331, 105478639) using coordinate system rotated by 256.0 degree(s)
13:32:24: [INFO] Adding track segment (B.Cu): [(252688064, 114695864), (289656329, 105478640)]
13:32:24: [INFO] Adding track segment (B.Cu): [(289656329, 105478640), (289656331, 105478639)]
13:32:24: [WARNING] Could not route pads when parent footprints not rotated the same, footprint1: D65 at 104.0 degree(s) and footprint2: D66 at 90.0 degree(s)
13:32:24: [INFO] Routing pad 'D66:1' at (328930000, 105412500) with pad 'D59:1' at (419417500, 105412500) using coordinate system rotated by 0 degree(s)
13:32:24: [INFO] Adding track segment (B.Cu): [(328930000, 105412500), (419417500, 105412500)]
13:32:24: [INFO] Could not add track segment due to detected collision
13:32:24: [INFO] Routing pad 'D59:1' at (419417500, 105412500) with pad 'D60:1' at (457517500, 105412500) using coordinate system rotated by 0 degree(s)
13:32:24: [INFO] Adding track segment (B.Cu): [(419417500, 105412500), (457517500, 105412500)]
13:32:24: [INFO] Could not add track segment due to detected collision
13:32:24: [INFO] Routing COL5 pads
13:32:24: [INFO] Routing pad 'SW82:1' at (159028973, 132794640) with pad 'SW63:1' at (163637585, 114310506) using coordinate system rotated by 14.0 degree(s)
13:32:24: [INFO] Adding track segment (F.Cu): [(159028973, 132794640), (163637584, 114310505)]
13:32:24: [INFO] Adding track segment (F.Cu): [(163637584, 114310505), (163637585, 114310506)]
13:32:24: [INFO] Routing pad 'SW63:1' at (163637585, 114310506) with pad 'SW44:1' at (168246197, 95826373) using coordinate system rotated by 14.0 degree(s)
13:32:24: [INFO] Adding track segment (F.Cu): [(163637585, 114310506), (168246196, 95826372)]
13:32:24: [INFO] Adding track segment (F.Cu): [(168246196, 95826372), (168246197, 95826373)]
13:32:24: [INFO] Routing pad 'SW44:1' at (168246197, 95826373) with pad 'SW25:1' at (172854809, 77342239) using coordinate system rotated by 14.0 degree(s)
13:32:24: [INFO] Adding track segment (F.Cu): [(168246197, 95826373), (172854808, 77342237)]
13:32:24: [INFO] Adding track segment (F.Cu): [(172854808, 77342237), (172854809, 77342239)]
13:32:24: [INFO] Routing pad 'SW82:1' at (159028973, 132794640) with pad 'SW100:1' at (177513106, 137403252) using coordinate system rotated by 14.0 degree(s)
13:32:24: [INFO] Adding track segment (F.Cu): [(159028973, 132794640), (177513105, 137403251)]
13:32:24: [INFO] Adding track segment (F.Cu): [(177513105, 137403251), (177513106, 137403252)]
13:32:24: [INFO] Routing pad 'SW25:1' at (172854809, 77342239) with pad 'SW6:1' at (178615574, 54237072) using coordinate system rotated by 14.0 degree(s)
13:32:24: [INFO] Adding track segment (F.Cu): [(172854809, 77342239), (178615573, 54237071)]
13:32:24: [INFO] Adding track segment (F.Cu): [(178615573, 54237071), (178615574, 54237072)]
13:32:24: [WARNING] Could not route pads when parent footprints not rotated the same, footprint1: SW6 at -14.0 degree(s) and footprint2: SW16 at 14.0 degree(s)
13:32:24: [INFO] Routing pad 'SW92:1' at (228864874, 134638085) with pad 'SW109:1' at (210380741, 139246697) using coordinate system rotated by 346.0 degree(s)
13:32:24: [INFO] Adding track segment (F.Cu): [(228864874, 134638085), (210380739, 139246696)]
13:32:24: [INFO] Adding track segment (F.Cu): [(210380739, 139246696), (210380741, 139246697)]
13:32:24: [INFO] Routing pad 'SW16:1' at (209278273, 56080517) with pad 'SW35:1' at (215039038, 79185684) using coordinate system rotated by 346.0 degree(s)
13:32:24: [INFO] Adding track segment (F.Cu): [(209278273, 56080517), (215039037, 79185683)]
13:32:24: [INFO] Adding track segment (F.Cu): [(215039037, 79185683), (215039038, 79185684)]
13:32:24: [INFO] Routing pad 'SW35:1' at (215039038, 79185684) with pad 'SW54:1' at (219647650, 97669818) using coordinate system rotated by 346.0 degree(s)
13:32:24: [INFO] Adding track segment (F.Cu): [(215039038, 79185684), (219647649, 97669817)]
13:32:24: [INFO] Adding track segment (F.Cu): [(219647649, 97669817), (219647650, 97669818)]
13:32:24: [INFO] Routing pad 'SW54:1' at (219647650, 97669818) with pad 'SW72:1' at (224256262, 116153951) using coordinate system rotated by 346.0 degree(s)
13:32:24: [INFO] Adding track segment (F.Cu): [(219647650, 97669818), (224256261, 116153950)]
13:32:24: [INFO] Adding track segment (F.Cu): [(224256261, 116153950), (224256262, 116153951)]
13:32:24: [INFO] Routing pad 'SW72:1' at (224256262, 116153951) with pad 'SW92:1' at (228864874, 134638085) using coordinate system rotated by 346.0 degree(s)
13:32:24: [INFO] Adding track segment (F.Cu): [(224256262, 116153951), (228864873, 134638084)]
13:32:24: [INFO] Adding track segment (F.Cu): [(228864873, 134638084), (228864874, 134638085)]
13:32:24: [INFO] Routing ROW1 pads
13:32:24: [WARNING] Could not route pads when parent footprints not rotated the same, footprint1: D13 at 90.0 degree(s) and footprint2: D14 at 76.0 degree(s)
13:32:24: [INFO] Routing pad 'D14:1' at (130467361, 47863132) with pad 'D15:1' at (167435628, 57080357) using coordinate system rotated by 284.0 degree(s)
13:32:24: [INFO] Adding track segment (B.Cu): [(130467361, 47863132), (167435627, 57080355)]
13:32:24: [INFO] Adding track segment (B.Cu): [(167435627, 57080355), (167435628, 57080357)]
13:32:24: [WARNING] Could not route pads when parent footprints not rotated the same, footprint1: D15 at 76.0 degree(s) and footprint2: D16 at 104.0 degree(s)
13:32:24: [INFO] Routing pad 'D16:1' at (219825061, 61633979) with pad 'D17:1' at (255641175, 47795721) using coordinate system rotated by 256.0 degree(s)
13:32:24: [INFO] Adding track segment (B.Cu): [(219825061, 61633979), (252172294, 53568907)]
13:32:24: [INFO] Adding track segment (B.Cu): [(252172294, 53568907), (255641175, 47795721)]
13:32:24: [WARNING] Could not route pads when parent footprints not rotated the same, footprint1: D17 at 104.0 degree(s) and footprint2: D18 at 90.0 degree(s)
13:32:24: [INFO] Routing pad 'D18:1' at (295592500, 43500000) with pad 'D19:1' at (338455000, 43500000) using coordinate system rotated by 0 degree(s)
13:32:24: [INFO] Adding track segment (B.Cu): [(295592500, 43500000), (338455000, 43500000)]
13:32:24: [INFO] Could not add track segment due to detected collision
13:32:24: [INFO] Routing pad 'D19:1' at (338455000, 43500000) with pad 'D20:1' at (376555000, 43500000) using coordinate system rotated by 0 degree(s)
13:32:24: [INFO] Adding track segment (B.Cu): [(338455000, 43500000), (376555000, 43500000)]
13:32:24: [INFO] Could not add track segment due to detected collision
13:32:24: [INFO] Routing pad 'D20:1' at (376555000, 43500000) with pad 'D11:1' at (438467500, 43500000) using coordinate system rotated by 0 degree(s)
13:32:24: [INFO] Adding track segment (B.Cu): [(376555000, 43500000), (438467500, 43500000)]
13:32:24: [INFO] Could not add track segment due to detected collision
13:32:24: [INFO] Routing pad 'D11:1' at (438467500, 43500000) with pad 'D12:1' at (476567500, 43500000) using coordinate system rotated by 0 degree(s)
13:32:24: [INFO] Adding track segment (B.Cu): [(438467500, 43500000), (476567500, 43500000)]
13:32:24: [INFO] Could not add track segment due to detected collision
13:32:24: [INFO] Routing ROW10 pads
13:32:24: [WARNING] Could not route pads when parent footprints not rotated the same, footprint1: D98 at 90.0 degree(s) and footprint2: D99 at 76.0 degree(s)
13:32:24: [INFO] Routing pad 'D99:1' at (140929898, 153545981) with pad 'D100:1' at (184218174, 147258086) using coordinate system rotated by 284.0 degree(s)
13:32:24: [WARNING] Could not route pads when parent footprints not rotated the same, footprint1: D100 at 76.0 degree(s) and footprint2: D101 at 104.0 degree(s)
13:32:24: [WARNING] Could not route pads when parent footprints not rotated the same, footprint1: D101 at 104.0 degree(s) and footprint2: D102 at 90.0 degree(s)
13:32:24: [INFO] Routing pad 'D102:1' at (336073750, 143512500) with pad 'D103:1' at (376555000, 143512500) using coordinate system rotated by 0 degree(s)
13:32:24: [INFO] Adding track segment (B.Cu): [(336073750, 143512500), (376555000, 143512500)]
13:32:24: [INFO] Could not add track segment due to detected collision
13:32:24: [INFO] Routing pad 'D103:1' at (376555000, 143512500) with pad 'D96:1' at (419417500, 143512500) using coordinate system rotated by 0 degree(s)
13:32:24: [INFO] Adding track segment (B.Cu): [(376555000, 143512500), (419417500, 143512500)]
13:32:24: [INFO] Could not add track segment due to detected collision
13:32:24: [INFO] Routing pad 'D96:1' at (419417500, 143512500) with pad 'D97:1' at (457517500, 143512500) using coordinate system rotated by 0 degree(s)
13:32:24: [INFO] Adding track segment (B.Cu): [(419417500, 143512500), (457517500, 143512500)]
13:32:24: [INFO] Could not add track segment due to detected collision
13:32:24: [INFO] Routing COL1 pads
13:32:24: [INFO] Routing pad 'SW2:1' at (448627500, 35560000) with pad 'SW22:1' at (448627500, 59372500) using coordinate system rotated by 0 degree(s)
13:32:24: [INFO] Adding track segment (F.Cu): [(448627500, 35560000), (448627500, 59372500)]
13:32:24: [INFO] Routing pad 'SW22:1' at (448627500, 59372500) with pad 'SW41:1' at (448627500, 78422500) using coordinate system rotated by 0 degree(s)
13:32:24: [INFO] Adding track segment (F.Cu): [(448627500, 59372500), (448627500, 78422500)]
13:32:24: [INFO] Routing pad 'SW41:1' at (448627500, 78422500) with pad 'SW60:1' at (448627500, 97472500) using coordinate system rotated by 0 degree(s)
13:32:24: [INFO] Adding track segment (F.Cu): [(448627500, 78422500), (448627500, 97472500)]
13:32:24: [INFO] Routing pad 'SW60:1' at (448627500, 97472500) with pad 'SW78:1' at (448627500, 116522500) using coordinate system rotated by 0 degree(s)
13:32:24: [INFO] Adding track segment (F.Cu): [(448627500, 97472500), (448627500, 116522500)]
13:32:24: [INFO] Routing pad 'SW78:1' at (448627500, 116522500) with pad 'SW97:1' at (448627500, 135572500) using coordinate system rotated by 0 degree(s)
13:32:24: [INFO] Adding track segment (F.Cu): [(448627500, 116522500), (448627500, 135572500)]
13:32:24: [INFO] Routing pad 'SW2:1' at (448627500, 35560000) with pad 'SW12:1' at (467677500, 35560000) using coordinate system rotated by 0 degree(s)
13:32:24: [INFO] Adding track segment (F.Cu): [(448627500, 35560000), (467677500, 35560000)]
13:32:24: [INFO] Routing pad 'SW22:1' at (448627500, 59372500) with pad 'SW31:1' at (467677500, 59372500) using coordinate system rotated by 0 degree(s)
13:32:24: [INFO] Adding track segment (F.Cu): [(448627500, 59372500), (467677500, 59372500)]
13:32:24: [INFO] Routing pad 'SW41:1' at (448627500, 78422500) with pad 'SW50a:1' at (467677500, 78422500) using coordinate system rotated by 0 degree(s)
13:32:24: [INFO] Adding track segment (F.Cu): [(448627500, 78422500), (467677500, 78422500)]
13:32:24: [INFO] Could not add track segment due to detected collision
13:32:24: [INFO] Routing pad 'SW50a:1' at (467677500, 78422500) with pad 'SW50:1' at (467677500, 87947500) using coordinate system rotated by 0 degree(s)
13:32:24: [INFO] Adding track segment (F.Cu): [(467677500, 78422500), (467677500, 87947500)]
13:32:25: [INFO] Routing pad 'SW50:1' at (467677500, 87947500) with pad 'SW68:1' at (467677500, 97472500) using coordinate system rotated by 0 degree(s)
13:32:25: [INFO] Adding track segment (F.Cu): [(467677500, 87947500), (467677500, 97472500)]
13:32:25: [INFO] Routing pad 'SW78:1' at (448627500, 116522500) with pad 'SW88:1' at (467677500, 116522500) using coordinate system rotated by 0 degree(s)
13:32:25: [INFO] Adding track segment (F.Cu): [(448627500, 116522500), (467677500, 116522500)]
13:32:25: [INFO] Could not add track segment due to detected collision
13:32:25: [INFO] Routing pad 'SW88:1' at (467677500, 116522500) with pad 'SW105:1' at (467677500, 126047500) using coordinate system rotated by 0 degree(s)
13:32:25: [INFO] Adding track segment (F.Cu): [(467677500, 116522500), (467677500, 126047500)]
13:32:25: [INFO] Routing pad 'SW105:1' at (467677500, 126047500) with pad 'SW105a:1' at (467677500, 135572500) using coordinate system rotated by 0 degree(s)
13:32:25: [INFO] Adding track segment (F.Cu): [(467677500, 126047500), (467677500, 135572500)]
13:32:25: [INFO] Routing ROW3 pads
13:32:25: [WARNING] Could not route pads when parent footprints not rotated the same, footprint1: D32 at 90.0 degree(s) and footprint2: D33 at 76.0 degree(s)
13:32:25: [INFO] Routing pad 'D33:1' at (124706596, 70968299) with pad 'D34:1' at (161674863, 80185523) using coordinate system rotated by 284.0 degree(s)
13:32:25: [INFO] Adding track segment (B.Cu): [(124706596, 70968299), (161674861, 80185522)]
13:32:25: [INFO] Adding track segment (B.Cu): [(161674861, 80185522), (161674863, 80185523)]
13:32:25: [WARNING] Could not route pads when parent footprints not rotated the same, footprint1: D34 at 76.0 degree(s) and footprint2: D35 at 104.0 degree(s)
13:32:25: [INFO] Routing pad 'D35:1' at (225585826, 84739146) with pad 'D36:1' at (261401940, 70900888) using coordinate system rotated by 256.0 degree(s)
13:32:25: [INFO] Adding track segment (B.Cu): [(225585826, 84739146), (257933058, 76674074)]
13:32:25: [INFO] Adding track segment (B.Cu): [(257933058, 76674074), (261401940, 70900888)]
13:32:25: [WARNING] Could not route pads when parent footprints not rotated the same, footprint1: D36 at 104.0 degree(s) and footprint2: D37 at 90.0 degree(s)
13:32:25: [INFO] Routing pad 'D37:1' at (300355000, 67312500) with pad 'D38:1' at (338455000, 67312500) using coordinate system rotated by 0 degree(s)
13:32:25: [INFO] Adding track segment (B.Cu): [(300355000, 67312500), (338455000, 67312500)]
13:32:25: [INFO] Could not add track segment due to detected collision
13:32:25: [INFO] Routing pad 'D38:1' at (338455000, 67312500) with pad 'D39:1' at (376555000, 67312500) using coordinate system rotated by 0 degree(s)
13:32:25: [INFO] Adding track segment (B.Cu): [(338455000, 67312500), (376555000, 67312500)]
13:32:25: [INFO] Could not add track segment due to detected collision
13:32:25: [INFO] Routing pad 'D39:1' at (376555000, 67312500) with pad 'D30:1' at (438467500, 67312500) using coordinate system rotated by 0 degree(s)
13:32:25: [INFO] Adding track segment (B.Cu): [(376555000, 67312500), (438467500, 67312500)]
13:32:25: [INFO] Could not add track segment due to detected collision
13:32:25: [INFO] Routing pad 'D30:1' at (438467500, 67312500) with pad 'D31:1' at (476567500, 67312500) using coordinate system rotated by 0 degree(s)
13:32:25: [INFO] Adding track segment (B.Cu): [(438467500, 67312500), (476567500, 67312500)]
13:32:25: [INFO] Could not add track segment due to detected collision
13:32:25: [INFO] Routing COL8 pads
13:32:25: [INFO] Routing pad 'SW38:1' at (329565000, 59372500) with pad 'SW28:1' at (310515000, 59372500) using coordinate system rotated by 0 degree(s)
13:32:25: [INFO] Adding track segment (F.Cu): [(329565000, 59372500), (310515000, 59372500)]
13:32:25: [INFO] Routing pad 'SW28:1' at (310515000, 59372500) with pad 'SW47:1' at (315277500, 78422500) using coordinate system rotated by 0 degree(s)
13:32:25: [INFO] Adding track segment (F.Cu): [(310515000, 59372500), (310515000, 73660000)]
13:32:25: [INFO] Adding track segment (F.Cu): [(310515000, 73660000), (315277500, 78422500)]
13:32:25: [INFO] Routing pad 'SW47:1' at (315277500, 78422500) with pad 'SW66:1' at (320040000, 97472500) using coordinate system rotated by 0 degree(s)
13:32:25: [INFO] Adding track segment (F.Cu): [(315277500, 78422500), (315277500, 92710000)]
13:32:25: [INFO] Adding track segment (F.Cu): [(315277500, 92710000), (320040000, 97472500)]
13:32:25: [INFO] Routing pad 'SW95:1' at (336708750, 116522500) with pad 'SW85:1' at (324802500, 116522500) using coordinate system rotated by 0 degree(s)
13:32:25: [INFO] Adding track segment (F.Cu): [(336708750, 116522500), (324802500, 116522500)]
13:32:25: [INFO] Routing pad 'SW85:1' at (324802500, 116522500) with pad 'SW102:1' at (327183750, 135572500) using coordinate system rotated by 0 degree(s)
13:32:25: [INFO] Adding track segment (F.Cu): [(324802500, 116522500), (324802500, 133191250)]
13:32:25: [INFO] Adding track segment (F.Cu): [(324802500, 133191250), (327183750, 135572500)]
13:32:25: [INFO] Routing pad 'SW9:1' at (305752500, 35560000) with pad 'SW19:1' at (329565000, 35560000) using coordinate system rotated by 0 degree(s)
13:32:25: [INFO] Adding track segment (F.Cu): [(305752500, 35560000), (329565000, 35560000)]
13:32:25: [INFO] Routing pad 'SW19:1' at (329565000, 35560000) with pad 'SW38:1' at (329565000, 59372500) using coordinate system rotated by 0 degree(s)
13:32:25: [INFO] Adding track segment (F.Cu): [(329565000, 35560000), (329565000, 59372500)]
13:32:25: [INFO] Routing pad 'SW47:1' at (315277500, 78422500) with pad 'SW57:1' at (334327500, 78422500) using coordinate system rotated by 0 degree(s)
13:32:25: [INFO] Adding track segment (F.Cu): [(315277500, 78422500), (334327500, 78422500)]
13:32:25: [INFO] Routing pad 'SW75:1' at (339090000, 97472500) with pad 'SW95:1' at (336708750, 116522500) using coordinate system rotated by 0 degree(s)
13:32:25: [INFO] Adding track segment (F.Cu): [(339090000, 97472500), (339090000, 114141250)]
13:32:25: [INFO] Adding track segment (F.Cu): [(339090000, 114141250), (336708750, 116522500)]
13:32:25: [INFO] Routing pad 'SW66:1' at (320040000, 97472500) with pad 'SW75:1' at (339090000, 97472500) using coordinate system rotated by 0 degree(s)
13:32:25: [INFO] Adding track segment (F.Cu): [(320040000, 97472500), (339090000, 97472500)]
13:32:25: [INFO] Routing pad 'SW95:1' at (336708750, 116522500) with pad 'SW95a:1' at (346233750, 116522500) using coordinate system rotated by 0 degree(s)
13:32:25: [INFO] Adding track segment (F.Cu): [(336708750, 116522500), (346233750, 116522500)]
13:32:25: [INFO] Routing pad 'SW95a:1' at (346233750, 116522500) with pad 'SW112:1' at (348615000, 135572500) using coordinate system rotated by 0 degree(s)
13:32:25: [INFO] Routing ROW9 pads
13:32:25: [WARNING] Could not route pads when parent footprints not rotated the same, footprint1: D89 at 90.0 degree(s) and footprint2: D90 at 76.0 degree(s)
13:32:25: [INFO] Routing pad 'D90:1' at (110880760, 126420700) with pad 'D91:1' at (147849027, 135637924) using coordinate system rotated by 284.0 degree(s)
13:32:25: [WARNING] Could not route pads when parent footprints not rotated the same, footprint1: D91 at 76.0 degree(s) and footprint2: D92 at 104.0 degree(s)
13:32:25: [INFO] Routing pad 'D92:1' at (239411662, 140191547) with pad 'D93:1' at (275227776, 126353289) using coordinate system rotated by 256.0 degree(s)
13:32:25: [WARNING] Could not route pads when parent footprints not rotated the same, footprint1: D93 at 104.0 degree(s) and footprint2: D94 at 90.0 degree(s)
13:32:25: [INFO] Routing pad 'D94:1' at (314642500, 124462500) with pad 'D95:1' at (345598750, 124462500) using coordinate system rotated by 0 degree(s)
13:32:25: [INFO] Adding track segment (B.Cu): [(314642500, 124462500), (345598750, 124462500)]
13:32:25: [INFO] Could not add track segment due to detected collision
13:32:25: [INFO] Routing pad 'D95:1' at (345598750, 124462500) with pad 'D87:1' at (438467500, 124462500) using coordinate system rotated by 0 degree(s)
13:32:25: [INFO] Adding track segment (B.Cu): [(345598750, 124462500), (438467500, 124462500)]
13:32:25: [INFO] Could not add track segment due to detected collision
13:32:25: [INFO] Routing pad 'D87:1' at (438467500, 124462500) with pad 'D88:1' at (476567500, 124462500) using coordinate system rotated by 0 degree(s)
13:32:25: [INFO] Adding track segment (B.Cu): [(438467500, 124462500), (476567500, 124462500)]
13:32:25: [INFO] Could not add track segment due to detected collision
13:32:25: [INFO] Routing ROW7 pads
13:32:25: [WARNING] Could not route pads when parent footprints not rotated the same, footprint1: D69 at 90.0 degree(s) and footprint2: D70 at 76.0 degree(s)
13:32:25: [INFO] Routing pad 'D70:1' at (115489372, 107936566) with pad 'D71:1' at (152457639, 117153791) using coordinate system rotated by 284.0 degree(s)
13:32:25: [WARNING] Could not route pads when parent footprints not rotated the same, footprint1: D71 at 76.0 degree(s) and footprint2: D72 at 104.0 degree(s)
13:32:25: [INFO] Routing pad 'D72:1' at (234803050, 121707413) with pad 'D73:1' at (270619164, 107869156) using coordinate system rotated by 256.0 degree(s)
13:32:25: [WARNING] Could not route pads when parent footprints not rotated the same, footprint1: D73 at 104.0 degree(s) and footprint2: D74 at 90.0 degree(s)
13:32:25: [INFO] Routing pad 'D74:1' at (309880000, 105412500) with pad 'D75:1' at (347980000, 105412500) using coordinate system rotated by 0 degree(s)
13:32:25: [INFO] Adding track segment (B.Cu): [(309880000, 105412500), (347980000, 105412500)]
13:32:25: [INFO] Could not add track segment due to detected collision
13:32:25: [INFO] Routing pad 'D75:1' at (347980000, 105412500) with pad 'D76:1' at (359886250, 105412500) using coordinate system rotated by 0 degree(s)
13:32:25: [INFO] Adding track segment (B.Cu): [(347980000, 105412500), (359886250, 105412500)]
13:32:25: [INFO] Routing pad 'D76:1' at (359886250, 105412500) with pad 'D67:1' at (438467500, 105412500) using coordinate system rotated by 0 degree(s)
13:32:25: [INFO] Adding track segment (B.Cu): [(359886250, 105412500), (438467500, 105412500)]
13:32:25: [INFO] Could not add track segment due to detected collision
13:32:25: [INFO] Routing pad 'D67:1' at (438467500, 105412500) with pad 'D68:1' at (476567500, 105412500) using coordinate system rotated by 0 degree(s)
13:32:25: [INFO] Adding track segment (B.Cu): [(438467500, 105412500), (476567500, 105412500)]
13:32:25: [INFO] Could not add track segment due to detected collision
13:32:25: [INFO] Routing ROW4 pads
13:32:25: [WARNING] Could not route pads when parent footprints not rotated the same, footprint1: D42 at 90.0 degree(s) and footprint2: D43 at 76.0 degree(s)
13:32:25: [INFO] Routing pad 'D43:1' at (139135151, 91842949) with pad 'D44:1' at (174951265, 105681207) using coordinate system rotated by 284.0 degree(s)
13:32:25: [INFO] Adding track segment (B.Cu): [(139135151, 91842949), (142604030, 97616134)]
13:32:25: [INFO] Adding track segment (B.Cu): [(142604030, 97616134), (174951265, 105681207)]
13:32:25: [WARNING] Could not route pads when parent footprints not rotated the same, footprint1: D44 at 76.0 degree(s) and footprint2: D45 at 104.0 degree(s)
13:32:25: [INFO] Routing pad 'D45:1' at (248079452, 96211730) with pad 'D46:1' at (285047719, 86994506) using coordinate system rotated by 256.0 degree(s)
13:32:25: [INFO] Adding track segment (B.Cu): [(248079452, 96211730), (285047718, 86994505)]
13:32:25: [INFO] Adding track segment (B.Cu): [(285047718, 86994505), (285047719, 86994506)]
13:32:25: [WARNING] Could not route pads when parent footprints not rotated the same, footprint1: D46 at 104.0 degree(s) and footprint2: D47 at 90.0 degree(s)
13:32:25: [INFO] Routing pad 'D47:1' at (324167500, 86362500) with pad 'D48:1' at (367030000, 86362500) using coordinate system rotated by 0 degree(s)
13:32:25: [INFO] Adding track segment (B.Cu): [(324167500, 86362500), (367030000, 86362500)]
13:32:25: [INFO] Could not add track segment due to detected collision
13:32:25: [INFO] Routing pad 'D48:1' at (367030000, 86362500) with pad 'D40:1' at (419417500, 86362500) using coordinate system rotated by 0 degree(s)
13:32:25: [INFO] Adding track segment (B.Cu): [(367030000, 86362500), (419417500, 86362500)]
13:32:25: [INFO] Could not add track segment due to detected collision
13:32:25: [INFO] Routing pad 'D40:1' at (419417500, 86362500) with pad 'D41:1' at (457517500, 86362500) using coordinate system rotated by 0 degree(s)
13:32:25: [INFO] Adding track segment (B.Cu): [(419417500, 86362500), (457517500, 86362500)]
13:32:25: [INFO] Could not add track segment due to detected collision
13:32:25: [INFO] Routing COL4 pads
13:32:25: [INFO] Routing pad 'SW81:1' at (123212859, 118956382) with pad 'SW62:1' at (127821471, 100472249) using coordinate system rotated by 14.0 degree(s)
13:32:25: [INFO] Adding track segment (F.Cu): [(123212859, 118956382), (127821470, 100472248)]
13:32:25: [INFO] Adding track segment (F.Cu): [(127821470, 100472248), (127821471, 100472249)]
13:32:25: [INFO] Routing pad 'SW62:1' at (127821471, 100472249) with pad 'SW43:1' at (132430083, 81988115) using coordinate system rotated by 14.0 degree(s)
13:32:25: [INFO] Adding track segment (F.Cu): [(127821471, 100472249), (132430082, 81988113)]
13:32:25: [INFO] Adding track segment (F.Cu): [(132430082, 81988113), (132430083, 81988115)]
13:32:25: [INFO] Routing pad 'SW91:1' at (141143959, 125783090) with pad 'SW99:1' at (134224830, 143691147) using coordinate system rotated by 14.0 degree(s)
13:32:25: [INFO] Adding track segment (F.Cu): [(141143959, 125783090), (137111422, 141956706)]
13:32:25: [INFO] Adding track segment (F.Cu): [(137111422, 141956706), (134224830, 143691147)]
13:32:25: [INFO] Routing pad 'SW43:1' at (132430083, 81988115) with pad 'SW24:1' at (137038695, 63503981) using coordinate system rotated by 14.0 degree(s)
13:32:25: [INFO] Adding track segment (F.Cu): [(132430083, 81988115), (137038694, 63503980)]
13:32:25: [INFO] Adding track segment (F.Cu): [(137038694, 63503980), (137038695, 63503981)]
13:32:25: [INFO] Routing pad 'SW81:1' at (123212859, 118956382) with pad 'SW91:1' at (141143959, 125783090) using coordinate system rotated by 14.0 degree(s)
13:32:25: [INFO] Adding track segment (F.Cu): [(123212859, 118956382), (139478895, 123011959)]
13:32:25: [INFO] Adding track segment (F.Cu): [(139478895, 123011959), (141143959, 125783090)]
13:32:25: [INFO] Routing pad 'SW24:1' at (137038695, 63503981) with pad 'SW5:1' at (142799460, 40398814) using coordinate system rotated by 14.0 degree(s)
13:32:25: [INFO] Adding track segment (F.Cu): [(137038695, 63503981), (142799459, 40398813)]
13:32:25: [INFO] Adding track segment (F.Cu): [(142799459, 40398813), (142799460, 40398814)]
13:32:25: [INFO] Routing pad 'SW91:1' at (141143959, 125783090) with pad 'SW71:1' at (145752571, 107298957) using coordinate system rotated by 14.0 degree(s)
13:32:25: [INFO] Adding track segment (F.Cu): [(141143959, 125783090), (145752570, 107298956)]
13:32:25: [INFO] Adding track segment (F.Cu): [(145752570, 107298956), (145752571, 107298957)]
13:32:25: [INFO] Routing pad 'SW71:1' at (145752571, 107298957) with pad 'SW53:1' at (150361183, 88814823) using coordinate system rotated by 14.0 degree(s)
13:32:25: [INFO] Adding track segment (F.Cu): [(145752571, 107298957), (150361182, 88814822)]
13:32:25: [INFO] Adding track segment (F.Cu): [(150361182, 88814822), (150361183, 88814823)]
13:32:25: [INFO] Routing pad 'SW53:1' at (150361183, 88814823) with pad 'SW34:1' at (154969795, 70330689) using coordinate system rotated by 14.0 degree(s)
13:32:25: [INFO] Adding track segment (F.Cu): [(150361183, 88814823), (154969794, 70330688)]
13:32:25: [INFO] Adding track segment (F.Cu): [(154969794, 70330688), (154969795, 70330689)]
13:32:25: [INFO] Routing pad 'SW5:1' at (142799460, 40398814) with pad 'SW15:1' at (160730560, 47225523) using coordinate system rotated by 14.0 degree(s)
13:32:25: [INFO] Adding track segment (F.Cu): [(142799460, 40398814), (159065496, 44454391)]
13:32:25: [INFO] Adding track segment (F.Cu): [(159065496, 44454391), (160730560, 47225523)]
13:32:25: [INFO] Routing pad 'SW99:1' at (134224830, 143691147) with pad 'SW108:1' at (163662427, 153583079) using coordinate system rotated by 14.0 degree(s)
13:32:25: [INFO] Adding track segment (F.Cu): [(134224830, 143691147), (161858609, 150581021)]
13:32:25: [INFO] Adding track segment (F.Cu): [(161858609, 150581021), (163662427, 153583079)]
13:32:25: [INFO] Routing ROW2 pads
13:32:25: [WARNING] Could not route pads when parent footprints not rotated the same, footprint1: D23 at 90.0 degree(s) and footprint2: D24 at 76.0 degree(s)
13:32:25: [INFO] Routing pad 'D24:1' at (143743763, 73358815) with pad 'D25:1' at (179559877, 87197073) using coordinate system rotated by 284.0 degree(s)
13:32:25: [WARNING] Could not route pads when parent footprints not rotated the same, footprint1: D25 at 76.0 degree(s) and footprint2: D26 at 104.0 degree(s)
13:32:25: [INFO] Routing pad 'D26:1' at (243470840, 77727596) with pad 'D27:1' at (280439107, 68510372) using coordinate system rotated by 256.0 degree(s)
13:32:25: [WARNING] Could not route pads when parent footprints not rotated the same, footprint1: D27 at 104.0 degree(s) and footprint2: D28 at 90.0 degree(s)
13:32:25: [INFO] Routing pad 'D28:1' at (319405000, 67312500) with pad 'D29:1' at (367030000, 67312500) using coordinate system rotated by 0 degree(s)
13:32:25: [INFO] Adding track segment (B.Cu): [(319405000, 67312500), (367030000, 67312500)]
13:32:25: [INFO] Could not add track segment due to detected collision
13:32:25: [INFO] Routing pad 'D29:1' at (367030000, 67312500) with pad 'D21:1' at (419417500, 67312500) using coordinate system rotated by 0 degree(s)
13:32:25: [INFO] Adding track segment (B.Cu): [(367030000, 67312500), (419417500, 67312500)]
13:32:25: [INFO] Could not add track segment due to detected collision
13:32:25: [INFO] Routing pad 'D21:1' at (419417500, 67312500) with pad 'D22:1' at (457517500, 67312500) using coordinate system rotated by 0 degree(s)
13:32:25: [INFO] Adding track segment (B.Cu): [(419417500, 67312500), (457517500, 67312500)]
13:32:25: [INFO] Could not add track segment due to detected collision
13:32:25: [INFO] Routing COL9 pads
13:32:25: [INFO] Routing pad 'SW10:1' at (348615000, 35560000) with pad 'SW29a:1' at (348615000, 59372500) using coordinate system rotated by 0 degree(s)
13:32:25: [INFO] Adding track segment (F.Cu): [(348615000, 35560000), (348615000, 59372500)]
13:32:26: [INFO] Could not add track segment due to detected collision
13:32:26: [INFO] Routing pad 'SW76a:1' at (360521250, 87947500) with pad 'SW76:1' at (350996250, 97472500) using coordinate system rotated by 0 degree(s)
13:32:26: [INFO] Adding track segment (F.Cu): [(360521250, 87947500), (360521250, 87947500)]
13:32:26: [INFO] Adding track segment (F.Cu): [(360521250, 87947500), (350996250, 97472500)]
13:32:26: [INFO] Routing pad 'SW29a:1' at (348615000, 59372500) with pad 'SW29:1' at (358140000, 59372500) using coordinate system rotated by 0 degree(s)
13:32:26: [INFO] Adding track segment (F.Cu): [(348615000, 59372500), (358140000, 59372500)]
13:32:26: [INFO] Routing pad 'SW29:1' at (358140000, 59372500) with pad 'SW48:1' at (358140000, 78422500) using coordinate system rotated by 0 degree(s)
13:32:26: [INFO] Adding track segment (F.Cu): [(358140000, 59372500), (358140000, 78422500)]
13:32:26: [INFO] Could not add track segment due to detected collision
13:32:26: [INFO] Routing pad 'SW48:1' at (358140000, 78422500) with pad 'SW76a:1' at (360521250, 87947500) using coordinate system rotated by 0 degree(s)
13:32:26: [INFO] Routing pad 'SW10:1' at (348615000, 35560000) with pad 'SW20:1' at (367665000, 35560000) using coordinate system rotated by 0 degree(s)
13:32:26: [INFO] Adding track segment (F.Cu): [(348615000, 35560000), (367665000, 35560000)]
13:32:26: [INFO] Routing pad 'SW29:1' at (358140000, 59372500) with pad 'SW39:1' at (367665000, 59372500) using coordinate system rotated by 0 degree(s)
13:32:26: [INFO] Adding track segment (F.Cu): [(358140000, 59372500), (367665000, 59372500)]
13:32:26: [INFO] Routing pad 'SW76:1' at (350996250, 97472500) with pad 'SW86:1' at (367665000, 116522500) using coordinate system rotated by 0 degree(s)
13:32:26: [INFO] Routing pad 'SW86:1' at (367665000, 116522500) with pad 'SW103:1' at (367665000, 135572500) using coordinate system rotated by 0 degree(s)
13:32:26: [INFO] Adding track segment (F.Cu): [(367665000, 116522500), (367665000, 135572500)]
13:32:26: [INFO] Routing pad 'SW20:1' at (367665000, 35560000) with pad 'SW58:1' at (386715000, 35560000) using coordinate system rotated by 0 degree(s)
13:32:26: [INFO] Adding track segment (F.Cu): [(367665000, 35560000), (386715000, 35560000)]
13:32:26: [INFO] Routing pad 'SW103:1' at (367665000, 135572500) with pad 'SW113:1' at (386715000, 135572500) using coordinate system rotated by 0 degree(s)
13:32:26: [INFO] Adding track segment (F.Cu): [(367665000, 135572500), (386715000, 135572500)]
13:32:26: [INFO] Routing COL7 pads
13:32:26: [INFO] Routing pad 'SW8:1' at (264131554, 39851743) with pad 'SW27:1' at (269892319, 62956910) using coordinate system rotated by 346.0 degree(s)
13:32:26: [INFO] Adding track segment (F.Cu): [(264131554, 39851743), (269892318, 62956910)]
13:32:26: [INFO] Adding track segment (F.Cu): [(269892318, 62956910), (269892319, 62956910)]
13:32:26: [INFO] Routing pad 'SW27:1' at (269892319, 62956910) with pad 'SW46:1' at (274500931, 81441044) using coordinate system rotated by 346.0 degree(s)
13:32:26: [INFO] Adding track segment (F.Cu): [(269892319, 62956910), (274500930, 81441043)]
13:32:26: [INFO] Adding track segment (F.Cu): [(274500930, 81441043), (274500931, 81441044)]
13:32:26: [INFO] Routing pad 'SW46:1' at (274500931, 81441044) with pad 'SW65:1' at (279109543, 99925177) using coordinate system rotated by 346.0 degree(s)
13:32:26: [INFO] Adding track segment (F.Cu): [(274500931, 81441044), (279109542, 99925176)]
13:32:26: [INFO] Adding track segment (F.Cu): [(279109542, 99925176), (279109543, 99925177)]
13:32:26: [INFO] Routing pad 'SW65:1' at (279109543, 99925177) with pad 'SW84:1' at (283718155, 118409311) using coordinate system rotated by 346.0 degree(s)
13:32:26: [INFO] Adding track segment (F.Cu): [(279109543, 99925177), (283718154, 118409310)]
13:32:26: [INFO] Adding track segment (F.Cu): [(283718154, 118409310), (283718155, 118409311)]
13:32:26: [WARNING] Could not route pads when parent footprints not rotated the same, footprint1: SW8 at 14.0 degree(s) and footprint2: SW18 at 0.0 degree(s)
13:32:26: [WARNING] Could not route pads when parent footprints not rotated the same, footprint1: SW27 at 14.0 degree(s) and footprint2: SW37 at 0.0 degree(s)
13:32:26: [INFO] Routing pad 'SW37:1' at (291465000, 59372500) with pad 'SW56:1' at (296227500, 78422500) using coordinate system rotated by 0 degree(s)
13:32:26: [INFO] Adding track segment (F.Cu): [(291465000, 59372500), (291465000, 73660000)]
13:32:26: [INFO] Adding track segment (F.Cu): [(291465000, 73660000), (296227500, 78422500)]
13:32:26: [INFO] Routing pad 'SW56:1' at (296227500, 78422500) with pad 'SW74:1' at (300990000, 97472500) using coordinate system rotated by 0 degree(s)
13:32:26: [INFO] Adding track segment (F.Cu): [(296227500, 78422500), (296227500, 92710000)]
13:32:26: [INFO] Adding track segment (F.Cu): [(296227500, 92710000), (300990000, 97472500)]
13:32:26: [INFO] Routing pad 'SW94:1' at (305752500, 116522500) with pad 'SW111:1' at (303371250, 135572500) using coordinate system rotated by 0 degree(s)
13:32:26: [INFO] Adding track segment (F.Cu): [(305752500, 116522500), (305752500, 133191250)]
13:32:26: [INFO] Adding track segment (F.Cu): [(305752500, 133191250), (303371250, 135572500)]
13:32:26: [INFO] Routing pad 'SW74:1' at (300990000, 97472500) with pad 'SW94:1' at (305752500, 116522500) using coordinate system rotated by 0 degree(s)
13:32:26: [INFO] Adding track segment (F.Cu): [(300990000, 97472500), (300990000, 111760000)]
13:32:26: [INFO] Adding track segment (F.Cu): [(300990000, 111760000), (305752500, 116522500)]
13:32:26: [INFO] Routing ROW0 pads
13:32:26: [INFO] Routing pad 'D3:1' at (62230000, 43500000) with pad 'D4:1' at (109855000, 43500000) using coordinate system rotated by 0 degree(s)
13:32:26: [INFO] Adding track segment (B.Cu): [(62230000, 43500000), (109855000, 43500000)]
13:32:26: [INFO] Could not add track segment due to detected collision
13:32:26: [WARNING] Could not route pads when parent footprints not rotated the same, footprint1: D4 at 90.0 degree(s) and footprint2: D5 at 76.0 degree(s)
13:32:26: [INFO] Routing pad 'D5:1' at (149504528, 50253648) with pad 'D6:1' at (185320642, 64091906) using coordinate system rotated by 284.0 degree(s)
13:32:26: [WARNING] Could not route pads when parent footprints not rotated the same, footprint1: D6 at 76.0 degree(s) and footprint2: D7 at 104.0 degree(s)
13:32:26: [INFO] Routing pad 'D7:1' at (237710075, 54622430) with pad 'D8:1' at (274678342, 45405205) using coordinate system rotated by 256.0 degree(s)
13:32:26: [WARNING] Could not route pads when parent footprints not rotated the same, footprint1: D8 at 104.0 degree(s) and footprint2: D9 at 90.0 degree(s)
13:32:26: [INFO] Routing pad 'D9:1' at (314642500, 43500000) with pad 'D10:1' at (357505000, 43500000) using coordinate system rotated by 0 degree(s)
13:32:26: [INFO] Adding track segment (B.Cu): [(314642500, 43500000), (357505000, 43500000)]
13:32:26: [INFO] Could not add track segment due to detected collision
13:32:26: [INFO] Routing pad 'D10:1' at (357505000, 43500000) with pad 'D1:1' at (419417500, 43500000) using coordinate system rotated by 0 degree(s)
13:32:26: [INFO] Adding track segment (B.Cu): [(357505000, 43500000), (419417500, 43500000)]
13:32:26: [INFO] Could not add track segment due to detected collision
13:32:26: [INFO] Routing pad 'D1:1' at (419417500, 43500000) with pad 'D2:1' at (457517500, 43500000) using coordinate system rotated by 0 degree(s)
13:32:26: [INFO] Adding track segment (B.Cu): [(419417500, 43500000), (457517500, 43500000)]
13:32:26: [INFO] Could not add track segment due to detected collision
13:32:26: [INFO] Routing COL6 pads
13:32:26: [INFO] Routing pad 'SW83:1' at (246749888, 127626535) with pad 'SW101:1' at (231162970, 153698295) using coordinate system rotated by 346.0 degree(s)
13:32:26: [INFO] Routing pad 'SW7:1' at (227163287, 49068968) with pad 'SW26:1' at (232924052, 72174134) using coordinate system rotated by 346.0 degree(s)
13:32:26: [INFO] Adding track segment (F.Cu): [(227163287, 49068968), (232924050, 72174133)]
13:32:26: [INFO] Adding track segment (F.Cu): [(232924050, 72174133), (232924052, 72174134)]
13:32:26: [INFO] Routing pad 'SW26:1' at (232924052, 72174134) with pad 'SW45:1' at (237532664, 90658268) using coordinate system rotated by 346.0 degree(s)
13:32:26: [INFO] Adding track segment (F.Cu): [(232924052, 72174134), (237532663, 90658267)]
13:32:26: [INFO] Adding track segment (F.Cu): [(237532663, 90658267), (237532664, 90658268)]
13:32:26: [INFO] Routing pad 'SW45:1' at (237532664, 90658268) with pad 'SW64:1' at (242141276, 109142402) using coordinate system rotated by 346.0 degree(s)
13:32:26: [INFO] Adding track segment (F.Cu): [(237532664, 90658268), (242141275, 109142401)]
13:32:26: [INFO] Adding track segment (F.Cu): [(242141275, 109142401), (242141276, 109142402)]
13:32:26: [INFO] Routing pad 'SW7:1' at (227163287, 49068968) with pad 'SW17:1' at (245094387, 42242259) using coordinate system rotated by 346.0 degree(s)
13:32:26: [INFO] Routing pad 'SW64:1' at (242141276, 109142402) with pad 'SW83:1' at (246749888, 127626535) using coordinate system rotated by 346.0 degree(s)
13:32:26: [INFO] Adding track segment (F.Cu): [(242141276, 109142402), (246749887, 127626535)]
13:32:26: [INFO] Adding track segment (F.Cu): [(246749887, 127626535), (246749888, 127626535)]
13:32:26: [INFO] Routing pad 'SW26:1' at (232924052, 72174134) with pad 'SW36:1' at (250855152, 65347426) using coordinate system rotated by 346.0 degree(s)
13:32:26: [INFO] Routing pad 'SW36:1' at (250855152, 65347426) with pad 'SW55:1' at (255463764, 83831560) using coordinate system rotated by 346.0 degree(s)
13:32:26: [INFO] Adding track segment (F.Cu): [(250855152, 65347426), (255463763, 83831559)]
13:32:26: [INFO] Adding track segment (F.Cu): [(255463763, 83831559), (255463764, 83831560)]
13:32:26: [INFO] Routing pad 'SW55:1' at (255463764, 83831560) with pad 'SW73:1' at (260072376, 102315694) using coordinate system rotated by 346.0 degree(s)
13:32:26: [INFO] Adding track segment (F.Cu): [(255463764, 83831560), (260072375, 102315693)]
13:32:26: [INFO] Adding track segment (F.Cu): [(260072375, 102315693), (260072376, 102315694)]
13:32:26: [INFO] Routing pad 'SW73:1' at (260072376, 102315694) with pad 'SW93:1' at (264680988, 120799827) using coordinate system rotated by 346.0 degree(s)
13:32:26: [INFO] Adding track segment (F.Cu): [(260072376, 102315694), (264680987, 120799826)]
13:32:26: [INFO] Adding track segment (F.Cu): [(264680987, 120799826), (264680988, 120799827)]
13:32:26: [INFO] Routing pad 'SW93:1' at (264680988, 120799827) with pad 'SW110:1' at (267532117, 142078133) using coordinate system rotated by 346.0 degree(s)
13:32:26: [INFO] Adding track segment (F.Cu): [(264680988, 120799827), (269266556, 139191539)]
13:32:26: [INFO] Adding track segment (F.Cu): [(269266556, 139191539), (267532117, 142078133)]
13:32:26: [INFO] Routing COL0 pads
13:32:26: [INFO] Routing pad 'SW1:1' at (410527500, 35560000) with pad 'SW21:1' at (410527500, 59372500) using coordinate system rotated by 0 degree(s)
13:32:26: [INFO] Adding track segment (F.Cu): [(410527500, 35560000), (410527500, 59372500)]
13:32:26: [INFO] Routing pad 'SW21:1' at (410527500, 59372500) with pad 'SW40:1' at (410527500, 78422500) using coordinate system rotated by 0 degree(s)
13:32:26: [INFO] Adding track segment (F.Cu): [(410527500, 59372500), (410527500, 78422500)]
13:32:26: [INFO] Routing pad 'SW40:1' at (410527500, 78422500) with pad 'SW59:1' at (410527500, 97472500) using coordinate system rotated by 0 degree(s)
13:32:26: [INFO] Adding track segment (F.Cu): [(410527500, 78422500), (410527500, 97472500)]
13:32:26: [INFO] Routing pad 'SW59:1' at (410527500, 97472500) with pad 'SW77:1' at (410527500, 116522500) using coordinate system rotated by 0 degree(s)
13:32:26: [INFO] Adding track segment (F.Cu): [(410527500, 97472500), (410527500, 116522500)]
13:32:26: [INFO] Routing pad 'SW77:1' at (410527500, 116522500) with pad 'SW96:1' at (410527500, 135572500) using coordinate system rotated by 0 degree(s)
13:32:26: [INFO] Adding track segment (F.Cu): [(410527500, 116522500), (410527500, 135572500)]
13:32:26: [INFO] Could not add track segment due to detected collision
13:32:26: [INFO] Routing pad 'SW96:1' at (410527500, 135572500) with pad 'SW104:1' at (420052500, 135572500) using coordinate system rotated by 0 degree(s)
13:32:26: [INFO] Adding track segment (F.Cu): [(410527500, 135572500), (420052500, 135572500)]
13:32:26: [INFO] Routing pad 'SW1:1' at (410527500, 35560000) with pad 'SW11:1' at (429577500, 35560000) using coordinate system rotated by 0 degree(s)
13:32:26: [INFO] Adding track segment (F.Cu): [(410527500, 35560000), (429577500, 35560000)]
13:32:26: [INFO] Routing pad 'SW21:1' at (410527500, 59372500) with pad 'SW30:1' at (429577500, 59372500) using coordinate system rotated by 0 degree(s)
13:32:26: [INFO] Adding track segment (F.Cu): [(410527500, 59372500), (429577500, 59372500)]
13:32:26: [INFO] Routing pad 'SW40:1' at (410527500, 78422500) with pad 'SW49:1' at (429577500, 78422500) using coordinate system rotated by 0 degree(s)
13:32:26: [INFO] Adding track segment (F.Cu): [(410527500, 78422500), (429577500, 78422500)]
13:32:26: [INFO] Routing pad 'SW59:1' at (410527500, 97472500) with pad 'SW67:1' at (429577500, 97472500) using coordinate system rotated by 0 degree(s)
13:32:26: [INFO] Adding track segment (F.Cu): [(410527500, 97472500), (429577500, 97472500)]
13:32:26: [INFO] Routing pad 'SW77:1' at (410527500, 116522500) with pad 'SW87:1' at (429577500, 116522500) using coordinate system rotated by 0 degree(s)
13:32:26: [INFO] Adding track segment (F.Cu): [(410527500, 116522500), (429577500, 116522500)]
13:32:26: [INFO] Routing pad 'SW104:1' at (420052500, 135572500) with pad 'SW104a:1' at (429577500, 135572500) using coordinate system rotated by 0 degree(s)
13:32:26: [INFO] Adding track segment (F.Cu): [(420052500, 135572500), (429577500, 135572500)]
13:32:26: [INFO] Routing ROW5 pads
13:32:26: [WARNING] Could not route pads when parent footprints not rotated the same, footprint1: D51 at 90.0 degree(s) and footprint2: D52 at 76.0 degree(s)
13:32:26: [INFO] Routing pad 'D52:1' at (120097984, 89452433) with pad 'D53:1' at (157066251, 98669657) using coordinate system rotated by 284.0 degree(s)
13:32:26: [WARNING] Could not route pads when parent footprints not rotated the same, footprint1: D53 at 76.0 degree(s) and footprint2: D54 at 104.0 degree(s)
13:32:26: [INFO] Routing pad 'D54:1' at (230194438, 103223280) with pad 'D55:1' at (266010552, 89385022) using coordinate system rotated by 256.0 degree(s)
13:32:27: [WARNING] Could not route pads when parent footprints not rotated the same, footprint1: D55 at 104.0 degree(s) and footprint2: D56 at 90.0 degree(s)
13:32:27: [INFO] Routing pad 'D56:1' at (305117500, 86362500) with pad 'D57:1' at (343217500, 86362500) using coordinate system rotated by 0 degree(s)
13:32:27: [INFO] Adding track segment (B.Cu): [(305117500, 86362500), (343217500, 86362500)]
13:32:27: [INFO] Could not add track segment due to detected collision
13:32:27: [INFO] Routing pad 'D57:1' at (343217500, 86362500) with pad 'D58:1' at (395605000, 43500000) using coordinate system rotated by 0 degree(s)
13:32:27: [INFO] Routing pad 'D58:1' at (395605000, 43500000) with pad 'D49:1' at (438467500, 86362500) using coordinate system rotated by 0 degree(s)
13:32:27: [INFO] Routing pad 'D49:1' at (438467500, 86362500) with pad 'D50:1' at (476567500, 95887500) using coordinate system rotated by 0 degree(s)
13:32:27: [INFO] Routing ROW11 pads
13:32:27: [WARNING] Could not route pads when parent footprints not rotated the same, footprint1: D106 at 90.0 degree(s) and footprint2: D107 at 76.0 degree(s)
13:32:27: [INFO] Routing pad 'D107:1' at (117824731, 147785216) with pad 'D108:1' at (170367495, 163437913) using coordinate system rotated by 284.0 degree(s)
13:32:27: [INFO] Adding track segment (B.Cu): [(117824731, 147785216), (119628548, 150787272)]
13:32:27: [INFO] Adding track segment (B.Cu): [(119628548, 150787272), (170367495, 163437913)]
13:32:27: [WARNING] Could not route pads when parent footprints not rotated the same, footprint1: D108 at 76.0 degree(s) and footprint2: D109 at 104.0 degree(s)
13:32:27: [INFO] Routing pad 'D109:1' at (220927529, 144800159) with pad 'D110:1' at (278078905, 147631595) using coordinate system rotated by 256.0 degree(s)
13:32:27: [WARNING] Could not route pads when parent footprints not rotated the same, footprint1: D110 at 104.0 degree(s) and footprint2: D111 at 90.0 degree(s)
13:32:27: [INFO] Routing pad 'D111:1' at (312261250, 143512500) with pad 'D112:1' at (357505000, 143512500) using coordinate system rotated by 0 degree(s)
13:32:27: [INFO] Adding track segment (B.Cu): [(312261250, 143512500), (357505000, 143512500)]
13:32:27: [INFO] Could not add track segment due to detected collision
13:32:27: [INFO] Routing pad 'D112:1' at (357505000, 143512500) with pad 'D113:1' at (395605000, 143512500) using coordinate system rotated by 0 degree(s)
13:32:27: [INFO] Adding track segment (B.Cu): [(357505000, 143512500), (395605000, 143512500)]
13:32:27: [INFO] Could not add track segment due to detected collision
13:32:27: [INFO] Routing pad 'D113:1' at (395605000, 143512500) with pad 'D104:1' at (428942500, 143512500) using coordinate system rotated by 0 degree(s)
13:32:27: [INFO] Adding track segment (B.Cu): [(395605000, 143512500), (428942500, 143512500)]
13:32:27: [INFO] Could not add track segment due to detected collision
13:32:27: [INFO] Routing pad 'D104:1' at (428942500, 143512500) with pad 'D105:1' at (476567500, 133987500) using coordinate system rotated by 0 degree(s)
13:32:27: [INFO] Removing dangling tracks
13:32:27: [INFO] Removing 67bca726-24d4-4f22-bdae-ffc5bcdececd
