=== kbplacer.kle_serial ===
=== layout2image.py ===
=== kbplacer ===
13:28:23: [INFO] User layout: https://editor.keyboard-tools.xyz/#share=NrDeCIGNwLgAnAYgIareANAg7rOAmAXy3AGYMBGAVgB0A7e+8-TOCaeJSbn8YhZowZ1mrMhlJCmGFiXIAWKSJljytYdNkCMANiWi5GAOz6VhgBymt4gJxXVlAAz3DFCvYC6GAFBgoeJDR0Elx4CgA6fCp+cWpTClZ2AMQeXhjydw1lBMN8eIdJLIyHRSLKB3UhYsM9MpztEzqHSybDO1btCmcmr18IAE88R0iqEg4ERCMp6b4SRwxHRP9OFNToGPn68HnredIxefkDjCpjnWOjY-Njm2Ouu63NrSSVoNQxUIINykKhecWsBAAB5DEZjZJrdZzH5KTZ3Up-cqA8Ag+DDKLfCi-YQ7JYAZwAtgEAE4AewALgB9ACmkDcswQmwROJkSiU1MWvT840CbzEhICHzwEWiJAoCyWPNWqQZ4HFW3F1nF+zFGCOqtOqvOqsuquuqtuqvuRoVlGeywmb2QQrC4VFCHl2Po+AlyNRcAiUXBK2mMxCwrBCAAFngXTgWLbRsGIx6SECYwBadH28AurFKNNLd0ReYIKVWm0eu0xR0ZsxsFEB3PgT4ikswrIu-ZciC18JGFNpyrCcUAitSyGyzMkF3WJtiF3qhAuzXT3QT4wL-Vzw1z41r+ovCa+qaF-AjGJpp10F194Ggr15iFrIdmsubyuRw93xvlrdIHe6nABjEjhtCUcswvKMLS4G9-VtX81zyV8VX7ZJP1vdNYKAtFA1AlA+QgotLxrGMIg7EgABs8HJYkAFdqWfOIsnlcAWxrUMD1cbtpDPDDB3SVkyj7cRj3IXiFFMQSTmEhxaiqV0GjEiwZO0dpJJEro5NiTIhHkKT30woI93bFMMhg9TNMfOBk29CZONcNThA0h98yw79bQ7LiKEMmykU6Zl6Fs1DTPQttnKspQNOsAzgvLWIvLoELfOTFzrO8iRYr0ly3MSuDIvCuDzzQ3CBxveLwqnLSC2wgj9JfIzivAAVODJKlaXpFyoo0qL2Qfd0zIQWqEELcrCqyDTZ1iNLopOfEiTqikaTpBJmvC1isnoakOuAkgevAWUMgSsbtQrTqUtcUaNL2iANvqmamtcFrdDZLIVvonxuWvGV1sm3qSGteAjGw0g9JIAATUiKKokhfITP7CIQL64A0xy4EhkCgfgMjKJiJRRnY90If+q9XgcxjIJTWzFp0Yy2yg8BbKUMn2Ip4nuKEWnJRe3hsJ0ZiEBOjHjPsnSys5qmnCUH66Z-Bm3BF8nxZiWzj1FpZ6dlygooVhj8te+HEcB4G0ZIHmH0+fdAq5tUDZZ-H+fhz0GYk4RRjs1nuF0ymNJaIQHd8m3sOGKHwGRuBUdBhBwq-Eq+Rc0OHFcqPrqj9WnegX7cf93Xg-AHnzSNwXWszi3LQJpWSG5rJRnNDW2fh42Gfd+23xM734d9pG0-RwaMGXcOdMj9vlxG8LO5q97wAuxq5rj3u7qEB6E5WQc3sFbC4dTlGQbbj2kuRT4dGVu36FGZsntbPBl4DoP17r6rPiMXeeaOBjPlP1v9dL8at6Yk2hai0ZZy74JreLMXW6r9f4cXAlXQ6pta773Gg-E+OtV56xDq-U6hMEbK2-vOZEfN0C3xQfnMCms0GkGVtAugoxzhwPgE-RB6ceZh2IRg+hBDtL-yHiSaaY9ZQlw3o0KedBqTl0TvyYehYSFALIaMS4VCCB2gQYHNeL8N6D1rI4PByjHp9AwqVABEtSYeSFjtMmhsZZANGsY3yHNcJF1NspLIP0TFE2VpLexBi5ZS0cUWCWqtygyJts4-RWdTG2JpvXNsDNzH13dBzNRQC7FCB+tYWyO1EliFsqNVJcT5YRVsj4lgfjAG2P0RlamWQybZTQXWMxoSKnRPCLE2x3QEmbwrOE5xKSWnHycVkqWFSbGGJ8YfLR-SSahKvsEwxYzfJGEKYYppwgfrjKfHEjpU5DHZKWV45xPj75H0qbM0ZZS34hKOaA90MyQIV2dvI8+SiFnHL-u8dpUthrpJeWk-89zXkq3eQxbM1YrlJwQGfRRyDmmoJwe8AWEsOmoJGZ8+gP04UTNyVLShez-nmUIZXFeCikEZ1cQwyF1poXPMJR85CzSGFtLiT46RGLhQAuEdhfcLdaEX0RR3FhOj9muwRXQH6KiUU-NcdcP5jKsXShxdnNleK6GuNXI860zjsmKv2d4qWtwPAeCAA
13:28:23: [INFO] Labels prefixes: for rows: 'ROW', for columns: 'COL'
13:28:23: [INFO] Matrix size: 4x15
13:28:23: [WARNING] No stabilizer footprint for width 2.25u, using 2u as fallback
13:28:23: [WARNING] No stabilizer footprint for width 2.75u, using 2u as fallback
13:28:23: [WARNING] No stabilizer footprint for width 2.25u, using 2u as fallback
13:28:23: [WARNING] No stabilizer footprint for width 2.75u, using 2u as fallback
13:28:23: [WARNING] No stabilizer footprint for width 2.25u, using 2u as fallback
13:28:23: [WARNING] No stabilizer footprint for width 2.75u, using 2u as fallback
13:28:23: [WARNING] No stabilizer footprint for width 2.25u, using 2u as fallback
13:28:23: [WARNING] No stabilizer footprint for width 2.75u, using 2u as fallback
13:28:23: [WARNING] No stabilizer footprint for width 2.75u, using 2u as fallback
13:28:24: [INFO] Add COL0 net
13:28:24: [INFO] Add COL1 net
13:28:24: [INFO] Add COL10 net
13:28:24: [INFO] Add COL11 net
13:28:24: [INFO] Add COL12 net
13:28:24: [INFO] Add COL13 net
13:28:24: [INFO] Add COL14 net
13:28:24: [INFO] Add COL15 net
13:28:24: [INFO] Add COL2 net
13:28:24: [INFO] Add COL3 net
13:28:24: [INFO] Add COL4 net
13:28:24: [INFO] Add COL5 net
13:28:24: [INFO] Add COL6 net
13:28:24: [INFO] Add COL7 net
13:28:24: [INFO] Add COL8 net
13:28:24: [INFO] Add COL9 net
13:28:24: [INFO] Add Net-(D1-A) net
13:28:24: [INFO] Add Net-(D10-A) net
13:28:24: [INFO] Add Net-(D11-A) net
13:28:24: [INFO] Add Net-(D12-A) net
13:28:24: [INFO] Add Net-(D13-A) net
13:28:24: [INFO] Add Net-(D14-A) net
13:28:24: [INFO] Add Net-(D15-A) net
13:28:24: [INFO] Add Net-(D16-A) net
13:28:24: [INFO] Add Net-(D17-A) net
13:28:24: [INFO] Add Net-(D18-A) net
13:28:24: [INFO] Add Net-(D19-A) net
13:28:24: [INFO] Add Net-(D2-A) net
13:28:24: [INFO] Add Net-(D20-A) net
13:28:24: [INFO] Add Net-(D21-A) net
13:28:24: [INFO] Add Net-(D22-A) net
13:28:24: [INFO] Add Net-(D23-A) net
13:28:24: [INFO] Add Net-(D24-A) net
13:28:24: [INFO] Add Net-(D25-A) net
13:28:24: [INFO] Add Net-(D26-A) net
13:28:24: [INFO] Add Net-(D27-A) net
13:28:24: [INFO] Add Net-(D28-A) net
13:28:24: [INFO] Add Net-(D29-A) net
13:28:24: [INFO] Add Net-(D3-A) net
13:28:24: [INFO] Add Net-(D30-A) net
13:28:24: [INFO] Add Net-(D31-A) net
13:28:24: [INFO] Add Net-(D32-A) net
13:28:24: [INFO] Add Net-(D33-A) net
13:28:24: [INFO] Add Net-(D34-A) net
13:28:24: [INFO] Add Net-(D35-A) net
13:28:24: [INFO] Add Net-(D36-A) net
13:28:24: [INFO] Add Net-(D37-A) net
13:28:24: [INFO] Add Net-(D38-A) net
13:28:24: [INFO] Add Net-(D39-A) net
13:28:24: [INFO] Add Net-(D4-A) net
13:28:24: [INFO] Add Net-(D40-A) net
13:28:24: [INFO] Add Net-(D41-A) net
13:28:24: [INFO] Add Net-(D42-A) net
13:28:24: [INFO] Add Net-(D43-A) net
13:28:24: [INFO] Add Net-(D44-A) net
13:28:24: [INFO] Add Net-(D45-A) net
13:28:24: [INFO] Add Net-(D46-A) net
13:28:24: [INFO] Add Net-(D47-A) net
13:28:24: [INFO] Add Net-(D48-A) net
13:28:24: [INFO] Add Net-(D49-A) net
13:28:24: [INFO] Add Net-(D5-A) net
13:28:24: [INFO] Add Net-(D50-A) net
13:28:24: [INFO] Add Net-(D51-A) net
13:28:24: [INFO] Add Net-(D52-A) net
13:28:24: [INFO] Add Net-(D53-A) net
13:28:24: [INFO] Add Net-(D54-A) net
13:28:24: [INFO] Add Net-(D55-A) net
13:28:24: [INFO] Add Net-(D56-A) net
13:28:24: [INFO] Add Net-(D57-A) net
13:28:24: [INFO] Add Net-(D58-A) net
13:28:24: [INFO] Add Net-(D59-A) net
13:28:24: [INFO] Add Net-(D6-A) net
13:28:24: [INFO] Add Net-(D60-A) net
13:28:24: [INFO] Add Net-(D61-A) net
13:28:24: [INFO] Add Net-(D62-A) net
13:28:24: [INFO] Add Net-(D63-A) net
13:28:24: [INFO] Add Net-(D64-A) net
13:28:24: [INFO] Add Net-(D65-A) net
13:28:24: [INFO] Add Net-(D66-A) net
13:28:24: [INFO] Add Net-(D67-A) net
13:28:24: [INFO] Add Net-(D68-A) net
13:28:24: [INFO] Add Net-(D7-A) net
13:28:24: [INFO] Add Net-(D8-A) net
13:28:24: [INFO] Add Net-(D9-A) net
13:28:24: [INFO] Add ROW0 net
13:28:24: [INFO] Add ROW1 net
13:28:24: [INFO] Add ROW2 net
13:28:24: [INFO] Add ROW3 net
13:28:24: [INFO] Add ROW4 net
13:28:24: [INFO] Add SW1 footprint
13:28:24: [INFO] Add D1 footprint
13:28:24: [INFO] Add SW2 footprint
13:28:24: [INFO] Add D2 footprint
13:28:24: [INFO] Add SW3 footprint
13:28:24: [INFO] Add D3 footprint
13:28:24: [INFO] Add SW4 footprint
13:28:24: [INFO] Add D4 footprint
13:28:24: [INFO] Add SW5 footprint
13:28:24: [INFO] Add D5 footprint
13:28:24: [INFO] Add SW6 footprint
13:28:24: [INFO] Add D6 footprint
13:28:24: [INFO] Add SW7 footprint
13:28:24: [INFO] Add D7 footprint
13:28:24: [INFO] Add SW8 footprint
13:28:24: [INFO] Add D8 footprint
13:28:24: [INFO] Add SW9 footprint
13:28:24: [INFO] Add D9 footprint
13:28:24: [INFO] Add SW10 footprint
13:28:24: [INFO] Add D10 footprint
13:28:24: [INFO] Add SW11 footprint
13:28:24: [INFO] Add D11 footprint
13:28:24: [INFO] Add SW12 footprint
13:28:24: [INFO] Add D12 footprint
13:28:24: [INFO] Add SW13 footprint
13:28:24: [INFO] Add D13 footprint
13:28:25: [INFO] Add SW14 footprint
13:28:25: [INFO] Add D14 footprint
13:28:25: [INFO] Add ST14 footprint
13:28:25: [INFO] Add SW14a footprint
13:28:25: [INFO] Add SW15 footprint
13:28:25: [INFO] Add D15 footprint
13:28:25: [INFO] Add SW15a footprint
13:28:25: [INFO] Add SW16 footprint
13:28:25: [INFO] Add D16 footprint
13:28:25: [INFO] Add SW17 footprint
13:28:25: [INFO] Add D17 footprint
13:28:25: [INFO] Add SW18 footprint
13:28:25: [INFO] Add D18 footprint
13:28:25: [INFO] Add SW19 footprint
13:28:25: [INFO] Add D19 footprint
13:28:25: [INFO] Add SW20 footprint
13:28:25: [INFO] Add D20 footprint
13:28:25: [INFO] Add SW21 footprint
13:28:25: [INFO] Add D21 footprint
13:28:25: [INFO] Add SW22 footprint
13:28:25: [INFO] Add D22 footprint
13:28:25: [INFO] Add SW23 footprint
13:28:25: [INFO] Add D23 footprint
13:28:25: [INFO] Add SW24 footprint
13:28:25: [INFO] Add D24 footprint
13:28:25: [INFO] Add SW25 footprint
13:28:25: [INFO] Add D25 footprint
13:28:25: [INFO] Add SW26 footprint
13:28:25: [INFO] Add D26 footprint
13:28:25: [INFO] Add SW27 footprint
13:28:25: [INFO] Add D27 footprint
13:28:25: [INFO] Add SW28 footprint
13:28:25: [INFO] Add D28 footprint
13:28:25: [INFO] Add SW29 footprint
13:28:26: [INFO] Add D29 footprint
13:28:26: [INFO] Add SW30 footprint
13:28:26: [INFO] Add D30 footprint
13:28:26: [INFO] Add SW31 footprint
13:28:26: [INFO] Add D31 footprint
13:28:26: [INFO] Add SW32 footprint
13:28:26: [INFO] Add D32 footprint
13:28:26: [INFO] Add SW33 footprint
13:28:26: [INFO] Add D33 footprint
13:28:26: [INFO] Add SW34 footprint
13:28:26: [INFO] Add D34 footprint
13:28:26: [INFO] Add SW35 footprint
13:28:26: [INFO] Add D35 footprint
13:28:26: [INFO] Add SW36 footprint
13:28:26: [INFO] Add D36 footprint
13:28:26: [INFO] Add SW37 footprint
13:28:26: [INFO] Add D37 footprint
13:28:26: [INFO] Add SW38 footprint
13:28:26: [INFO] Add D38 footprint
13:28:26: [INFO] Add SW39 footprint
13:28:26: [INFO] Add D39 footprint
13:28:26: [INFO] Add SW40 footprint
13:28:26: [INFO] Add D40 footprint
13:28:26: [INFO] Add SW41 footprint
13:28:26: [INFO] Add D41 footprint
13:28:26: [INFO] Add SW41a footprint
13:28:26: [INFO] Add SW42 footprint
13:28:26: [INFO] Add D42 footprint
13:28:26: [WARNING] No stabilizer footprint for width 2.25u, using 2u as fallback
13:28:26: [INFO] Add ST42 footprint
13:28:26: [INFO] Add SW42a footprint
13:28:26: [INFO] Add ST42a footprint
13:28:26: [INFO] Add SW42b footprint
13:28:26: [INFO] Add SW42c footprint
13:28:26: [INFO] Add SW43 footprint
13:28:26: [INFO] Add D43 footprint
13:28:26: [INFO] Add SW43a footprint
13:28:27: [INFO] Add SW44 footprint
13:28:27: [INFO] Add D44 footprint
13:28:27: [INFO] Add SW44a footprint
13:28:27: [INFO] Add SW45 footprint
13:28:27: [INFO] Add D45 footprint
13:28:27: [INFO] Add SW45a footprint
13:28:27: [INFO] Add SW46 footprint
13:28:27: [INFO] Add D46 footprint
13:28:27: [INFO] Add SW46a footprint
13:28:27: [INFO] Add SW47 footprint
13:28:27: [INFO] Add D47 footprint
13:28:27: [INFO] Add SW47a footprint
13:28:27: [INFO] Add SW48 footprint
13:28:27: [INFO] Add D48 footprint
13:28:27: [INFO] Add SW48a footprint
13:28:27: [INFO] Add SW49 footprint
13:28:27: [INFO] Add D49 footprint
13:28:27: [INFO] Add SW49a footprint
13:28:27: [INFO] Add SW50 footprint
13:28:27: [INFO] Add D50 footprint
13:28:27: [INFO] Add SW50a footprint
13:28:27: [INFO] Add SW51 footprint
13:28:27: [INFO] Add D51 footprint
13:28:27: [INFO] Add SW51a footprint
13:28:27: [INFO] Add SW52 footprint
13:28:27: [INFO] Add D52 footprint
13:28:27: [INFO] Add SW52a footprint
13:28:27: [INFO] Add SW53 footprint
13:28:27: [INFO] Add D53 footprint
13:28:27: [INFO] Add SW53a footprint
13:28:27: [INFO] Add SW54 footprint
13:28:27: [INFO] Add D54 footprint
13:28:27: [INFO] Add SW54a footprint
13:28:27: [INFO] Add SW54b footprint
13:28:27: [INFO] Add SW55 footprint
13:28:27: [INFO] Add D55 footprint
13:28:27: [WARNING] No stabilizer footprint for width 2.75u, using 2u as fallback
13:28:27: [INFO] Add ST55 footprint
13:28:27: [INFO] Add SW55a footprint
13:28:27: [INFO] Add SW55b footprint
13:28:28: [INFO] Add SW56 footprint
13:28:28: [INFO] Add D56 footprint
13:28:28: [INFO] Add SW56a footprint
13:28:28: [INFO] Add SW57 footprint
13:28:28: [INFO] Add D57 footprint
13:28:28: [WARNING] No stabilizer footprint for width 2.25u, using 2u as fallback
13:28:28: [INFO] Add ST57 footprint
13:28:28: [INFO] Add SW57a footprint
13:28:28: [INFO] Add SW57b footprint
13:28:28: [INFO] Add ST57b footprint
13:28:28: [INFO] Add SW58 footprint
13:28:28: [INFO] Add D58 footprint
13:28:28: [INFO] Add SW58a footprint
13:28:28: [INFO] Add SW59 footprint
13:28:28: [INFO] Add D59 footprint
13:28:28: [INFO] Add SW59a footprint
13:28:28: [INFO] Add SW60 footprint
13:28:28: [INFO] Add D60 footprint
13:28:28: [WARNING] No stabilizer footprint for width 2.75u, using 2u as fallback
13:28:28: [INFO] Add ST60 footprint
13:28:28: [INFO] Add SW60a footprint
13:28:28: [WARNING] No stabilizer footprint for width 2.25u, using 2u as fallback
13:28:28: [INFO] Add ST60a footprint
13:28:28: [INFO] Add SW60b footprint
13:28:28: [WARNING] No stabilizer footprint for width 2.75u, using 2u as fallback
13:28:28: [INFO] Add ST60b footprint
13:28:28: [INFO] Add SW60c footprint
13:28:28: [INFO] Add ST60c footprint
13:28:28: [INFO] Add SW61 footprint
13:28:28: [INFO] Add D61 footprint
13:28:28: [INFO] Add ST61 footprint
13:28:28: [INFO] Add SW61a footprint
13:28:28: [INFO] Add SW61b footprint
13:28:28: [INFO] Add SW61c footprint
13:28:28: [INFO] Add ST61c footprint
13:28:28: [INFO] Add SW61d footprint
13:28:28: [INFO] Add ST61d footprint
13:28:28: [INFO] Add SW61e footprint
13:28:28: [INFO] Add SW62 footprint
13:28:28: [INFO] Add D62 footprint
13:28:28: [WARNING] No stabilizer footprint for width 2.25u, using 2u as fallback
13:28:28: [INFO] Add ST62 footprint
13:28:28: [INFO] Add SW62a footprint
13:28:28: [WARNING] No stabilizer footprint for width 2.75u, using 2u as fallback
13:28:28: [INFO] Add ST62a footprint
13:28:28: [INFO] Add SW62b footprint
13:28:28: [WARNING] No stabilizer footprint for width 2.75u, using 2u as fallback
13:28:28: [INFO] Add ST62b footprint
13:28:28: [INFO] Add SW62c footprint
13:28:28: [INFO] Add ST62c footprint
13:28:28: [INFO] Add SW63 footprint
13:28:28: [INFO] Add D63 footprint
13:28:28: [INFO] Add SW63a footprint
13:28:28: [INFO] Add SW64 footprint
13:28:28: [INFO] Add D64 footprint
13:28:28: [INFO] Add SW64a footprint
13:28:28: [INFO] Add SW64b footprint
13:28:28: [INFO] Add SW65 footprint
13:28:29: [INFO] Add D65 footprint
13:28:29: [INFO] Add SW66 footprint
13:28:29: [INFO] Add D66 footprint
13:28:29: [INFO] Add SW66a footprint
13:28:29: [INFO] Add SW66b footprint
13:28:29: [INFO] Add SW67 footprint
13:28:29: [INFO] Add D67 footprint
13:28:29: [INFO] Add SW67a footprint
13:28:29: [INFO] Add SW67b footprint
13:28:29: [INFO] Add SW68 footprint
13:28:29: [INFO] Add D68 footprint
13:28:29: [INFO] Add SW68a footprint
13:28:29: [INFO] Detected layout convertible to matrix annotated keyboard
13:28:29: [INFO] Using key 1U distance: (19.05, 19.05) mm
13:28:29: [INFO] Layout offset: (28575000, 23812500)
13:28:29: [INFO] Diode info: [ElementInfo(annotation_format='D{}', position_option=<PositionOption.CUSTOM: 'Custom'>, position=ElementPosition(x=5.08, y=4.0, orientation=90.0, side=<Side.BACK: 'Back'>), template_path='', start_index=-1)]
13:28:29: [INFO] Placing additional elements for SW68a
13:28:29: [INFO] Placing additional elements for SW68
13:28:29: [INFO] Placing additional elements for SW67b
13:28:29: [INFO] Placing additional elements for SW67a
13:28:29: [INFO] Placing additional elements for SW67
13:28:29: [INFO] Placing additional elements for SW66b
13:28:29: [INFO] Placing additional elements for SW66a
13:28:29: [INFO] Placing additional elements for SW66
13:28:29: [INFO] Placing additional elements for SW65
13:28:29: [INFO] Placing additional elements for SW64b
13:28:29: [INFO] Placing additional elements for SW64a
13:28:29: [INFO] Placing additional elements for SW64
13:28:29: [INFO] Placing additional elements for SW63a
13:28:29: [INFO] Placing additional elements for SW63
13:28:29: [INFO] Placing additional elements for SW62c
13:28:29: [INFO] Placing additional elements for SW62b
13:28:29: [INFO] Placing additional elements for SW62a
13:28:29: [INFO] Placing additional elements for SW62
13:28:29: [INFO] Placing additional elements for SW61e
13:28:29: [INFO] Placing additional elements for SW61d
13:28:29: [INFO] Placing additional elements for SW61c
13:28:29: [INFO] Placing additional elements for SW61b
13:28:29: [INFO] Placing additional elements for SW61a
13:28:29: [INFO] Placing additional elements for SW61
13:28:29: [INFO] Placing additional elements for SW60c
13:28:29: [INFO] Placing additional elements for SW60b
13:28:29: [INFO] Placing additional elements for SW60a
13:28:29: [INFO] Placing additional elements for SW60
13:28:29: [INFO] Placing additional elements for SW59a
13:28:29: [INFO] Placing additional elements for SW59
13:28:29: [INFO] Placing additional elements for SW58a
13:28:29: [INFO] Placing additional elements for SW58
13:28:29: [INFO] Placing additional elements for SW57b
13:28:29: [INFO] Placing additional elements for SW57a
13:28:29: [INFO] Placing additional elements for SW57
13:28:29: [INFO] Placing additional elements for SW56a
13:28:29: [INFO] Placing additional elements for SW56
13:28:29: [INFO] Placing additional elements for SW55b
13:28:29: [INFO] Placing additional elements for SW55a
13:28:29: [INFO] Placing additional elements for SW55
13:28:29: [INFO] Placing additional elements for SW54b
13:28:29: [INFO] Placing additional elements for SW54a
13:28:29: [INFO] Placing additional elements for SW54
13:28:29: [INFO] Placing additional elements for SW53a
13:28:29: [INFO] Placing additional elements for SW53
13:28:29: [INFO] Placing additional elements for SW52a
13:28:29: [INFO] Placing additional elements for SW52
13:28:29: [INFO] Placing additional elements for SW51a
13:28:29: [INFO] Placing additional elements for SW51
13:28:29: [INFO] Placing additional elements for SW50a
13:28:29: [INFO] Placing additional elements for SW50
13:28:29: [INFO] Placing additional elements for SW49a
13:28:29: [INFO] Placing additional elements for SW49
13:28:29: [INFO] Placing additional elements for SW48a
13:28:29: [INFO] Placing additional elements for SW48
13:28:29: [INFO] Placing additional elements for SW47a
13:28:29: [INFO] Placing additional elements for SW47
13:28:29: [INFO] Placing additional elements for SW46a
13:28:29: [INFO] Placing additional elements for SW46
13:28:29: [INFO] Placing additional elements for SW45a
13:28:29: [INFO] Placing additional elements for SW45
13:28:29: [INFO] Placing additional elements for SW44a
13:28:29: [INFO] Placing additional elements for SW44
13:28:29: [INFO] Placing additional elements for SW43a
13:28:29: [INFO] Placing additional elements for SW43
13:28:29: [INFO] Placing additional elements for SW42c
13:28:29: [INFO] Placing additional elements for SW42b
13:28:29: [INFO] Placing additional elements for SW42a
13:28:29: [INFO] Placing additional elements for SW42
13:28:29: [INFO] Placing additional elements for SW41a
13:28:29: [INFO] Placing additional elements for SW41
13:28:29: [INFO] Placing additional elements for SW40
13:28:29: [INFO] Placing additional elements for SW39
13:28:29: [INFO] Placing additional elements for SW38
13:28:29: [INFO] Placing additional elements for SW37
13:28:29: [INFO] Placing additional elements for SW36
13:28:29: [INFO] Placing additional elements for SW35
13:28:29: [INFO] Placing additional elements for SW34
13:28:29: [INFO] Placing additional elements for SW33
13:28:29: [INFO] Placing additional elements for SW32
13:28:29: [INFO] Placing additional elements for SW31
13:28:29: [INFO] Placing additional elements for SW30
13:28:29: [INFO] Placing additional elements for SW29
13:28:29: [INFO] Placing additional elements for SW28
13:28:29: [INFO] Placing additional elements for SW27
13:28:29: [INFO] Placing additional elements for SW26
13:28:29: [INFO] Placing additional elements for SW25
13:28:29: [INFO] Placing additional elements for SW24
13:28:29: [INFO] Placing additional elements for SW23
13:28:29: [INFO] Placing additional elements for SW22
13:28:29: [INFO] Placing additional elements for SW21
13:28:29: [INFO] Placing additional elements for SW20
13:28:29: [INFO] Placing additional elements for SW19
13:28:29: [INFO] Placing additional elements for SW18
13:28:29: [INFO] Placing additional elements for SW17
13:28:29: [INFO] Placing additional elements for SW16
13:28:29: [INFO] Placing additional elements for SW15a
13:28:29: [INFO] Placing additional elements for SW15
13:28:29: [INFO] Placing additional elements for SW14a
13:28:29: [INFO] Placing additional elements for SW14
13:28:29: [INFO] Placing additional elements for SW13
13:28:29: [INFO] Placing additional elements for SW12
13:28:29: [INFO] Placing additional elements for SW11
13:28:29: [INFO] Placing additional elements for SW10
13:28:29: [INFO] Placing additional elements for SW9
13:28:29: [INFO] Placing additional elements for SW8
13:28:29: [INFO] Placing additional elements for SW7
13:28:29: [INFO] Placing additional elements for SW6
13:28:29: [INFO] Placing additional elements for SW5
13:28:29: [INFO] Placing additional elements for SW4
13:28:29: [INFO] Placing additional elements for SW3
13:28:29: [INFO] Placing additional elements for SW2
13:28:29: [INFO] Placing additional elements for SW1
13:28:29: [INFO] Routing SW68a with D68
13:28:29: [INFO] Using internal autorouter method
13:28:29: [INFO] Routing pad 'SW68a:2' at (45402500, 147320000) with pad 'D68:2' at (45561250, 155000000) using coordinate system rotated by 0 degree(s)
13:28:29: [INFO] Routing SW68 with D68
13:28:29: [INFO] Using internal autorouter method
13:28:29: [INFO] Routing pad 'SW68:2' at (43021250, 147320000) with pad 'D68:2' at (45561250, 155000000) using coordinate system rotated by 0 degree(s)
13:28:29: [INFO] Routing SW67b with D67
13:28:29: [INFO] Using internal autorouter method
13:28:29: [INFO] Routing pad 'SW67b:2' at (307340000, 147320000) with pad 'D67:2' at (307498750, 155000000) using coordinate system rotated by 0 degree(s)
13:28:29: [INFO] Routing SW67a with D67
13:28:29: [INFO] Using internal autorouter method
13:28:29: [INFO] Routing pad 'SW67a:2' at (302577500, 147320000) with pad 'D67:2' at (307498750, 155000000) using coordinate system rotated by 0 degree(s)
13:28:29: [INFO] Routing SW67 with D67
13:28:29: [INFO] Using internal autorouter method
13:28:29: [INFO] Routing pad 'SW67:2' at (304958750, 147320000) with pad 'D67:2' at (307498750, 155000000) using coordinate system rotated by 0 degree(s)
13:28:29: [INFO] Routing SW66b with D66
13:28:29: [INFO] Using internal autorouter method
13:28:29: [INFO] Routing pad 'SW66b:2' at (288290000, 147320000) with pad 'D66:2' at (283686250, 155000000) using coordinate system rotated by 0 degree(s)
13:28:29: [INFO] Routing SW66a with D66
13:28:29: [INFO] Using internal autorouter method
13:28:29: [INFO] Routing pad 'SW66a:2' at (278765000, 147320000) with pad 'D66:2' at (283686250, 155000000) using coordinate system rotated by 0 degree(s)
13:28:29: [INFO] Routing SW66 with D66
13:28:29: [INFO] Using internal autorouter method
13:28:29: [INFO] Routing pad 'SW66:2' at (281146250, 147320000) with pad 'D66:2' at (283686250, 155000000) using coordinate system rotated by 0 degree(s)
13:28:29: [INFO] Routing SW65 with D65
13:28:29: [INFO] Using internal autorouter method
13:28:29: [INFO] Routing pad 'SW65:2' at (269240000, 147320000) with pad 'D65:2' at (271780000, 155000000) using coordinate system rotated by 0 degree(s)
13:28:29: [INFO] Adding track segment (B.Cu): [(269240000, 147320000), (269240000, 152460000)]
13:28:29: [INFO] Adding track segment (B.Cu): [(269240000, 152460000), (271780000, 155000000)]
13:28:29: [INFO] Routing SW64b with D64
13:28:29: [INFO] Using internal autorouter method
13:28:29: [INFO] Routing pad 'SW64b:2' at (254952500, 147320000) with pad 'D64:2' at (259873750, 155000000) using coordinate system rotated by 0 degree(s)
13:28:29: [INFO] Routing SW64a with D64
13:28:29: [INFO] Using internal autorouter method
13:28:29: [INFO] Routing pad 'SW64a:2' at (250190000, 147320000) with pad 'D64:2' at (259873750, 155000000) using coordinate system rotated by 0 degree(s)
13:28:29: [INFO] Routing SW64 with D64
13:28:29: [INFO] Using internal autorouter method
13:28:29: [INFO] Routing pad 'SW64:2' at (257333750, 147320000) with pad 'D64:2' at (259873750, 155000000) using coordinate system rotated by 0 degree(s)
13:28:29: [INFO] Routing SW63a with D63
13:28:29: [INFO] Using internal autorouter method
13:28:29: [INFO] Routing pad 'SW63a:2' at (231140000, 147320000) with pad 'D63:2' at (236061250, 155000000) using coordinate system rotated by 0 degree(s)
13:28:29: [INFO] Routing SW63 with D63
13:28:29: [INFO] Using internal autorouter method
13:28:29: [INFO] Routing pad 'SW63:2' at (233521250, 147320000) with pad 'D63:2' at (236061250, 155000000) using coordinate system rotated by 0 degree(s)
13:28:29: [INFO] Routing SW62c with D62
13:28:29: [INFO] Using internal autorouter method
13:28:29: [INFO] Routing pad 'SW62c:2' at (212090000, 147320000) with pad 'D62:2' at (202723750, 155000000) using coordinate system rotated by 0 degree(s)
13:28:29: [INFO] Routing SW62b with D62
13:28:29: [INFO] Using internal autorouter method
13:28:29: [INFO] Routing pad 'SW62b:2' at (214471250, 147320000) with pad 'D62:2' at (202723750, 155000000) using coordinate system rotated by 0 degree(s)
13:28:29: [INFO] Routing SW62a with D62
13:28:29: [INFO] Using internal autorouter method
13:28:29: [INFO] Routing pad 'SW62a:2' at (195421250, 147320000) with pad 'D62:2' at (202723750, 155000000) using coordinate system rotated by 0 degree(s)
13:28:29: [INFO] Routing SW62 with D62
13:28:29: [INFO] Using internal autorouter method
13:28:29: [INFO] Routing pad 'SW62:2' at (200183750, 147320000) with pad 'D62:2' at (202723750, 155000000) using coordinate system rotated by 0 degree(s)
13:28:29: [INFO] Adding track segment (B.Cu): [(200183750, 147320000), (200183750, 152460000)]
13:28:29: [INFO] Adding track segment (B.Cu): [(200183750, 152460000), (202723750, 155000000)]
13:28:29: [INFO] Routing SW61e with D61
13:28:29: [INFO] Using internal autorouter method
13:28:29: [INFO] Routing pad 'SW61e:S2' at (178450000, 149900000) with pad 'D61:2' at (164623750, 155000000) using coordinate system rotated by 0 degree(s)
13:28:29: [INFO] Routing SW61d with D61
13:28:29: [INFO] Using internal autorouter method
13:28:29: [INFO] Routing pad 'SW61d:2' at (173990000, 147320000) with pad 'D61:2' at (164623750, 155000000) using coordinate system rotated by 0 degree(s)
13:28:29: [INFO] Routing SW61c with D61
13:28:29: [INFO] Using internal autorouter method
13:28:29: [INFO] Routing pad 'SW61c:2' at (164465000, 147320000) with pad 'D61:2' at (164623750, 155000000) using coordinate system rotated by 0 degree(s)
13:28:29: [INFO] Routing SW61b with D61
13:28:29: [INFO] Using internal autorouter method
13:28:29: [INFO] Routing pad 'SW61b:2' at (157321250, 147320000) with pad 'D61:2' at (164623750, 155000000) using coordinate system rotated by 0 degree(s)
13:28:29: [INFO] Routing SW61a with D61
13:28:29: [INFO] Using internal autorouter method
13:28:29: [INFO] Routing pad 'SW61a:2' at (166846250, 147320000) with pad 'D61:2' at (164623750, 155000000) using coordinate system rotated by 0 degree(s)
13:28:29: [INFO] Routing SW61 with D61
13:28:29: [INFO] Using internal autorouter method
13:28:29: [INFO] Routing pad 'SW61:2' at (162083750, 147320000) with pad 'D61:2' at (164623750, 155000000) using coordinate system rotated by 0 degree(s)
13:28:29: [INFO] Routing SW60c with D60
13:28:29: [INFO] Using internal autorouter method
13:28:29: [INFO] Routing pad 'SW60c:2' at (135890000, 147320000) with pad 'D60:2' at (131286250, 155000000) using coordinate system rotated by 0 degree(s)
13:28:29: [INFO] Routing SW60b with D60
13:28:29: [INFO] Using internal autorouter method
13:28:29: [INFO] Routing pad 'SW60b:2' at (133508750, 147320000) with pad 'D60:2' at (131286250, 155000000) using coordinate system rotated by 0 degree(s)
13:28:29: [INFO] Routing SW60a with D60
13:28:29: [INFO] Using internal autorouter method
13:28:29: [INFO] Routing pad 'SW60a:2' at (123983750, 147320000) with pad 'D60:2' at (131286250, 155000000) using coordinate system rotated by 0 degree(s)
13:28:29: [INFO] Routing SW60 with D60
13:28:29: [INFO] Using internal autorouter method
13:28:29: [INFO] Routing pad 'SW60:2' at (128746250, 147320000) with pad 'D60:2' at (131286250, 155000000) using coordinate system rotated by 0 degree(s)
13:28:29: [INFO] Routing SW59a with D59
13:28:29: [INFO] Using internal autorouter method
13:28:29: [INFO] Routing pad 'SW59a:2' at (93027500, 147320000) with pad 'D59:2' at (93186250, 155000000) using coordinate system rotated by 0 degree(s)
13:28:29: [INFO] Routing SW59 with D59
13:28:29: [INFO] Using internal autorouter method
13:28:29: [INFO] Routing pad 'SW59:2' at (90646250, 147320000) with pad 'D59:2' at (93186250, 155000000) using coordinate system rotated by 0 degree(s)
13:28:29: [INFO] Routing SW58a with D58
13:28:29: [INFO] Using internal autorouter method
13:28:29: [INFO] Routing pad 'SW58a:2' at (69215000, 147320000) with pad 'D58:2' at (69373750, 155000000) using coordinate system rotated by 0 degree(s)
13:28:29: [INFO] Routing SW58 with D58
13:28:29: [INFO] Using internal autorouter method
13:28:29: [INFO] Routing pad 'SW58:2' at (66833750, 147320000) with pad 'D58:2' at (69373750, 155000000) using coordinate system rotated by 0 degree(s)
13:28:29: [INFO] Routing SW57b with D57
13:28:29: [INFO] Using internal autorouter method
13:28:29: [INFO] Routing pad 'SW57b:2' at (43021250, 128270000) with pad 'D57:2' at (55086250, 135950000) using coordinate system rotated by 0 degree(s)
13:28:29: [INFO] Routing SW57a with D57
13:28:29: [INFO] Using internal autorouter method
13:28:29: [INFO] Routing pad 'SW57a:2' at (50165000, 128270000) with pad 'D57:2' at (55086250, 135950000) using coordinate system rotated by 0 degree(s)
13:28:29: [INFO] Routing SW57 with D57
13:28:29: [INFO] Using internal autorouter method
13:28:29: [INFO] Routing pad 'SW57:2' at (52546250, 128270000) with pad 'D57:2' at (55086250, 135950000) using coordinate system rotated by 0 degree(s)
13:28:29: [INFO] Routing SW56a with D56
13:28:29: [INFO] Using internal autorouter method
13:28:29: [INFO] Routing pad 'SW56a:S2' at (311800000, 130850000) with pad 'D56:2' at (309880000, 135950000) using coordinate system rotated by 0 degree(s)
13:28:29: [INFO] Adding track segment (B.Cu): [(311800000, 130850000), (311800000, 134030000)]
13:28:29: [INFO] Adding track segment (B.Cu): [(311800000, 134030000), (309880000, 135950000)]
13:28:29: [INFO] Routing SW56 with D56
13:28:29: [INFO] Using internal autorouter method
13:28:29: [INFO] Routing pad 'SW56:2' at (307340000, 128270000) with pad 'D56:2' at (309880000, 135950000) using coordinate system rotated by 0 degree(s)
13:28:29: [INFO] Adding track segment (B.Cu): [(307340000, 128270000), (307340000, 133410000)]
13:28:29: [INFO] Adding track segment (B.Cu): [(307340000, 133410000), (309880000, 135950000)]
13:28:29: [INFO] Routing SW55b with D55
13:28:29: [INFO] Using internal autorouter method
13:28:29: [INFO] Routing pad 'SW55b:2' at (288290000, 128270000) with pad 'D55:2' at (293211250, 135950000) using coordinate system rotated by 0 degree(s)
13:28:29: [INFO] Routing SW55a with D55
13:28:29: [INFO] Using internal autorouter method
13:28:29: [INFO] Routing pad 'SW55a:2' at (281146250, 128270000) with pad 'D55:2' at (293211250, 135950000) using coordinate system rotated by 0 degree(s)
13:28:29: [INFO] Routing SW55 with D55
13:28:29: [INFO] Using internal autorouter method
13:28:29: [INFO] Routing pad 'SW55:2' at (290671250, 128270000) with pad 'D55:2' at (293211250, 135950000) using coordinate system rotated by 0 degree(s)
13:28:29: [INFO] Routing SW54b with D54
13:28:29: [INFO] Using internal autorouter method
13:28:29: [INFO] Routing pad 'SW54b:2' at (262096250, 128270000) with pad 'D54:2' at (257492500, 135950000) using coordinate system rotated by 0 degree(s)
13:28:29: [INFO] Routing SW54a with D54
13:28:29: [INFO] Using internal autorouter method
13:28:29: [INFO] Routing pad 'SW54a:2' at (250190000, 128270000) with pad 'D54:2' at (257492500, 135950000) using coordinate system rotated by 0 degree(s)
13:28:29: [INFO] Routing SW54 with D54
13:28:29: [INFO] Using internal autorouter method
13:28:29: [INFO] Routing pad 'SW54:2' at (254952500, 128270000) with pad 'D54:2' at (257492500, 135950000) using coordinate system rotated by 0 degree(s)
13:28:29: [INFO] Routing SW53a with D53
13:28:29: [INFO] Using internal autorouter method
13:28:29: [INFO] Routing pad 'SW53a:2' at (231140000, 128270000) with pad 'D53:2' at (238442500, 135950000) using coordinate system rotated by 0 degree(s)
13:28:29: [INFO] Routing SW53 with D53
13:28:29: [INFO] Using internal autorouter method
13:28:29: [INFO] Routing pad 'SW53:2' at (235902500, 128270000) with pad 'D53:2' at (238442500, 135950000) using coordinate system rotated by 0 degree(s)
13:28:29: [INFO] Adding track segment (B.Cu): [(235902500, 128270000), (235902500, 133410000)]
13:28:29: [INFO] Adding track segment (B.Cu): [(235902500, 133410000), (238442500, 135950000)]
13:28:29: [INFO] Routing SW52a with D52
13:28:29: [INFO] Using internal autorouter method
13:28:29: [INFO] Routing pad 'SW52a:2' at (212090000, 128270000) with pad 'D52:2' at (219392500, 135950000) using coordinate system rotated by 0 degree(s)
13:28:29: [INFO] Routing SW52 with D52
13:28:29: [INFO] Using internal autorouter method
13:28:29: [INFO] Routing pad 'SW52:2' at (216852500, 128270000) with pad 'D52:2' at (219392500, 135950000) using coordinate system rotated by 0 degree(s)
13:28:30: [INFO] Adding track segment (B.Cu): [(216852500, 128270000), (216852500, 133410000)]
13:28:30: [INFO] Adding track segment (B.Cu): [(216852500, 133410000), (219392500, 135950000)]
13:28:30: [INFO] Routing SW51a with D51
13:28:30: [INFO] Using internal autorouter method
13:28:30: [INFO] Routing pad 'SW51a:2' at (193040000, 128270000) with pad 'D51:2' at (200342500, 135950000) using coordinate system rotated by 0 degree(s)
13:28:30: [INFO] Routing SW51 with D51
13:28:30: [INFO] Using internal autorouter method
13:28:30: [INFO] Routing pad 'SW51:2' at (197802500, 128270000) with pad 'D51:2' at (200342500, 135950000) using coordinate system rotated by 0 degree(s)
13:28:30: [INFO] Adding track segment (B.Cu): [(197802500, 128270000), (197802500, 133410000)]
13:28:30: [INFO] Adding track segment (B.Cu): [(197802500, 133410000), (200342500, 135950000)]
13:28:30: [INFO] Routing SW50a with D50
13:28:30: [INFO] Using internal autorouter method
13:28:30: [INFO] Routing pad 'SW50a:2' at (173990000, 128270000) with pad 'D50:2' at (181292500, 135950000) using coordinate system rotated by 0 degree(s)
13:28:30: [INFO] Routing SW50 with D50
13:28:30: [INFO] Using internal autorouter method
13:28:30: [INFO] Routing pad 'SW50:2' at (178752500, 128270000) with pad 'D50:2' at (181292500, 135950000) using coordinate system rotated by 0 degree(s)
13:28:30: [INFO] Adding track segment (B.Cu): [(178752500, 128270000), (178752500, 133410000)]
13:28:30: [INFO] Adding track segment (B.Cu): [(178752500, 133410000), (181292500, 135950000)]
13:28:30: [INFO] Routing SW49a with D49
13:28:30: [INFO] Using internal autorouter method
13:28:30: [INFO] Routing pad 'SW49a:2' at (154940000, 128270000) with pad 'D49:2' at (162242500, 135950000) using coordinate system rotated by 0 degree(s)
13:28:30: [INFO] Routing SW49 with D49
13:28:30: [INFO] Using internal autorouter method
13:28:30: [INFO] Routing pad 'SW49:2' at (159702500, 128270000) with pad 'D49:2' at (162242500, 135950000) using coordinate system rotated by 0 degree(s)
13:28:30: [INFO] Adding track segment (B.Cu): [(159702500, 128270000), (159702500, 133410000)]
13:28:30: [INFO] Adding track segment (B.Cu): [(159702500, 133410000), (162242500, 135950000)]
13:28:30: [INFO] Routing SW48a with D48
13:28:30: [INFO] Using internal autorouter method
13:28:30: [INFO] Routing pad 'SW48a:2' at (135890000, 128270000) with pad 'D48:2' at (143192500, 135950000) using coordinate system rotated by 0 degree(s)
13:28:30: [INFO] Routing SW48 with D48
13:28:30: [INFO] Using internal autorouter method
13:28:30: [INFO] Routing pad 'SW48:2' at (140652500, 128270000) with pad 'D48:2' at (143192500, 135950000) using coordinate system rotated by 0 degree(s)
13:28:30: [INFO] Adding track segment (B.Cu): [(140652500, 128270000), (140652500, 133410000)]
13:28:30: [INFO] Adding track segment (B.Cu): [(140652500, 133410000), (143192500, 135950000)]
13:28:30: [INFO] Routing SW47a with D47
13:28:30: [INFO] Using internal autorouter method
13:28:30: [INFO] Routing pad 'SW47a:2' at (116840000, 128270000) with pad 'D47:2' at (124142500, 135950000) using coordinate system rotated by 0 degree(s)
13:28:30: [INFO] Routing SW47 with D47
13:28:30: [INFO] Using internal autorouter method
13:28:30: [INFO] Routing pad 'SW47:2' at (121602500, 128270000) with pad 'D47:2' at (124142500, 135950000) using coordinate system rotated by 0 degree(s)
13:28:30: [INFO] Adding track segment (B.Cu): [(121602500, 128270000), (121602500, 133410000)]
13:28:30: [INFO] Adding track segment (B.Cu): [(121602500, 133410000), (124142500, 135950000)]
13:28:30: [INFO] Routing SW46a with D46
13:28:30: [INFO] Using internal autorouter method
13:28:30: [INFO] Routing pad 'SW46a:2' at (97790000, 128270000) with pad 'D46:2' at (105092500, 135950000) using coordinate system rotated by 0 degree(s)
13:28:30: [INFO] Routing SW46 with D46
13:28:30: [INFO] Using internal autorouter method
13:28:30: [INFO] Routing pad 'SW46:2' at (102552500, 128270000) with pad 'D46:2' at (105092500, 135950000) using coordinate system rotated by 0 degree(s)
13:28:30: [INFO] Adding track segment (B.Cu): [(102552500, 128270000), (102552500, 133410000)]
13:28:30: [INFO] Adding track segment (B.Cu): [(102552500, 133410000), (105092500, 135950000)]
13:28:30: [INFO] Routing SW45a with D45
13:28:30: [INFO] Using internal autorouter method
13:28:30: [INFO] Routing pad 'SW45a:2' at (78740000, 128270000) with pad 'D45:2' at (86042500, 135950000) using coordinate system rotated by 0 degree(s)
13:28:30: [INFO] Routing SW45 with D45
13:28:30: [INFO] Using internal autorouter method
13:28:30: [INFO] Routing pad 'SW45:2' at (83502500, 128270000) with pad 'D45:2' at (86042500, 135950000) using coordinate system rotated by 0 degree(s)
13:28:30: [INFO] Adding track segment (B.Cu): [(83502500, 128270000), (83502500, 133410000)]
13:28:30: [INFO] Adding track segment (B.Cu): [(83502500, 133410000), (86042500, 135950000)]
13:28:30: [INFO] Routing SW44a with D44
13:28:30: [INFO] Using internal autorouter method
13:28:30: [INFO] Routing pad 'SW44a:2' at (269240000, 128270000) with pad 'D44:2' at (66992500, 135950000) using coordinate system rotated by 0 degree(s)
13:28:30: [INFO] Routing SW44 with D44
13:28:30: [INFO] Using internal autorouter method
13:28:30: [INFO] Routing pad 'SW44:2' at (64452500, 128270000) with pad 'D44:2' at (66992500, 135950000) using coordinate system rotated by 0 degree(s)
13:28:30: [INFO] Adding track segment (B.Cu): [(64452500, 128270000), (64452500, 133410000)]
13:28:30: [INFO] Adding track segment (B.Cu): [(64452500, 133410000), (66992500, 135950000)]
13:28:30: [INFO] Routing SW43a with D43
13:28:30: [INFO] Using internal autorouter method
13:28:30: [INFO] Routing pad 'SW43a:2' at (43021250, 109220000) with pad 'D43:2' at (50323750, 116900000) using coordinate system rotated by 0 degree(s)
13:28:30: [INFO] Routing SW43 with D43
13:28:30: [INFO] Using internal autorouter method
13:28:30: [INFO] Routing pad 'SW43:2' at (47783750, 109220000) with pad 'D43:2' at (50323750, 116900000) using coordinate system rotated by 0 degree(s)
13:28:30: [INFO] Adding track segment (B.Cu): [(47783750, 109220000), (47783750, 114360000)]
13:28:30: [INFO] Adding track segment (B.Cu): [(47783750, 114360000), (50323750, 116900000)]
13:28:30: [INFO] Routing SW42c with D42
13:28:30: [INFO] Using internal autorouter method
13:28:30: [INFO] Routing pad 'SW42c:2' at (307340000, 109220000) with pad 'D42:2' at (297973750, 116900000) using coordinate system rotated by 0 degree(s)
13:28:30: [INFO] Routing SW42b with D42
13:28:30: [INFO] Using internal autorouter method
13:28:30: [INFO] Routing pad 'SW42b:2' at (304958750, 109220000) with pad 'D42:2' at (297973750, 116900000) using coordinate system rotated by 0 degree(s)
13:28:30: [INFO] Routing SW42a with D42
13:28:30: [INFO] Using internal autorouter method
13:28:30: [INFO] Routing pad 'SW42a:2' at (304958750, 99695000) with pad 'D42:2' at (297973750, 116900000) using coordinate system rotated by 0 degree(s)
13:28:30: [INFO] Routing SW42 with D42
13:28:30: [INFO] Using internal autorouter method
13:28:30: [INFO] Routing pad 'SW42:2' at (295433750, 109220000) with pad 'D42:2' at (297973750, 116900000) using coordinate system rotated by 0 degree(s)
13:28:30: [INFO] Adding track segment (B.Cu): [(295433750, 109220000), (295433750, 114360000)]
13:28:30: [INFO] Adding track segment (B.Cu): [(295433750, 114360000), (297973750, 116900000)]
13:28:30: [INFO] Routing SW41a with D41
13:28:30: [INFO] Using internal autorouter method
13:28:30: [INFO] Routing pad 'SW41a:2' at (285908750, 109220000) with pad 'D41:2' at (286067500, 116900000) using coordinate system rotated by 0 degree(s)
13:28:30: [INFO] Routing SW41 with D41
13:28:30: [INFO] Using internal autorouter method
13:28:30: [INFO] Routing pad 'SW41:2' at (283527500, 109220000) with pad 'D41:2' at (286067500, 116900000) using coordinate system rotated by 0 degree(s)
13:28:30: [INFO] Routing SW40 with D40
13:28:30: [INFO] Using internal autorouter method
13:28:30: [INFO] Routing pad 'SW40:2' at (264477500, 109220000) with pad 'D40:2' at (267017500, 116900000) using coordinate system rotated by 0 degree(s)
13:28:30: [INFO] Adding track segment (B.Cu): [(264477500, 109220000), (264477500, 114360000)]
13:28:30: [INFO] Adding track segment (B.Cu): [(264477500, 114360000), (267017500, 116900000)]
13:28:30: [INFO] Routing SW39 with D39
13:28:30: [INFO] Using internal autorouter method
13:28:30: [INFO] Routing pad 'SW39:2' at (245427500, 109220000) with pad 'D39:2' at (247967500, 116900000) using coordinate system rotated by 0 degree(s)
13:28:30: [INFO] Adding track segment (B.Cu): [(245427500, 109220000), (245427500, 114360000)]
13:28:30: [INFO] Adding track segment (B.Cu): [(245427500, 114360000), (247967500, 116900000)]
13:28:30: [INFO] Routing SW38 with D38
13:28:30: [INFO] Using internal autorouter method
13:28:30: [INFO] Routing pad 'SW38:2' at (226377500, 109220000) with pad 'D38:2' at (228917500, 116900000) using coordinate system rotated by 0 degree(s)
13:28:30: [INFO] Adding track segment (B.Cu): [(226377500, 109220000), (226377500, 114360000)]
13:28:30: [INFO] Adding track segment (B.Cu): [(226377500, 114360000), (228917500, 116900000)]
13:28:30: [INFO] Routing SW37 with D37
13:28:30: [INFO] Using internal autorouter method
13:28:30: [INFO] Routing pad 'SW37:2' at (207327500, 109220000) with pad 'D37:2' at (209867500, 116900000) using coordinate system rotated by 0 degree(s)
13:28:30: [INFO] Adding track segment (B.Cu): [(207327500, 109220000), (207327500, 114360000)]
13:28:30: [INFO] Adding track segment (B.Cu): [(207327500, 114360000), (209867500, 116900000)]
13:28:30: [INFO] Routing SW36 with D36
13:28:30: [INFO] Using internal autorouter method
13:28:30: [INFO] Routing pad 'SW36:2' at (188277500, 109220000) with pad 'D36:2' at (190817500, 116900000) using coordinate system rotated by 0 degree(s)
13:28:30: [INFO] Adding track segment (B.Cu): [(188277500, 109220000), (188277500, 114360000)]
13:28:30: [INFO] Adding track segment (B.Cu): [(188277500, 114360000), (190817500, 116900000)]
13:28:30: [INFO] Routing SW35 with D35
13:28:30: [INFO] Using internal autorouter method
13:28:30: [INFO] Routing pad 'SW35:2' at (169227500, 109220000) with pad 'D35:2' at (171767500, 116900000) using coordinate system rotated by 0 degree(s)
13:28:30: [INFO] Adding track segment (B.Cu): [(169227500, 109220000), (169227500, 114360000)]
13:28:30: [INFO] Adding track segment (B.Cu): [(169227500, 114360000), (171767500, 116900000)]
13:28:30: [INFO] Routing SW34 with D34
13:28:30: [INFO] Using internal autorouter method
13:28:30: [INFO] Routing pad 'SW34:2' at (150177500, 109220000) with pad 'D34:2' at (152717500, 116900000) using coordinate system rotated by 0 degree(s)
13:28:30: [INFO] Adding track segment (B.Cu): [(150177500, 109220000), (150177500, 114360000)]
13:28:30: [INFO] Adding track segment (B.Cu): [(150177500, 114360000), (152717500, 116900000)]
13:28:30: [INFO] Routing SW33 with D33
13:28:30: [INFO] Using internal autorouter method
13:28:30: [INFO] Routing pad 'SW33:2' at (131127500, 109220000) with pad 'D33:2' at (133667500, 116900000) using coordinate system rotated by 0 degree(s)
13:28:30: [INFO] Adding track segment (B.Cu): [(131127500, 109220000), (131127500, 114360000)]
13:28:30: [INFO] Adding track segment (B.Cu): [(131127500, 114360000), (133667500, 116900000)]
13:28:30: [INFO] Routing SW32 with D32
13:28:30: [INFO] Using internal autorouter method
13:28:30: [INFO] Routing pad 'SW32:2' at (112077500, 109220000) with pad 'D32:2' at (114617500, 116900000) using coordinate system rotated by 0 degree(s)
13:28:30: [INFO] Adding track segment (B.Cu): [(112077500, 109220000), (112077500, 114360000)]
13:28:30: [INFO] Adding track segment (B.Cu): [(112077500, 114360000), (114617500, 116900000)]
13:28:30: [INFO] Routing SW31 with D31
13:28:30: [INFO] Using internal autorouter method
13:28:30: [INFO] Routing pad 'SW31:2' at (93027500, 109220000) with pad 'D31:2' at (95567500, 116900000) using coordinate system rotated by 0 degree(s)
13:28:30: [INFO] Adding track segment (B.Cu): [(93027500, 109220000), (93027500, 114360000)]
13:28:30: [INFO] Adding track segment (B.Cu): [(93027500, 114360000), (95567500, 116900000)]
13:28:30: [INFO] Routing SW30 with D30
13:28:30: [INFO] Using internal autorouter method
13:28:30: [INFO] Routing pad 'SW30:2' at (73977500, 109220000) with pad 'D30:2' at (76517500, 116900000) using coordinate system rotated by 0 degree(s)
13:28:30: [INFO] Adding track segment (B.Cu): [(73977500, 109220000), (73977500, 114360000)]
13:28:30: [INFO] Adding track segment (B.Cu): [(73977500, 114360000), (76517500, 116900000)]
13:28:30: [INFO] Routing SW29 with D29
13:28:30: [INFO] Using internal autorouter method
13:28:30: [INFO] Routing pad 'SW29:2' at (302577500, 90170000) with pad 'D29:2' at (305117500, 97850000) using coordinate system rotated by 0 degree(s)
13:28:30: [INFO] Adding track segment (B.Cu): [(302577500, 90170000), (302577500, 95310000)]
13:28:30: [INFO] Adding track segment (B.Cu): [(302577500, 95310000), (305117500, 97850000)]
13:28:30: [INFO] Routing SW28 with D28
13:28:30: [INFO] Using internal autorouter method
13:28:30: [INFO] Routing pad 'SW28:2' at (278765000, 90170000) with pad 'D28:2' at (281305000, 97850000) using coordinate system rotated by 0 degree(s)
13:28:30: [INFO] Adding track segment (B.Cu): [(278765000, 90170000), (278765000, 95310000)]
13:28:30: [INFO] Adding track segment (B.Cu): [(278765000, 95310000), (281305000, 97850000)]
13:28:30: [INFO] Routing SW27 with D27
13:28:30: [INFO] Using internal autorouter method
13:28:30: [INFO] Routing pad 'SW27:2' at (259715000, 90170000) with pad 'D27:2' at (262255000, 97850000) using coordinate system rotated by 0 degree(s)
13:28:30: [INFO] Adding track segment (B.Cu): [(259715000, 90170000), (259715000, 95310000)]
13:28:30: [INFO] Adding track segment (B.Cu): [(259715000, 95310000), (262255000, 97850000)]
13:28:30: [INFO] Routing SW26 with D26
13:28:30: [INFO] Using internal autorouter method
13:28:30: [INFO] Routing pad 'SW26:2' at (240665000, 90170000) with pad 'D26:2' at (243205000, 97850000) using coordinate system rotated by 0 degree(s)
13:28:30: [INFO] Adding track segment (B.Cu): [(240665000, 90170000), (240665000, 95310000)]
13:28:30: [INFO] Adding track segment (B.Cu): [(240665000, 95310000), (243205000, 97850000)]
13:28:30: [INFO] Routing SW25 with D25
13:28:30: [INFO] Using internal autorouter method
13:28:30: [INFO] Routing pad 'SW25:2' at (221615000, 90170000) with pad 'D25:2' at (224155000, 97850000) using coordinate system rotated by 0 degree(s)
13:28:30: [INFO] Adding track segment (B.Cu): [(221615000, 90170000), (221615000, 95310000)]
13:28:30: [INFO] Adding track segment (B.Cu): [(221615000, 95310000), (224155000, 97850000)]
13:28:30: [INFO] Routing SW24 with D24
13:28:30: [INFO] Using internal autorouter method
13:28:30: [INFO] Routing pad 'SW24:2' at (202565000, 90170000) with pad 'D24:2' at (205105000, 97850000) using coordinate system rotated by 0 degree(s)
13:28:30: [INFO] Adding track segment (B.Cu): [(202565000, 90170000), (202565000, 95310000)]
13:28:30: [INFO] Adding track segment (B.Cu): [(202565000, 95310000), (205105000, 97850000)]
13:28:30: [INFO] Routing SW23 with D23
13:28:30: [INFO] Using internal autorouter method
13:28:30: [INFO] Routing pad 'SW23:2' at (183515000, 90170000) with pad 'D23:2' at (186055000, 97850000) using coordinate system rotated by 0 degree(s)
13:28:30: [INFO] Adding track segment (B.Cu): [(183515000, 90170000), (183515000, 95310000)]
13:28:30: [INFO] Adding track segment (B.Cu): [(183515000, 95310000), (186055000, 97850000)]
13:28:30: [INFO] Routing SW22 with D22
13:28:30: [INFO] Using internal autorouter method
13:28:30: [INFO] Routing pad 'SW22:2' at (164465000, 90170000) with pad 'D22:2' at (167005000, 97850000) using coordinate system rotated by 0 degree(s)
13:28:30: [INFO] Adding track segment (B.Cu): [(164465000, 90170000), (164465000, 95310000)]
13:28:30: [INFO] Adding track segment (B.Cu): [(164465000, 95310000), (167005000, 97850000)]
13:28:30: [INFO] Routing SW21 with D21
13:28:30: [INFO] Using internal autorouter method
13:28:30: [INFO] Routing pad 'SW21:2' at (145415000, 90170000) with pad 'D21:2' at (147955000, 97850000) using coordinate system rotated by 0 degree(s)
13:28:30: [INFO] Adding track segment (B.Cu): [(145415000, 90170000), (145415000, 95310000)]
13:28:30: [INFO] Adding track segment (B.Cu): [(145415000, 95310000), (147955000, 97850000)]
13:28:30: [INFO] Routing SW20 with D20
13:28:30: [INFO] Using internal autorouter method
13:28:30: [INFO] Routing pad 'SW20:2' at (126365000, 90170000) with pad 'D20:2' at (128905000, 97850000) using coordinate system rotated by 0 degree(s)
13:28:30: [INFO] Adding track segment (B.Cu): [(126365000, 90170000), (126365000, 95310000)]
13:28:30: [INFO] Adding track segment (B.Cu): [(126365000, 95310000), (128905000, 97850000)]
13:28:30: [INFO] Routing SW19 with D19
13:28:30: [INFO] Using internal autorouter method
13:28:30: [INFO] Routing pad 'SW19:2' at (107315000, 90170000) with pad 'D19:2' at (109855000, 97850000) using coordinate system rotated by 0 degree(s)
13:28:31: [INFO] Adding track segment (B.Cu): [(107315000, 90170000), (107315000, 95310000)]
13:28:31: [INFO] Adding track segment (B.Cu): [(107315000, 95310000), (109855000, 97850000)]
13:28:31: [INFO] Routing SW18 with D18
13:28:31: [INFO] Using internal autorouter method
13:28:31: [INFO] Routing pad 'SW18:2' at (88265000, 90170000) with pad 'D18:2' at (90805000, 97850000) using coordinate system rotated by 0 degree(s)
13:28:31: [INFO] Adding track segment (B.Cu): [(88265000, 90170000), (88265000, 95310000)]
13:28:31: [INFO] Adding track segment (B.Cu): [(88265000, 95310000), (90805000, 97850000)]
13:28:31: [INFO] Routing SW17 with D17
13:28:31: [INFO] Using internal autorouter method
13:28:31: [INFO] Routing pad 'SW17:2' at (69215000, 90170000) with pad 'D17:2' at (71755000, 97850000) using coordinate system rotated by 0 degree(s)
13:28:31: [INFO] Adding track segment (B.Cu): [(69215000, 90170000), (69215000, 95310000)]
13:28:31: [INFO] Adding track segment (B.Cu): [(69215000, 95310000), (71755000, 97850000)]
13:28:31: [INFO] Routing SW16 with D16
13:28:31: [INFO] Using internal autorouter method
13:28:31: [INFO] Routing pad 'SW16:2' at (45402500, 90170000) with pad 'D16:2' at (47942500, 97850000) using coordinate system rotated by 0 degree(s)
13:28:31: [INFO] Adding track segment (B.Cu): [(45402500, 90170000), (45402500, 95310000)]
13:28:31: [INFO] Adding track segment (B.Cu): [(45402500, 95310000), (47942500, 97850000)]
13:28:31: [INFO] Routing SW15a with D15
13:28:31: [INFO] Using internal autorouter method
13:28:31: [INFO] Routing pad 'SW15a:S2' at (311800000, 73700000) with pad 'D15:2' at (309880000, 78800000) using coordinate system rotated by 0 degree(s)
13:28:31: [INFO] Adding track segment (B.Cu): [(311800000, 73700000), (311800000, 76880000)]
13:28:31: [INFO] Adding track segment (B.Cu): [(311800000, 76880000), (309880000, 78800000)]
13:28:31: [INFO] Routing SW15 with D15
13:28:31: [INFO] Using internal autorouter method
13:28:31: [INFO] Routing pad 'SW15:2' at (307340000, 71120000) with pad 'D15:2' at (309880000, 78800000) using coordinate system rotated by 0 degree(s)
13:28:31: [INFO] Adding track segment (B.Cu): [(307340000, 71120000), (307340000, 76260000)]
13:28:31: [INFO] Adding track segment (B.Cu): [(307340000, 76260000), (309880000, 78800000)]
13:28:31: [INFO] Routing SW14a with D14
13:28:31: [INFO] Using internal autorouter method
13:28:31: [INFO] Routing pad 'SW14a:2' at (288290000, 71120000) with pad 'D14:2' at (300355000, 78800000) using coordinate system rotated by 0 degree(s)
13:28:31: [INFO] Routing SW14 with D14
13:28:31: [INFO] Using internal autorouter method
13:28:31: [INFO] Routing pad 'SW14:2' at (297815000, 71120000) with pad 'D14:2' at (300355000, 78800000) using coordinate system rotated by 0 degree(s)
13:28:31: [INFO] Routing SW13 with D13
13:28:31: [INFO] Using internal autorouter method
13:28:31: [INFO] Routing pad 'SW13:2' at (269240000, 71120000) with pad 'D13:2' at (271780000, 78800000) using coordinate system rotated by 0 degree(s)
13:28:31: [INFO] Adding track segment (B.Cu): [(269240000, 71120000), (269240000, 76260000)]
13:28:31: [INFO] Adding track segment (B.Cu): [(269240000, 76260000), (271780000, 78800000)]
13:28:31: [INFO] Routing SW12 with D12
13:28:31: [INFO] Using internal autorouter method
13:28:31: [INFO] Routing pad 'SW12:2' at (250190000, 71120000) with pad 'D12:2' at (252730000, 78800000) using coordinate system rotated by 0 degree(s)
13:28:31: [INFO] Adding track segment (B.Cu): [(250190000, 71120000), (250190000, 76260000)]
13:28:31: [INFO] Adding track segment (B.Cu): [(250190000, 76260000), (252730000, 78800000)]
13:28:31: [INFO] Routing SW11 with D11
13:28:31: [INFO] Using internal autorouter method
13:28:31: [INFO] Routing pad 'SW11:2' at (231140000, 71120000) with pad 'D11:2' at (233680000, 78800000) using coordinate system rotated by 0 degree(s)
13:28:31: [INFO] Adding track segment (B.Cu): [(231140000, 71120000), (231140000, 76260000)]
13:28:31: [INFO] Adding track segment (B.Cu): [(231140000, 76260000), (233680000, 78800000)]
13:28:31: [INFO] Routing SW10 with D10
13:28:31: [INFO] Using internal autorouter method
13:28:31: [INFO] Routing pad 'SW10:2' at (212090000, 71120000) with pad 'D10:2' at (214630000, 78800000) using coordinate system rotated by 0 degree(s)
13:28:31: [INFO] Adding track segment (B.Cu): [(212090000, 71120000), (212090000, 76260000)]
13:28:31: [INFO] Adding track segment (B.Cu): [(212090000, 76260000), (214630000, 78800000)]
13:28:31: [INFO] Routing SW9 with D9
13:28:31: [INFO] Using internal autorouter method
13:28:31: [INFO] Routing pad 'SW9:2' at (193040000, 71120000) with pad 'D9:2' at (195580000, 78800000) using coordinate system rotated by 0 degree(s)
13:28:31: [INFO] Adding track segment (B.Cu): [(193040000, 71120000), (193040000, 76260000)]
13:28:31: [INFO] Adding track segment (B.Cu): [(193040000, 76260000), (195580000, 78800000)]
13:28:31: [INFO] Routing SW8 with D8
13:28:31: [INFO] Using internal autorouter method
13:28:31: [INFO] Routing pad 'SW8:2' at (173990000, 71120000) with pad 'D8:2' at (176530000, 78800000) using coordinate system rotated by 0 degree(s)
13:28:31: [INFO] Adding track segment (B.Cu): [(173990000, 71120000), (173990000, 76260000)]
13:28:31: [INFO] Adding track segment (B.Cu): [(173990000, 76260000), (176530000, 78800000)]
13:28:31: [INFO] Routing SW7 with D7
13:28:31: [INFO] Using internal autorouter method
13:28:31: [INFO] Routing pad 'SW7:2' at (154940000, 71120000) with pad 'D7:2' at (157480000, 78800000) using coordinate system rotated by 0 degree(s)
13:28:31: [INFO] Adding track segment (B.Cu): [(154940000, 71120000), (154940000, 76260000)]
13:28:31: [INFO] Adding track segment (B.Cu): [(154940000, 76260000), (157480000, 78800000)]
13:28:31: [INFO] Routing SW6 with D6
13:28:31: [INFO] Using internal autorouter method
13:28:31: [INFO] Routing pad 'SW6:2' at (135890000, 71120000) with pad 'D6:2' at (138430000, 78800000) using coordinate system rotated by 0 degree(s)
13:28:31: [INFO] Adding track segment (B.Cu): [(135890000, 71120000), (135890000, 76260000)]
13:28:31: [INFO] Adding track segment (B.Cu): [(135890000, 76260000), (138430000, 78800000)]
13:28:31: [INFO] Routing SW5 with D5
13:28:31: [INFO] Using internal autorouter method
13:28:31: [INFO] Routing pad 'SW5:2' at (116840000, 71120000) with pad 'D5:2' at (119380000, 78800000) using coordinate system rotated by 0 degree(s)
13:28:31: [INFO] Adding track segment (B.Cu): [(116840000, 71120000), (116840000, 76260000)]
13:28:31: [INFO] Adding track segment (B.Cu): [(116840000, 76260000), (119380000, 78800000)]
13:28:31: [INFO] Routing SW4 with D4
13:28:31: [INFO] Using internal autorouter method
13:28:31: [INFO] Routing pad 'SW4:2' at (97790000, 71120000) with pad 'D4:2' at (100330000, 78800000) using coordinate system rotated by 0 degree(s)
13:28:31: [INFO] Adding track segment (B.Cu): [(97790000, 71120000), (97790000, 76260000)]
13:28:31: [INFO] Adding track segment (B.Cu): [(97790000, 76260000), (100330000, 78800000)]
13:28:31: [INFO] Routing SW3 with D3
13:28:31: [INFO] Using internal autorouter method
13:28:31: [INFO] Routing pad 'SW3:2' at (78740000, 71120000) with pad 'D3:2' at (81280000, 78800000) using coordinate system rotated by 0 degree(s)
13:28:31: [INFO] Adding track segment (B.Cu): [(78740000, 71120000), (78740000, 76260000)]
13:28:31: [INFO] Adding track segment (B.Cu): [(78740000, 76260000), (81280000, 78800000)]
13:28:31: [INFO] Routing SW2 with D2
13:28:31: [INFO] Using internal autorouter method
13:28:31: [INFO] Routing pad 'SW2:2' at (59690000, 71120000) with pad 'D2:2' at (62230000, 78800000) using coordinate system rotated by 0 degree(s)
13:28:31: [INFO] Adding track segment (B.Cu): [(59690000, 71120000), (59690000, 76260000)]
13:28:31: [INFO] Adding track segment (B.Cu): [(59690000, 76260000), (62230000, 78800000)]
13:28:31: [INFO] Routing SW1 with D1
13:28:31: [INFO] Using internal autorouter method
13:28:31: [INFO] Routing pad 'SW1:2' at (40640000, 71120000) with pad 'D1:2' at (43180000, 78800000) using coordinate system rotated by 0 degree(s)
13:28:31: [INFO] Adding track segment (B.Cu): [(40640000, 71120000), (40640000, 76260000)]
13:28:31: [INFO] Adding track segment (B.Cu): [(40640000, 76260000), (43180000, 78800000)]
13:28:31: [INFO] Routing COL2 pads
13:28:31: [INFO] Routing pad 'SW45:1' at (77152500, 130810000) with pad 'SW45a:1' at (72390000, 130810000) using coordinate system rotated by 0 degree(s)
13:28:31: [INFO] Adding track segment (F.Cu): [(77152500, 130810000), (72390000, 130810000)]
13:28:31: [INFO] Routing pad 'SW31:1' at (86677500, 111760000) with pad 'SW45:1' at (77152500, 130810000) using coordinate system rotated by 0 degree(s)
13:28:31: [INFO] Routing pad 'SW3:1' at (72390000, 73660000) with pad 'SW18:1' at (81915000, 92710000) using coordinate system rotated by 0 degree(s)
13:28:31: [INFO] Adding track segment (F.Cu): [(72390000, 73660000), (72390000, 83185000)]
13:28:31: [INFO] Adding track segment (F.Cu): [(72390000, 83185000), (81915000, 92710000)]
13:28:31: [INFO] Routing pad 'SW45:1' at (77152500, 130810000) with pad 'SW59:1' at (84296250, 149860000) using coordinate system rotated by 0 degree(s)
13:28:31: [INFO] Routing pad 'SW18:1' at (81915000, 92710000) with pad 'SW31:1' at (86677500, 111760000) using coordinate system rotated by 0 degree(s)
13:28:31: [INFO] Adding track segment (F.Cu): [(81915000, 92710000), (81915000, 106997500)]
13:28:31: [INFO] Adding track segment (F.Cu): [(81915000, 106997500), (86677500, 111760000)]
13:28:31: [INFO] Routing pad 'SW59:1' at (84296250, 149860000) with pad 'SW59a:1' at (86677500, 149860000) using coordinate system rotated by 0 degree(s)
13:28:31: [INFO] Adding track segment (F.Cu): [(84296250, 149860000), (86677500, 149860000)]
13:28:31: [INFO] Routing COL10 pads
13:28:31: [INFO] Routing pad 'SW53:1' at (229552500, 130810000) with pad 'SW53a:1' at (224790000, 130810000) using coordinate system rotated by 0 degree(s)
13:28:31: [INFO] Adding track segment (F.Cu): [(229552500, 130810000), (224790000, 130810000)]
13:28:31: [INFO] Routing pad 'SW53a:1' at (224790000, 130810000) with pad 'SW63a:1' at (224790000, 149860000) using coordinate system rotated by 0 degree(s)
13:28:31: [INFO] Adding track segment (F.Cu): [(224790000, 130810000), (224790000, 149860000)]
13:28:31: [INFO] Could not add track segment due to detected collision
13:28:31: [INFO] Routing pad 'SW63a:1' at (224790000, 149860000) with pad 'SW63:1' at (227171250, 149860000) using coordinate system rotated by 0 degree(s)
13:28:31: [INFO] Adding track segment (F.Cu): [(224790000, 149860000), (227171250, 149860000)]
13:28:31: [INFO] Routing pad 'SW39:1' at (239077500, 111760000) with pad 'SW53:1' at (229552500, 130810000) using coordinate system rotated by 0 degree(s)
13:28:31: [INFO] Routing pad 'SW11:1' at (224790000, 73660000) with pad 'SW26:1' at (234315000, 92710000) using coordinate system rotated by 0 degree(s)
13:28:31: [INFO] Adding track segment (F.Cu): [(224790000, 73660000), (224790000, 83185000)]
13:28:31: [INFO] Adding track segment (F.Cu): [(224790000, 83185000), (234315000, 92710000)]
13:28:31: [INFO] Routing pad 'SW26:1' at (234315000, 92710000) with pad 'SW39:1' at (239077500, 111760000) using coordinate system rotated by 0 degree(s)
13:28:31: [INFO] Adding track segment (F.Cu): [(234315000, 92710000), (234315000, 106997500)]
13:28:31: [INFO] Adding track segment (F.Cu): [(234315000, 106997500), (239077500, 111760000)]
13:28:31: [INFO] Routing COL4 pads
13:28:31: [INFO] Routing pad 'SW47:1' at (115252500, 130810000) with pad 'SW47a:1' at (110490000, 130810000) using coordinate system rotated by 0 degree(s)
13:28:31: [INFO] Adding track segment (F.Cu): [(115252500, 130810000), (110490000, 130810000)]
13:28:31: [INFO] Routing pad 'SW33:1' at (124777500, 111760000) with pad 'SW47:1' at (115252500, 130810000) using coordinate system rotated by 0 degree(s)
13:28:31: [INFO] Routing pad 'SW47:1' at (115252500, 130810000) with pad 'SW60a:1' at (117633750, 149860000) using coordinate system rotated by 0 degree(s)
13:28:31: [INFO] Routing pad 'SW5:1' at (110490000, 73660000) with pad 'SW20:1' at (120015000, 92710000) using coordinate system rotated by 0 degree(s)
13:28:31: [INFO] Adding track segment (F.Cu): [(110490000, 73660000), (110490000, 83185000)]
13:28:31: [INFO] Adding track segment (F.Cu): [(110490000, 83185000), (120015000, 92710000)]
13:28:31: [INFO] Routing pad 'SW60a:1' at (117633750, 149860000) with pad 'SW60:1' at (122396250, 149860000) using coordinate system rotated by 0 degree(s)
13:28:31: [INFO] Adding track segment (F.Cu): [(117633750, 149860000), (122396250, 149860000)]
13:28:31: [INFO] Routing pad 'SW20:1' at (120015000, 92710000) with pad 'SW33:1' at (124777500, 111760000) using coordinate system rotated by 0 degree(s)
13:28:31: [INFO] Adding track segment (F.Cu): [(120015000, 92710000), (120015000, 106997500)]
13:28:31: [INFO] Adding track segment (F.Cu): [(120015000, 106997500), (124777500, 111760000)]
13:28:31: [INFO] Routing pad 'SW60:1' at (122396250, 149860000) with pad 'SW60b:1' at (127158750, 149860000) using coordinate system rotated by 0 degree(s)
13:28:31: [INFO] Adding track segment (F.Cu): [(122396250, 149860000), (127158750, 149860000)]
13:28:31: [INFO] Routing pad 'SW60b:1' at (127158750, 149860000) with pad 'SW60c:1' at (129540000, 149860000) using coordinate system rotated by 0 degree(s)
13:28:31: [INFO] Adding track segment (F.Cu): [(127158750, 149860000), (129540000, 149860000)]
13:28:31: [INFO] Routing ROW3 pads
13:28:31: [INFO] Routing pad 'D57:1' at (55086250, 138750000) with pad 'D44:1' at (66992500, 138750000) using coordinate system rotated by 0 degree(s)
13:28:31: [INFO] Adding track segment (B.Cu): [(55086250, 138750000), (66992500, 138750000)]
13:28:31: [INFO] Routing pad 'D44:1' at (66992500, 138750000) with pad 'D45:1' at (86042500, 138750000) using coordinate system rotated by 0 degree(s)
13:28:31: [INFO] Adding track segment (B.Cu): [(66992500, 138750000), (86042500, 138750000)]
13:28:31: [INFO] Routing pad 'D45:1' at (86042500, 138750000) with pad 'D46:1' at (105092500, 138750000) using coordinate system rotated by 0 degree(s)
13:28:31: [INFO] Adding track segment (B.Cu): [(86042500, 138750000), (105092500, 138750000)]
13:28:32: [INFO] Routing pad 'D46:1' at (105092500, 138750000) with pad 'D47:1' at (124142500, 138750000) using coordinate system rotated by 0 degree(s)
13:28:32: [INFO] Adding track segment (B.Cu): [(105092500, 138750000), (124142500, 138750000)]
13:28:32: [INFO] Routing pad 'D47:1' at (124142500, 138750000) with pad 'D48:1' at (143192500, 138750000) using coordinate system rotated by 0 degree(s)
13:28:32: [INFO] Adding track segment (B.Cu): [(124142500, 138750000), (143192500, 138750000)]
13:28:32: [INFO] Routing pad 'D48:1' at (143192500, 138750000) with pad 'D49:1' at (162242500, 138750000) using coordinate system rotated by 0 degree(s)
13:28:32: [INFO] Adding track segment (B.Cu): [(143192500, 138750000), (162242500, 138750000)]
13:28:32: [INFO] Routing pad 'D49:1' at (162242500, 138750000) with pad 'D50:1' at (181292500, 138750000) using coordinate system rotated by 0 degree(s)
13:28:32: [INFO] Adding track segment (B.Cu): [(162242500, 138750000), (181292500, 138750000)]
13:28:32: [INFO] Routing pad 'D50:1' at (181292500, 138750000) with pad 'D51:1' at (200342500, 138750000) using coordinate system rotated by 0 degree(s)
13:28:32: [INFO] Adding track segment (B.Cu): [(181292500, 138750000), (200342500, 138750000)]
13:28:32: [INFO] Routing pad 'D51:1' at (200342500, 138750000) with pad 'D52:1' at (219392500, 138750000) using coordinate system rotated by 0 degree(s)
13:28:32: [INFO] Adding track segment (B.Cu): [(200342500, 138750000), (219392500, 138750000)]
13:28:32: [INFO] Routing pad 'D52:1' at (219392500, 138750000) with pad 'D53:1' at (238442500, 138750000) using coordinate system rotated by 0 degree(s)
13:28:32: [INFO] Adding track segment (B.Cu): [(219392500, 138750000), (238442500, 138750000)]
13:28:32: [INFO] Routing pad 'D53:1' at (238442500, 138750000) with pad 'D54:1' at (257492500, 138750000) using coordinate system rotated by 0 degree(s)
13:28:32: [INFO] Adding track segment (B.Cu): [(238442500, 138750000), (257492500, 138750000)]
13:28:32: [INFO] Routing pad 'D54:1' at (257492500, 138750000) with pad 'D55:1' at (293211250, 138750000) using coordinate system rotated by 0 degree(s)
13:28:32: [INFO] Adding track segment (B.Cu): [(257492500, 138750000), (293211250, 138750000)]
13:28:32: [INFO] Routing pad 'D55:1' at (293211250, 138750000) with pad 'D56:1' at (309880000, 138750000) using coordinate system rotated by 0 degree(s)
13:28:32: [INFO] Adding track segment (B.Cu): [(293211250, 138750000), (309880000, 138750000)]
13:28:32: [INFO] Could not add track segment due to detected collision
13:28:32: [INFO] Routing COL1 pads
13:28:32: [INFO] Routing pad 'SW30:1' at (67627500, 111760000) with pad 'SW44:1' at (58102500, 130810000) using coordinate system rotated by 0 degree(s)
13:28:32: [INFO] Routing pad 'SW44:1' at (58102500, 130810000) with pad 'SW58:1' at (60483750, 149860000) using coordinate system rotated by 0 degree(s)
13:28:32: [INFO] Adding track segment (F.Cu): [(58102500, 130810000), (58102500, 147478750)]
13:28:32: [INFO] Adding track segment (F.Cu): [(58102500, 147478750), (60483750, 149860000)]
13:28:32: [INFO] Routing pad 'SW2:1' at (53340000, 73660000) with pad 'SW17:1' at (62865000, 92710000) using coordinate system rotated by 0 degree(s)
13:28:32: [INFO] Adding track segment (F.Cu): [(53340000, 73660000), (53340000, 83185000)]
13:28:32: [INFO] Adding track segment (F.Cu): [(53340000, 83185000), (62865000, 92710000)]
13:28:32: [INFO] Routing pad 'SW58:1' at (60483750, 149860000) with pad 'SW58a:1' at (62865000, 149860000) using coordinate system rotated by 0 degree(s)
13:28:32: [INFO] Adding track segment (F.Cu): [(60483750, 149860000), (62865000, 149860000)]
13:28:32: [INFO] Routing pad 'SW17:1' at (62865000, 92710000) with pad 'SW30:1' at (67627500, 111760000) using coordinate system rotated by 0 degree(s)
13:28:32: [INFO] Adding track segment (F.Cu): [(62865000, 92710000), (62865000, 106997500)]
13:28:32: [INFO] Adding track segment (F.Cu): [(62865000, 106997500), (67627500, 111760000)]
13:28:32: [INFO] Routing pad 'SW30:1' at (67627500, 111760000) with pad 'SW44a:1' at (262890000, 130810000) using coordinate system rotated by 0 degree(s)
13:28:32: [INFO] Routing COL15 pads
13:28:32: [INFO] Routing pad 'SW43a:1' at (36671250, 111760000) with pad 'SW57b:1' at (36671250, 130810000) using coordinate system rotated by 0 degree(s)
13:28:32: [INFO] Adding track segment (F.Cu): [(36671250, 111760000), (36671250, 130810000)]
13:28:32: [INFO] Could not add track segment due to detected collision
13:28:32: [INFO] Routing pad 'SW57b:1' at (36671250, 130810000) with pad 'SW68:1' at (36671250, 149860000) using coordinate system rotated by 0 degree(s)
13:28:32: [INFO] Adding track segment (F.Cu): [(36671250, 130810000), (36671250, 149860000)]
13:28:32: [INFO] Could not add track segment due to detected collision
13:28:32: [INFO] Routing pad 'SW68:1' at (36671250, 149860000) with pad 'SW68a:1' at (39052500, 149860000) using coordinate system rotated by 0 degree(s)
13:28:32: [INFO] Adding track segment (F.Cu): [(36671250, 149860000), (39052500, 149860000)]
13:28:32: [INFO] Routing pad 'SW43a:1' at (36671250, 111760000) with pad 'SW43:1' at (41433750, 111760000) using coordinate system rotated by 0 degree(s)
13:28:32: [INFO] Adding track segment (F.Cu): [(36671250, 111760000), (41433750, 111760000)]
13:28:32: [INFO] Routing pad 'SW57b:1' at (36671250, 130810000) with pad 'SW57a:1' at (43815000, 130810000) using coordinate system rotated by 0 degree(s)
13:28:32: [INFO] Adding track segment (F.Cu): [(36671250, 130810000), (43815000, 130810000)]
13:28:32: [INFO] Routing pad 'SW57a:1' at (43815000, 130810000) with pad 'SW57:1' at (46196250, 130810000) using coordinate system rotated by 0 degree(s)
13:28:32: [INFO] Adding track segment (F.Cu): [(43815000, 130810000), (46196250, 130810000)]
13:28:32: [INFO] Routing ROW1 pads
13:28:32: [INFO] Routing pad 'D16:1' at (47942500, 100650000) with pad 'D17:1' at (71755000, 100650000) using coordinate system rotated by 0 degree(s)
13:28:32: [INFO] Adding track segment (B.Cu): [(47942500, 100650000), (71755000, 100650000)]
13:28:32: [INFO] Routing pad 'D17:1' at (71755000, 100650000) with pad 'D18:1' at (90805000, 100650000) using coordinate system rotated by 0 degree(s)
13:28:32: [INFO] Adding track segment (B.Cu): [(71755000, 100650000), (90805000, 100650000)]
13:28:32: [INFO] Routing pad 'D18:1' at (90805000, 100650000) with pad 'D19:1' at (109855000, 100650000) using coordinate system rotated by 0 degree(s)
13:28:32: [INFO] Adding track segment (B.Cu): [(90805000, 100650000), (109855000, 100650000)]
13:28:32: [INFO] Routing pad 'D19:1' at (109855000, 100650000) with pad 'D20:1' at (128905000, 100650000) using coordinate system rotated by 0 degree(s)
13:28:32: [INFO] Adding track segment (B.Cu): [(109855000, 100650000), (128905000, 100650000)]
13:28:32: [INFO] Routing pad 'D20:1' at (128905000, 100650000) with pad 'D21:1' at (147955000, 100650000) using coordinate system rotated by 0 degree(s)
13:28:32: [INFO] Adding track segment (B.Cu): [(128905000, 100650000), (147955000, 100650000)]
13:28:32: [INFO] Routing pad 'D21:1' at (147955000, 100650000) with pad 'D22:1' at (167005000, 100650000) using coordinate system rotated by 0 degree(s)
13:28:32: [INFO] Adding track segment (B.Cu): [(147955000, 100650000), (167005000, 100650000)]
13:28:32: [INFO] Routing pad 'D22:1' at (167005000, 100650000) with pad 'D23:1' at (186055000, 100650000) using coordinate system rotated by 0 degree(s)
13:28:32: [INFO] Adding track segment (B.Cu): [(167005000, 100650000), (186055000, 100650000)]
13:28:32: [INFO] Routing pad 'D23:1' at (186055000, 100650000) with pad 'D24:1' at (205105000, 100650000) using coordinate system rotated by 0 degree(s)
13:28:32: [INFO] Adding track segment (B.Cu): [(186055000, 100650000), (205105000, 100650000)]
13:28:32: [INFO] Routing pad 'D24:1' at (205105000, 100650000) with pad 'D25:1' at (224155000, 100650000) using coordinate system rotated by 0 degree(s)
13:28:32: [INFO] Adding track segment (B.Cu): [(205105000, 100650000), (224155000, 100650000)]
13:28:32: [INFO] Routing pad 'D25:1' at (224155000, 100650000) with pad 'D26:1' at (243205000, 100650000) using coordinate system rotated by 0 degree(s)
13:28:32: [INFO] Adding track segment (B.Cu): [(224155000, 100650000), (243205000, 100650000)]
13:28:32: [INFO] Routing pad 'D26:1' at (243205000, 100650000) with pad 'D27:1' at (262255000, 100650000) using coordinate system rotated by 0 degree(s)
13:28:32: [INFO] Adding track segment (B.Cu): [(243205000, 100650000), (262255000, 100650000)]
13:28:32: [INFO] Routing pad 'D27:1' at (262255000, 100650000) with pad 'D28:1' at (281305000, 100650000) using coordinate system rotated by 0 degree(s)
13:28:32: [INFO] Adding track segment (B.Cu): [(262255000, 100650000), (281305000, 100650000)]
13:28:32: [INFO] Routing pad 'D28:1' at (281305000, 100650000) with pad 'D29:1' at (305117500, 100650000) using coordinate system rotated by 0 degree(s)
13:28:32: [INFO] Adding track segment (B.Cu): [(281305000, 100650000), (305117500, 100650000)]
13:28:32: [INFO] Could not add track segment due to detected collision
13:28:32: [INFO] Routing COL6 pads
13:28:32: [INFO] Routing pad 'SW49:1' at (153352500, 130810000) with pad 'SW49a:1' at (148590000, 130810000) using coordinate system rotated by 0 degree(s)
13:28:32: [INFO] Adding track segment (F.Cu): [(153352500, 130810000), (148590000, 130810000)]
13:28:32: [INFO] Routing pad 'SW49:1' at (153352500, 130810000) with pad 'SW61b:1' at (150971250, 149860000) using coordinate system rotated by 0 degree(s)
13:28:32: [INFO] Routing pad 'SW35:1' at (162877500, 111760000) with pad 'SW49:1' at (153352500, 130810000) using coordinate system rotated by 0 degree(s)
13:28:32: [INFO] Routing pad 'SW61b:1' at (150971250, 149860000) with pad 'SW61:1' at (155733750, 149860000) using coordinate system rotated by 0 degree(s)
13:28:32: [INFO] Adding track segment (F.Cu): [(150971250, 149860000), (155733750, 149860000)]
13:28:32: [INFO] Routing pad 'SW7:1' at (148590000, 73660000) with pad 'SW22:1' at (158115000, 92710000) using coordinate system rotated by 0 degree(s)
13:28:32: [INFO] Adding track segment (F.Cu): [(148590000, 73660000), (148590000, 83185000)]
13:28:32: [INFO] Adding track segment (F.Cu): [(148590000, 83185000), (158115000, 92710000)]
13:28:32: [INFO] Routing pad 'SW61:1' at (155733750, 149860000) with pad 'SW61c:1' at (158115000, 149860000) using coordinate system rotated by 0 degree(s)
13:28:32: [INFO] Adding track segment (F.Cu): [(155733750, 149860000), (158115000, 149860000)]
13:28:32: [INFO] Routing pad 'SW61c:1' at (158115000, 149860000) with pad 'SW61a:1' at (160496250, 149860000) using coordinate system rotated by 0 degree(s)
13:28:32: [INFO] Adding track segment (F.Cu): [(158115000, 149860000), (160496250, 149860000)]
13:28:32: [INFO] Routing pad 'SW22:1' at (158115000, 92710000) with pad 'SW35:1' at (162877500, 111760000) using coordinate system rotated by 0 degree(s)
13:28:32: [INFO] Adding track segment (F.Cu): [(158115000, 92710000), (158115000, 106997500)]
13:28:32: [INFO] Adding track segment (F.Cu): [(158115000, 106997500), (162877500, 111760000)]
13:28:32: [INFO] Routing pad 'SW61a:1' at (160496250, 149860000) with pad 'SW61d:1' at (167640000, 149860000) using coordinate system rotated by 0 degree(s)
13:28:32: [INFO] Adding track segment (F.Cu): [(160496250, 149860000), (167640000, 149860000)]
13:28:32: [INFO] Could not add track segment due to detected collision
13:28:32: [INFO] Routing pad 'SW61d:1' at (167640000, 149860000) with pad 'SW61e:S1' at (178450000, 154900000) using coordinate system rotated by 0 degree(s)
13:28:32: [INFO] Routing ROW4 pads
13:28:32: [INFO] Routing pad 'D68:1' at (45561250, 157800000) with pad 'D58:1' at (69373750, 157800000) using coordinate system rotated by 0 degree(s)
13:28:32: [INFO] Adding track segment (B.Cu): [(45561250, 157800000), (69373750, 157800000)]
13:28:32: [INFO] Routing pad 'D58:1' at (69373750, 157800000) with pad 'D59:1' at (93186250, 157800000) using coordinate system rotated by 0 degree(s)
13:28:32: [INFO] Adding track segment (B.Cu): [(69373750, 157800000), (93186250, 157800000)]
13:28:32: [INFO] Routing pad 'D59:1' at (93186250, 157800000) with pad 'D60:1' at (131286250, 157800000) using coordinate system rotated by 0 degree(s)
13:28:32: [INFO] Adding track segment (B.Cu): [(93186250, 157800000), (131286250, 157800000)]
13:28:32: [INFO] Routing pad 'D60:1' at (131286250, 157800000) with pad 'D61:1' at (164623750, 157800000) using coordinate system rotated by 0 degree(s)
13:28:32: [INFO] Adding track segment (B.Cu): [(131286250, 157800000), (164623750, 157800000)]
13:28:32: [INFO] Routing pad 'D61:1' at (164623750, 157800000) with pad 'D62:1' at (202723750, 157800000) using coordinate system rotated by 0 degree(s)
13:28:32: [INFO] Adding track segment (B.Cu): [(164623750, 157800000), (202723750, 157800000)]
13:28:32: [INFO] Could not add track segment due to detected collision
13:28:32: [INFO] Routing pad 'D62:1' at (202723750, 157800000) with pad 'D63:1' at (236061250, 157800000) using coordinate system rotated by 0 degree(s)
13:28:32: [INFO] Adding track segment (B.Cu): [(202723750, 157800000), (236061250, 157800000)]
13:28:32: [INFO] Routing pad 'D63:1' at (236061250, 157800000) with pad 'D64:1' at (259873750, 157800000) using coordinate system rotated by 0 degree(s)
13:28:32: [INFO] Adding track segment (B.Cu): [(236061250, 157800000), (259873750, 157800000)]
13:28:32: [INFO] Routing pad 'D64:1' at (259873750, 157800000) with pad 'D65:1' at (271780000, 157800000) using coordinate system rotated by 0 degree(s)
13:28:32: [INFO] Adding track segment (B.Cu): [(259873750, 157800000), (271780000, 157800000)]
13:28:32: [INFO] Routing pad 'D65:1' at (271780000, 157800000) with pad 'D66:1' at (283686250, 157800000) using coordinate system rotated by 0 degree(s)
13:28:32: [INFO] Adding track segment (B.Cu): [(271780000, 157800000), (283686250, 157800000)]
13:28:32: [INFO] Routing pad 'D66:1' at (283686250, 157800000) with pad 'D67:1' at (307498750, 157800000) using coordinate system rotated by 0 degree(s)
13:28:32: [INFO] Adding track segment (B.Cu): [(283686250, 157800000), (307498750, 157800000)]
13:28:32: [INFO] Routing COL14 pads
13:28:32: [INFO] Routing pad 'SW67a:1' at (296227500, 149860000) with pad 'SW67:1' at (298608750, 149860000) using coordinate system rotated by 0 degree(s)
13:28:32: [INFO] Adding track segment (F.Cu): [(296227500, 149860000), (298608750, 149860000)]
13:28:32: [INFO] Routing pad 'SW15a:S1' at (311800000, 78700000) with pad 'SW15:1' at (300990000, 73660000) using coordinate system rotated by 0 degree(s)
13:28:32: [INFO] Routing pad 'SW56a:S1' at (311800000, 135850000) with pad 'SW56:1' at (300990000, 130810000) using coordinate system rotated by 0 degree(s)
13:28:32: [INFO] Routing pad 'SW67:1' at (298608750, 149860000) with pad 'SW67b:1' at (300990000, 149860000) using coordinate system rotated by 0 degree(s)
13:28:32: [INFO] Adding track segment (F.Cu): [(298608750, 149860000), (300990000, 149860000)]
13:28:32: [INFO] Routing pad 'SW56:1' at (300990000, 130810000) with pad 'SW15a:S1' at (311800000, 78700000) using coordinate system rotated by 0 degree(s)
13:28:32: [INFO] Routing pad 'SW67b:1' at (300990000, 149860000) with pad 'SW56a:S1' at (311800000, 135850000) using coordinate system rotated by 0 degree(s)
13:28:32: [INFO] Adding track segment (F.Cu): [(300990000, 149860000), (300990000, 146660000)]
13:28:32: [INFO] Adding track segment (F.Cu): [(300990000, 146660000), (311800000, 135850000)]
13:28:32: [INFO] Routing COL9 pads
13:28:32: [INFO] Routing pad 'SW52:1' at (210502500, 130810000) with pad 'SW52a:1' at (205740000, 130810000) using coordinate system rotated by 0 degree(s)
13:28:32: [INFO] Adding track segment (F.Cu): [(210502500, 130810000), (205740000, 130810000)]
13:28:32: [INFO] Routing pad 'SW38:1' at (220027500, 111760000) with pad 'SW52:1' at (210502500, 130810000) using coordinate system rotated by 0 degree(s)
13:28:32: [INFO] Routing pad 'SW10:1' at (205740000, 73660000) with pad 'SW25:1' at (215265000, 92710000) using coordinate system rotated by 0 degree(s)
13:28:32: [INFO] Adding track segment (F.Cu): [(205740000, 73660000), (205740000, 83185000)]
13:28:32: [INFO] Adding track segment (F.Cu): [(205740000, 83185000), (215265000, 92710000)]
13:28:32: [INFO] Routing pad 'SW25:1' at (215265000, 92710000) with pad 'SW38:1' at (220027500, 111760000) using coordinate system rotated by 0 degree(s)
13:28:32: [INFO] Adding track segment (F.Cu): [(215265000, 92710000), (215265000, 106997500)]
13:28:32: [INFO] Adding track segment (F.Cu): [(215265000, 106997500), (220027500, 111760000)]
13:28:32: [INFO] Routing COL12 pads
13:28:32: [INFO] Routing pad 'SW55a:1' at (274796250, 130810000) with pad 'SW65:1' at (262890000, 149860000) using coordinate system rotated by 0 degree(s)
13:28:32: [INFO] Adding track segment (F.Cu): [(274796250, 130810000), (274796250, 137953750)]
13:28:32: [INFO] Adding track segment (F.Cu): [(274796250, 137953750), (262890000, 149860000)]
13:28:32: [INFO] Routing pad 'SW13:1' at (262890000, 73660000) with pad 'SW28:1' at (272415000, 92710000) using coordinate system rotated by 0 degree(s)
13:28:32: [INFO] Adding track segment (F.Cu): [(262890000, 73660000), (262890000, 83185000)]
13:28:32: [INFO] Adding track segment (F.Cu): [(262890000, 83185000), (272415000, 92710000)]
13:28:32: [INFO] Routing pad 'SW41:1' at (277177500, 111760000) with pad 'SW55a:1' at (274796250, 130810000) using coordinate system rotated by 0 degree(s)
13:28:32: [INFO] Routing pad 'SW28:1' at (272415000, 92710000) with pad 'SW41:1' at (277177500, 111760000) using coordinate system rotated by 0 degree(s)
13:28:32: [INFO] Adding track segment (F.Cu): [(272415000, 92710000), (272415000, 106997500)]
13:28:32: [INFO] Adding track segment (F.Cu): [(272415000, 106997500), (277177500, 111760000)]
13:28:32: [INFO] Routing pad 'SW41:1' at (277177500, 111760000) with pad 'SW41a:1' at (279558750, 111760000) using coordinate system rotated by 0 degree(s)
13:28:32: [INFO] Adding track segment (F.Cu): [(277177500, 111760000), (279558750, 111760000)]
13:28:32: [INFO] Routing pad 'SW55a:1' at (274796250, 130810000) with pad 'SW55b:1' at (281940000, 130810000) using coordinate system rotated by 0 degree(s)
13:28:32: [INFO] Adding track segment (F.Cu): [(274796250, 130810000), (281940000, 130810000)]
13:28:32: [INFO] Routing pad 'SW55b:1' at (281940000, 130810000) with pad 'SW55:1' at (284321250, 130810000) using coordinate system rotated by 0 degree(s)
13:28:32: [INFO] Adding track segment (F.Cu): [(281940000, 130810000), (284321250, 130810000)]
13:28:32: [INFO] Routing COL0 pads
13:28:32: [INFO] Routing pad 'SW1:1' at (34290000, 73660000) with pad 'SW16:1' at (39052500, 92710000) using coordinate system rotated by 0 degree(s)
13:28:32: [INFO] Adding track segment (F.Cu): [(34290000, 73660000), (34290000, 87947500)]
13:28:32: [INFO] Adding track segment (F.Cu): [(34290000, 87947500), (39052500, 92710000)]
13:28:32: [INFO] Routing COL3 pads
13:28:32: [INFO] Routing pad 'SW46:1' at (96202500, 130810000) with pad 'SW46a:1' at (91440000, 130810000) using coordinate system rotated by 0 degree(s)
13:28:32: [INFO] Adding track segment (F.Cu): [(96202500, 130810000), (91440000, 130810000)]
13:28:32: [INFO] Routing pad 'SW32:1' at (105727500, 111760000) with pad 'SW46:1' at (96202500, 130810000) using coordinate system rotated by 0 degree(s)
13:28:32: [INFO] Routing pad 'SW4:1' at (91440000, 73660000) with pad 'SW19:1' at (100965000, 92710000) using coordinate system rotated by 0 degree(s)
13:28:32: [INFO] Adding track segment (F.Cu): [(91440000, 73660000), (91440000, 83185000)]
13:28:32: [INFO] Adding track segment (F.Cu): [(91440000, 83185000), (100965000, 92710000)]
13:28:32: [INFO] Routing pad 'SW19:1' at (100965000, 92710000) with pad 'SW32:1' at (105727500, 111760000) using coordinate system rotated by 0 degree(s)
13:28:32: [INFO] Adding track segment (F.Cu): [(100965000, 92710000), (100965000, 106997500)]
13:28:32: [INFO] Adding track segment (F.Cu): [(100965000, 106997500), (105727500, 111760000)]
13:28:32: [INFO] Routing ROW2 pads
13:28:32: [INFO] Routing pad 'D43:1' at (50323750, 119700000) with pad 'D30:1' at (76517500, 119700000) using coordinate system rotated by 0 degree(s)
13:28:32: [INFO] Adding track segment (B.Cu): [(50323750, 119700000), (76517500, 119700000)]
13:28:32: [INFO] Routing pad 'D30:1' at (76517500, 119700000) with pad 'D31:1' at (95567500, 119700000) using coordinate system rotated by 0 degree(s)
13:28:32: [INFO] Adding track segment (B.Cu): [(76517500, 119700000), (95567500, 119700000)]
13:28:32: [INFO] Routing pad 'D31:1' at (95567500, 119700000) with pad 'D32:1' at (114617500, 119700000) using coordinate system rotated by 0 degree(s)
13:28:32: [INFO] Adding track segment (B.Cu): [(95567500, 119700000), (114617500, 119700000)]
13:28:32: [INFO] Routing pad 'D32:1' at (114617500, 119700000) with pad 'D33:1' at (133667500, 119700000) using coordinate system rotated by 0 degree(s)
13:28:32: [INFO] Adding track segment (B.Cu): [(114617500, 119700000), (133667500, 119700000)]
13:28:32: [INFO] Routing pad 'D33:1' at (133667500, 119700000) with pad 'D34:1' at (152717500, 119700000) using coordinate system rotated by 0 degree(s)
13:28:32: [INFO] Adding track segment (B.Cu): [(133667500, 119700000), (152717500, 119700000)]
13:28:32: [INFO] Routing pad 'D34:1' at (152717500, 119700000) with pad 'D35:1' at (171767500, 119700000) using coordinate system rotated by 0 degree(s)
13:28:32: [INFO] Adding track segment (B.Cu): [(152717500, 119700000), (171767500, 119700000)]
13:28:32: [INFO] Routing pad 'D35:1' at (171767500, 119700000) with pad 'D36:1' at (190817500, 119700000) using coordinate system rotated by 0 degree(s)
13:28:32: [INFO] Adding track segment (B.Cu): [(171767500, 119700000), (190817500, 119700000)]
13:28:32: [INFO] Routing pad 'D36:1' at (190817500, 119700000) with pad 'D37:1' at (209867500, 119700000) using coordinate system rotated by 0 degree(s)
13:28:32: [INFO] Adding track segment (B.Cu): [(190817500, 119700000), (209867500, 119700000)]
13:28:32: [INFO] Routing pad 'D37:1' at (209867500, 119700000) with pad 'D38:1' at (228917500, 119700000) using coordinate system rotated by 0 degree(s)
13:28:32: [INFO] Adding track segment (B.Cu): [(209867500, 119700000), (228917500, 119700000)]
13:28:32: [INFO] Routing pad 'D38:1' at (228917500, 119700000) with pad 'D39:1' at (247967500, 119700000) using coordinate system rotated by 0 degree(s)
13:28:32: [INFO] Adding track segment (B.Cu): [(228917500, 119700000), (247967500, 119700000)]
13:28:33: [INFO] Routing pad 'D39:1' at (247967500, 119700000) with pad 'D40:1' at (267017500, 119700000) using coordinate system rotated by 0 degree(s)
13:28:33: [INFO] Adding track segment (B.Cu): [(247967500, 119700000), (267017500, 119700000)]
13:28:33: [INFO] Routing pad 'D40:1' at (267017500, 119700000) with pad 'D41:1' at (286067500, 119700000) using coordinate system rotated by 0 degree(s)
13:28:33: [INFO] Adding track segment (B.Cu): [(267017500, 119700000), (286067500, 119700000)]
13:28:33: [INFO] Routing pad 'D41:1' at (286067500, 119700000) with pad 'D42:1' at (297973750, 119700000) using coordinate system rotated by 0 degree(s)
13:28:33: [INFO] Adding track segment (B.Cu): [(286067500, 119700000), (297973750, 119700000)]
13:28:33: [INFO] Routing COL8 pads
13:28:33: [INFO] Routing pad 'SW51:1' at (191452500, 130810000) with pad 'SW51a:1' at (186690000, 130810000) using coordinate system rotated by 0 degree(s)
13:28:33: [INFO] Adding track segment (F.Cu): [(191452500, 130810000), (186690000, 130810000)]
13:28:33: [INFO] Routing pad 'SW51:1' at (191452500, 130810000) with pad 'SW62a:1' at (189071250, 149860000) using coordinate system rotated by 0 degree(s)
13:28:33: [INFO] Routing pad 'SW37:1' at (200977500, 111760000) with pad 'SW51:1' at (191452500, 130810000) using coordinate system rotated by 0 degree(s)
13:28:33: [INFO] Routing pad 'SW62a:1' at (189071250, 149860000) with pad 'SW62:1' at (193833750, 149860000) using coordinate system rotated by 0 degree(s)
13:28:33: [INFO] Adding track segment (F.Cu): [(189071250, 149860000), (193833750, 149860000)]
13:28:33: [INFO] Routing pad 'SW9:1' at (186690000, 73660000) with pad 'SW24:1' at (196215000, 92710000) using coordinate system rotated by 0 degree(s)
13:28:33: [INFO] Adding track segment (F.Cu): [(186690000, 73660000), (186690000, 83185000)]
13:28:33: [INFO] Adding track segment (F.Cu): [(186690000, 83185000), (196215000, 92710000)]
13:28:33: [INFO] Routing pad 'SW24:1' at (196215000, 92710000) with pad 'SW37:1' at (200977500, 111760000) using coordinate system rotated by 0 degree(s)
13:28:33: [INFO] Adding track segment (F.Cu): [(196215000, 92710000), (196215000, 106997500)]
13:28:33: [INFO] Adding track segment (F.Cu): [(196215000, 106997500), (200977500, 111760000)]
13:28:33: [INFO] Routing pad 'SW62:1' at (193833750, 149860000) with pad 'SW62c:1' at (205740000, 149860000) using coordinate system rotated by 0 degree(s)
13:28:33: [INFO] Adding track segment (F.Cu): [(193833750, 149860000), (205740000, 149860000)]
13:28:33: [INFO] Routing pad 'SW62c:1' at (205740000, 149860000) with pad 'SW62b:1' at (208121250, 149860000) using coordinate system rotated by 0 degree(s)
13:28:33: [INFO] Adding track segment (F.Cu): [(205740000, 149860000), (208121250, 149860000)]
13:28:33: [INFO] Routing COL11 pads
13:28:33: [INFO] Routing pad 'SW54:1' at (248602500, 130810000) with pad 'SW54a:1' at (243840000, 130810000) using coordinate system rotated by 0 degree(s)
13:28:33: [INFO] Adding track segment (F.Cu): [(248602500, 130810000), (243840000, 130810000)]
13:28:33: [INFO] Routing pad 'SW54a:1' at (243840000, 130810000) with pad 'SW64a:1' at (243840000, 149860000) using coordinate system rotated by 0 degree(s)
13:28:33: [INFO] Adding track segment (F.Cu): [(243840000, 130810000), (243840000, 149860000)]
13:28:33: [INFO] Routing pad 'SW54b:1' at (255746250, 130810000) with pad 'SW54:1' at (248602500, 130810000) using coordinate system rotated by 0 degree(s)
13:28:33: [INFO] Adding track segment (F.Cu): [(255746250, 130810000), (248602500, 130810000)]
13:28:33: [INFO] Routing pad 'SW64a:1' at (243840000, 149860000) with pad 'SW64b:1' at (248602500, 149860000) using coordinate system rotated by 0 degree(s)
13:28:33: [INFO] Adding track segment (F.Cu): [(243840000, 149860000), (248602500, 149860000)]
13:28:33: [INFO] Routing pad 'SW64b:1' at (248602500, 149860000) with pad 'SW64:1' at (250983750, 149860000) using coordinate system rotated by 0 degree(s)
13:28:33: [INFO] Adding track segment (F.Cu): [(248602500, 149860000), (250983750, 149860000)]
13:28:33: [INFO] Routing pad 'SW12:1' at (243840000, 73660000) with pad 'SW27:1' at (253365000, 92710000) using coordinate system rotated by 0 degree(s)
13:28:33: [INFO] Adding track segment (F.Cu): [(243840000, 73660000), (243840000, 83185000)]
13:28:33: [INFO] Adding track segment (F.Cu): [(243840000, 83185000), (253365000, 92710000)]
13:28:33: [INFO] Routing pad 'SW40:1' at (258127500, 111760000) with pad 'SW54b:1' at (255746250, 130810000) using coordinate system rotated by 0 degree(s)
13:28:33: [INFO] Adding track segment (F.Cu): [(258127500, 111760000), (258127500, 128428750)]
13:28:33: [INFO] Adding track segment (F.Cu): [(258127500, 128428750), (255746250, 130810000)]
13:28:33: [INFO] Routing pad 'SW27:1' at (253365000, 92710000) with pad 'SW40:1' at (258127500, 111760000) using coordinate system rotated by 0 degree(s)
13:28:33: [INFO] Adding track segment (F.Cu): [(253365000, 92710000), (253365000, 106997500)]
13:28:33: [INFO] Adding track segment (F.Cu): [(253365000, 106997500), (258127500, 111760000)]
13:28:33: [INFO] Routing COL5 pads
13:28:33: [INFO] Routing pad 'SW48:1' at (134302500, 130810000) with pad 'SW48a:1' at (129540000, 130810000) using coordinate system rotated by 0 degree(s)
13:28:33: [INFO] Adding track segment (F.Cu): [(134302500, 130810000), (129540000, 130810000)]
13:28:33: [INFO] Routing pad 'SW34:1' at (143827500, 111760000) with pad 'SW48:1' at (134302500, 130810000) using coordinate system rotated by 0 degree(s)
13:28:33: [INFO] Routing pad 'SW6:1' at (129540000, 73660000) with pad 'SW21:1' at (139065000, 92710000) using coordinate system rotated by 0 degree(s)
13:28:33: [INFO] Adding track segment (F.Cu): [(129540000, 73660000), (129540000, 83185000)]
13:28:33: [INFO] Adding track segment (F.Cu): [(129540000, 83185000), (139065000, 92710000)]
13:28:33: [INFO] Routing pad 'SW21:1' at (139065000, 92710000) with pad 'SW34:1' at (143827500, 111760000) using coordinate system rotated by 0 degree(s)
13:28:33: [INFO] Adding track segment (F.Cu): [(139065000, 92710000), (139065000, 106997500)]
13:28:33: [INFO] Adding track segment (F.Cu): [(139065000, 106997500), (143827500, 111760000)]
13:28:33: [INFO] Routing ROW0 pads
13:28:33: [INFO] Routing pad 'D1:1' at (43180000, 81600000) with pad 'D2:1' at (62230000, 81600000) using coordinate system rotated by 0 degree(s)
13:28:33: [INFO] Adding track segment (B.Cu): [(43180000, 81600000), (62230000, 81600000)]
13:28:33: [INFO] Routing pad 'D2:1' at (62230000, 81600000) with pad 'D3:1' at (81280000, 81600000) using coordinate system rotated by 0 degree(s)
13:28:33: [INFO] Adding track segment (B.Cu): [(62230000, 81600000), (81280000, 81600000)]
13:28:33: [INFO] Routing pad 'D3:1' at (81280000, 81600000) with pad 'D4:1' at (100330000, 81600000) using coordinate system rotated by 0 degree(s)
13:28:33: [INFO] Adding track segment (B.Cu): [(81280000, 81600000), (100330000, 81600000)]
13:28:33: [INFO] Routing pad 'D4:1' at (100330000, 81600000) with pad 'D5:1' at (119380000, 81600000) using coordinate system rotated by 0 degree(s)
13:28:33: [INFO] Adding track segment (B.Cu): [(100330000, 81600000), (119380000, 81600000)]
13:28:33: [INFO] Routing pad 'D5:1' at (119380000, 81600000) with pad 'D6:1' at (138430000, 81600000) using coordinate system rotated by 0 degree(s)
13:28:33: [INFO] Adding track segment (B.Cu): [(119380000, 81600000), (138430000, 81600000)]
13:28:33: [INFO] Routing pad 'D6:1' at (138430000, 81600000) with pad 'D7:1' at (157480000, 81600000) using coordinate system rotated by 0 degree(s)
13:28:33: [INFO] Adding track segment (B.Cu): [(138430000, 81600000), (157480000, 81600000)]
13:28:33: [INFO] Routing pad 'D7:1' at (157480000, 81600000) with pad 'D8:1' at (176530000, 81600000) using coordinate system rotated by 0 degree(s)
13:28:33: [INFO] Adding track segment (B.Cu): [(157480000, 81600000), (176530000, 81600000)]
13:28:33: [INFO] Routing pad 'D8:1' at (176530000, 81600000) with pad 'D9:1' at (195580000, 81600000) using coordinate system rotated by 0 degree(s)
13:28:33: [INFO] Adding track segment (B.Cu): [(176530000, 81600000), (195580000, 81600000)]
13:28:33: [INFO] Routing pad 'D9:1' at (195580000, 81600000) with pad 'D10:1' at (214630000, 81600000) using coordinate system rotated by 0 degree(s)
13:28:33: [INFO] Adding track segment (B.Cu): [(195580000, 81600000), (214630000, 81600000)]
13:28:33: [INFO] Routing pad 'D10:1' at (214630000, 81600000) with pad 'D11:1' at (233680000, 81600000) using coordinate system rotated by 0 degree(s)
13:28:33: [INFO] Adding track segment (B.Cu): [(214630000, 81600000), (233680000, 81600000)]
13:28:33: [INFO] Routing pad 'D11:1' at (233680000, 81600000) with pad 'D12:1' at (252730000, 81600000) using coordinate system rotated by 0 degree(s)
13:28:33: [INFO] Adding track segment (B.Cu): [(233680000, 81600000), (252730000, 81600000)]
13:28:33: [INFO] Routing pad 'D12:1' at (252730000, 81600000) with pad 'D13:1' at (271780000, 81600000) using coordinate system rotated by 0 degree(s)
13:28:33: [INFO] Adding track segment (B.Cu): [(252730000, 81600000), (271780000, 81600000)]
13:28:33: [INFO] Routing pad 'D13:1' at (271780000, 81600000) with pad 'D14:1' at (300355000, 81600000) using coordinate system rotated by 0 degree(s)
13:28:33: [INFO] Adding track segment (B.Cu): [(271780000, 81600000), (300355000, 81600000)]
13:28:33: [INFO] Routing pad 'D14:1' at (300355000, 81600000) with pad 'D15:1' at (309880000, 81600000) using coordinate system rotated by 0 degree(s)
13:28:33: [INFO] Adding track segment (B.Cu): [(300355000, 81600000), (309880000, 81600000)]
13:28:33: [INFO] Could not add track segment due to detected collision
13:28:33: [INFO] Routing COL13 pads
13:28:33: [INFO] Routing pad 'SW66a:1' at (272415000, 149860000) with pad 'SW66:1' at (274796250, 149860000) using coordinate system rotated by 0 degree(s)
13:28:33: [INFO] Adding track segment (F.Cu): [(272415000, 149860000), (274796250, 149860000)]
13:28:33: [INFO] Routing pad 'SW14:1' at (291465000, 73660000) with pad 'SW14a:1' at (281940000, 73660000) using coordinate system rotated by 0 degree(s)
13:28:33: [INFO] Adding track segment (F.Cu): [(291465000, 73660000), (281940000, 73660000)]
13:28:33: [INFO] Routing pad 'SW66:1' at (274796250, 149860000) with pad 'SW66b:1' at (281940000, 149860000) using coordinate system rotated by 0 degree(s)
13:28:33: [INFO] Adding track segment (F.Cu): [(274796250, 149860000), (281940000, 149860000)]
13:28:33: [INFO] Routing pad 'SW66b:1' at (281940000, 149860000) with pad 'SW42:1' at (289083750, 111760000) using coordinate system rotated by 0 degree(s)
13:28:33: [INFO] Routing pad 'SW29:1' at (296227500, 92710000) with pad 'SW14:1' at (291465000, 73660000) using coordinate system rotated by 0 degree(s)
13:28:33: [INFO] Routing pad 'SW42a:1' at (298608750, 102235000) with pad 'SW29:1' at (296227500, 92710000) using coordinate system rotated by 0 degree(s)
13:28:33: [INFO] Routing pad 'SW42b:1' at (298608750, 111760000) with pad 'SW42a:1' at (298608750, 102235000) using coordinate system rotated by 0 degree(s)
13:28:33: [INFO] Adding track segment (F.Cu): [(298608750, 111760000), (298608750, 102235000)]
13:28:33: [INFO] Routing pad 'SW42:1' at (289083750, 111760000) with pad 'SW42b:1' at (298608750, 111760000) using coordinate system rotated by 0 degree(s)
13:28:33: [INFO] Adding track segment (F.Cu): [(289083750, 111760000), (298608750, 111760000)]
13:28:33: [INFO] Routing pad 'SW42b:1' at (298608750, 111760000) with pad 'SW42c:1' at (300990000, 111760000) using coordinate system rotated by 0 degree(s)
13:28:33: [INFO] Adding track segment (F.Cu): [(298608750, 111760000), (300990000, 111760000)]
13:28:33: [INFO] Routing COL7 pads
13:28:33: [INFO] Routing pad 'SW50:1' at (172402500, 130810000) with pad 'SW50a:1' at (167640000, 130810000) using coordinate system rotated by 0 degree(s)
13:28:33: [INFO] Adding track segment (F.Cu): [(172402500, 130810000), (167640000, 130810000)]
13:28:33: [INFO] Routing pad 'SW36:1' at (181927500, 111760000) with pad 'SW50:1' at (172402500, 130810000) using coordinate system rotated by 0 degree(s)
13:28:33: [INFO] Routing pad 'SW8:1' at (167640000, 73660000) with pad 'SW23:1' at (177165000, 92710000) using coordinate system rotated by 0 degree(s)
13:28:33: [INFO] Adding track segment (F.Cu): [(167640000, 73660000), (167640000, 83185000)]
13:28:33: [INFO] Adding track segment (F.Cu): [(167640000, 83185000), (177165000, 92710000)]
13:28:33: [INFO] Routing pad 'SW23:1' at (177165000, 92710000) with pad 'SW36:1' at (181927500, 111760000) using coordinate system rotated by 0 degree(s)
13:28:33: [INFO] Adding track segment (F.Cu): [(177165000, 92710000), (177165000, 106997500)]
13:28:33: [INFO] Adding track segment (F.Cu): [(177165000, 106997500), (181927500, 111760000)]
13:28:33: [INFO] Removing dangling tracks
