=== kbplacer.kle_serial ===
=== layout2image.py ===
=== kbplacer ===
13:32:51: [INFO] User layout: https://editor.keyboard-tools.xyz/#share=NobwRAdghgtgpmAXAAjAQQKIHECSBlMAXwBoAoUMADyWQEYAmAOgHYBWY1AYxrAGIoBgsBzAAXHgAYp0oiInEJw1LQVKw82mpWaO4aigmN2XHrwAcFy7NTz6SvTVqN5JlH04fP1sCrtziAMxagWryACz2VDSGxmDcbvyCAt4qEf6swRn+AGyR+sgxIvGovJ5eJMrEuf7MwbX+ZmAAumQU+QwssQCe0Yz0scV8SckVYPSqIgETqOM6qFNzDgZGRaZlHt7jfvPE22MhkwczxGk7p-tZO5f71Tu3+-U7j-uNunGmw1BqAO409KNTMwAHQgIJB8kUb3yhn6qwS624AOIwNBqI0wRRYIg6Ja5DAYQUWJB4yCInYEiJEBJagJtEp1LJxDpqOJRyWBT6rFGBIpLKpuzU5PpApEtOF23Ag0SSW87GZWK2eV6sNQAAs-qNsoS+bNIlKEbLtQqmTSmcK5mA5ealcsVe8Ep9vDzhZDkJK1utDbzja78WaddNLf6fTaOQMPsMfo4jNyRW77SUDaN2HsCaTUOx037zuxzgTruxrgT7ux7gTnuxngTXvGpY6RL8UE4uYzGriKPrPZqjaiGahmD3WVmtfLe0cwAPR0PQzCW6gtd6x3sB4vWXsR+K9RGZSJ1Sh-iIAJzBpehpx2ztlbwr60iDcBi2T2-x6GcuElR3d1f813u+FdkQbwDX17xDQCT1ZX8omWcMHUjBtozYbsJQTdwAP7OMwC1LMB2HE41AHc4tWuAdri1e4B3uLVngHR4-w-eDUEbZAmH6bs21aei0KvUYzEHfks2Pb8+zAPipwEtRj3Evt2VnXj+MVI8FMwsTNyhaML23IRdw1EQ+OEk03kvcolIMi1VIfSSIP5RZoI5TS4J3NVdNQfSXS3f8eNM9y9Os8ZfSknyX2jWCGKcsBmPPOcwGPFDjI2eTBPHPjzmPc4+OuY9rj4+5j3uPjnmPOjUOlbSmL+Tp5MxVEVCg187UiyrfOqkFtCslqIDa9t2VoAdUB6FAAFpDDYd8+EsKx5LsbqwAG5BhrfVxE3QnwIWFLNaFq9atA0bb1KbRaIpc1blL2WhdoDFD8lY2JmIPZQLuNWzrs5UZNuU31zr86Z2QCFYlqGSM3vkDaVHTLjSk9BCUGYN6VEuCH63Kg7ove54vprcBGtRlQOPIHqtX6mgFtGgHzAmxo4cMh7MPe6amiAA
13:32:51: [INFO] Labels prefixes: for rows: 'ROW', for columns: 'COL'
13:32:51: [INFO] Matrix size: 11x8
13:32:52: [WARNING] No stabilizer footprint for width 2.25u, using 2u as fallback
13:32:52: [WARNING] No stabilizer footprint for width 2.75u, using 2u as fallback
13:32:52: [INFO] Add COL0 net
13:32:52: [INFO] Add COL1 net
13:32:52: [INFO] Add COL2 net
13:32:52: [INFO] Add COL3 net
13:32:52: [INFO] Add COL4 net
13:32:52: [INFO] Add COL5 net
13:32:52: [INFO] Add COL6 net
13:32:52: [INFO] Add COL7 net
13:32:52: [INFO] Add COL8 net
13:32:52: [INFO] Add Net-(D1-A) net
13:32:52: [INFO] Add Net-(D10-A) net
13:32:52: [INFO] Add Net-(D100-A) net
13:32:52: [INFO] Add Net-(D101-A) net
13:32:52: [INFO] Add Net-(D11-A) net
13:32:52: [INFO] Add Net-(D12-A) net
13:32:52: [INFO] Add Net-(D13-A) net
13:32:52: [INFO] Add Net-(D14-A) net
13:32:52: [INFO] Add Net-(D15-A) net
13:32:52: [INFO] Add Net-(D16-A) net
13:32:52: [INFO] Add Net-(D17-A) net
13:32:52: [INFO] Add Net-(D18-A) net
13:32:52: [INFO] Add Net-(D19-A) net
13:32:52: [INFO] Add Net-(D2-A) net
13:32:52: [INFO] Add Net-(D20-A) net
13:32:52: [INFO] Add Net-(D21-A) net
13:32:52: [INFO] Add Net-(D22-A) net
13:32:52: [INFO] Add Net-(D23-A) net
13:32:52: [INFO] Add Net-(D24-A) net
13:32:52: [INFO] Add Net-(D25-A) net
13:32:52: [INFO] Add Net-(D26-A) net
13:32:52: [INFO] Add Net-(D27-A) net
13:32:52: [INFO] Add Net-(D28-A) net
13:32:52: [INFO] Add Net-(D29-A) net
13:32:52: [INFO] Add Net-(D3-A) net
13:32:52: [INFO] Add Net-(D30-A) net
13:32:52: [INFO] Add Net-(D31-A) net
13:32:52: [INFO] Add Net-(D32-A) net
13:32:52: [INFO] Add Net-(D33-A) net
13:32:52: [INFO] Add Net-(D34-A) net
13:32:52: [INFO] Add Net-(D35-A) net
13:32:52: [INFO] Add Net-(D36-A) net
13:32:52: [INFO] Add Net-(D37-A) net
13:32:52: [INFO] Add Net-(D38-A) net
13:32:52: [INFO] Add Net-(D39-A) net
13:32:52: [INFO] Add Net-(D4-A) net
13:32:52: [INFO] Add Net-(D40-A) net
13:32:52: [INFO] Add Net-(D41-A) net
13:32:52: [INFO] Add Net-(D42-A) net
13:32:52: [INFO] Add Net-(D43-A) net
13:32:52: [INFO] Add Net-(D44-A) net
13:32:52: [INFO] Add Net-(D45-A) net
13:32:52: [INFO] Add Net-(D46-A) net
13:32:52: [INFO] Add Net-(D47-A) net
13:32:52: [INFO] Add Net-(D48-A) net
13:32:52: [INFO] Add Net-(D49-A) net
13:32:52: [INFO] Add Net-(D5-A) net
13:32:52: [INFO] Add Net-(D50-A) net
13:32:52: [INFO] Add Net-(D51-A) net
13:32:52: [INFO] Add Net-(D52-A) net
13:32:52: [INFO] Add Net-(D53-A) net
13:32:52: [INFO] Add Net-(D54-A) net
13:32:52: [INFO] Add Net-(D55-A) net
13:32:52: [INFO] Add Net-(D56-A) net
13:32:52: [INFO] Add Net-(D57-A) net
13:32:52: [INFO] Add Net-(D58-A) net
13:32:52: [INFO] Add Net-(D59-A) net
13:32:52: [INFO] Add Net-(D6-A) net
13:32:52: [INFO] Add Net-(D60-A) net
13:32:52: [INFO] Add Net-(D61-A) net
13:32:52: [INFO] Add Net-(D62-A) net
13:32:52: [INFO] Add Net-(D63-A) net
13:32:52: [INFO] Add Net-(D64-A) net
13:32:52: [INFO] Add Net-(D65-A) net
13:32:52: [INFO] Add Net-(D66-A) net
13:32:52: [INFO] Add Net-(D67-A) net
13:32:52: [INFO] Add Net-(D68-A) net
13:32:52: [INFO] Add Net-(D69-A) net
13:32:52: [INFO] Add Net-(D7-A) net
13:32:52: [INFO] Add Net-(D70-A) net
13:32:52: [INFO] Add Net-(D71-A) net
13:32:52: [INFO] Add Net-(D72-A) net
13:32:52: [INFO] Add Net-(D73-A) net
13:32:52: [INFO] Add Net-(D74-A) net
13:32:52: [INFO] Add Net-(D75-A) net
13:32:52: [INFO] Add Net-(D76-A) net
13:32:52: [INFO] Add Net-(D77-A) net
13:32:52: [INFO] Add Net-(D78-A) net
13:32:52: [INFO] Add Net-(D79-A) net
13:32:52: [INFO] Add Net-(D8-A) net
13:32:52: [INFO] Add Net-(D80-A) net
13:32:52: [INFO] Add Net-(D81-A) net
13:32:52: [INFO] Add Net-(D82-A) net
13:32:52: [INFO] Add Net-(D83-A) net
13:32:52: [INFO] Add Net-(D84-A) net
13:32:52: [INFO] Add Net-(D85-A) net
13:32:52: [INFO] Add Net-(D86-A) net
13:32:52: [INFO] Add Net-(D87-A) net
13:32:52: [INFO] Add Net-(D88-A) net
13:32:52: [INFO] Add Net-(D89-A) net
13:32:52: [INFO] Add Net-(D9-A) net
13:32:52: [INFO] Add Net-(D90-A) net
13:32:52: [INFO] Add Net-(D91-A) net
13:32:52: [INFO] Add Net-(D92-A) net
13:32:52: [INFO] Add Net-(D93-A) net
13:32:52: [INFO] Add Net-(D94-A) net
13:32:52: [INFO] Add Net-(D95-A) net
13:32:52: [INFO] Add Net-(D96-A) net
13:32:52: [INFO] Add Net-(D97-A) net
13:32:52: [INFO] Add Net-(D98-A) net
13:32:52: [INFO] Add Net-(D99-A) net
13:32:52: [INFO] Add ROW0 net
13:32:52: [INFO] Add ROW1 net
13:32:52: [INFO] Add ROW10 net
13:32:52: [INFO] Add ROW11 net
13:32:52: [INFO] Add ROW2 net
13:32:52: [INFO] Add ROW3 net
13:32:52: [INFO] Add ROW4 net
13:32:52: [INFO] Add ROW5 net
13:32:52: [INFO] Add ROW6 net
13:32:52: [INFO] Add ROW7 net
13:32:52: [INFO] Add ROW8 net
13:32:52: [INFO] Add ROW9 net
13:32:52: [INFO] Add SW1 footprint
13:32:52: [INFO] Add D1 footprint
13:32:52: [INFO] Add SW2 footprint
13:32:52: [INFO] Add D2 footprint
13:32:52: [INFO] Add SW3 footprint
13:32:52: [INFO] Add D3 footprint
13:32:52: [INFO] Add SW4 footprint
13:32:52: [INFO] Add D4 footprint
13:32:52: [INFO] Add SW5 footprint
13:32:52: [INFO] Add D5 footprint
13:32:52: [INFO] Add SW6 footprint
13:32:52: [INFO] Add D6 footprint
13:32:53: [INFO] Add SW7 footprint
13:32:53: [INFO] Add D7 footprint
13:32:53: [INFO] Add SW8 footprint
13:32:53: [INFO] Add D8 footprint
13:32:53: [INFO] Add SW9 footprint
13:32:53: [INFO] Add D9 footprint
13:32:53: [INFO] Add SW10 footprint
13:32:53: [INFO] Add D10 footprint
13:32:53: [INFO] Add SW11 footprint
13:32:53: [INFO] Add D11 footprint
13:32:53: [INFO] Add SW12 footprint
13:32:53: [INFO] Add D12 footprint
13:32:53: [INFO] Add SW13 footprint
13:32:53: [INFO] Add D13 footprint
13:32:53: [INFO] Add SW14 footprint
13:32:53: [INFO] Add D14 footprint
13:32:53: [INFO] Add SW15 footprint
13:32:53: [INFO] Add D15 footprint
13:32:53: [INFO] Add SW16 footprint
13:32:53: [INFO] Add D16 footprint
13:32:53: [INFO] Add SW17 footprint
13:32:53: [INFO] Add D17 footprint
13:32:53: [INFO] Add SW18 footprint
13:32:53: [INFO] Add D18 footprint
13:32:53: [INFO] Add SW19 footprint
13:32:53: [INFO] Add D19 footprint
13:32:53: [INFO] Add SW20 footprint
13:32:53: [INFO] Add D20 footprint
13:32:53: [INFO] Add SW21 footprint
13:32:53: [INFO] Add D21 footprint
13:32:53: [INFO] Add SW22 footprint
13:32:53: [INFO] Add D22 footprint
13:32:53: [INFO] Add SW23 footprint
13:32:53: [INFO] Add D23 footprint
13:32:54: [INFO] Add SW24 footprint
13:32:54: [INFO] Add D24 footprint
13:32:54: [INFO] Add SW25 footprint
13:32:54: [INFO] Add D25 footprint
13:32:54: [INFO] Add SW26 footprint
13:32:54: [INFO] Add D26 footprint
13:32:54: [INFO] Add SW27 footprint
13:32:54: [INFO] Add D27 footprint
13:32:54: [INFO] Add SW28 footprint
13:32:54: [INFO] Add D28 footprint
13:32:54: [INFO] Add SW29 footprint
13:32:54: [INFO] Add D29 footprint
13:32:54: [INFO] Add SW30 footprint
13:32:54: [INFO] Add D30 footprint
13:32:54: [INFO] Add SW31 footprint
13:32:54: [INFO] Add D31 footprint
13:32:54: [INFO] Add SW32 footprint
13:32:54: [INFO] Add D32 footprint
13:32:54: [INFO] Add SW33 footprint
13:32:54: [INFO] Add D33 footprint
13:32:54: [INFO] Add SW34 footprint
13:32:54: [INFO] Add D34 footprint
13:32:54: [INFO] Add SW35 footprint
13:32:54: [INFO] Add D35 footprint
13:32:54: [INFO] Add SW36 footprint
13:32:54: [INFO] Add D36 footprint
13:32:54: [INFO] Add ST36 footprint
13:32:54: [INFO] Add SW36a footprint
13:32:54: [INFO] Add SW37 footprint
13:32:54: [INFO] Add D37 footprint
13:32:54: [INFO] Add SW38 footprint
13:32:54: [INFO] Add D38 footprint
13:32:54: [INFO] Add SW39 footprint
13:32:55: [INFO] Add D39 footprint
13:32:55: [INFO] Add SW40 footprint
13:32:55: [INFO] Add D40 footprint
13:32:55: [INFO] Add SW41 footprint
13:32:55: [INFO] Add D41 footprint
13:32:55: [INFO] Add SW42 footprint
13:32:55: [INFO] Add D42 footprint
13:32:55: [INFO] Add SW43 footprint
13:32:55: [INFO] Add D43 footprint
13:32:55: [INFO] Add SW44 footprint
13:32:55: [INFO] Add D44 footprint
13:32:55: [INFO] Add SW45 footprint
13:32:55: [INFO] Add D45 footprint
13:32:55: [INFO] Add SW46 footprint
13:32:55: [INFO] Add D46 footprint
13:32:55: [INFO] Add SW47 footprint
13:32:55: [INFO] Add D47 footprint
13:32:55: [INFO] Add SW48 footprint
13:32:55: [INFO] Add D48 footprint
13:32:55: [INFO] Add SW49 footprint
13:32:55: [INFO] Add D49 footprint
13:32:55: [INFO] Add SW50 footprint
13:32:55: [INFO] Add D50 footprint
13:32:55: [INFO] Add SW51 footprint
13:32:55: [INFO] Add D51 footprint
13:32:55: [INFO] Add SW52 footprint
13:32:55: [INFO] Add D52 footprint
13:32:55: [INFO] Add SW53 footprint
13:32:55: [INFO] Add D53 footprint
13:32:55: [INFO] Add SW54 footprint
13:32:55: [INFO] Add D54 footprint
13:32:55: [INFO] Add SW55 footprint
13:32:55: [INFO] Add D55 footprint
13:32:56: [INFO] Add SW55a footprint
13:32:56: [INFO] Add ST55a footprint
13:32:56: [INFO] Add SW56 footprint
13:32:56: [INFO] Add D56 footprint
13:32:56: [INFO] Add SW57 footprint
13:32:56: [INFO] Add D57 footprint
13:32:56: [INFO] Add SW58 footprint
13:32:56: [INFO] Add D58 footprint
13:32:56: [INFO] Add SW59 footprint
13:32:56: [INFO] Add D59 footprint
13:32:56: [INFO] Add SW60 footprint
13:32:56: [INFO] Add D60 footprint
13:32:56: [INFO] Add SW61 footprint
13:32:56: [INFO] Add D61 footprint
13:32:56: [INFO] Add SW62 footprint
13:32:56: [INFO] Add D62 footprint
13:32:56: [INFO] Add SW63 footprint
13:32:56: [INFO] Add D63 footprint
13:32:56: [WARNING] No stabilizer footprint for width 2.25u, using 2u as fallback
13:32:56: [INFO] Add ST63 footprint
13:32:56: [INFO] Add SW64 footprint
13:32:56: [INFO] Add D64 footprint
13:32:56: [INFO] Add SW65 footprint
13:32:56: [INFO] Add D65 footprint
13:32:56: [INFO] Add SW66 footprint
13:32:56: [INFO] Add D66 footprint
13:32:56: [INFO] Add SW67 footprint
13:32:56: [INFO] Add D67 footprint
13:32:56: [INFO] Add SW68 footprint
13:32:56: [INFO] Add D68 footprint
13:32:56: [INFO] Add SW69 footprint
13:32:56: [INFO] Add D69 footprint
13:32:56: [INFO] Add SW70 footprint
13:32:56: [INFO] Add D70 footprint
13:32:56: [INFO] Add SW71 footprint
13:32:56: [INFO] Add D71 footprint
13:32:57: [INFO] Add SW72 footprint
13:32:57: [INFO] Add D72 footprint
13:32:57: [INFO] Add ST72 footprint
13:32:57: [INFO] Add SW72a footprint
13:32:57: [INFO] Add SW73 footprint
13:32:57: [INFO] Add D73 footprint
13:32:57: [INFO] Add SW74 footprint
13:32:57: [INFO] Add D74 footprint
13:32:57: [INFO] Add SW75 footprint
13:32:57: [INFO] Add D75 footprint
13:32:57: [INFO] Add SW76 footprint
13:32:57: [INFO] Add D76 footprint
13:32:57: [INFO] Add SW77 footprint
13:32:57: [INFO] Add D77 footprint
13:32:57: [INFO] Add SW78 footprint
13:32:57: [INFO] Add D78 footprint
13:32:57: [INFO] Add SW79 footprint
13:32:57: [INFO] Add D79 footprint
13:32:57: [INFO] Add SW80 footprint
13:32:57: [INFO] Add D80 footprint
13:32:57: [WARNING] No stabilizer footprint for width 2.75u, using 2u as fallback
13:32:57: [INFO] Add ST80 footprint
13:32:57: [INFO] Add SW80a footprint
13:32:57: [INFO] Add SW81 footprint
13:32:57: [INFO] Add D81 footprint
13:32:57: [INFO] Add SW82 footprint
13:32:57: [INFO] Add D82 footprint
13:32:57: [INFO] Add SW82a footprint
13:32:57: [INFO] Add ST82a footprint
13:32:57: [INFO] Add SW83 footprint
13:32:57: [INFO] Add D83 footprint
13:32:57: [INFO] Add SW84 footprint
13:32:57: [INFO] Add D84 footprint
13:32:58: [INFO] Add SW85 footprint
13:32:58: [INFO] Add D85 footprint
13:32:58: [INFO] Add SW86 footprint
13:32:58: [INFO] Add D86 footprint
13:32:58: [INFO] Add SW87 footprint
13:32:58: [INFO] Add D87 footprint
13:32:58: [INFO] Add SW88 footprint
13:32:58: [INFO] Add D88 footprint
13:32:58: [INFO] Add SW89 footprint
13:32:58: [INFO] Add D89 footprint
13:32:58: [INFO] Add SW90 footprint
13:32:58: [INFO] Add D90 footprint
13:32:58: [INFO] Add ST90 footprint
13:32:58: [INFO] Add SW90a footprint
13:32:58: [INFO] Add SW91 footprint
13:32:58: [INFO] Add D91 footprint
13:32:58: [INFO] Add SW91a footprint
13:32:58: [INFO] Add ST91a footprint
13:32:58: [INFO] Add SW92 footprint
13:32:58: [INFO] Add D92 footprint
13:32:58: [INFO] Add SW93 footprint
13:32:58: [INFO] Add D93 footprint
13:32:58: [INFO] Add SW94 footprint
13:32:58: [INFO] Add D94 footprint
13:32:58: [INFO] Add SW95 footprint
13:32:58: [INFO] Add D95 footprint
13:32:58: [INFO] Add SW96 footprint
13:32:58: [INFO] Add D96 footprint
13:32:58: [INFO] Add SW97 footprint
13:32:58: [INFO] Add D97 footprint
13:32:58: [INFO] Add SW98 footprint
13:32:58: [INFO] Add D98 footprint
13:32:58: [INFO] Add SW99 footprint
13:32:58: [INFO] Add D99 footprint
13:32:58: [INFO] Add ST99 footprint
13:32:59: [INFO] Add SW100 footprint
13:32:59: [INFO] Add D100 footprint
13:32:59: [INFO] Add SW101 footprint
13:32:59: [INFO] Add D101 footprint
13:32:59: [INFO] Detected layout convertible to matrix annotated keyboard
13:32:59: [INFO] Using key 1U distance: (19.05, 19.05) mm
13:32:59: [INFO] Layout offset: (33337500, 28575000)
13:32:59: [INFO] Diode info: [ElementInfo(annotation_format='D{}', position_option=<PositionOption.CUSTOM: 'Custom'>, position=ElementPosition(x=5.08, y=4.0, orientation=90.0, side=<Side.BACK: 'Back'>), template_path='', start_index=-1)]
13:32:59: [INFO] Placing additional elements for SW101
13:32:59: [INFO] Placing additional elements for SW100
13:32:59: [INFO] Placing additional elements for SW99
13:32:59: [INFO] Placing additional elements for SW98
13:32:59: [INFO] Placing additional elements for SW97
13:32:59: [INFO] Placing additional elements for SW96
13:32:59: [INFO] Placing additional elements for SW95
13:32:59: [INFO] Placing additional elements for SW94
13:32:59: [INFO] Placing additional elements for SW93
13:32:59: [INFO] Placing additional elements for SW92
13:32:59: [INFO] Placing additional elements for SW91a
13:32:59: [INFO] Placing additional elements for SW91
13:32:59: [INFO] Placing additional elements for SW90a
13:32:59: [INFO] Placing additional elements for SW90
13:32:59: [INFO] Placing additional elements for SW89
13:32:59: [INFO] Placing additional elements for SW88
13:32:59: [INFO] Placing additional elements for SW87
13:32:59: [INFO] Placing additional elements for SW86
13:32:59: [INFO] Placing additional elements for SW85
13:32:59: [INFO] Placing additional elements for SW84
13:32:59: [INFO] Placing additional elements for SW83
13:32:59: [INFO] Placing additional elements for SW82a
13:32:59: [INFO] Placing additional elements for SW82
13:32:59: [INFO] Placing additional elements for SW81
13:32:59: [INFO] Placing additional elements for SW80a
13:32:59: [INFO] Placing additional elements for SW80
13:32:59: [INFO] Placing additional elements for SW79
13:32:59: [INFO] Placing additional elements for SW78
13:32:59: [INFO] Placing additional elements for SW77
13:32:59: [INFO] Placing additional elements for SW76
13:32:59: [INFO] Placing additional elements for SW75
13:32:59: [INFO] Placing additional elements for SW74
13:32:59: [INFO] Placing additional elements for SW73
13:32:59: [INFO] Placing additional elements for SW72a
13:32:59: [INFO] Placing additional elements for SW72
13:32:59: [INFO] Placing additional elements for SW71
13:32:59: [INFO] Placing additional elements for SW70
13:32:59: [INFO] Placing additional elements for SW69
13:32:59: [INFO] Placing additional elements for SW68
13:32:59: [INFO] Placing additional elements for SW67
13:32:59: [INFO] Placing additional elements for SW66
13:32:59: [INFO] Placing additional elements for SW65
13:32:59: [INFO] Placing additional elements for SW64
13:32:59: [INFO] Placing additional elements for SW63
13:32:59: [INFO] Placing additional elements for SW62
13:32:59: [INFO] Placing additional elements for SW61
13:32:59: [INFO] Placing additional elements for SW60
13:32:59: [INFO] Placing additional elements for SW59
13:32:59: [INFO] Placing additional elements for SW58
13:32:59: [INFO] Placing additional elements for SW57
13:32:59: [INFO] Placing additional elements for SW56
13:32:59: [INFO] Placing additional elements for SW55a
13:32:59: [INFO] Placing additional elements for SW55
13:32:59: [INFO] Placing additional elements for SW54
13:32:59: [INFO] Placing additional elements for SW53
13:32:59: [INFO] Placing additional elements for SW52
13:32:59: [INFO] Placing additional elements for SW51
13:32:59: [INFO] Placing additional elements for SW50
13:32:59: [INFO] Placing additional elements for SW49
13:32:59: [INFO] Placing additional elements for SW48
13:32:59: [INFO] Placing additional elements for SW47
13:32:59: [INFO] Placing additional elements for SW46
13:32:59: [INFO] Placing additional elements for SW45
13:32:59: [INFO] Placing additional elements for SW44
13:32:59: [INFO] Placing additional elements for SW43
13:32:59: [INFO] Placing additional elements for SW42
13:32:59: [INFO] Placing additional elements for SW41
13:32:59: [INFO] Placing additional elements for SW40
13:32:59: [INFO] Placing additional elements for SW39
13:32:59: [INFO] Placing additional elements for SW38
13:32:59: [INFO] Placing additional elements for SW37
13:32:59: [INFO] Placing additional elements for SW36a
13:32:59: [INFO] Placing additional elements for SW36
13:32:59: [INFO] Placing additional elements for SW35
13:32:59: [INFO] Placing additional elements for SW34
13:32:59: [INFO] Placing additional elements for SW33
13:32:59: [INFO] Placing additional elements for SW32
13:32:59: [INFO] Placing additional elements for SW31
13:32:59: [INFO] Placing additional elements for SW30
13:32:59: [INFO] Placing additional elements for SW29
13:32:59: [INFO] Placing additional elements for SW28
13:32:59: [INFO] Placing additional elements for SW27
13:32:59: [INFO] Placing additional elements for SW26
13:32:59: [INFO] Placing additional elements for SW25
13:32:59: [INFO] Placing additional elements for SW24
13:32:59: [INFO] Placing additional elements for SW23
13:32:59: [INFO] Placing additional elements for SW22
13:32:59: [INFO] Placing additional elements for SW21
13:32:59: [INFO] Placing additional elements for SW20
13:32:59: [INFO] Placing additional elements for SW19
13:32:59: [INFO] Placing additional elements for SW18
13:32:59: [INFO] Placing additional elements for SW17
13:32:59: [INFO] Placing additional elements for SW16
13:32:59: [INFO] Placing additional elements for SW15
13:32:59: [INFO] Placing additional elements for SW14
13:32:59: [INFO] Placing additional elements for SW13
13:32:59: [INFO] Placing additional elements for SW12
13:32:59: [INFO] Placing additional elements for SW11
13:32:59: [INFO] Placing additional elements for SW10
13:32:59: [INFO] Placing additional elements for SW9
13:32:59: [INFO] Placing additional elements for SW8
13:32:59: [INFO] Placing additional elements for SW7
13:32:59: [INFO] Placing additional elements for SW6
13:32:59: [INFO] Placing additional elements for SW5
13:32:59: [INFO] Placing additional elements for SW4
13:32:59: [INFO] Placing additional elements for SW3
13:32:59: [INFO] Placing additional elements for SW2
13:32:59: [INFO] Placing additional elements for SW1
13:32:59: [INFO] Routing SW101 with D101
13:32:59: [INFO] Using internal autorouter method
13:32:59: [INFO] Routing pad 'SW101:2' at (635952500, 133032500) with pad 'D101:2' at (638492500, 140712500) using coordinate system rotated by 0 degree(s)
13:32:59: [INFO] Adding track segment (B.Cu): [(635952500, 133032500), (635952500, 138172500)]
13:32:59: [INFO] Adding track segment (B.Cu): [(635952500, 138172500), (638492500, 140712500)]
13:32:59: [INFO] Routing SW100 with D100
13:32:59: [INFO] Using internal autorouter method
13:32:59: [INFO] Routing pad 'SW100:2' at (588327500, 133032500) with pad 'D100:2' at (590867500, 140712500) using coordinate system rotated by 0 degree(s)
13:32:59: [INFO] Adding track segment (B.Cu): [(588327500, 133032500), (588327500, 138172500)]
13:32:59: [INFO] Adding track segment (B.Cu): [(588327500, 138172500), (590867500, 140712500)]
13:32:59: [INFO] Routing SW99 with D99
13:32:59: [INFO] Using internal autorouter method
13:32:59: [INFO] Routing pad 'SW99:2' at (507365000, 133032500) with pad 'D99:2' at (509905000, 140712500) using coordinate system rotated by 0 degree(s)
13:32:59: [INFO] Adding track segment (B.Cu): [(507365000, 133032500), (507365000, 138172500)]
13:32:59: [INFO] Adding track segment (B.Cu): [(507365000, 138172500), (509905000, 140712500)]
13:32:59: [INFO] Routing SW98 with D98
13:32:59: [INFO] Using internal autorouter method
13:32:59: [INFO] Routing pad 'SW98:2' at (431165000, 133032500) with pad 'D98:2' at (433705000, 140712500) using coordinate system rotated by 0 degree(s)
13:32:59: [INFO] Adding track segment (B.Cu): [(431165000, 133032500), (431165000, 138172500)]
13:32:59: [INFO] Adding track segment (B.Cu): [(431165000, 138172500), (433705000, 140712500)]
13:32:59: [INFO] Routing SW97 with D97
13:32:59: [INFO] Using internal autorouter method
13:32:59: [INFO] Routing pad 'SW97:2' at (388302500, 137795000) with pad 'D97:2' at (390842500, 145475000) using coordinate system rotated by 0 degree(s)
13:32:59: [INFO] Adding track segment (B.Cu): [(388302500, 137795000), (388302500, 142935000)]
13:32:59: [INFO] Adding track segment (B.Cu): [(388302500, 142935000), (390842500, 145475000)]
13:32:59: [INFO] Routing SW96 with D96
13:32:59: [INFO] Using internal autorouter method
13:32:59: [INFO] Routing pad 'SW96:2' at (350202500, 137795000) with pad 'D96:2' at (352742500, 145475000) using coordinate system rotated by 0 degree(s)
13:32:59: [INFO] Adding track segment (B.Cu): [(350202500, 137795000), (350202500, 142935000)]
13:32:59: [INFO] Adding track segment (B.Cu): [(350202500, 142935000), (352742500, 145475000)]
13:32:59: [INFO] Routing SW95 with D95
13:32:59: [INFO] Using internal autorouter method
13:32:59: [INFO] Routing pad 'SW95:2' at (307340000, 133032500) with pad 'D95:2' at (309880000, 140712500) using coordinate system rotated by 0 degree(s)
13:32:59: [INFO] Adding track segment (B.Cu): [(307340000, 133032500), (307340000, 138172500)]
13:32:59: [INFO] Adding track segment (B.Cu): [(307340000, 138172500), (309880000, 140712500)]
13:32:59: [INFO] Routing SW94 with D94
13:32:59: [INFO] Using internal autorouter method
13:32:59: [INFO] Routing pad 'SW94:2' at (612140000, 133032500) with pad 'D94:2' at (614680000, 140712500) using coordinate system rotated by 0 degree(s)
13:32:59: [INFO] Adding track segment (B.Cu): [(612140000, 133032500), (612140000, 138172500)]
13:32:59: [INFO] Adding track segment (B.Cu): [(612140000, 138172500), (614680000, 140712500)]
13:32:59: [INFO] Routing SW93 with D93
13:32:59: [INFO] Using internal autorouter method
13:32:59: [INFO] Routing pad 'SW93:2' at (412115000, 133032500) with pad 'D93:2' at (414655000, 140712500) using coordinate system rotated by 0 degree(s)
13:32:59: [INFO] Adding track segment (B.Cu): [(412115000, 133032500), (412115000, 138172500)]
13:32:59: [INFO] Adding track segment (B.Cu): [(412115000, 138172500), (414655000, 140712500)]
13:32:59: [INFO] Routing SW92 with D92
13:32:59: [INFO] Using internal autorouter method
13:32:59: [INFO] Routing pad 'SW92:2' at (369252500, 137795000) with pad 'D92:2' at (371792500, 145475000) using coordinate system rotated by 0 degree(s)
13:32:59: [INFO] Adding track segment (B.Cu): [(369252500, 137795000), (369252500, 142935000)]
13:32:59: [INFO] Adding track segment (B.Cu): [(369252500, 142935000), (371792500, 145475000)]
13:32:59: [INFO] Routing SW91a with D91
13:32:59: [INFO] Using internal autorouter method
13:32:59: [INFO] Routing pad 'SW91a:2' at (316865000, 133032500) with pad 'D91:2' at (328930000, 140712500) using coordinate system rotated by 0 degree(s)
13:32:59: [INFO] Routing SW91 with D91
13:32:59: [INFO] Using internal autorouter method
13:32:59: [INFO] Routing pad 'SW91:2' at (326390000, 133032500) with pad 'D91:2' at (328930000, 140712500) using coordinate system rotated by 0 degree(s)
13:32:59: [INFO] Adding track segment (B.Cu): [(326390000, 133032500), (326390000, 138172500)]
13:32:59: [INFO] Adding track segment (B.Cu): [(326390000, 138172500), (328930000, 140712500)]
13:32:59: [INFO] Routing SW90a with D90
13:32:59: [INFO] Using internal autorouter method
13:32:59: [INFO] Routing pad 'SW90a:2' at (297815000, 133032500) with pad 'D90:2' at (290830000, 140712500) using coordinate system rotated by 0 degree(s)
13:32:59: [INFO] Routing SW90 with D90
13:32:59: [INFO] Using internal autorouter method
13:32:59: [INFO] Routing pad 'SW90:2' at (288290000, 133032500) with pad 'D90:2' at (290830000, 140712500) using coordinate system rotated by 0 degree(s)
13:32:59: [INFO] Adding track segment (B.Cu): [(288290000, 133032500), (288290000, 138172500)]
13:32:59: [INFO] Adding track segment (B.Cu): [(288290000, 138172500), (290830000, 140712500)]
13:32:59: [INFO] Routing SW89 with D89
13:32:59: [INFO] Using internal autorouter method
13:32:59: [INFO] Routing pad 'SW89:2' at (640715000, 113982500) with pad 'D89:2' at (643255000, 121662500) using coordinate system rotated by 0 degree(s)
13:32:59: [INFO] Adding track segment (B.Cu): [(640715000, 113982500), (640715000, 119122500)]
13:32:59: [INFO] Adding track segment (B.Cu): [(640715000, 119122500), (643255000, 121662500)]
13:32:59: [INFO] Routing SW88 with D88
13:32:59: [INFO] Using internal autorouter method
13:32:59: [INFO] Routing pad 'SW88:2' at (588327500, 113982500) with pad 'D88:2' at (590867500, 121662500) using coordinate system rotated by 0 degree(s)
13:32:59: [INFO] Adding track segment (B.Cu): [(588327500, 113982500), (588327500, 119122500)]
13:32:59: [INFO] Adding track segment (B.Cu): [(588327500, 119122500), (590867500, 121662500)]
13:32:59: [INFO] Routing SW87 with D87
13:32:59: [INFO] Using internal autorouter method
13:32:59: [INFO] Routing pad 'SW87:2' at (550227500, 113982500) with pad 'D87:2' at (552767500, 121662500) using coordinate system rotated by 0 degree(s)
13:32:59: [INFO] Adding track segment (B.Cu): [(550227500, 113982500), (550227500, 119122500)]
13:32:59: [INFO] Adding track segment (B.Cu): [(550227500, 119122500), (552767500, 121662500)]
13:32:59: [INFO] Routing SW86 with D86
13:32:59: [INFO] Using internal autorouter method
13:32:59: [INFO] Routing pad 'SW86:2' at (512127500, 113982500) with pad 'D86:2' at (514667500, 121662500) using coordinate system rotated by 0 degree(s)
13:32:59: [INFO] Adding track segment (B.Cu): [(512127500, 113982500), (512127500, 119122500)]
13:32:59: [INFO] Adding track segment (B.Cu): [(512127500, 119122500), (514667500, 121662500)]
13:32:59: [INFO] Routing SW85 with D85
13:32:59: [INFO] Using internal autorouter method
13:32:59: [INFO] Routing pad 'SW85:2' at (474027500, 113982500) with pad 'D85:2' at (476567500, 121662500) using coordinate system rotated by 0 degree(s)
13:32:59: [INFO] Adding track segment (B.Cu): [(474027500, 113982500), (474027500, 119122500)]
13:32:59: [INFO] Adding track segment (B.Cu): [(474027500, 119122500), (476567500, 121662500)]
13:32:59: [INFO] Routing SW84 with D84
13:32:59: [INFO] Using internal autorouter method
13:32:59: [INFO] Routing pad 'SW84:2' at (435927500, 113982500) with pad 'D84:2' at (438467500, 121662500) using coordinate system rotated by 0 degree(s)
13:32:59: [INFO] Adding track segment (B.Cu): [(435927500, 113982500), (435927500, 119122500)]
13:32:59: [INFO] Adding track segment (B.Cu): [(435927500, 119122500), (438467500, 121662500)]
13:32:59: [INFO] Routing SW83 with D83
13:32:59: [INFO] Using internal autorouter method
13:32:59: [INFO] Routing pad 'SW83:2' at (395446250, 113982500) with pad 'D83:2' at (397986250, 121662500) using coordinate system rotated by 0 degree(s)
13:32:59: [INFO] Adding track segment (B.Cu): [(395446250, 113982500), (395446250, 119122500)]
13:32:59: [INFO] Adding track segment (B.Cu): [(395446250, 119122500), (397986250, 121662500)]
13:32:59: [INFO] Routing SW82a with D82
13:32:59: [INFO] Using internal autorouter method
13:32:59: [INFO] Routing pad 'SW82a:2' at (345440000, 104457500) with pad 'D82:2' at (347980000, 121662500) using coordinate system rotated by 0 degree(s)
13:32:59: [INFO] Adding track segment (B.Cu): [(345440000, 104457500), (345440000, 119122500)]
13:32:59: [INFO] Adding track segment (B.Cu): [(345440000, 119122500), (347980000, 121662500)]
13:32:59: [INFO] Routing SW82 with D82
13:32:59: [INFO] Using internal autorouter method
13:32:59: [INFO] Routing pad 'SW82:2' at (345440000, 113982500) with pad 'D82:2' at (347980000, 121662500) using coordinate system rotated by 0 degree(s)
13:32:59: [INFO] Adding track segment (B.Cu): [(345440000, 113982500), (345440000, 119122500)]
13:32:59: [INFO] Adding track segment (B.Cu): [(345440000, 119122500), (347980000, 121662500)]
13:32:59: [INFO] Routing SW81 with D81
13:32:59: [INFO] Using internal autorouter method
13:32:59: [INFO] Routing pad 'SW81:2' at (307340000, 113982500) with pad 'D81:2' at (309880000, 121662500) using coordinate system rotated by 0 degree(s)
13:32:59: [INFO] Adding track segment (B.Cu): [(307340000, 113982500), (307340000, 119122500)]
13:32:59: [INFO] Adding track segment (B.Cu): [(307340000, 119122500), (309880000, 121662500)]
13:32:59: [INFO] Routing SW80a with D80
13:32:59: [INFO] Using internal autorouter method
13:32:59: [INFO] Routing pad 'SW80a:2' at (614521250, 113982500) with pad 'D80:2' at (626586250, 121662500) using coordinate system rotated by 0 degree(s)
13:32:59: [INFO] Routing SW80 with D80
13:32:59: [INFO] Using internal autorouter method
13:32:59: [INFO] Routing pad 'SW80:2' at (624046250, 113982500) with pad 'D80:2' at (626586250, 121662500) using coordinate system rotated by 0 degree(s)
13:32:59: [INFO] Adding track segment (B.Cu): [(624046250, 113982500), (624046250, 119122500)]
13:32:59: [INFO] Adding track segment (B.Cu): [(624046250, 119122500), (626586250, 121662500)]
13:32:59: [INFO] Routing SW79 with D79
13:32:59: [INFO] Using internal autorouter method
13:32:59: [INFO] Routing pad 'SW79:2' at (569277500, 113982500) with pad 'D79:2' at (571817500, 121662500) using coordinate system rotated by 0 degree(s)
13:32:59: [INFO] Adding track segment (B.Cu): [(569277500, 113982500), (569277500, 119122500)]
13:32:59: [INFO] Adding track segment (B.Cu): [(569277500, 119122500), (571817500, 121662500)]
13:32:59: [INFO] Routing SW78 with D78
13:32:59: [INFO] Using internal autorouter method
13:32:59: [INFO] Routing pad 'SW78:2' at (531177500, 113982500) with pad 'D78:2' at (533717500, 121662500) using coordinate system rotated by 0 degree(s)
13:32:59: [INFO] Adding track segment (B.Cu): [(531177500, 113982500), (531177500, 119122500)]
13:32:59: [INFO] Adding track segment (B.Cu): [(531177500, 119122500), (533717500, 121662500)]
13:32:59: [INFO] Routing SW77 with D77
13:32:59: [INFO] Using internal autorouter method
13:32:59: [INFO] Routing pad 'SW77:2' at (493077500, 113982500) with pad 'D77:2' at (495617500, 121662500) using coordinate system rotated by 0 degree(s)
13:33:00: [INFO] Adding track segment (B.Cu): [(493077500, 113982500), (493077500, 119122500)]
13:33:00: [INFO] Adding track segment (B.Cu): [(493077500, 119122500), (495617500, 121662500)]
13:33:00: [INFO] Routing SW76 with D76
13:33:00: [INFO] Using internal autorouter method
13:33:00: [INFO] Routing pad 'SW76:2' at (454977500, 113982500) with pad 'D76:2' at (457517500, 121662500) using coordinate system rotated by 0 degree(s)
13:33:00: [INFO] Adding track segment (B.Cu): [(454977500, 113982500), (454977500, 119122500)]
13:33:00: [INFO] Adding track segment (B.Cu): [(454977500, 119122500), (457517500, 121662500)]
13:33:00: [INFO] Routing SW75 with D75
13:33:00: [INFO] Using internal autorouter method
13:33:00: [INFO] Routing pad 'SW75:2' at (416877500, 113982500) with pad 'D75:2' at (419417500, 121662500) using coordinate system rotated by 0 degree(s)
13:33:00: [INFO] Adding track segment (B.Cu): [(416877500, 113982500), (416877500, 119122500)]
13:33:00: [INFO] Adding track segment (B.Cu): [(416877500, 119122500), (419417500, 121662500)]
13:33:00: [INFO] Routing SW74 with D74
13:33:00: [INFO] Using internal autorouter method
13:33:00: [INFO] Routing pad 'SW74:2' at (369252500, 118745000) with pad 'D74:2' at (371792500, 126425000) using coordinate system rotated by 0 degree(s)
13:33:00: [INFO] Adding track segment (B.Cu): [(369252500, 118745000), (369252500, 123885000)]
13:33:00: [INFO] Adding track segment (B.Cu): [(369252500, 123885000), (371792500, 126425000)]
13:33:00: [INFO] Routing SW73 with D73
13:33:00: [INFO] Using internal autorouter method
13:33:00: [INFO] Routing pad 'SW73:2' at (326390000, 113982500) with pad 'D73:2' at (328930000, 121662500) using coordinate system rotated by 0 degree(s)
13:33:00: [INFO] Adding track segment (B.Cu): [(326390000, 113982500), (326390000, 119122500)]
13:33:00: [INFO] Adding track segment (B.Cu): [(326390000, 119122500), (328930000, 121662500)]
13:33:00: [INFO] Routing SW72a with D72
13:33:00: [INFO] Using internal autorouter method
13:33:00: [INFO] Routing pad 'SW72a:2' at (288290000, 113982500) with pad 'D72:2' at (290830000, 131187500) using coordinate system rotated by 0 degree(s)
13:33:00: [INFO] Adding track segment (B.Cu): [(288290000, 113982500), (288290000, 128647500)]
13:33:00: [INFO] Adding track segment (B.Cu): [(288290000, 128647500), (290830000, 131187500)]
13:33:00: [INFO] Routing SW72 with D72
13:33:00: [INFO] Using internal autorouter method
13:33:00: [INFO] Routing pad 'SW72:2' at (288290000, 123507500) with pad 'D72:2' at (290830000, 131187500) using coordinate system rotated by 0 degree(s)
13:33:00: [INFO] Adding track segment (B.Cu): [(288290000, 123507500), (288290000, 128647500)]
13:33:00: [INFO] Adding track segment (B.Cu): [(288290000, 128647500), (290830000, 131187500)]
13:33:00: [INFO] Routing SW71 with D71
13:33:00: [INFO] Using internal autorouter method
13:33:00: [INFO] Routing pad 'SW71:2' at (597852500, 94932500) with pad 'D71:2' at (600392500, 102612500) using coordinate system rotated by 0 degree(s)
13:33:00: [INFO] Adding track segment (B.Cu): [(597852500, 94932500), (597852500, 100072500)]
13:33:00: [INFO] Adding track segment (B.Cu): [(597852500, 100072500), (600392500, 102612500)]
13:33:00: [INFO] Routing SW70 with D70
13:33:00: [INFO] Using internal autorouter method
13:33:00: [INFO] Routing pad 'SW70:2' at (559752500, 94932500) with pad 'D70:2' at (562292500, 102612500) using coordinate system rotated by 0 degree(s)
13:33:00: [INFO] Adding track segment (B.Cu): [(559752500, 94932500), (559752500, 100072500)]
13:33:00: [INFO] Adding track segment (B.Cu): [(559752500, 100072500), (562292500, 102612500)]
13:33:00: [INFO] Routing SW69 with D69
13:33:00: [INFO] Using internal autorouter method
13:33:00: [INFO] Routing pad 'SW69:2' at (521652500, 94932500) with pad 'D69:2' at (524192500, 102612500) using coordinate system rotated by 0 degree(s)
13:33:00: [INFO] Adding track segment (B.Cu): [(521652500, 94932500), (521652500, 100072500)]
13:33:00: [INFO] Adding track segment (B.Cu): [(521652500, 100072500), (524192500, 102612500)]
13:33:00: [INFO] Routing SW68 with D68
13:33:00: [INFO] Using internal autorouter method
13:33:00: [INFO] Routing pad 'SW68:2' at (483552500, 94932500) with pad 'D68:2' at (486092500, 102612500) using coordinate system rotated by 0 degree(s)
13:33:00: [INFO] Adding track segment (B.Cu): [(483552500, 94932500), (483552500, 100072500)]
13:33:00: [INFO] Adding track segment (B.Cu): [(483552500, 100072500), (486092500, 102612500)]
13:33:00: [INFO] Routing SW67 with D67
13:33:00: [INFO] Using internal autorouter method
13:33:00: [INFO] Routing pad 'SW67:2' at (445452500, 94932500) with pad 'D67:2' at (447992500, 102612500) using coordinate system rotated by 0 degree(s)
13:33:00: [INFO] Adding track segment (B.Cu): [(445452500, 94932500), (445452500, 100072500)]
13:33:00: [INFO] Adding track segment (B.Cu): [(445452500, 100072500), (447992500, 102612500)]
13:33:00: [INFO] Routing SW66 with D66
13:33:00: [INFO] Using internal autorouter method
13:33:00: [INFO] Routing pad 'SW66:2' at (407352500, 94932500) with pad 'D66:2' at (409892500, 102612500) using coordinate system rotated by 0 degree(s)
13:33:00: [INFO] Adding track segment (B.Cu): [(407352500, 94932500), (407352500, 100072500)]
13:33:00: [INFO] Adding track segment (B.Cu): [(407352500, 100072500), (409892500, 102612500)]
13:33:00: [INFO] Routing SW65 with D65
13:33:00: [INFO] Using internal autorouter method
13:33:00: [INFO] Routing pad 'SW65:2' at (345440000, 94932500) with pad 'D65:2' at (347980000, 102612500) using coordinate system rotated by 0 degree(s)
13:33:00: [INFO] Adding track segment (B.Cu): [(345440000, 94932500), (345440000, 100072500)]
13:33:00: [INFO] Adding track segment (B.Cu): [(345440000, 100072500), (347980000, 102612500)]
13:33:00: [INFO] Routing SW64 with D64
13:33:00: [INFO] Using internal autorouter method
13:33:00: [INFO] Routing pad 'SW64:2' at (307340000, 94932500) with pad 'D64:2' at (309880000, 102612500) using coordinate system rotated by 0 degree(s)
13:33:00: [INFO] Adding track segment (B.Cu): [(307340000, 94932500), (307340000, 100072500)]
13:33:00: [INFO] Adding track segment (B.Cu): [(307340000, 100072500), (309880000, 102612500)]
13:33:00: [INFO] Routing SW63 with D63
13:33:00: [INFO] Using internal autorouter method
13:33:00: [INFO] Routing pad 'SW63:2' at (628808750, 94932500) with pad 'D63:2' at (631348750, 102612500) using coordinate system rotated by 0 degree(s)
13:33:00: [INFO] Adding track segment (B.Cu): [(628808750, 94932500), (628808750, 100072500)]
13:33:00: [INFO] Adding track segment (B.Cu): [(628808750, 100072500), (631348750, 102612500)]
13:33:00: [INFO] Routing SW62 with D62
13:33:00: [INFO] Using internal autorouter method
13:33:00: [INFO] Routing pad 'SW62:2' at (578802500, 94932500) with pad 'D62:2' at (581342500, 102612500) using coordinate system rotated by 0 degree(s)
13:33:00: [INFO] Adding track segment (B.Cu): [(578802500, 94932500), (578802500, 100072500)]
13:33:00: [INFO] Adding track segment (B.Cu): [(578802500, 100072500), (581342500, 102612500)]
13:33:00: [INFO] Routing SW61 with D61
13:33:00: [INFO] Using internal autorouter method
13:33:00: [INFO] Routing pad 'SW61:2' at (540702500, 94932500) with pad 'D61:2' at (543242500, 102612500) using coordinate system rotated by 0 degree(s)
13:33:00: [INFO] Adding track segment (B.Cu): [(540702500, 94932500), (540702500, 100072500)]
13:33:00: [INFO] Adding track segment (B.Cu): [(540702500, 100072500), (543242500, 102612500)]
13:33:00: [INFO] Routing SW60 with D60
13:33:00: [INFO] Using internal autorouter method
13:33:00: [INFO] Routing pad 'SW60:2' at (502602500, 94932500) with pad 'D60:2' at (505142500, 102612500) using coordinate system rotated by 0 degree(s)
13:33:00: [INFO] Adding track segment (B.Cu): [(502602500, 94932500), (502602500, 100072500)]
13:33:00: [INFO] Adding track segment (B.Cu): [(502602500, 100072500), (505142500, 102612500)]
13:33:00: [INFO] Routing SW59 with D59
13:33:00: [INFO] Using internal autorouter method
13:33:00: [INFO] Routing pad 'SW59:2' at (464502500, 94932500) with pad 'D59:2' at (467042500, 102612500) using coordinate system rotated by 0 degree(s)
13:33:00: [INFO] Adding track segment (B.Cu): [(464502500, 94932500), (464502500, 100072500)]
13:33:00: [INFO] Adding track segment (B.Cu): [(464502500, 100072500), (467042500, 102612500)]
13:33:00: [INFO] Routing SW58 with D58
13:33:00: [INFO] Using internal autorouter method
13:33:00: [INFO] Routing pad 'SW58:2' at (426402500, 94932500) with pad 'D58:2' at (428942500, 102612500) using coordinate system rotated by 0 degree(s)
13:33:00: [INFO] Adding track segment (B.Cu): [(426402500, 94932500), (426402500, 100072500)]
13:33:00: [INFO] Adding track segment (B.Cu): [(426402500, 100072500), (428942500, 102612500)]
13:33:00: [INFO] Routing SW57 with D57
13:33:00: [INFO] Using internal autorouter method
13:33:00: [INFO] Routing pad 'SW57:2' at (381158750, 94932500) with pad 'D57:2' at (383698750, 102612500) using coordinate system rotated by 0 degree(s)
13:33:00: [INFO] Adding track segment (B.Cu): [(381158750, 94932500), (381158750, 100072500)]
13:33:00: [INFO] Adding track segment (B.Cu): [(381158750, 100072500), (383698750, 102612500)]
13:33:00: [INFO] Routing SW56 with D56
13:33:00: [INFO] Using internal autorouter method
13:33:00: [INFO] Routing pad 'SW56:2' at (326390000, 94932500) with pad 'D56:2' at (328930000, 102612500) using coordinate system rotated by 0 degree(s)
13:33:00: [INFO] Adding track segment (B.Cu): [(326390000, 94932500), (326390000, 100072500)]
13:33:00: [INFO] Adding track segment (B.Cu): [(326390000, 100072500), (328930000, 102612500)]
13:33:00: [INFO] Routing SW55a with D55
13:33:00: [INFO] Using internal autorouter method
13:33:00: [INFO] Routing pad 'SW55a:2' at (288290000, 85407500) with pad 'D55:2' at (290830000, 102612500) using coordinate system rotated by 0 degree(s)
13:33:00: [INFO] Adding track segment (B.Cu): [(288290000, 85407500), (288290000, 100072500)]
13:33:00: [INFO] Adding track segment (B.Cu): [(288290000, 100072500), (290830000, 102612500)]
13:33:00: [INFO] Routing SW55 with D55
13:33:00: [INFO] Using internal autorouter method
13:33:00: [INFO] Routing pad 'SW55:2' at (288290000, 94932500) with pad 'D55:2' at (290830000, 102612500) using coordinate system rotated by 0 degree(s)
13:33:00: [INFO] Adding track segment (B.Cu): [(288290000, 94932500), (288290000, 100072500)]
13:33:00: [INFO] Adding track segment (B.Cu): [(288290000, 100072500), (290830000, 102612500)]
13:33:00: [INFO] Routing SW54 with D54
13:33:00: [INFO] Using internal autorouter method
13:33:00: [INFO] Routing pad 'SW54:2' at (635952500, 75882500) with pad 'D54:2' at (638492500, 83562500) using coordinate system rotated by 0 degree(s)
13:33:00: [INFO] Adding track segment (B.Cu): [(635952500, 75882500), (635952500, 81022500)]
13:33:00: [INFO] Adding track segment (B.Cu): [(635952500, 81022500), (638492500, 83562500)]
13:33:00: [INFO] Routing SW53 with D53
13:33:00: [INFO] Using internal autorouter method
13:33:00: [INFO] Routing pad 'SW53:2' at (593090000, 75882500) with pad 'D53:2' at (595630000, 83562500) using coordinate system rotated by 0 degree(s)
13:33:00: [INFO] Adding track segment (B.Cu): [(593090000, 75882500), (593090000, 81022500)]
13:33:00: [INFO] Adding track segment (B.Cu): [(593090000, 81022500), (595630000, 83562500)]
13:33:00: [INFO] Routing SW52 with D52
13:33:00: [INFO] Using internal autorouter method
13:33:00: [INFO] Routing pad 'SW52:2' at (554990000, 75882500) with pad 'D52:2' at (557530000, 83562500) using coordinate system rotated by 0 degree(s)
13:33:00: [INFO] Adding track segment (B.Cu): [(554990000, 75882500), (554990000, 81022500)]
13:33:00: [INFO] Adding track segment (B.Cu): [(554990000, 81022500), (557530000, 83562500)]
13:33:00: [INFO] Routing SW51 with D51
13:33:00: [INFO] Using internal autorouter method
13:33:00: [INFO] Routing pad 'SW51:2' at (516890000, 75882500) with pad 'D51:2' at (519430000, 83562500) using coordinate system rotated by 0 degree(s)
13:33:00: [INFO] Adding track segment (B.Cu): [(516890000, 75882500), (516890000, 81022500)]
13:33:00: [INFO] Adding track segment (B.Cu): [(516890000, 81022500), (519430000, 83562500)]
13:33:00: [INFO] Routing SW50 with D50
13:33:00: [INFO] Using internal autorouter method
13:33:00: [INFO] Routing pad 'SW50:2' at (478790000, 75882500) with pad 'D50:2' at (481330000, 83562500) using coordinate system rotated by 0 degree(s)
13:33:00: [INFO] Adding track segment (B.Cu): [(478790000, 75882500), (478790000, 81022500)]
13:33:00: [INFO] Adding track segment (B.Cu): [(478790000, 81022500), (481330000, 83562500)]
13:33:00: [INFO] Routing SW49 with D49
13:33:00: [INFO] Using internal autorouter method
13:33:00: [INFO] Routing pad 'SW49:2' at (440690000, 75882500) with pad 'D49:2' at (443230000, 83562500) using coordinate system rotated by 0 degree(s)
13:33:00: [INFO] Adding track segment (B.Cu): [(440690000, 75882500), (440690000, 81022500)]
13:33:00: [INFO] Adding track segment (B.Cu): [(440690000, 81022500), (443230000, 83562500)]
13:33:00: [INFO] Routing SW48 with D48
13:33:00: [INFO] Using internal autorouter method
13:33:00: [INFO] Routing pad 'SW48:2' at (402590000, 75882500) with pad 'D48:2' at (405130000, 83562500) using coordinate system rotated by 0 degree(s)
13:33:00: [INFO] Adding track segment (B.Cu): [(402590000, 75882500), (402590000, 81022500)]
13:33:00: [INFO] Adding track segment (B.Cu): [(402590000, 81022500), (405130000, 83562500)]
13:33:00: [INFO] Routing SW47 with D47
13:33:00: [INFO] Using internal autorouter method
13:33:00: [INFO] Routing pad 'SW47:2' at (345440000, 75882500) with pad 'D47:2' at (347980000, 83562500) using coordinate system rotated by 0 degree(s)
13:33:00: [INFO] Adding track segment (B.Cu): [(345440000, 75882500), (345440000, 81022500)]
13:33:00: [INFO] Adding track segment (B.Cu): [(345440000, 81022500), (347980000, 83562500)]
13:33:00: [INFO] Routing SW46 with D46
13:33:00: [INFO] Using internal autorouter method
13:33:00: [INFO] Routing pad 'SW46:2' at (307340000, 75882500) with pad 'D46:2' at (309880000, 83562500) using coordinate system rotated by 0 degree(s)
13:33:00: [INFO] Adding track segment (B.Cu): [(307340000, 75882500), (307340000, 81022500)]
13:33:00: [INFO] Adding track segment (B.Cu): [(307340000, 81022500), (309880000, 83562500)]
13:33:00: [INFO] Routing SW45 with D45
13:33:00: [INFO] Using internal autorouter method
13:33:00: [INFO] Routing pad 'SW45:2' at (612140000, 75882500) with pad 'D45:2' at (614680000, 83562500) using coordinate system rotated by 0 degree(s)
13:33:00: [INFO] Adding track segment (B.Cu): [(612140000, 75882500), (612140000, 81022500)]
13:33:00: [INFO] Adding track segment (B.Cu): [(612140000, 81022500), (614680000, 83562500)]
13:33:00: [INFO] Routing SW44 with D44
13:33:00: [INFO] Using internal autorouter method
13:33:00: [INFO] Routing pad 'SW44:2' at (574040000, 75882500) with pad 'D44:2' at (576580000, 83562500) using coordinate system rotated by 0 degree(s)
13:33:00: [INFO] Adding track segment (B.Cu): [(574040000, 75882500), (574040000, 81022500)]
13:33:00: [INFO] Adding track segment (B.Cu): [(574040000, 81022500), (576580000, 83562500)]
13:33:00: [INFO] Routing SW43 with D43
13:33:00: [INFO] Using internal autorouter method
13:33:00: [INFO] Routing pad 'SW43:2' at (535940000, 75882500) with pad 'D43:2' at (538480000, 83562500) using coordinate system rotated by 0 degree(s)
13:33:00: [INFO] Adding track segment (B.Cu): [(535940000, 75882500), (535940000, 81022500)]
13:33:01: [INFO] Adding track segment (B.Cu): [(535940000, 81022500), (538480000, 83562500)]
13:33:01: [INFO] Routing SW42 with D42
13:33:01: [INFO] Using internal autorouter method
13:33:01: [INFO] Routing pad 'SW42:2' at (497840000, 75882500) with pad 'D42:2' at (500380000, 83562500) using coordinate system rotated by 0 degree(s)
13:33:01: [INFO] Adding track segment (B.Cu): [(497840000, 75882500), (497840000, 81022500)]
13:33:01: [INFO] Adding track segment (B.Cu): [(497840000, 81022500), (500380000, 83562500)]
13:33:01: [INFO] Routing SW41 with D41
13:33:01: [INFO] Using internal autorouter method
13:33:01: [INFO] Routing pad 'SW41:2' at (459740000, 75882500) with pad 'D41:2' at (462280000, 83562500) using coordinate system rotated by 0 degree(s)
13:33:01: [INFO] Adding track segment (B.Cu): [(459740000, 75882500), (459740000, 81022500)]
13:33:01: [INFO] Adding track segment (B.Cu): [(459740000, 81022500), (462280000, 83562500)]
13:33:01: [INFO] Routing SW40 with D40
13:33:01: [INFO] Using internal autorouter method
13:33:01: [INFO] Routing pad 'SW40:2' at (421640000, 75882500) with pad 'D40:2' at (424180000, 83562500) using coordinate system rotated by 0 degree(s)
13:33:01: [INFO] Adding track segment (B.Cu): [(421640000, 75882500), (421640000, 81022500)]
13:33:01: [INFO] Adding track segment (B.Cu): [(421640000, 81022500), (424180000, 83562500)]
13:33:01: [INFO] Routing SW39 with D39
13:33:01: [INFO] Using internal autorouter method
13:33:01: [INFO] Routing pad 'SW39:2' at (378777500, 75882500) with pad 'D39:2' at (381317500, 83562500) using coordinate system rotated by 0 degree(s)
13:33:01: [INFO] Adding track segment (B.Cu): [(378777500, 75882500), (378777500, 81022500)]
13:33:01: [INFO] Adding track segment (B.Cu): [(378777500, 81022500), (381317500, 83562500)]
13:33:01: [INFO] Routing SW38 with D38
13:33:01: [INFO] Using internal autorouter method
13:33:01: [INFO] Routing pad 'SW38:2' at (326390000, 75882500) with pad 'D38:2' at (328930000, 83562500) using coordinate system rotated by 0 degree(s)
13:33:01: [INFO] Adding track segment (B.Cu): [(326390000, 75882500), (326390000, 81022500)]
13:33:01: [INFO] Adding track segment (B.Cu): [(326390000, 81022500), (328930000, 83562500)]
13:33:01: [INFO] Routing SW37 with D37
13:33:01: [INFO] Using internal autorouter method
13:33:01: [INFO] Routing pad 'SW37:2' at (288290000, 75882500) with pad 'D37:2' at (290830000, 83562500) using coordinate system rotated by 0 degree(s)
13:33:01: [INFO] Adding track segment (B.Cu): [(288290000, 75882500), (288290000, 81022500)]
13:33:01: [INFO] Adding track segment (B.Cu): [(288290000, 81022500), (290830000, 83562500)]
13:33:01: [INFO] Routing SW36a with D36
13:33:01: [INFO] Using internal autorouter method
13:33:01: [INFO] Routing pad 'SW36a:2' at (621665000, 56832500) with pad 'D36:2' at (633730000, 64512500) using coordinate system rotated by 0 degree(s)
13:33:01: [INFO] Routing SW36 with D36
13:33:01: [INFO] Using internal autorouter method
13:33:01: [INFO] Routing pad 'SW36:2' at (631190000, 56832500) with pad 'D36:2' at (633730000, 64512500) using coordinate system rotated by 0 degree(s)
13:33:01: [INFO] Adding track segment (B.Cu): [(631190000, 56832500), (631190000, 61972500)]
13:33:01: [INFO] Adding track segment (B.Cu): [(631190000, 61972500), (633730000, 64512500)]
13:33:01: [INFO] Routing SW35 with D35
13:33:01: [INFO] Using internal autorouter method
13:33:01: [INFO] Routing pad 'SW35:2' at (583565000, 56832500) with pad 'D35:2' at (586105000, 64512500) using coordinate system rotated by 0 degree(s)
13:33:01: [INFO] Adding track segment (B.Cu): [(583565000, 56832500), (583565000, 61972500)]
13:33:01: [INFO] Adding track segment (B.Cu): [(583565000, 61972500), (586105000, 64512500)]
13:33:01: [INFO] Routing SW34 with D34
13:33:01: [INFO] Using internal autorouter method
13:33:01: [INFO] Routing pad 'SW34:2' at (545465000, 56832500) with pad 'D34:2' at (548005000, 64512500) using coordinate system rotated by 0 degree(s)
13:33:01: [INFO] Adding track segment (B.Cu): [(545465000, 56832500), (545465000, 61972500)]
13:33:01: [INFO] Adding track segment (B.Cu): [(545465000, 61972500), (548005000, 64512500)]
13:33:01: [INFO] Routing SW33 with D33
13:33:01: [INFO] Using internal autorouter method
13:33:01: [INFO] Routing pad 'SW33:2' at (507365000, 56832500) with pad 'D33:2' at (509905000, 64512500) using coordinate system rotated by 0 degree(s)
13:33:01: [INFO] Adding track segment (B.Cu): [(507365000, 56832500), (507365000, 61972500)]
13:33:01: [INFO] Adding track segment (B.Cu): [(507365000, 61972500), (509905000, 64512500)]
13:33:01: [INFO] Routing SW32 with D32
13:33:01: [INFO] Using internal autorouter method
13:33:01: [INFO] Routing pad 'SW32:2' at (469265000, 56832500) with pad 'D32:2' at (471805000, 64512500) using coordinate system rotated by 0 degree(s)
13:33:01: [INFO] Adding track segment (B.Cu): [(469265000, 56832500), (469265000, 61972500)]
13:33:01: [INFO] Adding track segment (B.Cu): [(469265000, 61972500), (471805000, 64512500)]
13:33:01: [INFO] Routing SW31 with D31
13:33:01: [INFO] Using internal autorouter method
13:33:01: [INFO] Routing pad 'SW31:2' at (431165000, 56832500) with pad 'D31:2' at (433705000, 64512500) using coordinate system rotated by 0 degree(s)
13:33:01: [INFO] Adding track segment (B.Cu): [(431165000, 56832500), (431165000, 61972500)]
13:33:01: [INFO] Adding track segment (B.Cu): [(431165000, 61972500), (433705000, 64512500)]
13:33:01: [INFO] Routing SW30 with D30
13:33:01: [INFO] Using internal autorouter method
13:33:01: [INFO] Routing pad 'SW30:2' at (393065000, 56832500) with pad 'D30:2' at (395605000, 64512500) using coordinate system rotated by 0 degree(s)
13:33:01: [INFO] Adding track segment (B.Cu): [(393065000, 56832500), (393065000, 61972500)]
13:33:01: [INFO] Adding track segment (B.Cu): [(393065000, 61972500), (395605000, 64512500)]
13:33:01: [INFO] Routing SW29 with D29
13:33:01: [INFO] Using internal autorouter method
13:33:01: [INFO] Routing pad 'SW29:2' at (345440000, 56832500) with pad 'D29:2' at (347980000, 64512500) using coordinate system rotated by 0 degree(s)
13:33:01: [INFO] Adding track segment (B.Cu): [(345440000, 56832500), (345440000, 61972500)]
13:33:01: [INFO] Adding track segment (B.Cu): [(345440000, 61972500), (347980000, 64512500)]
13:33:01: [INFO] Routing SW28 with D28
13:33:01: [INFO] Using internal autorouter method
13:33:01: [INFO] Routing pad 'SW28:2' at (307340000, 56832500) with pad 'D28:2' at (309880000, 64512500) using coordinate system rotated by 0 degree(s)
13:33:01: [INFO] Adding track segment (B.Cu): [(307340000, 56832500), (307340000, 61972500)]
13:33:01: [INFO] Adding track segment (B.Cu): [(307340000, 61972500), (309880000, 64512500)]
13:33:01: [INFO] Routing SW27 with D27
13:33:01: [INFO] Using internal autorouter method
13:33:01: [INFO] Routing pad 'SW27:2' at (602615000, 56832500) with pad 'D27:2' at (605155000, 64512500) using coordinate system rotated by 0 degree(s)
13:33:01: [INFO] Adding track segment (B.Cu): [(602615000, 56832500), (602615000, 61972500)]
13:33:01: [INFO] Adding track segment (B.Cu): [(602615000, 61972500), (605155000, 64512500)]
13:33:01: [INFO] Routing SW26 with D26
13:33:01: [INFO] Using internal autorouter method
13:33:01: [INFO] Routing pad 'SW26:2' at (564515000, 56832500) with pad 'D26:2' at (567055000, 64512500) using coordinate system rotated by 0 degree(s)
13:33:01: [INFO] Adding track segment (B.Cu): [(564515000, 56832500), (564515000, 61972500)]
13:33:01: [INFO] Adding track segment (B.Cu): [(564515000, 61972500), (567055000, 64512500)]
13:33:01: [INFO] Routing SW25 with D25
13:33:01: [INFO] Using internal autorouter method
13:33:01: [INFO] Routing pad 'SW25:2' at (526415000, 56832500) with pad 'D25:2' at (528955000, 64512500) using coordinate system rotated by 0 degree(s)
13:33:01: [INFO] Adding track segment (B.Cu): [(526415000, 56832500), (526415000, 61972500)]
13:33:01: [INFO] Adding track segment (B.Cu): [(526415000, 61972500), (528955000, 64512500)]
13:33:01: [INFO] Routing SW24 with D24
13:33:01: [INFO] Using internal autorouter method
13:33:01: [INFO] Routing pad 'SW24:2' at (488315000, 56832500) with pad 'D24:2' at (490855000, 64512500) using coordinate system rotated by 0 degree(s)
13:33:01: [INFO] Adding track segment (B.Cu): [(488315000, 56832500), (488315000, 61972500)]
13:33:01: [INFO] Adding track segment (B.Cu): [(488315000, 61972500), (490855000, 64512500)]
13:33:01: [INFO] Routing SW23 with D23
13:33:01: [INFO] Using internal autorouter method
13:33:01: [INFO] Routing pad 'SW23:2' at (450215000, 56832500) with pad 'D23:2' at (452755000, 64512500) using coordinate system rotated by 0 degree(s)
13:33:01: [INFO] Adding track segment (B.Cu): [(450215000, 56832500), (450215000, 61972500)]
13:33:01: [INFO] Adding track segment (B.Cu): [(450215000, 61972500), (452755000, 64512500)]
13:33:01: [INFO] Routing SW22 with D22
13:33:01: [INFO] Using internal autorouter method
13:33:01: [INFO] Routing pad 'SW22:2' at (412115000, 56832500) with pad 'D22:2' at (414655000, 64512500) using coordinate system rotated by 0 degree(s)
13:33:01: [INFO] Adding track segment (B.Cu): [(412115000, 56832500), (412115000, 61972500)]
13:33:01: [INFO] Adding track segment (B.Cu): [(412115000, 61972500), (414655000, 64512500)]
13:33:01: [INFO] Routing SW21 with D21
13:33:01: [INFO] Using internal autorouter method
13:33:01: [INFO] Routing pad 'SW21:2' at (374015000, 56832500) with pad 'D21:2' at (376555000, 64512500) using coordinate system rotated by 0 degree(s)
13:33:01: [INFO] Adding track segment (B.Cu): [(374015000, 56832500), (374015000, 61972500)]
13:33:01: [INFO] Adding track segment (B.Cu): [(374015000, 61972500), (376555000, 64512500)]
13:33:01: [INFO] Routing SW20 with D20
13:33:01: [INFO] Using internal autorouter method
13:33:01: [INFO] Routing pad 'SW20:2' at (326390000, 56832500) with pad 'D20:2' at (328930000, 64512500) using coordinate system rotated by 0 degree(s)
13:33:01: [INFO] Adding track segment (B.Cu): [(326390000, 56832500), (326390000, 61972500)]
13:33:01: [INFO] Adding track segment (B.Cu): [(326390000, 61972500), (328930000, 64512500)]
13:33:01: [INFO] Routing SW19 with D19
13:33:01: [INFO] Using internal autorouter method
13:33:01: [INFO] Routing pad 'SW19:2' at (288290000, 56832500) with pad 'D19:2' at (290830000, 64512500) using coordinate system rotated by 0 degree(s)
13:33:01: [INFO] Adding track segment (B.Cu): [(288290000, 56832500), (288290000, 61972500)]
13:33:01: [INFO] Adding track segment (B.Cu): [(288290000, 61972500), (290830000, 64512500)]
13:33:01: [INFO] Routing SW18 with D18
13:33:01: [INFO] Using internal autorouter method
13:33:01: [INFO] Routing pad 'SW18:2' at (640715000, 56832500) with pad 'D18:2' at (643255000, 64512500) using coordinate system rotated by 0 degree(s)
13:33:01: [INFO] Adding track segment (B.Cu): [(640715000, 56832500), (640715000, 61972500)]
13:33:01: [INFO] Adding track segment (B.Cu): [(640715000, 61972500), (643255000, 64512500)]
13:33:01: [INFO] Routing SW17 with D17
13:33:01: [INFO] Using internal autorouter method
13:33:01: [INFO] Routing pad 'SW17:2' at (621665000, 33020000) with pad 'D17:2' at (624205000, 40700000) using coordinate system rotated by 0 degree(s)
13:33:01: [INFO] Adding track segment (B.Cu): [(621665000, 33020000), (621665000, 38160000)]
13:33:01: [INFO] Adding track segment (B.Cu): [(621665000, 38160000), (624205000, 40700000)]
13:33:01: [INFO] Routing SW16 with D16
13:33:01: [INFO] Using internal autorouter method
13:33:01: [INFO] Routing pad 'SW16:2' at (583565000, 33020000) with pad 'D16:2' at (586105000, 40700000) using coordinate system rotated by 0 degree(s)
13:33:01: [INFO] Adding track segment (B.Cu): [(583565000, 33020000), (583565000, 38160000)]
13:33:01: [INFO] Adding track segment (B.Cu): [(583565000, 38160000), (586105000, 40700000)]
13:33:01: [INFO] Routing SW15 with D15
13:33:01: [INFO] Using internal autorouter method
13:33:01: [INFO] Routing pad 'SW15:2' at (535940000, 33020000) with pad 'D15:2' at (538480000, 40700000) using coordinate system rotated by 0 degree(s)
13:33:01: [INFO] Adding track segment (B.Cu): [(535940000, 33020000), (535940000, 38160000)]
13:33:01: [INFO] Adding track segment (B.Cu): [(535940000, 38160000), (538480000, 40700000)]
13:33:01: [INFO] Routing SW14 with D14
13:33:01: [INFO] Using internal autorouter method
13:33:01: [INFO] Routing pad 'SW14:2' at (497840000, 33020000) with pad 'D14:2' at (500380000, 40700000) using coordinate system rotated by 0 degree(s)
13:33:01: [INFO] Adding track segment (B.Cu): [(497840000, 33020000), (497840000, 38160000)]
13:33:01: [INFO] Adding track segment (B.Cu): [(497840000, 38160000), (500380000, 40700000)]
13:33:01: [INFO] Routing SW13 with D13
13:33:01: [INFO] Using internal autorouter method
13:33:01: [INFO] Routing pad 'SW13:2' at (450215000, 33020000) with pad 'D13:2' at (452755000, 40700000) using coordinate system rotated by 0 degree(s)
13:33:01: [INFO] Adding track segment (B.Cu): [(450215000, 33020000), (450215000, 38160000)]
13:33:01: [INFO] Adding track segment (B.Cu): [(450215000, 38160000), (452755000, 40700000)]
13:33:01: [INFO] Routing SW12 with D12
13:33:01: [INFO] Using internal autorouter method
13:33:01: [INFO] Routing pad 'SW12:2' at (412115000, 33020000) with pad 'D12:2' at (414655000, 40700000) using coordinate system rotated by 0 degree(s)
13:33:01: [INFO] Adding track segment (B.Cu): [(412115000, 33020000), (412115000, 38160000)]
13:33:01: [INFO] Adding track segment (B.Cu): [(412115000, 38160000), (414655000, 40700000)]
13:33:01: [INFO] Routing SW11 with D11
13:33:01: [INFO] Using internal autorouter method
13:33:01: [INFO] Routing pad 'SW11:2' at (345440000, 33020000) with pad 'D11:2' at (347980000, 40700000) using coordinate system rotated by 0 degree(s)
13:33:01: [INFO] Adding track segment (B.Cu): [(345440000, 33020000), (345440000, 38160000)]
13:33:01: [INFO] Adding track segment (B.Cu): [(345440000, 38160000), (347980000, 40700000)]
13:33:01: [INFO] Routing SW10 with D10
13:33:01: [INFO] Using internal autorouter method
13:33:01: [INFO] Routing pad 'SW10:2' at (307340000, 33020000) with pad 'D10:2' at (309880000, 40700000) using coordinate system rotated by 0 degree(s)
13:33:01: [INFO] Adding track segment (B.Cu): [(307340000, 33020000), (307340000, 38160000)]
13:33:01: [INFO] Adding track segment (B.Cu): [(307340000, 38160000), (309880000, 40700000)]
13:33:01: [INFO] Routing SW9 with D9
13:33:01: [INFO] Using internal autorouter method
13:33:01: [INFO] Routing pad 'SW9:2' at (640715000, 33020000) with pad 'D9:2' at (643255000, 40700000) using coordinate system rotated by 0 degree(s)
13:33:02: [INFO] Adding track segment (B.Cu): [(640715000, 33020000), (640715000, 38160000)]
13:33:02: [INFO] Adding track segment (B.Cu): [(640715000, 38160000), (643255000, 40700000)]
13:33:02: [INFO] Routing SW8 with D8
13:33:02: [INFO] Using internal autorouter method
13:33:02: [INFO] Routing pad 'SW8:2' at (602615000, 33020000) with pad 'D8:2' at (605155000, 40700000) using coordinate system rotated by 0 degree(s)
13:33:02: [INFO] Adding track segment (B.Cu): [(602615000, 33020000), (602615000, 38160000)]
13:33:02: [INFO] Adding track segment (B.Cu): [(602615000, 38160000), (605155000, 40700000)]
13:33:02: [INFO] Routing SW7 with D7
13:33:02: [INFO] Using internal autorouter method
13:33:02: [INFO] Routing pad 'SW7:2' at (554990000, 33020000) with pad 'D7:2' at (557530000, 40700000) using coordinate system rotated by 0 degree(s)
13:33:02: [INFO] Adding track segment (B.Cu): [(554990000, 33020000), (554990000, 38160000)]
13:33:02: [INFO] Adding track segment (B.Cu): [(554990000, 38160000), (557530000, 40700000)]
13:33:02: [INFO] Routing SW6 with D6
13:33:02: [INFO] Using internal autorouter method
13:33:02: [INFO] Routing pad 'SW6:2' at (516890000, 33020000) with pad 'D6:2' at (519430000, 40700000) using coordinate system rotated by 0 degree(s)
13:33:02: [INFO] Adding track segment (B.Cu): [(516890000, 33020000), (516890000, 38160000)]
13:33:02: [INFO] Adding track segment (B.Cu): [(516890000, 38160000), (519430000, 40700000)]
13:33:02: [INFO] Routing SW5 with D5
13:33:02: [INFO] Using internal autorouter method
13:33:02: [INFO] Routing pad 'SW5:2' at (469265000, 33020000) with pad 'D5:2' at (471805000, 40700000) using coordinate system rotated by 0 degree(s)
13:33:02: [INFO] Adding track segment (B.Cu): [(469265000, 33020000), (469265000, 38160000)]
13:33:02: [INFO] Adding track segment (B.Cu): [(469265000, 38160000), (471805000, 40700000)]
13:33:02: [INFO] Routing SW4 with D4
13:33:02: [INFO] Using internal autorouter method
13:33:02: [INFO] Routing pad 'SW4:2' at (431165000, 33020000) with pad 'D4:2' at (433705000, 40700000) using coordinate system rotated by 0 degree(s)
13:33:02: [INFO] Adding track segment (B.Cu): [(431165000, 33020000), (431165000, 38160000)]
13:33:02: [INFO] Adding track segment (B.Cu): [(431165000, 38160000), (433705000, 40700000)]
13:33:02: [INFO] Routing SW3 with D3
13:33:02: [INFO] Using internal autorouter method
13:33:02: [INFO] Routing pad 'SW3:2' at (374015000, 33020000) with pad 'D3:2' at (376555000, 40700000) using coordinate system rotated by 0 degree(s)
13:33:02: [INFO] Adding track segment (B.Cu): [(374015000, 33020000), (374015000, 38160000)]
13:33:02: [INFO] Adding track segment (B.Cu): [(374015000, 38160000), (376555000, 40700000)]
13:33:02: [INFO] Routing SW2 with D2
13:33:02: [INFO] Using internal autorouter method
13:33:02: [INFO] Routing pad 'SW2:2' at (326390000, 33020000) with pad 'D2:2' at (328930000, 40700000) using coordinate system rotated by 0 degree(s)
13:33:02: [INFO] Adding track segment (B.Cu): [(326390000, 33020000), (326390000, 38160000)]
13:33:02: [INFO] Adding track segment (B.Cu): [(326390000, 38160000), (328930000, 40700000)]
13:33:02: [INFO] Routing SW1 with D1
13:33:02: [INFO] Using internal autorouter method
13:33:02: [INFO] Routing pad 'SW1:2' at (288290000, 33020000) with pad 'D1:2' at (290830000, 40700000) using coordinate system rotated by 0 degree(s)
13:33:02: [INFO] Adding track segment (B.Cu): [(288290000, 33020000), (288290000, 38160000)]
13:33:02: [INFO] Adding track segment (B.Cu): [(288290000, 38160000), (290830000, 40700000)]
13:33:02: [INFO] Routing ROW11 pads
13:33:02: [INFO] Routing pad 'D95:1' at (309880000, 143512500) with pad 'D96:1' at (352742500, 148275000) using coordinate system rotated by 0 degree(s)
13:33:02: [INFO] Routing pad 'D96:1' at (352742500, 148275000) with pad 'D97:1' at (390842500, 148275000) using coordinate system rotated by 0 degree(s)
13:33:02: [INFO] Adding track segment (B.Cu): [(352742500, 148275000), (390842500, 148275000)]
13:33:02: [INFO] Could not add track segment due to detected collision
13:33:02: [INFO] Routing pad 'D97:1' at (390842500, 148275000) with pad 'D98:1' at (433705000, 143512500) using coordinate system rotated by 0 degree(s)
13:33:02: [INFO] Adding track segment (B.Cu): [(390842500, 148275000), (428942500, 148275000)]
13:33:02: [INFO] Adding track segment (B.Cu): [(428942500, 148275000), (433705000, 143512500)]
13:33:02: [INFO] Routing pad 'D98:1' at (433705000, 143512500) with pad 'D99:1' at (509905000, 143512500) using coordinate system rotated by 0 degree(s)
13:33:02: [INFO] Adding track segment (B.Cu): [(433705000, 143512500), (509905000, 143512500)]
13:33:02: [INFO] Routing pad 'D99:1' at (509905000, 143512500) with pad 'D100:1' at (590867500, 143512500) using coordinate system rotated by 0 degree(s)
13:33:02: [INFO] Adding track segment (B.Cu): [(509905000, 143512500), (590867500, 143512500)]
13:33:02: [INFO] Routing pad 'D100:1' at (590867500, 143512500) with pad 'D101:1' at (638492500, 143512500) using coordinate system rotated by 0 degree(s)
13:33:02: [INFO] Adding track segment (B.Cu): [(590867500, 143512500), (638492500, 143512500)]
13:33:02: [INFO] Could not add track segment due to detected collision
13:33:02: [INFO] Routing ROW10 pads
13:33:02: [INFO] Routing pad 'D90:1' at (290830000, 143512500) with pad 'D91:1' at (328930000, 143512500) using coordinate system rotated by 0 degree(s)
13:33:02: [INFO] Adding track segment (B.Cu): [(290830000, 143512500), (328930000, 143512500)]
13:33:02: [INFO] Could not add track segment due to detected collision
13:33:02: [INFO] Routing pad 'D91:1' at (328930000, 143512500) with pad 'D92:1' at (371792500, 148275000) using coordinate system rotated by 0 degree(s)
13:33:02: [INFO] Routing pad 'D92:1' at (371792500, 148275000) with pad 'D93:1' at (414655000, 143512500) using coordinate system rotated by 0 degree(s)
13:33:02: [INFO] Routing pad 'D93:1' at (414655000, 143512500) with pad 'D94:1' at (614680000, 143512500) using coordinate system rotated by 0 degree(s)
13:33:02: [INFO] Adding track segment (B.Cu): [(414655000, 143512500), (614680000, 143512500)]
13:33:02: [INFO] Could not add track segment due to detected collision
13:33:02: [INFO] Routing ROW2 pads
13:33:02: [INFO] Routing pad 'D19:1' at (290830000, 67312500) with pad 'D20:1' at (328930000, 67312500) using coordinate system rotated by 0 degree(s)
13:33:02: [INFO] Adding track segment (B.Cu): [(290830000, 67312500), (328930000, 67312500)]
13:33:02: [INFO] Could not add track segment due to detected collision
13:33:02: [INFO] Routing pad 'D20:1' at (328930000, 67312500) with pad 'D21:1' at (376555000, 67312500) using coordinate system rotated by 0 degree(s)
13:33:02: [INFO] Adding track segment (B.Cu): [(328930000, 67312500), (376555000, 67312500)]
13:33:02: [INFO] Could not add track segment due to detected collision
13:33:02: [INFO] Routing pad 'D21:1' at (376555000, 67312500) with pad 'D22:1' at (414655000, 67312500) using coordinate system rotated by 0 degree(s)
13:33:02: [INFO] Adding track segment (B.Cu): [(376555000, 67312500), (414655000, 67312500)]
13:33:02: [INFO] Could not add track segment due to detected collision
13:33:02: [INFO] Routing pad 'D22:1' at (414655000, 67312500) with pad 'D23:1' at (452755000, 67312500) using coordinate system rotated by 0 degree(s)
13:33:02: [INFO] Adding track segment (B.Cu): [(414655000, 67312500), (452755000, 67312500)]
13:33:02: [INFO] Could not add track segment due to detected collision
13:33:02: [INFO] Routing pad 'D23:1' at (452755000, 67312500) with pad 'D24:1' at (490855000, 67312500) using coordinate system rotated by 0 degree(s)
13:33:02: [INFO] Adding track segment (B.Cu): [(452755000, 67312500), (490855000, 67312500)]
13:33:02: [INFO] Could not add track segment due to detected collision
13:33:02: [INFO] Routing pad 'D24:1' at (490855000, 67312500) with pad 'D25:1' at (528955000, 67312500) using coordinate system rotated by 0 degree(s)
13:33:02: [INFO] Adding track segment (B.Cu): [(490855000, 67312500), (528955000, 67312500)]
13:33:02: [INFO] Could not add track segment due to detected collision
13:33:02: [INFO] Routing pad 'D25:1' at (528955000, 67312500) with pad 'D26:1' at (567055000, 67312500) using coordinate system rotated by 0 degree(s)
13:33:02: [INFO] Adding track segment (B.Cu): [(528955000, 67312500), (567055000, 67312500)]
13:33:02: [INFO] Could not add track segment due to detected collision
13:33:02: [INFO] Routing pad 'D26:1' at (567055000, 67312500) with pad 'D27:1' at (605155000, 67312500) using coordinate system rotated by 0 degree(s)
13:33:02: [INFO] Adding track segment (B.Cu): [(567055000, 67312500), (605155000, 67312500)]
13:33:02: [INFO] Could not add track segment due to detected collision
13:33:02: [INFO] Routing COL7 pads
13:33:02: [INFO] Routing pad 'SW62:1' at (572452500, 97472500) with pad 'SW79:1' at (562927500, 116522500) using coordinate system rotated by 0 degree(s)
13:33:02: [INFO] Adding track segment (F.Cu): [(572452500, 97472500), (572452500, 106997500)]
13:33:02: [INFO] Adding track segment (F.Cu): [(572452500, 106997500), (562927500, 116522500)]
13:33:02: [INFO] Routing pad 'SW26:1' at (558165000, 59372500) with pad 'SW44:1' at (567690000, 78422500) using coordinate system rotated by 0 degree(s)
13:33:02: [INFO] Adding track segment (F.Cu): [(558165000, 59372500), (558165000, 68897500)]
13:33:02: [INFO] Adding track segment (F.Cu): [(558165000, 68897500), (567690000, 78422500)]
13:33:02: [INFO] Routing pad 'SW44:1' at (567690000, 78422500) with pad 'SW62:1' at (572452500, 97472500) using coordinate system rotated by 0 degree(s)
13:33:02: [INFO] Adding track segment (F.Cu): [(567690000, 78422500), (567690000, 92710000)]
13:33:02: [INFO] Adding track segment (F.Cu): [(567690000, 92710000), (572452500, 97472500)]
13:33:02: [INFO] Routing pad 'SW26:1' at (558165000, 59372500) with pad 'SW35:1' at (577215000, 59372500) using coordinate system rotated by 0 degree(s)
13:33:02: [INFO] Adding track segment (F.Cu): [(558165000, 59372500), (577215000, 59372500)]
13:33:02: [INFO] Routing pad 'SW79:1' at (562927500, 116522500) with pad 'SW88:1' at (581977500, 116522500) using coordinate system rotated by 0 degree(s)
13:33:02: [INFO] Adding track segment (F.Cu): [(562927500, 116522500), (581977500, 116522500)]
13:33:02: [INFO] Routing pad 'SW88:1' at (581977500, 116522500) with pad 'SW100:1' at (581977500, 135572500) using coordinate system rotated by 0 degree(s)
13:33:02: [INFO] Adding track segment (F.Cu): [(581977500, 116522500), (581977500, 135572500)]
13:33:02: [INFO] Routing pad 'SW44:1' at (567690000, 78422500) with pad 'SW53:1' at (586740000, 78422500) using coordinate system rotated by 0 degree(s)
13:33:02: [INFO] Adding track segment (F.Cu): [(567690000, 78422500), (586740000, 78422500)]
13:33:02: [INFO] Routing pad 'SW62:1' at (572452500, 97472500) with pad 'SW71:1' at (591502500, 97472500) using coordinate system rotated by 0 degree(s)
13:33:02: [INFO] Adding track segment (F.Cu): [(572452500, 97472500), (591502500, 97472500)]
13:33:02: [INFO] Routing pad 'SW35:1' at (577215000, 59372500) with pad 'SW8:1' at (596265000, 35560000) using coordinate system rotated by 0 degree(s)
13:33:02: [INFO] Adding track segment (F.Cu): [(577215000, 59372500), (596265000, 40322500)]
13:33:02: [INFO] Adding track segment (F.Cu): [(596265000, 40322500), (596265000, 35560000)]
13:33:02: [INFO] Routing pad 'SW8:1' at (596265000, 35560000) with pad 'SW17:1' at (615315000, 35560000) using coordinate system rotated by 0 degree(s)
13:33:02: [INFO] Adding track segment (F.Cu): [(596265000, 35560000), (615315000, 35560000)]
13:33:02: [INFO] Routing ROW7 pads
13:33:02: [INFO] Routing pad 'D64:1' at (309880000, 105412500) with pad 'D65:1' at (347980000, 105412500) using coordinate system rotated by 0 degree(s)
13:33:02: [INFO] Adding track segment (B.Cu): [(309880000, 105412500), (347980000, 105412500)]
13:33:02: [INFO] Could not add track segment due to detected collision
13:33:02: [INFO] Routing pad 'D65:1' at (347980000, 105412500) with pad 'D66:1' at (409892500, 105412500) using coordinate system rotated by 0 degree(s)
13:33:02: [INFO] Adding track segment (B.Cu): [(347980000, 105412500), (409892500, 105412500)]
13:33:02: [INFO] Could not add track segment due to detected collision
13:33:02: [INFO] Routing pad 'D66:1' at (409892500, 105412500) with pad 'D67:1' at (447992500, 105412500) using coordinate system rotated by 0 degree(s)
13:33:02: [INFO] Adding track segment (B.Cu): [(409892500, 105412500), (447992500, 105412500)]
13:33:02: [INFO] Could not add track segment due to detected collision
13:33:02: [INFO] Routing pad 'D67:1' at (447992500, 105412500) with pad 'D68:1' at (486092500, 105412500) using coordinate system rotated by 0 degree(s)
13:33:02: [INFO] Adding track segment (B.Cu): [(447992500, 105412500), (486092500, 105412500)]
13:33:02: [INFO] Could not add track segment due to detected collision
13:33:02: [INFO] Routing pad 'D68:1' at (486092500, 105412500) with pad 'D69:1' at (524192500, 105412500) using coordinate system rotated by 0 degree(s)
13:33:02: [INFO] Adding track segment (B.Cu): [(486092500, 105412500), (524192500, 105412500)]
13:33:02: [INFO] Could not add track segment due to detected collision
13:33:02: [INFO] Routing pad 'D69:1' at (524192500, 105412500) with pad 'D70:1' at (562292500, 105412500) using coordinate system rotated by 0 degree(s)
13:33:02: [INFO] Adding track segment (B.Cu): [(524192500, 105412500), (562292500, 105412500)]
13:33:02: [INFO] Could not add track segment due to detected collision
13:33:02: [INFO] Routing pad 'D70:1' at (562292500, 105412500) with pad 'D71:1' at (600392500, 105412500) using coordinate system rotated by 0 degree(s)
13:33:02: [INFO] Adding track segment (B.Cu): [(562292500, 105412500), (600392500, 105412500)]
13:33:02: [INFO] Could not add track segment due to detected collision
13:33:02: [INFO] Routing COL8 pads
13:33:02: [INFO] Routing pad 'SW27:1' at (596265000, 59372500) with pad 'SW45:1' at (605790000, 78422500) using coordinate system rotated by 0 degree(s)
13:33:02: [INFO] Adding track segment (F.Cu): [(596265000, 59372500), (596265000, 68897500)]
13:33:02: [INFO] Adding track segment (F.Cu): [(596265000, 68897500), (605790000, 78422500)]
13:33:02: [INFO] Routing pad 'SW80a:1' at (608171250, 116522500) with pad 'SW94:1' at (605790000, 135572500) using coordinate system rotated by 0 degree(s)
13:33:02: [INFO] Routing pad 'SW80:1' at (617696250, 116522500) with pad 'SW80a:1' at (608171250, 116522500) using coordinate system rotated by 0 degree(s)
13:33:02: [INFO] Adding track segment (F.Cu): [(617696250, 116522500), (608171250, 116522500)]
13:33:02: [INFO] Routing pad 'SW27:1' at (596265000, 59372500) with pad 'SW36a:1' at (615315000, 59372500) using coordinate system rotated by 0 degree(s)
13:33:02: [INFO] Adding track segment (F.Cu): [(596265000, 59372500), (615315000, 59372500)]
13:33:02: [INFO] Routing pad 'SW63:1' at (622458750, 97472500) with pad 'SW80:1' at (617696250, 116522500) using coordinate system rotated by 0 degree(s)
13:33:02: [INFO] Adding track segment (F.Cu): [(622458750, 97472500), (622458750, 111760000)]
13:33:02: [INFO] Adding track segment (F.Cu): [(622458750, 111760000), (617696250, 116522500)]
13:33:02: [INFO] Routing pad 'SW54:1' at (629602500, 78422500) with pad 'SW63:1' at (622458750, 97472500) using coordinate system rotated by 0 degree(s)
13:33:02: [INFO] Adding track segment (F.Cu): [(629602500, 78422500), (629602500, 90328750)]
13:33:02: [INFO] Adding track segment (F.Cu): [(629602500, 90328750), (622458750, 97472500)]
13:33:02: [INFO] Routing pad 'SW36a:1' at (615315000, 59372500) with pad 'SW36:1' at (624840000, 59372500) using coordinate system rotated by 0 degree(s)
13:33:02: [INFO] Adding track segment (F.Cu): [(615315000, 59372500), (624840000, 59372500)]
13:33:02: [INFO] Routing pad 'SW36:1' at (624840000, 59372500) with pad 'SW54:1' at (629602500, 78422500) using coordinate system rotated by 0 degree(s)
13:33:02: [INFO] Routing pad 'SW89:1' at (634365000, 116522500) with pad 'SW101:1' at (629602500, 135572500) using coordinate system rotated by 0 degree(s)
13:33:02: [INFO] Routing pad 'SW18:1' at (634365000, 59372500) with pad 'SW9:1' at (634365000, 35560000) using coordinate system rotated by 0 degree(s)
13:33:02: [INFO] Adding track segment (F.Cu): [(634365000, 59372500), (634365000, 35560000)]
13:33:02: [INFO] Routing pad 'SW36:1' at (624840000, 59372500) with pad 'SW18:1' at (634365000, 59372500) using coordinate system rotated by 0 degree(s)
13:33:02: [INFO] Adding track segment (F.Cu): [(624840000, 59372500), (634365000, 59372500)]
13:33:02: [INFO] Routing pad 'SW80:1' at (617696250, 116522500) with pad 'SW89:1' at (634365000, 116522500) using coordinate system rotated by 0 degree(s)
13:33:02: [INFO] Adding track segment (F.Cu): [(617696250, 116522500), (634365000, 116522500)]
13:33:02: [INFO] Routing COL0 pads
13:33:02: [INFO] Routing pad 'SW1:1' at (281940000, 35560000) with pad 'SW19:1' at (281940000, 59372500) using coordinate system rotated by 0 degree(s)
13:33:02: [INFO] Adding track segment (F.Cu): [(281940000, 35560000), (281940000, 59372500)]
13:33:02: [INFO] Routing pad 'SW19:1' at (281940000, 59372500) with pad 'SW37:1' at (281940000, 78422500) using coordinate system rotated by 0 degree(s)
13:33:02: [INFO] Adding track segment (F.Cu): [(281940000, 59372500), (281940000, 78422500)]
13:33:02: [INFO] Routing pad 'SW37:1' at (281940000, 78422500) with pad 'SW55a:1' at (281940000, 87947500) using coordinate system rotated by 0 degree(s)
13:33:02: [INFO] Adding track segment (F.Cu): [(281940000, 78422500), (281940000, 87947500)]
13:33:02: [INFO] Routing pad 'SW55a:1' at (281940000, 87947500) with pad 'SW55:1' at (281940000, 97472500) using coordinate system rotated by 0 degree(s)
13:33:02: [INFO] Adding track segment (F.Cu): [(281940000, 87947500), (281940000, 97472500)]
13:33:02: [INFO] Routing pad 'SW55:1' at (281940000, 97472500) with pad 'SW72a:1' at (281940000, 116522500) using coordinate system rotated by 0 degree(s)
13:33:02: [INFO] Adding track segment (F.Cu): [(281940000, 97472500), (281940000, 116522500)]
13:33:02: [INFO] Routing pad 'SW72a:1' at (281940000, 116522500) with pad 'SW72:1' at (281940000, 126047500) using coordinate system rotated by 0 degree(s)
13:33:02: [INFO] Adding track segment (F.Cu): [(281940000, 116522500), (281940000, 126047500)]
13:33:02: [INFO] Routing pad 'SW72:1' at (281940000, 126047500) with pad 'SW90:1' at (281940000, 135572500) using coordinate system rotated by 0 degree(s)
13:33:02: [INFO] Adding track segment (F.Cu): [(281940000, 126047500), (281940000, 135572500)]
13:33:02: [INFO] Routing pad 'SW90:1' at (281940000, 135572500) with pad 'SW90a:1' at (291465000, 135572500) using coordinate system rotated by 0 degree(s)
13:33:02: [INFO] Adding track segment (F.Cu): [(281940000, 135572500), (291465000, 135572500)]
13:33:02: [INFO] Routing pad 'SW1:1' at (281940000, 35560000) with pad 'SW10:1' at (300990000, 35560000) using coordinate system rotated by 0 degree(s)
13:33:02: [INFO] Adding track segment (F.Cu): [(281940000, 35560000), (300990000, 35560000)]
13:33:02: [INFO] Routing pad 'SW19:1' at (281940000, 59372500) with pad 'SW28:1' at (300990000, 59372500) using coordinate system rotated by 0 degree(s)
13:33:02: [INFO] Adding track segment (F.Cu): [(281940000, 59372500), (300990000, 59372500)]
13:33:02: [INFO] Routing pad 'SW37:1' at (281940000, 78422500) with pad 'SW46:1' at (300990000, 78422500) using coordinate system rotated by 0 degree(s)
13:33:02: [INFO] Adding track segment (F.Cu): [(281940000, 78422500), (300990000, 78422500)]
13:33:02: [INFO] Could not add track segment due to detected collision
13:33:02: [INFO] Routing pad 'SW55:1' at (281940000, 97472500) with pad 'SW64:1' at (300990000, 97472500) using coordinate system rotated by 0 degree(s)
13:33:02: [INFO] Adding track segment (F.Cu): [(281940000, 97472500), (300990000, 97472500)]
13:33:02: [INFO] Routing pad 'SW72a:1' at (281940000, 116522500) with pad 'SW81:1' at (300990000, 116522500) using coordinate system rotated by 0 degree(s)
13:33:02: [INFO] Adding track segment (F.Cu): [(281940000, 116522500), (300990000, 116522500)]
13:33:02: [INFO] Could not add track segment due to detected collision
13:33:02: [INFO] Routing pad 'SW90a:1' at (291465000, 135572500) with pad 'SW95:1' at (300990000, 135572500) using coordinate system rotated by 0 degree(s)
13:33:02: [INFO] Adding track segment (F.Cu): [(291465000, 135572500), (300990000, 135572500)]
13:33:02: [INFO] Routing ROW8 pads
13:33:02: [INFO] Routing pad 'D72:1' at (290830000, 133987500) with pad 'D73:1' at (328930000, 124462500) using coordinate system rotated by 0 degree(s)
13:33:02: [INFO] Routing pad 'D73:1' at (328930000, 124462500) with pad 'D74:1' at (371792500, 129225000) using coordinate system rotated by 0 degree(s)
13:33:02: [INFO] Adding track segment (B.Cu): [(328930000, 124462500), (333692500, 129225000)]
13:33:03: [INFO] Adding track segment (B.Cu): [(333692500, 129225000), (371792500, 129225000)]
13:33:03: [INFO] Routing pad 'D74:1' at (371792500, 129225000) with pad 'D75:1' at (419417500, 124462500) using coordinate system rotated by 0 degree(s)
13:33:03: [INFO] Adding track segment (B.Cu): [(371792500, 129225000), (414655000, 129225000)]
13:33:03: [INFO] Adding track segment (B.Cu): [(414655000, 129225000), (419417500, 124462500)]
13:33:03: [INFO] Routing pad 'D75:1' at (419417500, 124462500) with pad 'D76:1' at (457517500, 124462500) using coordinate system rotated by 0 degree(s)
13:33:03: [INFO] Adding track segment (B.Cu): [(419417500, 124462500), (457517500, 124462500)]
13:33:03: [INFO] Could not add track segment due to detected collision
13:33:03: [INFO] Routing pad 'D76:1' at (457517500, 124462500) with pad 'D77:1' at (495617500, 124462500) using coordinate system rotated by 0 degree(s)
13:33:03: [INFO] Adding track segment (B.Cu): [(457517500, 124462500), (495617500, 124462500)]
13:33:03: [INFO] Could not add track segment due to detected collision
13:33:03: [INFO] Routing pad 'D77:1' at (495617500, 124462500) with pad 'D78:1' at (533717500, 124462500) using coordinate system rotated by 0 degree(s)
13:33:03: [INFO] Adding track segment (B.Cu): [(495617500, 124462500), (533717500, 124462500)]
13:33:03: [INFO] Could not add track segment due to detected collision
13:33:03: [INFO] Routing pad 'D78:1' at (533717500, 124462500) with pad 'D79:1' at (571817500, 124462500) using coordinate system rotated by 0 degree(s)
13:33:03: [INFO] Adding track segment (B.Cu): [(533717500, 124462500), (571817500, 124462500)]
13:33:03: [INFO] Could not add track segment due to detected collision
13:33:03: [INFO] Routing pad 'D79:1' at (571817500, 124462500) with pad 'D80:1' at (626586250, 124462500) using coordinate system rotated by 0 degree(s)
13:33:03: [INFO] Adding track segment (B.Cu): [(571817500, 124462500), (626586250, 124462500)]
13:33:03: [INFO] Could not add track segment due to detected collision
13:33:03: [INFO] Routing ROW1 pads
13:33:03: [INFO] Routing pad 'D10:1' at (309880000, 43500000) with pad 'D11:1' at (347980000, 43500000) using coordinate system rotated by 0 degree(s)
13:33:03: [INFO] Adding track segment (B.Cu): [(309880000, 43500000), (347980000, 43500000)]
13:33:03: [INFO] Could not add track segment due to detected collision
13:33:03: [INFO] Routing pad 'D11:1' at (347980000, 43500000) with pad 'D12:1' at (414655000, 43500000) using coordinate system rotated by 0 degree(s)
13:33:03: [INFO] Adding track segment (B.Cu): [(347980000, 43500000), (414655000, 43500000)]
13:33:03: [INFO] Could not add track segment due to detected collision
13:33:03: [INFO] Routing pad 'D12:1' at (414655000, 43500000) with pad 'D13:1' at (452755000, 43500000) using coordinate system rotated by 0 degree(s)
13:33:03: [INFO] Adding track segment (B.Cu): [(414655000, 43500000), (452755000, 43500000)]
13:33:03: [INFO] Could not add track segment due to detected collision
13:33:03: [INFO] Routing pad 'D13:1' at (452755000, 43500000) with pad 'D14:1' at (500380000, 43500000) using coordinate system rotated by 0 degree(s)
13:33:03: [INFO] Adding track segment (B.Cu): [(452755000, 43500000), (500380000, 43500000)]
13:33:03: [INFO] Could not add track segment due to detected collision
13:33:03: [INFO] Routing pad 'D14:1' at (500380000, 43500000) with pad 'D15:1' at (538480000, 43500000) using coordinate system rotated by 0 degree(s)
13:33:03: [INFO] Adding track segment (B.Cu): [(500380000, 43500000), (538480000, 43500000)]
13:33:03: [INFO] Could not add track segment due to detected collision
13:33:03: [INFO] Routing pad 'D15:1' at (538480000, 43500000) with pad 'D16:1' at (586105000, 43500000) using coordinate system rotated by 0 degree(s)
13:33:03: [INFO] Adding track segment (B.Cu): [(538480000, 43500000), (586105000, 43500000)]
13:33:03: [INFO] Could not add track segment due to detected collision
13:33:03: [INFO] Routing pad 'D16:1' at (586105000, 43500000) with pad 'D17:1' at (624205000, 43500000) using coordinate system rotated by 0 degree(s)
13:33:03: [INFO] Adding track segment (B.Cu): [(586105000, 43500000), (624205000, 43500000)]
13:33:03: [INFO] Could not add track segment due to detected collision
13:33:03: [INFO] Routing pad 'D17:1' at (624205000, 43500000) with pad 'D18:1' at (643255000, 67312500) using coordinate system rotated by 0 degree(s)
13:33:03: [INFO] Routing ROW9 pads
13:33:03: [INFO] Routing pad 'D81:1' at (309880000, 124462500) with pad 'D82:1' at (347980000, 124462500) using coordinate system rotated by 0 degree(s)
13:33:03: [INFO] Adding track segment (B.Cu): [(309880000, 124462500), (347980000, 124462500)]
13:33:03: [INFO] Could not add track segment due to detected collision
13:33:03: [INFO] Routing pad 'D82:1' at (347980000, 124462500) with pad 'D83:1' at (397986250, 124462500) using coordinate system rotated by 0 degree(s)
13:33:03: [INFO] Adding track segment (B.Cu): [(347980000, 124462500), (397986250, 124462500)]
13:33:03: [INFO] Could not add track segment due to detected collision
13:33:03: [INFO] Routing pad 'D83:1' at (397986250, 124462500) with pad 'D84:1' at (438467500, 124462500) using coordinate system rotated by 0 degree(s)
13:33:03: [INFO] Adding track segment (B.Cu): [(397986250, 124462500), (438467500, 124462500)]
13:33:03: [INFO] Could not add track segment due to detected collision
13:33:03: [INFO] Routing pad 'D84:1' at (438467500, 124462500) with pad 'D85:1' at (476567500, 124462500) using coordinate system rotated by 0 degree(s)
13:33:03: [INFO] Adding track segment (B.Cu): [(438467500, 124462500), (476567500, 124462500)]
13:33:03: [INFO] Could not add track segment due to detected collision
13:33:03: [INFO] Routing pad 'D85:1' at (476567500, 124462500) with pad 'D86:1' at (514667500, 124462500) using coordinate system rotated by 0 degree(s)
13:33:03: [INFO] Adding track segment (B.Cu): [(476567500, 124462500), (514667500, 124462500)]
13:33:03: [INFO] Could not add track segment due to detected collision
13:33:03: [INFO] Routing pad 'D86:1' at (514667500, 124462500) with pad 'D87:1' at (552767500, 124462500) using coordinate system rotated by 0 degree(s)
13:33:03: [INFO] Adding track segment (B.Cu): [(514667500, 124462500), (552767500, 124462500)]
13:33:03: [INFO] Could not add track segment due to detected collision
13:33:03: [INFO] Routing pad 'D87:1' at (552767500, 124462500) with pad 'D88:1' at (590867500, 124462500) using coordinate system rotated by 0 degree(s)
13:33:03: [INFO] Adding track segment (B.Cu): [(552767500, 124462500), (590867500, 124462500)]
13:33:03: [INFO] Could not add track segment due to detected collision
13:33:03: [INFO] Routing pad 'D88:1' at (590867500, 124462500) with pad 'D89:1' at (643255000, 124462500) using coordinate system rotated by 0 degree(s)
13:33:03: [INFO] Adding track segment (B.Cu): [(590867500, 124462500), (643255000, 124462500)]
13:33:03: [INFO] Could not add track segment due to detected collision
13:33:03: [INFO] Routing COL5 pads
13:33:03: [INFO] Routing pad 'SW60:1' at (496252500, 97472500) with pad 'SW77:1' at (486727500, 116522500) using coordinate system rotated by 0 degree(s)
13:33:03: [INFO] Adding track segment (F.Cu): [(496252500, 97472500), (496252500, 106997500)]
13:33:03: [INFO] Adding track segment (F.Cu): [(496252500, 106997500), (486727500, 116522500)]
13:33:03: [INFO] Routing pad 'SW24:1' at (481965000, 59372500) with pad 'SW42:1' at (491490000, 78422500) using coordinate system rotated by 0 degree(s)
13:33:03: [INFO] Adding track segment (F.Cu): [(481965000, 59372500), (481965000, 68897500)]
13:33:03: [INFO] Adding track segment (F.Cu): [(481965000, 68897500), (491490000, 78422500)]
13:33:03: [INFO] Routing pad 'SW42:1' at (491490000, 78422500) with pad 'SW60:1' at (496252500, 97472500) using coordinate system rotated by 0 degree(s)
13:33:03: [INFO] Adding track segment (F.Cu): [(491490000, 78422500), (491490000, 92710000)]
13:33:03: [INFO] Adding track segment (F.Cu): [(491490000, 92710000), (496252500, 97472500)]
13:33:03: [INFO] Routing pad 'SW24:1' at (481965000, 59372500) with pad 'SW33:1' at (501015000, 59372500) using coordinate system rotated by 0 degree(s)
13:33:03: [INFO] Adding track segment (F.Cu): [(481965000, 59372500), (501015000, 59372500)]
13:33:03: [INFO] Routing pad 'SW86:1' at (505777500, 116522500) with pad 'SW99:1' at (501015000, 135572500) using coordinate system rotated by 0 degree(s)
13:33:03: [INFO] Adding track segment (F.Cu): [(505777500, 116522500), (505777500, 130810000)]
13:33:03: [INFO] Adding track segment (F.Cu): [(505777500, 130810000), (501015000, 135572500)]
13:33:03: [INFO] Routing pad 'SW77:1' at (486727500, 116522500) with pad 'SW86:1' at (505777500, 116522500) using coordinate system rotated by 0 degree(s)
13:33:03: [INFO] Adding track segment (F.Cu): [(486727500, 116522500), (505777500, 116522500)]
13:33:03: [INFO] Routing pad 'SW33:1' at (501015000, 59372500) with pad 'SW6:1' at (510540000, 35560000) using coordinate system rotated by 0 degree(s)
13:33:03: [INFO] Adding track segment (F.Cu): [(501015000, 59372500), (510540000, 49847500)]
13:33:03: [INFO] Adding track segment (F.Cu): [(510540000, 49847500), (510540000, 35560000)]
13:33:03: [INFO] Routing pad 'SW42:1' at (491490000, 78422500) with pad 'SW51:1' at (510540000, 78422500) using coordinate system rotated by 0 degree(s)
13:33:03: [INFO] Adding track segment (F.Cu): [(491490000, 78422500), (510540000, 78422500)]
13:33:03: [INFO] Routing pad 'SW60:1' at (496252500, 97472500) with pad 'SW69:1' at (515302500, 97472500) using coordinate system rotated by 0 degree(s)
13:33:03: [INFO] Adding track segment (F.Cu): [(496252500, 97472500), (515302500, 97472500)]
13:33:03: [INFO] Routing pad 'SW6:1' at (510540000, 35560000) with pad 'SW15:1' at (529590000, 35560000) using coordinate system rotated by 0 degree(s)
13:33:03: [INFO] Adding track segment (F.Cu): [(510540000, 35560000), (529590000, 35560000)]
13:33:03: [INFO] Routing ROW5 pads
13:33:03: [INFO] Routing pad 'D46:1' at (309880000, 86362500) with pad 'D47:1' at (347980000, 86362500) using coordinate system rotated by 0 degree(s)
13:33:03: [INFO] Adding track segment (B.Cu): [(309880000, 86362500), (347980000, 86362500)]
13:33:03: [INFO] Could not add track segment due to detected collision
13:33:03: [INFO] Routing pad 'D47:1' at (347980000, 86362500) with pad 'D48:1' at (405130000, 86362500) using coordinate system rotated by 0 degree(s)
13:33:03: [INFO] Adding track segment (B.Cu): [(347980000, 86362500), (405130000, 86362500)]
13:33:03: [INFO] Could not add track segment due to detected collision
13:33:03: [INFO] Routing pad 'D48:1' at (405130000, 86362500) with pad 'D49:1' at (443230000, 86362500) using coordinate system rotated by 0 degree(s)
13:33:03: [INFO] Adding track segment (B.Cu): [(405130000, 86362500), (443230000, 86362500)]
13:33:03: [INFO] Could not add track segment due to detected collision
13:33:03: [INFO] Routing pad 'D49:1' at (443230000, 86362500) with pad 'D50:1' at (481330000, 86362500) using coordinate system rotated by 0 degree(s)
13:33:03: [INFO] Adding track segment (B.Cu): [(443230000, 86362500), (481330000, 86362500)]
13:33:03: [INFO] Could not add track segment due to detected collision
13:33:03: [INFO] Routing pad 'D50:1' at (481330000, 86362500) with pad 'D51:1' at (519430000, 86362500) using coordinate system rotated by 0 degree(s)
13:33:03: [INFO] Adding track segment (B.Cu): [(481330000, 86362500), (519430000, 86362500)]
13:33:03: [INFO] Could not add track segment due to detected collision
13:33:03: [INFO] Routing pad 'D51:1' at (519430000, 86362500) with pad 'D52:1' at (557530000, 86362500) using coordinate system rotated by 0 degree(s)
13:33:03: [INFO] Adding track segment (B.Cu): [(519430000, 86362500), (557530000, 86362500)]
13:33:03: [INFO] Could not add track segment due to detected collision
13:33:03: [INFO] Routing pad 'D52:1' at (557530000, 86362500) with pad 'D53:1' at (595630000, 86362500) using coordinate system rotated by 0 degree(s)
13:33:03: [INFO] Adding track segment (B.Cu): [(557530000, 86362500), (595630000, 86362500)]
13:33:03: [INFO] Could not add track segment due to detected collision
13:33:03: [INFO] Routing pad 'D53:1' at (595630000, 86362500) with pad 'D54:1' at (638492500, 86362500) using coordinate system rotated by 0 degree(s)
13:33:03: [INFO] Adding track segment (B.Cu): [(595630000, 86362500), (638492500, 86362500)]
13:33:03: [INFO] Could not add track segment due to detected collision
13:33:03: [INFO] Routing COL1 pads
13:33:03: [INFO] Routing pad 'SW20:1' at (320040000, 59372500) with pad 'SW2:1' at (320040000, 35560000) using coordinate system rotated by 0 degree(s)
13:33:03: [INFO] Adding track segment (F.Cu): [(320040000, 59372500), (320040000, 35560000)]
13:33:03: [INFO] Routing pad 'SW38:1' at (320040000, 78422500) with pad 'SW20:1' at (320040000, 59372500) using coordinate system rotated by 0 degree(s)
13:33:03: [INFO] Adding track segment (F.Cu): [(320040000, 78422500), (320040000, 59372500)]
13:33:03: [INFO] Routing pad 'SW56:1' at (320040000, 97472500) with pad 'SW38:1' at (320040000, 78422500) using coordinate system rotated by 0 degree(s)
13:33:03: [INFO] Adding track segment (F.Cu): [(320040000, 97472500), (320040000, 78422500)]
13:33:03: [INFO] Routing pad 'SW73:1' at (320040000, 116522500) with pad 'SW56:1' at (320040000, 97472500) using coordinate system rotated by 0 degree(s)
13:33:03: [INFO] Adding track segment (F.Cu): [(320040000, 116522500), (320040000, 97472500)]
13:33:03: [INFO] Routing pad 'SW91:1' at (320040000, 135572500) with pad 'SW73:1' at (320040000, 116522500) using coordinate system rotated by 0 degree(s)
13:33:03: [INFO] Adding track segment (F.Cu): [(320040000, 135572500), (320040000, 116522500)]
13:33:03: [INFO] Routing pad 'SW91a:1' at (310515000, 135572500) with pad 'SW91:1' at (320040000, 135572500) using coordinate system rotated by 0 degree(s)
13:33:03: [INFO] Adding track segment (F.Cu): [(310515000, 135572500), (320040000, 135572500)]
13:33:03: [INFO] Routing pad 'SW2:1' at (320040000, 35560000) with pad 'SW11:1' at (339090000, 35560000) using coordinate system rotated by 0 degree(s)
13:33:03: [INFO] Adding track segment (F.Cu): [(320040000, 35560000), (339090000, 35560000)]
13:33:03: [INFO] Routing pad 'SW20:1' at (320040000, 59372500) with pad 'SW29:1' at (339090000, 59372500) using coordinate system rotated by 0 degree(s)
13:33:03: [INFO] Adding track segment (F.Cu): [(320040000, 59372500), (339090000, 59372500)]
13:33:03: [INFO] Routing pad 'SW38:1' at (320040000, 78422500) with pad 'SW47:1' at (339090000, 78422500) using coordinate system rotated by 0 degree(s)
13:33:03: [INFO] Adding track segment (F.Cu): [(320040000, 78422500), (339090000, 78422500)]
13:33:03: [INFO] Routing pad 'SW56:1' at (320040000, 97472500) with pad 'SW65:1' at (339090000, 97472500) using coordinate system rotated by 0 degree(s)
13:33:03: [INFO] Adding track segment (F.Cu): [(320040000, 97472500), (339090000, 97472500)]
13:33:03: [INFO] Could not add track segment due to detected collision
13:33:03: [INFO] Routing pad 'SW65:1' at (339090000, 97472500) with pad 'SW82a:1' at (339090000, 106997500) using coordinate system rotated by 0 degree(s)
13:33:03: [INFO] Adding track segment (F.Cu): [(339090000, 97472500), (339090000, 106997500)]
13:33:03: [INFO] Routing pad 'SW82a:1' at (339090000, 106997500) with pad 'SW82:1' at (339090000, 116522500) using coordinate system rotated by 0 degree(s)
13:33:03: [INFO] Adding track segment (F.Cu): [(339090000, 106997500), (339090000, 116522500)]
13:33:03: [INFO] Routing pad 'SW91:1' at (320040000, 135572500) with pad 'SW96:1' at (343852500, 140335000) using coordinate system rotated by 0 degree(s)
13:33:03: [INFO] Adding track segment (F.Cu): [(320040000, 135572500), (339090000, 135572500)]
13:33:03: [INFO] Adding track segment (F.Cu): [(339090000, 135572500), (343852500, 140335000)]
13:33:03: [INFO] Routing ROW3 pads
13:33:03: [INFO] Routing pad 'D28:1' at (309880000, 67312500) with pad 'D29:1' at (347980000, 67312500) using coordinate system rotated by 0 degree(s)
13:33:03: [INFO] Adding track segment (B.Cu): [(309880000, 67312500), (347980000, 67312500)]
13:33:03: [INFO] Could not add track segment due to detected collision
13:33:03: [INFO] Routing pad 'D29:1' at (347980000, 67312500) with pad 'D30:1' at (395605000, 67312500) using coordinate system rotated by 0 degree(s)
13:33:03: [INFO] Adding track segment (B.Cu): [(347980000, 67312500), (395605000, 67312500)]
13:33:03: [INFO] Could not add track segment due to detected collision
13:33:03: [INFO] Routing pad 'D30:1' at (395605000, 67312500) with pad 'D31:1' at (433705000, 67312500) using coordinate system rotated by 0 degree(s)
13:33:03: [INFO] Adding track segment (B.Cu): [(395605000, 67312500), (433705000, 67312500)]
13:33:03: [INFO] Could not add track segment due to detected collision
13:33:03: [INFO] Routing pad 'D31:1' at (433705000, 67312500) with pad 'D32:1' at (471805000, 67312500) using coordinate system rotated by 0 degree(s)
13:33:03: [INFO] Adding track segment (B.Cu): [(433705000, 67312500), (471805000, 67312500)]
13:33:03: [INFO] Could not add track segment due to detected collision
13:33:03: [INFO] Routing pad 'D32:1' at (471805000, 67312500) with pad 'D33:1' at (509905000, 67312500) using coordinate system rotated by 0 degree(s)
13:33:03: [INFO] Adding track segment (B.Cu): [(471805000, 67312500), (509905000, 67312500)]
13:33:03: [INFO] Could not add track segment due to detected collision
13:33:03: [INFO] Routing pad 'D33:1' at (509905000, 67312500) with pad 'D34:1' at (548005000, 67312500) using coordinate system rotated by 0 degree(s)
13:33:03: [INFO] Adding track segment (B.Cu): [(509905000, 67312500), (548005000, 67312500)]
13:33:03: [INFO] Could not add track segment due to detected collision
13:33:03: [INFO] Routing pad 'D34:1' at (548005000, 67312500) with pad 'D35:1' at (586105000, 67312500) using coordinate system rotated by 0 degree(s)
13:33:03: [INFO] Adding track segment (B.Cu): [(548005000, 67312500), (586105000, 67312500)]
13:33:03: [INFO] Could not add track segment due to detected collision
13:33:03: [INFO] Routing pad 'D35:1' at (586105000, 67312500) with pad 'D36:1' at (633730000, 67312500) using coordinate system rotated by 0 degree(s)
13:33:03: [INFO] Adding track segment (B.Cu): [(586105000, 67312500), (633730000, 67312500)]
13:33:03: [INFO] Could not add track segment due to detected collision
13:33:03: [INFO] Routing COL6 pads
13:33:03: [INFO] Routing pad 'SW61:1' at (534352500, 97472500) with pad 'SW78:1' at (524827500, 116522500) using coordinate system rotated by 0 degree(s)
13:33:03: [INFO] Adding track segment (F.Cu): [(534352500, 97472500), (534352500, 106997500)]
13:33:03: [INFO] Adding track segment (F.Cu): [(534352500, 106997500), (524827500, 116522500)]
13:33:03: [INFO] Routing pad 'SW25:1' at (520065000, 59372500) with pad 'SW43:1' at (529590000, 78422500) using coordinate system rotated by 0 degree(s)
13:33:03: [INFO] Adding track segment (F.Cu): [(520065000, 59372500), (520065000, 68897500)]
13:33:03: [INFO] Adding track segment (F.Cu): [(520065000, 68897500), (529590000, 78422500)]
13:33:03: [INFO] Routing pad 'SW43:1' at (529590000, 78422500) with pad 'SW61:1' at (534352500, 97472500) using coordinate system rotated by 0 degree(s)
13:33:03: [INFO] Adding track segment (F.Cu): [(529590000, 78422500), (529590000, 92710000)]
13:33:03: [INFO] Adding track segment (F.Cu): [(529590000, 92710000), (534352500, 97472500)]
13:33:03: [INFO] Routing pad 'SW25:1' at (520065000, 59372500) with pad 'SW34:1' at (539115000, 59372500) using coordinate system rotated by 0 degree(s)
13:33:03: [INFO] Adding track segment (F.Cu): [(520065000, 59372500), (539115000, 59372500)]
13:33:03: [INFO] Routing pad 'SW78:1' at (524827500, 116522500) with pad 'SW87:1' at (543877500, 116522500) using coordinate system rotated by 0 degree(s)
13:33:03: [INFO] Adding track segment (F.Cu): [(524827500, 116522500), (543877500, 116522500)]
13:33:03: [INFO] Routing pad 'SW34:1' at (539115000, 59372500) with pad 'SW7:1' at (548640000, 35560000) using coordinate system rotated by 0 degree(s)
13:33:03: [INFO] Adding track segment (F.Cu): [(539115000, 59372500), (548640000, 49847500)]
13:33:03: [INFO] Adding track segment (F.Cu): [(548640000, 49847500), (548640000, 35560000)]
13:33:03: [INFO] Routing pad 'SW43:1' at (529590000, 78422500) with pad 'SW52:1' at (548640000, 78422500) using coordinate system rotated by 0 degree(s)
13:33:03: [INFO] Adding track segment (F.Cu): [(529590000, 78422500), (548640000, 78422500)]
13:33:03: [INFO] Routing pad 'SW61:1' at (534352500, 97472500) with pad 'SW70:1' at (553402500, 97472500) using coordinate system rotated by 0 degree(s)
13:33:03: [INFO] Adding track segment (F.Cu): [(534352500, 97472500), (553402500, 97472500)]
13:33:03: [INFO] Routing pad 'SW7:1' at (548640000, 35560000) with pad 'SW16:1' at (577215000, 35560000) using coordinate system rotated by 0 degree(s)
13:33:03: [INFO] Adding track segment (F.Cu): [(548640000, 35560000), (577215000, 35560000)]
13:33:03: [INFO] Routing COL2 pads
13:33:03: [INFO] Routing pad 'SW74:1' at (362902500, 121285000) with pad 'SW92:1' at (362902500, 140335000) using coordinate system rotated by 0 degree(s)
13:33:03: [INFO] Adding track segment (F.Cu): [(362902500, 121285000), (362902500, 140335000)]
13:33:03: [INFO] Routing pad 'SW21:1' at (367665000, 59372500) with pad 'SW3:1' at (367665000, 35560000) using coordinate system rotated by 0 degree(s)
13:33:03: [INFO] Adding track segment (F.Cu): [(367665000, 59372500), (367665000, 35560000)]
13:33:03: [INFO] Routing pad 'SW30:1' at (386715000, 59372500) with pad 'SW21:1' at (367665000, 59372500) using coordinate system rotated by 0 degree(s)
13:33:03: [INFO] Adding track segment (F.Cu): [(386715000, 59372500), (367665000, 59372500)]
13:33:03: [INFO] Routing pad 'SW21:1' at (367665000, 59372500) with pad 'SW39:1' at (372427500, 78422500) using coordinate system rotated by 0 degree(s)
13:33:03: [INFO] Adding track segment (F.Cu): [(367665000, 59372500), (367665000, 73660000)]
13:33:03: [INFO] Adding track segment (F.Cu): [(367665000, 73660000), (372427500, 78422500)]
13:33:03: [INFO] Routing pad 'SW39:1' at (372427500, 78422500) with pad 'SW57:1' at (374808750, 97472500) using coordinate system rotated by 0 degree(s)
13:33:03: [INFO] Adding track segment (F.Cu): [(372427500, 78422500), (372427500, 95091250)]
13:33:03: [INFO] Adding track segment (F.Cu): [(372427500, 95091250), (374808750, 97472500)]
13:33:03: [INFO] Routing pad 'SW92:1' at (362902500, 140335000) with pad 'SW97:1' at (381952500, 140335000) using coordinate system rotated by 0 degree(s)
13:33:03: [INFO] Adding track segment (F.Cu): [(362902500, 140335000), (381952500, 140335000)]
13:33:03: [INFO] Routing pad 'SW48:1' at (396240000, 78422500) with pad 'SW30:1' at (386715000, 59372500) using coordinate system rotated by 0 degree(s)
13:33:03: [INFO] Adding track segment (F.Cu): [(396240000, 78422500), (386715000, 68897500)]
13:33:03: [INFO] Adding track segment (F.Cu): [(386715000, 68897500), (386715000, 59372500)]
13:33:03: [INFO] Routing pad 'SW97:1' at (381952500, 140335000) with pad 'SW83:1' at (389096250, 116522500) using coordinate system rotated by 0 degree(s)
13:33:03: [INFO] Adding track segment (F.Cu): [(381952500, 140335000), (389096250, 133191250)]
13:33:03: [INFO] Adding track segment (F.Cu): [(389096250, 133191250), (389096250, 116522500)]
13:33:03: [INFO] Routing pad 'SW66:1' at (401002500, 97472500) with pad 'SW48:1' at (396240000, 78422500) using coordinate system rotated by 0 degree(s)
13:33:04: [INFO] Adding track segment (F.Cu): [(401002500, 97472500), (396240000, 92710000)]
13:33:04: [INFO] Adding track segment (F.Cu): [(396240000, 92710000), (396240000, 78422500)]
13:33:04: [INFO] Routing pad 'SW83:1' at (389096250, 116522500) with pad 'SW66:1' at (401002500, 97472500) using coordinate system rotated by 0 degree(s)
13:33:04: [INFO] Adding track segment (F.Cu): [(389096250, 116522500), (401002500, 104616250)]
13:33:04: [INFO] Adding track segment (F.Cu): [(401002500, 104616250), (401002500, 97472500)]
13:33:04: [INFO] Routing pad 'SW30:1' at (386715000, 59372500) with pad 'SW12:1' at (405765000, 35560000) using coordinate system rotated by 0 degree(s)
13:33:04: [INFO] Adding track segment (F.Cu): [(386715000, 59372500), (405765000, 40322500)]
13:33:04: [INFO] Adding track segment (F.Cu): [(405765000, 40322500), (405765000, 35560000)]
13:33:04: [INFO] Routing ROW4 pads
13:33:04: [INFO] Routing pad 'D37:1' at (290830000, 86362500) with pad 'D38:1' at (328930000, 86362500) using coordinate system rotated by 0 degree(s)
13:33:04: [INFO] Adding track segment (B.Cu): [(290830000, 86362500), (328930000, 86362500)]
13:33:04: [INFO] Could not add track segment due to detected collision
13:33:04: [INFO] Routing pad 'D38:1' at (328930000, 86362500) with pad 'D39:1' at (381317500, 86362500) using coordinate system rotated by 0 degree(s)
13:33:04: [INFO] Adding track segment (B.Cu): [(328930000, 86362500), (381317500, 86362500)]
13:33:04: [INFO] Could not add track segment due to detected collision
13:33:04: [INFO] Routing pad 'D39:1' at (381317500, 86362500) with pad 'D40:1' at (424180000, 86362500) using coordinate system rotated by 0 degree(s)
13:33:04: [INFO] Adding track segment (B.Cu): [(381317500, 86362500), (424180000, 86362500)]
13:33:04: [INFO] Could not add track segment due to detected collision
13:33:04: [INFO] Routing pad 'D40:1' at (424180000, 86362500) with pad 'D41:1' at (462280000, 86362500) using coordinate system rotated by 0 degree(s)
13:33:04: [INFO] Adding track segment (B.Cu): [(424180000, 86362500), (462280000, 86362500)]
13:33:04: [INFO] Could not add track segment due to detected collision
13:33:04: [INFO] Routing pad 'D41:1' at (462280000, 86362500) with pad 'D42:1' at (500380000, 86362500) using coordinate system rotated by 0 degree(s)
13:33:04: [INFO] Adding track segment (B.Cu): [(462280000, 86362500), (500380000, 86362500)]
13:33:04: [INFO] Could not add track segment due to detected collision
13:33:04: [INFO] Routing pad 'D42:1' at (500380000, 86362500) with pad 'D43:1' at (538480000, 86362500) using coordinate system rotated by 0 degree(s)
13:33:04: [INFO] Adding track segment (B.Cu): [(500380000, 86362500), (538480000, 86362500)]
13:33:04: [INFO] Could not add track segment due to detected collision
13:33:04: [INFO] Routing pad 'D43:1' at (538480000, 86362500) with pad 'D44:1' at (576580000, 86362500) using coordinate system rotated by 0 degree(s)
13:33:04: [INFO] Adding track segment (B.Cu): [(538480000, 86362500), (576580000, 86362500)]
13:33:04: [INFO] Could not add track segment due to detected collision
13:33:04: [INFO] Routing pad 'D44:1' at (576580000, 86362500) with pad 'D45:1' at (614680000, 86362500) using coordinate system rotated by 0 degree(s)
13:33:04: [INFO] Adding track segment (B.Cu): [(576580000, 86362500), (614680000, 86362500)]
13:33:04: [INFO] Could not add track segment due to detected collision
13:33:04: [INFO] Routing ROW0 pads
13:33:04: [INFO] Routing pad 'D1:1' at (290830000, 43500000) with pad 'D2:1' at (328930000, 43500000) using coordinate system rotated by 0 degree(s)
13:33:04: [INFO] Adding track segment (B.Cu): [(290830000, 43500000), (328930000, 43500000)]
13:33:04: [INFO] Could not add track segment due to detected collision
13:33:04: [INFO] Routing pad 'D2:1' at (328930000, 43500000) with pad 'D3:1' at (376555000, 43500000) using coordinate system rotated by 0 degree(s)
13:33:04: [INFO] Adding track segment (B.Cu): [(328930000, 43500000), (376555000, 43500000)]
13:33:04: [INFO] Could not add track segment due to detected collision
13:33:04: [INFO] Routing pad 'D3:1' at (376555000, 43500000) with pad 'D4:1' at (433705000, 43500000) using coordinate system rotated by 0 degree(s)
13:33:04: [INFO] Adding track segment (B.Cu): [(376555000, 43500000), (433705000, 43500000)]
13:33:04: [INFO] Could not add track segment due to detected collision
13:33:04: [INFO] Routing pad 'D4:1' at (433705000, 43500000) with pad 'D5:1' at (471805000, 43500000) using coordinate system rotated by 0 degree(s)
13:33:04: [INFO] Adding track segment (B.Cu): [(433705000, 43500000), (471805000, 43500000)]
13:33:04: [INFO] Could not add track segment due to detected collision
13:33:04: [INFO] Routing pad 'D5:1' at (471805000, 43500000) with pad 'D6:1' at (519430000, 43500000) using coordinate system rotated by 0 degree(s)
13:33:04: [INFO] Adding track segment (B.Cu): [(471805000, 43500000), (519430000, 43500000)]
13:33:04: [INFO] Could not add track segment due to detected collision
13:33:04: [INFO] Routing pad 'D6:1' at (519430000, 43500000) with pad 'D7:1' at (557530000, 43500000) using coordinate system rotated by 0 degree(s)
13:33:04: [INFO] Adding track segment (B.Cu): [(519430000, 43500000), (557530000, 43500000)]
13:33:04: [INFO] Could not add track segment due to detected collision
13:33:04: [INFO] Routing pad 'D7:1' at (557530000, 43500000) with pad 'D8:1' at (605155000, 43500000) using coordinate system rotated by 0 degree(s)
13:33:04: [INFO] Adding track segment (B.Cu): [(557530000, 43500000), (605155000, 43500000)]
13:33:04: [INFO] Could not add track segment due to detected collision
13:33:04: [INFO] Routing pad 'D8:1' at (605155000, 43500000) with pad 'D9:1' at (643255000, 43500000) using coordinate system rotated by 0 degree(s)
13:33:04: [INFO] Adding track segment (B.Cu): [(605155000, 43500000), (643255000, 43500000)]
13:33:04: [INFO] Could not add track segment due to detected collision
13:33:04: [INFO] Routing COL3 pads
13:33:04: [INFO] Routing pad 'SW75:1' at (410527500, 116522500) with pad 'SW93:1' at (405765000, 135572500) using coordinate system rotated by 0 degree(s)
13:33:04: [INFO] Adding track segment (F.Cu): [(410527500, 116522500), (410527500, 130810000)]
13:33:04: [INFO] Adding track segment (F.Cu): [(410527500, 130810000), (405765000, 135572500)]
13:33:04: [INFO] Routing pad 'SW58:1' at (420052500, 97472500) with pad 'SW75:1' at (410527500, 116522500) using coordinate system rotated by 0 degree(s)
13:33:04: [INFO] Adding track segment (F.Cu): [(420052500, 97472500), (420052500, 106997500)]
13:33:04: [INFO] Adding track segment (F.Cu): [(420052500, 106997500), (410527500, 116522500)]
13:33:04: [INFO] Routing pad 'SW22:1' at (405765000, 59372500) with pad 'SW40:1' at (415290000, 78422500) using coordinate system rotated by 0 degree(s)
13:33:04: [INFO] Adding track segment (F.Cu): [(405765000, 59372500), (405765000, 68897500)]
13:33:04: [INFO] Adding track segment (F.Cu): [(405765000, 68897500), (415290000, 78422500)]
13:33:04: [INFO] Routing pad 'SW40:1' at (415290000, 78422500) with pad 'SW58:1' at (420052500, 97472500) using coordinate system rotated by 0 degree(s)
13:33:04: [INFO] Adding track segment (F.Cu): [(415290000, 78422500), (415290000, 92710000)]
13:33:04: [INFO] Adding track segment (F.Cu): [(415290000, 92710000), (420052500, 97472500)]
13:33:04: [INFO] Routing pad 'SW31:1' at (424815000, 59372500) with pad 'SW4:1' at (424815000, 35560000) using coordinate system rotated by 0 degree(s)
13:33:04: [INFO] Adding track segment (F.Cu): [(424815000, 59372500), (424815000, 35560000)]
13:33:04: [INFO] Routing pad 'SW22:1' at (405765000, 59372500) with pad 'SW31:1' at (424815000, 59372500) using coordinate system rotated by 0 degree(s)
13:33:04: [INFO] Adding track segment (F.Cu): [(405765000, 59372500), (424815000, 59372500)]
13:33:04: [INFO] Routing pad 'SW93:1' at (405765000, 135572500) with pad 'SW98:1' at (424815000, 135572500) using coordinate system rotated by 0 degree(s)
13:33:04: [INFO] Adding track segment (F.Cu): [(405765000, 135572500), (424815000, 135572500)]
13:33:04: [INFO] Routing pad 'SW75:1' at (410527500, 116522500) with pad 'SW84:1' at (429577500, 116522500) using coordinate system rotated by 0 degree(s)
13:33:04: [INFO] Adding track segment (F.Cu): [(410527500, 116522500), (429577500, 116522500)]
13:33:04: [INFO] Routing pad 'SW40:1' at (415290000, 78422500) with pad 'SW49:1' at (434340000, 78422500) using coordinate system rotated by 0 degree(s)
13:33:04: [INFO] Adding track segment (F.Cu): [(415290000, 78422500), (434340000, 78422500)]
13:33:04: [INFO] Routing pad 'SW58:1' at (420052500, 97472500) with pad 'SW67:1' at (439102500, 97472500) using coordinate system rotated by 0 degree(s)
13:33:04: [INFO] Adding track segment (F.Cu): [(420052500, 97472500), (439102500, 97472500)]
13:33:04: [INFO] Routing pad 'SW4:1' at (424815000, 35560000) with pad 'SW13:1' at (443865000, 35560000) using coordinate system rotated by 0 degree(s)
13:33:04: [INFO] Adding track segment (F.Cu): [(424815000, 35560000), (443865000, 35560000)]
13:33:04: [INFO] Routing COL4 pads
13:33:04: [INFO] Routing pad 'SW59:1' at (458152500, 97472500) with pad 'SW76:1' at (448627500, 116522500) using coordinate system rotated by 0 degree(s)
13:33:04: [INFO] Adding track segment (F.Cu): [(458152500, 97472500), (458152500, 106997500)]
13:33:04: [INFO] Adding track segment (F.Cu): [(458152500, 106997500), (448627500, 116522500)]
13:33:04: [INFO] Routing pad 'SW23:1' at (443865000, 59372500) with pad 'SW41:1' at (453390000, 78422500) using coordinate system rotated by 0 degree(s)
13:33:04: [INFO] Adding track segment (F.Cu): [(443865000, 59372500), (443865000, 68897500)]
13:33:04: [INFO] Adding track segment (F.Cu): [(443865000, 68897500), (453390000, 78422500)]
13:33:04: [INFO] Routing pad 'SW41:1' at (453390000, 78422500) with pad 'SW59:1' at (458152500, 97472500) using coordinate system rotated by 0 degree(s)
13:33:04: [INFO] Adding track segment (F.Cu): [(453390000, 78422500), (453390000, 92710000)]
13:33:04: [INFO] Adding track segment (F.Cu): [(453390000, 92710000), (458152500, 97472500)]
13:33:04: [INFO] Routing pad 'SW32:1' at (462915000, 59372500) with pad 'SW5:1' at (462915000, 35560000) using coordinate system rotated by 0 degree(s)
13:33:04: [INFO] Adding track segment (F.Cu): [(462915000, 59372500), (462915000, 35560000)]
13:33:04: [INFO] Routing pad 'SW23:1' at (443865000, 59372500) with pad 'SW32:1' at (462915000, 59372500) using coordinate system rotated by 0 degree(s)
13:33:04: [INFO] Adding track segment (F.Cu): [(443865000, 59372500), (462915000, 59372500)]
13:33:04: [INFO] Routing pad 'SW76:1' at (448627500, 116522500) with pad 'SW85:1' at (467677500, 116522500) using coordinate system rotated by 0 degree(s)
13:33:04: [INFO] Adding track segment (F.Cu): [(448627500, 116522500), (467677500, 116522500)]
13:33:04: [INFO] Routing pad 'SW41:1' at (453390000, 78422500) with pad 'SW50:1' at (472440000, 78422500) using coordinate system rotated by 0 degree(s)
13:33:04: [INFO] Adding track segment (F.Cu): [(453390000, 78422500), (472440000, 78422500)]
13:33:04: [INFO] Routing pad 'SW59:1' at (458152500, 97472500) with pad 'SW68:1' at (477202500, 97472500) using coordinate system rotated by 0 degree(s)
13:33:04: [INFO] Adding track segment (F.Cu): [(458152500, 97472500), (477202500, 97472500)]
13:33:04: [INFO] Routing pad 'SW5:1' at (462915000, 35560000) with pad 'SW14:1' at (491490000, 35560000) using coordinate system rotated by 0 degree(s)
13:33:04: [INFO] Adding track segment (F.Cu): [(462915000, 35560000), (491490000, 35560000)]
13:33:04: [INFO] Routing ROW6 pads
13:33:04: [INFO] Routing pad 'D55:1' at (290830000, 105412500) with pad 'D56:1' at (328930000, 105412500) using coordinate system rotated by 0 degree(s)
13:33:04: [INFO] Adding track segment (B.Cu): [(290830000, 105412500), (328930000, 105412500)]
13:33:04: [INFO] Could not add track segment due to detected collision
13:33:04: [INFO] Routing pad 'D56:1' at (328930000, 105412500) with pad 'D57:1' at (383698750, 105412500) using coordinate system rotated by 0 degree(s)
13:33:04: [INFO] Adding track segment (B.Cu): [(328930000, 105412500), (383698750, 105412500)]
13:33:04: [INFO] Could not add track segment due to detected collision
13:33:04: [INFO] Routing pad 'D57:1' at (383698750, 105412500) with pad 'D58:1' at (428942500, 105412500) using coordinate system rotated by 0 degree(s)
13:33:04: [INFO] Adding track segment (B.Cu): [(383698750, 105412500), (428942500, 105412500)]
13:33:04: [INFO] Could not add track segment due to detected collision
13:33:04: [INFO] Routing pad 'D58:1' at (428942500, 105412500) with pad 'D59:1' at (467042500, 105412500) using coordinate system rotated by 0 degree(s)
13:33:04: [INFO] Adding track segment (B.Cu): [(428942500, 105412500), (467042500, 105412500)]
13:33:04: [INFO] Could not add track segment due to detected collision
13:33:04: [INFO] Routing pad 'D59:1' at (467042500, 105412500) with pad 'D60:1' at (505142500, 105412500) using coordinate system rotated by 0 degree(s)
13:33:04: [INFO] Adding track segment (B.Cu): [(467042500, 105412500), (505142500, 105412500)]
13:33:04: [INFO] Could not add track segment due to detected collision
13:33:04: [INFO] Routing pad 'D60:1' at (505142500, 105412500) with pad 'D61:1' at (543242500, 105412500) using coordinate system rotated by 0 degree(s)
13:33:04: [INFO] Adding track segment (B.Cu): [(505142500, 105412500), (543242500, 105412500)]
13:33:04: [INFO] Could not add track segment due to detected collision
13:33:04: [INFO] Routing pad 'D61:1' at (543242500, 105412500) with pad 'D62:1' at (581342500, 105412500) using coordinate system rotated by 0 degree(s)
13:33:04: [INFO] Adding track segment (B.Cu): [(543242500, 105412500), (581342500, 105412500)]
13:33:04: [INFO] Could not add track segment due to detected collision
13:33:04: [INFO] Routing pad 'D62:1' at (581342500, 105412500) with pad 'D63:1' at (631348750, 105412500) using coordinate system rotated by 0 degree(s)
13:33:04: [INFO] Adding track segment (B.Cu): [(581342500, 105412500), (631348750, 105412500)]
13:33:04: [INFO] Could not add track segment due to detected collision
13:33:04: [INFO] Removing dangling tracks
