=== kbplacer.kle_serial ===
=== layout2image.py ===
=== kbplacer ===
13:30:59: [INFO] User layout: https://editor.keyboard-tools.xyz/#share=NrDeCIA9wLgAgIwA4B0BWANHcATWcAXAJwFcBTAXy3AQGYMAGAHQDtXWHHwsIBjfcAGIAhqLHgq2Oo3ZsWnBOAC6GAFBhwAT3wBaBumr94QgOxnzE6pwbc4EaPH0AmTNiPZBvL98vYFt8E4nAM5aEIwAFlt7fGdXcHchMXFJGi5qBAxFDIxgnLCeKFiUF0MBT28vX3AndOxa7PrcgNqCuyLHEvjEkWThatqowoc4ONT6JxtqCcbwCeCVdRj4ZANsbXg9NYTyyqrqPHhiclTpBFkOOr5yvv7T+nO5S8VFjQ24LdK3Xb3qpAw0AF-gA2IEYExgpBggCcYIQU2w-wQsyReURWTa4CRQ3RCEB1CRoIJWQhhR6twCAHd8E5UkikBcWJkEctRl1UhFcgjwJynLNeQs1BpqSt0KloQDojtjBVKtUJUTsBLSUqMFDqBLYRqstyJciAnq0eA9Zi9TjjVl8aqEIqLQgVRARYgxdqENDGfQWR02V9pR4KalMJMAkHZkHBUtwE6ECgTGhTpwrdcZXt+AmMLb4eCAln1VJOFr8zqcwpZlmEEby5jy+by1aaApFcmPOYLNQnU52RkFAynixPcohc2kn0qTSu1JMmhGbUvT1U9VkdmMpk8zRMoX18WV1ky5kKzn99X97X9-WlzapeTR+3x3HTvve7JOV6RjHfT1W2ZqsDclFXsOvTJGOoouKctTTn2mBetGE40LUwKMtBUqwWBGS1CYSFXH6QgLre8DAnBFYYlhc43De2CofG6GWqRKH4O+1FSA0iFQdhVHgVkT5yMhhQcTRbp0cMxQfuUX4QqkJi5JiUlOOasmAgBWgid05HAfhzpoZOAIzlkV4-HKD4ZrpjSsvCsaqTKAbEsgjL7nC7p9vZSlvrQFllDK4kgZp8QABY0u2wSin5QWINQkChZ8TF2o5sgPIOkZvp2cYeR4C7prZfbxS5DG1N8VkUVGDEWUZmXPnpO6CX2nIvEORXBZxkGyJgZYIVhpn1c60XEZhbEdfOvwaSYnF0O1+kFeplHFd1LFjQJ3GsC19ENQJsU8XpSmwTNOlsZWbW7ctXWcb1zXNGSBk+BptCcQtLBBjmDS0FhaKOvg10CREz3jf6hVbSNrGnXtXFfXx00jWti3NJtYM0U161tGZKCcFNK3MeCWEIzhsqXSjcDDQJT1sZj16TZ1MbbTaGNSm+SMaeT4NU9DqPwTtp04ojyNky6aMnet7NY3huPvWjt2YLWj1YfzTrCyzCCfWx-Mk+IdPc7LAN89TxWc39q2S8oShAA
13:30:59: [INFO] Labels prefixes: for rows: 'ROW', for columns: 'COL'
13:30:59: [INFO] Matrix size: 13x25
13:31:00: [WARNING] No stabilizer footprint for width 2.25u, using 2u as fallback
13:31:00: [WARNING] No stabilizer footprint for width 2.25u, using 2u as fallback
13:31:00: [WARNING] No stabilizer footprint for width 2.75u, using 2u as fallback
13:31:00: [INFO] Add COL0 net
13:31:00: [INFO] Add COL1 net
13:31:00: [INFO] Add COL10 net
13:31:00: [INFO] Add COL11 net
13:31:00: [INFO] Add COL12 net
13:31:00: [INFO] Add COL13 net
13:31:00: [INFO] Add COL14 net
13:31:00: [INFO] Add COL15 net
13:31:00: [INFO] Add COL16 net
13:31:00: [INFO] Add COL17 net
13:31:00: [INFO] Add COL18 net
13:31:00: [INFO] Add COL19 net
13:31:00: [INFO] Add COL2 net
13:31:00: [INFO] Add COL20 net
13:31:00: [INFO] Add COL21 net
13:31:00: [INFO] Add COL22 net
13:31:00: [INFO] Add COL23 net
13:31:00: [INFO] Add COL24 net
13:31:00: [INFO] Add COL25 net
13:31:00: [INFO] Add COL3 net
13:31:00: [INFO] Add COL4 net
13:31:00: [INFO] Add COL5 net
13:31:00: [INFO] Add COL6 net
13:31:00: [INFO] Add COL7 net
13:31:00: [INFO] Add COL8 net
13:31:00: [INFO] Add COL9 net
13:31:00: [INFO] Add Net-(D1-A) net
13:31:00: [INFO] Add Net-(D10-A) net
13:31:00: [INFO] Add Net-(D11-A) net
13:31:00: [INFO] Add Net-(D12-A) net
13:31:00: [INFO] Add Net-(D13-A) net
13:31:00: [INFO] Add Net-(D14-A) net
13:31:00: [INFO] Add Net-(D15-A) net
13:31:00: [INFO] Add Net-(D16-A) net
13:31:00: [INFO] Add Net-(D17-A) net
13:31:00: [INFO] Add Net-(D18-A) net
13:31:00: [INFO] Add Net-(D19-A) net
13:31:00: [INFO] Add Net-(D2-A) net
13:31:00: [INFO] Add Net-(D20-A) net
13:31:00: [INFO] Add Net-(D21-A) net
13:31:00: [INFO] Add Net-(D22-A) net
13:31:00: [INFO] Add Net-(D23-A) net
13:31:00: [INFO] Add Net-(D24-A) net
13:31:00: [INFO] Add Net-(D25-A) net
13:31:00: [INFO] Add Net-(D26-A) net
13:31:00: [INFO] Add Net-(D27-A) net
13:31:00: [INFO] Add Net-(D28-A) net
13:31:00: [INFO] Add Net-(D29-A) net
13:31:00: [INFO] Add Net-(D3-A) net
13:31:00: [INFO] Add Net-(D30-A) net
13:31:00: [INFO] Add Net-(D31-A) net
13:31:00: [INFO] Add Net-(D32-A) net
13:31:00: [INFO] Add Net-(D33-A) net
13:31:00: [INFO] Add Net-(D34-A) net
13:31:00: [INFO] Add Net-(D35-A) net
13:31:00: [INFO] Add Net-(D36-A) net
13:31:00: [INFO] Add Net-(D37-A) net
13:31:00: [INFO] Add Net-(D38-A) net
13:31:00: [INFO] Add Net-(D39-A) net
13:31:00: [INFO] Add Net-(D4-A) net
13:31:00: [INFO] Add Net-(D40-A) net
13:31:00: [INFO] Add Net-(D41-A) net
13:31:00: [INFO] Add Net-(D42-A) net
13:31:00: [INFO] Add Net-(D43-A) net
13:31:00: [INFO] Add Net-(D44-A) net
13:31:00: [INFO] Add Net-(D45-A) net
13:31:00: [INFO] Add Net-(D46-A) net
13:31:00: [INFO] Add Net-(D47-A) net
13:31:00: [INFO] Add Net-(D48-A) net
13:31:00: [INFO] Add Net-(D49-A) net
13:31:00: [INFO] Add Net-(D5-A) net
13:31:00: [INFO] Add Net-(D50-A) net
13:31:00: [INFO] Add Net-(D51-A) net
13:31:00: [INFO] Add Net-(D52-A) net
13:31:00: [INFO] Add Net-(D53-A) net
13:31:00: [INFO] Add Net-(D54-A) net
13:31:00: [INFO] Add Net-(D55-A) net
13:31:00: [INFO] Add Net-(D56-A) net
13:31:00: [INFO] Add Net-(D57-A) net
13:31:00: [INFO] Add Net-(D58-A) net
13:31:00: [INFO] Add Net-(D59-A) net
13:31:00: [INFO] Add Net-(D6-A) net
13:31:00: [INFO] Add Net-(D60-A) net
13:31:00: [INFO] Add Net-(D61-A) net
13:31:00: [INFO] Add Net-(D62-A) net
13:31:00: [INFO] Add Net-(D63-A) net
13:31:00: [INFO] Add Net-(D64-A) net
13:31:00: [INFO] Add Net-(D65-A) net
13:31:00: [INFO] Add Net-(D66-A) net
13:31:00: [INFO] Add Net-(D67-A) net
13:31:00: [INFO] Add Net-(D68-A) net
13:31:00: [INFO] Add Net-(D69-A) net
13:31:00: [INFO] Add Net-(D7-A) net
13:31:00: [INFO] Add Net-(D70-A) net
13:31:00: [INFO] Add Net-(D71-A) net
13:31:00: [INFO] Add Net-(D72-A) net
13:31:00: [INFO] Add Net-(D73-A) net
13:31:00: [INFO] Add Net-(D74-A) net
13:31:00: [INFO] Add Net-(D75-A) net
13:31:00: [INFO] Add Net-(D76-A) net
13:31:00: [INFO] Add Net-(D77-A) net
13:31:00: [INFO] Add Net-(D78-A) net
13:31:00: [INFO] Add Net-(D79-A) net
13:31:00: [INFO] Add Net-(D8-A) net
13:31:00: [INFO] Add Net-(D80-A) net
13:31:00: [INFO] Add Net-(D81-A) net
13:31:00: [INFO] Add Net-(D82-A) net
13:31:00: [INFO] Add Net-(D83-A) net
13:31:00: [INFO] Add Net-(D84-A) net
13:31:00: [INFO] Add Net-(D85-A) net
13:31:00: [INFO] Add Net-(D86-A) net
13:31:00: [INFO] Add Net-(D87-A) net
13:31:00: [INFO] Add Net-(D88-A) net
13:31:00: [INFO] Add Net-(D89-A) net
13:31:00: [INFO] Add Net-(D9-A) net
13:31:00: [INFO] Add Net-(D90-A) net
13:31:00: [INFO] Add Net-(D91-A) net
13:31:00: [INFO] Add Net-(D92-A) net
13:31:00: [INFO] Add Net-(D93-A) net
13:31:00: [INFO] Add Net-(D94-A) net
13:31:00: [INFO] Add Net-(D95-A) net
13:31:00: [INFO] Add ROW0 net
13:31:00: [INFO] Add ROW1 net
13:31:00: [INFO] Add ROW10 net
13:31:00: [INFO] Add ROW11 net
13:31:00: [INFO] Add ROW12 net
13:31:00: [INFO] Add ROW13 net
13:31:00: [INFO] Add ROW2 net
13:31:00: [INFO] Add ROW3 net
13:31:00: [INFO] Add ROW4 net
13:31:00: [INFO] Add ROW5 net
13:31:00: [INFO] Add ROW6 net
13:31:00: [INFO] Add ROW7 net
13:31:00: [INFO] Add ROW8 net
13:31:00: [INFO] Add ROW9 net
13:31:00: [INFO] Add SW1 footprint
13:31:00: [INFO] Add D1 footprint
13:31:00: [INFO] Add SW2 footprint
13:31:00: [INFO] Add D2 footprint
13:31:00: [INFO] Add SW3 footprint
13:31:00: [INFO] Add D3 footprint
13:31:00: [INFO] Add SW4 footprint
13:31:00: [INFO] Add D4 footprint
13:31:00: [INFO] Add SW5 footprint
13:31:00: [INFO] Add D5 footprint
13:31:00: [INFO] Add SW6 footprint
13:31:01: [INFO] Add D6 footprint
13:31:01: [INFO] Add SW7 footprint
13:31:01: [INFO] Add D7 footprint
13:31:01: [INFO] Add SW8 footprint
13:31:01: [INFO] Add D8 footprint
13:31:01: [INFO] Add SW9 footprint
13:31:01: [INFO] Add D9 footprint
13:31:01: [INFO] Add SW10 footprint
13:31:01: [INFO] Add D10 footprint
13:31:01: [INFO] Add SW11 footprint
13:31:01: [INFO] Add D11 footprint
13:31:01: [INFO] Add SW12 footprint
13:31:01: [INFO] Add D12 footprint
13:31:01: [INFO] Add SW13 footprint
13:31:01: [INFO] Add D13 footprint
13:31:01: [INFO] Add SW14 footprint
13:31:01: [INFO] Add D14 footprint
13:31:01: [INFO] Add SW15 footprint
13:31:01: [INFO] Add D15 footprint
13:31:01: [INFO] Add SW16 footprint
13:31:01: [INFO] Add D16 footprint
13:31:01: [INFO] Add SW17 footprint
13:31:01: [INFO] Add D17 footprint
13:31:01: [INFO] Add SW18 footprint
13:31:01: [INFO] Add D18 footprint
13:31:01: [INFO] Add SW19 footprint
13:31:01: [INFO] Add D19 footprint
13:31:01: [INFO] Add SW20 footprint
13:31:01: [INFO] Add D20 footprint
13:31:01: [INFO] Add SW21 footprint
13:31:01: [INFO] Add D21 footprint
13:31:01: [INFO] Add SW22 footprint
13:31:01: [INFO] Add D22 footprint
13:31:01: [INFO] Add SW23 footprint
13:31:01: [INFO] Add D23 footprint
13:31:01: [INFO] Add SW24 footprint
13:31:02: [INFO] Add D24 footprint
13:31:02: [INFO] Add SW25 footprint
13:31:02: [INFO] Add D25 footprint
13:31:02: [INFO] Add SW26 footprint
13:31:02: [INFO] Add D26 footprint
13:31:02: [INFO] Add SW27 footprint
13:31:02: [INFO] Add D27 footprint
13:31:02: [INFO] Add SW28 footprint
13:31:02: [INFO] Add D28 footprint
13:31:02: [INFO] Add SW29 footprint
13:31:02: [INFO] Add D29 footprint
13:31:02: [INFO] Add SW30 footprint
13:31:02: [INFO] Add D30 footprint
13:31:02: [INFO] Add SW31 footprint
13:31:02: [INFO] Add D31 footprint
13:31:02: [INFO] Add SW32 footprint
13:31:02: [INFO] Add D32 footprint
13:31:02: [INFO] Add SW33 footprint
13:31:02: [INFO] Add D33 footprint
13:31:02: [INFO] Add SW34 footprint
13:31:02: [INFO] Add D34 footprint
13:31:02: [INFO] Add SW35 footprint
13:31:02: [INFO] Add D35 footprint
13:31:02: [INFO] Add SW36 footprint
13:31:02: [INFO] Add D36 footprint
13:31:02: [INFO] Add SW37 footprint
13:31:02: [INFO] Add D37 footprint
13:31:02: [INFO] Add SW38 footprint
13:31:02: [INFO] Add D38 footprint
13:31:02: [INFO] Add SW39 footprint
13:31:02: [INFO] Add D39 footprint
13:31:02: [INFO] Add SW40 footprint
13:31:02: [INFO] Add D40 footprint
13:31:02: [INFO] Add SW41 footprint
13:31:02: [INFO] Add D41 footprint
13:31:02: [INFO] Add ST41 footprint
13:31:02: [INFO] Add SW41a footprint
13:31:02: [INFO] Add SW42 footprint
13:31:03: [INFO] Add D42 footprint
13:31:03: [INFO] Add SW43 footprint
13:31:03: [INFO] Add D43 footprint
13:31:03: [INFO] Add SW44 footprint
13:31:03: [INFO] Add D44 footprint
13:31:03: [INFO] Add SW45 footprint
13:31:03: [INFO] Add D45 footprint
13:31:03: [INFO] Add SW46 footprint
13:31:03: [INFO] Add D46 footprint
13:31:03: [INFO] Add SW47 footprint
13:31:03: [INFO] Add D47 footprint
13:31:03: [INFO] Add SW48 footprint
13:31:03: [INFO] Add D48 footprint
13:31:03: [INFO] Add SW49 footprint
13:31:03: [INFO] Add D49 footprint
13:31:03: [INFO] Add SW50 footprint
13:31:03: [INFO] Add D50 footprint
13:31:03: [INFO] Add SW51 footprint
13:31:03: [INFO] Add D51 footprint
13:31:03: [INFO] Add SW52 footprint
13:31:03: [INFO] Add D52 footprint
13:31:03: [INFO] Add SW53 footprint
13:31:03: [INFO] Add D53 footprint
13:31:03: [INFO] Add SW54 footprint
13:31:03: [INFO] Add D54 footprint
13:31:03: [INFO] Add SW55 footprint
13:31:03: [INFO] Add D55 footprint
13:31:03: [INFO] Add SW56 footprint
13:31:03: [INFO] Add D56 footprint
13:31:03: [INFO] Add SW56a footprint
13:31:03: [INFO] Add ST56a footprint
13:31:03: [INFO] Add SW57 footprint
13:31:03: [INFO] Add D57 footprint
13:31:03: [INFO] Add SW58 footprint
13:31:03: [INFO] Add D58 footprint
13:31:03: [INFO] Add SW59 footprint
13:31:03: [INFO] Add D59 footprint
13:31:03: [INFO] Add SW60 footprint
13:31:03: [INFO] Add D60 footprint
13:31:03: [INFO] Add SW61 footprint
13:31:04: [INFO] Add D61 footprint
13:31:04: [INFO] Add SW62 footprint
13:31:04: [INFO] Add D62 footprint
13:31:04: [INFO] Add SW63 footprint
13:31:04: [INFO] Add D63 footprint
13:31:04: [INFO] Add SW64 footprint
13:31:04: [INFO] Add D64 footprint
13:31:04: [INFO] Add SW65 footprint
13:31:04: [INFO] Add D65 footprint
13:31:04: [INFO] Add SW66 footprint
13:31:04: [INFO] Add D66 footprint
13:31:04: [INFO] Add SW67 footprint
13:31:04: [INFO] Add D67 footprint
13:31:04: [INFO] Add SW68 footprint
13:31:04: [INFO] Add D68 footprint
13:31:04: [INFO] Add SW69 footprint
13:31:04: [INFO] Add D69 footprint
13:31:04: [WARNING] No stabilizer footprint for width 2.25u, using 2u as fallback
13:31:04: [INFO] Add ST69 footprint
13:31:04: [INFO] Add SW69a footprint
13:31:04: [INFO] Add SW70 footprint
13:31:04: [INFO] Add D70 footprint
13:31:04: [WARNING] No stabilizer footprint for width 2.25u, using 2u as fallback
13:31:04: [INFO] Add ST70 footprint
13:31:04: [INFO] Add SW70a footprint
13:31:04: [INFO] Add SW71 footprint
13:31:04: [INFO] Add D71 footprint
13:31:04: [INFO] Add SW72 footprint
13:31:04: [INFO] Add D72 footprint
13:31:04: [INFO] Add SW73 footprint
13:31:04: [INFO] Add D73 footprint
13:31:04: [INFO] Add SW74 footprint
13:31:04: [INFO] Add D74 footprint
13:31:04: [INFO] Add SW75 footprint
13:31:04: [INFO] Add D75 footprint
13:31:04: [INFO] Add SW76 footprint
13:31:04: [INFO] Add D76 footprint
13:31:04: [INFO] Add SW77 footprint
13:31:04: [INFO] Add D77 footprint
13:31:04: [INFO] Add SW78 footprint
13:31:04: [INFO] Add D78 footprint
13:31:04: [INFO] Add SW79 footprint
13:31:04: [INFO] Add D79 footprint
13:31:04: [INFO] Add SW80 footprint
13:31:04: [INFO] Add D80 footprint
13:31:04: [INFO] Add SW81 footprint
13:31:05: [INFO] Add D81 footprint
13:31:05: [INFO] Add SW82 footprint
13:31:05: [INFO] Add D82 footprint
13:31:05: [WARNING] No stabilizer footprint for width 2.75u, using 2u as fallback
13:31:05: [INFO] Add ST82 footprint
13:31:05: [INFO] Add SW82a footprint
13:31:05: [INFO] Add SW83 footprint
13:31:05: [INFO] Add D83 footprint
13:31:05: [INFO] Add SW84 footprint
13:31:05: [INFO] Add D84 footprint
13:31:05: [INFO] Add SW84a footprint
13:31:05: [INFO] Add SW85 footprint
13:31:05: [INFO] Add D85 footprint
13:31:05: [INFO] Add SW85a footprint
13:31:05: [INFO] Add SW86 footprint
13:31:05: [INFO] Add D86 footprint
13:31:05: [INFO] Add SW86a footprint
13:31:05: [INFO] Add SW87 footprint
13:31:05: [INFO] Add D87 footprint
13:31:05: [INFO] Add ST87 footprint
13:31:05: [INFO] Add SW88 footprint
13:31:05: [INFO] Add D88 footprint
13:31:05: [INFO] Add ST88 footprint
13:31:05: [INFO] Add SW88a footprint
13:31:05: [INFO] Add ST88a footprint
13:31:05: [INFO] Add SW89 footprint
13:31:05: [INFO] Add D89 footprint
13:31:05: [INFO] Add ST89 footprint
13:31:05: [INFO] Add SW90 footprint
13:31:05: [INFO] Add D90 footprint
13:31:05: [INFO] Add SW91 footprint
13:31:05: [INFO] Add D91 footprint
13:31:05: [INFO] Add SW91a footprint
13:31:05: [INFO] Add SW92 footprint
13:31:05: [INFO] Add D92 footprint
13:31:05: [INFO] Add SW92a footprint
13:31:05: [INFO] Add SW93 footprint
13:31:05: [INFO] Add D93 footprint
13:31:05: [INFO] Add SW93a footprint
13:31:05: [INFO] Add SW94 footprint
13:31:05: [INFO] Add D94 footprint
13:31:05: [INFO] Add SW95 footprint
13:31:05: [INFO] Add D95 footprint
13:31:06: [INFO] Detected layout convertible to matrix annotated keyboard
13:31:06: [INFO] Using key 1U distance: (19.05, 19.05) mm
13:31:06: [INFO] Layout offset: (28575000, 38100000)
13:31:06: [INFO] Diode info: [ElementInfo(annotation_format='D{}', position_option=<PositionOption.CUSTOM: 'Custom'>, position=ElementPosition(x=5.08, y=4.0, orientation=90.0, side=<Side.BACK: 'Back'>), template_path='', start_index=-1)]
13:31:06: [INFO] Placing additional elements for SW95
13:31:06: [INFO] Placing additional elements for SW94
13:31:06: [INFO] Placing additional elements for SW93a
13:31:06: [INFO] Placing additional elements for SW93
13:31:06: [INFO] Placing additional elements for SW92a
13:31:06: [INFO] Placing additional elements for SW92
13:31:06: [INFO] Placing additional elements for SW91a
13:31:06: [INFO] Placing additional elements for SW91
13:31:06: [INFO] Placing additional elements for SW90
13:31:06: [INFO] Placing additional elements for SW89
13:31:06: [INFO] Placing additional elements for SW88a
13:31:06: [INFO] Placing additional elements for SW88
13:31:06: [INFO] Placing additional elements for SW87
13:31:06: [INFO] Placing additional elements for SW86a
13:31:06: [INFO] Placing additional elements for SW86
13:31:06: [INFO] Placing additional elements for SW85a
13:31:06: [INFO] Placing additional elements for SW85
13:31:06: [INFO] Placing additional elements for SW84a
13:31:06: [INFO] Placing additional elements for SW84
13:31:06: [INFO] Placing additional elements for SW83
13:31:06: [INFO] Placing additional elements for SW82a
13:31:06: [INFO] Placing additional elements for SW82
13:31:06: [INFO] Placing additional elements for SW81
13:31:06: [INFO] Placing additional elements for SW80
13:31:06: [INFO] Placing additional elements for SW79
13:31:06: [INFO] Placing additional elements for SW78
13:31:06: [INFO] Placing additional elements for SW77
13:31:06: [INFO] Placing additional elements for SW76
13:31:06: [INFO] Placing additional elements for SW75
13:31:06: [INFO] Placing additional elements for SW74
13:31:06: [INFO] Placing additional elements for SW73
13:31:06: [INFO] Placing additional elements for SW72
13:31:06: [INFO] Placing additional elements for SW71
13:31:06: [INFO] Placing additional elements for SW70a
13:31:06: [INFO] Placing additional elements for SW70
13:31:06: [INFO] Placing additional elements for SW69a
13:31:06: [INFO] Placing additional elements for SW69
13:31:06: [INFO] Placing additional elements for SW68
13:31:06: [INFO] Placing additional elements for SW67
13:31:06: [INFO] Placing additional elements for SW66
13:31:06: [INFO] Placing additional elements for SW65
13:31:06: [INFO] Placing additional elements for SW64
13:31:06: [INFO] Placing additional elements for SW63
13:31:06: [INFO] Placing additional elements for SW62
13:31:06: [INFO] Placing additional elements for SW61
13:31:06: [INFO] Placing additional elements for SW60
13:31:06: [INFO] Placing additional elements for SW59
13:31:06: [INFO] Placing additional elements for SW58
13:31:06: [INFO] Placing additional elements for SW57
13:31:06: [INFO] Placing additional elements for SW56a
13:31:06: [INFO] Placing additional elements for SW56
13:31:06: [INFO] Placing additional elements for SW55
13:31:06: [INFO] Placing additional elements for SW54
13:31:06: [INFO] Placing additional elements for SW53
13:31:06: [INFO] Placing additional elements for SW52
13:31:06: [INFO] Placing additional elements for SW51
13:31:06: [INFO] Placing additional elements for SW50
13:31:06: [INFO] Placing additional elements for SW49
13:31:06: [INFO] Placing additional elements for SW48
13:31:06: [INFO] Placing additional elements for SW47
13:31:06: [INFO] Placing additional elements for SW46
13:31:06: [INFO] Placing additional elements for SW45
13:31:06: [INFO] Placing additional elements for SW44
13:31:06: [INFO] Placing additional elements for SW43
13:31:06: [INFO] Placing additional elements for SW42
13:31:06: [INFO] Placing additional elements for SW41a
13:31:06: [INFO] Placing additional elements for SW41
13:31:06: [INFO] Placing additional elements for SW40
13:31:06: [INFO] Placing additional elements for SW39
13:31:06: [INFO] Placing additional elements for SW38
13:31:06: [INFO] Placing additional elements for SW37
13:31:06: [INFO] Placing additional elements for SW36
13:31:06: [INFO] Placing additional elements for SW35
13:31:06: [INFO] Placing additional elements for SW34
13:31:06: [INFO] Placing additional elements for SW33
13:31:06: [INFO] Placing additional elements for SW32
13:31:06: [INFO] Placing additional elements for SW31
13:31:06: [INFO] Placing additional elements for SW30
13:31:06: [INFO] Placing additional elements for SW29
13:31:06: [INFO] Placing additional elements for SW28
13:31:06: [INFO] Placing additional elements for SW27
13:31:06: [INFO] Placing additional elements for SW26
13:31:06: [INFO] Placing additional elements for SW25
13:31:06: [INFO] Placing additional elements for SW24
13:31:06: [INFO] Placing additional elements for SW23
13:31:06: [INFO] Placing additional elements for SW22
13:31:06: [INFO] Placing additional elements for SW21
13:31:06: [INFO] Placing additional elements for SW20
13:31:06: [INFO] Placing additional elements for SW19
13:31:06: [INFO] Placing additional elements for SW18
13:31:06: [INFO] Placing additional elements for SW17
13:31:06: [INFO] Placing additional elements for SW16
13:31:06: [INFO] Placing additional elements for SW15
13:31:06: [INFO] Placing additional elements for SW14
13:31:06: [INFO] Placing additional elements for SW13
13:31:06: [INFO] Placing additional elements for SW12
13:31:06: [INFO] Placing additional elements for SW11
13:31:06: [INFO] Placing additional elements for SW10
13:31:06: [INFO] Placing additional elements for SW9
13:31:06: [INFO] Placing additional elements for SW8
13:31:06: [INFO] Placing additional elements for SW7
13:31:06: [INFO] Placing additional elements for SW6
13:31:06: [INFO] Placing additional elements for SW5
13:31:06: [INFO] Placing additional elements for SW4
13:31:06: [INFO] Placing additional elements for SW3
13:31:06: [INFO] Placing additional elements for SW2
13:31:06: [INFO] Placing additional elements for SW1
13:31:06: [INFO] Routing SW95 with D95
13:31:06: [INFO] Using internal autorouter method
13:31:06: [INFO] Routing pad 'SW95:2' at (393065000, 61595000) with pad 'D95:2' at (395605000, 69275000) using coordinate system rotated by 0 degree(s)
13:31:06: [INFO] Adding track segment (B.Cu): [(393065000, 61595000), (393065000, 66735000)]
13:31:06: [INFO] Adding track segment (B.Cu): [(393065000, 66735000), (395605000, 69275000)]
13:31:06: [INFO] Routing SW94 with D94
13:31:06: [INFO] Using internal autorouter method
13:31:06: [INFO] Routing pad 'SW94:2' at (393065000, 42545000) with pad 'D94:2' at (395605000, 50225000) using coordinate system rotated by 0 degree(s)
13:31:06: [INFO] Adding track segment (B.Cu): [(393065000, 42545000), (393065000, 47685000)]
13:31:06: [INFO] Adding track segment (B.Cu): [(393065000, 47685000), (395605000, 50225000)]
13:31:06: [INFO] Routing SW93a with D93
13:31:06: [INFO] Using internal autorouter method
13:31:06: [INFO] Routing pad 'SW93a:2' at (302577500, 152082500) with pad 'D93:2' at (307498750, 159762500) using coordinate system rotated by 0 degree(s)
13:31:06: [INFO] Routing SW93 with D93
13:31:06: [INFO] Using internal autorouter method
13:31:06: [INFO] Routing pad 'SW93:2' at (304958750, 152082500) with pad 'D93:2' at (307498750, 159762500) using coordinate system rotated by 0 degree(s)
13:31:06: [INFO] Routing SW92a with D92
13:31:06: [INFO] Using internal autorouter method
13:31:06: [INFO] Routing pad 'SW92a:2' at (278765000, 152082500) with pad 'D92:2' at (283686250, 159762500) using coordinate system rotated by 0 degree(s)
13:31:06: [INFO] Routing SW92 with D92
13:31:06: [INFO] Using internal autorouter method
13:31:06: [INFO] Routing pad 'SW92:2' at (281146250, 152082500) with pad 'D92:2' at (283686250, 159762500) using coordinate system rotated by 0 degree(s)
13:31:06: [INFO] Routing SW91a with D91
13:31:06: [INFO] Using internal autorouter method
13:31:06: [INFO] Routing pad 'SW91a:2' at (254952500, 152082500) with pad 'D91:2' at (259873750, 159762500) using coordinate system rotated by 0 degree(s)
13:31:06: [INFO] Routing SW91 with D91
13:31:06: [INFO] Using internal autorouter method
13:31:06: [INFO] Routing pad 'SW91:2' at (257333750, 152082500) with pad 'D91:2' at (259873750, 159762500) using coordinate system rotated by 0 degree(s)
13:31:06: [INFO] Routing SW90 with D90
13:31:06: [INFO] Using internal autorouter method
13:31:06: [INFO] Routing pad 'SW90:2' at (233521250, 152082500) with pad 'D90:2' at (236061250, 159762500) using coordinate system rotated by 0 degree(s)
13:31:06: [INFO] Adding track segment (B.Cu): [(233521250, 152082500), (233521250, 157222500)]
13:31:06: [INFO] Adding track segment (B.Cu): [(233521250, 157222500), (236061250, 159762500)]
13:31:06: [INFO] Routing SW89 with D89
13:31:06: [INFO] Using internal autorouter method
13:31:06: [INFO] Routing pad 'SW89:2' at (212090000, 152082500) with pad 'D89:2' at (214630000, 159762500) using coordinate system rotated by 0 degree(s)
13:31:06: [INFO] Adding track segment (B.Cu): [(212090000, 152082500), (212090000, 157222500)]
13:31:06: [INFO] Adding track segment (B.Cu): [(212090000, 157222500), (214630000, 159762500)]
13:31:06: [INFO] Routing SW88a with D88
13:31:06: [INFO] Using internal autorouter method
13:31:06: [INFO] Routing pad 'SW88a:2' at (173990000, 152082500) with pad 'D88:2' at (164623750, 159762500) using coordinate system rotated by 0 degree(s)
13:31:06: [INFO] Routing SW88 with D88
13:31:06: [INFO] Using internal autorouter method
13:31:06: [INFO] Routing pad 'SW88:2' at (162083750, 152082500) with pad 'D88:2' at (164623750, 159762500) using coordinate system rotated by 0 degree(s)
13:31:06: [INFO] Adding track segment (B.Cu): [(162083750, 152082500), (162083750, 157222500)]
13:31:06: [INFO] Adding track segment (B.Cu): [(162083750, 157222500), (164623750, 159762500)]
13:31:06: [INFO] Routing SW87 with D87
13:31:06: [INFO] Using internal autorouter method
13:31:06: [INFO] Routing pad 'SW87:2' at (135890000, 152082500) with pad 'D87:2' at (138430000, 159762500) using coordinate system rotated by 0 degree(s)
13:31:06: [INFO] Adding track segment (B.Cu): [(135890000, 152082500), (135890000, 157222500)]
13:31:06: [INFO] Adding track segment (B.Cu): [(135890000, 157222500), (138430000, 159762500)]
13:31:06: [INFO] Routing SW86a with D86
13:31:06: [INFO] Using internal autorouter method
13:31:06: [INFO] Routing pad 'SW86a:2' at (93027500, 152082500) with pad 'D86:2' at (93186250, 159762500) using coordinate system rotated by 0 degree(s)
13:31:06: [INFO] Routing SW86 with D86
13:31:06: [INFO] Using internal autorouter method
13:31:06: [INFO] Routing pad 'SW86:2' at (90646250, 152082500) with pad 'D86:2' at (93186250, 159762500) using coordinate system rotated by 0 degree(s)
13:31:06: [INFO] Routing SW85a with D85
13:31:06: [INFO] Using internal autorouter method
13:31:06: [INFO] Routing pad 'SW85a:2' at (69215000, 152082500) with pad 'D85:2' at (69373750, 159762500) using coordinate system rotated by 0 degree(s)
13:31:06: [INFO] Routing SW85 with D85
13:31:06: [INFO] Using internal autorouter method
13:31:06: [INFO] Routing pad 'SW85:2' at (66833750, 152082500) with pad 'D85:2' at (69373750, 159762500) using coordinate system rotated by 0 degree(s)
13:31:06: [INFO] Routing SW84a with D84
13:31:06: [INFO] Using internal autorouter method
13:31:06: [INFO] Routing pad 'SW84a:2' at (45402500, 152082500) with pad 'D84:2' at (45561250, 159762500) using coordinate system rotated by 0 degree(s)
13:31:06: [INFO] Routing SW84 with D84
13:31:06: [INFO] Using internal autorouter method
13:31:06: [INFO] Routing pad 'SW84:2' at (43021250, 152082500) with pad 'D84:2' at (45561250, 159762500) using coordinate system rotated by 0 degree(s)
13:31:06: [INFO] Routing SW83 with D83
13:31:06: [INFO] Using internal autorouter method
13:31:06: [INFO] Routing pad 'SW83:2' at (307340000, 133032500) with pad 'D83:2' at (309880000, 140712500) using coordinate system rotated by 0 degree(s)
13:31:06: [INFO] Adding track segment (B.Cu): [(307340000, 133032500), (307340000, 138172500)]
13:31:06: [INFO] Adding track segment (B.Cu): [(307340000, 138172500), (309880000, 140712500)]
13:31:06: [INFO] Routing SW82a with D82
13:31:06: [INFO] Using internal autorouter method
13:31:06: [INFO] Routing pad 'SW82a:2' at (281146250, 133032500) with pad 'D82:2' at (293211250, 140712500) using coordinate system rotated by 0 degree(s)
13:31:06: [INFO] Routing SW82 with D82
13:31:06: [INFO] Using internal autorouter method
13:31:06: [INFO] Routing pad 'SW82:2' at (290671250, 133032500) with pad 'D82:2' at (293211250, 140712500) using coordinate system rotated by 0 degree(s)
13:31:06: [INFO] Adding track segment (B.Cu): [(290671250, 133032500), (290671250, 138172500)]
13:31:06: [INFO] Adding track segment (B.Cu): [(290671250, 138172500), (293211250, 140712500)]
13:31:06: [INFO] Routing SW81 with D81
13:31:06: [INFO] Using internal autorouter method
13:31:06: [INFO] Routing pad 'SW81:2' at (254952500, 133032500) with pad 'D81:2' at (257492500, 140712500) using coordinate system rotated by 0 degree(s)
13:31:06: [INFO] Adding track segment (B.Cu): [(254952500, 133032500), (254952500, 138172500)]
13:31:06: [INFO] Adding track segment (B.Cu): [(254952500, 138172500), (257492500, 140712500)]
13:31:06: [INFO] Routing SW80 with D80
13:31:06: [INFO] Using internal autorouter method
13:31:06: [INFO] Routing pad 'SW80:2' at (235902500, 133032500) with pad 'D80:2' at (238442500, 140712500) using coordinate system rotated by 0 degree(s)
13:31:06: [INFO] Adding track segment (B.Cu): [(235902500, 133032500), (235902500, 138172500)]
13:31:06: [INFO] Adding track segment (B.Cu): [(235902500, 138172500), (238442500, 140712500)]
13:31:06: [INFO] Routing SW79 with D79
13:31:06: [INFO] Using internal autorouter method
13:31:06: [INFO] Routing pad 'SW79:2' at (216852500, 133032500) with pad 'D79:2' at (219392500, 140712500) using coordinate system rotated by 0 degree(s)
13:31:06: [INFO] Adding track segment (B.Cu): [(216852500, 133032500), (216852500, 138172500)]
13:31:06: [INFO] Adding track segment (B.Cu): [(216852500, 138172500), (219392500, 140712500)]
13:31:06: [INFO] Routing SW78 with D78
13:31:06: [INFO] Using internal autorouter method
13:31:06: [INFO] Routing pad 'SW78:2' at (197802500, 133032500) with pad 'D78:2' at (200342500, 140712500) using coordinate system rotated by 0 degree(s)
13:31:06: [INFO] Adding track segment (B.Cu): [(197802500, 133032500), (197802500, 138172500)]
13:31:06: [INFO] Adding track segment (B.Cu): [(197802500, 138172500), (200342500, 140712500)]
13:31:06: [INFO] Routing SW77 with D77
13:31:06: [INFO] Using internal autorouter method
13:31:06: [INFO] Routing pad 'SW77:2' at (178752500, 133032500) with pad 'D77:2' at (181292500, 140712500) using coordinate system rotated by 0 degree(s)
13:31:06: [INFO] Adding track segment (B.Cu): [(178752500, 133032500), (178752500, 138172500)]
13:31:06: [INFO] Adding track segment (B.Cu): [(178752500, 138172500), (181292500, 140712500)]
13:31:06: [INFO] Routing SW76 with D76
13:31:06: [INFO] Using internal autorouter method
13:31:06: [INFO] Routing pad 'SW76:2' at (159702500, 133032500) with pad 'D76:2' at (162242500, 140712500) using coordinate system rotated by 0 degree(s)
13:31:06: [INFO] Adding track segment (B.Cu): [(159702500, 133032500), (159702500, 138172500)]
13:31:06: [INFO] Adding track segment (B.Cu): [(159702500, 138172500), (162242500, 140712500)]
13:31:06: [INFO] Routing SW75 with D75
13:31:06: [INFO] Using internal autorouter method
13:31:06: [INFO] Routing pad 'SW75:2' at (140652500, 133032500) with pad 'D75:2' at (143192500, 140712500) using coordinate system rotated by 0 degree(s)
13:31:06: [INFO] Adding track segment (B.Cu): [(140652500, 133032500), (140652500, 138172500)]
13:31:06: [INFO] Adding track segment (B.Cu): [(140652500, 138172500), (143192500, 140712500)]
13:31:06: [INFO] Routing SW74 with D74
13:31:06: [INFO] Using internal autorouter method
13:31:06: [INFO] Routing pad 'SW74:2' at (121602500, 133032500) with pad 'D74:2' at (124142500, 140712500) using coordinate system rotated by 0 degree(s)
13:31:06: [INFO] Adding track segment (B.Cu): [(121602500, 133032500), (121602500, 138172500)]
13:31:06: [INFO] Adding track segment (B.Cu): [(121602500, 138172500), (124142500, 140712500)]
13:31:06: [INFO] Routing SW73 with D73
13:31:06: [INFO] Using internal autorouter method
13:31:06: [INFO] Routing pad 'SW73:2' at (102552500, 133032500) with pad 'D73:2' at (105092500, 140712500) using coordinate system rotated by 0 degree(s)
13:31:06: [INFO] Adding track segment (B.Cu): [(102552500, 133032500), (102552500, 138172500)]
13:31:06: [INFO] Adding track segment (B.Cu): [(102552500, 138172500), (105092500, 140712500)]
13:31:06: [INFO] Routing SW72 with D72
13:31:06: [INFO] Using internal autorouter method
13:31:06: [INFO] Routing pad 'SW72:2' at (83502500, 133032500) with pad 'D72:2' at (86042500, 140712500) using coordinate system rotated by 0 degree(s)
13:31:06: [INFO] Adding track segment (B.Cu): [(83502500, 133032500), (83502500, 138172500)]
13:31:06: [INFO] Adding track segment (B.Cu): [(83502500, 138172500), (86042500, 140712500)]
13:31:06: [INFO] Routing SW71 with D71
13:31:06: [INFO] Using internal autorouter method
13:31:06: [INFO] Routing pad 'SW71:2' at (64452500, 133032500) with pad 'D71:2' at (66992500, 140712500) using coordinate system rotated by 0 degree(s)
13:31:06: [INFO] Adding track segment (B.Cu): [(64452500, 133032500), (64452500, 138172500)]
13:31:06: [INFO] Adding track segment (B.Cu): [(64452500, 138172500), (66992500, 140712500)]
13:31:06: [INFO] Routing SW70a with D70
13:31:06: [INFO] Using internal autorouter method
13:31:06: [INFO] Routing pad 'SW70a:2' at (43021250, 133032500) with pad 'D70:2' at (55086250, 140712500) using coordinate system rotated by 0 degree(s)
13:31:06: [INFO] Routing SW70 with D70
13:31:06: [INFO] Using internal autorouter method
13:31:06: [INFO] Routing pad 'SW70:2' at (52546250, 133032500) with pad 'D70:2' at (55086250, 140712500) using coordinate system rotated by 0 degree(s)
13:31:06: [INFO] Adding track segment (B.Cu): [(52546250, 133032500), (52546250, 138172500)]
13:31:06: [INFO] Adding track segment (B.Cu): [(52546250, 138172500), (55086250, 140712500)]
13:31:06: [INFO] Routing SW69a with D69
13:31:06: [INFO] Using internal autorouter method
13:31:06: [INFO] Routing pad 'SW69a:2' at (283527500, 113982500) with pad 'D69:2' at (297973750, 121662500) using coordinate system rotated by 0 degree(s)
13:31:06: [INFO] Routing SW69 with D69
13:31:06: [INFO] Using internal autorouter method
13:31:06: [INFO] Routing pad 'SW69:2' at (295433750, 113982500) with pad 'D69:2' at (297973750, 121662500) using coordinate system rotated by 0 degree(s)
13:31:06: [INFO] Adding track segment (B.Cu): [(295433750, 113982500), (295433750, 119122500)]
13:31:06: [INFO] Adding track segment (B.Cu): [(295433750, 119122500), (297973750, 121662500)]
13:31:06: [INFO] Routing SW68 with D68
13:31:06: [INFO] Using internal autorouter method
13:31:06: [INFO] Routing pad 'SW68:2' at (264477500, 113982500) with pad 'D68:2' at (267017500, 121662500) using coordinate system rotated by 0 degree(s)
13:31:06: [INFO] Adding track segment (B.Cu): [(264477500, 113982500), (264477500, 119122500)]
13:31:06: [INFO] Adding track segment (B.Cu): [(264477500, 119122500), (267017500, 121662500)]
13:31:06: [INFO] Routing SW67 with D67
13:31:06: [INFO] Using internal autorouter method
13:31:06: [INFO] Routing pad 'SW67:2' at (245427500, 113982500) with pad 'D67:2' at (247967500, 121662500) using coordinate system rotated by 0 degree(s)
13:31:06: [INFO] Adding track segment (B.Cu): [(245427500, 113982500), (245427500, 119122500)]
13:31:06: [INFO] Adding track segment (B.Cu): [(245427500, 119122500), (247967500, 121662500)]
13:31:06: [INFO] Routing SW66 with D66
13:31:06: [INFO] Using internal autorouter method
13:31:06: [INFO] Routing pad 'SW66:2' at (226377500, 113982500) with pad 'D66:2' at (228917500, 121662500) using coordinate system rotated by 0 degree(s)
13:31:06: [INFO] Adding track segment (B.Cu): [(226377500, 113982500), (226377500, 119122500)]
13:31:06: [INFO] Adding track segment (B.Cu): [(226377500, 119122500), (228917500, 121662500)]
13:31:06: [INFO] Routing SW65 with D65
13:31:06: [INFO] Using internal autorouter method
13:31:06: [INFO] Routing pad 'SW65:2' at (207327500, 113982500) with pad 'D65:2' at (209867500, 121662500) using coordinate system rotated by 0 degree(s)
13:31:06: [INFO] Adding track segment (B.Cu): [(207327500, 113982500), (207327500, 119122500)]
13:31:06: [INFO] Adding track segment (B.Cu): [(207327500, 119122500), (209867500, 121662500)]
13:31:06: [INFO] Routing SW64 with D64
13:31:06: [INFO] Using internal autorouter method
13:31:06: [INFO] Routing pad 'SW64:2' at (188277500, 113982500) with pad 'D64:2' at (190817500, 121662500) using coordinate system rotated by 0 degree(s)
13:31:06: [INFO] Adding track segment (B.Cu): [(188277500, 113982500), (188277500, 119122500)]
13:31:06: [INFO] Adding track segment (B.Cu): [(188277500, 119122500), (190817500, 121662500)]
13:31:06: [INFO] Routing SW63 with D63
13:31:06: [INFO] Using internal autorouter method
13:31:06: [INFO] Routing pad 'SW63:2' at (169227500, 113982500) with pad 'D63:2' at (171767500, 121662500) using coordinate system rotated by 0 degree(s)
13:31:06: [INFO] Adding track segment (B.Cu): [(169227500, 113982500), (169227500, 119122500)]
13:31:06: [INFO] Adding track segment (B.Cu): [(169227500, 119122500), (171767500, 121662500)]
13:31:06: [INFO] Routing SW62 with D62
13:31:06: [INFO] Using internal autorouter method
13:31:06: [INFO] Routing pad 'SW62:2' at (150177500, 113982500) with pad 'D62:2' at (152717500, 121662500) using coordinate system rotated by 0 degree(s)
13:31:06: [INFO] Adding track segment (B.Cu): [(150177500, 113982500), (150177500, 119122500)]
13:31:06: [INFO] Adding track segment (B.Cu): [(150177500, 119122500), (152717500, 121662500)]
13:31:06: [INFO] Routing SW61 with D61
13:31:06: [INFO] Using internal autorouter method
13:31:06: [INFO] Routing pad 'SW61:2' at (131127500, 113982500) with pad 'D61:2' at (133667500, 121662500) using coordinate system rotated by 0 degree(s)
13:31:06: [INFO] Adding track segment (B.Cu): [(131127500, 113982500), (131127500, 119122500)]
13:31:06: [INFO] Adding track segment (B.Cu): [(131127500, 119122500), (133667500, 121662500)]
13:31:06: [INFO] Routing SW60 with D60
13:31:06: [INFO] Using internal autorouter method
13:31:06: [INFO] Routing pad 'SW60:2' at (112077500, 113982500) with pad 'D60:2' at (114617500, 121662500) using coordinate system rotated by 0 degree(s)
13:31:06: [INFO] Adding track segment (B.Cu): [(112077500, 113982500), (112077500, 119122500)]
13:31:06: [INFO] Adding track segment (B.Cu): [(112077500, 119122500), (114617500, 121662500)]
13:31:06: [INFO] Routing SW59 with D59
13:31:06: [INFO] Using internal autorouter method
13:31:06: [INFO] Routing pad 'SW59:2' at (93027500, 113982500) with pad 'D59:2' at (95567500, 121662500) using coordinate system rotated by 0 degree(s)
13:31:07: [INFO] Adding track segment (B.Cu): [(93027500, 113982500), (93027500, 119122500)]
13:31:07: [INFO] Adding track segment (B.Cu): [(93027500, 119122500), (95567500, 121662500)]
13:31:07: [INFO] Routing SW58 with D58
13:31:07: [INFO] Using internal autorouter method
13:31:07: [INFO] Routing pad 'SW58:2' at (73977500, 113982500) with pad 'D58:2' at (76517500, 121662500) using coordinate system rotated by 0 degree(s)
13:31:07: [INFO] Adding track segment (B.Cu): [(73977500, 113982500), (73977500, 119122500)]
13:31:07: [INFO] Adding track segment (B.Cu): [(73977500, 119122500), (76517500, 121662500)]
13:31:07: [INFO] Routing SW57 with D57
13:31:07: [INFO] Using internal autorouter method
13:31:07: [INFO] Routing pad 'SW57:2' at (47783750, 113982500) with pad 'D57:2' at (50323750, 121662500) using coordinate system rotated by 0 degree(s)
13:31:07: [INFO] Adding track segment (B.Cu): [(47783750, 113982500), (47783750, 119122500)]
13:31:07: [INFO] Adding track segment (B.Cu): [(47783750, 119122500), (50323750, 121662500)]
13:31:07: [INFO] Routing SW56a with D56
13:31:07: [INFO] Using internal autorouter method
13:31:07: [INFO] Routing pad 'SW56a:2' at (304958750, 104457500) with pad 'D56:2' at (305117500, 102612500) using coordinate system rotated by 0 degree(s)
13:31:07: [INFO] Adding track segment (B.Cu): [(304958750, 104457500), (304958750, 102771250)]
13:31:07: [INFO] Adding track segment (B.Cu): [(304958750, 102771250), (305117500, 102612500)]
13:31:07: [INFO] Routing SW56 with D56
13:31:07: [INFO] Using internal autorouter method
13:31:07: [INFO] Routing pad 'SW56:2' at (302577500, 94932500) with pad 'D56:2' at (305117500, 102612500) using coordinate system rotated by 0 degree(s)
13:31:07: [INFO] Adding track segment (B.Cu): [(302577500, 94932500), (302577500, 100072500)]
13:31:07: [INFO] Adding track segment (B.Cu): [(302577500, 100072500), (305117500, 102612500)]
13:31:07: [INFO] Routing SW55 with D55
13:31:07: [INFO] Using internal autorouter method
13:31:07: [INFO] Routing pad 'SW55:2' at (278765000, 94932500) with pad 'D55:2' at (281305000, 102612500) using coordinate system rotated by 0 degree(s)
13:31:07: [INFO] Adding track segment (B.Cu): [(278765000, 94932500), (278765000, 100072500)]
13:31:07: [INFO] Adding track segment (B.Cu): [(278765000, 100072500), (281305000, 102612500)]
13:31:07: [INFO] Routing SW54 with D54
13:31:07: [INFO] Using internal autorouter method
13:31:07: [INFO] Routing pad 'SW54:2' at (259715000, 94932500) with pad 'D54:2' at (262255000, 102612500) using coordinate system rotated by 0 degree(s)
13:31:07: [INFO] Adding track segment (B.Cu): [(259715000, 94932500), (259715000, 100072500)]
13:31:07: [INFO] Adding track segment (B.Cu): [(259715000, 100072500), (262255000, 102612500)]
13:31:07: [INFO] Routing SW53 with D53
13:31:07: [INFO] Using internal autorouter method
13:31:07: [INFO] Routing pad 'SW53:2' at (240665000, 94932500) with pad 'D53:2' at (243205000, 102612500) using coordinate system rotated by 0 degree(s)
13:31:07: [INFO] Adding track segment (B.Cu): [(240665000, 94932500), (240665000, 100072500)]
13:31:07: [INFO] Adding track segment (B.Cu): [(240665000, 100072500), (243205000, 102612500)]
13:31:07: [INFO] Routing SW52 with D52
13:31:07: [INFO] Using internal autorouter method
13:31:07: [INFO] Routing pad 'SW52:2' at (221615000, 94932500) with pad 'D52:2' at (224155000, 102612500) using coordinate system rotated by 0 degree(s)
13:31:07: [INFO] Adding track segment (B.Cu): [(221615000, 94932500), (221615000, 100072500)]
13:31:07: [INFO] Adding track segment (B.Cu): [(221615000, 100072500), (224155000, 102612500)]
13:31:07: [INFO] Routing SW51 with D51
13:31:07: [INFO] Using internal autorouter method
13:31:07: [INFO] Routing pad 'SW51:2' at (202565000, 94932500) with pad 'D51:2' at (205105000, 102612500) using coordinate system rotated by 0 degree(s)
13:31:07: [INFO] Adding track segment (B.Cu): [(202565000, 94932500), (202565000, 100072500)]
13:31:07: [INFO] Adding track segment (B.Cu): [(202565000, 100072500), (205105000, 102612500)]
13:31:07: [INFO] Routing SW50 with D50
13:31:07: [INFO] Using internal autorouter method
13:31:07: [INFO] Routing pad 'SW50:2' at (183515000, 94932500) with pad 'D50:2' at (186055000, 102612500) using coordinate system rotated by 0 degree(s)
13:31:07: [INFO] Adding track segment (B.Cu): [(183515000, 94932500), (183515000, 100072500)]
13:31:07: [INFO] Adding track segment (B.Cu): [(183515000, 100072500), (186055000, 102612500)]
13:31:07: [INFO] Routing SW49 with D49
13:31:07: [INFO] Using internal autorouter method
13:31:07: [INFO] Routing pad 'SW49:2' at (164465000, 94932500) with pad 'D49:2' at (167005000, 102612500) using coordinate system rotated by 0 degree(s)
13:31:07: [INFO] Adding track segment (B.Cu): [(164465000, 94932500), (164465000, 100072500)]
13:31:07: [INFO] Adding track segment (B.Cu): [(164465000, 100072500), (167005000, 102612500)]
13:31:07: [INFO] Routing SW48 with D48
13:31:07: [INFO] Using internal autorouter method
13:31:07: [INFO] Routing pad 'SW48:2' at (145415000, 94932500) with pad 'D48:2' at (147955000, 102612500) using coordinate system rotated by 0 degree(s)
13:31:07: [INFO] Adding track segment (B.Cu): [(145415000, 94932500), (145415000, 100072500)]
13:31:07: [INFO] Adding track segment (B.Cu): [(145415000, 100072500), (147955000, 102612500)]
13:31:07: [INFO] Routing SW47 with D47
13:31:07: [INFO] Using internal autorouter method
13:31:07: [INFO] Routing pad 'SW47:2' at (126365000, 94932500) with pad 'D47:2' at (128905000, 102612500) using coordinate system rotated by 0 degree(s)
13:31:07: [INFO] Adding track segment (B.Cu): [(126365000, 94932500), (126365000, 100072500)]
13:31:07: [INFO] Adding track segment (B.Cu): [(126365000, 100072500), (128905000, 102612500)]
13:31:07: [INFO] Routing SW46 with D46
13:31:07: [INFO] Using internal autorouter method
13:31:07: [INFO] Routing pad 'SW46:2' at (107315000, 94932500) with pad 'D46:2' at (109855000, 102612500) using coordinate system rotated by 0 degree(s)
13:31:07: [INFO] Adding track segment (B.Cu): [(107315000, 94932500), (107315000, 100072500)]
13:31:07: [INFO] Adding track segment (B.Cu): [(107315000, 100072500), (109855000, 102612500)]
13:31:07: [INFO] Routing SW45 with D45
13:31:07: [INFO] Using internal autorouter method
13:31:07: [INFO] Routing pad 'SW45:2' at (88265000, 94932500) with pad 'D45:2' at (90805000, 102612500) using coordinate system rotated by 0 degree(s)
13:31:07: [INFO] Adding track segment (B.Cu): [(88265000, 94932500), (88265000, 100072500)]
13:31:07: [INFO] Adding track segment (B.Cu): [(88265000, 100072500), (90805000, 102612500)]
13:31:07: [INFO] Routing SW44 with D44
13:31:07: [INFO] Using internal autorouter method
13:31:07: [INFO] Routing pad 'SW44:2' at (69215000, 94932500) with pad 'D44:2' at (71755000, 102612500) using coordinate system rotated by 0 degree(s)
13:31:07: [INFO] Adding track segment (B.Cu): [(69215000, 94932500), (69215000, 100072500)]
13:31:07: [INFO] Adding track segment (B.Cu): [(69215000, 100072500), (71755000, 102612500)]
13:31:07: [INFO] Routing SW43 with D43
13:31:07: [INFO] Using internal autorouter method
13:31:07: [INFO] Routing pad 'SW43:2' at (45402500, 94932500) with pad 'D43:2' at (47942500, 102612500) using coordinate system rotated by 0 degree(s)
13:31:07: [INFO] Adding track segment (B.Cu): [(45402500, 94932500), (45402500, 100072500)]
13:31:07: [INFO] Adding track segment (B.Cu): [(45402500, 100072500), (47942500, 102612500)]
13:31:07: [INFO] Routing SW42 with D42
13:31:07: [INFO] Using internal autorouter method
13:31:07: [INFO] Routing pad 'SW42:2' at (307340000, 75882500) with pad 'D42:2' at (309880000, 83562500) using coordinate system rotated by 0 degree(s)
13:31:07: [INFO] Adding track segment (B.Cu): [(307340000, 75882500), (307340000, 81022500)]
13:31:07: [INFO] Adding track segment (B.Cu): [(307340000, 81022500), (309880000, 83562500)]
13:31:07: [INFO] Routing SW41a with D41
13:31:07: [INFO] Using internal autorouter method
13:31:07: [INFO] Routing pad 'SW41a:2' at (288290000, 75882500) with pad 'D41:2' at (300355000, 83562500) using coordinate system rotated by 0 degree(s)
13:31:07: [INFO] Routing SW41 with D41
13:31:07: [INFO] Using internal autorouter method
13:31:07: [INFO] Routing pad 'SW41:2' at (297815000, 75882500) with pad 'D41:2' at (300355000, 83562500) using coordinate system rotated by 0 degree(s)
13:31:07: [INFO] Adding track segment (B.Cu): [(297815000, 75882500), (297815000, 81022500)]
13:31:07: [INFO] Adding track segment (B.Cu): [(297815000, 81022500), (300355000, 83562500)]
13:31:07: [INFO] Routing SW40 with D40
13:31:07: [INFO] Using internal autorouter method
13:31:07: [INFO] Routing pad 'SW40:2' at (269240000, 75882500) with pad 'D40:2' at (271780000, 83562500) using coordinate system rotated by 0 degree(s)
13:31:07: [INFO] Adding track segment (B.Cu): [(269240000, 75882500), (269240000, 81022500)]
13:31:07: [INFO] Adding track segment (B.Cu): [(269240000, 81022500), (271780000, 83562500)]
13:31:07: [INFO] Routing SW39 with D39
13:31:07: [INFO] Using internal autorouter method
13:31:07: [INFO] Routing pad 'SW39:2' at (250190000, 75882500) with pad 'D39:2' at (252730000, 83562500) using coordinate system rotated by 0 degree(s)
13:31:07: [INFO] Adding track segment (B.Cu): [(250190000, 75882500), (250190000, 81022500)]
13:31:07: [INFO] Adding track segment (B.Cu): [(250190000, 81022500), (252730000, 83562500)]
13:31:07: [INFO] Routing SW38 with D38
13:31:07: [INFO] Using internal autorouter method
13:31:07: [INFO] Routing pad 'SW38:2' at (231140000, 75882500) with pad 'D38:2' at (233680000, 83562500) using coordinate system rotated by 0 degree(s)
13:31:07: [INFO] Adding track segment (B.Cu): [(231140000, 75882500), (231140000, 81022500)]
13:31:07: [INFO] Adding track segment (B.Cu): [(231140000, 81022500), (233680000, 83562500)]
13:31:07: [INFO] Routing SW37 with D37
13:31:07: [INFO] Using internal autorouter method
13:31:07: [INFO] Routing pad 'SW37:2' at (212090000, 75882500) with pad 'D37:2' at (214630000, 83562500) using coordinate system rotated by 0 degree(s)
13:31:07: [INFO] Adding track segment (B.Cu): [(212090000, 75882500), (212090000, 81022500)]
13:31:07: [INFO] Adding track segment (B.Cu): [(212090000, 81022500), (214630000, 83562500)]
13:31:07: [INFO] Routing SW36 with D36
13:31:07: [INFO] Using internal autorouter method
13:31:07: [INFO] Routing pad 'SW36:2' at (193040000, 75882500) with pad 'D36:2' at (195580000, 83562500) using coordinate system rotated by 0 degree(s)
13:31:07: [INFO] Adding track segment (B.Cu): [(193040000, 75882500), (193040000, 81022500)]
13:31:07: [INFO] Adding track segment (B.Cu): [(193040000, 81022500), (195580000, 83562500)]
13:31:07: [INFO] Routing SW35 with D35
13:31:07: [INFO] Using internal autorouter method
13:31:07: [INFO] Routing pad 'SW35:2' at (173990000, 75882500) with pad 'D35:2' at (176530000, 83562500) using coordinate system rotated by 0 degree(s)
13:31:07: [INFO] Adding track segment (B.Cu): [(173990000, 75882500), (173990000, 81022500)]
13:31:07: [INFO] Adding track segment (B.Cu): [(173990000, 81022500), (176530000, 83562500)]
13:31:07: [INFO] Routing SW34 with D34
13:31:07: [INFO] Using internal autorouter method
13:31:07: [INFO] Routing pad 'SW34:2' at (154940000, 75882500) with pad 'D34:2' at (157480000, 83562500) using coordinate system rotated by 0 degree(s)
13:31:07: [INFO] Adding track segment (B.Cu): [(154940000, 75882500), (154940000, 81022500)]
13:31:07: [INFO] Adding track segment (B.Cu): [(154940000, 81022500), (157480000, 83562500)]
13:31:07: [INFO] Routing SW33 with D33
13:31:07: [INFO] Using internal autorouter method
13:31:07: [INFO] Routing pad 'SW33:2' at (135890000, 75882500) with pad 'D33:2' at (138430000, 83562500) using coordinate system rotated by 0 degree(s)
13:31:07: [INFO] Adding track segment (B.Cu): [(135890000, 75882500), (135890000, 81022500)]
13:31:07: [INFO] Adding track segment (B.Cu): [(135890000, 81022500), (138430000, 83562500)]
13:31:07: [INFO] Routing SW32 with D32
13:31:07: [INFO] Using internal autorouter method
13:31:07: [INFO] Routing pad 'SW32:2' at (116840000, 75882500) with pad 'D32:2' at (119380000, 83562500) using coordinate system rotated by 0 degree(s)
13:31:07: [INFO] Adding track segment (B.Cu): [(116840000, 75882500), (116840000, 81022500)]
13:31:07: [INFO] Adding track segment (B.Cu): [(116840000, 81022500), (119380000, 83562500)]
13:31:07: [INFO] Routing SW31 with D31
13:31:07: [INFO] Using internal autorouter method
13:31:07: [INFO] Routing pad 'SW31:2' at (97790000, 75882500) with pad 'D31:2' at (100330000, 83562500) using coordinate system rotated by 0 degree(s)
13:31:07: [INFO] Adding track segment (B.Cu): [(97790000, 75882500), (97790000, 81022500)]
13:31:07: [INFO] Adding track segment (B.Cu): [(97790000, 81022500), (100330000, 83562500)]
13:31:07: [INFO] Routing SW30 with D30
13:31:07: [INFO] Using internal autorouter method
13:31:07: [INFO] Routing pad 'SW30:2' at (78740000, 75882500) with pad 'D30:2' at (81280000, 83562500) using coordinate system rotated by 0 degree(s)
13:31:07: [INFO] Adding track segment (B.Cu): [(78740000, 75882500), (78740000, 81022500)]
13:31:07: [INFO] Adding track segment (B.Cu): [(78740000, 81022500), (81280000, 83562500)]
13:31:07: [INFO] Routing SW29 with D29
13:31:07: [INFO] Using internal autorouter method
13:31:07: [INFO] Routing pad 'SW29:2' at (59690000, 75882500) with pad 'D29:2' at (62230000, 83562500) using coordinate system rotated by 0 degree(s)
13:31:07: [INFO] Adding track segment (B.Cu): [(59690000, 75882500), (59690000, 81022500)]
13:31:07: [INFO] Adding track segment (B.Cu): [(59690000, 81022500), (62230000, 83562500)]
13:31:07: [INFO] Routing SW28 with D28
13:31:07: [INFO] Using internal autorouter method
13:31:07: [INFO] Routing pad 'SW28:2' at (40640000, 75882500) with pad 'D28:2' at (43180000, 83562500) using coordinate system rotated by 0 degree(s)
13:31:07: [INFO] Adding track segment (B.Cu): [(40640000, 75882500), (40640000, 81022500)]
13:31:07: [INFO] Adding track segment (B.Cu): [(40640000, 81022500), (43180000, 83562500)]
13:31:07: [INFO] Routing SW27 with D27
13:31:07: [INFO] Using internal autorouter method
13:31:07: [INFO] Routing pad 'SW27:2' at (369252500, 152082500) with pad 'D27:2' at (371792500, 159762500) using coordinate system rotated by 0 degree(s)
13:31:07: [INFO] Adding track segment (B.Cu): [(369252500, 152082500), (369252500, 157222500)]
13:31:07: [INFO] Adding track segment (B.Cu): [(369252500, 157222500), (371792500, 159762500)]
13:31:07: [INFO] Routing SW26 with D26
13:31:07: [INFO] Using internal autorouter method
13:31:07: [INFO] Routing pad 'SW26:2' at (350202500, 152082500) with pad 'D26:2' at (352742500, 159762500) using coordinate system rotated by 0 degree(s)
13:31:07: [INFO] Adding track segment (B.Cu): [(350202500, 152082500), (350202500, 157222500)]
13:31:07: [INFO] Adding track segment (B.Cu): [(350202500, 157222500), (352742500, 159762500)]
13:31:07: [INFO] Routing SW25 with D25
13:31:07: [INFO] Using internal autorouter method
13:31:07: [INFO] Routing pad 'SW25:2' at (331152500, 152082500) with pad 'D25:2' at (333692500, 159762500) using coordinate system rotated by 0 degree(s)
13:31:07: [INFO] Adding track segment (B.Cu): [(331152500, 152082500), (331152500, 157222500)]
13:31:07: [INFO] Adding track segment (B.Cu): [(331152500, 157222500), (333692500, 159762500)]
13:31:07: [INFO] Routing SW24 with D24
13:31:07: [INFO] Using internal autorouter method
13:31:07: [INFO] Routing pad 'SW24:2' at (350202500, 133032500) with pad 'D24:2' at (352742500, 140712500) using coordinate system rotated by 0 degree(s)
13:31:07: [INFO] Adding track segment (B.Cu): [(350202500, 133032500), (350202500, 138172500)]
13:31:07: [INFO] Adding track segment (B.Cu): [(350202500, 138172500), (352742500, 140712500)]
13:31:07: [INFO] Routing SW23 with D23
13:31:07: [INFO] Using internal autorouter method
13:31:07: [INFO] Routing pad 'SW23:2' at (369252500, 94932500) with pad 'D23:2' at (371792500, 102612500) using coordinate system rotated by 0 degree(s)
13:31:07: [INFO] Adding track segment (B.Cu): [(369252500, 94932500), (369252500, 100072500)]
13:31:07: [INFO] Adding track segment (B.Cu): [(369252500, 100072500), (371792500, 102612500)]
13:31:07: [INFO] Routing SW22 with D22
13:31:07: [INFO] Using internal autorouter method
13:31:07: [INFO] Routing pad 'SW22:2' at (350202500, 94932500) with pad 'D22:2' at (352742500, 102612500) using coordinate system rotated by 0 degree(s)
13:31:07: [INFO] Adding track segment (B.Cu): [(350202500, 94932500), (350202500, 100072500)]
13:31:07: [INFO] Adding track segment (B.Cu): [(350202500, 100072500), (352742500, 102612500)]
13:31:07: [INFO] Routing SW21 with D21
13:31:07: [INFO] Using internal autorouter method
13:31:07: [INFO] Routing pad 'SW21:2' at (331152500, 94932500) with pad 'D21:2' at (333692500, 102612500) using coordinate system rotated by 0 degree(s)
13:31:08: [INFO] Adding track segment (B.Cu): [(331152500, 94932500), (331152500, 100072500)]
13:31:08: [INFO] Adding track segment (B.Cu): [(331152500, 100072500), (333692500, 102612500)]
13:31:08: [INFO] Routing SW20 with D20
13:31:08: [INFO] Using internal autorouter method
13:31:08: [INFO] Routing pad 'SW20:2' at (369252500, 75882500) with pad 'D20:2' at (371792500, 83562500) using coordinate system rotated by 0 degree(s)
13:31:08: [INFO] Adding track segment (B.Cu): [(369252500, 75882500), (369252500, 81022500)]
13:31:08: [INFO] Adding track segment (B.Cu): [(369252500, 81022500), (371792500, 83562500)]
13:31:08: [INFO] Routing SW19 with D19
13:31:08: [INFO] Using internal autorouter method
13:31:08: [INFO] Routing pad 'SW19:2' at (350202500, 75882500) with pad 'D19:2' at (352742500, 83562500) using coordinate system rotated by 0 degree(s)
13:31:08: [INFO] Adding track segment (B.Cu): [(350202500, 75882500), (350202500, 81022500)]
13:31:08: [INFO] Adding track segment (B.Cu): [(350202500, 81022500), (352742500, 83562500)]
13:31:08: [INFO] Routing SW18 with D18
13:31:08: [INFO] Using internal autorouter method
13:31:08: [INFO] Routing pad 'SW18:2' at (331152500, 75882500) with pad 'D18:2' at (333692500, 83562500) using coordinate system rotated by 0 degree(s)
13:31:08: [INFO] Adding track segment (B.Cu): [(331152500, 75882500), (331152500, 81022500)]
13:31:08: [INFO] Adding track segment (B.Cu): [(331152500, 81022500), (333692500, 83562500)]
13:31:08: [INFO] Routing SW17 with D17
13:31:08: [INFO] Using internal autorouter method
13:31:08: [INFO] Routing pad 'SW17:2' at (369252500, 52070000) with pad 'D17:2' at (371792500, 59750000) using coordinate system rotated by 0 degree(s)
13:31:08: [INFO] Adding track segment (B.Cu): [(369252500, 52070000), (369252500, 57210000)]
13:31:08: [INFO] Adding track segment (B.Cu): [(369252500, 57210000), (371792500, 59750000)]
13:31:08: [INFO] Routing SW16 with D16
13:31:08: [INFO] Using internal autorouter method
13:31:08: [INFO] Routing pad 'SW16:2' at (350202500, 52070000) with pad 'D16:2' at (352742500, 59750000) using coordinate system rotated by 0 degree(s)
13:31:08: [INFO] Adding track segment (B.Cu): [(350202500, 52070000), (350202500, 57210000)]
13:31:08: [INFO] Adding track segment (B.Cu): [(350202500, 57210000), (352742500, 59750000)]
13:31:08: [INFO] Routing SW15 with D15
13:31:08: [INFO] Using internal autorouter method
13:31:08: [INFO] Routing pad 'SW15:2' at (331152500, 52070000) with pad 'D15:2' at (333692500, 59750000) using coordinate system rotated by 0 degree(s)
13:31:08: [INFO] Adding track segment (B.Cu): [(331152500, 52070000), (331152500, 57210000)]
13:31:08: [INFO] Adding track segment (B.Cu): [(331152500, 57210000), (333692500, 59750000)]
13:31:08: [INFO] Routing SW14 with D14
13:31:08: [INFO] Using internal autorouter method
13:31:08: [INFO] Routing pad 'SW14:2' at (307340000, 52070000) with pad 'D14:2' at (309880000, 59750000) using coordinate system rotated by 0 degree(s)
13:31:08: [INFO] Adding track segment (B.Cu): [(307340000, 52070000), (307340000, 57210000)]
13:31:08: [INFO] Adding track segment (B.Cu): [(307340000, 57210000), (309880000, 59750000)]
13:31:08: [INFO] Routing SW13 with D13
13:31:08: [INFO] Using internal autorouter method
13:31:08: [INFO] Routing pad 'SW13:2' at (283527500, 52070000) with pad 'D13:2' at (286067500, 59750000) using coordinate system rotated by 0 degree(s)
13:31:08: [INFO] Adding track segment (B.Cu): [(283527500, 52070000), (283527500, 57210000)]
13:31:08: [INFO] Adding track segment (B.Cu): [(283527500, 57210000), (286067500, 59750000)]
13:31:08: [INFO] Routing SW12 with D12
13:31:08: [INFO] Using internal autorouter method
13:31:08: [INFO] Routing pad 'SW12:2' at (264477500, 52070000) with pad 'D12:2' at (267017500, 59750000) using coordinate system rotated by 0 degree(s)
13:31:08: [INFO] Adding track segment (B.Cu): [(264477500, 52070000), (264477500, 57210000)]
13:31:08: [INFO] Adding track segment (B.Cu): [(264477500, 57210000), (267017500, 59750000)]
13:31:08: [INFO] Routing SW11 with D11
13:31:08: [INFO] Using internal autorouter method
13:31:08: [INFO] Routing pad 'SW11:2' at (245427500, 52070000) with pad 'D11:2' at (247967500, 59750000) using coordinate system rotated by 0 degree(s)
13:31:08: [INFO] Adding track segment (B.Cu): [(245427500, 52070000), (245427500, 57210000)]
13:31:08: [INFO] Adding track segment (B.Cu): [(245427500, 57210000), (247967500, 59750000)]
13:31:08: [INFO] Routing SW10 with D10
13:31:08: [INFO] Using internal autorouter method
13:31:08: [INFO] Routing pad 'SW10:2' at (226377500, 52070000) with pad 'D10:2' at (228917500, 59750000) using coordinate system rotated by 0 degree(s)
13:31:08: [INFO] Adding track segment (B.Cu): [(226377500, 52070000), (226377500, 57210000)]
13:31:08: [INFO] Adding track segment (B.Cu): [(226377500, 57210000), (228917500, 59750000)]
13:31:08: [INFO] Routing SW9 with D9
13:31:08: [INFO] Using internal autorouter method
13:31:08: [INFO] Routing pad 'SW9:2' at (202565000, 52070000) with pad 'D9:2' at (205105000, 59750000) using coordinate system rotated by 0 degree(s)
13:31:08: [INFO] Adding track segment (B.Cu): [(202565000, 52070000), (202565000, 57210000)]
13:31:08: [INFO] Adding track segment (B.Cu): [(202565000, 57210000), (205105000, 59750000)]
13:31:08: [INFO] Routing SW8 with D8
13:31:08: [INFO] Using internal autorouter method
13:31:08: [INFO] Routing pad 'SW8:2' at (183515000, 52070000) with pad 'D8:2' at (186055000, 59750000) using coordinate system rotated by 0 degree(s)
13:31:08: [INFO] Adding track segment (B.Cu): [(183515000, 52070000), (183515000, 57210000)]
13:31:08: [INFO] Adding track segment (B.Cu): [(183515000, 57210000), (186055000, 59750000)]
13:31:08: [INFO] Routing SW7 with D7
13:31:08: [INFO] Using internal autorouter method
13:31:08: [INFO] Routing pad 'SW7:2' at (164465000, 52070000) with pad 'D7:2' at (167005000, 59750000) using coordinate system rotated by 0 degree(s)
13:31:08: [INFO] Adding track segment (B.Cu): [(164465000, 52070000), (164465000, 57210000)]
13:31:08: [INFO] Adding track segment (B.Cu): [(164465000, 57210000), (167005000, 59750000)]
13:31:08: [INFO] Routing SW6 with D6
13:31:08: [INFO] Using internal autorouter method
13:31:08: [INFO] Routing pad 'SW6:2' at (145415000, 52070000) with pad 'D6:2' at (147955000, 59750000) using coordinate system rotated by 0 degree(s)
13:31:08: [INFO] Adding track segment (B.Cu): [(145415000, 52070000), (145415000, 57210000)]
13:31:08: [INFO] Adding track segment (B.Cu): [(145415000, 57210000), (147955000, 59750000)]
13:31:08: [INFO] Routing SW5 with D5
13:31:08: [INFO] Using internal autorouter method
13:31:08: [INFO] Routing pad 'SW5:2' at (121602500, 52070000) with pad 'D5:2' at (124142500, 59750000) using coordinate system rotated by 0 degree(s)
13:31:08: [INFO] Adding track segment (B.Cu): [(121602500, 52070000), (121602500, 57210000)]
13:31:08: [INFO] Adding track segment (B.Cu): [(121602500, 57210000), (124142500, 59750000)]
13:31:08: [INFO] Routing SW4 with D4
13:31:08: [INFO] Using internal autorouter method
13:31:08: [INFO] Routing pad 'SW4:2' at (102552500, 52070000) with pad 'D4:2' at (105092500, 59750000) using coordinate system rotated by 0 degree(s)
13:31:08: [INFO] Adding track segment (B.Cu): [(102552500, 52070000), (102552500, 57210000)]
13:31:08: [INFO] Adding track segment (B.Cu): [(102552500, 57210000), (105092500, 59750000)]
13:31:08: [INFO] Routing SW3 with D3
13:31:08: [INFO] Using internal autorouter method
13:31:08: [INFO] Routing pad 'SW3:2' at (83502500, 52070000) with pad 'D3:2' at (86042500, 59750000) using coordinate system rotated by 0 degree(s)
13:31:08: [INFO] Adding track segment (B.Cu): [(83502500, 52070000), (83502500, 57210000)]
13:31:08: [INFO] Adding track segment (B.Cu): [(83502500, 57210000), (86042500, 59750000)]
13:31:08: [INFO] Routing SW2 with D2
13:31:08: [INFO] Using internal autorouter method
13:31:08: [INFO] Routing pad 'SW2:2' at (64452500, 52070000) with pad 'D2:2' at (66992500, 59750000) using coordinate system rotated by 0 degree(s)
13:31:08: [INFO] Adding track segment (B.Cu): [(64452500, 52070000), (64452500, 57210000)]
13:31:08: [INFO] Adding track segment (B.Cu): [(64452500, 57210000), (66992500, 59750000)]
13:31:08: [INFO] Routing SW1 with D1
13:31:08: [INFO] Using internal autorouter method
13:31:08: [INFO] Routing pad 'SW1:2' at (40640000, 52070000) with pad 'D1:2' at (43180000, 59750000) using coordinate system rotated by 0 degree(s)
13:31:08: [INFO] Adding track segment (B.Cu): [(40640000, 52070000), (40640000, 57210000)]
13:31:08: [INFO] Adding track segment (B.Cu): [(40640000, 57210000), (43180000, 59750000)]
13:31:08: [INFO] Routing ROW10 pads
13:31:08: [INFO] Routing pad 'D57:1' at (50323750, 124462500) with pad 'D58:1' at (76517500, 124462500) using coordinate system rotated by 0 degree(s)
13:31:08: [INFO] Adding track segment (B.Cu): [(50323750, 124462500), (76517500, 124462500)]
13:31:08: [INFO] Routing pad 'D58:1' at (76517500, 124462500) with pad 'D59:1' at (95567500, 124462500) using coordinate system rotated by 0 degree(s)
13:31:08: [INFO] Adding track segment (B.Cu): [(76517500, 124462500), (95567500, 124462500)]
13:31:08: [INFO] Routing pad 'D59:1' at (95567500, 124462500) with pad 'D60:1' at (114617500, 124462500) using coordinate system rotated by 0 degree(s)
13:31:08: [INFO] Adding track segment (B.Cu): [(95567500, 124462500), (114617500, 124462500)]
13:31:08: [INFO] Routing pad 'D60:1' at (114617500, 124462500) with pad 'D61:1' at (133667500, 124462500) using coordinate system rotated by 0 degree(s)
13:31:08: [INFO] Adding track segment (B.Cu): [(114617500, 124462500), (133667500, 124462500)]
13:31:08: [INFO] Routing pad 'D61:1' at (133667500, 124462500) with pad 'D62:1' at (152717500, 124462500) using coordinate system rotated by 0 degree(s)
13:31:08: [INFO] Adding track segment (B.Cu): [(133667500, 124462500), (152717500, 124462500)]
13:31:08: [INFO] Routing pad 'D62:1' at (152717500, 124462500) with pad 'D63:1' at (171767500, 124462500) using coordinate system rotated by 0 degree(s)
13:31:08: [INFO] Adding track segment (B.Cu): [(152717500, 124462500), (171767500, 124462500)]
13:31:08: [INFO] Routing pad 'D63:1' at (171767500, 124462500) with pad 'D64:1' at (190817500, 124462500) using coordinate system rotated by 0 degree(s)
13:31:08: [INFO] Adding track segment (B.Cu): [(171767500, 124462500), (190817500, 124462500)]
13:31:08: [INFO] Routing pad 'D64:1' at (190817500, 124462500) with pad 'D65:1' at (209867500, 124462500) using coordinate system rotated by 0 degree(s)
13:31:08: [INFO] Adding track segment (B.Cu): [(190817500, 124462500), (209867500, 124462500)]
13:31:08: [INFO] Routing pad 'D65:1' at (209867500, 124462500) with pad 'D66:1' at (228917500, 124462500) using coordinate system rotated by 0 degree(s)
13:31:08: [INFO] Adding track segment (B.Cu): [(209867500, 124462500), (228917500, 124462500)]
13:31:08: [INFO] Routing pad 'D66:1' at (228917500, 124462500) with pad 'D67:1' at (247967500, 124462500) using coordinate system rotated by 0 degree(s)
13:31:08: [INFO] Adding track segment (B.Cu): [(228917500, 124462500), (247967500, 124462500)]
13:31:08: [INFO] Routing pad 'D67:1' at (247967500, 124462500) with pad 'D68:1' at (267017500, 124462500) using coordinate system rotated by 0 degree(s)
13:31:08: [INFO] Adding track segment (B.Cu): [(247967500, 124462500), (267017500, 124462500)]
13:31:08: [INFO] Routing pad 'D68:1' at (267017500, 124462500) with pad 'D69:1' at (297973750, 124462500) using coordinate system rotated by 0 degree(s)
13:31:08: [INFO] Adding track segment (B.Cu): [(267017500, 124462500), (297973750, 124462500)]
13:31:08: [INFO] Routing COL24 pads
13:31:08: [INFO] Routing pad 'SW24:1' at (343852500, 135572500) with pad 'SW26:1' at (343852500, 154622500) using coordinate system rotated by 0 degree(s)
13:31:08: [INFO] Adding track segment (F.Cu): [(343852500, 135572500), (343852500, 154622500)]
13:31:08: [INFO] Routing ROW2 pads
13:31:08: [INFO] Routing pad 'D10:1' at (228917500, 62550000) with pad 'D11:1' at (247967500, 62550000) using coordinate system rotated by 0 degree(s)
13:31:08: [INFO] Adding track segment (B.Cu): [(228917500, 62550000), (247967500, 62550000)]
13:31:08: [INFO] Routing pad 'D11:1' at (247967500, 62550000) with pad 'D12:1' at (267017500, 62550000) using coordinate system rotated by 0 degree(s)
13:31:08: [INFO] Adding track segment (B.Cu): [(247967500, 62550000), (267017500, 62550000)]
13:31:08: [INFO] Routing pad 'D12:1' at (267017500, 62550000) with pad 'D13:1' at (286067500, 62550000) using coordinate system rotated by 0 degree(s)
13:31:08: [INFO] Adding track segment (B.Cu): [(267017500, 62550000), (286067500, 62550000)]
13:31:08: [INFO] Routing pad 'D13:1' at (286067500, 62550000) with pad 'D14:1' at (309880000, 62550000) using coordinate system rotated by 0 degree(s)
13:31:08: [INFO] Adding track segment (B.Cu): [(286067500, 62550000), (309880000, 62550000)]
13:31:08: [INFO] Routing COL19 pads
13:31:08: [INFO] Routing pad 'SW93:1' at (298608750, 154622500) with pad 'SW93a:1' at (296227500, 154622500) using coordinate system rotated by 0 degree(s)
13:31:08: [INFO] Adding track segment (F.Cu): [(298608750, 154622500), (296227500, 154622500)]
13:31:08: [INFO] Routing pad 'SW56:1' at (296227500, 97472500) with pad 'SW56a:1' at (298608750, 106997500) using coordinate system rotated by 0 degree(s)
13:31:08: [INFO] Routing pad 'SW83:1' at (300990000, 135572500) with pad 'SW93:1' at (298608750, 154622500) using coordinate system rotated by 0 degree(s)
13:31:08: [INFO] Routing pad 'SW56:1' at (296227500, 97472500) with pad 'SW42:1' at (300990000, 78422500) using coordinate system rotated by 0 degree(s)
13:31:08: [INFO] Routing pad 'SW56a:1' at (298608750, 106997500) with pad 'SW83:1' at (300990000, 135572500) using coordinate system rotated by 0 degree(s)
13:31:08: [INFO] Routing ROW3 pads
13:31:08: [INFO] Routing pad 'D15:1' at (333692500, 62550000) with pad 'D16:1' at (352742500, 62550000) using coordinate system rotated by 0 degree(s)
13:31:08: [INFO] Adding track segment (B.Cu): [(333692500, 62550000), (352742500, 62550000)]
13:31:08: [INFO] Routing pad 'D16:1' at (352742500, 62550000) with pad 'D17:1' at (371792500, 62550000) using coordinate system rotated by 0 degree(s)
13:31:08: [INFO] Adding track segment (B.Cu): [(352742500, 62550000), (371792500, 62550000)]
13:31:08: [INFO] Routing ROW1 pads
13:31:08: [INFO] Routing pad 'D6:1' at (147955000, 62550000) with pad 'D7:1' at (167005000, 62550000) using coordinate system rotated by 0 degree(s)
13:31:08: [INFO] Adding track segment (B.Cu): [(147955000, 62550000), (167005000, 62550000)]
13:31:08: [INFO] Routing pad 'D7:1' at (167005000, 62550000) with pad 'D8:1' at (186055000, 62550000) using coordinate system rotated by 0 degree(s)
13:31:08: [INFO] Adding track segment (B.Cu): [(167005000, 62550000), (186055000, 62550000)]
13:31:08: [INFO] Routing pad 'D8:1' at (186055000, 62550000) with pad 'D9:1' at (205105000, 62550000) using coordinate system rotated by 0 degree(s)
13:31:08: [INFO] Adding track segment (B.Cu): [(186055000, 62550000), (205105000, 62550000)]
13:31:08: [INFO] Routing COL15 pads
13:31:08: [INFO] Routing pad 'SW80:1' at (229552500, 135572500) with pad 'SW90:1' at (227171250, 154622500) using coordinate system rotated by 0 degree(s)
13:31:08: [INFO] Routing pad 'SW67:1' at (239077500, 116522500) with pad 'SW80:1' at (229552500, 135572500) using coordinate system rotated by 0 degree(s)
13:31:08: [INFO] Adding track segment (F.Cu): [(239077500, 116522500), (239077500, 126047500)]
13:31:08: [INFO] Adding track segment (F.Cu): [(239077500, 126047500), (229552500, 135572500)]
13:31:08: [INFO] Routing pad 'SW38:1' at (224790000, 78422500) with pad 'SW53:1' at (234315000, 97472500) using coordinate system rotated by 0 degree(s)
13:31:08: [INFO] Adding track segment (F.Cu): [(224790000, 78422500), (224790000, 87947500)]
13:31:08: [INFO] Adding track segment (F.Cu): [(224790000, 87947500), (234315000, 97472500)]
13:31:08: [INFO] Routing pad 'SW53:1' at (234315000, 97472500) with pad 'SW67:1' at (239077500, 116522500) using coordinate system rotated by 0 degree(s)
13:31:08: [INFO] Adding track segment (F.Cu): [(234315000, 97472500), (234315000, 111760000)]
13:31:08: [INFO] Adding track segment (F.Cu): [(234315000, 111760000), (239077500, 116522500)]
13:31:08: [INFO] Routing COL8 pads
13:31:08: [INFO] Routing pad 'SW60:1' at (105727500, 116522500) with pad 'SW73:1' at (96202500, 135572500) using coordinate system rotated by 0 degree(s)
13:31:08: [INFO] Adding track segment (F.Cu): [(105727500, 116522500), (105727500, 126047500)]
13:31:08: [INFO] Adding track segment (F.Cu): [(105727500, 126047500), (96202500, 135572500)]
13:31:08: [INFO] Routing pad 'SW31:1' at (91440000, 78422500) with pad 'SW46:1' at (100965000, 97472500) using coordinate system rotated by 0 degree(s)
13:31:08: [INFO] Adding track segment (F.Cu): [(91440000, 78422500), (91440000, 87947500)]
13:31:08: [INFO] Adding track segment (F.Cu): [(91440000, 87947500), (100965000, 97472500)]
13:31:08: [INFO] Routing pad 'SW46:1' at (100965000, 97472500) with pad 'SW60:1' at (105727500, 116522500) using coordinate system rotated by 0 degree(s)
13:31:08: [INFO] Adding track segment (F.Cu): [(100965000, 97472500), (100965000, 111760000)]
13:31:08: [INFO] Adding track segment (F.Cu): [(100965000, 111760000), (105727500, 116522500)]
13:31:08: [INFO] Routing pad 'SW73:1' at (96202500, 135572500) with pad 'SW87:1' at (129540000, 154622500) using coordinate system rotated by 0 degree(s)
13:31:08: [INFO] Routing COL12 pads
13:31:08: [INFO] Routing pad 'SW64:1' at (181927500, 116522500) with pad 'SW77:1' at (172402500, 135572500) using coordinate system rotated by 0 degree(s)
13:31:08: [INFO] Adding track segment (F.Cu): [(181927500, 116522500), (181927500, 126047500)]
13:31:08: [INFO] Adding track segment (F.Cu): [(181927500, 126047500), (172402500, 135572500)]
13:31:08: [INFO] Routing pad 'SW35:1' at (167640000, 78422500) with pad 'SW50:1' at (177165000, 97472500) using coordinate system rotated by 0 degree(s)
13:31:08: [INFO] Adding track segment (F.Cu): [(167640000, 78422500), (167640000, 87947500)]
13:31:08: [INFO] Adding track segment (F.Cu): [(167640000, 87947500), (177165000, 97472500)]
13:31:08: [INFO] Routing pad 'SW50:1' at (177165000, 97472500) with pad 'SW64:1' at (181927500, 116522500) using coordinate system rotated by 0 degree(s)
13:31:09: [INFO] Adding track segment (F.Cu): [(177165000, 97472500), (177165000, 111760000)]
13:31:09: [INFO] Adding track segment (F.Cu): [(177165000, 111760000), (181927500, 116522500)]
13:31:09: [INFO] Routing COL14 pads
13:31:09: [INFO] Routing pad 'SW79:1' at (210502500, 135572500) with pad 'SW89:1' at (205740000, 154622500) using coordinate system rotated by 0 degree(s)
13:31:09: [INFO] Routing pad 'SW66:1' at (220027500, 116522500) with pad 'SW79:1' at (210502500, 135572500) using coordinate system rotated by 0 degree(s)
13:31:09: [INFO] Adding track segment (F.Cu): [(220027500, 116522500), (220027500, 126047500)]
13:31:09: [INFO] Adding track segment (F.Cu): [(220027500, 126047500), (210502500, 135572500)]
13:31:09: [INFO] Routing pad 'SW37:1' at (205740000, 78422500) with pad 'SW52:1' at (215265000, 97472500) using coordinate system rotated by 0 degree(s)
13:31:09: [INFO] Adding track segment (F.Cu): [(205740000, 78422500), (205740000, 87947500)]
13:31:09: [INFO] Adding track segment (F.Cu): [(205740000, 87947500), (215265000, 97472500)]
13:31:09: [INFO] Routing pad 'SW52:1' at (215265000, 97472500) with pad 'SW66:1' at (220027500, 116522500) using coordinate system rotated by 0 degree(s)
13:31:09: [INFO] Adding track segment (F.Cu): [(215265000, 97472500), (215265000, 111760000)]
13:31:09: [INFO] Adding track segment (F.Cu): [(215265000, 111760000), (220027500, 116522500)]
13:31:09: [INFO] Routing COL11 pads
13:31:09: [INFO] Routing pad 'SW63:1' at (162877500, 116522500) with pad 'SW76:1' at (153352500, 135572500) using coordinate system rotated by 0 degree(s)
13:31:09: [INFO] Adding track segment (F.Cu): [(162877500, 116522500), (162877500, 126047500)]
13:31:09: [INFO] Adding track segment (F.Cu): [(162877500, 126047500), (153352500, 135572500)]
13:31:09: [INFO] Routing pad 'SW34:1' at (148590000, 78422500) with pad 'SW49:1' at (158115000, 97472500) using coordinate system rotated by 0 degree(s)
13:31:09: [INFO] Adding track segment (F.Cu): [(148590000, 78422500), (148590000, 87947500)]
13:31:09: [INFO] Adding track segment (F.Cu): [(148590000, 87947500), (158115000, 97472500)]
13:31:09: [INFO] Routing pad 'SW49:1' at (158115000, 97472500) with pad 'SW63:1' at (162877500, 116522500) using coordinate system rotated by 0 degree(s)
13:31:09: [INFO] Adding track segment (F.Cu): [(158115000, 97472500), (158115000, 111760000)]
13:31:09: [INFO] Adding track segment (F.Cu): [(158115000, 111760000), (162877500, 116522500)]
13:31:09: [INFO] Routing COL2 pads
13:31:09: [INFO] Routing pad 'SW3:1' at (77152500, 54610000) with pad 'SW8:1' at (177165000, 54610000) using coordinate system rotated by 0 degree(s)
13:31:09: [INFO] Adding track segment (F.Cu): [(77152500, 54610000), (177165000, 54610000)]
13:31:09: [INFO] Could not add track segment due to detected collision
13:31:09: [INFO] Routing pad 'SW8:1' at (177165000, 54610000) with pad 'SW12:1' at (258127500, 54610000) using coordinate system rotated by 0 degree(s)
13:31:09: [INFO] Adding track segment (F.Cu): [(177165000, 54610000), (258127500, 54610000)]
13:31:09: [INFO] Could not add track segment due to detected collision
13:31:09: [INFO] Routing COL10 pads
13:31:09: [INFO] Routing pad 'SW62:1' at (143827500, 116522500) with pad 'SW75:1' at (134302500, 135572500) using coordinate system rotated by 0 degree(s)
13:31:09: [INFO] Adding track segment (F.Cu): [(143827500, 116522500), (143827500, 126047500)]
13:31:09: [INFO] Adding track segment (F.Cu): [(143827500, 126047500), (134302500, 135572500)]
13:31:09: [INFO] Routing pad 'SW33:1' at (129540000, 78422500) with pad 'SW48:1' at (139065000, 97472500) using coordinate system rotated by 0 degree(s)
13:31:09: [INFO] Adding track segment (F.Cu): [(129540000, 78422500), (129540000, 87947500)]
13:31:09: [INFO] Adding track segment (F.Cu): [(129540000, 87947500), (139065000, 97472500)]
13:31:09: [INFO] Routing pad 'SW48:1' at (139065000, 97472500) with pad 'SW62:1' at (143827500, 116522500) using coordinate system rotated by 0 degree(s)
13:31:09: [INFO] Adding track segment (F.Cu): [(139065000, 97472500), (139065000, 111760000)]
13:31:09: [INFO] Adding track segment (F.Cu): [(139065000, 111760000), (143827500, 116522500)]
13:31:09: [INFO] Routing ROW4 pads
13:31:09: [INFO] Routing pad 'D18:1' at (333692500, 86362500) with pad 'D19:1' at (352742500, 86362500) using coordinate system rotated by 0 degree(s)
13:31:09: [INFO] Adding track segment (B.Cu): [(333692500, 86362500), (352742500, 86362500)]
13:31:09: [INFO] Routing pad 'D19:1' at (352742500, 86362500) with pad 'D20:1' at (371792500, 86362500) using coordinate system rotated by 0 degree(s)
13:31:09: [INFO] Adding track segment (B.Cu): [(352742500, 86362500), (371792500, 86362500)]
13:31:09: [INFO] Routing ROW8 pads
13:31:09: [INFO] Routing pad 'D28:1' at (43180000, 86362500) with pad 'D29:1' at (62230000, 86362500) using coordinate system rotated by 0 degree(s)
13:31:09: [INFO] Adding track segment (B.Cu): [(43180000, 86362500), (62230000, 86362500)]
13:31:09: [INFO] Routing pad 'D29:1' at (62230000, 86362500) with pad 'D30:1' at (81280000, 86362500) using coordinate system rotated by 0 degree(s)
13:31:09: [INFO] Adding track segment (B.Cu): [(62230000, 86362500), (81280000, 86362500)]
13:31:09: [INFO] Routing pad 'D30:1' at (81280000, 86362500) with pad 'D31:1' at (100330000, 86362500) using coordinate system rotated by 0 degree(s)
13:31:09: [INFO] Adding track segment (B.Cu): [(81280000, 86362500), (100330000, 86362500)]
13:31:09: [INFO] Routing pad 'D31:1' at (100330000, 86362500) with pad 'D32:1' at (119380000, 86362500) using coordinate system rotated by 0 degree(s)
13:31:09: [INFO] Adding track segment (B.Cu): [(100330000, 86362500), (119380000, 86362500)]
13:31:09: [INFO] Routing pad 'D32:1' at (119380000, 86362500) with pad 'D33:1' at (138430000, 86362500) using coordinate system rotated by 0 degree(s)
13:31:09: [INFO] Adding track segment (B.Cu): [(119380000, 86362500), (138430000, 86362500)]
13:31:09: [INFO] Routing pad 'D33:1' at (138430000, 86362500) with pad 'D34:1' at (157480000, 86362500) using coordinate system rotated by 0 degree(s)
13:31:09: [INFO] Adding track segment (B.Cu): [(138430000, 86362500), (157480000, 86362500)]
13:31:09: [INFO] Routing pad 'D34:1' at (157480000, 86362500) with pad 'D35:1' at (176530000, 86362500) using coordinate system rotated by 0 degree(s)
13:31:09: [INFO] Adding track segment (B.Cu): [(157480000, 86362500), (176530000, 86362500)]
13:31:09: [INFO] Routing pad 'D35:1' at (176530000, 86362500) with pad 'D36:1' at (195580000, 86362500) using coordinate system rotated by 0 degree(s)
13:31:09: [INFO] Adding track segment (B.Cu): [(176530000, 86362500), (195580000, 86362500)]
13:31:09: [INFO] Routing pad 'D36:1' at (195580000, 86362500) with pad 'D37:1' at (214630000, 86362500) using coordinate system rotated by 0 degree(s)
13:31:09: [INFO] Adding track segment (B.Cu): [(195580000, 86362500), (214630000, 86362500)]
13:31:09: [INFO] Routing pad 'D37:1' at (214630000, 86362500) with pad 'D38:1' at (233680000, 86362500) using coordinate system rotated by 0 degree(s)
13:31:09: [INFO] Adding track segment (B.Cu): [(214630000, 86362500), (233680000, 86362500)]
13:31:09: [INFO] Routing pad 'D38:1' at (233680000, 86362500) with pad 'D39:1' at (252730000, 86362500) using coordinate system rotated by 0 degree(s)
13:31:09: [INFO] Adding track segment (B.Cu): [(233680000, 86362500), (252730000, 86362500)]
13:31:09: [INFO] Routing pad 'D39:1' at (252730000, 86362500) with pad 'D40:1' at (271780000, 86362500) using coordinate system rotated by 0 degree(s)
13:31:09: [INFO] Adding track segment (B.Cu): [(252730000, 86362500), (271780000, 86362500)]
13:31:09: [INFO] Routing pad 'D40:1' at (271780000, 86362500) with pad 'D41:1' at (300355000, 86362500) using coordinate system rotated by 0 degree(s)
13:31:09: [INFO] Adding track segment (B.Cu): [(271780000, 86362500), (300355000, 86362500)]
13:31:09: [INFO] Routing pad 'D41:1' at (300355000, 86362500) with pad 'D42:1' at (309880000, 86362500) using coordinate system rotated by 0 degree(s)
13:31:09: [INFO] Adding track segment (B.Cu): [(300355000, 86362500), (309880000, 86362500)]
13:31:09: [INFO] Routing COL21 pads
13:31:09: [INFO] Routing pad 'SW16:1' at (343852500, 54610000) with pad 'SW19:1' at (343852500, 78422500) using coordinate system rotated by 0 degree(s)
13:31:09: [INFO] Adding track segment (F.Cu): [(343852500, 54610000), (343852500, 78422500)]
13:31:09: [INFO] Routing pad 'SW19:1' at (343852500, 78422500) with pad 'SW22:1' at (343852500, 97472500) using coordinate system rotated by 0 degree(s)
13:31:09: [INFO] Adding track segment (F.Cu): [(343852500, 78422500), (343852500, 97472500)]
13:31:09: [INFO] Routing ROW12 pads
13:31:09: [INFO] Routing pad 'D84:1' at (45561250, 162562500) with pad 'D85:1' at (69373750, 162562500) using coordinate system rotated by 0 degree(s)
13:31:09: [INFO] Adding track segment (B.Cu): [(45561250, 162562500), (69373750, 162562500)]
13:31:09: [INFO] Routing pad 'D85:1' at (69373750, 162562500) with pad 'D86:1' at (93186250, 162562500) using coordinate system rotated by 0 degree(s)
13:31:09: [INFO] Adding track segment (B.Cu): [(69373750, 162562500), (93186250, 162562500)]
13:31:09: [INFO] Routing pad 'D86:1' at (93186250, 162562500) with pad 'D87:1' at (138430000, 162562500) using coordinate system rotated by 0 degree(s)
13:31:09: [INFO] Adding track segment (B.Cu): [(93186250, 162562500), (138430000, 162562500)]
13:31:09: [INFO] Routing pad 'D87:1' at (138430000, 162562500) with pad 'D88:1' at (164623750, 162562500) using coordinate system rotated by 0 degree(s)
13:31:09: [INFO] Adding track segment (B.Cu): [(138430000, 162562500), (164623750, 162562500)]
13:31:09: [INFO] Routing pad 'D88:1' at (164623750, 162562500) with pad 'D89:1' at (214630000, 162562500) using coordinate system rotated by 0 degree(s)
13:31:09: [INFO] Adding track segment (B.Cu): [(164623750, 162562500), (214630000, 162562500)]
13:31:09: [INFO] Routing pad 'D89:1' at (214630000, 162562500) with pad 'D90:1' at (236061250, 162562500) using coordinate system rotated by 0 degree(s)
13:31:09: [INFO] Adding track segment (B.Cu): [(214630000, 162562500), (236061250, 162562500)]
13:31:09: [INFO] Routing pad 'D90:1' at (236061250, 162562500) with pad 'D91:1' at (259873750, 162562500) using coordinate system rotated by 0 degree(s)
13:31:09: [INFO] Adding track segment (B.Cu): [(236061250, 162562500), (259873750, 162562500)]
13:31:09: [INFO] Routing pad 'D91:1' at (259873750, 162562500) with pad 'D92:1' at (283686250, 162562500) using coordinate system rotated by 0 degree(s)
13:31:09: [INFO] Adding track segment (B.Cu): [(259873750, 162562500), (283686250, 162562500)]
13:31:09: [INFO] Routing pad 'D92:1' at (283686250, 162562500) with pad 'D93:1' at (307498750, 162562500) using coordinate system rotated by 0 degree(s)
13:31:09: [INFO] Adding track segment (B.Cu): [(283686250, 162562500), (307498750, 162562500)]
13:31:09: [INFO] Routing COL22 pads
13:31:09: [INFO] Routing pad 'SW17:1' at (362902500, 54610000) with pad 'SW20:1' at (362902500, 78422500) using coordinate system rotated by 0 degree(s)
13:31:09: [INFO] Adding track segment (F.Cu): [(362902500, 54610000), (362902500, 78422500)]
13:31:09: [INFO] Routing pad 'SW20:1' at (362902500, 78422500) with pad 'SW23:1' at (362902500, 97472500) using coordinate system rotated by 0 degree(s)
13:31:09: [INFO] Adding track segment (F.Cu): [(362902500, 78422500), (362902500, 97472500)]
13:31:09: [INFO] Routing COL20 pads
13:31:09: [INFO] Routing pad 'SW15:1' at (324802500, 54610000) with pad 'SW18:1' at (324802500, 78422500) using coordinate system rotated by 0 degree(s)
13:31:09: [INFO] Adding track segment (F.Cu): [(324802500, 54610000), (324802500, 78422500)]
13:31:09: [INFO] Routing pad 'SW18:1' at (324802500, 78422500) with pad 'SW21:1' at (324802500, 97472500) using coordinate system rotated by 0 degree(s)
13:31:09: [INFO] Adding track segment (F.Cu): [(324802500, 78422500), (324802500, 97472500)]
13:31:09: [INFO] Routing COL18 pads
13:31:09: [INFO] Routing pad 'SW92:1' at (274796250, 154622500) with pad 'SW82a:1' at (274796250, 135572500) using coordinate system rotated by 0 degree(s)
13:31:09: [INFO] Adding track segment (F.Cu): [(274796250, 154622500), (274796250, 135572500)]
13:31:09: [INFO] Could not add track segment due to detected collision
13:31:09: [INFO] Routing pad 'SW92a:1' at (272415000, 154622500) with pad 'SW92:1' at (274796250, 154622500) using coordinate system rotated by 0 degree(s)
13:31:09: [INFO] Adding track segment (F.Cu): [(272415000, 154622500), (274796250, 154622500)]
13:31:09: [INFO] Routing pad 'SW82a:1' at (274796250, 135572500) with pad 'SW69a:1' at (277177500, 116522500) using coordinate system rotated by 0 degree(s)
13:31:09: [INFO] Routing pad 'SW41:1' at (291465000, 78422500) with pad 'SW41a:1' at (281940000, 78422500) using coordinate system rotated by 0 degree(s)
13:31:09: [INFO] Adding track segment (F.Cu): [(291465000, 78422500), (281940000, 78422500)]
13:31:09: [INFO] Routing pad 'SW82a:1' at (274796250, 135572500) with pad 'SW82:1' at (284321250, 135572500) using coordinate system rotated by 0 degree(s)
13:31:09: [INFO] Adding track segment (F.Cu): [(274796250, 135572500), (284321250, 135572500)]
13:31:09: [INFO] Routing pad 'SW69a:1' at (277177500, 116522500) with pad 'SW69:1' at (289083750, 116522500) using coordinate system rotated by 0 degree(s)
13:31:09: [INFO] Adding track segment (F.Cu): [(277177500, 116522500), (289083750, 116522500)]
13:31:09: [INFO] Routing pad 'SW69:1' at (289083750, 116522500) with pad 'SW41:1' at (291465000, 78422500) using coordinate system rotated by 0 degree(s)
13:31:09: [INFO] Routing COL3 pads
13:31:09: [INFO] Routing pad 'SW4:1' at (96202500, 54610000) with pad 'SW9:1' at (196215000, 54610000) using coordinate system rotated by 0 degree(s)
13:31:09: [INFO] Adding track segment (F.Cu): [(96202500, 54610000), (196215000, 54610000)]
13:31:09: [INFO] Could not add track segment due to detected collision
13:31:09: [INFO] Routing pad 'SW9:1' at (196215000, 54610000) with pad 'SW13:1' at (277177500, 54610000) using coordinate system rotated by 0 degree(s)
13:31:09: [INFO] Adding track segment (F.Cu): [(196215000, 54610000), (277177500, 54610000)]
13:31:09: [INFO] Could not add track segment due to detected collision
13:31:09: [INFO] Routing COL17 pads
13:31:09: [INFO] Routing pad 'SW40:1' at (262890000, 78422500) with pad 'SW55:1' at (272415000, 97472500) using coordinate system rotated by 0 degree(s)
13:31:09: [INFO] Adding track segment (F.Cu): [(262890000, 78422500), (262890000, 87947500)]
13:31:09: [INFO] Adding track segment (F.Cu): [(262890000, 87947500), (272415000, 97472500)]
13:31:09: [INFO] Routing ROW11 pads
13:31:09: [INFO] Routing pad 'D70:1' at (55086250, 143512500) with pad 'D71:1' at (66992500, 143512500) using coordinate system rotated by 0 degree(s)
13:31:09: [INFO] Adding track segment (B.Cu): [(55086250, 143512500), (66992500, 143512500)]
13:31:09: [INFO] Routing pad 'D71:1' at (66992500, 143512500) with pad 'D72:1' at (86042500, 143512500) using coordinate system rotated by 0 degree(s)
13:31:09: [INFO] Adding track segment (B.Cu): [(66992500, 143512500), (86042500, 143512500)]
13:31:09: [INFO] Routing pad 'D72:1' at (86042500, 143512500) with pad 'D73:1' at (105092500, 143512500) using coordinate system rotated by 0 degree(s)
13:31:09: [INFO] Adding track segment (B.Cu): [(86042500, 143512500), (105092500, 143512500)]
13:31:09: [INFO] Routing pad 'D73:1' at (105092500, 143512500) with pad 'D74:1' at (124142500, 143512500) using coordinate system rotated by 0 degree(s)
13:31:09: [INFO] Adding track segment (B.Cu): [(105092500, 143512500), (124142500, 143512500)]
13:31:09: [INFO] Routing pad 'D74:1' at (124142500, 143512500) with pad 'D75:1' at (143192500, 143512500) using coordinate system rotated by 0 degree(s)
13:31:09: [INFO] Adding track segment (B.Cu): [(124142500, 143512500), (143192500, 143512500)]
13:31:09: [INFO] Routing pad 'D75:1' at (143192500, 143512500) with pad 'D76:1' at (162242500, 143512500) using coordinate system rotated by 0 degree(s)
13:31:09: [INFO] Adding track segment (B.Cu): [(143192500, 143512500), (162242500, 143512500)]
13:31:09: [INFO] Routing pad 'D76:1' at (162242500, 143512500) with pad 'D77:1' at (181292500, 143512500) using coordinate system rotated by 0 degree(s)
13:31:09: [INFO] Adding track segment (B.Cu): [(162242500, 143512500), (181292500, 143512500)]
13:31:09: [INFO] Routing pad 'D77:1' at (181292500, 143512500) with pad 'D78:1' at (200342500, 143512500) using coordinate system rotated by 0 degree(s)
13:31:09: [INFO] Adding track segment (B.Cu): [(181292500, 143512500), (200342500, 143512500)]
13:31:09: [INFO] Routing pad 'D78:1' at (200342500, 143512500) with pad 'D79:1' at (219392500, 143512500) using coordinate system rotated by 0 degree(s)
13:31:09: [INFO] Adding track segment (B.Cu): [(200342500, 143512500), (219392500, 143512500)]
13:31:09: [INFO] Routing pad 'D79:1' at (219392500, 143512500) with pad 'D80:1' at (238442500, 143512500) using coordinate system rotated by 0 degree(s)
13:31:09: [INFO] Adding track segment (B.Cu): [(219392500, 143512500), (238442500, 143512500)]
13:31:09: [INFO] Routing pad 'D80:1' at (238442500, 143512500) with pad 'D81:1' at (257492500, 143512500) using coordinate system rotated by 0 degree(s)
13:31:09: [INFO] Adding track segment (B.Cu): [(238442500, 143512500), (257492500, 143512500)]
13:31:09: [INFO] Routing pad 'D81:1' at (257492500, 143512500) with pad 'D82:1' at (293211250, 143512500) using coordinate system rotated by 0 degree(s)
13:31:09: [INFO] Adding track segment (B.Cu): [(257492500, 143512500), (293211250, 143512500)]
13:31:09: [INFO] Routing pad 'D82:1' at (293211250, 143512500) with pad 'D83:1' at (309880000, 143512500) using coordinate system rotated by 0 degree(s)
13:31:09: [INFO] Adding track segment (B.Cu): [(293211250, 143512500), (309880000, 143512500)]
13:31:09: [INFO] Routing ROW7 pads
13:31:09: [INFO] Routing pad 'D25:1' at (333692500, 162562500) with pad 'D26:1' at (352742500, 162562500) using coordinate system rotated by 0 degree(s)
13:31:09: [INFO] Adding track segment (B.Cu): [(333692500, 162562500), (352742500, 162562500)]
13:31:09: [INFO] Routing pad 'D26:1' at (352742500, 162562500) with pad 'D27:1' at (371792500, 162562500) using coordinate system rotated by 0 degree(s)
13:31:09: [INFO] Adding track segment (B.Cu): [(352742500, 162562500), (371792500, 162562500)]
13:31:09: [INFO] Routing ROW5 pads
13:31:09: [INFO] Routing pad 'D21:1' at (333692500, 105412500) with pad 'D22:1' at (352742500, 105412500) using coordinate system rotated by 0 degree(s)
13:31:09: [INFO] Adding track segment (B.Cu): [(333692500, 105412500), (352742500, 105412500)]
13:31:09: [INFO] Routing pad 'D22:1' at (352742500, 105412500) with pad 'D23:1' at (371792500, 105412500) using coordinate system rotated by 0 degree(s)
13:31:09: [INFO] Adding track segment (B.Cu): [(352742500, 105412500), (371792500, 105412500)]
13:31:09: [INFO] Routing ROW6 pads
13:31:09: [INFO] Routing COL6 pads
13:31:09: [INFO] Routing pad 'SW58:1' at (67627500, 116522500) with pad 'SW71:1' at (58102500, 135572500) using coordinate system rotated by 0 degree(s)
13:31:09: [INFO] Routing pad 'SW71:1' at (58102500, 135572500) with pad 'SW85:1' at (60483750, 154622500) using coordinate system rotated by 0 degree(s)
13:31:09: [INFO] Adding track segment (F.Cu): [(58102500, 135572500), (58102500, 152241250)]
13:31:09: [INFO] Adding track segment (F.Cu): [(58102500, 152241250), (60483750, 154622500)]
13:31:09: [INFO] Routing pad 'SW29:1' at (53340000, 78422500) with pad 'SW44:1' at (62865000, 97472500) using coordinate system rotated by 0 degree(s)
13:31:09: [INFO] Adding track segment (F.Cu): [(53340000, 78422500), (53340000, 87947500)]
13:31:09: [INFO] Adding track segment (F.Cu): [(53340000, 87947500), (62865000, 97472500)]
13:31:09: [INFO] Routing pad 'SW85:1' at (60483750, 154622500) with pad 'SW85a:1' at (62865000, 154622500) using coordinate system rotated by 0 degree(s)
13:31:09: [INFO] Adding track segment (F.Cu): [(60483750, 154622500), (62865000, 154622500)]
13:31:09: [INFO] Routing pad 'SW44:1' at (62865000, 97472500) with pad 'SW58:1' at (67627500, 116522500) using coordinate system rotated by 0 degree(s)
13:31:09: [INFO] Adding track segment (F.Cu): [(62865000, 97472500), (62865000, 111760000)]
13:31:09: [INFO] Adding track segment (F.Cu): [(62865000, 111760000), (67627500, 116522500)]
13:31:09: [INFO] Routing ROW13 pads
13:31:09: [INFO] Routing pad 'D94:1' at (395605000, 53025000) with pad 'D95:1' at (395605000, 72075000) using coordinate system rotated by 0 degree(s)
13:31:09: [INFO] Adding track segment (B.Cu): [(395605000, 53025000), (395605000, 72075000)]
13:31:09: [INFO] Could not add track segment due to detected collision
13:31:09: [INFO] Routing COL0 pads
13:31:09: [INFO] Routing pad 'SW1:1' at (34290000, 54610000) with pad 'SW6:1' at (139065000, 54610000) using coordinate system rotated by 0 degree(s)
13:31:09: [INFO] Adding track segment (F.Cu): [(34290000, 54610000), (139065000, 54610000)]
13:31:09: [INFO] Could not add track segment due to detected collision
13:31:09: [INFO] Routing pad 'SW6:1' at (139065000, 54610000) with pad 'SW10:1' at (220027500, 54610000) using coordinate system rotated by 0 degree(s)
13:31:09: [INFO] Adding track segment (F.Cu): [(139065000, 54610000), (220027500, 54610000)]
13:31:09: [INFO] Could not add track segment due to detected collision
13:31:09: [INFO] Routing pad 'SW10:1' at (220027500, 54610000) with pad 'SW94:1' at (386715000, 45085000) using coordinate system rotated by 0 degree(s)
13:31:09: [INFO] Adding track segment (F.Cu): [(220027500, 54610000), (229552500, 45085000)]
13:31:10: [INFO] Adding track segment (F.Cu): [(229552500, 45085000), (386715000, 45085000)]
13:31:10: [INFO] Routing COL16 pads
13:31:10: [INFO] Routing pad 'SW68:1' at (258127500, 116522500) with pad 'SW81:1' at (248602500, 135572500) using coordinate system rotated by 0 degree(s)
13:31:10: [INFO] Adding track segment (F.Cu): [(258127500, 116522500), (258127500, 126047500)]
13:31:10: [INFO] Adding track segment (F.Cu): [(258127500, 126047500), (248602500, 135572500)]
13:31:10: [INFO] Routing pad 'SW81:1' at (248602500, 135572500) with pad 'SW91a:1' at (248602500, 154622500) using coordinate system rotated by 0 degree(s)
13:31:10: [INFO] Adding track segment (F.Cu): [(248602500, 135572500), (248602500, 154622500)]
13:31:10: [INFO] Routing pad 'SW91a:1' at (248602500, 154622500) with pad 'SW91:1' at (250983750, 154622500) using coordinate system rotated by 0 degree(s)
13:31:10: [INFO] Adding track segment (F.Cu): [(248602500, 154622500), (250983750, 154622500)]
13:31:10: [INFO] Routing pad 'SW39:1' at (243840000, 78422500) with pad 'SW54:1' at (253365000, 97472500) using coordinate system rotated by 0 degree(s)
13:31:10: [INFO] Adding track segment (F.Cu): [(243840000, 78422500), (243840000, 87947500)]
13:31:10: [INFO] Adding track segment (F.Cu): [(243840000, 87947500), (253365000, 97472500)]
13:31:10: [INFO] Routing pad 'SW54:1' at (253365000, 97472500) with pad 'SW68:1' at (258127500, 116522500) using coordinate system rotated by 0 degree(s)
13:31:10: [INFO] Adding track segment (F.Cu): [(253365000, 97472500), (253365000, 111760000)]
13:31:10: [INFO] Adding track segment (F.Cu): [(253365000, 111760000), (258127500, 116522500)]
13:31:10: [INFO] Routing COL9 pads
13:31:10: [INFO] Routing pad 'SW61:1' at (124777500, 116522500) with pad 'SW74:1' at (115252500, 135572500) using coordinate system rotated by 0 degree(s)
13:31:10: [INFO] Adding track segment (F.Cu): [(124777500, 116522500), (124777500, 126047500)]
13:31:10: [INFO] Adding track segment (F.Cu): [(124777500, 126047500), (115252500, 135572500)]
13:31:10: [INFO] Routing pad 'SW32:1' at (110490000, 78422500) with pad 'SW47:1' at (120015000, 97472500) using coordinate system rotated by 0 degree(s)
13:31:10: [INFO] Adding track segment (F.Cu): [(110490000, 78422500), (110490000, 87947500)]
13:31:10: [INFO] Adding track segment (F.Cu): [(110490000, 87947500), (120015000, 97472500)]
13:31:10: [INFO] Routing pad 'SW47:1' at (120015000, 97472500) with pad 'SW61:1' at (124777500, 116522500) using coordinate system rotated by 0 degree(s)
13:31:10: [INFO] Adding track segment (F.Cu): [(120015000, 97472500), (120015000, 111760000)]
13:31:10: [INFO] Adding track segment (F.Cu): [(120015000, 111760000), (124777500, 116522500)]
13:31:10: [INFO] Routing ROW9 pads
13:31:10: [INFO] Routing pad 'D43:1' at (47942500, 105412500) with pad 'D44:1' at (71755000, 105412500) using coordinate system rotated by 0 degree(s)
13:31:10: [INFO] Adding track segment (B.Cu): [(47942500, 105412500), (71755000, 105412500)]
13:31:10: [INFO] Routing pad 'D44:1' at (71755000, 105412500) with pad 'D45:1' at (90805000, 105412500) using coordinate system rotated by 0 degree(s)
13:31:10: [INFO] Adding track segment (B.Cu): [(71755000, 105412500), (90805000, 105412500)]
13:31:10: [INFO] Routing pad 'D45:1' at (90805000, 105412500) with pad 'D46:1' at (109855000, 105412500) using coordinate system rotated by 0 degree(s)
13:31:10: [INFO] Adding track segment (B.Cu): [(90805000, 105412500), (109855000, 105412500)]
13:31:10: [INFO] Routing pad 'D46:1' at (109855000, 105412500) with pad 'D47:1' at (128905000, 105412500) using coordinate system rotated by 0 degree(s)
13:31:10: [INFO] Adding track segment (B.Cu): [(109855000, 105412500), (128905000, 105412500)]
13:31:10: [INFO] Routing pad 'D47:1' at (128905000, 105412500) with pad 'D48:1' at (147955000, 105412500) using coordinate system rotated by 0 degree(s)
13:31:10: [INFO] Adding track segment (B.Cu): [(128905000, 105412500), (147955000, 105412500)]
13:31:10: [INFO] Routing pad 'D48:1' at (147955000, 105412500) with pad 'D49:1' at (167005000, 105412500) using coordinate system rotated by 0 degree(s)
13:31:10: [INFO] Adding track segment (B.Cu): [(147955000, 105412500), (167005000, 105412500)]
13:31:10: [INFO] Routing pad 'D49:1' at (167005000, 105412500) with pad 'D50:1' at (186055000, 105412500) using coordinate system rotated by 0 degree(s)
13:31:10: [INFO] Adding track segment (B.Cu): [(167005000, 105412500), (186055000, 105412500)]
13:31:10: [INFO] Routing pad 'D50:1' at (186055000, 105412500) with pad 'D51:1' at (205105000, 105412500) using coordinate system rotated by 0 degree(s)
13:31:10: [INFO] Adding track segment (B.Cu): [(186055000, 105412500), (205105000, 105412500)]
13:31:10: [INFO] Routing pad 'D51:1' at (205105000, 105412500) with pad 'D52:1' at (224155000, 105412500) using coordinate system rotated by 0 degree(s)
13:31:10: [INFO] Adding track segment (B.Cu): [(205105000, 105412500), (224155000, 105412500)]
13:31:10: [INFO] Routing pad 'D52:1' at (224155000, 105412500) with pad 'D53:1' at (243205000, 105412500) using coordinate system rotated by 0 degree(s)
13:31:10: [INFO] Adding track segment (B.Cu): [(224155000, 105412500), (243205000, 105412500)]
13:31:10: [INFO] Routing pad 'D53:1' at (243205000, 105412500) with pad 'D54:1' at (262255000, 105412500) using coordinate system rotated by 0 degree(s)
13:31:10: [INFO] Adding track segment (B.Cu): [(243205000, 105412500), (262255000, 105412500)]
13:31:10: [INFO] Routing pad 'D54:1' at (262255000, 105412500) with pad 'D55:1' at (281305000, 105412500) using coordinate system rotated by 0 degree(s)
13:31:10: [INFO] Adding track segment (B.Cu): [(262255000, 105412500), (281305000, 105412500)]
13:31:10: [INFO] Routing pad 'D55:1' at (281305000, 105412500) with pad 'D56:1' at (305117500, 105412500) using coordinate system rotated by 0 degree(s)
13:31:10: [INFO] Adding track segment (B.Cu): [(281305000, 105412500), (305117500, 105412500)]
13:31:10: [INFO] Could not add track segment due to detected collision
13:31:10: [INFO] Routing COL23 pads
13:31:10: [INFO] Routing COL4 pads
13:31:10: [INFO] Routing pad 'SW5:1' at (115252500, 54610000) with pad 'SW14:1' at (300990000, 54610000) using coordinate system rotated by 0 degree(s)
13:31:10: [INFO] Adding track segment (F.Cu): [(115252500, 54610000), (300990000, 54610000)]
13:31:10: [INFO] Could not add track segment due to detected collision
13:31:10: [INFO] Routing COL1 pads
13:31:10: [INFO] Routing pad 'SW2:1' at (58102500, 54610000) with pad 'SW7:1' at (158115000, 54610000) using coordinate system rotated by 0 degree(s)
13:31:10: [INFO] Adding track segment (F.Cu): [(58102500, 54610000), (158115000, 54610000)]
13:31:10: [INFO] Could not add track segment due to detected collision
13:31:10: [INFO] Routing pad 'SW7:1' at (158115000, 54610000) with pad 'SW11:1' at (239077500, 54610000) using coordinate system rotated by 0 degree(s)
13:31:10: [INFO] Adding track segment (F.Cu): [(158115000, 54610000), (239077500, 54610000)]
13:31:10: [INFO] Could not add track segment due to detected collision
13:31:10: [INFO] Routing pad 'SW11:1' at (239077500, 54610000) with pad 'SW95:1' at (386715000, 64135000) using coordinate system rotated by 0 degree(s)
13:31:10: [INFO] Routing COL13 pads
13:31:10: [INFO] Routing pad 'SW88:1' at (155733750, 154622500) with pad 'SW88a:1' at (167640000, 154622500) using coordinate system rotated by 0 degree(s)
13:31:10: [INFO] Adding track segment (F.Cu): [(155733750, 154622500), (167640000, 154622500)]
13:31:10: [INFO] Routing pad 'SW51:1' at (196215000, 97472500) with pad 'SW36:1' at (186690000, 78422500) using coordinate system rotated by 0 degree(s)
13:31:10: [INFO] Adding track segment (F.Cu): [(196215000, 97472500), (186690000, 87947500)]
13:31:10: [INFO] Adding track segment (F.Cu): [(186690000, 87947500), (186690000, 78422500)]
13:31:10: [INFO] Routing pad 'SW88a:1' at (167640000, 154622500) with pad 'SW78:1' at (191452500, 135572500) using coordinate system rotated by 0 degree(s)
13:31:10: [INFO] Adding track segment (F.Cu): [(167640000, 154622500), (186690000, 135572500)]
13:31:10: [INFO] Adding track segment (F.Cu): [(186690000, 135572500), (191452500, 135572500)]
13:31:10: [INFO] Routing pad 'SW65:1' at (200977500, 116522500) with pad 'SW51:1' at (196215000, 97472500) using coordinate system rotated by 0 degree(s)
13:31:10: [INFO] Adding track segment (F.Cu): [(200977500, 116522500), (196215000, 111760000)]
13:31:10: [INFO] Adding track segment (F.Cu): [(196215000, 111760000), (196215000, 97472500)]
13:31:10: [INFO] Routing pad 'SW78:1' at (191452500, 135572500) with pad 'SW65:1' at (200977500, 116522500) using coordinate system rotated by 0 degree(s)
13:31:10: [INFO] Adding track segment (F.Cu): [(191452500, 135572500), (200977500, 126047500)]
13:31:10: [INFO] Adding track segment (F.Cu): [(200977500, 126047500), (200977500, 116522500)]
13:31:10: [INFO] Routing COL5 pads
13:31:10: [INFO] Routing pad 'SW57:1' at (41433750, 116522500) with pad 'SW70a:1' at (36671250, 135572500) using coordinate system rotated by 0 degree(s)
13:31:10: [INFO] Adding track segment (F.Cu): [(41433750, 116522500), (41433750, 130810000)]
13:31:10: [INFO] Adding track segment (F.Cu): [(41433750, 130810000), (36671250, 135572500)]
13:31:10: [INFO] Routing pad 'SW70a:1' at (36671250, 135572500) with pad 'SW84:1' at (36671250, 154622500) using coordinate system rotated by 0 degree(s)
13:31:10: [INFO] Adding track segment (F.Cu): [(36671250, 135572500), (36671250, 154622500)]
13:31:10: [INFO] Could not add track segment due to detected collision
13:31:10: [INFO] Routing pad 'SW28:1' at (34290000, 78422500) with pad 'SW43:1' at (39052500, 97472500) using coordinate system rotated by 0 degree(s)
13:31:10: [INFO] Adding track segment (F.Cu): [(34290000, 78422500), (34290000, 92710000)]
13:31:10: [INFO] Adding track segment (F.Cu): [(34290000, 92710000), (39052500, 97472500)]
13:31:10: [INFO] Routing pad 'SW84:1' at (36671250, 154622500) with pad 'SW84a:1' at (39052500, 154622500) using coordinate system rotated by 0 degree(s)
13:31:10: [INFO] Adding track segment (F.Cu): [(36671250, 154622500), (39052500, 154622500)]
13:31:10: [INFO] Routing pad 'SW43:1' at (39052500, 97472500) with pad 'SW57:1' at (41433750, 116522500) using coordinate system rotated by 0 degree(s)
13:31:10: [INFO] Adding track segment (F.Cu): [(39052500, 97472500), (39052500, 114141250)]
13:31:10: [INFO] Adding track segment (F.Cu): [(39052500, 114141250), (41433750, 116522500)]
13:31:10: [INFO] Routing pad 'SW70a:1' at (36671250, 135572500) with pad 'SW70:1' at (46196250, 135572500) using coordinate system rotated by 0 degree(s)
13:31:10: [INFO] Adding track segment (F.Cu): [(36671250, 135572500), (46196250, 135572500)]
13:31:10: [INFO] Routing ROW0 pads
13:31:10: [INFO] Routing pad 'D1:1' at (43180000, 62550000) with pad 'D2:1' at (66992500, 62550000) using coordinate system rotated by 0 degree(s)
13:31:10: [INFO] Adding track segment (B.Cu): [(43180000, 62550000), (66992500, 62550000)]
13:31:10: [INFO] Routing pad 'D2:1' at (66992500, 62550000) with pad 'D3:1' at (86042500, 62550000) using coordinate system rotated by 0 degree(s)
13:31:10: [INFO] Adding track segment (B.Cu): [(66992500, 62550000), (86042500, 62550000)]
13:31:10: [INFO] Routing pad 'D3:1' at (86042500, 62550000) with pad 'D4:1' at (105092500, 62550000) using coordinate system rotated by 0 degree(s)
13:31:10: [INFO] Adding track segment (B.Cu): [(86042500, 62550000), (105092500, 62550000)]
13:31:10: [INFO] Routing pad 'D4:1' at (105092500, 62550000) with pad 'D5:1' at (124142500, 62550000) using coordinate system rotated by 0 degree(s)
13:31:10: [INFO] Adding track segment (B.Cu): [(105092500, 62550000), (124142500, 62550000)]
13:31:10: [INFO] Routing COL25 pads
13:31:10: [INFO] Routing COL7 pads
13:31:10: [INFO] Routing pad 'SW59:1' at (86677500, 116522500) with pad 'SW72:1' at (77152500, 135572500) using coordinate system rotated by 0 degree(s)
13:31:10: [INFO] Adding track segment (F.Cu): [(86677500, 116522500), (86677500, 126047500)]
13:31:10: [INFO] Adding track segment (F.Cu): [(86677500, 126047500), (77152500, 135572500)]
13:31:10: [INFO] Routing pad 'SW30:1' at (72390000, 78422500) with pad 'SW45:1' at (81915000, 97472500) using coordinate system rotated by 0 degree(s)
13:31:10: [INFO] Adding track segment (F.Cu): [(72390000, 78422500), (72390000, 87947500)]
13:31:10: [INFO] Adding track segment (F.Cu): [(72390000, 87947500), (81915000, 97472500)]
13:31:10: [INFO] Routing pad 'SW72:1' at (77152500, 135572500) with pad 'SW86:1' at (84296250, 154622500) using coordinate system rotated by 0 degree(s)
13:31:10: [INFO] Adding track segment (F.Cu): [(77152500, 135572500), (77152500, 147478750)]
13:31:10: [INFO] Adding track segment (F.Cu): [(77152500, 147478750), (84296250, 154622500)]
13:31:10: [INFO] Routing pad 'SW45:1' at (81915000, 97472500) with pad 'SW59:1' at (86677500, 116522500) using coordinate system rotated by 0 degree(s)
13:31:10: [INFO] Adding track segment (F.Cu): [(81915000, 97472500), (81915000, 111760000)]
13:31:10: [INFO] Adding track segment (F.Cu): [(81915000, 111760000), (86677500, 116522500)]
13:31:10: [INFO] Routing pad 'SW86:1' at (84296250, 154622500) with pad 'SW86a:1' at (86677500, 154622500) using coordinate system rotated by 0 degree(s)
13:31:10: [INFO] Adding track segment (F.Cu): [(84296250, 154622500), (86677500, 154622500)]
13:31:10: [INFO] Removing dangling tracks
