=== kbplacer.kle_serial ===
=== layout2image.py ===
=== kbplacer ===
13:33:00: [INFO] User layout: https://editor.keyboard-tools.xyz/#share=NrDeCIA9wLgAgEwDoCsAaO4Ces4EYNwBjXcAYgHYrrwBfQgBjQYB0A7d99PcDCaeHiRNMJeOSKSpdRmjycObbr0wF5irnJXgmCBZp6ECejUq18ouBqkJjMZAIZPnMzEwDM+s4dVpPp5VkAFi9A3xCA8zh+KxtRUjIpaXo3NBRQqPACdMifHTQANgy8giLc8ABdNAAoMEt4ZHRMHHhrJuIE6hoU-NZIhhUY1qQEdrsJJJIegj6FdAHZdTnmbTUMhdSTZY2huGtR2wTnF2m0LcV57Q911b8b4Pvo+r2RsYTJqaM0CO2rtMesv9+n8yr8LAIXgd4uJHMcHK5AaCLitwbFRqcKH9MbIAByVGp1CEIITowjuQpeJh5CgU0xU-G1XaNQgtOAAWmsFDeMI+CIQKMw5I24H5eXJeX5CG05KlhH57mlfm0-KCitVcrSipQysKgw6MLh8MIAHdcAgeuSkewmDtnvsUBa0NjMPznSK0HiqoznghkFDsLgOa9DjCulRtKbBMHMAALM0mqVR9oxxP4QiQVNB0mYGlWthqBmEs1xAPwINckP2Q0R3BCB2EIICiDjRKTBGXBuZMLgRuyzDoPs9pWEdAKzvq-vfbSN7UjzWdgp6yP4VA9dB5mZ6iH2yvkatrp3Tw+dz0Epkk9qsrPc+y8g8brReosNEtXzk3vdwmtRrk9ApN-VbzbHoaWFf9qUyf9BxpQd-zHHNh0wf8J3AGkUP-WcEMw5tOjDb9EFeP9aQUTcn3PaNS3ZHdoSrL8TVrJBf0IHFiMUUVtAATlY9h2LIyjy3aZcLx6FjZkUcVOOYLwJNRYZ-WXP160wUTpIAls72YzIuLyFjBy4wcWPg8AuKMliUK4lCWMw4z5yeFtq3ol8mOU7i2H5W0IQvXdKDwnouMxPiiRLey6MwITVyMG0vEbYU8BmaKAPCpSsipBLbXUttHLgChpgIfwFBivUQuOfC61yoECoFFLXMKiwkvKvNaqebcKJbMNMXKt08CYLqmFPb0go-WESqy4TIqk0xGx8CBwuzLJ4smqIZoYuburkBLpsAiYknwgpCKMPKNqKo5QvAWbkrWnJKs287yquxQpqXFaLqYRqlrO56GqOioKiAA
13:33:00: [INFO] Labels prefixes: for rows: 'ROW', for columns: 'COL'
13:33:00: [INFO] Matrix size: 11x8
13:33:00: [WARNING] No stabilizer footprint for width 2.25u, using 2u as fallback
13:33:01: [WARNING] No stabilizer footprint for width 2.25u, using 2u as fallback
13:33:01: [WARNING] No stabilizer footprint for width 2.75u, using 2u as fallback
13:33:01: [INFO] Add COL0 net
13:33:01: [INFO] Add COL1 net
13:33:01: [INFO] Add COL2 net
13:33:01: [INFO] Add COL3 net
13:33:01: [INFO] Add COL4 net
13:33:01: [INFO] Add COL5 net
13:33:01: [INFO] Add COL6 net
13:33:01: [INFO] Add COL7 net
13:33:01: [INFO] Add COL8 net
13:33:01: [INFO] Add Net-(D1-A) net
13:33:01: [INFO] Add Net-(D10-A) net
13:33:01: [INFO] Add Net-(D11-A) net
13:33:01: [INFO] Add Net-(D12-A) net
13:33:01: [INFO] Add Net-(D13-A) net
13:33:01: [INFO] Add Net-(D14-A) net
13:33:01: [INFO] Add Net-(D15-A) net
13:33:01: [INFO] Add Net-(D16-A) net
13:33:01: [INFO] Add Net-(D17-A) net
13:33:01: [INFO] Add Net-(D18-A) net
13:33:01: [INFO] Add Net-(D19-A) net
13:33:01: [INFO] Add Net-(D2-A) net
13:33:01: [INFO] Add Net-(D20-A) net
13:33:01: [INFO] Add Net-(D21-A) net
13:33:01: [INFO] Add Net-(D22-A) net
13:33:01: [INFO] Add Net-(D23-A) net
13:33:01: [INFO] Add Net-(D24-A) net
13:33:01: [INFO] Add Net-(D25-A) net
13:33:01: [INFO] Add Net-(D26-A) net
13:33:01: [INFO] Add Net-(D27-A) net
13:33:01: [INFO] Add Net-(D28-A) net
13:33:01: [INFO] Add Net-(D29-A) net
13:33:01: [INFO] Add Net-(D3-A) net
13:33:01: [INFO] Add Net-(D30-A) net
13:33:01: [INFO] Add Net-(D31-A) net
13:33:01: [INFO] Add Net-(D32-A) net
13:33:01: [INFO] Add Net-(D33-A) net
13:33:01: [INFO] Add Net-(D34-A) net
13:33:01: [INFO] Add Net-(D35-A) net
13:33:01: [INFO] Add Net-(D36-A) net
13:33:01: [INFO] Add Net-(D37-A) net
13:33:01: [INFO] Add Net-(D38-A) net
13:33:01: [INFO] Add Net-(D39-A) net
13:33:01: [INFO] Add Net-(D4-A) net
13:33:01: [INFO] Add Net-(D40-A) net
13:33:01: [INFO] Add Net-(D41-A) net
13:33:01: [INFO] Add Net-(D42-A) net
13:33:01: [INFO] Add Net-(D43-A) net
13:33:01: [INFO] Add Net-(D44-A) net
13:33:01: [INFO] Add Net-(D45-A) net
13:33:01: [INFO] Add Net-(D46-A) net
13:33:01: [INFO] Add Net-(D47-A) net
13:33:01: [INFO] Add Net-(D48-A) net
13:33:01: [INFO] Add Net-(D49-A) net
13:33:01: [INFO] Add Net-(D5-A) net
13:33:01: [INFO] Add Net-(D50-A) net
13:33:01: [INFO] Add Net-(D51-A) net
13:33:01: [INFO] Add Net-(D52-A) net
13:33:01: [INFO] Add Net-(D53-A) net
13:33:01: [INFO] Add Net-(D54-A) net
13:33:01: [INFO] Add Net-(D55-A) net
13:33:01: [INFO] Add Net-(D56-A) net
13:33:01: [INFO] Add Net-(D57-A) net
13:33:01: [INFO] Add Net-(D58-A) net
13:33:01: [INFO] Add Net-(D59-A) net
13:33:01: [INFO] Add Net-(D6-A) net
13:33:01: [INFO] Add Net-(D60-A) net
13:33:01: [INFO] Add Net-(D61-A) net
13:33:01: [INFO] Add Net-(D62-A) net
13:33:01: [INFO] Add Net-(D63-A) net
13:33:01: [INFO] Add Net-(D64-A) net
13:33:01: [INFO] Add Net-(D65-A) net
13:33:01: [INFO] Add Net-(D66-A) net
13:33:01: [INFO] Add Net-(D67-A) net
13:33:01: [INFO] Add Net-(D68-A) net
13:33:01: [INFO] Add Net-(D69-A) net
13:33:01: [INFO] Add Net-(D7-A) net
13:33:01: [INFO] Add Net-(D70-A) net
13:33:01: [INFO] Add Net-(D71-A) net
13:33:01: [INFO] Add Net-(D72-A) net
13:33:01: [INFO] Add Net-(D73-A) net
13:33:01: [INFO] Add Net-(D74-A) net
13:33:01: [INFO] Add Net-(D75-A) net
13:33:01: [INFO] Add Net-(D76-A) net
13:33:01: [INFO] Add Net-(D77-A) net
13:33:01: [INFO] Add Net-(D78-A) net
13:33:01: [INFO] Add Net-(D79-A) net
13:33:01: [INFO] Add Net-(D8-A) net
13:33:01: [INFO] Add Net-(D80-A) net
13:33:01: [INFO] Add Net-(D81-A) net
13:33:01: [INFO] Add Net-(D82-A) net
13:33:01: [INFO] Add Net-(D83-A) net
13:33:01: [INFO] Add Net-(D84-A) net
13:33:01: [INFO] Add Net-(D85-A) net
13:33:01: [INFO] Add Net-(D86-A) net
13:33:01: [INFO] Add Net-(D87-A) net
13:33:01: [INFO] Add Net-(D88-A) net
13:33:01: [INFO] Add Net-(D89-A) net
13:33:01: [INFO] Add Net-(D9-A) net
13:33:01: [INFO] Add Net-(D90-A) net
13:33:01: [INFO] Add Net-(D91-A) net
13:33:01: [INFO] Add ROW0 net
13:33:01: [INFO] Add ROW1 net
13:33:01: [INFO] Add ROW10 net
13:33:01: [INFO] Add ROW11 net
13:33:01: [INFO] Add ROW2 net
13:33:01: [INFO] Add ROW3 net
13:33:01: [INFO] Add ROW4 net
13:33:01: [INFO] Add ROW5 net
13:33:01: [INFO] Add ROW6 net
13:33:01: [INFO] Add ROW7 net
13:33:01: [INFO] Add ROW8 net
13:33:01: [INFO] Add ROW9 net
13:33:01: [INFO] Add SW1 footprint
13:33:01: [INFO] Add D1 footprint
13:33:01: [INFO] Add SW2 footprint
13:33:01: [INFO] Add D2 footprint
13:33:01: [INFO] Add SW2a footprint
13:33:01: [INFO] Add SW3 footprint
13:33:01: [INFO] Add D3 footprint
13:33:01: [INFO] Add SW3a footprint
13:33:01: [INFO] Add SW4 footprint
13:33:01: [INFO] Add D4 footprint
13:33:01: [INFO] Add SW5 footprint
13:33:01: [INFO] Add D5 footprint
13:33:01: [INFO] Add SW6 footprint
13:33:01: [INFO] Add D6 footprint
13:33:01: [INFO] Add SW6a footprint
13:33:01: [INFO] Add SW7 footprint
13:33:01: [INFO] Add D7 footprint
13:33:01: [INFO] Add SW7a footprint
13:33:01: [INFO] Add SW8 footprint
13:33:01: [INFO] Add D8 footprint
13:33:01: [INFO] Add SW9 footprint
13:33:01: [INFO] Add D9 footprint
13:33:01: [INFO] Add SW10 footprint
13:33:01: [INFO] Add D10 footprint
13:33:01: [INFO] Add SW11 footprint
13:33:02: [INFO] Add D11 footprint
13:33:02: [INFO] Add SW11a footprint
13:33:02: [INFO] Add SW12 footprint
13:33:02: [INFO] Add D12 footprint
13:33:02: [INFO] Add SW12a footprint
13:33:02: [INFO] Add SW13 footprint
13:33:02: [INFO] Add D13 footprint
13:33:02: [INFO] Add SW14 footprint
13:33:02: [INFO] Add D14 footprint
13:33:02: [INFO] Add SW14a footprint
13:33:02: [INFO] Add SW15 footprint
13:33:02: [INFO] Add D15 footprint
13:33:02: [INFO] Add SW15a footprint
13:33:02: [INFO] Add SW16 footprint
13:33:02: [INFO] Add D16 footprint
13:33:02: [INFO] Add SW17 footprint
13:33:02: [INFO] Add D17 footprint
13:33:02: [INFO] Add SW18 footprint
13:33:02: [INFO] Add D18 footprint
13:33:02: [INFO] Add SW19 footprint
13:33:02: [INFO] Add D19 footprint
13:33:02: [INFO] Add SW20 footprint
13:33:02: [INFO] Add D20 footprint
13:33:02: [INFO] Add SW21 footprint
13:33:02: [INFO] Add D21 footprint
13:33:02: [INFO] Add SW22 footprint
13:33:02: [INFO] Add D22 footprint
13:33:02: [INFO] Add SW23 footprint
13:33:02: [INFO] Add D23 footprint
13:33:02: [INFO] Add SW24 footprint
13:33:02: [INFO] Add D24 footprint
13:33:02: [INFO] Add SW25 footprint
13:33:02: [INFO] Add D25 footprint
13:33:02: [INFO] Add SW26 footprint
13:33:02: [INFO] Add D26 footprint
13:33:03: [INFO] Add SW27 footprint
13:33:03: [INFO] Add D27 footprint
13:33:03: [INFO] Add SW28 footprint
13:33:03: [INFO] Add D28 footprint
13:33:03: [INFO] Add SW29 footprint
13:33:03: [INFO] Add D29 footprint
13:33:03: [INFO] Add SW30 footprint
13:33:03: [INFO] Add D30 footprint
13:33:03: [INFO] Add SW31 footprint
13:33:03: [INFO] Add D31 footprint
13:33:03: [INFO] Add SW32 footprint
13:33:03: [INFO] Add D32 footprint
13:33:03: [INFO] Add SW33 footprint
13:33:03: [INFO] Add D33 footprint
13:33:03: [INFO] Add ST33 footprint
13:33:03: [INFO] Add SW33a footprint
13:33:03: [INFO] Add SW34 footprint
13:33:03: [INFO] Add D34 footprint
13:33:03: [INFO] Add SW35 footprint
13:33:03: [INFO] Add D35 footprint
13:33:03: [INFO] Add SW36 footprint
13:33:03: [INFO] Add D36 footprint
13:33:03: [INFO] Add SW37 footprint
13:33:03: [INFO] Add D37 footprint
13:33:03: [INFO] Add SW38 footprint
13:33:03: [INFO] Add D38 footprint
13:33:03: [INFO] Add SW39 footprint
13:33:03: [INFO] Add D39 footprint
13:33:03: [INFO] Add SW40 footprint
13:33:03: [INFO] Add D40 footprint
13:33:03: [INFO] Add SW41 footprint
13:33:03: [INFO] Add D41 footprint
13:33:03: [INFO] Add SW42 footprint
13:33:03: [INFO] Add D42 footprint
13:33:03: [INFO] Add SW43 footprint
13:33:03: [INFO] Add D43 footprint
13:33:03: [INFO] Add SW44 footprint
13:33:03: [INFO] Add D44 footprint
13:33:03: [INFO] Add SW45 footprint
13:33:04: [INFO] Add D45 footprint
13:33:04: [INFO] Add SW46 footprint
13:33:04: [INFO] Add D46 footprint
13:33:04: [INFO] Add SW47 footprint
13:33:04: [INFO] Add D47 footprint
13:33:04: [INFO] Add SW48 footprint
13:33:04: [INFO] Add D48 footprint
13:33:04: [INFO] Add SW49 footprint
13:33:04: [INFO] Add D49 footprint
13:33:04: [INFO] Add SW50 footprint
13:33:04: [INFO] Add D50 footprint
13:33:04: [INFO] Add SW50a footprint
13:33:04: [INFO] Add SW51 footprint
13:33:04: [INFO] Add D51 footprint
13:33:04: [INFO] Add SW52 footprint
13:33:04: [INFO] Add D52 footprint
13:33:04: [INFO] Add SW53 footprint
13:33:04: [INFO] Add D53 footprint
13:33:04: [INFO] Add SW54 footprint
13:33:04: [INFO] Add D54 footprint
13:33:04: [INFO] Add SW55 footprint
13:33:04: [INFO] Add D55 footprint
13:33:04: [INFO] Add SW56 footprint
13:33:04: [INFO] Add D56 footprint
13:33:04: [INFO] Add SW57 footprint
13:33:04: [INFO] Add D57 footprint
13:33:04: [INFO] Add SW58 footprint
13:33:04: [INFO] Add D58 footprint
13:33:04: [WARNING] No stabilizer footprint for width 2.25u, using 2u as fallback
13:33:04: [INFO] Add ST58 footprint
13:33:04: [INFO] Add SW59 footprint
13:33:04: [INFO] Add D59 footprint
13:33:04: [INFO] Add SW60 footprint
13:33:04: [INFO] Add D60 footprint
13:33:04: [INFO] Add SW61 footprint
13:33:04: [INFO] Add D61 footprint
13:33:04: [INFO] Add SW62 footprint
13:33:04: [INFO] Add D62 footprint
13:33:04: [INFO] Add SW63 footprint
13:33:04: [INFO] Add D63 footprint
13:33:04: [INFO] Add SW64 footprint
13:33:05: [INFO] Add D64 footprint
13:33:05: [INFO] Add SW65 footprint
13:33:05: [INFO] Add D65 footprint
13:33:05: [INFO] Add SW65a footprint
13:33:05: [INFO] Add ST65a footprint
13:33:05: [INFO] Add SW66 footprint
13:33:05: [INFO] Add D66 footprint
13:33:05: [WARNING] No stabilizer footprint for width 2.25u, using 2u as fallback
13:33:05: [INFO] Add ST66 footprint
13:33:05: [INFO] Add SW66a footprint
13:33:05: [INFO] Add SW67 footprint
13:33:05: [INFO] Add D67 footprint
13:33:05: [INFO] Add SW68 footprint
13:33:05: [INFO] Add D68 footprint
13:33:05: [INFO] Add SW69 footprint
13:33:05: [INFO] Add D69 footprint
13:33:05: [INFO] Add SW70 footprint
13:33:05: [INFO] Add D70 footprint
13:33:05: [INFO] Add SW71 footprint
13:33:05: [INFO] Add D71 footprint
13:33:05: [INFO] Add SW72 footprint
13:33:05: [INFO] Add D72 footprint
13:33:05: [WARNING] No stabilizer footprint for width 2.75u, using 2u as fallback
13:33:05: [INFO] Add ST72 footprint
13:33:05: [INFO] Add SW72a footprint
13:33:05: [INFO] Add SW73 footprint
13:33:05: [INFO] Add D73 footprint
13:33:05: [INFO] Add SW74 footprint
13:33:05: [INFO] Add D74 footprint
13:33:05: [INFO] Add SW75 footprint
13:33:05: [INFO] Add D75 footprint
13:33:05: [INFO] Add SW76 footprint
13:33:05: [INFO] Add D76 footprint
13:33:05: [INFO] Add SW77 footprint
13:33:05: [INFO] Add D77 footprint
13:33:05: [INFO] Add SW78 footprint
13:33:05: [INFO] Add D78 footprint
13:33:05: [INFO] Add SW79 footprint
13:33:05: [INFO] Add D79 footprint
13:33:05: [INFO] Add SW80 footprint
13:33:05: [INFO] Add D80 footprint
13:33:05: [INFO] Add SW81 footprint
13:33:05: [INFO] Add D81 footprint
13:33:06: [INFO] Add SW81a footprint
13:33:06: [INFO] Add SW82 footprint
13:33:06: [INFO] Add D82 footprint
13:33:06: [INFO] Add SW82a footprint
13:33:06: [INFO] Add SW83 footprint
13:33:06: [INFO] Add D83 footprint
13:33:06: [INFO] Add SW84 footprint
13:33:06: [INFO] Add D84 footprint
13:33:06: [INFO] Add SW84a footprint
13:33:06: [INFO] Add SW85 footprint
13:33:06: [INFO] Add D85 footprint
13:33:06: [INFO] Add SW86 footprint
13:33:06: [INFO] Add D86 footprint
13:33:06: [INFO] Add SW87 footprint
13:33:06: [INFO] Add D87 footprint
13:33:06: [INFO] Add SW87a footprint
13:33:06: [INFO] Add SW88 footprint
13:33:06: [INFO] Add D88 footprint
13:33:06: [INFO] Add ST88 footprint
13:33:06: [INFO] Add SW88a footprint
13:33:06: [INFO] Add ST88a footprint
13:33:06: [INFO] Add SW89 footprint
13:33:06: [INFO] Add D89 footprint
13:33:06: [INFO] Add SW89a footprint
13:33:06: [INFO] Add SW90 footprint
13:33:06: [INFO] Add D90 footprint
13:33:06: [INFO] Add SW90a footprint
13:33:06: [INFO] Add SW91 footprint
13:33:06: [INFO] Add D91 footprint
13:33:06: [INFO] Detected layout convertible to matrix annotated keyboard
13:33:06: [INFO] Using key 1U distance: (19.05, 19.05) mm
13:33:06: [INFO] Layout offset: (38100000, 38100000)
13:33:06: [INFO] Diode info: [ElementInfo(annotation_format='D{}', position_option=<PositionOption.CUSTOM: 'Custom'>, position=ElementPosition(x=5.08, y=4.0, orientation=90.0, side=<Side.BACK: 'Back'>), template_path='', start_index=-1)]
13:33:06: [INFO] Placing additional elements for SW91
13:33:06: [INFO] Placing additional elements for SW90a
13:33:06: [INFO] Placing additional elements for SW90
13:33:06: [INFO] Placing additional elements for SW89a
13:33:06: [INFO] Placing additional elements for SW89
13:33:06: [INFO] Placing additional elements for SW88a
13:33:06: [INFO] Placing additional elements for SW88
13:33:06: [INFO] Placing additional elements for SW87a
13:33:06: [INFO] Placing additional elements for SW87
13:33:06: [INFO] Placing additional elements for SW86
13:33:06: [INFO] Placing additional elements for SW85
13:33:06: [INFO] Placing additional elements for SW84a
13:33:06: [INFO] Placing additional elements for SW84
13:33:06: [INFO] Placing additional elements for SW83
13:33:06: [INFO] Placing additional elements for SW82a
13:33:06: [INFO] Placing additional elements for SW82
13:33:06: [INFO] Placing additional elements for SW81a
13:33:06: [INFO] Placing additional elements for SW81
13:33:06: [INFO] Placing additional elements for SW80
13:33:06: [INFO] Placing additional elements for SW79
13:33:06: [INFO] Placing additional elements for SW78
13:33:06: [INFO] Placing additional elements for SW77
13:33:06: [INFO] Placing additional elements for SW76
13:33:06: [INFO] Placing additional elements for SW75
13:33:06: [INFO] Placing additional elements for SW74
13:33:06: [INFO] Placing additional elements for SW73
13:33:06: [INFO] Placing additional elements for SW72a
13:33:06: [INFO] Placing additional elements for SW72
13:33:06: [INFO] Placing additional elements for SW71
13:33:06: [INFO] Placing additional elements for SW70
13:33:06: [INFO] Placing additional elements for SW69
13:33:06: [INFO] Placing additional elements for SW68
13:33:06: [INFO] Placing additional elements for SW67
13:33:06: [INFO] Placing additional elements for SW66a
13:33:06: [INFO] Placing additional elements for SW66
13:33:06: [INFO] Placing additional elements for SW65a
13:33:06: [INFO] Placing additional elements for SW65
13:33:06: [INFO] Placing additional elements for SW64
13:33:06: [INFO] Placing additional elements for SW63
13:33:06: [INFO] Placing additional elements for SW62
13:33:06: [INFO] Placing additional elements for SW61
13:33:06: [INFO] Placing additional elements for SW60
13:33:06: [INFO] Placing additional elements for SW59
13:33:06: [INFO] Placing additional elements for SW58
13:33:06: [INFO] Placing additional elements for SW57
13:33:06: [INFO] Placing additional elements for SW56
13:33:06: [INFO] Placing additional elements for SW55
13:33:06: [INFO] Placing additional elements for SW54
13:33:06: [INFO] Placing additional elements for SW53
13:33:06: [INFO] Placing additional elements for SW52
13:33:06: [INFO] Placing additional elements for SW51
13:33:06: [INFO] Placing additional elements for SW50a
13:33:06: [INFO] Placing additional elements for SW50
13:33:06: [INFO] Placing additional elements for SW49
13:33:06: [INFO] Placing additional elements for SW48
13:33:06: [INFO] Placing additional elements for SW47
13:33:06: [INFO] Placing additional elements for SW46
13:33:06: [INFO] Placing additional elements for SW45
13:33:06: [INFO] Placing additional elements for SW44
13:33:06: [INFO] Placing additional elements for SW43
13:33:06: [INFO] Placing additional elements for SW42
13:33:06: [INFO] Placing additional elements for SW41
13:33:06: [INFO] Placing additional elements for SW40
13:33:06: [INFO] Placing additional elements for SW39
13:33:06: [INFO] Placing additional elements for SW38
13:33:06: [INFO] Placing additional elements for SW37
13:33:06: [INFO] Placing additional elements for SW36
13:33:06: [INFO] Placing additional elements for SW35
13:33:06: [INFO] Placing additional elements for SW34
13:33:06: [INFO] Placing additional elements for SW33a
13:33:06: [INFO] Placing additional elements for SW33
13:33:06: [INFO] Placing additional elements for SW32
13:33:06: [INFO] Placing additional elements for SW31
13:33:06: [INFO] Placing additional elements for SW30
13:33:06: [INFO] Placing additional elements for SW29
13:33:06: [INFO] Placing additional elements for SW28
13:33:06: [INFO] Placing additional elements for SW27
13:33:06: [INFO] Placing additional elements for SW26
13:33:06: [INFO] Placing additional elements for SW25
13:33:06: [INFO] Placing additional elements for SW24
13:33:06: [INFO] Placing additional elements for SW23
13:33:06: [INFO] Placing additional elements for SW22
13:33:06: [INFO] Placing additional elements for SW21
13:33:06: [INFO] Placing additional elements for SW20
13:33:06: [INFO] Placing additional elements for SW19
13:33:06: [INFO] Placing additional elements for SW18
13:33:06: [INFO] Placing additional elements for SW17
13:33:06: [INFO] Placing additional elements for SW16
13:33:06: [INFO] Placing additional elements for SW15a
13:33:06: [INFO] Placing additional elements for SW15
13:33:06: [INFO] Placing additional elements for SW14a
13:33:06: [INFO] Placing additional elements for SW14
13:33:06: [INFO] Placing additional elements for SW13
13:33:06: [INFO] Placing additional elements for SW12a
13:33:06: [INFO] Placing additional elements for SW12
13:33:06: [INFO] Placing additional elements for SW11a
13:33:06: [INFO] Placing additional elements for SW11
13:33:06: [INFO] Placing additional elements for SW10
13:33:06: [INFO] Placing additional elements for SW9
13:33:06: [INFO] Placing additional elements for SW8
13:33:06: [INFO] Placing additional elements for SW7a
13:33:06: [INFO] Placing additional elements for SW7
13:33:06: [INFO] Placing additional elements for SW6a
13:33:06: [INFO] Placing additional elements for SW6
13:33:06: [INFO] Placing additional elements for SW5
13:33:06: [INFO] Placing additional elements for SW4
13:33:06: [INFO] Placing additional elements for SW3a
13:33:06: [INFO] Placing additional elements for SW3
13:33:06: [INFO] Placing additional elements for SW2a
13:33:06: [INFO] Placing additional elements for SW2
13:33:06: [INFO] Placing additional elements for SW1
13:33:06: [INFO] Routing SW91 with D91
13:33:06: [INFO] Using internal autorouter method
13:33:06: [INFO] Routing pad 'SW91:2' at (388302500, 190182500) with pad 'D91:2' at (390842500, 197862500) using coordinate system rotated by 0 degree(s)
13:33:06: [INFO] Adding track segment (B.Cu): [(388302500, 190182500), (388302500, 195322500)]
13:33:06: [INFO] Adding track segment (B.Cu): [(388302500, 195322500), (390842500, 197862500)]
13:33:06: [INFO] Routing SW90a with D90
13:33:06: [INFO] Using internal autorouter method
13:33:06: [INFO] Routing pad 'SW90a:2' at (362108750, 190182500) with pad 'D90:2' at (362267500, 197862500) using coordinate system rotated by 0 degree(s)
13:33:06: [INFO] Routing SW90 with D90
13:33:06: [INFO] Using internal autorouter method
13:33:06: [INFO] Routing pad 'SW90:2' at (359727500, 190182500) with pad 'D90:2' at (362267500, 197862500) using coordinate system rotated by 0 degree(s)
13:33:06: [INFO] Routing SW89a with D89
13:33:06: [INFO] Using internal autorouter method
13:33:06: [INFO] Routing pad 'SW89a:2' at (314483750, 190182500) with pad 'D89:2' at (314642500, 197862500) using coordinate system rotated by 0 degree(s)
13:33:06: [INFO] Routing SW89 with D89
13:33:06: [INFO] Using internal autorouter method
13:33:06: [INFO] Routing pad 'SW89:2' at (312102500, 190182500) with pad 'D89:2' at (314642500, 197862500) using coordinate system rotated by 0 degree(s)
13:33:06: [INFO] Routing SW88a with D88
13:33:06: [INFO] Using internal autorouter method
13:33:06: [INFO] Routing pad 'SW88a:2' at (219233750, 190182500) with pad 'D88:2' at (233680000, 197862500) using coordinate system rotated by 0 degree(s)
13:33:06: [INFO] Routing SW88 with D88
13:33:06: [INFO] Using internal autorouter method
13:33:06: [INFO] Routing pad 'SW88:2' at (231140000, 190182500) with pad 'D88:2' at (233680000, 197862500) using coordinate system rotated by 0 degree(s)
13:33:06: [INFO] Adding track segment (B.Cu): [(231140000, 190182500), (231140000, 195322500)]
13:33:06: [INFO] Adding track segment (B.Cu): [(231140000, 195322500), (233680000, 197862500)]
13:33:06: [INFO] Routing SW87a with D87
13:33:06: [INFO] Using internal autorouter method
13:33:06: [INFO] Routing pad 'SW87a:2' at (123983750, 190182500) with pad 'D87:2' at (128905000, 197862500) using coordinate system rotated by 0 degree(s)
13:33:06: [INFO] Routing SW87 with D87
13:33:06: [INFO] Using internal autorouter method
13:33:06: [INFO] Routing pad 'SW87:2' at (126365000, 190182500) with pad 'D87:2' at (128905000, 197862500) using coordinate system rotated by 0 degree(s)
13:33:06: [INFO] Routing SW86 with D86
13:33:06: [INFO] Using internal autorouter method
13:33:06: [INFO] Routing pad 'SW86:2' at (426402500, 190182500) with pad 'D86:2' at (428942500, 197862500) using coordinate system rotated by 0 degree(s)
13:33:06: [INFO] Adding track segment (B.Cu): [(426402500, 190182500), (426402500, 195322500)]
13:33:06: [INFO] Adding track segment (B.Cu): [(426402500, 195322500), (428942500, 197862500)]
13:33:06: [INFO] Routing SW85 with D85
13:33:06: [INFO] Using internal autorouter method
13:33:06: [INFO] Routing pad 'SW85:2' at (407352500, 190182500) with pad 'D85:2' at (409892500, 197862500) using coordinate system rotated by 0 degree(s)
13:33:06: [INFO] Adding track segment (B.Cu): [(407352500, 190182500), (407352500, 195322500)]
13:33:06: [INFO] Adding track segment (B.Cu): [(407352500, 195322500), (409892500, 197862500)]
13:33:06: [INFO] Routing SW84a with D84
13:33:06: [INFO] Using internal autorouter method
13:33:06: [INFO] Routing pad 'SW84a:2' at (338296250, 190182500) with pad 'D84:2' at (338455000, 197862500) using coordinate system rotated by 0 degree(s)
13:33:06: [INFO] Routing SW84 with D84
13:33:06: [INFO] Using internal autorouter method
13:33:06: [INFO] Routing pad 'SW84:2' at (335915000, 190182500) with pad 'D84:2' at (338455000, 197862500) using coordinate system rotated by 0 degree(s)
13:33:06: [INFO] Routing SW83 with D83
13:33:06: [INFO] Using internal autorouter method
13:33:06: [INFO] Routing pad 'SW83:2' at (290671250, 190182500) with pad 'D83:2' at (293211250, 197862500) using coordinate system rotated by 0 degree(s)
13:33:06: [INFO] Adding track segment (B.Cu): [(290671250, 190182500), (290671250, 195322500)]
13:33:06: [INFO] Adding track segment (B.Cu): [(290671250, 195322500), (293211250, 197862500)]
13:33:06: [INFO] Routing SW82a with D82
13:33:06: [INFO] Using internal autorouter method
13:33:06: [INFO] Routing pad 'SW82a:2' at (147796250, 190182500) with pad 'D82:2' at (152717500, 197862500) using coordinate system rotated by 0 degree(s)
13:33:07: [INFO] Routing SW82 with D82
13:33:07: [INFO] Using internal autorouter method
13:33:07: [INFO] Routing pad 'SW82:2' at (150177500, 190182500) with pad 'D82:2' at (152717500, 197862500) using coordinate system rotated by 0 degree(s)
13:33:07: [INFO] Routing SW81a with D81
13:33:07: [INFO] Using internal autorouter method
13:33:07: [INFO] Routing pad 'SW81a:2' at (100171250, 190182500) with pad 'D81:2' at (105092500, 197862500) using coordinate system rotated by 0 degree(s)
13:33:07: [INFO] Routing SW81 with D81
13:33:07: [INFO] Using internal autorouter method
13:33:07: [INFO] Routing pad 'SW81:2' at (102552500, 190182500) with pad 'D81:2' at (105092500, 197862500) using coordinate system rotated by 0 degree(s)
13:33:07: [INFO] Routing SW80 with D80
13:33:07: [INFO] Using internal autorouter method
13:33:07: [INFO] Routing pad 'SW80:2' at (407352500, 171132500) with pad 'D80:2' at (409892500, 178812500) using coordinate system rotated by 0 degree(s)
13:33:07: [INFO] Adding track segment (B.Cu): [(407352500, 171132500), (407352500, 176272500)]
13:33:07: [INFO] Adding track segment (B.Cu): [(407352500, 176272500), (409892500, 178812500)]
13:33:07: [INFO] Routing SW79 with D79
13:33:07: [INFO] Using internal autorouter method
13:33:07: [INFO] Routing pad 'SW79:2' at (364490000, 171132500) with pad 'D79:2' at (367030000, 178812500) using coordinate system rotated by 0 degree(s)
13:33:07: [INFO] Adding track segment (B.Cu): [(364490000, 171132500), (364490000, 176272500)]
13:33:07: [INFO] Adding track segment (B.Cu): [(364490000, 176272500), (367030000, 178812500)]
13:33:07: [INFO] Routing SW78 with D78
13:33:07: [INFO] Using internal autorouter method
13:33:07: [INFO] Routing pad 'SW78:2' at (312102500, 171132500) with pad 'D78:2' at (314642500, 178812500) using coordinate system rotated by 0 degree(s)
13:33:07: [INFO] Adding track segment (B.Cu): [(312102500, 171132500), (312102500, 176272500)]
13:33:07: [INFO] Adding track segment (B.Cu): [(312102500, 176272500), (314642500, 178812500)]
13:33:07: [INFO] Routing SW77 with D77
13:33:07: [INFO] Using internal autorouter method
13:33:07: [INFO] Routing pad 'SW77:2' at (274002500, 171132500) with pad 'D77:2' at (276542500, 178812500) using coordinate system rotated by 0 degree(s)
13:33:07: [INFO] Adding track segment (B.Cu): [(274002500, 171132500), (274002500, 176272500)]
13:33:07: [INFO] Adding track segment (B.Cu): [(274002500, 176272500), (276542500, 178812500)]
13:33:07: [INFO] Routing SW76 with D76
13:33:07: [INFO] Using internal autorouter method
13:33:07: [INFO] Routing pad 'SW76:2' at (235902500, 171132500) with pad 'D76:2' at (238442500, 178812500) using coordinate system rotated by 0 degree(s)
13:33:07: [INFO] Adding track segment (B.Cu): [(235902500, 171132500), (235902500, 176272500)]
13:33:07: [INFO] Adding track segment (B.Cu): [(235902500, 176272500), (238442500, 178812500)]
13:33:07: [INFO] Routing SW75 with D75
13:33:07: [INFO] Using internal autorouter method
13:33:07: [INFO] Routing pad 'SW75:2' at (197802500, 171132500) with pad 'D75:2' at (200342500, 178812500) using coordinate system rotated by 0 degree(s)
13:33:07: [INFO] Adding track segment (B.Cu): [(197802500, 171132500), (197802500, 176272500)]
13:33:07: [INFO] Adding track segment (B.Cu): [(197802500, 176272500), (200342500, 178812500)]
13:33:07: [INFO] Routing SW74 with D74
13:33:07: [INFO] Using internal autorouter method
13:33:07: [INFO] Routing pad 'SW74:2' at (159702500, 171132500) with pad 'D74:2' at (162242500, 178812500) using coordinate system rotated by 0 degree(s)
13:33:07: [INFO] Adding track segment (B.Cu): [(159702500, 171132500), (159702500, 176272500)]
13:33:07: [INFO] Adding track segment (B.Cu): [(159702500, 176272500), (162242500, 178812500)]
13:33:07: [INFO] Routing SW73 with D73
13:33:07: [INFO] Using internal autorouter method
13:33:07: [INFO] Routing pad 'SW73:2' at (121602500, 171132500) with pad 'D73:2' at (124142500, 178812500) using coordinate system rotated by 0 degree(s)
13:33:07: [INFO] Adding track segment (B.Cu): [(121602500, 171132500), (121602500, 176272500)]
13:33:07: [INFO] Adding track segment (B.Cu): [(121602500, 176272500), (124142500, 178812500)]
13:33:07: [INFO] Routing SW72a with D72
13:33:07: [INFO] Using internal autorouter method
13:33:07: [INFO] Routing pad 'SW72a:2' at (338296250, 171132500) with pad 'D72:2' at (350361250, 178812500) using coordinate system rotated by 0 degree(s)
13:33:07: [INFO] Routing SW72 with D72
13:33:07: [INFO] Using internal autorouter method
13:33:07: [INFO] Routing pad 'SW72:2' at (347821250, 171132500) with pad 'D72:2' at (350361250, 178812500) using coordinate system rotated by 0 degree(s)
13:33:07: [INFO] Adding track segment (B.Cu): [(347821250, 171132500), (347821250, 176272500)]
13:33:07: [INFO] Adding track segment (B.Cu): [(347821250, 176272500), (350361250, 178812500)]
13:33:07: [INFO] Routing SW71 with D71
13:33:07: [INFO] Using internal autorouter method
13:33:07: [INFO] Routing pad 'SW71:2' at (293052500, 171132500) with pad 'D71:2' at (295592500, 178812500) using coordinate system rotated by 0 degree(s)
13:33:07: [INFO] Adding track segment (B.Cu): [(293052500, 171132500), (293052500, 176272500)]
13:33:07: [INFO] Adding track segment (B.Cu): [(293052500, 176272500), (295592500, 178812500)]
13:33:07: [INFO] Routing SW70 with D70
13:33:07: [INFO] Using internal autorouter method
13:33:07: [INFO] Routing pad 'SW70:2' at (254952500, 171132500) with pad 'D70:2' at (257492500, 178812500) using coordinate system rotated by 0 degree(s)
13:33:07: [INFO] Adding track segment (B.Cu): [(254952500, 171132500), (254952500, 176272500)]
13:33:07: [INFO] Adding track segment (B.Cu): [(254952500, 176272500), (257492500, 178812500)]
13:33:07: [INFO] Routing SW69 with D69
13:33:07: [INFO] Using internal autorouter method
13:33:07: [INFO] Routing pad 'SW69:2' at (216852500, 171132500) with pad 'D69:2' at (219392500, 178812500) using coordinate system rotated by 0 degree(s)
13:33:07: [INFO] Adding track segment (B.Cu): [(216852500, 171132500), (216852500, 176272500)]
13:33:07: [INFO] Adding track segment (B.Cu): [(216852500, 176272500), (219392500, 178812500)]
13:33:07: [INFO] Routing SW68 with D68
13:33:07: [INFO] Using internal autorouter method
13:33:07: [INFO] Routing pad 'SW68:2' at (178752500, 171132500) with pad 'D68:2' at (181292500, 178812500) using coordinate system rotated by 0 degree(s)
13:33:07: [INFO] Adding track segment (B.Cu): [(178752500, 171132500), (178752500, 176272500)]
13:33:07: [INFO] Adding track segment (B.Cu): [(178752500, 176272500), (181292500, 178812500)]
13:33:07: [INFO] Routing SW67 with D67
13:33:07: [INFO] Using internal autorouter method
13:33:07: [INFO] Routing pad 'SW67:2' at (140652500, 171132500) with pad 'D67:2' at (143192500, 178812500) using coordinate system rotated by 0 degree(s)
13:33:07: [INFO] Adding track segment (B.Cu): [(140652500, 171132500), (140652500, 176272500)]
13:33:07: [INFO] Adding track segment (B.Cu): [(140652500, 176272500), (143192500, 178812500)]
13:33:07: [INFO] Routing SW66a with D66
13:33:07: [INFO] Using internal autorouter method
13:33:07: [INFO] Routing pad 'SW66a:2' at (100171250, 171132500) with pad 'D66:2' at (112236250, 178812500) using coordinate system rotated by 0 degree(s)
13:33:07: [INFO] Routing SW66 with D66
13:33:07: [INFO] Using internal autorouter method
13:33:07: [INFO] Routing pad 'SW66:2' at (109696250, 171132500) with pad 'D66:2' at (112236250, 178812500) using coordinate system rotated by 0 degree(s)
13:33:07: [INFO] Adding track segment (B.Cu): [(109696250, 171132500), (109696250, 176272500)]
13:33:07: [INFO] Adding track segment (B.Cu): [(109696250, 176272500), (112236250, 178812500)]
13:33:07: [INFO] Routing SW65a with D65
13:33:07: [INFO] Using internal autorouter method
13:33:07: [INFO] Routing pad 'SW65a:2' at (362108750, 142557500) with pad 'D65:2' at (367030000, 121662500) using coordinate system rotated by 0 degree(s)
13:33:07: [INFO] Routing SW65 with D65
13:33:07: [INFO] Using internal autorouter method
13:33:07: [INFO] Routing pad 'SW65:2' at (364490000, 113982500) with pad 'D65:2' at (367030000, 121662500) using coordinate system rotated by 0 degree(s)
13:33:07: [INFO] Adding track segment (B.Cu): [(364490000, 113982500), (364490000, 119122500)]
13:33:07: [INFO] Adding track segment (B.Cu): [(364490000, 119122500), (367030000, 121662500)]
13:33:07: [INFO] Routing SW64 with D64
13:33:07: [INFO] Using internal autorouter method
13:33:07: [INFO] Routing pad 'SW64:2' at (321627500, 152082500) with pad 'D64:2' at (324167500, 159762500) using coordinate system rotated by 0 degree(s)
13:33:07: [INFO] Adding track segment (B.Cu): [(321627500, 152082500), (321627500, 157222500)]
13:33:07: [INFO] Adding track segment (B.Cu): [(321627500, 157222500), (324167500, 159762500)]
13:33:07: [INFO] Routing SW63 with D63
13:33:07: [INFO] Using internal autorouter method
13:33:07: [INFO] Routing pad 'SW63:2' at (283527500, 152082500) with pad 'D63:2' at (286067500, 159762500) using coordinate system rotated by 0 degree(s)
13:33:07: [INFO] Adding track segment (B.Cu): [(283527500, 152082500), (283527500, 157222500)]
13:33:07: [INFO] Adding track segment (B.Cu): [(283527500, 157222500), (286067500, 159762500)]
13:33:07: [INFO] Routing SW62 with D62
13:33:07: [INFO] Using internal autorouter method
13:33:07: [INFO] Routing pad 'SW62:2' at (245427500, 152082500) with pad 'D62:2' at (247967500, 159762500) using coordinate system rotated by 0 degree(s)
13:33:07: [INFO] Adding track segment (B.Cu): [(245427500, 152082500), (245427500, 157222500)]
13:33:07: [INFO] Adding track segment (B.Cu): [(245427500, 157222500), (247967500, 159762500)]
13:33:07: [INFO] Routing SW61 with D61
13:33:07: [INFO] Using internal autorouter method
13:33:07: [INFO] Routing pad 'SW61:2' at (207327500, 152082500) with pad 'D61:2' at (209867500, 159762500) using coordinate system rotated by 0 degree(s)
13:33:07: [INFO] Adding track segment (B.Cu): [(207327500, 152082500), (207327500, 157222500)]
13:33:07: [INFO] Adding track segment (B.Cu): [(207327500, 157222500), (209867500, 159762500)]
13:33:07: [INFO] Routing SW60 with D60
13:33:07: [INFO] Using internal autorouter method
13:33:07: [INFO] Routing pad 'SW60:2' at (169227500, 152082500) with pad 'D60:2' at (171767500, 159762500) using coordinate system rotated by 0 degree(s)
13:33:07: [INFO] Adding track segment (B.Cu): [(169227500, 152082500), (169227500, 157222500)]
13:33:07: [INFO] Adding track segment (B.Cu): [(169227500, 157222500), (171767500, 159762500)]
13:33:07: [INFO] Routing SW59 with D59
13:33:07: [INFO] Using internal autorouter method
13:33:07: [INFO] Routing pad 'SW59:2' at (131127500, 152082500) with pad 'D59:2' at (133667500, 159762500) using coordinate system rotated by 0 degree(s)
13:33:07: [INFO] Adding track segment (B.Cu): [(131127500, 152082500), (131127500, 157222500)]
13:33:07: [INFO] Adding track segment (B.Cu): [(131127500, 157222500), (133667500, 159762500)]
13:33:07: [INFO] Routing SW58 with D58
13:33:07: [INFO] Using internal autorouter method
13:33:07: [INFO] Routing pad 'SW58:2' at (352583750, 152082500) with pad 'D58:2' at (355123750, 159762500) using coordinate system rotated by 0 degree(s)
13:33:07: [INFO] Adding track segment (B.Cu): [(352583750, 152082500), (352583750, 157222500)]
13:33:07: [INFO] Adding track segment (B.Cu): [(352583750, 157222500), (355123750, 159762500)]
13:33:07: [INFO] Routing SW57 with D57
13:33:07: [INFO] Using internal autorouter method
13:33:07: [INFO] Routing pad 'SW57:2' at (302577500, 152082500) with pad 'D57:2' at (305117500, 159762500) using coordinate system rotated by 0 degree(s)
13:33:07: [INFO] Adding track segment (B.Cu): [(302577500, 152082500), (302577500, 157222500)]
13:33:07: [INFO] Adding track segment (B.Cu): [(302577500, 157222500), (305117500, 159762500)]
13:33:07: [INFO] Routing SW56 with D56
13:33:07: [INFO] Using internal autorouter method
13:33:07: [INFO] Routing pad 'SW56:2' at (264477500, 152082500) with pad 'D56:2' at (267017500, 159762500) using coordinate system rotated by 0 degree(s)
13:33:07: [INFO] Adding track segment (B.Cu): [(264477500, 152082500), (264477500, 157222500)]
13:33:07: [INFO] Adding track segment (B.Cu): [(264477500, 157222500), (267017500, 159762500)]
13:33:07: [INFO] Routing SW55 with D55
13:33:07: [INFO] Using internal autorouter method
13:33:07: [INFO] Routing pad 'SW55:2' at (226377500, 152082500) with pad 'D55:2' at (228917500, 159762500) using coordinate system rotated by 0 degree(s)
13:33:07: [INFO] Adding track segment (B.Cu): [(226377500, 152082500), (226377500, 157222500)]
13:33:07: [INFO] Adding track segment (B.Cu): [(226377500, 157222500), (228917500, 159762500)]
13:33:07: [INFO] Routing SW54 with D54
13:33:07: [INFO] Using internal autorouter method
13:33:07: [INFO] Routing pad 'SW54:2' at (188277500, 152082500) with pad 'D54:2' at (190817500, 159762500) using coordinate system rotated by 0 degree(s)
13:33:07: [INFO] Adding track segment (B.Cu): [(188277500, 152082500), (188277500, 157222500)]
13:33:07: [INFO] Adding track segment (B.Cu): [(188277500, 157222500), (190817500, 159762500)]
13:33:07: [INFO] Routing SW53 with D53
13:33:07: [INFO] Using internal autorouter method
13:33:07: [INFO] Routing pad 'SW53:2' at (150177500, 152082500) with pad 'D53:2' at (152717500, 159762500) using coordinate system rotated by 0 degree(s)
13:33:07: [INFO] Adding track segment (B.Cu): [(150177500, 152082500), (150177500, 157222500)]
13:33:07: [INFO] Adding track segment (B.Cu): [(150177500, 157222500), (152717500, 159762500)]
13:33:07: [INFO] Routing SW52 with D52
13:33:07: [INFO] Using internal autorouter method
13:33:07: [INFO] Routing pad 'SW52:2' at (104933750, 152082500) with pad 'D52:2' at (107473750, 159762500) using coordinate system rotated by 0 degree(s)
13:33:07: [INFO] Adding track segment (B.Cu): [(104933750, 152082500), (104933750, 157222500)]
13:33:07: [INFO] Adding track segment (B.Cu): [(104933750, 157222500), (107473750, 159762500)]
13:33:07: [INFO] Routing SW51 with D51
13:33:07: [INFO] Using internal autorouter method
13:33:07: [INFO] Routing pad 'SW51:2' at (388302500, 133032500) with pad 'D51:2' at (390842500, 140712500) using coordinate system rotated by 0 degree(s)
13:33:07: [INFO] Adding track segment (B.Cu): [(388302500, 133032500), (388302500, 138172500)]
13:33:07: [INFO] Adding track segment (B.Cu): [(388302500, 138172500), (390842500, 140712500)]
13:33:07: [INFO] Routing SW50a with D50
13:33:07: [INFO] Using internal autorouter method
13:33:07: [INFO] Routing pad 'SW50a:2' at (340677500, 152082500) with pad 'D50:2' at (362267500, 140712500) using coordinate system rotated by 0 degree(s)
13:33:07: [INFO] Adding track segment (B.Cu): [(340677500, 152082500), (352047500, 140712500)]
13:33:07: [INFO] Adding track segment (B.Cu): [(352047500, 140712500), (362267500, 140712500)]
13:33:07: [INFO] Routing SW50 with D50
13:33:07: [INFO] Using internal autorouter method
13:33:07: [INFO] Routing pad 'SW50:2' at (359727500, 133032500) with pad 'D50:2' at (362267500, 140712500) using coordinate system rotated by 0 degree(s)
13:33:07: [INFO] Adding track segment (B.Cu): [(359727500, 133032500), (359727500, 138172500)]
13:33:07: [INFO] Adding track segment (B.Cu): [(359727500, 138172500), (362267500, 140712500)]
13:33:07: [INFO] Routing SW49 with D49
13:33:07: [INFO] Using internal autorouter method
13:33:07: [INFO] Routing pad 'SW49:2' at (316865000, 133032500) with pad 'D49:2' at (319405000, 140712500) using coordinate system rotated by 0 degree(s)
13:33:07: [INFO] Adding track segment (B.Cu): [(316865000, 133032500), (316865000, 138172500)]
13:33:07: [INFO] Adding track segment (B.Cu): [(316865000, 138172500), (319405000, 140712500)]
13:33:07: [INFO] Routing SW48 with D48
13:33:07: [INFO] Using internal autorouter method
13:33:07: [INFO] Routing pad 'SW48:2' at (278765000, 133032500) with pad 'D48:2' at (281305000, 140712500) using coordinate system rotated by 0 degree(s)
13:33:07: [INFO] Adding track segment (B.Cu): [(278765000, 133032500), (278765000, 138172500)]
13:33:07: [INFO] Adding track segment (B.Cu): [(278765000, 138172500), (281305000, 140712500)]
13:33:07: [INFO] Routing SW47 with D47
13:33:07: [INFO] Using internal autorouter method
13:33:07: [INFO] Routing pad 'SW47:2' at (240665000, 133032500) with pad 'D47:2' at (243205000, 140712500) using coordinate system rotated by 0 degree(s)
13:33:07: [INFO] Adding track segment (B.Cu): [(240665000, 133032500), (240665000, 138172500)]
13:33:07: [INFO] Adding track segment (B.Cu): [(240665000, 138172500), (243205000, 140712500)]
13:33:07: [INFO] Routing SW46 with D46
13:33:07: [INFO] Using internal autorouter method
13:33:07: [INFO] Routing pad 'SW46:2' at (202565000, 133032500) with pad 'D46:2' at (205105000, 140712500) using coordinate system rotated by 0 degree(s)
13:33:07: [INFO] Adding track segment (B.Cu): [(202565000, 133032500), (202565000, 138172500)]
13:33:07: [INFO] Adding track segment (B.Cu): [(202565000, 138172500), (205105000, 140712500)]
13:33:07: [INFO] Routing SW45 with D45
13:33:07: [INFO] Using internal autorouter method
13:33:07: [INFO] Routing pad 'SW45:2' at (164465000, 133032500) with pad 'D45:2' at (167005000, 140712500) using coordinate system rotated by 0 degree(s)
13:33:07: [INFO] Adding track segment (B.Cu): [(164465000, 133032500), (164465000, 138172500)]
13:33:07: [INFO] Adding track segment (B.Cu): [(164465000, 138172500), (167005000, 140712500)]
13:33:07: [INFO] Routing SW44 with D44
13:33:07: [INFO] Using internal autorouter method
13:33:07: [INFO] Routing pad 'SW44:2' at (126365000, 133032500) with pad 'D44:2' at (128905000, 140712500) using coordinate system rotated by 0 degree(s)
13:33:07: [INFO] Adding track segment (B.Cu): [(126365000, 133032500), (126365000, 138172500)]
13:33:07: [INFO] Adding track segment (B.Cu): [(126365000, 138172500), (128905000, 140712500)]
13:33:07: [INFO] Routing SW43 with D43
13:33:07: [INFO] Using internal autorouter method
13:33:07: [INFO] Routing pad 'SW43:2' at (426402500, 133032500) with pad 'D43:2' at (428942500, 140712500) using coordinate system rotated by 0 degree(s)
13:33:07: [INFO] Adding track segment (B.Cu): [(426402500, 133032500), (426402500, 138172500)]
13:33:07: [INFO] Adding track segment (B.Cu): [(426402500, 138172500), (428942500, 140712500)]
13:33:07: [INFO] Routing SW42 with D42
13:33:07: [INFO] Using internal autorouter method
13:33:07: [INFO] Routing pad 'SW42:2' at (407352500, 133032500) with pad 'D42:2' at (409892500, 140712500) using coordinate system rotated by 0 degree(s)
13:33:07: [INFO] Adding track segment (B.Cu): [(407352500, 133032500), (407352500, 138172500)]
13:33:07: [INFO] Adding track segment (B.Cu): [(407352500, 138172500), (409892500, 140712500)]
13:33:07: [INFO] Routing SW41 with D41
13:33:07: [INFO] Using internal autorouter method
13:33:07: [INFO] Routing pad 'SW41:2' at (335915000, 133032500) with pad 'D41:2' at (338455000, 140712500) using coordinate system rotated by 0 degree(s)
13:33:07: [INFO] Adding track segment (B.Cu): [(335915000, 133032500), (335915000, 138172500)]
13:33:07: [INFO] Adding track segment (B.Cu): [(335915000, 138172500), (338455000, 140712500)]
13:33:07: [INFO] Routing SW40 with D40
13:33:07: [INFO] Using internal autorouter method
13:33:07: [INFO] Routing pad 'SW40:2' at (297815000, 133032500) with pad 'D40:2' at (300355000, 140712500) using coordinate system rotated by 0 degree(s)
13:33:08: [INFO] Adding track segment (B.Cu): [(297815000, 133032500), (297815000, 138172500)]
13:33:08: [INFO] Adding track segment (B.Cu): [(297815000, 138172500), (300355000, 140712500)]
13:33:08: [INFO] Routing SW39 with D39
13:33:08: [INFO] Using internal autorouter method
13:33:08: [INFO] Routing pad 'SW39:2' at (259715000, 133032500) with pad 'D39:2' at (262255000, 140712500) using coordinate system rotated by 0 degree(s)
13:33:08: [INFO] Adding track segment (B.Cu): [(259715000, 133032500), (259715000, 138172500)]
13:33:08: [INFO] Adding track segment (B.Cu): [(259715000, 138172500), (262255000, 140712500)]
13:33:08: [INFO] Routing SW38 with D38
13:33:08: [INFO] Using internal autorouter method
13:33:08: [INFO] Routing pad 'SW38:2' at (221615000, 133032500) with pad 'D38:2' at (224155000, 140712500) using coordinate system rotated by 0 degree(s)
13:33:08: [INFO] Adding track segment (B.Cu): [(221615000, 133032500), (221615000, 138172500)]
13:33:08: [INFO] Adding track segment (B.Cu): [(221615000, 138172500), (224155000, 140712500)]
13:33:08: [INFO] Routing SW37 with D37
13:33:08: [INFO] Using internal autorouter method
13:33:08: [INFO] Routing pad 'SW37:2' at (183515000, 133032500) with pad 'D37:2' at (186055000, 140712500) using coordinate system rotated by 0 degree(s)
13:33:08: [INFO] Adding track segment (B.Cu): [(183515000, 133032500), (183515000, 138172500)]
13:33:08: [INFO] Adding track segment (B.Cu): [(183515000, 138172500), (186055000, 140712500)]
13:33:08: [INFO] Routing SW36 with D36
13:33:08: [INFO] Using internal autorouter method
13:33:08: [INFO] Routing pad 'SW36:2' at (145415000, 133032500) with pad 'D36:2' at (147955000, 140712500) using coordinate system rotated by 0 degree(s)
13:33:08: [INFO] Adding track segment (B.Cu): [(145415000, 133032500), (145415000, 138172500)]
13:33:08: [INFO] Adding track segment (B.Cu): [(145415000, 138172500), (147955000, 140712500)]
13:33:08: [INFO] Routing SW35 with D35
13:33:08: [INFO] Using internal autorouter method
13:33:08: [INFO] Routing pad 'SW35:2' at (102552500, 133032500) with pad 'D35:2' at (105092500, 140712500) using coordinate system rotated by 0 degree(s)
13:33:08: [INFO] Adding track segment (B.Cu): [(102552500, 133032500), (102552500, 138172500)]
13:33:08: [INFO] Adding track segment (B.Cu): [(102552500, 138172500), (105092500, 140712500)]
13:33:08: [INFO] Routing SW34 with D34
13:33:08: [INFO] Using internal autorouter method
13:33:08: [INFO] Routing pad 'SW34:2' at (388302500, 113982500) with pad 'D34:2' at (390842500, 121662500) using coordinate system rotated by 0 degree(s)
13:33:08: [INFO] Adding track segment (B.Cu): [(388302500, 113982500), (388302500, 119122500)]
13:33:08: [INFO] Adding track segment (B.Cu): [(388302500, 119122500), (390842500, 121662500)]
13:33:08: [INFO] Routing SW33a with D33
13:33:08: [INFO] Using internal autorouter method
13:33:08: [INFO] Routing pad 'SW33a:2' at (345440000, 113982500) with pad 'D33:2' at (357505000, 121662500) using coordinate system rotated by 0 degree(s)
13:33:08: [INFO] Routing SW33 with D33
13:33:08: [INFO] Using internal autorouter method
13:33:08: [INFO] Routing pad 'SW33:2' at (354965000, 113982500) with pad 'D33:2' at (357505000, 121662500) using coordinate system rotated by 0 degree(s)
13:33:08: [INFO] Adding track segment (B.Cu): [(354965000, 113982500), (354965000, 119122500)]
13:33:08: [INFO] Adding track segment (B.Cu): [(354965000, 119122500), (357505000, 121662500)]
13:33:08: [INFO] Routing SW32 with D32
13:33:08: [INFO] Using internal autorouter method
13:33:08: [INFO] Routing pad 'SW32:2' at (307340000, 113982500) with pad 'D32:2' at (309880000, 121662500) using coordinate system rotated by 0 degree(s)
13:33:08: [INFO] Adding track segment (B.Cu): [(307340000, 113982500), (307340000, 119122500)]
13:33:08: [INFO] Adding track segment (B.Cu): [(307340000, 119122500), (309880000, 121662500)]
13:33:08: [INFO] Routing SW31 with D31
13:33:08: [INFO] Using internal autorouter method
13:33:08: [INFO] Routing pad 'SW31:2' at (269240000, 113982500) with pad 'D31:2' at (271780000, 121662500) using coordinate system rotated by 0 degree(s)
13:33:08: [INFO] Adding track segment (B.Cu): [(269240000, 113982500), (269240000, 119122500)]
13:33:08: [INFO] Adding track segment (B.Cu): [(269240000, 119122500), (271780000, 121662500)]
13:33:08: [INFO] Routing SW30 with D30
13:33:08: [INFO] Using internal autorouter method
13:33:08: [INFO] Routing pad 'SW30:2' at (231140000, 113982500) with pad 'D30:2' at (233680000, 121662500) using coordinate system rotated by 0 degree(s)
13:33:08: [INFO] Adding track segment (B.Cu): [(231140000, 113982500), (231140000, 119122500)]
13:33:08: [INFO] Adding track segment (B.Cu): [(231140000, 119122500), (233680000, 121662500)]
13:33:08: [INFO] Routing SW29 with D29
13:33:08: [INFO] Using internal autorouter method
13:33:08: [INFO] Routing pad 'SW29:2' at (193040000, 113982500) with pad 'D29:2' at (195580000, 121662500) using coordinate system rotated by 0 degree(s)
13:33:08: [INFO] Adding track segment (B.Cu): [(193040000, 113982500), (193040000, 119122500)]
13:33:08: [INFO] Adding track segment (B.Cu): [(193040000, 119122500), (195580000, 121662500)]
13:33:08: [INFO] Routing SW28 with D28
13:33:08: [INFO] Using internal autorouter method
13:33:08: [INFO] Routing pad 'SW28:2' at (154940000, 113982500) with pad 'D28:2' at (157480000, 121662500) using coordinate system rotated by 0 degree(s)
13:33:08: [INFO] Adding track segment (B.Cu): [(154940000, 113982500), (154940000, 119122500)]
13:33:08: [INFO] Adding track segment (B.Cu): [(154940000, 119122500), (157480000, 121662500)]
13:33:08: [INFO] Routing SW27 with D27
13:33:08: [INFO] Using internal autorouter method
13:33:08: [INFO] Routing pad 'SW27:2' at (116840000, 113982500) with pad 'D27:2' at (119380000, 121662500) using coordinate system rotated by 0 degree(s)
13:33:08: [INFO] Adding track segment (B.Cu): [(116840000, 113982500), (116840000, 119122500)]
13:33:08: [INFO] Adding track segment (B.Cu): [(116840000, 119122500), (119380000, 121662500)]
13:33:08: [INFO] Routing SW26 with D26
13:33:08: [INFO] Using internal autorouter method
13:33:08: [INFO] Routing pad 'SW26:2' at (426402500, 113982500) with pad 'D26:2' at (428942500, 121662500) using coordinate system rotated by 0 degree(s)
13:33:08: [INFO] Adding track segment (B.Cu): [(426402500, 113982500), (426402500, 119122500)]
13:33:08: [INFO] Adding track segment (B.Cu): [(426402500, 119122500), (428942500, 121662500)]
13:33:08: [INFO] Routing SW25 with D25
13:33:08: [INFO] Using internal autorouter method
13:33:08: [INFO] Routing pad 'SW25:2' at (407352500, 113982500) with pad 'D25:2' at (409892500, 121662500) using coordinate system rotated by 0 degree(s)
13:33:08: [INFO] Adding track segment (B.Cu): [(407352500, 113982500), (407352500, 119122500)]
13:33:08: [INFO] Adding track segment (B.Cu): [(407352500, 119122500), (409892500, 121662500)]
13:33:08: [INFO] Routing SW24 with D24
13:33:08: [INFO] Using internal autorouter method
13:33:08: [INFO] Routing pad 'SW24:2' at (326390000, 113982500) with pad 'D24:2' at (328930000, 121662500) using coordinate system rotated by 0 degree(s)
13:33:08: [INFO] Adding track segment (B.Cu): [(326390000, 113982500), (326390000, 119122500)]
13:33:08: [INFO] Adding track segment (B.Cu): [(326390000, 119122500), (328930000, 121662500)]
13:33:08: [INFO] Routing SW23 with D23
13:33:08: [INFO] Using internal autorouter method
13:33:08: [INFO] Routing pad 'SW23:2' at (288290000, 113982500) with pad 'D23:2' at (290830000, 121662500) using coordinate system rotated by 0 degree(s)
13:33:08: [INFO] Adding track segment (B.Cu): [(288290000, 113982500), (288290000, 119122500)]
13:33:08: [INFO] Adding track segment (B.Cu): [(288290000, 119122500), (290830000, 121662500)]
13:33:08: [INFO] Routing SW22 with D22
13:33:08: [INFO] Using internal autorouter method
13:33:08: [INFO] Routing pad 'SW22:2' at (250190000, 113982500) with pad 'D22:2' at (252730000, 121662500) using coordinate system rotated by 0 degree(s)
13:33:08: [INFO] Adding track segment (B.Cu): [(250190000, 113982500), (250190000, 119122500)]
13:33:08: [INFO] Adding track segment (B.Cu): [(250190000, 119122500), (252730000, 121662500)]
13:33:08: [INFO] Routing SW21 with D21
13:33:08: [INFO] Using internal autorouter method
13:33:08: [INFO] Routing pad 'SW21:2' at (212090000, 113982500) with pad 'D21:2' at (214630000, 121662500) using coordinate system rotated by 0 degree(s)
13:33:08: [INFO] Adding track segment (B.Cu): [(212090000, 113982500), (212090000, 119122500)]
13:33:08: [INFO] Adding track segment (B.Cu): [(212090000, 119122500), (214630000, 121662500)]
13:33:08: [INFO] Routing SW20 with D20
13:33:08: [INFO] Using internal autorouter method
13:33:08: [INFO] Routing pad 'SW20:2' at (173990000, 113982500) with pad 'D20:2' at (176530000, 121662500) using coordinate system rotated by 0 degree(s)
13:33:08: [INFO] Adding track segment (B.Cu): [(173990000, 113982500), (173990000, 119122500)]
13:33:08: [INFO] Adding track segment (B.Cu): [(173990000, 119122500), (176530000, 121662500)]
13:33:08: [INFO] Routing SW19 with D19
13:33:08: [INFO] Using internal autorouter method
13:33:08: [INFO] Routing pad 'SW19:2' at (135890000, 113982500) with pad 'D19:2' at (138430000, 121662500) using coordinate system rotated by 0 degree(s)
13:33:08: [INFO] Adding track segment (B.Cu): [(135890000, 113982500), (135890000, 119122500)]
13:33:08: [INFO] Adding track segment (B.Cu): [(135890000, 119122500), (138430000, 121662500)]
13:33:08: [INFO] Routing SW18 with D18
13:33:08: [INFO] Using internal autorouter method
13:33:08: [INFO] Routing pad 'SW18:2' at (97790000, 113982500) with pad 'D18:2' at (100330000, 121662500) using coordinate system rotated by 0 degree(s)
13:33:08: [INFO] Adding track segment (B.Cu): [(97790000, 113982500), (97790000, 119122500)]
13:33:08: [INFO] Adding track segment (B.Cu): [(97790000, 119122500), (100330000, 121662500)]
13:33:08: [INFO] Routing SW17 with D17
13:33:08: [INFO] Using internal autorouter method
13:33:08: [INFO] Routing pad 'SW17:2' at (388302500, 90170000) with pad 'D17:2' at (390842500, 97850000) using coordinate system rotated by 0 degree(s)
13:33:08: [INFO] Adding track segment (B.Cu): [(388302500, 90170000), (388302500, 95310000)]
13:33:08: [INFO] Adding track segment (B.Cu): [(388302500, 95310000), (390842500, 97850000)]
13:33:08: [INFO] Routing SW16 with D16
13:33:08: [INFO] Using internal autorouter method
13:33:08: [INFO] Routing pad 'SW16:2' at (364490000, 90170000) with pad 'D16:2' at (367030000, 97850000) using coordinate system rotated by 0 degree(s)
13:33:08: [INFO] Adding track segment (B.Cu): [(364490000, 90170000), (364490000, 95310000)]
13:33:08: [INFO] Adding track segment (B.Cu): [(364490000, 95310000), (367030000, 97850000)]
13:33:08: [INFO] Routing SW15a with D15
13:33:08: [INFO] Using internal autorouter method
13:33:08: [INFO] Routing pad 'SW15a:2' at (326390000, 90170000) with pad 'D15:2' at (324167500, 97850000) using coordinate system rotated by 0 degree(s)
13:33:08: [INFO] Routing SW15 with D15
13:33:08: [INFO] Using internal autorouter method
13:33:08: [INFO] Routing pad 'SW15:2' at (321627500, 90170000) with pad 'D15:2' at (324167500, 97850000) using coordinate system rotated by 0 degree(s)
13:33:08: [INFO] Routing SW14a with D14
13:33:08: [INFO] Using internal autorouter method
13:33:08: [INFO] Routing pad 'SW14a:2' at (278765000, 90170000) with pad 'D14:2' at (286067500, 97850000) using coordinate system rotated by 0 degree(s)
13:33:08: [INFO] Routing SW14 with D14
13:33:08: [INFO] Using internal autorouter method
13:33:08: [INFO] Routing pad 'SW14:2' at (283527500, 90170000) with pad 'D14:2' at (286067500, 97850000) using coordinate system rotated by 0 degree(s)
13:33:08: [INFO] Adding track segment (B.Cu): [(283527500, 90170000), (283527500, 95310000)]
13:33:08: [INFO] Adding track segment (B.Cu): [(283527500, 95310000), (286067500, 97850000)]
13:33:08: [INFO] Routing SW13 with D13
13:33:08: [INFO] Using internal autorouter method
13:33:08: [INFO] Routing pad 'SW13:2' at (240665000, 90170000) with pad 'D13:2' at (243205000, 97850000) using coordinate system rotated by 0 degree(s)
13:33:08: [INFO] Adding track segment (B.Cu): [(240665000, 90170000), (240665000, 95310000)]
13:33:08: [INFO] Adding track segment (B.Cu): [(240665000, 95310000), (243205000, 97850000)]
13:33:08: [INFO] Routing SW12a with D12
13:33:08: [INFO] Using internal autorouter method
13:33:08: [INFO] Routing pad 'SW12a:2' at (193040000, 90170000) with pad 'D12:2' at (205105000, 97850000) using coordinate system rotated by 0 degree(s)
13:33:08: [INFO] Routing SW12 with D12
13:33:08: [INFO] Using internal autorouter method
13:33:08: [INFO] Routing pad 'SW12:2' at (202565000, 90170000) with pad 'D12:2' at (205105000, 97850000) using coordinate system rotated by 0 degree(s)
13:33:08: [INFO] Adding track segment (B.Cu): [(202565000, 90170000), (202565000, 95310000)]
13:33:08: [INFO] Adding track segment (B.Cu): [(202565000, 95310000), (205105000, 97850000)]
13:33:08: [INFO] Routing SW11a with D11
13:33:08: [INFO] Using internal autorouter method
13:33:08: [INFO] Routing pad 'SW11a:2' at (154940000, 90170000) with pad 'D11:2' at (162242500, 97850000) using coordinate system rotated by 0 degree(s)
13:33:08: [INFO] Routing SW11 with D11
13:33:08: [INFO] Using internal autorouter method
13:33:08: [INFO] Routing pad 'SW11:2' at (159702500, 90170000) with pad 'D11:2' at (162242500, 97850000) using coordinate system rotated by 0 degree(s)
13:33:08: [INFO] Adding track segment (B.Cu): [(159702500, 90170000), (159702500, 95310000)]
13:33:08: [INFO] Adding track segment (B.Cu): [(159702500, 95310000), (162242500, 97850000)]
13:33:08: [INFO] Routing SW10 with D10
13:33:08: [INFO] Using internal autorouter method
13:33:08: [INFO] Routing pad 'SW10:2' at (121602500, 90170000) with pad 'D10:2' at (124142500, 97850000) using coordinate system rotated by 0 degree(s)
13:33:08: [INFO] Adding track segment (B.Cu): [(121602500, 90170000), (121602500, 95310000)]
13:33:08: [INFO] Adding track segment (B.Cu): [(121602500, 95310000), (124142500, 97850000)]
13:33:08: [INFO] Routing SW9 with D9
13:33:08: [INFO] Using internal autorouter method
13:33:08: [INFO] Routing pad 'SW9:2' at (426402500, 90170000) with pad 'D9:2' at (428942500, 97850000) using coordinate system rotated by 0 degree(s)
13:33:08: [INFO] Adding track segment (B.Cu): [(426402500, 90170000), (426402500, 95310000)]
13:33:08: [INFO] Adding track segment (B.Cu): [(426402500, 95310000), (428942500, 97850000)]
13:33:08: [INFO] Routing SW8 with D8
13:33:08: [INFO] Using internal autorouter method
13:33:08: [INFO] Routing pad 'SW8:2' at (407352500, 90170000) with pad 'D8:2' at (409892500, 97850000) using coordinate system rotated by 0 degree(s)
13:33:08: [INFO] Adding track segment (B.Cu): [(407352500, 90170000), (407352500, 95310000)]
13:33:08: [INFO] Adding track segment (B.Cu): [(407352500, 95310000), (409892500, 97850000)]
13:33:08: [INFO] Routing SW7a with D7
13:33:08: [INFO] Using internal autorouter method
13:33:08: [INFO] Routing pad 'SW7a:2' at (345440000, 90170000) with pad 'D7:2' at (343217500, 97850000) using coordinate system rotated by 0 degree(s)
13:33:08: [INFO] Routing SW7 with D7
13:33:08: [INFO] Using internal autorouter method
13:33:08: [INFO] Routing pad 'SW7:2' at (340677500, 90170000) with pad 'D7:2' at (343217500, 97850000) using coordinate system rotated by 0 degree(s)
13:33:08: [INFO] Routing SW6a with D6
13:33:08: [INFO] Using internal autorouter method
13:33:08: [INFO] Routing pad 'SW6a:2' at (307340000, 90170000) with pad 'D6:2' at (305117500, 97850000) using coordinate system rotated by 0 degree(s)
13:33:08: [INFO] Routing SW6 with D6
13:33:08: [INFO] Using internal autorouter method
13:33:08: [INFO] Routing pad 'SW6:2' at (302577500, 90170000) with pad 'D6:2' at (305117500, 97850000) using coordinate system rotated by 0 degree(s)
13:33:08: [INFO] Routing SW5 with D5
13:33:08: [INFO] Using internal autorouter method
13:33:08: [INFO] Routing pad 'SW5:2' at (259715000, 90170000) with pad 'D5:2' at (262255000, 97850000) using coordinate system rotated by 0 degree(s)
13:33:09: [INFO] Adding track segment (B.Cu): [(259715000, 90170000), (259715000, 95310000)]
13:33:09: [INFO] Adding track segment (B.Cu): [(259715000, 95310000), (262255000, 97850000)]
13:33:09: [INFO] Routing SW4 with D4
13:33:09: [INFO] Using internal autorouter method
13:33:09: [INFO] Routing pad 'SW4:2' at (221615000, 90170000) with pad 'D4:2' at (224155000, 97850000) using coordinate system rotated by 0 degree(s)
13:33:09: [INFO] Adding track segment (B.Cu): [(221615000, 90170000), (221615000, 95310000)]
13:33:09: [INFO] Adding track segment (B.Cu): [(221615000, 95310000), (224155000, 97850000)]
13:33:09: [INFO] Routing SW3a with D3
13:33:09: [INFO] Using internal autorouter method
13:33:09: [INFO] Routing pad 'SW3a:2' at (173990000, 90170000) with pad 'D3:2' at (181292500, 97850000) using coordinate system rotated by 0 degree(s)
13:33:09: [INFO] Routing SW3 with D3
13:33:09: [INFO] Using internal autorouter method
13:33:09: [INFO] Routing pad 'SW3:2' at (178752500, 90170000) with pad 'D3:2' at (181292500, 97850000) using coordinate system rotated by 0 degree(s)
13:33:09: [INFO] Adding track segment (B.Cu): [(178752500, 90170000), (178752500, 95310000)]
13:33:09: [INFO] Adding track segment (B.Cu): [(178752500, 95310000), (181292500, 97850000)]
13:33:09: [INFO] Routing SW2a with D2
13:33:09: [INFO] Using internal autorouter method
13:33:09: [INFO] Routing pad 'SW2a:2' at (135890000, 90170000) with pad 'D2:2' at (143192500, 97850000) using coordinate system rotated by 0 degree(s)
13:33:09: [INFO] Routing SW2 with D2
13:33:09: [INFO] Using internal autorouter method
13:33:09: [INFO] Routing pad 'SW2:2' at (140652500, 90170000) with pad 'D2:2' at (143192500, 97850000) using coordinate system rotated by 0 degree(s)
13:33:09: [INFO] Adding track segment (B.Cu): [(140652500, 90170000), (140652500, 95310000)]
13:33:09: [INFO] Adding track segment (B.Cu): [(140652500, 95310000), (143192500, 97850000)]
13:33:09: [INFO] Routing SW1 with D1
13:33:09: [INFO] Using internal autorouter method
13:33:09: [INFO] Routing pad 'SW1:2' at (97790000, 90170000) with pad 'D1:2' at (100330000, 97850000) using coordinate system rotated by 0 degree(s)
13:33:09: [INFO] Adding track segment (B.Cu): [(97790000, 90170000), (97790000, 95310000)]
13:33:09: [INFO] Adding track segment (B.Cu): [(97790000, 95310000), (100330000, 97850000)]
13:33:09: [INFO] Routing ROW1 pads
13:33:09: [INFO] Routing pad 'D10:1' at (124142500, 100650000) with pad 'D11:1' at (162242500, 100650000) using coordinate system rotated by 0 degree(s)
13:33:09: [INFO] Adding track segment (B.Cu): [(124142500, 100650000), (162242500, 100650000)]
13:33:09: [INFO] Could not add track segment due to detected collision
13:33:09: [INFO] Routing pad 'D11:1' at (162242500, 100650000) with pad 'D12:1' at (205105000, 100650000) using coordinate system rotated by 0 degree(s)
13:33:09: [INFO] Adding track segment (B.Cu): [(162242500, 100650000), (205105000, 100650000)]
13:33:09: [INFO] Could not add track segment due to detected collision
13:33:09: [INFO] Routing pad 'D12:1' at (205105000, 100650000) with pad 'D13:1' at (243205000, 100650000) using coordinate system rotated by 0 degree(s)
13:33:09: [INFO] Adding track segment (B.Cu): [(205105000, 100650000), (243205000, 100650000)]
13:33:09: [INFO] Could not add track segment due to detected collision
13:33:09: [INFO] Routing pad 'D13:1' at (243205000, 100650000) with pad 'D14:1' at (286067500, 100650000) using coordinate system rotated by 0 degree(s)
13:33:09: [INFO] Adding track segment (B.Cu): [(243205000, 100650000), (286067500, 100650000)]
13:33:09: [INFO] Could not add track segment due to detected collision
13:33:09: [INFO] Routing pad 'D14:1' at (286067500, 100650000) with pad 'D15:1' at (324167500, 100650000) using coordinate system rotated by 0 degree(s)
13:33:09: [INFO] Adding track segment (B.Cu): [(286067500, 100650000), (324167500, 100650000)]
13:33:09: [INFO] Could not add track segment due to detected collision
13:33:09: [INFO] Routing pad 'D15:1' at (324167500, 100650000) with pad 'D16:1' at (367030000, 100650000) using coordinate system rotated by 0 degree(s)
13:33:09: [INFO] Adding track segment (B.Cu): [(324167500, 100650000), (367030000, 100650000)]
13:33:09: [INFO] Could not add track segment due to detected collision
13:33:09: [INFO] Routing pad 'D16:1' at (367030000, 100650000) with pad 'D17:1' at (390842500, 100650000) using coordinate system rotated by 0 degree(s)
13:33:09: [INFO] Adding track segment (B.Cu): [(367030000, 100650000), (390842500, 100650000)]
13:33:09: [INFO] Routing COL7 pads
13:33:09: [INFO] Routing pad 'SW17:1' at (381952500, 92710000) with pad 'SW34:1' at (381952500, 116522500) using coordinate system rotated by 0 degree(s)
13:33:09: [INFO] Adding track segment (F.Cu): [(381952500, 92710000), (381952500, 116522500)]
13:33:09: [INFO] Routing pad 'SW34:1' at (381952500, 116522500) with pad 'SW51:1' at (381952500, 135572500) using coordinate system rotated by 0 degree(s)
13:33:09: [INFO] Adding track segment (F.Cu): [(381952500, 116522500), (381952500, 135572500)]
13:33:09: [INFO] Routing pad 'SW85:1' at (401002500, 192722500) with pad 'SW91:1' at (381952500, 192722500) using coordinate system rotated by 0 degree(s)
13:33:09: [INFO] Adding track segment (F.Cu): [(401002500, 192722500), (381952500, 192722500)]
13:33:09: [INFO] Routing pad 'SW17:1' at (381952500, 92710000) with pad 'SW8:1' at (401002500, 92710000) using coordinate system rotated by 0 degree(s)
13:33:09: [INFO] Adding track segment (F.Cu): [(381952500, 92710000), (401002500, 92710000)]
13:33:09: [INFO] Routing pad 'SW34:1' at (381952500, 116522500) with pad 'SW25:1' at (401002500, 116522500) using coordinate system rotated by 0 degree(s)
13:33:09: [INFO] Adding track segment (F.Cu): [(381952500, 116522500), (401002500, 116522500)]
13:33:09: [INFO] Routing pad 'SW51:1' at (381952500, 135572500) with pad 'SW42:1' at (401002500, 135572500) using coordinate system rotated by 0 degree(s)
13:33:09: [INFO] Adding track segment (F.Cu): [(381952500, 135572500), (401002500, 135572500)]
13:33:09: [INFO] Routing pad 'SW42:1' at (401002500, 135572500) with pad 'SW80:1' at (401002500, 173672500) using coordinate system rotated by 0 degree(s)
13:33:09: [INFO] Adding track segment (F.Cu): [(401002500, 135572500), (401002500, 173672500)]
13:33:09: [INFO] Routing pad 'SW80:1' at (401002500, 173672500) with pad 'SW85:1' at (401002500, 192722500) using coordinate system rotated by 0 degree(s)
13:33:09: [INFO] Adding track segment (F.Cu): [(401002500, 173672500), (401002500, 192722500)]
13:33:09: [INFO] Routing ROW11 pads
13:33:09: [INFO] Routing pad 'D87:1' at (128905000, 200662500) with pad 'D88:1' at (233680000, 200662500) using coordinate system rotated by 0 degree(s)
13:33:09: [INFO] Adding track segment (B.Cu): [(128905000, 200662500), (233680000, 200662500)]
13:33:09: [INFO] Could not add track segment due to detected collision
13:33:09: [INFO] Routing pad 'D88:1' at (233680000, 200662500) with pad 'D89:1' at (314642500, 200662500) using coordinate system rotated by 0 degree(s)
13:33:09: [INFO] Adding track segment (B.Cu): [(233680000, 200662500), (314642500, 200662500)]
13:33:09: [INFO] Could not add track segment due to detected collision
13:33:09: [INFO] Routing pad 'D89:1' at (314642500, 200662500) with pad 'D90:1' at (362267500, 200662500) using coordinate system rotated by 0 degree(s)
13:33:09: [INFO] Adding track segment (B.Cu): [(314642500, 200662500), (362267500, 200662500)]
13:33:09: [INFO] Could not add track segment due to detected collision
13:33:09: [INFO] Routing pad 'D90:1' at (362267500, 200662500) with pad 'D91:1' at (390842500, 200662500) using coordinate system rotated by 0 degree(s)
13:33:09: [INFO] Adding track segment (B.Cu): [(362267500, 200662500), (390842500, 200662500)]
13:33:09: [INFO] Routing COL1 pads
13:33:09: [INFO] Routing pad 'SW2a:1' at (129540000, 92710000) with pad 'SW19:1' at (129540000, 116522500) using coordinate system rotated by 0 degree(s)
13:33:09: [INFO] Adding track segment (F.Cu): [(129540000, 92710000), (129540000, 116522500)]
13:33:09: [INFO] Routing pad 'SW2a:1' at (129540000, 92710000) with pad 'SW2:1' at (134302500, 92710000) using coordinate system rotated by 0 degree(s)
13:33:09: [INFO] Adding track segment (F.Cu): [(129540000, 92710000), (134302500, 92710000)]
13:33:09: [INFO] Routing pad 'SW53:1' at (143827500, 154622500) with pad 'SW67:1' at (134302500, 173672500) using coordinate system rotated by 0 degree(s)
13:33:09: [INFO] Adding track segment (F.Cu): [(143827500, 154622500), (143827500, 164147500)]
13:33:09: [INFO] Adding track segment (F.Cu): [(143827500, 164147500), (134302500, 173672500)]
13:33:09: [INFO] Routing pad 'SW19:1' at (129540000, 116522500) with pad 'SW36:1' at (139065000, 135572500) using coordinate system rotated by 0 degree(s)
13:33:09: [INFO] Adding track segment (F.Cu): [(129540000, 116522500), (129540000, 126047500)]
13:33:09: [INFO] Adding track segment (F.Cu): [(129540000, 126047500), (139065000, 135572500)]
13:33:09: [INFO] Routing pad 'SW67:1' at (134302500, 173672500) with pad 'SW82a:1' at (141446250, 192722500) using coordinate system rotated by 0 degree(s)
13:33:09: [INFO] Adding track segment (F.Cu): [(134302500, 173672500), (134302500, 185578750)]
13:33:09: [INFO] Adding track segment (F.Cu): [(134302500, 185578750), (141446250, 192722500)]
13:33:09: [INFO] Routing pad 'SW36:1' at (139065000, 135572500) with pad 'SW53:1' at (143827500, 154622500) using coordinate system rotated by 0 degree(s)
13:33:09: [INFO] Adding track segment (F.Cu): [(139065000, 135572500), (139065000, 149860000)]
13:33:09: [INFO] Adding track segment (F.Cu): [(139065000, 149860000), (143827500, 154622500)]
13:33:09: [INFO] Routing pad 'SW82a:1' at (141446250, 192722500) with pad 'SW82:1' at (143827500, 192722500) using coordinate system rotated by 0 degree(s)
13:33:09: [INFO] Adding track segment (F.Cu): [(141446250, 192722500), (143827500, 192722500)]
13:33:09: [INFO] Routing pad 'SW2:1' at (134302500, 92710000) with pad 'SW11a:1' at (148590000, 92710000) using coordinate system rotated by 0 degree(s)
13:33:09: [INFO] Adding track segment (F.Cu): [(134302500, 92710000), (148590000, 92710000)]
13:33:09: [INFO] Routing pad 'SW19:1' at (129540000, 116522500) with pad 'SW28:1' at (148590000, 116522500) using coordinate system rotated by 0 degree(s)
13:33:09: [INFO] Adding track segment (F.Cu): [(129540000, 116522500), (148590000, 116522500)]
13:33:09: [INFO] Routing pad 'SW11a:1' at (148590000, 92710000) with pad 'SW11:1' at (153352500, 92710000) using coordinate system rotated by 0 degree(s)
13:33:09: [INFO] Adding track segment (F.Cu): [(148590000, 92710000), (153352500, 92710000)]
13:33:09: [INFO] Routing pad 'SW67:1' at (134302500, 173672500) with pad 'SW74:1' at (153352500, 173672500) using coordinate system rotated by 0 degree(s)
13:33:09: [INFO] Adding track segment (F.Cu): [(134302500, 173672500), (153352500, 173672500)]
13:33:09: [INFO] Routing pad 'SW36:1' at (139065000, 135572500) with pad 'SW45:1' at (158115000, 135572500) using coordinate system rotated by 0 degree(s)
13:33:09: [INFO] Adding track segment (F.Cu): [(139065000, 135572500), (158115000, 135572500)]
13:33:09: [INFO] Routing pad 'SW53:1' at (143827500, 154622500) with pad 'SW60:1' at (162877500, 154622500) using coordinate system rotated by 0 degree(s)
13:33:09: [INFO] Adding track segment (F.Cu): [(143827500, 154622500), (162877500, 154622500)]
13:33:09: [INFO] Routing ROW6 pads
13:33:09: [INFO] Routing pad 'D52:1' at (107473750, 162562500) with pad 'D53:1' at (152717500, 162562500) using coordinate system rotated by 0 degree(s)
13:33:09: [INFO] Adding track segment (B.Cu): [(107473750, 162562500), (152717500, 162562500)]
13:33:09: [INFO] Could not add track segment due to detected collision
13:33:09: [INFO] Routing pad 'D53:1' at (152717500, 162562500) with pad 'D54:1' at (190817500, 162562500) using coordinate system rotated by 0 degree(s)
13:33:09: [INFO] Adding track segment (B.Cu): [(152717500, 162562500), (190817500, 162562500)]
13:33:09: [INFO] Could not add track segment due to detected collision
13:33:09: [INFO] Routing pad 'D54:1' at (190817500, 162562500) with pad 'D55:1' at (228917500, 162562500) using coordinate system rotated by 0 degree(s)
13:33:09: [INFO] Adding track segment (B.Cu): [(190817500, 162562500), (228917500, 162562500)]
13:33:09: [INFO] Could not add track segment due to detected collision
13:33:09: [INFO] Routing pad 'D55:1' at (228917500, 162562500) with pad 'D56:1' at (267017500, 162562500) using coordinate system rotated by 0 degree(s)
13:33:09: [INFO] Adding track segment (B.Cu): [(228917500, 162562500), (267017500, 162562500)]
13:33:09: [INFO] Could not add track segment due to detected collision
13:33:09: [INFO] Routing pad 'D56:1' at (267017500, 162562500) with pad 'D57:1' at (305117500, 162562500) using coordinate system rotated by 0 degree(s)
13:33:09: [INFO] Adding track segment (B.Cu): [(267017500, 162562500), (305117500, 162562500)]
13:33:09: [INFO] Could not add track segment due to detected collision
13:33:09: [INFO] Routing pad 'D57:1' at (305117500, 162562500) with pad 'D58:1' at (355123750, 162562500) using coordinate system rotated by 0 degree(s)
13:33:09: [INFO] Adding track segment (B.Cu): [(305117500, 162562500), (355123750, 162562500)]
13:33:09: [INFO] Could not add track segment due to detected collision
13:33:09: [INFO] Routing ROW2 pads
13:33:09: [INFO] Routing pad 'D18:1' at (100330000, 124462500) with pad 'D19:1' at (138430000, 124462500) using coordinate system rotated by 0 degree(s)
13:33:09: [INFO] Adding track segment (B.Cu): [(100330000, 124462500), (138430000, 124462500)]
13:33:09: [INFO] Could not add track segment due to detected collision
13:33:09: [INFO] Routing pad 'D19:1' at (138430000, 124462500) with pad 'D20:1' at (176530000, 124462500) using coordinate system rotated by 0 degree(s)
13:33:09: [INFO] Adding track segment (B.Cu): [(138430000, 124462500), (176530000, 124462500)]
13:33:09: [INFO] Could not add track segment due to detected collision
13:33:09: [INFO] Routing pad 'D20:1' at (176530000, 124462500) with pad 'D21:1' at (214630000, 124462500) using coordinate system rotated by 0 degree(s)
13:33:09: [INFO] Adding track segment (B.Cu): [(176530000, 124462500), (214630000, 124462500)]
13:33:09: [INFO] Could not add track segment due to detected collision
13:33:09: [INFO] Routing pad 'D21:1' at (214630000, 124462500) with pad 'D22:1' at (252730000, 124462500) using coordinate system rotated by 0 degree(s)
13:33:09: [INFO] Adding track segment (B.Cu): [(214630000, 124462500), (252730000, 124462500)]
13:33:09: [INFO] Could not add track segment due to detected collision
13:33:09: [INFO] Routing pad 'D22:1' at (252730000, 124462500) with pad 'D23:1' at (290830000, 124462500) using coordinate system rotated by 0 degree(s)
13:33:09: [INFO] Adding track segment (B.Cu): [(252730000, 124462500), (290830000, 124462500)]
13:33:09: [INFO] Could not add track segment due to detected collision
13:33:09: [INFO] Routing pad 'D23:1' at (290830000, 124462500) with pad 'D24:1' at (328930000, 124462500) using coordinate system rotated by 0 degree(s)
13:33:09: [INFO] Adding track segment (B.Cu): [(290830000, 124462500), (328930000, 124462500)]
13:33:09: [INFO] Could not add track segment due to detected collision
13:33:09: [INFO] Routing pad 'D24:1' at (328930000, 124462500) with pad 'D25:1' at (409892500, 124462500) using coordinate system rotated by 0 degree(s)
13:33:09: [INFO] Adding track segment (B.Cu): [(328930000, 124462500), (409892500, 124462500)]
13:33:09: [INFO] Could not add track segment due to detected collision
13:33:09: [INFO] Routing pad 'D25:1' at (409892500, 124462500) with pad 'D26:1' at (428942500, 124462500) using coordinate system rotated by 0 degree(s)
13:33:09: [INFO] Adding track segment (B.Cu): [(409892500, 124462500), (428942500, 124462500)]
13:33:09: [INFO] Routing COL8 pads
13:33:09: [INFO] Routing pad 'SW9:1' at (420052500, 92710000) with pad 'SW26:1' at (420052500, 116522500) using coordinate system rotated by 0 degree(s)
13:33:09: [INFO] Adding track segment (F.Cu): [(420052500, 92710000), (420052500, 116522500)]
13:33:09: [INFO] Routing pad 'SW26:1' at (420052500, 116522500) with pad 'SW43:1' at (420052500, 135572500) using coordinate system rotated by 0 degree(s)
13:33:09: [INFO] Adding track segment (F.Cu): [(420052500, 116522500), (420052500, 135572500)]
13:33:09: [INFO] Routing pad 'SW43:1' at (420052500, 135572500) with pad 'SW86:1' at (420052500, 192722500) using coordinate system rotated by 0 degree(s)
13:33:09: [INFO] Adding track segment (F.Cu): [(420052500, 135572500), (420052500, 192722500)]
13:33:09: [INFO] Routing ROW9 pads
13:33:09: [INFO] Routing pad 'D73:1' at (124142500, 181612500) with pad 'D74:1' at (162242500, 181612500) using coordinate system rotated by 0 degree(s)
13:33:09: [INFO] Adding track segment (B.Cu): [(124142500, 181612500), (162242500, 181612500)]
13:33:09: [INFO] Could not add track segment due to detected collision
13:33:09: [INFO] Routing pad 'D74:1' at (162242500, 181612500) with pad 'D75:1' at (200342500, 181612500) using coordinate system rotated by 0 degree(s)
13:33:09: [INFO] Adding track segment (B.Cu): [(162242500, 181612500), (200342500, 181612500)]
13:33:09: [INFO] Could not add track segment due to detected collision
13:33:09: [INFO] Routing pad 'D75:1' at (200342500, 181612500) with pad 'D76:1' at (238442500, 181612500) using coordinate system rotated by 0 degree(s)
13:33:09: [INFO] Adding track segment (B.Cu): [(200342500, 181612500), (238442500, 181612500)]
13:33:09: [INFO] Could not add track segment due to detected collision
13:33:09: [INFO] Routing pad 'D76:1' at (238442500, 181612500) with pad 'D77:1' at (276542500, 181612500) using coordinate system rotated by 0 degree(s)
13:33:09: [INFO] Adding track segment (B.Cu): [(238442500, 181612500), (276542500, 181612500)]
13:33:09: [INFO] Could not add track segment due to detected collision
13:33:09: [INFO] Routing pad 'D77:1' at (276542500, 181612500) with pad 'D78:1' at (314642500, 181612500) using coordinate system rotated by 0 degree(s)
13:33:09: [INFO] Adding track segment (B.Cu): [(276542500, 181612500), (314642500, 181612500)]
13:33:09: [INFO] Could not add track segment due to detected collision
13:33:09: [INFO] Routing pad 'D78:1' at (314642500, 181612500) with pad 'D79:1' at (367030000, 181612500) using coordinate system rotated by 0 degree(s)
13:33:09: [INFO] Adding track segment (B.Cu): [(314642500, 181612500), (367030000, 181612500)]
13:33:09: [INFO] Could not add track segment due to detected collision
13:33:09: [INFO] Routing pad 'D79:1' at (367030000, 181612500) with pad 'D80:1' at (409892500, 181612500) using coordinate system rotated by 0 degree(s)
13:33:09: [INFO] Adding track segment (B.Cu): [(367030000, 181612500), (409892500, 181612500)]
13:33:09: [INFO] Routing ROW4 pads
13:33:09: [INFO] Routing pad 'D35:1' at (105092500, 143512500) with pad 'D36:1' at (147955000, 143512500) using coordinate system rotated by 0 degree(s)
13:33:09: [INFO] Adding track segment (B.Cu): [(105092500, 143512500), (147955000, 143512500)]
13:33:09: [INFO] Could not add track segment due to detected collision
13:33:09: [INFO] Routing pad 'D36:1' at (147955000, 143512500) with pad 'D37:1' at (186055000, 143512500) using coordinate system rotated by 0 degree(s)
13:33:09: [INFO] Adding track segment (B.Cu): [(147955000, 143512500), (186055000, 143512500)]
13:33:09: [INFO] Could not add track segment due to detected collision
13:33:09: [INFO] Routing pad 'D37:1' at (186055000, 143512500) with pad 'D38:1' at (224155000, 143512500) using coordinate system rotated by 0 degree(s)
13:33:09: [INFO] Adding track segment (B.Cu): [(186055000, 143512500), (224155000, 143512500)]
13:33:09: [INFO] Could not add track segment due to detected collision
13:33:09: [INFO] Routing pad 'D38:1' at (224155000, 143512500) with pad 'D39:1' at (262255000, 143512500) using coordinate system rotated by 0 degree(s)
13:33:09: [INFO] Adding track segment (B.Cu): [(224155000, 143512500), (262255000, 143512500)]
13:33:09: [INFO] Could not add track segment due to detected collision
13:33:09: [INFO] Routing pad 'D39:1' at (262255000, 143512500) with pad 'D40:1' at (300355000, 143512500) using coordinate system rotated by 0 degree(s)
13:33:09: [INFO] Adding track segment (B.Cu): [(262255000, 143512500), (300355000, 143512500)]
13:33:09: [INFO] Could not add track segment due to detected collision
13:33:09: [INFO] Routing pad 'D40:1' at (300355000, 143512500) with pad 'D41:1' at (338455000, 143512500) using coordinate system rotated by 0 degree(s)
13:33:09: [INFO] Adding track segment (B.Cu): [(300355000, 143512500), (338455000, 143512500)]
13:33:09: [INFO] Could not add track segment due to detected collision
13:33:09: [INFO] Routing pad 'D41:1' at (338455000, 143512500) with pad 'D42:1' at (409892500, 143512500) using coordinate system rotated by 0 degree(s)
13:33:09: [INFO] Adding track segment (B.Cu): [(338455000, 143512500), (409892500, 143512500)]
13:33:09: [INFO] Could not add track segment due to detected collision
13:33:09: [INFO] Routing pad 'D42:1' at (409892500, 143512500) with pad 'D43:1' at (428942500, 143512500) using coordinate system rotated by 0 degree(s)
13:33:09: [INFO] Adding track segment (B.Cu): [(409892500, 143512500), (428942500, 143512500)]
13:33:09: [INFO] Routing COL3 pads
13:33:09: [INFO] Routing pad 'SW55:1' at (220027500, 154622500) with pad 'SW69:1' at (210502500, 173672500) using coordinate system rotated by 0 degree(s)
13:33:09: [INFO] Adding track segment (F.Cu): [(220027500, 154622500), (220027500, 164147500)]
13:33:09: [INFO] Adding track segment (F.Cu): [(220027500, 164147500), (210502500, 173672500)]
13:33:09: [INFO] Routing pad 'SW69:1' at (210502500, 173672500) with pad 'SW88a:1' at (212883750, 192722500) using coordinate system rotated by 0 degree(s)
13:33:09: [INFO] Adding track segment (F.Cu): [(210502500, 173672500), (210502500, 190341250)]
13:33:09: [INFO] Adding track segment (F.Cu): [(210502500, 190341250), (212883750, 192722500)]
13:33:09: [INFO] Routing pad 'SW21:1' at (205740000, 116522500) with pad 'SW4:1' at (215265000, 92710000) using coordinate system rotated by 0 degree(s)
13:33:09: [INFO] Adding track segment (F.Cu): [(205740000, 116522500), (215265000, 106997500)]
13:33:09: [INFO] Adding track segment (F.Cu): [(215265000, 106997500), (215265000, 92710000)]
13:33:09: [INFO] Routing pad 'SW21:1' at (205740000, 116522500) with pad 'SW38:1' at (215265000, 135572500) using coordinate system rotated by 0 degree(s)
13:33:09: [INFO] Adding track segment (F.Cu): [(205740000, 116522500), (205740000, 126047500)]
13:33:09: [INFO] Adding track segment (F.Cu): [(205740000, 126047500), (215265000, 135572500)]
13:33:09: [INFO] Routing pad 'SW38:1' at (215265000, 135572500) with pad 'SW55:1' at (220027500, 154622500) using coordinate system rotated by 0 degree(s)
13:33:09: [INFO] Adding track segment (F.Cu): [(215265000, 135572500), (215265000, 149860000)]
13:33:09: [INFO] Adding track segment (F.Cu): [(215265000, 149860000), (220027500, 154622500)]
13:33:09: [INFO] Routing pad 'SW21:1' at (205740000, 116522500) with pad 'SW30:1' at (224790000, 116522500) using coordinate system rotated by 0 degree(s)
13:33:09: [INFO] Adding track segment (F.Cu): [(205740000, 116522500), (224790000, 116522500)]
13:33:09: [INFO] Routing pad 'SW88a:1' at (212883750, 192722500) with pad 'SW88:1' at (224790000, 192722500) using coordinate system rotated by 0 degree(s)
13:33:09: [INFO] Adding track segment (F.Cu): [(212883750, 192722500), (224790000, 192722500)]
13:33:09: [INFO] Routing pad 'SW69:1' at (210502500, 173672500) with pad 'SW76:1' at (229552500, 173672500) using coordinate system rotated by 0 degree(s)
13:33:09: [INFO] Adding track segment (F.Cu): [(210502500, 173672500), (229552500, 173672500)]
13:33:09: [INFO] Routing pad 'SW4:1' at (215265000, 92710000) with pad 'SW13:1' at (234315000, 92710000) using coordinate system rotated by 0 degree(s)
13:33:09: [INFO] Adding track segment (F.Cu): [(215265000, 92710000), (234315000, 92710000)]
13:33:09: [INFO] Routing pad 'SW38:1' at (215265000, 135572500) with pad 'SW47:1' at (234315000, 135572500) using coordinate system rotated by 0 degree(s)
13:33:09: [INFO] Adding track segment (F.Cu): [(215265000, 135572500), (234315000, 135572500)]
13:33:09: [INFO] Routing pad 'SW55:1' at (220027500, 154622500) with pad 'SW62:1' at (239077500, 154622500) using coordinate system rotated by 0 degree(s)
13:33:09: [INFO] Adding track segment (F.Cu): [(220027500, 154622500), (239077500, 154622500)]
13:33:09: [INFO] Routing ROW7 pads
13:33:09: [INFO] Routing pad 'D59:1' at (133667500, 162562500) with pad 'D60:1' at (171767500, 162562500) using coordinate system rotated by 0 degree(s)
13:33:09: [INFO] Adding track segment (B.Cu): [(133667500, 162562500), (171767500, 162562500)]
13:33:09: [INFO] Could not add track segment due to detected collision
13:33:09: [INFO] Routing pad 'D60:1' at (171767500, 162562500) with pad 'D61:1' at (209867500, 162562500) using coordinate system rotated by 0 degree(s)
13:33:09: [INFO] Adding track segment (B.Cu): [(171767500, 162562500), (209867500, 162562500)]
13:33:09: [INFO] Could not add track segment due to detected collision
13:33:09: [INFO] Routing pad 'D61:1' at (209867500, 162562500) with pad 'D62:1' at (247967500, 162562500) using coordinate system rotated by 0 degree(s)
13:33:09: [INFO] Adding track segment (B.Cu): [(209867500, 162562500), (247967500, 162562500)]
13:33:09: [INFO] Could not add track segment due to detected collision
13:33:09: [INFO] Routing pad 'D62:1' at (247967500, 162562500) with pad 'D63:1' at (286067500, 162562500) using coordinate system rotated by 0 degree(s)
13:33:09: [INFO] Adding track segment (B.Cu): [(247967500, 162562500), (286067500, 162562500)]
13:33:09: [INFO] Could not add track segment due to detected collision
13:33:09: [INFO] Routing pad 'D63:1' at (286067500, 162562500) with pad 'D64:1' at (324167500, 162562500) using coordinate system rotated by 0 degree(s)
13:33:09: [INFO] Adding track segment (B.Cu): [(286067500, 162562500), (324167500, 162562500)]
13:33:09: [INFO] Could not add track segment due to detected collision
13:33:09: [INFO] Routing pad 'D64:1' at (324167500, 162562500) with pad 'D65:1' at (367030000, 124462500) using coordinate system rotated by 0 degree(s)
13:33:09: [INFO] Routing ROW8 pads
13:33:09: [INFO] Routing pad 'D66:1' at (112236250, 181612500) with pad 'D67:1' at (143192500, 181612500) using coordinate system rotated by 0 degree(s)
13:33:09: [INFO] Adding track segment (B.Cu): [(112236250, 181612500), (143192500, 181612500)]
13:33:09: [INFO] Could not add track segment due to detected collision
13:33:09: [INFO] Routing pad 'D67:1' at (143192500, 181612500) with pad 'D68:1' at (181292500, 181612500) using coordinate system rotated by 0 degree(s)
13:33:09: [INFO] Adding track segment (B.Cu): [(143192500, 181612500), (181292500, 181612500)]
13:33:09: [INFO] Could not add track segment due to detected collision
13:33:09: [INFO] Routing pad 'D68:1' at (181292500, 181612500) with pad 'D69:1' at (219392500, 181612500) using coordinate system rotated by 0 degree(s)
13:33:09: [INFO] Adding track segment (B.Cu): [(181292500, 181612500), (219392500, 181612500)]
13:33:09: [INFO] Could not add track segment due to detected collision
13:33:09: [INFO] Routing pad 'D69:1' at (219392500, 181612500) with pad 'D70:1' at (257492500, 181612500) using coordinate system rotated by 0 degree(s)
13:33:09: [INFO] Adding track segment (B.Cu): [(219392500, 181612500), (257492500, 181612500)]
13:33:09: [INFO] Could not add track segment due to detected collision
13:33:09: [INFO] Routing pad 'D70:1' at (257492500, 181612500) with pad 'D71:1' at (295592500, 181612500) using coordinate system rotated by 0 degree(s)
13:33:09: [INFO] Adding track segment (B.Cu): [(257492500, 181612500), (295592500, 181612500)]
13:33:09: [INFO] Could not add track segment due to detected collision
13:33:09: [INFO] Routing pad 'D71:1' at (295592500, 181612500) with pad 'D72:1' at (350361250, 181612500) using coordinate system rotated by 0 degree(s)
13:33:09: [INFO] Adding track segment (B.Cu): [(295592500, 181612500), (350361250, 181612500)]
13:33:09: [INFO] Could not add track segment due to detected collision
13:33:09: [INFO] Routing COL4 pads
13:33:09: [INFO] Routing pad 'SW56:1' at (258127500, 154622500) with pad 'SW70:1' at (248602500, 173672500) using coordinate system rotated by 0 degree(s)
13:33:09: [INFO] Adding track segment (F.Cu): [(258127500, 154622500), (258127500, 164147500)]
13:33:09: [INFO] Adding track segment (F.Cu): [(258127500, 164147500), (248602500, 173672500)]
13:33:09: [INFO] Routing pad 'SW22:1' at (243840000, 116522500) with pad 'SW5:1' at (253365000, 92710000) using coordinate system rotated by 0 degree(s)
13:33:09: [INFO] Adding track segment (F.Cu): [(243840000, 116522500), (253365000, 106997500)]
13:33:09: [INFO] Adding track segment (F.Cu): [(253365000, 106997500), (253365000, 92710000)]
13:33:09: [INFO] Routing pad 'SW22:1' at (243840000, 116522500) with pad 'SW39:1' at (253365000, 135572500) using coordinate system rotated by 0 degree(s)
13:33:09: [INFO] Adding track segment (F.Cu): [(243840000, 116522500), (243840000, 126047500)]
13:33:09: [INFO] Adding track segment (F.Cu): [(243840000, 126047500), (253365000, 135572500)]
13:33:09: [INFO] Routing pad 'SW39:1' at (253365000, 135572500) with pad 'SW56:1' at (258127500, 154622500) using coordinate system rotated by 0 degree(s)
13:33:09: [INFO] Adding track segment (F.Cu): [(253365000, 135572500), (253365000, 149860000)]
13:33:09: [INFO] Adding track segment (F.Cu): [(253365000, 149860000), (258127500, 154622500)]
13:33:09: [INFO] Routing pad 'SW22:1' at (243840000, 116522500) with pad 'SW31:1' at (262890000, 116522500) using coordinate system rotated by 0 degree(s)
13:33:09: [INFO] Adding track segment (F.Cu): [(243840000, 116522500), (262890000, 116522500)]
13:33:09: [INFO] Routing pad 'SW70:1' at (248602500, 173672500) with pad 'SW77:1' at (267652500, 173672500) using coordinate system rotated by 0 degree(s)
13:33:09: [INFO] Adding track segment (F.Cu): [(248602500, 173672500), (267652500, 173672500)]
13:33:09: [INFO] Routing pad 'SW5:1' at (253365000, 92710000) with pad 'SW14a:1' at (272415000, 92710000) using coordinate system rotated by 0 degree(s)
13:33:09: [INFO] Adding track segment (F.Cu): [(253365000, 92710000), (272415000, 92710000)]
13:33:10: [INFO] Routing pad 'SW39:1' at (253365000, 135572500) with pad 'SW48:1' at (272415000, 135572500) using coordinate system rotated by 0 degree(s)
13:33:10: [INFO] Adding track segment (F.Cu): [(253365000, 135572500), (272415000, 135572500)]
13:33:10: [INFO] Routing pad 'SW14a:1' at (272415000, 92710000) with pad 'SW14:1' at (277177500, 92710000) using coordinate system rotated by 0 degree(s)
13:33:10: [INFO] Adding track segment (F.Cu): [(272415000, 92710000), (277177500, 92710000)]
13:33:10: [INFO] Routing pad 'SW56:1' at (258127500, 154622500) with pad 'SW63:1' at (277177500, 154622500) using coordinate system rotated by 0 degree(s)
13:33:10: [INFO] Adding track segment (F.Cu): [(258127500, 154622500), (277177500, 154622500)]
13:33:10: [INFO] Routing COL6 pads
13:33:10: [INFO] Routing pad 'SW50a:1' at (334327500, 154622500) with pad 'SW41:1' at (329565000, 135572500) using coordinate system rotated by 0 degree(s)
13:33:10: [INFO] Adding track segment (F.Cu): [(334327500, 154622500), (329565000, 149860000)]
13:33:10: [INFO] Adding track segment (F.Cu): [(329565000, 149860000), (329565000, 135572500)]
13:33:10: [INFO] Routing pad 'SW84a:1' at (331946250, 192722500) with pad 'SW84:1' at (329565000, 192722500) using coordinate system rotated by 0 degree(s)
13:33:10: [INFO] Adding track segment (F.Cu): [(331946250, 192722500), (329565000, 192722500)]
13:33:10: [INFO] Routing pad 'SW50a:1' at (334327500, 154622500) with pad 'SW72a:1' at (331946250, 173672500) using coordinate system rotated by 0 degree(s)
13:33:10: [INFO] Routing pad 'SW72a:1' at (331946250, 173672500) with pad 'SW84a:1' at (331946250, 192722500) using coordinate system rotated by 0 degree(s)
13:33:10: [INFO] Adding track segment (F.Cu): [(331946250, 173672500), (331946250, 192722500)]
13:33:10: [INFO] Could not add track segment due to detected collision
13:33:10: [INFO] Routing pad 'SW7a:1' at (339090000, 92710000) with pad 'SW7:1' at (334327500, 92710000) using coordinate system rotated by 0 degree(s)
13:33:10: [INFO] Adding track segment (F.Cu): [(339090000, 92710000), (334327500, 92710000)]
13:33:10: [INFO] Routing pad 'SW58:1' at (346233750, 154622500) with pad 'SW50a:1' at (334327500, 154622500) using coordinate system rotated by 0 degree(s)
13:33:10: [INFO] Adding track segment (F.Cu): [(346233750, 154622500), (334327500, 154622500)]
13:33:10: [INFO] Routing pad 'SW33a:1' at (339090000, 116522500) with pad 'SW7a:1' at (339090000, 92710000) using coordinate system rotated by 0 degree(s)
13:33:10: [INFO] Adding track segment (F.Cu): [(339090000, 116522500), (339090000, 92710000)]
13:33:10: [INFO] Could not add track segment due to detected collision
13:33:10: [INFO] Routing pad 'SW24:1' at (320040000, 116522500) with pad 'SW33a:1' at (339090000, 116522500) using coordinate system rotated by 0 degree(s)
13:33:10: [INFO] Adding track segment (F.Cu): [(320040000, 116522500), (339090000, 116522500)]
13:33:10: [INFO] Routing pad 'SW72a:1' at (331946250, 173672500) with pad 'SW72:1' at (341471250, 173672500) using coordinate system rotated by 0 degree(s)
13:33:10: [INFO] Adding track segment (F.Cu): [(331946250, 173672500), (341471250, 173672500)]
13:33:10: [INFO] Routing pad 'SW65a:1' at (355758750, 145097500) with pad 'SW58:1' at (346233750, 154622500) using coordinate system rotated by 0 degree(s)
13:33:10: [INFO] Adding track segment (F.Cu): [(355758750, 145097500), (355758750, 145097500)]
13:33:10: [INFO] Adding track segment (F.Cu): [(355758750, 145097500), (346233750, 154622500)]
13:33:10: [INFO] Routing pad 'SW33a:1' at (339090000, 116522500) with pad 'SW33:1' at (348615000, 116522500) using coordinate system rotated by 0 degree(s)
13:33:10: [INFO] Adding track segment (F.Cu): [(339090000, 116522500), (348615000, 116522500)]
13:33:10: [INFO] Routing pad 'SW33:1' at (348615000, 116522500) with pad 'SW50:1' at (353377500, 135572500) using coordinate system rotated by 0 degree(s)
13:33:10: [INFO] Routing pad 'SW90a:1' at (355758750, 192722500) with pad 'SW90:1' at (353377500, 192722500) using coordinate system rotated by 0 degree(s)
13:33:10: [INFO] Adding track segment (F.Cu): [(355758750, 192722500), (353377500, 192722500)]
13:33:10: [INFO] Routing pad 'SW50:1' at (353377500, 135572500) with pad 'SW65a:1' at (355758750, 145097500) using coordinate system rotated by 0 degree(s)
13:33:10: [INFO] Routing pad 'SW79:1' at (358140000, 173672500) with pad 'SW90a:1' at (355758750, 192722500) using coordinate system rotated by 0 degree(s)
13:33:10: [INFO] Routing pad 'SW7a:1' at (339090000, 92710000) with pad 'SW16:1' at (358140000, 92710000) using coordinate system rotated by 0 degree(s)
13:33:10: [INFO] Adding track segment (F.Cu): [(339090000, 92710000), (358140000, 92710000)]
13:33:10: [INFO] Routing pad 'SW33:1' at (348615000, 116522500) with pad 'SW65:1' at (358140000, 116522500) using coordinate system rotated by 0 degree(s)
13:33:10: [INFO] Adding track segment (F.Cu): [(348615000, 116522500), (358140000, 116522500)]
13:33:10: [INFO] Routing pad 'SW72:1' at (341471250, 173672500) with pad 'SW79:1' at (358140000, 173672500) using coordinate system rotated by 0 degree(s)
13:33:10: [INFO] Adding track segment (F.Cu): [(341471250, 173672500), (358140000, 173672500)]
13:33:10: [INFO] Routing ROW10 pads
13:33:10: [INFO] Routing pad 'D81:1' at (105092500, 200662500) with pad 'D82:1' at (152717500, 200662500) using coordinate system rotated by 0 degree(s)
13:33:10: [INFO] Adding track segment (B.Cu): [(105092500, 200662500), (152717500, 200662500)]
13:33:10: [INFO] Could not add track segment due to detected collision
13:33:10: [INFO] Routing pad 'D82:1' at (152717500, 200662500) with pad 'D83:1' at (293211250, 200662500) using coordinate system rotated by 0 degree(s)
13:33:10: [INFO] Adding track segment (B.Cu): [(152717500, 200662500), (293211250, 200662500)]
13:33:10: [INFO] Could not add track segment due to detected collision
13:33:10: [INFO] Routing pad 'D83:1' at (293211250, 200662500) with pad 'D84:1' at (338455000, 200662500) using coordinate system rotated by 0 degree(s)
13:33:10: [INFO] Adding track segment (B.Cu): [(293211250, 200662500), (338455000, 200662500)]
13:33:10: [INFO] Could not add track segment due to detected collision
13:33:10: [INFO] Routing pad 'D84:1' at (338455000, 200662500) with pad 'D85:1' at (409892500, 200662500) using coordinate system rotated by 0 degree(s)
13:33:10: [INFO] Adding track segment (B.Cu): [(338455000, 200662500), (409892500, 200662500)]
13:33:10: [INFO] Could not add track segment due to detected collision
13:33:10: [INFO] Routing pad 'D85:1' at (409892500, 200662500) with pad 'D86:1' at (428942500, 200662500) using coordinate system rotated by 0 degree(s)
13:33:10: [INFO] Adding track segment (B.Cu): [(409892500, 200662500), (428942500, 200662500)]
13:33:10: [INFO] Routing ROW5 pads
13:33:10: [INFO] Routing pad 'D44:1' at (128905000, 143512500) with pad 'D45:1' at (167005000, 143512500) using coordinate system rotated by 0 degree(s)
13:33:10: [INFO] Adding track segment (B.Cu): [(128905000, 143512500), (167005000, 143512500)]
13:33:10: [INFO] Could not add track segment due to detected collision
13:33:10: [INFO] Routing pad 'D45:1' at (167005000, 143512500) with pad 'D46:1' at (205105000, 143512500) using coordinate system rotated by 0 degree(s)
13:33:10: [INFO] Adding track segment (B.Cu): [(167005000, 143512500), (205105000, 143512500)]
13:33:10: [INFO] Could not add track segment due to detected collision
13:33:10: [INFO] Routing pad 'D46:1' at (205105000, 143512500) with pad 'D47:1' at (243205000, 143512500) using coordinate system rotated by 0 degree(s)
13:33:10: [INFO] Adding track segment (B.Cu): [(205105000, 143512500), (243205000, 143512500)]
13:33:10: [INFO] Could not add track segment due to detected collision
13:33:10: [INFO] Routing pad 'D47:1' at (243205000, 143512500) with pad 'D48:1' at (281305000, 143512500) using coordinate system rotated by 0 degree(s)
13:33:10: [INFO] Adding track segment (B.Cu): [(243205000, 143512500), (281305000, 143512500)]
13:33:10: [INFO] Could not add track segment due to detected collision
13:33:10: [INFO] Routing pad 'D48:1' at (281305000, 143512500) with pad 'D49:1' at (319405000, 143512500) using coordinate system rotated by 0 degree(s)
13:33:10: [INFO] Adding track segment (B.Cu): [(281305000, 143512500), (319405000, 143512500)]
13:33:10: [INFO] Could not add track segment due to detected collision
13:33:10: [INFO] Routing pad 'D49:1' at (319405000, 143512500) with pad 'D50:1' at (362267500, 143512500) using coordinate system rotated by 0 degree(s)
13:33:10: [INFO] Adding track segment (B.Cu): [(319405000, 143512500), (362267500, 143512500)]
13:33:10: [INFO] Could not add track segment due to detected collision
13:33:10: [INFO] Routing pad 'D50:1' at (362267500, 143512500) with pad 'D51:1' at (390842500, 143512500) using coordinate system rotated by 0 degree(s)
13:33:10: [INFO] Adding track segment (B.Cu): [(362267500, 143512500), (390842500, 143512500)]
13:33:10: [INFO] Could not add track segment due to detected collision
13:33:10: [INFO] Routing COL0 pads
13:33:10: [INFO] Routing pad 'SW1:1' at (91440000, 92710000) with pad 'SW18:1' at (91440000, 116522500) using coordinate system rotated by 0 degree(s)
13:33:10: [INFO] Adding track segment (F.Cu): [(91440000, 92710000), (91440000, 116522500)]
13:33:10: [INFO] Routing pad 'SW52:1' at (98583750, 154622500) with pad 'SW66a:1' at (93821250, 173672500) using coordinate system rotated by 0 degree(s)
13:33:10: [INFO] Adding track segment (F.Cu): [(98583750, 154622500), (98583750, 168910000)]
13:33:10: [INFO] Adding track segment (F.Cu): [(98583750, 168910000), (93821250, 173672500)]
13:33:10: [INFO] Routing pad 'SW66a:1' at (93821250, 173672500) with pad 'SW81a:1' at (93821250, 192722500) using coordinate system rotated by 0 degree(s)
13:33:10: [INFO] Adding track segment (F.Cu): [(93821250, 173672500), (93821250, 192722500)]
13:33:10: [INFO] Could not add track segment due to detected collision
13:33:10: [INFO] Routing pad 'SW18:1' at (91440000, 116522500) with pad 'SW35:1' at (96202500, 135572500) using coordinate system rotated by 0 degree(s)
13:33:10: [INFO] Adding track segment (F.Cu): [(91440000, 116522500), (91440000, 130810000)]
13:33:10: [INFO] Adding track segment (F.Cu): [(91440000, 130810000), (96202500, 135572500)]
13:33:10: [INFO] Routing pad 'SW81a:1' at (93821250, 192722500) with pad 'SW81:1' at (96202500, 192722500) using coordinate system rotated by 0 degree(s)
13:33:10: [INFO] Adding track segment (F.Cu): [(93821250, 192722500), (96202500, 192722500)]
13:33:10: [INFO] Routing pad 'SW35:1' at (96202500, 135572500) with pad 'SW52:1' at (98583750, 154622500) using coordinate system rotated by 0 degree(s)
13:33:10: [INFO] Adding track segment (F.Cu): [(96202500, 135572500), (96202500, 152241250)]
13:33:10: [INFO] Adding track segment (F.Cu): [(96202500, 152241250), (98583750, 154622500)]
13:33:10: [INFO] Routing pad 'SW66a:1' at (93821250, 173672500) with pad 'SW66:1' at (103346250, 173672500) using coordinate system rotated by 0 degree(s)
13:33:10: [INFO] Adding track segment (F.Cu): [(93821250, 173672500), (103346250, 173672500)]
13:33:10: [INFO] Routing pad 'SW18:1' at (91440000, 116522500) with pad 'SW27:1' at (110490000, 116522500) using coordinate system rotated by 0 degree(s)
13:33:10: [INFO] Adding track segment (F.Cu): [(91440000, 116522500), (110490000, 116522500)]
13:33:10: [INFO] Routing pad 'SW1:1' at (91440000, 92710000) with pad 'SW10:1' at (115252500, 92710000) using coordinate system rotated by 0 degree(s)
13:33:10: [INFO] Adding track segment (F.Cu): [(91440000, 92710000), (115252500, 92710000)]
13:33:10: [INFO] Routing pad 'SW66:1' at (103346250, 173672500) with pad 'SW73:1' at (115252500, 173672500) using coordinate system rotated by 0 degree(s)
13:33:10: [INFO] Adding track segment (F.Cu): [(103346250, 173672500), (115252500, 173672500)]
13:33:10: [INFO] Routing pad 'SW73:1' at (115252500, 173672500) with pad 'SW87a:1' at (117633750, 192722500) using coordinate system rotated by 0 degree(s)
13:33:10: [INFO] Adding track segment (F.Cu): [(115252500, 173672500), (115252500, 190341250)]
13:33:10: [INFO] Adding track segment (F.Cu): [(115252500, 190341250), (117633750, 192722500)]
13:33:10: [INFO] Routing pad 'SW27:1' at (110490000, 116522500) with pad 'SW44:1' at (120015000, 135572500) using coordinate system rotated by 0 degree(s)
13:33:10: [INFO] Adding track segment (F.Cu): [(110490000, 116522500), (110490000, 126047500)]
13:33:10: [INFO] Adding track segment (F.Cu): [(110490000, 126047500), (120015000, 135572500)]
13:33:10: [INFO] Routing pad 'SW87a:1' at (117633750, 192722500) with pad 'SW87:1' at (120015000, 192722500) using coordinate system rotated by 0 degree(s)
13:33:10: [INFO] Adding track segment (F.Cu): [(117633750, 192722500), (120015000, 192722500)]
13:33:10: [INFO] Routing pad 'SW44:1' at (120015000, 135572500) with pad 'SW59:1' at (124777500, 154622500) using coordinate system rotated by 0 degree(s)
13:33:10: [INFO] Adding track segment (F.Cu): [(120015000, 135572500), (120015000, 149860000)]
13:33:10: [INFO] Adding track segment (F.Cu): [(120015000, 149860000), (124777500, 154622500)]
13:33:10: [INFO] Routing ROW0 pads
13:33:10: [INFO] Routing pad 'D1:1' at (100330000, 100650000) with pad 'D2:1' at (143192500, 100650000) using coordinate system rotated by 0 degree(s)
13:33:10: [INFO] Adding track segment (B.Cu): [(100330000, 100650000), (143192500, 100650000)]
13:33:10: [INFO] Could not add track segment due to detected collision
13:33:10: [INFO] Routing pad 'D2:1' at (143192500, 100650000) with pad 'D3:1' at (181292500, 100650000) using coordinate system rotated by 0 degree(s)
13:33:10: [INFO] Adding track segment (B.Cu): [(143192500, 100650000), (181292500, 100650000)]
13:33:10: [INFO] Could not add track segment due to detected collision
13:33:10: [INFO] Routing pad 'D3:1' at (181292500, 100650000) with pad 'D4:1' at (224155000, 100650000) using coordinate system rotated by 0 degree(s)
13:33:10: [INFO] Adding track segment (B.Cu): [(181292500, 100650000), (224155000, 100650000)]
13:33:10: [INFO] Could not add track segment due to detected collision
13:33:10: [INFO] Routing pad 'D4:1' at (224155000, 100650000) with pad 'D5:1' at (262255000, 100650000) using coordinate system rotated by 0 degree(s)
13:33:10: [INFO] Adding track segment (B.Cu): [(224155000, 100650000), (262255000, 100650000)]
13:33:10: [INFO] Could not add track segment due to detected collision
13:33:10: [INFO] Routing pad 'D5:1' at (262255000, 100650000) with pad 'D6:1' at (305117500, 100650000) using coordinate system rotated by 0 degree(s)
13:33:10: [INFO] Adding track segment (B.Cu): [(262255000, 100650000), (305117500, 100650000)]
13:33:10: [INFO] Could not add track segment due to detected collision
13:33:10: [INFO] Routing pad 'D6:1' at (305117500, 100650000) with pad 'D7:1' at (343217500, 100650000) using coordinate system rotated by 0 degree(s)
13:33:10: [INFO] Adding track segment (B.Cu): [(305117500, 100650000), (343217500, 100650000)]
13:33:10: [INFO] Could not add track segment due to detected collision
13:33:10: [INFO] Routing pad 'D7:1' at (343217500, 100650000) with pad 'D8:1' at (409892500, 100650000) using coordinate system rotated by 0 degree(s)
13:33:10: [INFO] Adding track segment (B.Cu): [(343217500, 100650000), (409892500, 100650000)]
13:33:10: [INFO] Could not add track segment due to detected collision
13:33:10: [INFO] Routing pad 'D8:1' at (409892500, 100650000) with pad 'D9:1' at (428942500, 100650000) using coordinate system rotated by 0 degree(s)
13:33:10: [INFO] Adding track segment (B.Cu): [(409892500, 100650000), (428942500, 100650000)]
13:33:10: [INFO] Routing ROW3 pads
13:33:10: [INFO] Routing pad 'D27:1' at (119380000, 124462500) with pad 'D28:1' at (157480000, 124462500) using coordinate system rotated by 0 degree(s)
13:33:10: [INFO] Adding track segment (B.Cu): [(119380000, 124462500), (157480000, 124462500)]
13:33:10: [INFO] Could not add track segment due to detected collision
13:33:10: [INFO] Routing pad 'D28:1' at (157480000, 124462500) with pad 'D29:1' at (195580000, 124462500) using coordinate system rotated by 0 degree(s)
13:33:10: [INFO] Adding track segment (B.Cu): [(157480000, 124462500), (195580000, 124462500)]
13:33:10: [INFO] Could not add track segment due to detected collision
13:33:10: [INFO] Routing pad 'D29:1' at (195580000, 124462500) with pad 'D30:1' at (233680000, 124462500) using coordinate system rotated by 0 degree(s)
13:33:10: [INFO] Adding track segment (B.Cu): [(195580000, 124462500), (233680000, 124462500)]
13:33:10: [INFO] Could not add track segment due to detected collision
13:33:10: [INFO] Routing pad 'D30:1' at (233680000, 124462500) with pad 'D31:1' at (271780000, 124462500) using coordinate system rotated by 0 degree(s)
13:33:10: [INFO] Adding track segment (B.Cu): [(233680000, 124462500), (271780000, 124462500)]
13:33:10: [INFO] Could not add track segment due to detected collision
13:33:10: [INFO] Routing pad 'D31:1' at (271780000, 124462500) with pad 'D32:1' at (309880000, 124462500) using coordinate system rotated by 0 degree(s)
13:33:10: [INFO] Adding track segment (B.Cu): [(271780000, 124462500), (309880000, 124462500)]
13:33:10: [INFO] Could not add track segment due to detected collision
13:33:10: [INFO] Routing pad 'D32:1' at (309880000, 124462500) with pad 'D33:1' at (357505000, 124462500) using coordinate system rotated by 0 degree(s)
13:33:10: [INFO] Adding track segment (B.Cu): [(309880000, 124462500), (357505000, 124462500)]
13:33:10: [INFO] Could not add track segment due to detected collision
13:33:10: [INFO] Routing pad 'D33:1' at (357505000, 124462500) with pad 'D34:1' at (390842500, 124462500) using coordinate system rotated by 0 degree(s)
13:33:10: [INFO] Adding track segment (B.Cu): [(357505000, 124462500), (390842500, 124462500)]
13:33:10: [INFO] Could not add track segment due to detected collision
13:33:10: [INFO] Routing COL5 pads
13:33:10: [INFO] Routing pad 'SW71:1' at (286702500, 173672500) with pad 'SW83:1' at (284321250, 192722500) using coordinate system rotated by 0 degree(s)
13:33:10: [INFO] Routing pad 'SW57:1' at (296227500, 154622500) with pad 'SW71:1' at (286702500, 173672500) using coordinate system rotated by 0 degree(s)
13:33:10: [INFO] Adding track segment (F.Cu): [(296227500, 154622500), (296227500, 164147500)]
13:33:10: [INFO] Adding track segment (F.Cu): [(296227500, 164147500), (286702500, 173672500)]
13:33:10: [INFO] Routing pad 'SW23:1' at (281940000, 116522500) with pad 'SW40:1' at (291465000, 135572500) using coordinate system rotated by 0 degree(s)
13:33:10: [INFO] Adding track segment (F.Cu): [(281940000, 116522500), (281940000, 126047500)]
13:33:10: [INFO] Adding track segment (F.Cu): [(281940000, 126047500), (291465000, 135572500)]
13:33:10: [INFO] Routing pad 'SW6a:1' at (300990000, 92710000) with pad 'SW6:1' at (296227500, 92710000) using coordinate system rotated by 0 degree(s)
13:33:10: [INFO] Adding track segment (F.Cu): [(300990000, 92710000), (296227500, 92710000)]
13:33:10: [INFO] Routing pad 'SW40:1' at (291465000, 135572500) with pad 'SW57:1' at (296227500, 154622500) using coordinate system rotated by 0 degree(s)
13:33:10: [INFO] Adding track segment (F.Cu): [(291465000, 135572500), (291465000, 149860000)]
13:33:10: [INFO] Adding track segment (F.Cu): [(291465000, 149860000), (296227500, 154622500)]
13:33:10: [INFO] Routing pad 'SW32:1' at (300990000, 116522500) with pad 'SW6a:1' at (300990000, 92710000) using coordinate system rotated by 0 degree(s)
13:33:10: [INFO] Adding track segment (F.Cu): [(300990000, 116522500), (300990000, 92710000)]
13:33:10: [INFO] Could not add track segment due to detected collision
13:33:10: [INFO] Routing pad 'SW23:1' at (281940000, 116522500) with pad 'SW32:1' at (300990000, 116522500) using coordinate system rotated by 0 degree(s)
13:33:10: [INFO] Adding track segment (F.Cu): [(281940000, 116522500), (300990000, 116522500)]
13:33:10: [INFO] Routing pad 'SW71:1' at (286702500, 173672500) with pad 'SW78:1' at (305752500, 173672500) using coordinate system rotated by 0 degree(s)
13:33:10: [INFO] Adding track segment (F.Cu): [(286702500, 173672500), (305752500, 173672500)]
13:33:10: [INFO] Routing pad 'SW78:1' at (305752500, 173672500) with pad 'SW89:1' at (305752500, 192722500) using coordinate system rotated by 0 degree(s)
13:33:10: [INFO] Adding track segment (F.Cu): [(305752500, 173672500), (305752500, 192722500)]
13:33:10: [INFO] Routing pad 'SW89:1' at (305752500, 192722500) with pad 'SW89a:1' at (308133750, 192722500) using coordinate system rotated by 0 degree(s)
13:33:10: [INFO] Adding track segment (F.Cu): [(305752500, 192722500), (308133750, 192722500)]
13:33:10: [INFO] Routing pad 'SW40:1' at (291465000, 135572500) with pad 'SW49:1' at (310515000, 135572500) using coordinate system rotated by 0 degree(s)
13:33:10: [INFO] Adding track segment (F.Cu): [(291465000, 135572500), (310515000, 135572500)]
13:33:10: [INFO] Routing pad 'SW6a:1' at (300990000, 92710000) with pad 'SW15:1' at (315277500, 92710000) using coordinate system rotated by 0 degree(s)
13:33:10: [INFO] Adding track segment (F.Cu): [(300990000, 92710000), (315277500, 92710000)]
13:33:10: [INFO] Routing pad 'SW57:1' at (296227500, 154622500) with pad 'SW64:1' at (315277500, 154622500) using coordinate system rotated by 0 degree(s)
13:33:10: [INFO] Adding track segment (F.Cu): [(296227500, 154622500), (315277500, 154622500)]
13:33:10: [INFO] Routing pad 'SW15:1' at (315277500, 92710000) with pad 'SW15a:1' at (320040000, 92710000) using coordinate system rotated by 0 degree(s)
13:33:10: [INFO] Adding track segment (F.Cu): [(315277500, 92710000), (320040000, 92710000)]
13:33:10: [INFO] Routing COL2 pads
13:33:10: [INFO] Routing pad 'SW3a:1' at (167640000, 92710000) with pad 'SW20:1' at (167640000, 116522500) using coordinate system rotated by 0 degree(s)
13:33:10: [INFO] Adding track segment (F.Cu): [(167640000, 92710000), (167640000, 116522500)]
13:33:10: [INFO] Routing pad 'SW3a:1' at (167640000, 92710000) with pad 'SW3:1' at (172402500, 92710000) using coordinate system rotated by 0 degree(s)
13:33:10: [INFO] Adding track segment (F.Cu): [(167640000, 92710000), (172402500, 92710000)]
13:33:10: [INFO] Routing pad 'SW54:1' at (181927500, 154622500) with pad 'SW68:1' at (172402500, 173672500) using coordinate system rotated by 0 degree(s)
13:33:10: [INFO] Adding track segment (F.Cu): [(181927500, 154622500), (181927500, 164147500)]
13:33:10: [INFO] Adding track segment (F.Cu): [(181927500, 164147500), (172402500, 173672500)]
13:33:10: [INFO] Routing pad 'SW20:1' at (167640000, 116522500) with pad 'SW37:1' at (177165000, 135572500) using coordinate system rotated by 0 degree(s)
13:33:10: [INFO] Adding track segment (F.Cu): [(167640000, 116522500), (167640000, 126047500)]
13:33:10: [INFO] Adding track segment (F.Cu): [(167640000, 126047500), (177165000, 135572500)]
13:33:10: [INFO] Routing pad 'SW37:1' at (177165000, 135572500) with pad 'SW54:1' at (181927500, 154622500) using coordinate system rotated by 0 degree(s)
13:33:10: [INFO] Adding track segment (F.Cu): [(177165000, 135572500), (177165000, 149860000)]
13:33:10: [INFO] Adding track segment (F.Cu): [(177165000, 149860000), (181927500, 154622500)]
13:33:10: [INFO] Routing pad 'SW3:1' at (172402500, 92710000) with pad 'SW12a:1' at (186690000, 92710000) using coordinate system rotated by 0 degree(s)
13:33:10: [INFO] Adding track segment (F.Cu): [(172402500, 92710000), (186690000, 92710000)]
13:33:10: [INFO] Routing pad 'SW20:1' at (167640000, 116522500) with pad 'SW29:1' at (186690000, 116522500) using coordinate system rotated by 0 degree(s)
13:33:10: [INFO] Adding track segment (F.Cu): [(167640000, 116522500), (186690000, 116522500)]
13:33:10: [INFO] Routing pad 'SW68:1' at (172402500, 173672500) with pad 'SW75:1' at (191452500, 173672500) using coordinate system rotated by 0 degree(s)
13:33:10: [INFO] Adding track segment (F.Cu): [(172402500, 173672500), (191452500, 173672500)]
13:33:10: [INFO] Routing pad 'SW12a:1' at (186690000, 92710000) with pad 'SW12:1' at (196215000, 92710000) using coordinate system rotated by 0 degree(s)
13:33:10: [INFO] Adding track segment (F.Cu): [(186690000, 92710000), (196215000, 92710000)]
13:33:10: [INFO] Routing pad 'SW37:1' at (177165000, 135572500) with pad 'SW46:1' at (196215000, 135572500) using coordinate system rotated by 0 degree(s)
13:33:10: [INFO] Adding track segment (F.Cu): [(177165000, 135572500), (196215000, 135572500)]
13:33:10: [INFO] Routing pad 'SW54:1' at (181927500, 154622500) with pad 'SW61:1' at (200977500, 154622500) using coordinate system rotated by 0 degree(s)
13:33:10: [INFO] Adding track segment (F.Cu): [(181927500, 154622500), (200977500, 154622500)]
13:33:10: [INFO] Removing dangling tracks
13:33:10: [INFO] Removing 75a774d4-9286-4d25-a807-b0898ae06730
