=== kbplacer.kle_serial ===
=== layout2image.py ===
=== kbplacer ===
13:35:31: [INFO] User layout: https://editor.keyboard-tools.xyz/#share=NrDeCIA9wLgAgEwDoCsAaO4DGtMGIBDI48AXw3AAY1KAdAOwYeoEZwMJp5KkF1Mc8cHiyixZCqyaN6rdpmoJpzNG0loAzMtmr5VNABZtcjlFw8+FQfmIlyCtCmO71ANmdqHAdg97qADl9TLjgLfmxcYTFxe30ATiCHFjoZFU99FhZEjKVUnU9Oc15w62EvcoqJJK08uQBdNAAoMDN4ZHCATyLLAUjCWwIq-RTpakp5QvgWJGpeoRFonFjFZ3H1GtGaP0NV7adareCikr6BweW0dwO17131QOvthMej7lQrPsWl9WS7pKyXklcpsbhkNjIxhNWqFih95mchqwDNsWCgUa5wA1mpNEO9MF03id5l8hixDpgyekyQg9GSNLTDAy0RQyRiWWgvAz-Ay4gzknyqaoaaZSv1bHoAO64BCxBCqIx5Mk3HFhWKU5Hs1F8tlwFXFNWqTma7ma3nshDjLEtELtChSqaoWXkiCiklO9Jy4WYOX0ihyjXexx6OU68Byo2Bk2Bs2B-l+1QeoVQ+1waYod3ghgGZ3QsJwmwDIYaeXB1TM2M6vU9CLExZDOUsCNh1RR5ssGMu06FigAC2lsWLFu0rhzIVV8aHeRHbCtONtmBT0y86YoxeVNfwbtXLkwg70xd9u8Z2-L4GLoeLTeLreLMbPqlBxcyUNFCLt0v125Ymfo2fXIQ0PENyiOsB0NfcWwg9soRCaZq1fQswMnaRp0xJoWkXT9MD-bQGxfT5QIobMAWkPDXhheCu3Fd82iw8AcLyOV11dQjsLQL16M0PRswDTjT2zUNsybbNW2zO9iNBYiCmAsUSBo3Fl1iYjgRkNcYNwOCiU3VjOK1cjNKU8CiMg4zoJFKi5MwPs2lidBkJkLxR26Fc2PshhHJndC5yAzCXPAdARhkAK9HQEigpzXzbPY7RgvM2toklXAvCiq5pFi3UZLfBcNMdChQrChh0v8oUYoinK-NCn90qrLSQISqKWF40LT1Cytc1hbKbLylttH8clirMjLYI6zLEO6tz6A8tDsWhedwAJCjwki7rAsKndO3i8QKAAE1wAAXAAnABXABTBrSukhDqM61NcswOyLvwzbRES+Bku61LwsuiyiFe26KoTR64u0hKdv246zu6lgVLW774W7G60waqr1uhaZZhkrcKVUH9KSegtxXdBVpDx8ieFqhZ6qhnw8j69JQoeaQ6em60NLiEarss8BMOrazEDtGkHXCHtBdTChIFFgBaccj2-bRiJZ7zOlwaWkGXfM6q2xGgN2+BDtOqLVvoOz8eEBFzryE3TGW+7ost9jTcprXuaSlLSq9DaCa5m2BoK42HahmH-Y9zG63ktMwb1iHkfdxW0f8EaFtVvgwOh+XdFnWagKT8mNdk37w7ogLSsPCAeYBv30FLl2HRT8aS8dkl5NcIvLgb4GzYRmvbrr23fnt6vy4ayuuOtnLe4GoOq+TceK5R+lM9grw1eV+BVaWnLFNMoOn0bnTiJ-Xe6jqIA
13:35:31: [INFO] Labels prefixes: for rows: 'ROW', for columns: 'COL'
13:35:31: [INFO] Matrix size: 5x20
13:35:31: [WARNING] No stabilizer footprint for width 2.25u, using 2u as fallback
13:35:31: [WARNING] No stabilizer footprint for width 2.25u, using 2u as fallback
13:35:32: [WARNING] No stabilizer footprint for width 2.75u, using 2u as fallback
13:35:32: [INFO] Add COL0 net
13:35:32: [INFO] Add COL1 net
13:35:32: [INFO] Add COL10 net
13:35:32: [INFO] Add COL11 net
13:35:32: [INFO] Add COL12 net
13:35:32: [INFO] Add COL13 net
13:35:32: [INFO] Add COL14 net
13:35:32: [INFO] Add COL15 net
13:35:32: [INFO] Add COL16 net
13:35:32: [INFO] Add COL17 net
13:35:32: [INFO] Add COL18 net
13:35:32: [INFO] Add COL19 net
13:35:32: [INFO] Add COL2 net
13:35:32: [INFO] Add COL20 net
13:35:32: [INFO] Add COL3 net
13:35:32: [INFO] Add COL4 net
13:35:32: [INFO] Add COL5 net
13:35:32: [INFO] Add COL6 net
13:35:32: [INFO] Add COL7 net
13:35:32: [INFO] Add COL8 net
13:35:32: [INFO] Add COL9 net
13:35:32: [INFO] Add Net-(D1-A) net
13:35:32: [INFO] Add Net-(D10-A) net
13:35:32: [INFO] Add Net-(D100-A) net
13:35:32: [INFO] Add Net-(D101-A) net
13:35:32: [INFO] Add Net-(D102-A) net
13:35:32: [INFO] Add Net-(D103-A) net
13:35:32: [INFO] Add Net-(D104-A) net
13:35:32: [INFO] Add Net-(D105-A) net
13:35:32: [INFO] Add Net-(D106-A) net
13:35:32: [INFO] Add Net-(D107-A) net
13:35:32: [INFO] Add Net-(D108-A) net
13:35:32: [INFO] Add Net-(D109-A) net
13:35:32: [INFO] Add Net-(D11-A) net
13:35:32: [INFO] Add Net-(D110-A) net
13:35:32: [INFO] Add Net-(D111-A) net
13:35:32: [INFO] Add Net-(D112-A) net
13:35:32: [INFO] Add Net-(D12-A) net
13:35:32: [INFO] Add Net-(D13-A) net
13:35:32: [INFO] Add Net-(D14-A) net
13:35:32: [INFO] Add Net-(D15-A) net
13:35:32: [INFO] Add Net-(D16-A) net
13:35:32: [INFO] Add Net-(D17-A) net
13:35:32: [INFO] Add Net-(D18-A) net
13:35:32: [INFO] Add Net-(D19-A) net
13:35:32: [INFO] Add Net-(D2-A) net
13:35:32: [INFO] Add Net-(D20-A) net
13:35:32: [INFO] Add Net-(D21-A) net
13:35:32: [INFO] Add Net-(D22-A) net
13:35:32: [INFO] Add Net-(D23-A) net
13:35:32: [INFO] Add Net-(D24-A) net
13:35:32: [INFO] Add Net-(D25-A) net
13:35:32: [INFO] Add Net-(D26-A) net
13:35:32: [INFO] Add Net-(D27-A) net
13:35:32: [INFO] Add Net-(D28-A) net
13:35:32: [INFO] Add Net-(D29-A) net
13:35:32: [INFO] Add Net-(D3-A) net
13:35:32: [INFO] Add Net-(D30-A) net
13:35:32: [INFO] Add Net-(D31-A) net
13:35:32: [INFO] Add Net-(D32-A) net
13:35:32: [INFO] Add Net-(D33-A) net
13:35:32: [INFO] Add Net-(D34-A) net
13:35:32: [INFO] Add Net-(D35-A) net
13:35:32: [INFO] Add Net-(D36-A) net
13:35:32: [INFO] Add Net-(D37-A) net
13:35:32: [INFO] Add Net-(D38-A) net
13:35:32: [INFO] Add Net-(D39-A) net
13:35:32: [INFO] Add Net-(D4-A) net
13:35:32: [INFO] Add Net-(D40-A) net
13:35:32: [INFO] Add Net-(D41-A) net
13:35:32: [INFO] Add Net-(D42-A) net
13:35:32: [INFO] Add Net-(D43-A) net
13:35:32: [INFO] Add Net-(D44-A) net
13:35:32: [INFO] Add Net-(D45-A) net
13:35:32: [INFO] Add Net-(D46-A) net
13:35:32: [INFO] Add Net-(D47-A) net
13:35:32: [INFO] Add Net-(D48-A) net
13:35:32: [INFO] Add Net-(D49-A) net
13:35:32: [INFO] Add Net-(D5-A) net
13:35:32: [INFO] Add Net-(D50-A) net
13:35:32: [INFO] Add Net-(D51-A) net
13:35:32: [INFO] Add Net-(D52-A) net
13:35:32: [INFO] Add Net-(D53-A) net
13:35:32: [INFO] Add Net-(D54-A) net
13:35:32: [INFO] Add Net-(D55-A) net
13:35:32: [INFO] Add Net-(D56-A) net
13:35:32: [INFO] Add Net-(D57-A) net
13:35:32: [INFO] Add Net-(D58-A) net
13:35:32: [INFO] Add Net-(D59-A) net
13:35:32: [INFO] Add Net-(D6-A) net
13:35:32: [INFO] Add Net-(D60-A) net
13:35:32: [INFO] Add Net-(D61-A) net
13:35:32: [INFO] Add Net-(D62-A) net
13:35:32: [INFO] Add Net-(D63-A) net
13:35:32: [INFO] Add Net-(D64-A) net
13:35:32: [INFO] Add Net-(D65-A) net
13:35:32: [INFO] Add Net-(D66-A) net
13:35:32: [INFO] Add Net-(D67-A) net
13:35:32: [INFO] Add Net-(D68-A) net
13:35:32: [INFO] Add Net-(D69-A) net
13:35:32: [INFO] Add Net-(D7-A) net
13:35:32: [INFO] Add Net-(D70-A) net
13:35:32: [INFO] Add Net-(D71-A) net
13:35:32: [INFO] Add Net-(D72-A) net
13:35:32: [INFO] Add Net-(D73-A) net
13:35:32: [INFO] Add Net-(D74-A) net
13:35:32: [INFO] Add Net-(D75-A) net
13:35:32: [INFO] Add Net-(D76-A) net
13:35:32: [INFO] Add Net-(D77-A) net
13:35:32: [INFO] Add Net-(D78-A) net
13:35:32: [INFO] Add Net-(D79-A) net
13:35:32: [INFO] Add Net-(D8-A) net
13:35:32: [INFO] Add Net-(D80-A) net
13:35:32: [INFO] Add Net-(D81-A) net
13:35:32: [INFO] Add Net-(D82-A) net
13:35:32: [INFO] Add Net-(D83-A) net
13:35:32: [INFO] Add Net-(D84-A) net
13:35:32: [INFO] Add Net-(D85-A) net
13:35:32: [INFO] Add Net-(D86-A) net
13:35:32: [INFO] Add Net-(D87-A) net
13:35:32: [INFO] Add Net-(D88-A) net
13:35:32: [INFO] Add Net-(D89-A) net
13:35:32: [INFO] Add Net-(D9-A) net
13:35:32: [INFO] Add Net-(D90-A) net
13:35:32: [INFO] Add Net-(D91-A) net
13:35:32: [INFO] Add Net-(D92-A) net
13:35:32: [INFO] Add Net-(D93-A) net
13:35:32: [INFO] Add Net-(D94-A) net
13:35:32: [INFO] Add Net-(D95-A) net
13:35:32: [INFO] Add Net-(D96-A) net
13:35:32: [INFO] Add Net-(D97-A) net
13:35:32: [INFO] Add Net-(D98-A) net
13:35:32: [INFO] Add Net-(D99-A) net
13:35:32: [INFO] Add ROW0 net
13:35:32: [INFO] Add ROW1 net
13:35:32: [INFO] Add ROW2 net
13:35:32: [INFO] Add ROW3 net
13:35:32: [INFO] Add ROW4 net
13:35:32: [INFO] Add ROW5 net
13:35:32: [INFO] Add SW1 footprint
13:35:32: [INFO] Add D1 footprint
13:35:32: [INFO] Add SW2 footprint
13:35:32: [INFO] Add D2 footprint
13:35:32: [INFO] Add SW3 footprint
13:35:32: [INFO] Add D3 footprint
13:35:32: [INFO] Add SW3a footprint
13:35:32: [INFO] Add SW4 footprint
13:35:32: [INFO] Add D4 footprint
13:35:32: [INFO] Add SW4a footprint
13:35:32: [INFO] Add SW5 footprint
13:35:32: [INFO] Add D5 footprint
13:35:32: [INFO] Add SW5a footprint
13:35:32: [INFO] Add SW6 footprint
13:35:32: [INFO] Add D6 footprint
13:35:32: [INFO] Add SW6a footprint
13:35:32: [INFO] Add SW7 footprint
13:35:32: [INFO] Add D7 footprint
13:35:32: [INFO] Add SW8 footprint
13:35:32: [INFO] Add D8 footprint
13:35:32: [INFO] Add SW9 footprint
13:35:32: [INFO] Add D9 footprint
13:35:32: [INFO] Add SW10 footprint
13:35:32: [INFO] Add D10 footprint
13:35:32: [INFO] Add SW10a footprint
13:35:32: [INFO] Add SW11 footprint
13:35:33: [INFO] Add D11 footprint
13:35:33: [INFO] Add SW11a footprint
13:35:33: [INFO] Add SW12 footprint
13:35:33: [INFO] Add D12 footprint
13:35:33: [INFO] Add SW12a footprint
13:35:33: [INFO] Add SW13 footprint
13:35:33: [INFO] Add D13 footprint
13:35:33: [INFO] Add SW13a footprint
13:35:33: [INFO] Add SW14 footprint
13:35:33: [INFO] Add D14 footprint
13:35:33: [INFO] Add SW15 footprint
13:35:33: [INFO] Add D15 footprint
13:35:33: [INFO] Add SW16 footprint
13:35:33: [INFO] Add D16 footprint
13:35:33: [INFO] Add SW17 footprint
13:35:33: [INFO] Add D17 footprint
13:35:33: [INFO] Add SW18 footprint
13:35:33: [INFO] Add D18 footprint
13:35:33: [INFO] Add SW19 footprint
13:35:33: [INFO] Add D19 footprint
13:35:33: [INFO] Add SW20 footprint
13:35:33: [INFO] Add D20 footprint
13:35:33: [INFO] Add SW21 footprint
13:35:33: [INFO] Add D21 footprint
13:35:33: [INFO] Add SW22 footprint
13:35:33: [INFO] Add D22 footprint
13:35:33: [INFO] Add SW23 footprint
13:35:33: [INFO] Add D23 footprint
13:35:33: [INFO] Add SW24 footprint
13:35:33: [INFO] Add D24 footprint
13:35:33: [INFO] Add SW25 footprint
13:35:33: [INFO] Add D25 footprint
13:35:33: [INFO] Add SW26 footprint
13:35:33: [INFO] Add D26 footprint
13:35:33: [INFO] Add SW27 footprint
13:35:33: [INFO] Add D27 footprint
13:35:33: [INFO] Add SW28 footprint
13:35:34: [INFO] Add D28 footprint
13:35:34: [INFO] Add SW29 footprint
13:35:34: [INFO] Add D29 footprint
13:35:34: [INFO] Add SW30 footprint
13:35:34: [INFO] Add D30 footprint
13:35:34: [INFO] Add SW31 footprint
13:35:34: [INFO] Add D31 footprint
13:35:34: [INFO] Add SW32 footprint
13:35:34: [INFO] Add D32 footprint
13:35:34: [INFO] Add SW33 footprint
13:35:34: [INFO] Add D33 footprint
13:35:34: [INFO] Add SW34 footprint
13:35:34: [INFO] Add D34 footprint
13:35:34: [INFO] Add SW35 footprint
13:35:34: [INFO] Add D35 footprint
13:35:34: [INFO] Add SW36 footprint
13:35:34: [INFO] Add D36 footprint
13:35:34: [INFO] Add SW37 footprint
13:35:34: [INFO] Add D37 footprint
13:35:34: [INFO] Add SW38 footprint
13:35:34: [INFO] Add D38 footprint
13:35:34: [INFO] Add SW39 footprint
13:35:34: [INFO] Add D39 footprint
13:35:34: [INFO] Add SW40 footprint
13:35:34: [INFO] Add D40 footprint
13:35:34: [INFO] Add SW41 footprint
13:35:34: [INFO] Add D41 footprint
13:35:34: [INFO] Add SW42 footprint
13:35:34: [INFO] Add D42 footprint
13:35:34: [INFO] Add SW43 footprint
13:35:34: [INFO] Add D43 footprint
13:35:34: [INFO] Add SW44 footprint
13:35:34: [INFO] Add D44 footprint
13:35:34: [INFO] Add SW45 footprint
13:35:34: [INFO] Add D45 footprint
13:35:34: [INFO] Add SW46 footprint
13:35:34: [INFO] Add D46 footprint
13:35:34: [INFO] Add SW47 footprint
13:35:34: [INFO] Add D47 footprint
13:35:34: [INFO] Add SW48 footprint
13:35:35: [INFO] Add D48 footprint
13:35:35: [INFO] Add SW49 footprint
13:35:35: [INFO] Add D49 footprint
13:35:35: [INFO] Add SW50 footprint
13:35:35: [INFO] Add D50 footprint
13:35:35: [INFO] Add SW51 footprint
13:35:35: [INFO] Add D51 footprint
13:35:35: [INFO] Add SW52 footprint
13:35:35: [INFO] Add D52 footprint
13:35:35: [INFO] Add SW53 footprint
13:35:35: [INFO] Add D53 footprint
13:35:35: [INFO] Add ST53 footprint
13:35:35: [INFO] Add SW53a footprint
13:35:35: [INFO] Add SW54 footprint
13:35:35: [INFO] Add D54 footprint
13:35:35: [INFO] Add SW55 footprint
13:35:35: [INFO] Add D55 footprint
13:35:35: [INFO] Add SW56 footprint
13:35:35: [INFO] Add D56 footprint
13:35:35: [INFO] Add SW57 footprint
13:35:35: [INFO] Add D57 footprint
13:35:35: [INFO] Add SW58 footprint
13:35:35: [INFO] Add D58 footprint
13:35:35: [INFO] Add SW59 footprint
13:35:35: [INFO] Add D59 footprint
13:35:35: [INFO] Add SW60 footprint
13:35:35: [INFO] Add D60 footprint
13:35:35: [INFO] Add SW61 footprint
13:35:35: [INFO] Add D61 footprint
13:35:35: [INFO] Add SW62 footprint
13:35:35: [INFO] Add D62 footprint
13:35:35: [INFO] Add SW63 footprint
13:35:35: [INFO] Add D63 footprint
13:35:35: [INFO] Add SW64 footprint
13:35:35: [INFO] Add D64 footprint
13:35:35: [INFO] Add SW65 footprint
13:35:35: [INFO] Add D65 footprint
13:35:35: [INFO] Add SW66 footprint
13:35:35: [INFO] Add D66 footprint
13:35:35: [INFO] Add SW67 footprint
13:35:35: [INFO] Add D67 footprint
13:35:35: [INFO] Add SW68 footprint
13:35:35: [INFO] Add D68 footprint
13:35:35: [INFO] Add SW69 footprint
13:35:35: [INFO] Add D69 footprint
13:35:35: [INFO] Add SW70 footprint
13:35:36: [INFO] Add D70 footprint
13:35:36: [INFO] Add SW71 footprint
13:35:36: [INFO] Add D71 footprint
13:35:36: [INFO] Add SW72 footprint
13:35:36: [INFO] Add D72 footprint
13:35:36: [INFO] Add SW73 footprint
13:35:36: [INFO] Add D73 footprint
13:35:36: [WARNING] No stabilizer footprint for width 2.25u, using 2u as fallback
13:35:36: [INFO] Add ST73 footprint
13:35:36: [INFO] Add SW73a footprint
13:35:36: [INFO] Add ST73a footprint
13:35:36: [INFO] Add SW74 footprint
13:35:36: [INFO] Add D74 footprint
13:35:36: [INFO] Add SW75 footprint
13:35:36: [INFO] Add D75 footprint
13:35:36: [INFO] Add SW76 footprint
13:35:36: [INFO] Add D76 footprint
13:35:36: [INFO] Add SW77 footprint
13:35:36: [INFO] Add D77 footprint
13:35:36: [INFO] Add SW78 footprint
13:35:36: [INFO] Add D78 footprint
13:35:36: [INFO] Add ST78 footprint
13:35:36: [INFO] Add SW78a footprint
13:35:36: [INFO] Add SW79 footprint
13:35:36: [INFO] Add D79 footprint
13:35:36: [WARNING] No stabilizer footprint for width 2.25u, using 2u as fallback
13:35:36: [INFO] Add ST79 footprint
13:35:36: [INFO] Add SW79a footprint
13:35:36: [INFO] Add SW80 footprint
13:35:36: [INFO] Add D80 footprint
13:35:36: [INFO] Add SW81 footprint
13:35:36: [INFO] Add D81 footprint
13:35:36: [INFO] Add SW82 footprint
13:35:36: [INFO] Add D82 footprint
13:35:36: [INFO] Add SW83 footprint
13:35:36: [INFO] Add D83 footprint
13:35:36: [INFO] Add SW84 footprint
13:35:36: [INFO] Add D84 footprint
13:35:36: [INFO] Add SW85 footprint
13:35:36: [INFO] Add D85 footprint
13:35:36: [INFO] Add SW86 footprint
13:35:36: [INFO] Add D86 footprint
13:35:36: [INFO] Add SW87 footprint
13:35:36: [INFO] Add D87 footprint
13:35:37: [INFO] Add SW88 footprint
13:35:37: [INFO] Add D88 footprint
13:35:37: [INFO] Add SW89 footprint
13:35:37: [INFO] Add D89 footprint
13:35:37: [INFO] Add SW90 footprint
13:35:37: [INFO] Add D90 footprint
13:35:37: [INFO] Add SW91 footprint
13:35:37: [INFO] Add D91 footprint
13:35:37: [WARNING] No stabilizer footprint for width 2.75u, using 2u as fallback
13:35:37: [INFO] Add ST91 footprint
13:35:37: [INFO] Add SW91a footprint
13:35:37: [INFO] Add SW92 footprint
13:35:37: [INFO] Add D92 footprint
13:35:37: [INFO] Add SW93 footprint
13:35:37: [INFO] Add D93 footprint
13:35:37: [INFO] Add SW94 footprint
13:35:37: [INFO] Add D94 footprint
13:35:37: [INFO] Add SW95 footprint
13:35:37: [INFO] Add D95 footprint
13:35:37: [INFO] Add SW96 footprint
13:35:37: [INFO] Add D96 footprint
13:35:37: [INFO] Add SW97 footprint
13:35:37: [INFO] Add D97 footprint
13:35:37: [INFO] Add SW98 footprint
13:35:37: [INFO] Add D98 footprint
13:35:37: [INFO] Add SW98a footprint
13:35:37: [INFO] Add SW99 footprint
13:35:37: [INFO] Add D99 footprint
13:35:37: [INFO] Add SW99a footprint
13:35:37: [INFO] Add SW100 footprint
13:35:37: [INFO] Add D100 footprint
13:35:37: [INFO] Add SW100a footprint
13:35:37: [INFO] Add SW101 footprint
13:35:37: [INFO] Add D101 footprint
13:35:37: [INFO] Add ST101 footprint
13:35:37: [INFO] Add SW101a footprint
13:35:37: [INFO] Add ST101a footprint
13:35:37: [INFO] Add SW102 footprint
13:35:37: [INFO] Add D102 footprint
13:35:37: [INFO] Add SW103 footprint
13:35:37: [INFO] Add D103 footprint
13:35:37: [INFO] Add SW103a footprint
13:35:38: [INFO] Add SW104 footprint
13:35:38: [INFO] Add D104 footprint
13:35:38: [INFO] Add SW104a footprint
13:35:38: [INFO] Add SW105 footprint
13:35:38: [INFO] Add D105 footprint
13:35:38: [INFO] Add SW105a footprint
13:35:38: [INFO] Add SW106 footprint
13:35:38: [INFO] Add D106 footprint
13:35:38: [INFO] Add SW107 footprint
13:35:38: [INFO] Add D107 footprint
13:35:38: [INFO] Add SW108 footprint
13:35:38: [INFO] Add D108 footprint
13:35:38: [INFO] Add SW109 footprint
13:35:38: [INFO] Add D109 footprint
13:35:38: [INFO] Add SW110 footprint
13:35:38: [INFO] Add D110 footprint
13:35:38: [INFO] Add ST110 footprint
13:35:38: [INFO] Add SW110a footprint
13:35:38: [INFO] Add SW111 footprint
13:35:38: [INFO] Add D111 footprint
13:35:38: [INFO] Add SW112 footprint
13:35:38: [INFO] Add D112 footprint
13:35:38: [INFO] Add ST112 footprint
13:35:38: [INFO] Add SW112a footprint
13:35:38: [INFO] Detected layout convertible to matrix annotated keyboard
13:35:38: [INFO] Using key 1U distance: (19.05, 19.05) mm
13:35:38: [INFO] Layout offset: (38100000, 23812500)
13:35:38: [INFO] Diode info: [ElementInfo(annotation_format='D{}', position_option=<PositionOption.CUSTOM: 'Custom'>, position=ElementPosition(x=5.08, y=4.0, orientation=90.0, side=<Side.BACK: 'Back'>), template_path='', start_index=-1)]
13:35:38: [INFO] Placing additional elements for SW112a
13:35:38: [INFO] Placing additional elements for SW112
13:35:38: [INFO] Placing additional elements for SW111
13:35:38: [INFO] Placing additional elements for SW110a
13:35:38: [INFO] Placing additional elements for SW110
13:35:38: [INFO] Placing additional elements for SW109
13:35:38: [INFO] Placing additional elements for SW108
13:35:38: [INFO] Placing additional elements for SW107
13:35:38: [INFO] Placing additional elements for SW106
13:35:38: [INFO] Placing additional elements for SW105a
13:35:38: [INFO] Placing additional elements for SW105
13:35:38: [INFO] Placing additional elements for SW104a
13:35:38: [INFO] Placing additional elements for SW104
13:35:38: [INFO] Placing additional elements for SW103a
13:35:38: [INFO] Placing additional elements for SW103
13:35:38: [INFO] Placing additional elements for SW102
13:35:38: [INFO] Placing additional elements for SW101a
13:35:38: [INFO] Placing additional elements for SW101
13:35:38: [INFO] Placing additional elements for SW100a
13:35:38: [INFO] Placing additional elements for SW100
13:35:38: [INFO] Placing additional elements for SW99a
13:35:38: [INFO] Placing additional elements for SW99
13:35:38: [INFO] Placing additional elements for SW98a
13:35:38: [INFO] Placing additional elements for SW98
13:35:38: [INFO] Placing additional elements for SW97
13:35:38: [INFO] Placing additional elements for SW96
13:35:38: [INFO] Placing additional elements for SW95
13:35:38: [INFO] Placing additional elements for SW94
13:35:38: [INFO] Placing additional elements for SW93
13:35:38: [INFO] Placing additional elements for SW92
13:35:38: [INFO] Placing additional elements for SW91a
13:35:38: [INFO] Placing additional elements for SW91
13:35:38: [INFO] Placing additional elements for SW90
13:35:38: [INFO] Placing additional elements for SW89
13:35:38: [INFO] Placing additional elements for SW88
13:35:38: [INFO] Placing additional elements for SW87
13:35:38: [INFO] Placing additional elements for SW86
13:35:38: [INFO] Placing additional elements for SW85
13:35:38: [INFO] Placing additional elements for SW84
13:35:38: [INFO] Placing additional elements for SW83
13:35:38: [INFO] Placing additional elements for SW82
13:35:38: [INFO] Placing additional elements for SW81
13:35:38: [INFO] Placing additional elements for SW80
13:35:38: [INFO] Placing additional elements for SW79a
13:35:38: [INFO] Placing additional elements for SW79
13:35:38: [INFO] Placing additional elements for SW78a
13:35:38: [INFO] Placing additional elements for SW78
13:35:38: [INFO] Placing additional elements for SW77
13:35:38: [INFO] Placing additional elements for SW76
13:35:38: [INFO] Placing additional elements for SW75
13:35:38: [INFO] Placing additional elements for SW74
13:35:38: [INFO] Placing additional elements for SW73a
13:35:38: [INFO] Placing additional elements for SW73
13:35:38: [INFO] Placing additional elements for SW72
13:35:38: [INFO] Placing additional elements for SW71
13:35:38: [INFO] Placing additional elements for SW70
13:35:38: [INFO] Placing additional elements for SW69
13:35:38: [INFO] Placing additional elements for SW68
13:35:38: [INFO] Placing additional elements for SW67
13:35:38: [INFO] Placing additional elements for SW66
13:35:38: [INFO] Placing additional elements for SW65
13:35:38: [INFO] Placing additional elements for SW64
13:35:38: [INFO] Placing additional elements for SW63
13:35:38: [INFO] Placing additional elements for SW62
13:35:38: [INFO] Placing additional elements for SW61
13:35:38: [INFO] Placing additional elements for SW60
13:35:38: [INFO] Placing additional elements for SW59
13:35:38: [INFO] Placing additional elements for SW58
13:35:38: [INFO] Placing additional elements for SW57
13:35:38: [INFO] Placing additional elements for SW56
13:35:38: [INFO] Placing additional elements for SW55
13:35:38: [INFO] Placing additional elements for SW54
13:35:38: [INFO] Placing additional elements for SW53a
13:35:38: [INFO] Placing additional elements for SW53
13:35:38: [INFO] Placing additional elements for SW52
13:35:38: [INFO] Placing additional elements for SW51
13:35:38: [INFO] Placing additional elements for SW50
13:35:38: [INFO] Placing additional elements for SW49
13:35:38: [INFO] Placing additional elements for SW48
13:35:38: [INFO] Placing additional elements for SW47
13:35:38: [INFO] Placing additional elements for SW46
13:35:38: [INFO] Placing additional elements for SW45
13:35:38: [INFO] Placing additional elements for SW44
13:35:38: [INFO] Placing additional elements for SW43
13:35:38: [INFO] Placing additional elements for SW42
13:35:38: [INFO] Placing additional elements for SW41
13:35:38: [INFO] Placing additional elements for SW40
13:35:38: [INFO] Placing additional elements for SW39
13:35:38: [INFO] Placing additional elements for SW38
13:35:38: [INFO] Placing additional elements for SW37
13:35:38: [INFO] Placing additional elements for SW36
13:35:38: [INFO] Placing additional elements for SW35
13:35:38: [INFO] Placing additional elements for SW34
13:35:38: [INFO] Placing additional elements for SW33
13:35:38: [INFO] Placing additional elements for SW32
13:35:38: [INFO] Placing additional elements for SW31
13:35:38: [INFO] Placing additional elements for SW30
13:35:38: [INFO] Placing additional elements for SW29
13:35:38: [INFO] Placing additional elements for SW28
13:35:38: [INFO] Placing additional elements for SW27
13:35:38: [INFO] Placing additional elements for SW26
13:35:38: [INFO] Placing additional elements for SW25
13:35:38: [INFO] Placing additional elements for SW24
13:35:38: [INFO] Placing additional elements for SW23
13:35:38: [INFO] Placing additional elements for SW22
13:35:38: [INFO] Placing additional elements for SW21
13:35:38: [INFO] Placing additional elements for SW20
13:35:38: [INFO] Placing additional elements for SW19
13:35:38: [INFO] Placing additional elements for SW18
13:35:38: [INFO] Placing additional elements for SW17
13:35:38: [INFO] Placing additional elements for SW16
13:35:38: [INFO] Placing additional elements for SW15
13:35:38: [INFO] Placing additional elements for SW14
13:35:38: [INFO] Placing additional elements for SW13a
13:35:38: [INFO] Placing additional elements for SW13
13:35:38: [INFO] Placing additional elements for SW12a
13:35:38: [INFO] Placing additional elements for SW12
13:35:38: [INFO] Placing additional elements for SW11a
13:35:38: [INFO] Placing additional elements for SW11
13:35:38: [INFO] Placing additional elements for SW10a
13:35:38: [INFO] Placing additional elements for SW10
13:35:38: [INFO] Placing additional elements for SW9
13:35:38: [INFO] Placing additional elements for SW8
13:35:38: [INFO] Placing additional elements for SW7
13:35:38: [INFO] Placing additional elements for SW6a
13:35:38: [INFO] Placing additional elements for SW6
13:35:38: [INFO] Placing additional elements for SW5a
13:35:38: [INFO] Placing additional elements for SW5
13:35:38: [INFO] Placing additional elements for SW4a
13:35:38: [INFO] Placing additional elements for SW4
13:35:38: [INFO] Placing additional elements for SW3a
13:35:38: [INFO] Placing additional elements for SW3
13:35:38: [INFO] Placing additional elements for SW2
13:35:38: [INFO] Placing additional elements for SW1
13:35:38: [INFO] Routing SW112a with D112
13:35:38: [INFO] Using internal autorouter method
13:35:38: [INFO] Routing pad 'SW112a:2' at (507365000, 156845000) with pad 'D112:2' at (509905000, 155000000) using coordinate system rotated by 0 degree(s)
13:35:38: [INFO] Adding track segment (B.Cu): [(507365000, 156845000), (508060000, 156845000)]
13:35:38: [INFO] Adding track segment (B.Cu): [(508060000, 156845000), (509905000, 155000000)]
13:35:38: [INFO] Routing SW112 with D112
13:35:38: [INFO] Using internal autorouter method
13:35:38: [INFO] Routing pad 'SW112:2' at (507365000, 147320000) with pad 'D112:2' at (509905000, 155000000) using coordinate system rotated by 0 degree(s)
13:35:38: [INFO] Adding track segment (B.Cu): [(507365000, 147320000), (507365000, 152460000)]
13:35:38: [INFO] Adding track segment (B.Cu): [(507365000, 152460000), (509905000, 155000000)]
13:35:38: [INFO] Routing SW111 with D111
13:35:38: [INFO] Using internal autorouter method
13:35:38: [INFO] Routing pad 'SW111:2' at (488315000, 156845000) with pad 'D111:2' at (490855000, 164525000) using coordinate system rotated by 0 degree(s)
13:35:38: [INFO] Adding track segment (B.Cu): [(488315000, 156845000), (488315000, 161985000)]
13:35:38: [INFO] Adding track segment (B.Cu): [(488315000, 161985000), (490855000, 164525000)]
13:35:38: [INFO] Routing SW110a with D110
13:35:38: [INFO] Using internal autorouter method
13:35:38: [INFO] Routing pad 'SW110a:2' at (469265000, 156845000) with pad 'D110:2' at (462280000, 164525000) using coordinate system rotated by 0 degree(s)
13:35:38: [INFO] Routing SW110 with D110
13:35:38: [INFO] Using internal autorouter method
13:35:38: [INFO] Routing pad 'SW110:2' at (459740000, 156845000) with pad 'D110:2' at (462280000, 164525000) using coordinate system rotated by 0 degree(s)
13:35:38: [INFO] Adding track segment (B.Cu): [(459740000, 156845000), (459740000, 161985000)]
13:35:38: [INFO] Adding track segment (B.Cu): [(459740000, 161985000), (462280000, 164525000)]
13:35:38: [INFO] Routing SW109 with D109
13:35:38: [INFO] Using internal autorouter method
13:35:38: [INFO] Routing pad 'SW109:2' at (450215000, 156845000) with pad 'D109:2' at (452755000, 164525000) using coordinate system rotated by 0 degree(s)
13:35:38: [INFO] Adding track segment (B.Cu): [(450215000, 156845000), (450215000, 161985000)]
13:35:38: [INFO] Adding track segment (B.Cu): [(450215000, 161985000), (452755000, 164525000)]
13:35:38: [INFO] Routing SW108 with D108
13:35:38: [INFO] Using internal autorouter method
13:35:38: [INFO] Routing pad 'SW108:2' at (426402500, 156845000) with pad 'D108:2' at (428942500, 164525000) using coordinate system rotated by 0 degree(s)
13:35:38: [INFO] Adding track segment (B.Cu): [(426402500, 156845000), (426402500, 161985000)]
13:35:38: [INFO] Adding track segment (B.Cu): [(426402500, 161985000), (428942500, 164525000)]
13:35:38: [INFO] Routing SW107 with D107
13:35:38: [INFO] Using internal autorouter method
13:35:38: [INFO] Routing pad 'SW107:2' at (407352500, 156845000) with pad 'D107:2' at (409892500, 164525000) using coordinate system rotated by 0 degree(s)
13:35:38: [INFO] Adding track segment (B.Cu): [(407352500, 156845000), (407352500, 161985000)]
13:35:38: [INFO] Adding track segment (B.Cu): [(407352500, 161985000), (409892500, 164525000)]
13:35:38: [INFO] Routing SW106 with D106
13:35:38: [INFO] Using internal autorouter method
13:35:38: [INFO] Routing pad 'SW106:2' at (388302500, 156845000) with pad 'D106:2' at (390842500, 164525000) using coordinate system rotated by 0 degree(s)
13:35:38: [INFO] Adding track segment (B.Cu): [(388302500, 156845000), (388302500, 161985000)]
13:35:39: [INFO] Adding track segment (B.Cu): [(388302500, 161985000), (390842500, 164525000)]
13:35:39: [INFO] Routing SW105a with D105
13:35:39: [INFO] Using internal autorouter method
13:35:39: [INFO] Routing pad 'SW105a:2' at (362108750, 156845000) with pad 'D105:2' at (362267500, 164525000) using coordinate system rotated by 0 degree(s)
13:35:39: [INFO] Routing SW105 with D105
13:35:39: [INFO] Using internal autorouter method
13:35:39: [INFO] Routing pad 'SW105:2' at (359727500, 156845000) with pad 'D105:2' at (362267500, 164525000) using coordinate system rotated by 0 degree(s)
13:35:39: [INFO] Routing SW104a with D104
13:35:39: [INFO] Using internal autorouter method
13:35:39: [INFO] Routing pad 'SW104a:2' at (338296250, 156845000) with pad 'D104:2' at (338455000, 164525000) using coordinate system rotated by 0 degree(s)
13:35:39: [INFO] Routing SW104 with D104
13:35:39: [INFO] Using internal autorouter method
13:35:39: [INFO] Routing pad 'SW104:2' at (335915000, 156845000) with pad 'D104:2' at (338455000, 164525000) using coordinate system rotated by 0 degree(s)
13:35:39: [INFO] Routing SW103a with D103
13:35:39: [INFO] Using internal autorouter method
13:35:39: [INFO] Routing pad 'SW103a:2' at (314483750, 156845000) with pad 'D103:2' at (314642500, 164525000) using coordinate system rotated by 0 degree(s)
13:35:39: [INFO] Routing SW103 with D103
13:35:39: [INFO] Using internal autorouter method
13:35:39: [INFO] Routing pad 'SW103:2' at (312102500, 156845000) with pad 'D103:2' at (314642500, 164525000) using coordinate system rotated by 0 degree(s)
13:35:39: [INFO] Routing SW102 with D102
13:35:39: [INFO] Using internal autorouter method
13:35:39: [INFO] Routing pad 'SW102:2' at (290671250, 156845000) with pad 'D102:2' at (293211250, 164525000) using coordinate system rotated by 0 degree(s)
13:35:39: [INFO] Adding track segment (B.Cu): [(290671250, 156845000), (290671250, 161985000)]
13:35:39: [INFO] Adding track segment (B.Cu): [(290671250, 161985000), (293211250, 164525000)]
13:35:39: [INFO] Routing SW101a with D101
13:35:39: [INFO] Using internal autorouter method
13:35:39: [INFO] Routing pad 'SW101a:2' at (219233750, 156845000) with pad 'D101:2' at (233680000, 164525000) using coordinate system rotated by 0 degree(s)
13:35:39: [INFO] Routing SW101 with D101
13:35:39: [INFO] Using internal autorouter method
13:35:39: [INFO] Routing pad 'SW101:2' at (231140000, 156845000) with pad 'D101:2' at (233680000, 164525000) using coordinate system rotated by 0 degree(s)
13:35:39: [INFO] Adding track segment (B.Cu): [(231140000, 156845000), (231140000, 161985000)]
13:35:39: [INFO] Adding track segment (B.Cu): [(231140000, 161985000), (233680000, 164525000)]
13:35:39: [INFO] Routing SW100a with D100
13:35:39: [INFO] Using internal autorouter method
13:35:39: [INFO] Routing pad 'SW100a:2' at (147796250, 156845000) with pad 'D100:2' at (152717500, 164525000) using coordinate system rotated by 0 degree(s)
13:35:39: [INFO] Routing SW100 with D100
13:35:39: [INFO] Using internal autorouter method
13:35:39: [INFO] Routing pad 'SW100:2' at (150177500, 156845000) with pad 'D100:2' at (152717500, 164525000) using coordinate system rotated by 0 degree(s)
13:35:39: [INFO] Routing SW99a with D99
13:35:39: [INFO] Using internal autorouter method
13:35:39: [INFO] Routing pad 'SW99a:2' at (123983750, 156845000) with pad 'D99:2' at (128905000, 164525000) using coordinate system rotated by 0 degree(s)
13:35:39: [INFO] Routing SW99 with D99
13:35:39: [INFO] Using internal autorouter method
13:35:39: [INFO] Routing pad 'SW99:2' at (126365000, 156845000) with pad 'D99:2' at (128905000, 164525000) using coordinate system rotated by 0 degree(s)
13:35:39: [INFO] Routing SW98a with D98
13:35:39: [INFO] Using internal autorouter method
13:35:39: [INFO] Routing pad 'SW98a:2' at (100171250, 156845000) with pad 'D98:2' at (105092500, 164525000) using coordinate system rotated by 0 degree(s)
13:35:39: [INFO] Routing SW98 with D98
13:35:39: [INFO] Using internal autorouter method
13:35:39: [INFO] Routing pad 'SW98:2' at (102552500, 156845000) with pad 'D98:2' at (105092500, 164525000) using coordinate system rotated by 0 degree(s)
13:35:39: [INFO] Routing SW97 with D97
13:35:39: [INFO] Using internal autorouter method
13:35:39: [INFO] Routing pad 'SW97:2' at (507365000, 137795000) with pad 'D97:2' at (509905000, 145475000) using coordinate system rotated by 0 degree(s)
13:35:39: [INFO] Adding track segment (B.Cu): [(507365000, 137795000), (507365000, 142935000)]
13:35:39: [INFO] Adding track segment (B.Cu): [(507365000, 142935000), (509905000, 145475000)]
13:35:39: [INFO] Routing SW96 with D96
13:35:39: [INFO] Using internal autorouter method
13:35:39: [INFO] Routing pad 'SW96:2' at (488315000, 137795000) with pad 'D96:2' at (490855000, 145475000) using coordinate system rotated by 0 degree(s)
13:35:39: [INFO] Adding track segment (B.Cu): [(488315000, 137795000), (488315000, 142935000)]
13:35:39: [INFO] Adding track segment (B.Cu): [(488315000, 142935000), (490855000, 145475000)]
13:35:39: [INFO] Routing SW95 with D95
13:35:39: [INFO] Using internal autorouter method
13:35:39: [INFO] Routing pad 'SW95:2' at (469265000, 137795000) with pad 'D95:2' at (471805000, 145475000) using coordinate system rotated by 0 degree(s)
13:35:39: [INFO] Adding track segment (B.Cu): [(469265000, 137795000), (469265000, 142935000)]
13:35:39: [INFO] Adding track segment (B.Cu): [(469265000, 142935000), (471805000, 145475000)]
13:35:39: [INFO] Routing SW94 with D94
13:35:39: [INFO] Using internal autorouter method
13:35:39: [INFO] Routing pad 'SW94:2' at (450215000, 137795000) with pad 'D94:2' at (452755000, 145475000) using coordinate system rotated by 0 degree(s)
13:35:39: [INFO] Adding track segment (B.Cu): [(450215000, 137795000), (450215000, 142935000)]
13:35:39: [INFO] Adding track segment (B.Cu): [(450215000, 142935000), (452755000, 145475000)]
13:35:39: [INFO] Routing SW93 with D93
13:35:39: [INFO] Using internal autorouter method
13:35:39: [INFO] Routing pad 'SW93:2' at (407352500, 137795000) with pad 'D93:2' at (409892500, 145475000) using coordinate system rotated by 0 degree(s)
13:35:39: [INFO] Adding track segment (B.Cu): [(407352500, 137795000), (407352500, 142935000)]
13:35:39: [INFO] Adding track segment (B.Cu): [(407352500, 142935000), (409892500, 145475000)]
13:35:39: [INFO] Routing SW92 with D92
13:35:39: [INFO] Using internal autorouter method
13:35:39: [INFO] Routing pad 'SW92:2' at (364490000, 137795000) with pad 'D92:2' at (367030000, 145475000) using coordinate system rotated by 0 degree(s)
13:35:39: [INFO] Adding track segment (B.Cu): [(364490000, 137795000), (364490000, 142935000)]
13:35:39: [INFO] Adding track segment (B.Cu): [(364490000, 142935000), (367030000, 145475000)]
13:35:39: [INFO] Routing SW91a with D91
13:35:39: [INFO] Using internal autorouter method
13:35:39: [INFO] Routing pad 'SW91a:2' at (338296250, 137795000) with pad 'D91:2' at (350361250, 145475000) using coordinate system rotated by 0 degree(s)
13:35:39: [INFO] Routing SW91 with D91
13:35:39: [INFO] Using internal autorouter method
13:35:39: [INFO] Routing pad 'SW91:2' at (347821250, 137795000) with pad 'D91:2' at (350361250, 145475000) using coordinate system rotated by 0 degree(s)
13:35:39: [INFO] Adding track segment (B.Cu): [(347821250, 137795000), (347821250, 142935000)]
13:35:39: [INFO] Adding track segment (B.Cu): [(347821250, 142935000), (350361250, 145475000)]
13:35:39: [INFO] Routing SW90 with D90
13:35:39: [INFO] Using internal autorouter method
13:35:39: [INFO] Routing pad 'SW90:2' at (312102500, 137795000) with pad 'D90:2' at (314642500, 145475000) using coordinate system rotated by 0 degree(s)
13:35:39: [INFO] Adding track segment (B.Cu): [(312102500, 137795000), (312102500, 142935000)]
13:35:39: [INFO] Adding track segment (B.Cu): [(312102500, 142935000), (314642500, 145475000)]
13:35:39: [INFO] Routing SW89 with D89
13:35:39: [INFO] Using internal autorouter method
13:35:39: [INFO] Routing pad 'SW89:2' at (293052500, 137795000) with pad 'D89:2' at (295592500, 145475000) using coordinate system rotated by 0 degree(s)
13:35:39: [INFO] Adding track segment (B.Cu): [(293052500, 137795000), (293052500, 142935000)]
13:35:39: [INFO] Adding track segment (B.Cu): [(293052500, 142935000), (295592500, 145475000)]
13:35:39: [INFO] Routing SW88 with D88
13:35:39: [INFO] Using internal autorouter method
13:35:39: [INFO] Routing pad 'SW88:2' at (274002500, 137795000) with pad 'D88:2' at (276542500, 145475000) using coordinate system rotated by 0 degree(s)
13:35:39: [INFO] Adding track segment (B.Cu): [(274002500, 137795000), (274002500, 142935000)]
13:35:39: [INFO] Adding track segment (B.Cu): [(274002500, 142935000), (276542500, 145475000)]
13:35:39: [INFO] Routing SW87 with D87
13:35:39: [INFO] Using internal autorouter method
13:35:39: [INFO] Routing pad 'SW87:2' at (254952500, 137795000) with pad 'D87:2' at (257492500, 145475000) using coordinate system rotated by 0 degree(s)
13:35:39: [INFO] Adding track segment (B.Cu): [(254952500, 137795000), (254952500, 142935000)]
13:35:39: [INFO] Adding track segment (B.Cu): [(254952500, 142935000), (257492500, 145475000)]
13:35:39: [INFO] Routing SW86 with D86
13:35:39: [INFO] Using internal autorouter method
13:35:39: [INFO] Routing pad 'SW86:2' at (235902500, 137795000) with pad 'D86:2' at (238442500, 145475000) using coordinate system rotated by 0 degree(s)
13:35:39: [INFO] Adding track segment (B.Cu): [(235902500, 137795000), (235902500, 142935000)]
13:35:39: [INFO] Adding track segment (B.Cu): [(235902500, 142935000), (238442500, 145475000)]
13:35:39: [INFO] Routing SW85 with D85
13:35:39: [INFO] Using internal autorouter method
13:35:39: [INFO] Routing pad 'SW85:2' at (216852500, 137795000) with pad 'D85:2' at (219392500, 145475000) using coordinate system rotated by 0 degree(s)
13:35:39: [INFO] Adding track segment (B.Cu): [(216852500, 137795000), (216852500, 142935000)]
13:35:39: [INFO] Adding track segment (B.Cu): [(216852500, 142935000), (219392500, 145475000)]
13:35:39: [INFO] Routing SW84 with D84
13:35:39: [INFO] Using internal autorouter method
13:35:39: [INFO] Routing pad 'SW84:2' at (197802500, 137795000) with pad 'D84:2' at (200342500, 145475000) using coordinate system rotated by 0 degree(s)
13:35:39: [INFO] Adding track segment (B.Cu): [(197802500, 137795000), (197802500, 142935000)]
13:35:39: [INFO] Adding track segment (B.Cu): [(197802500, 142935000), (200342500, 145475000)]
13:35:39: [INFO] Routing SW83 with D83
13:35:39: [INFO] Using internal autorouter method
13:35:39: [INFO] Routing pad 'SW83:2' at (178752500, 137795000) with pad 'D83:2' at (181292500, 145475000) using coordinate system rotated by 0 degree(s)
13:35:39: [INFO] Adding track segment (B.Cu): [(178752500, 137795000), (178752500, 142935000)]
13:35:39: [INFO] Adding track segment (B.Cu): [(178752500, 142935000), (181292500, 145475000)]
13:35:39: [INFO] Routing SW82 with D82
13:35:39: [INFO] Using internal autorouter method
13:35:39: [INFO] Routing pad 'SW82:2' at (159702500, 137795000) with pad 'D82:2' at (162242500, 145475000) using coordinate system rotated by 0 degree(s)
13:35:39: [INFO] Adding track segment (B.Cu): [(159702500, 137795000), (159702500, 142935000)]
13:35:39: [INFO] Adding track segment (B.Cu): [(159702500, 142935000), (162242500, 145475000)]
13:35:39: [INFO] Routing SW81 with D81
13:35:39: [INFO] Using internal autorouter method
13:35:39: [INFO] Routing pad 'SW81:2' at (140652500, 137795000) with pad 'D81:2' at (143192500, 145475000) using coordinate system rotated by 0 degree(s)
13:35:39: [INFO] Adding track segment (B.Cu): [(140652500, 137795000), (140652500, 142935000)]
13:35:39: [INFO] Adding track segment (B.Cu): [(140652500, 142935000), (143192500, 145475000)]
13:35:39: [INFO] Routing SW80 with D80
13:35:39: [INFO] Using internal autorouter method
13:35:39: [INFO] Routing pad 'SW80:2' at (121602500, 137795000) with pad 'D80:2' at (124142500, 145475000) using coordinate system rotated by 0 degree(s)
13:35:39: [INFO] Adding track segment (B.Cu): [(121602500, 137795000), (121602500, 142935000)]
13:35:39: [INFO] Adding track segment (B.Cu): [(121602500, 142935000), (124142500, 145475000)]
13:35:39: [INFO] Routing SW79a with D79
13:35:39: [INFO] Using internal autorouter method
13:35:39: [INFO] Routing pad 'SW79a:2' at (100171250, 137795000) with pad 'D79:2' at (112236250, 145475000) using coordinate system rotated by 0 degree(s)
13:35:39: [INFO] Routing SW79 with D79
13:35:39: [INFO] Using internal autorouter method
13:35:39: [INFO] Routing pad 'SW79:2' at (109696250, 137795000) with pad 'D79:2' at (112236250, 145475000) using coordinate system rotated by 0 degree(s)
13:35:39: [INFO] Adding track segment (B.Cu): [(109696250, 137795000), (109696250, 142935000)]
13:35:39: [INFO] Adding track segment (B.Cu): [(109696250, 142935000), (112236250, 145475000)]
13:35:39: [INFO] Routing SW78a with D78
13:35:39: [INFO] Using internal autorouter method
13:35:39: [INFO] Routing pad 'SW78a:2' at (507365000, 118745000) with pad 'D78:2' at (509905000, 116900000) using coordinate system rotated by 0 degree(s)
13:35:39: [INFO] Adding track segment (B.Cu): [(507365000, 118745000), (508060000, 118745000)]
13:35:39: [INFO] Adding track segment (B.Cu): [(508060000, 118745000), (509905000, 116900000)]
13:35:39: [INFO] Routing SW78 with D78
13:35:39: [INFO] Using internal autorouter method
13:35:39: [INFO] Routing pad 'SW78:2' at (507365000, 109220000) with pad 'D78:2' at (509905000, 116900000) using coordinate system rotated by 0 degree(s)
13:35:39: [INFO] Adding track segment (B.Cu): [(507365000, 109220000), (507365000, 114360000)]
13:35:39: [INFO] Adding track segment (B.Cu): [(507365000, 114360000), (509905000, 116900000)]
13:35:39: [INFO] Routing SW77 with D77
13:35:39: [INFO] Using internal autorouter method
13:35:39: [INFO] Routing pad 'SW77:2' at (488315000, 118745000) with pad 'D77:2' at (490855000, 126425000) using coordinate system rotated by 0 degree(s)
13:35:39: [INFO] Adding track segment (B.Cu): [(488315000, 118745000), (488315000, 123885000)]
13:35:39: [INFO] Adding track segment (B.Cu): [(488315000, 123885000), (490855000, 126425000)]
13:35:39: [INFO] Routing SW76 with D76
13:35:39: [INFO] Using internal autorouter method
13:35:39: [INFO] Routing pad 'SW76:2' at (469265000, 118745000) with pad 'D76:2' at (471805000, 126425000) using coordinate system rotated by 0 degree(s)
13:35:39: [INFO] Adding track segment (B.Cu): [(469265000, 118745000), (469265000, 123885000)]
13:35:39: [INFO] Adding track segment (B.Cu): [(469265000, 123885000), (471805000, 126425000)]
13:35:39: [INFO] Routing SW75 with D75
13:35:39: [INFO] Using internal autorouter method
13:35:39: [INFO] Routing pad 'SW75:2' at (450215000, 118745000) with pad 'D75:2' at (452755000, 126425000) using coordinate system rotated by 0 degree(s)
13:35:39: [INFO] Adding track segment (B.Cu): [(450215000, 118745000), (450215000, 123885000)]
13:35:39: [INFO] Adding track segment (B.Cu): [(450215000, 123885000), (452755000, 126425000)]
13:35:39: [INFO] Routing SW74 with D74
13:35:39: [INFO] Using internal autorouter method
13:35:39: [INFO] Routing pad 'SW74:2' at (388302500, 99695000) with pad 'D74:2' at (390842500, 107375000) using coordinate system rotated by 0 degree(s)
13:35:39: [INFO] Adding track segment (B.Cu): [(388302500, 99695000), (388302500, 104835000)]
13:35:39: [INFO] Adding track segment (B.Cu): [(388302500, 104835000), (390842500, 107375000)]
13:35:39: [INFO] Routing SW73a with D73
13:35:39: [INFO] Using internal autorouter method
13:35:39: [INFO] Routing pad 'SW73a:2' at (362108750, 109220000) with pad 'D73:2' at (355123750, 126425000) using coordinate system rotated by 0 degree(s)
13:35:39: [INFO] Routing SW73 with D73
13:35:39: [INFO] Using internal autorouter method
13:35:39: [INFO] Routing pad 'SW73:2' at (352583750, 118745000) with pad 'D73:2' at (355123750, 126425000) using coordinate system rotated by 0 degree(s)
13:35:39: [INFO] Adding track segment (B.Cu): [(352583750, 118745000), (352583750, 123885000)]
13:35:39: [INFO] Adding track segment (B.Cu): [(352583750, 123885000), (355123750, 126425000)]
13:35:39: [INFO] Routing SW72 with D72
13:35:39: [INFO] Using internal autorouter method
13:35:39: [INFO] Routing pad 'SW72:2' at (340677500, 118745000) with pad 'D72:2' at (343217500, 126425000) using coordinate system rotated by 0 degree(s)
13:35:40: [INFO] Adding track segment (B.Cu): [(340677500, 118745000), (340677500, 123885000)]
13:35:40: [INFO] Adding track segment (B.Cu): [(340677500, 123885000), (343217500, 126425000)]
13:35:40: [INFO] Routing SW71 with D71
13:35:40: [INFO] Using internal autorouter method
13:35:40: [INFO] Routing pad 'SW71:2' at (321627500, 118745000) with pad 'D71:2' at (324167500, 126425000) using coordinate system rotated by 0 degree(s)
13:35:40: [INFO] Adding track segment (B.Cu): [(321627500, 118745000), (321627500, 123885000)]
13:35:40: [INFO] Adding track segment (B.Cu): [(321627500, 123885000), (324167500, 126425000)]
13:35:40: [INFO] Routing SW70 with D70
13:35:40: [INFO] Using internal autorouter method
13:35:40: [INFO] Routing pad 'SW70:2' at (302577500, 118745000) with pad 'D70:2' at (305117500, 126425000) using coordinate system rotated by 0 degree(s)
13:35:40: [INFO] Adding track segment (B.Cu): [(302577500, 118745000), (302577500, 123885000)]
13:35:40: [INFO] Adding track segment (B.Cu): [(302577500, 123885000), (305117500, 126425000)]
13:35:40: [INFO] Routing SW69 with D69
13:35:40: [INFO] Using internal autorouter method
13:35:40: [INFO] Routing pad 'SW69:2' at (283527500, 118745000) with pad 'D69:2' at (286067500, 126425000) using coordinate system rotated by 0 degree(s)
13:35:40: [INFO] Adding track segment (B.Cu): [(283527500, 118745000), (283527500, 123885000)]
13:35:40: [INFO] Adding track segment (B.Cu): [(283527500, 123885000), (286067500, 126425000)]
13:35:40: [INFO] Routing SW68 with D68
13:35:40: [INFO] Using internal autorouter method
13:35:40: [INFO] Routing pad 'SW68:2' at (264477500, 118745000) with pad 'D68:2' at (267017500, 126425000) using coordinate system rotated by 0 degree(s)
13:35:40: [INFO] Adding track segment (B.Cu): [(264477500, 118745000), (264477500, 123885000)]
13:35:40: [INFO] Adding track segment (B.Cu): [(264477500, 123885000), (267017500, 126425000)]
13:35:40: [INFO] Routing SW67 with D67
13:35:40: [INFO] Using internal autorouter method
13:35:40: [INFO] Routing pad 'SW67:2' at (245427500, 118745000) with pad 'D67:2' at (247967500, 126425000) using coordinate system rotated by 0 degree(s)
13:35:40: [INFO] Adding track segment (B.Cu): [(245427500, 118745000), (245427500, 123885000)]
13:35:40: [INFO] Adding track segment (B.Cu): [(245427500, 123885000), (247967500, 126425000)]
13:35:40: [INFO] Routing SW66 with D66
13:35:40: [INFO] Using internal autorouter method
13:35:40: [INFO] Routing pad 'SW66:2' at (226377500, 118745000) with pad 'D66:2' at (228917500, 126425000) using coordinate system rotated by 0 degree(s)
13:35:40: [INFO] Adding track segment (B.Cu): [(226377500, 118745000), (226377500, 123885000)]
13:35:40: [INFO] Adding track segment (B.Cu): [(226377500, 123885000), (228917500, 126425000)]
13:35:40: [INFO] Routing SW65 with D65
13:35:40: [INFO] Using internal autorouter method
13:35:40: [INFO] Routing pad 'SW65:2' at (207327500, 118745000) with pad 'D65:2' at (209867500, 126425000) using coordinate system rotated by 0 degree(s)
13:35:40: [INFO] Adding track segment (B.Cu): [(207327500, 118745000), (207327500, 123885000)]
13:35:40: [INFO] Adding track segment (B.Cu): [(207327500, 123885000), (209867500, 126425000)]
13:35:40: [INFO] Routing SW64 with D64
13:35:40: [INFO] Using internal autorouter method
13:35:40: [INFO] Routing pad 'SW64:2' at (188277500, 118745000) with pad 'D64:2' at (190817500, 126425000) using coordinate system rotated by 0 degree(s)
13:35:40: [INFO] Adding track segment (B.Cu): [(188277500, 118745000), (188277500, 123885000)]
13:35:40: [INFO] Adding track segment (B.Cu): [(188277500, 123885000), (190817500, 126425000)]
13:35:40: [INFO] Routing SW63 with D63
13:35:40: [INFO] Using internal autorouter method
13:35:40: [INFO] Routing pad 'SW63:2' at (169227500, 118745000) with pad 'D63:2' at (171767500, 126425000) using coordinate system rotated by 0 degree(s)
13:35:40: [INFO] Adding track segment (B.Cu): [(169227500, 118745000), (169227500, 123885000)]
13:35:40: [INFO] Adding track segment (B.Cu): [(169227500, 123885000), (171767500, 126425000)]
13:35:40: [INFO] Routing SW62 with D62
13:35:40: [INFO] Using internal autorouter method
13:35:40: [INFO] Routing pad 'SW62:2' at (150177500, 118745000) with pad 'D62:2' at (152717500, 126425000) using coordinate system rotated by 0 degree(s)
13:35:40: [INFO] Adding track segment (B.Cu): [(150177500, 118745000), (150177500, 123885000)]
13:35:40: [INFO] Adding track segment (B.Cu): [(150177500, 123885000), (152717500, 126425000)]
13:35:40: [INFO] Routing SW61 with D61
13:35:40: [INFO] Using internal autorouter method
13:35:40: [INFO] Routing pad 'SW61:2' at (131127500, 118745000) with pad 'D61:2' at (133667500, 126425000) using coordinate system rotated by 0 degree(s)
13:35:40: [INFO] Adding track segment (B.Cu): [(131127500, 118745000), (131127500, 123885000)]
13:35:40: [INFO] Adding track segment (B.Cu): [(131127500, 123885000), (133667500, 126425000)]
13:35:40: [INFO] Routing SW60 with D60
13:35:40: [INFO] Using internal autorouter method
13:35:40: [INFO] Routing pad 'SW60:2' at (104933750, 118745000) with pad 'D60:2' at (107473750, 126425000) using coordinate system rotated by 0 degree(s)
13:35:40: [INFO] Adding track segment (B.Cu): [(104933750, 118745000), (104933750, 123885000)]
13:35:40: [INFO] Adding track segment (B.Cu): [(104933750, 123885000), (107473750, 126425000)]
13:35:40: [INFO] Routing SW59 with D59
13:35:40: [INFO] Using internal autorouter method
13:35:40: [INFO] Routing pad 'SW59:2' at (507365000, 99695000) with pad 'D59:2' at (509905000, 107375000) using coordinate system rotated by 0 degree(s)
13:35:40: [INFO] Adding track segment (B.Cu): [(507365000, 99695000), (507365000, 104835000)]
13:35:40: [INFO] Adding track segment (B.Cu): [(507365000, 104835000), (509905000, 107375000)]
13:35:40: [INFO] Routing SW58 with D58
13:35:40: [INFO] Using internal autorouter method
13:35:40: [INFO] Routing pad 'SW58:2' at (488315000, 99695000) with pad 'D58:2' at (490855000, 107375000) using coordinate system rotated by 0 degree(s)
13:35:40: [INFO] Adding track segment (B.Cu): [(488315000, 99695000), (488315000, 104835000)]
13:35:40: [INFO] Adding track segment (B.Cu): [(488315000, 104835000), (490855000, 107375000)]
13:35:40: [INFO] Routing SW57 with D57
13:35:40: [INFO] Using internal autorouter method
13:35:40: [INFO] Routing pad 'SW57:2' at (469265000, 99695000) with pad 'D57:2' at (471805000, 107375000) using coordinate system rotated by 0 degree(s)
13:35:40: [INFO] Adding track segment (B.Cu): [(469265000, 99695000), (469265000, 104835000)]
13:35:40: [INFO] Adding track segment (B.Cu): [(469265000, 104835000), (471805000, 107375000)]
13:35:40: [INFO] Routing SW56 with D56
13:35:40: [INFO] Using internal autorouter method
13:35:40: [INFO] Routing pad 'SW56:2' at (450215000, 99695000) with pad 'D56:2' at (452755000, 107375000) using coordinate system rotated by 0 degree(s)
13:35:40: [INFO] Adding track segment (B.Cu): [(450215000, 99695000), (450215000, 104835000)]
13:35:40: [INFO] Adding track segment (B.Cu): [(450215000, 104835000), (452755000, 107375000)]
13:35:40: [INFO] Routing SW55 with D55
13:35:40: [INFO] Using internal autorouter method
13:35:40: [INFO] Routing pad 'SW55:2' at (426402500, 99695000) with pad 'D55:2' at (428942500, 107375000) using coordinate system rotated by 0 degree(s)
13:35:40: [INFO] Adding track segment (B.Cu): [(426402500, 99695000), (426402500, 104835000)]
13:35:40: [INFO] Adding track segment (B.Cu): [(426402500, 104835000), (428942500, 107375000)]
13:35:40: [INFO] Routing SW54 with D54
13:35:40: [INFO] Using internal autorouter method
13:35:40: [INFO] Routing pad 'SW54:2' at (407352500, 99695000) with pad 'D54:2' at (409892500, 107375000) using coordinate system rotated by 0 degree(s)
13:35:40: [INFO] Adding track segment (B.Cu): [(407352500, 99695000), (407352500, 104835000)]
13:35:40: [INFO] Adding track segment (B.Cu): [(407352500, 104835000), (409892500, 107375000)]
13:35:40: [INFO] Routing SW53a with D53
13:35:40: [INFO] Using internal autorouter method
13:35:40: [INFO] Routing pad 'SW53a:2' at (364490000, 80645000) with pad 'D53:2' at (357505000, 88325000) using coordinate system rotated by 0 degree(s)
13:35:40: [INFO] Routing SW53 with D53
13:35:40: [INFO] Using internal autorouter method
13:35:40: [INFO] Routing pad 'SW53:2' at (354965000, 80645000) with pad 'D53:2' at (357505000, 88325000) using coordinate system rotated by 0 degree(s)
13:35:40: [INFO] Adding track segment (B.Cu): [(354965000, 80645000), (354965000, 85785000)]
13:35:40: [INFO] Adding track segment (B.Cu): [(354965000, 85785000), (357505000, 88325000)]
13:35:40: [INFO] Routing SW52 with D52
13:35:40: [INFO] Using internal autorouter method
13:35:40: [INFO] Routing pad 'SW52:2' at (359727500, 99695000) with pad 'D52:2' at (362267500, 107375000) using coordinate system rotated by 0 degree(s)
13:35:40: [INFO] Adding track segment (B.Cu): [(359727500, 99695000), (359727500, 104835000)]
13:35:40: [INFO] Adding track segment (B.Cu): [(359727500, 104835000), (362267500, 107375000)]
13:35:40: [INFO] Routing SW51 with D51
13:35:40: [INFO] Using internal autorouter method
13:35:40: [INFO] Routing pad 'SW51:2' at (335915000, 99695000) with pad 'D51:2' at (338455000, 107375000) using coordinate system rotated by 0 degree(s)
13:35:40: [INFO] Adding track segment (B.Cu): [(335915000, 99695000), (335915000, 104835000)]
13:35:40: [INFO] Adding track segment (B.Cu): [(335915000, 104835000), (338455000, 107375000)]
13:35:40: [INFO] Routing SW50 with D50
13:35:40: [INFO] Using internal autorouter method
13:35:40: [INFO] Routing pad 'SW50:2' at (316865000, 99695000) with pad 'D50:2' at (319405000, 107375000) using coordinate system rotated by 0 degree(s)
13:35:40: [INFO] Adding track segment (B.Cu): [(316865000, 99695000), (316865000, 104835000)]
13:35:40: [INFO] Adding track segment (B.Cu): [(316865000, 104835000), (319405000, 107375000)]
13:35:40: [INFO] Routing SW49 with D49
13:35:40: [INFO] Using internal autorouter method
13:35:40: [INFO] Routing pad 'SW49:2' at (297815000, 99695000) with pad 'D49:2' at (300355000, 107375000) using coordinate system rotated by 0 degree(s)
13:35:40: [INFO] Adding track segment (B.Cu): [(297815000, 99695000), (297815000, 104835000)]
13:35:40: [INFO] Adding track segment (B.Cu): [(297815000, 104835000), (300355000, 107375000)]
13:35:40: [INFO] Routing SW48 with D48
13:35:40: [INFO] Using internal autorouter method
13:35:40: [INFO] Routing pad 'SW48:2' at (278765000, 99695000) with pad 'D48:2' at (281305000, 107375000) using coordinate system rotated by 0 degree(s)
13:35:40: [INFO] Adding track segment (B.Cu): [(278765000, 99695000), (278765000, 104835000)]
13:35:40: [INFO] Adding track segment (B.Cu): [(278765000, 104835000), (281305000, 107375000)]
13:35:40: [INFO] Routing SW47 with D47
13:35:40: [INFO] Using internal autorouter method
13:35:40: [INFO] Routing pad 'SW47:2' at (259715000, 99695000) with pad 'D47:2' at (262255000, 107375000) using coordinate system rotated by 0 degree(s)
13:35:40: [INFO] Adding track segment (B.Cu): [(259715000, 99695000), (259715000, 104835000)]
13:35:40: [INFO] Adding track segment (B.Cu): [(259715000, 104835000), (262255000, 107375000)]
13:35:40: [INFO] Routing SW46 with D46
13:35:40: [INFO] Using internal autorouter method
13:35:40: [INFO] Routing pad 'SW46:2' at (240665000, 99695000) with pad 'D46:2' at (243205000, 107375000) using coordinate system rotated by 0 degree(s)
13:35:40: [INFO] Adding track segment (B.Cu): [(240665000, 99695000), (240665000, 104835000)]
13:35:40: [INFO] Adding track segment (B.Cu): [(240665000, 104835000), (243205000, 107375000)]
13:35:40: [INFO] Routing SW45 with D45
13:35:40: [INFO] Using internal autorouter method
13:35:40: [INFO] Routing pad 'SW45:2' at (221615000, 99695000) with pad 'D45:2' at (224155000, 107375000) using coordinate system rotated by 0 degree(s)
13:35:40: [INFO] Adding track segment (B.Cu): [(221615000, 99695000), (221615000, 104835000)]
13:35:40: [INFO] Adding track segment (B.Cu): [(221615000, 104835000), (224155000, 107375000)]
13:35:40: [INFO] Routing SW44 with D44
13:35:40: [INFO] Using internal autorouter method
13:35:40: [INFO] Routing pad 'SW44:2' at (202565000, 99695000) with pad 'D44:2' at (205105000, 107375000) using coordinate system rotated by 0 degree(s)
13:35:40: [INFO] Adding track segment (B.Cu): [(202565000, 99695000), (202565000, 104835000)]
13:35:40: [INFO] Adding track segment (B.Cu): [(202565000, 104835000), (205105000, 107375000)]
13:35:40: [INFO] Routing SW43 with D43
13:35:40: [INFO] Using internal autorouter method
13:35:40: [INFO] Routing pad 'SW43:2' at (183515000, 99695000) with pad 'D43:2' at (186055000, 107375000) using coordinate system rotated by 0 degree(s)
13:35:40: [INFO] Adding track segment (B.Cu): [(183515000, 99695000), (183515000, 104835000)]
13:35:40: [INFO] Adding track segment (B.Cu): [(183515000, 104835000), (186055000, 107375000)]
13:35:40: [INFO] Routing SW42 with D42
13:35:40: [INFO] Using internal autorouter method
13:35:40: [INFO] Routing pad 'SW42:2' at (164465000, 99695000) with pad 'D42:2' at (167005000, 107375000) using coordinate system rotated by 0 degree(s)
13:35:40: [INFO] Adding track segment (B.Cu): [(164465000, 99695000), (164465000, 104835000)]
13:35:40: [INFO] Adding track segment (B.Cu): [(164465000, 104835000), (167005000, 107375000)]
13:35:40: [INFO] Routing SW41 with D41
13:35:40: [INFO] Using internal autorouter method
13:35:40: [INFO] Routing pad 'SW41:2' at (145415000, 99695000) with pad 'D41:2' at (147955000, 107375000) using coordinate system rotated by 0 degree(s)
13:35:40: [INFO] Adding track segment (B.Cu): [(145415000, 99695000), (145415000, 104835000)]
13:35:40: [INFO] Adding track segment (B.Cu): [(145415000, 104835000), (147955000, 107375000)]
13:35:40: [INFO] Routing SW40 with D40
13:35:40: [INFO] Using internal autorouter method
13:35:40: [INFO] Routing pad 'SW40:2' at (126365000, 99695000) with pad 'D40:2' at (128905000, 107375000) using coordinate system rotated by 0 degree(s)
13:35:41: [INFO] Adding track segment (B.Cu): [(126365000, 99695000), (126365000, 104835000)]
13:35:41: [INFO] Adding track segment (B.Cu): [(126365000, 104835000), (128905000, 107375000)]
13:35:41: [INFO] Routing SW39 with D39
13:35:41: [INFO] Using internal autorouter method
13:35:41: [INFO] Routing pad 'SW39:2' at (102552500, 99695000) with pad 'D39:2' at (105092500, 107375000) using coordinate system rotated by 0 degree(s)
13:35:41: [INFO] Adding track segment (B.Cu): [(102552500, 99695000), (102552500, 104835000)]
13:35:41: [INFO] Adding track segment (B.Cu): [(102552500, 104835000), (105092500, 107375000)]
13:35:41: [INFO] Routing SW38 with D38
13:35:41: [INFO] Using internal autorouter method
13:35:41: [INFO] Routing pad 'SW38:2' at (507365000, 80645000) with pad 'D38:2' at (509905000, 88325000) using coordinate system rotated by 0 degree(s)
13:35:41: [INFO] Adding track segment (B.Cu): [(507365000, 80645000), (507365000, 85785000)]
13:35:41: [INFO] Adding track segment (B.Cu): [(507365000, 85785000), (509905000, 88325000)]
13:35:41: [INFO] Routing SW37 with D37
13:35:41: [INFO] Using internal autorouter method
13:35:41: [INFO] Routing pad 'SW37:2' at (488315000, 80645000) with pad 'D37:2' at (490855000, 88325000) using coordinate system rotated by 0 degree(s)
13:35:41: [INFO] Adding track segment (B.Cu): [(488315000, 80645000), (488315000, 85785000)]
13:35:41: [INFO] Adding track segment (B.Cu): [(488315000, 85785000), (490855000, 88325000)]
13:35:41: [INFO] Routing SW36 with D36
13:35:41: [INFO] Using internal autorouter method
13:35:41: [INFO] Routing pad 'SW36:2' at (469265000, 80645000) with pad 'D36:2' at (471805000, 88325000) using coordinate system rotated by 0 degree(s)
13:35:41: [INFO] Adding track segment (B.Cu): [(469265000, 80645000), (469265000, 85785000)]
13:35:41: [INFO] Adding track segment (B.Cu): [(469265000, 85785000), (471805000, 88325000)]
13:35:41: [INFO] Routing SW35 with D35
13:35:41: [INFO] Using internal autorouter method
13:35:41: [INFO] Routing pad 'SW35:2' at (450215000, 80645000) with pad 'D35:2' at (452755000, 88325000) using coordinate system rotated by 0 degree(s)
13:35:41: [INFO] Adding track segment (B.Cu): [(450215000, 80645000), (450215000, 85785000)]
13:35:41: [INFO] Adding track segment (B.Cu): [(450215000, 85785000), (452755000, 88325000)]
13:35:41: [INFO] Routing SW34 with D34
13:35:41: [INFO] Using internal autorouter method
13:35:41: [INFO] Routing pad 'SW34:2' at (426402500, 80645000) with pad 'D34:2' at (428942500, 88325000) using coordinate system rotated by 0 degree(s)
13:35:41: [INFO] Adding track segment (B.Cu): [(426402500, 80645000), (426402500, 85785000)]
13:35:41: [INFO] Adding track segment (B.Cu): [(426402500, 85785000), (428942500, 88325000)]
13:35:41: [INFO] Routing SW33 with D33
13:35:41: [INFO] Using internal autorouter method
13:35:41: [INFO] Routing pad 'SW33:2' at (407352500, 80645000) with pad 'D33:2' at (409892500, 88325000) using coordinate system rotated by 0 degree(s)
13:35:41: [INFO] Adding track segment (B.Cu): [(407352500, 80645000), (407352500, 85785000)]
13:35:41: [INFO] Adding track segment (B.Cu): [(407352500, 85785000), (409892500, 88325000)]
13:35:41: [INFO] Routing SW32 with D32
13:35:41: [INFO] Using internal autorouter method
13:35:41: [INFO] Routing pad 'SW32:2' at (388302500, 80645000) with pad 'D32:2' at (390842500, 88325000) using coordinate system rotated by 0 degree(s)
13:35:41: [INFO] Adding track segment (B.Cu): [(388302500, 80645000), (388302500, 85785000)]
13:35:41: [INFO] Adding track segment (B.Cu): [(388302500, 85785000), (390842500, 88325000)]
13:35:41: [INFO] Routing SW31 with D31
13:35:41: [INFO] Using internal autorouter method
13:35:41: [INFO] Routing pad 'SW31:2' at (345440000, 80645000) with pad 'D31:2' at (347980000, 88325000) using coordinate system rotated by 0 degree(s)
13:35:41: [INFO] Adding track segment (B.Cu): [(345440000, 80645000), (345440000, 85785000)]
13:35:41: [INFO] Adding track segment (B.Cu): [(345440000, 85785000), (347980000, 88325000)]
13:35:41: [INFO] Routing SW30 with D30
13:35:41: [INFO] Using internal autorouter method
13:35:41: [INFO] Routing pad 'SW30:2' at (326390000, 80645000) with pad 'D30:2' at (328930000, 88325000) using coordinate system rotated by 0 degree(s)
13:35:41: [INFO] Adding track segment (B.Cu): [(326390000, 80645000), (326390000, 85785000)]
13:35:41: [INFO] Adding track segment (B.Cu): [(326390000, 85785000), (328930000, 88325000)]
13:35:41: [INFO] Routing SW29 with D29
13:35:41: [INFO] Using internal autorouter method
13:35:41: [INFO] Routing pad 'SW29:2' at (307340000, 80645000) with pad 'D29:2' at (309880000, 88325000) using coordinate system rotated by 0 degree(s)
13:35:41: [INFO] Adding track segment (B.Cu): [(307340000, 80645000), (307340000, 85785000)]
13:35:41: [INFO] Adding track segment (B.Cu): [(307340000, 85785000), (309880000, 88325000)]
13:35:41: [INFO] Routing SW28 with D28
13:35:41: [INFO] Using internal autorouter method
13:35:41: [INFO] Routing pad 'SW28:2' at (288290000, 80645000) with pad 'D28:2' at (290830000, 88325000) using coordinate system rotated by 0 degree(s)
13:35:41: [INFO] Adding track segment (B.Cu): [(288290000, 80645000), (288290000, 85785000)]
13:35:41: [INFO] Adding track segment (B.Cu): [(288290000, 85785000), (290830000, 88325000)]
13:35:41: [INFO] Routing SW27 with D27
13:35:41: [INFO] Using internal autorouter method
13:35:41: [INFO] Routing pad 'SW27:2' at (269240000, 80645000) with pad 'D27:2' at (271780000, 88325000) using coordinate system rotated by 0 degree(s)
13:35:41: [INFO] Adding track segment (B.Cu): [(269240000, 80645000), (269240000, 85785000)]
13:35:41: [INFO] Adding track segment (B.Cu): [(269240000, 85785000), (271780000, 88325000)]
13:35:41: [INFO] Routing SW26 with D26
13:35:41: [INFO] Using internal autorouter method
13:35:41: [INFO] Routing pad 'SW26:2' at (250190000, 80645000) with pad 'D26:2' at (252730000, 88325000) using coordinate system rotated by 0 degree(s)
13:35:41: [INFO] Adding track segment (B.Cu): [(250190000, 80645000), (250190000, 85785000)]
13:35:41: [INFO] Adding track segment (B.Cu): [(250190000, 85785000), (252730000, 88325000)]
13:35:41: [INFO] Routing SW25 with D25
13:35:41: [INFO] Using internal autorouter method
13:35:41: [INFO] Routing pad 'SW25:2' at (231140000, 80645000) with pad 'D25:2' at (233680000, 88325000) using coordinate system rotated by 0 degree(s)
13:35:41: [INFO] Adding track segment (B.Cu): [(231140000, 80645000), (231140000, 85785000)]
13:35:41: [INFO] Adding track segment (B.Cu): [(231140000, 85785000), (233680000, 88325000)]
13:35:41: [INFO] Routing SW24 with D24
13:35:41: [INFO] Using internal autorouter method
13:35:41: [INFO] Routing pad 'SW24:2' at (212090000, 80645000) with pad 'D24:2' at (214630000, 88325000) using coordinate system rotated by 0 degree(s)
13:35:41: [INFO] Adding track segment (B.Cu): [(212090000, 80645000), (212090000, 85785000)]
13:35:41: [INFO] Adding track segment (B.Cu): [(212090000, 85785000), (214630000, 88325000)]
13:35:41: [INFO] Routing SW23 with D23
13:35:41: [INFO] Using internal autorouter method
13:35:41: [INFO] Routing pad 'SW23:2' at (193040000, 80645000) with pad 'D23:2' at (195580000, 88325000) using coordinate system rotated by 0 degree(s)
13:35:41: [INFO] Adding track segment (B.Cu): [(193040000, 80645000), (193040000, 85785000)]
13:35:41: [INFO] Adding track segment (B.Cu): [(193040000, 85785000), (195580000, 88325000)]
13:35:41: [INFO] Routing SW22 with D22
13:35:41: [INFO] Using internal autorouter method
13:35:41: [INFO] Routing pad 'SW22:2' at (173990000, 80645000) with pad 'D22:2' at (176530000, 88325000) using coordinate system rotated by 0 degree(s)
13:35:41: [INFO] Adding track segment (B.Cu): [(173990000, 80645000), (173990000, 85785000)]
13:35:41: [INFO] Adding track segment (B.Cu): [(173990000, 85785000), (176530000, 88325000)]
13:35:41: [INFO] Routing SW21 with D21
13:35:41: [INFO] Using internal autorouter method
13:35:41: [INFO] Routing pad 'SW21:2' at (154940000, 80645000) with pad 'D21:2' at (157480000, 88325000) using coordinate system rotated by 0 degree(s)
13:35:41: [INFO] Adding track segment (B.Cu): [(154940000, 80645000), (154940000, 85785000)]
13:35:41: [INFO] Adding track segment (B.Cu): [(154940000, 85785000), (157480000, 88325000)]
13:35:41: [INFO] Routing SW20 with D20
13:35:41: [INFO] Using internal autorouter method
13:35:41: [INFO] Routing pad 'SW20:2' at (135890000, 80645000) with pad 'D20:2' at (138430000, 88325000) using coordinate system rotated by 0 degree(s)
13:35:41: [INFO] Adding track segment (B.Cu): [(135890000, 80645000), (135890000, 85785000)]
13:35:41: [INFO] Adding track segment (B.Cu): [(135890000, 85785000), (138430000, 88325000)]
13:35:41: [INFO] Routing SW19 with D19
13:35:41: [INFO] Using internal autorouter method
13:35:41: [INFO] Routing pad 'SW19:2' at (116840000, 80645000) with pad 'D19:2' at (119380000, 88325000) using coordinate system rotated by 0 degree(s)
13:35:41: [INFO] Adding track segment (B.Cu): [(116840000, 80645000), (116840000, 85785000)]
13:35:41: [INFO] Adding track segment (B.Cu): [(116840000, 85785000), (119380000, 88325000)]
13:35:41: [INFO] Routing SW18 with D18
13:35:41: [INFO] Using internal autorouter method
13:35:41: [INFO] Routing pad 'SW18:2' at (97790000, 80645000) with pad 'D18:2' at (100330000, 88325000) using coordinate system rotated by 0 degree(s)
13:35:41: [INFO] Adding track segment (B.Cu): [(97790000, 80645000), (97790000, 85785000)]
13:35:41: [INFO] Adding track segment (B.Cu): [(97790000, 85785000), (100330000, 88325000)]
13:35:41: [INFO] Routing SW17 with D17
13:35:41: [INFO] Using internal autorouter method
13:35:41: [INFO] Routing pad 'SW17:2' at (426402500, 52070000) with pad 'D17:2' at (428942500, 59750000) using coordinate system rotated by 0 degree(s)
13:35:41: [INFO] Adding track segment (B.Cu): [(426402500, 52070000), (426402500, 57210000)]
13:35:41: [INFO] Adding track segment (B.Cu): [(426402500, 57210000), (428942500, 59750000)]
13:35:41: [INFO] Routing SW16 with D16
13:35:41: [INFO] Using internal autorouter method
13:35:41: [INFO] Routing pad 'SW16:2' at (407352500, 52070000) with pad 'D16:2' at (409892500, 59750000) using coordinate system rotated by 0 degree(s)
13:35:41: [INFO] Adding track segment (B.Cu): [(407352500, 52070000), (407352500, 57210000)]
13:35:41: [INFO] Adding track segment (B.Cu): [(407352500, 57210000), (409892500, 59750000)]
13:35:41: [INFO] Routing SW15 with D15
13:35:41: [INFO] Using internal autorouter method
13:35:41: [INFO] Routing pad 'SW15:2' at (388302500, 52070000) with pad 'D15:2' at (390842500, 59750000) using coordinate system rotated by 0 degree(s)
13:35:41: [INFO] Adding track segment (B.Cu): [(388302500, 52070000), (388302500, 57210000)]
13:35:41: [INFO] Adding track segment (B.Cu): [(388302500, 57210000), (390842500, 59750000)]
13:35:41: [INFO] Routing SW14 with D14
13:35:41: [INFO] Using internal autorouter method
13:35:41: [INFO] Routing pad 'SW14:2' at (364490000, 52070000) with pad 'D14:2' at (367030000, 59750000) using coordinate system rotated by 0 degree(s)
13:35:41: [INFO] Adding track segment (B.Cu): [(364490000, 52070000), (364490000, 57210000)]
13:35:41: [INFO] Adding track segment (B.Cu): [(364490000, 57210000), (367030000, 59750000)]
13:35:41: [INFO] Routing SW13a with D13
13:35:41: [INFO] Using internal autorouter method
13:35:41: [INFO] Routing pad 'SW13a:2' at (340677500, 52070000) with pad 'D13:2' at (347980000, 59750000) using coordinate system rotated by 0 degree(s)
13:35:41: [INFO] Routing SW13 with D13
13:35:41: [INFO] Using internal autorouter method
13:35:41: [INFO] Routing pad 'SW13:2' at (345440000, 52070000) with pad 'D13:2' at (347980000, 59750000) using coordinate system rotated by 0 degree(s)
13:35:41: [INFO] Adding track segment (B.Cu): [(345440000, 52070000), (345440000, 57210000)]
13:35:41: [INFO] Adding track segment (B.Cu): [(345440000, 57210000), (347980000, 59750000)]
13:35:41: [INFO] Routing SW12a with D12
13:35:41: [INFO] Using internal autorouter method
13:35:41: [INFO] Routing pad 'SW12a:2' at (321627500, 52070000) with pad 'D12:2' at (328930000, 59750000) using coordinate system rotated by 0 degree(s)
13:35:41: [INFO] Routing SW12 with D12
13:35:41: [INFO] Using internal autorouter method
13:35:41: [INFO] Routing pad 'SW12:2' at (326390000, 52070000) with pad 'D12:2' at (328930000, 59750000) using coordinate system rotated by 0 degree(s)
13:35:41: [INFO] Adding track segment (B.Cu): [(326390000, 52070000), (326390000, 57210000)]
13:35:41: [INFO] Adding track segment (B.Cu): [(326390000, 57210000), (328930000, 59750000)]
13:35:41: [INFO] Routing SW11a with D11
13:35:41: [INFO] Using internal autorouter method
13:35:41: [INFO] Routing pad 'SW11a:2' at (302577500, 52070000) with pad 'D11:2' at (309880000, 59750000) using coordinate system rotated by 0 degree(s)
13:35:42: [INFO] Routing SW11 with D11
13:35:42: [INFO] Using internal autorouter method
13:35:42: [INFO] Routing pad 'SW11:2' at (307340000, 52070000) with pad 'D11:2' at (309880000, 59750000) using coordinate system rotated by 0 degree(s)
13:35:42: [INFO] Adding track segment (B.Cu): [(307340000, 52070000), (307340000, 57210000)]
13:35:42: [INFO] Adding track segment (B.Cu): [(307340000, 57210000), (309880000, 59750000)]
13:35:42: [INFO] Routing SW10a with D10
13:35:42: [INFO] Using internal autorouter method
13:35:42: [INFO] Routing pad 'SW10a:2' at (283527500, 52070000) with pad 'D10:2' at (281305000, 59750000) using coordinate system rotated by 0 degree(s)
13:35:42: [INFO] Routing SW10 with D10
13:35:42: [INFO] Using internal autorouter method
13:35:42: [INFO] Routing pad 'SW10:2' at (278765000, 52070000) with pad 'D10:2' at (281305000, 59750000) using coordinate system rotated by 0 degree(s)
13:35:42: [INFO] Routing SW9 with D9
13:35:42: [INFO] Using internal autorouter method
13:35:42: [INFO] Routing pad 'SW9:2' at (259715000, 52070000) with pad 'D9:2' at (262255000, 59750000) using coordinate system rotated by 0 degree(s)
13:35:42: [INFO] Adding track segment (B.Cu): [(259715000, 52070000), (259715000, 57210000)]
13:35:42: [INFO] Adding track segment (B.Cu): [(259715000, 57210000), (262255000, 59750000)]
13:35:42: [INFO] Routing SW8 with D8
13:35:42: [INFO] Using internal autorouter method
13:35:42: [INFO] Routing pad 'SW8:2' at (240665000, 52070000) with pad 'D8:2' at (243205000, 59750000) using coordinate system rotated by 0 degree(s)
13:35:42: [INFO] Adding track segment (B.Cu): [(240665000, 52070000), (240665000, 57210000)]
13:35:42: [INFO] Adding track segment (B.Cu): [(240665000, 57210000), (243205000, 59750000)]
13:35:42: [INFO] Routing SW7 with D7
13:35:42: [INFO] Using internal autorouter method
13:35:42: [INFO] Routing pad 'SW7:2' at (221615000, 52070000) with pad 'D7:2' at (224155000, 59750000) using coordinate system rotated by 0 degree(s)
13:35:42: [INFO] Adding track segment (B.Cu): [(221615000, 52070000), (221615000, 57210000)]
13:35:42: [INFO] Adding track segment (B.Cu): [(221615000, 57210000), (224155000, 59750000)]
13:35:42: [INFO] Routing SW6a with D6
13:35:42: [INFO] Using internal autorouter method
13:35:42: [INFO] Routing pad 'SW6a:2' at (202565000, 52070000) with pad 'D6:2' at (195580000, 59750000) using coordinate system rotated by 0 degree(s)
13:35:42: [INFO] Routing SW6 with D6
13:35:42: [INFO] Using internal autorouter method
13:35:42: [INFO] Routing pad 'SW6:2' at (193040000, 52070000) with pad 'D6:2' at (195580000, 59750000) using coordinate system rotated by 0 degree(s)
13:35:42: [INFO] Adding track segment (B.Cu): [(193040000, 52070000), (193040000, 57210000)]
13:35:42: [INFO] Adding track segment (B.Cu): [(193040000, 57210000), (195580000, 59750000)]
13:35:42: [INFO] Routing SW5a with D5
13:35:42: [INFO] Using internal autorouter method
13:35:42: [INFO] Routing pad 'SW5a:2' at (178752500, 52070000) with pad 'D5:2' at (176530000, 59750000) using coordinate system rotated by 0 degree(s)
13:35:42: [INFO] Routing SW5 with D5
13:35:42: [INFO] Using internal autorouter method
13:35:42: [INFO] Routing pad 'SW5:2' at (173990000, 52070000) with pad 'D5:2' at (176530000, 59750000) using coordinate system rotated by 0 degree(s)
13:35:42: [INFO] Routing SW4a with D4
13:35:42: [INFO] Using internal autorouter method
13:35:42: [INFO] Routing pad 'SW4a:2' at (159702500, 52070000) with pad 'D4:2' at (157480000, 59750000) using coordinate system rotated by 0 degree(s)
13:35:42: [INFO] Routing SW4 with D4
13:35:42: [INFO] Using internal autorouter method
13:35:42: [INFO] Routing pad 'SW4:2' at (154940000, 52070000) with pad 'D4:2' at (157480000, 59750000) using coordinate system rotated by 0 degree(s)
13:35:42: [INFO] Routing SW3a with D3
13:35:42: [INFO] Using internal autorouter method
13:35:42: [INFO] Routing pad 'SW3a:2' at (140652500, 52070000) with pad 'D3:2' at (138430000, 59750000) using coordinate system rotated by 0 degree(s)
13:35:42: [INFO] Routing SW3 with D3
13:35:42: [INFO] Using internal autorouter method
13:35:42: [INFO] Routing pad 'SW3:2' at (135890000, 52070000) with pad 'D3:2' at (138430000, 59750000) using coordinate system rotated by 0 degree(s)
13:35:42: [INFO] Routing SW2 with D2
13:35:42: [INFO] Using internal autorouter method
13:35:42: [INFO] Routing pad 'SW2:2' at (121602500, 52070000) with pad 'D2:2' at (124142500, 59750000) using coordinate system rotated by 0 degree(s)
13:35:42: [INFO] Adding track segment (B.Cu): [(121602500, 52070000), (121602500, 57210000)]
13:35:42: [INFO] Adding track segment (B.Cu): [(121602500, 57210000), (124142500, 59750000)]
13:35:42: [INFO] Routing SW1 with D1
13:35:42: [INFO] Using internal autorouter method
13:35:42: [INFO] Routing pad 'SW1:2' at (97790000, 52070000) with pad 'D1:2' at (100330000, 59750000) using coordinate system rotated by 0 degree(s)
13:35:42: [INFO] Adding track segment (B.Cu): [(97790000, 52070000), (97790000, 57210000)]
13:35:42: [INFO] Adding track segment (B.Cu): [(97790000, 57210000), (100330000, 59750000)]
13:35:42: [INFO] Routing COL2 pads
13:35:42: [INFO] Routing pad 'SW3:1' at (129540000, 54610000) with pad 'SW20:1' at (129540000, 83185000) using coordinate system rotated by 0 degree(s)
13:35:42: [INFO] Adding track segment (F.Cu): [(129540000, 54610000), (129540000, 83185000)]
13:35:42: [INFO] Routing pad 'SW3:1' at (129540000, 54610000) with pad 'SW3a:1' at (134302500, 54610000) using coordinate system rotated by 0 degree(s)
13:35:42: [INFO] Adding track segment (F.Cu): [(129540000, 54610000), (134302500, 54610000)]
13:35:42: [INFO] Routing pad 'SW62:1' at (143827500, 121285000) with pad 'SW81:1' at (134302500, 140335000) using coordinate system rotated by 0 degree(s)
13:35:42: [INFO] Adding track segment (F.Cu): [(143827500, 121285000), (143827500, 130810000)]
13:35:42: [INFO] Adding track segment (F.Cu): [(143827500, 130810000), (134302500, 140335000)]
13:35:42: [INFO] Routing pad 'SW20:1' at (129540000, 83185000) with pad 'SW41:1' at (139065000, 102235000) using coordinate system rotated by 0 degree(s)
13:35:42: [INFO] Adding track segment (F.Cu): [(129540000, 83185000), (129540000, 92710000)]
13:35:42: [INFO] Adding track segment (F.Cu): [(129540000, 92710000), (139065000, 102235000)]
13:35:42: [INFO] Routing pad 'SW81:1' at (134302500, 140335000) with pad 'SW100a:1' at (141446250, 159385000) using coordinate system rotated by 0 degree(s)
13:35:42: [INFO] Adding track segment (F.Cu): [(134302500, 140335000), (134302500, 152241250)]
13:35:42: [INFO] Adding track segment (F.Cu): [(134302500, 152241250), (141446250, 159385000)]
13:35:42: [INFO] Routing pad 'SW41:1' at (139065000, 102235000) with pad 'SW62:1' at (143827500, 121285000) using coordinate system rotated by 0 degree(s)
13:35:42: [INFO] Adding track segment (F.Cu): [(139065000, 102235000), (139065000, 116522500)]
13:35:42: [INFO] Adding track segment (F.Cu): [(139065000, 116522500), (143827500, 121285000)]
13:35:42: [INFO] Routing pad 'SW100a:1' at (141446250, 159385000) with pad 'SW100:1' at (143827500, 159385000) using coordinate system rotated by 0 degree(s)
13:35:42: [INFO] Adding track segment (F.Cu): [(141446250, 159385000), (143827500, 159385000)]
13:35:42: [INFO] Routing ROW5 pads
13:35:42: [INFO] Routing pad 'D98:1' at (105092500, 167325000) with pad 'D99:1' at (128905000, 167325000) using coordinate system rotated by 0 degree(s)
13:35:42: [INFO] Adding track segment (B.Cu): [(105092500, 167325000), (128905000, 167325000)]
13:35:42: [INFO] Routing pad 'D99:1' at (128905000, 167325000) with pad 'D100:1' at (152717500, 167325000) using coordinate system rotated by 0 degree(s)
13:35:42: [INFO] Adding track segment (B.Cu): [(128905000, 167325000), (152717500, 167325000)]
13:35:42: [INFO] Routing pad 'D100:1' at (152717500, 167325000) with pad 'D101:1' at (233680000, 167325000) using coordinate system rotated by 0 degree(s)
13:35:42: [INFO] Adding track segment (B.Cu): [(152717500, 167325000), (233680000, 167325000)]
13:35:42: [INFO] Routing pad 'D101:1' at (233680000, 167325000) with pad 'D102:1' at (293211250, 167325000) using coordinate system rotated by 0 degree(s)
13:35:42: [INFO] Adding track segment (B.Cu): [(233680000, 167325000), (293211250, 167325000)]
13:35:42: [INFO] Routing pad 'D102:1' at (293211250, 167325000) with pad 'D103:1' at (314642500, 167325000) using coordinate system rotated by 0 degree(s)
13:35:42: [INFO] Adding track segment (B.Cu): [(293211250, 167325000), (314642500, 167325000)]
13:35:42: [INFO] Routing pad 'D103:1' at (314642500, 167325000) with pad 'D104:1' at (338455000, 167325000) using coordinate system rotated by 0 degree(s)
13:35:42: [INFO] Adding track segment (B.Cu): [(314642500, 167325000), (338455000, 167325000)]
13:35:42: [INFO] Routing pad 'D104:1' at (338455000, 167325000) with pad 'D105:1' at (362267500, 167325000) using coordinate system rotated by 0 degree(s)
13:35:42: [INFO] Adding track segment (B.Cu): [(338455000, 167325000), (362267500, 167325000)]
13:35:42: [INFO] Routing pad 'D105:1' at (362267500, 167325000) with pad 'D106:1' at (390842500, 167325000) using coordinate system rotated by 0 degree(s)
13:35:42: [INFO] Adding track segment (B.Cu): [(362267500, 167325000), (390842500, 167325000)]
13:35:42: [INFO] Routing pad 'D106:1' at (390842500, 167325000) with pad 'D107:1' at (409892500, 167325000) using coordinate system rotated by 0 degree(s)
13:35:42: [INFO] Adding track segment (B.Cu): [(390842500, 167325000), (409892500, 167325000)]
13:35:42: [INFO] Routing pad 'D107:1' at (409892500, 167325000) with pad 'D108:1' at (428942500, 167325000) using coordinate system rotated by 0 degree(s)
13:35:42: [INFO] Adding track segment (B.Cu): [(409892500, 167325000), (428942500, 167325000)]
13:35:42: [INFO] Routing pad 'D108:1' at (428942500, 167325000) with pad 'D109:1' at (452755000, 167325000) using coordinate system rotated by 0 degree(s)
13:35:42: [INFO] Adding track segment (B.Cu): [(428942500, 167325000), (452755000, 167325000)]
13:35:42: [INFO] Routing pad 'D109:1' at (452755000, 167325000) with pad 'D110:1' at (462280000, 167325000) using coordinate system rotated by 0 degree(s)
13:35:42: [INFO] Adding track segment (B.Cu): [(452755000, 167325000), (462280000, 167325000)]
13:35:42: [INFO] Routing pad 'D110:1' at (462280000, 167325000) with pad 'D111:1' at (490855000, 167325000) using coordinate system rotated by 0 degree(s)
13:35:42: [INFO] Adding track segment (B.Cu): [(462280000, 167325000), (490855000, 167325000)]
13:35:42: [INFO] Routing pad 'D111:1' at (490855000, 167325000) with pad 'D112:1' at (509905000, 157800000) using coordinate system rotated by 0 degree(s)
13:35:42: [INFO] Routing COL10 pads
13:35:42: [INFO] Routing pad 'SW89:1' at (286702500, 140335000) with pad 'SW102:1' at (284321250, 159385000) using coordinate system rotated by 0 degree(s)
13:35:42: [INFO] Routing pad 'SW70:1' at (296227500, 121285000) with pad 'SW89:1' at (286702500, 140335000) using coordinate system rotated by 0 degree(s)
13:35:42: [INFO] Adding track segment (F.Cu): [(296227500, 121285000), (296227500, 130810000)]
13:35:42: [INFO] Adding track segment (F.Cu): [(296227500, 130810000), (286702500, 140335000)]
13:35:42: [INFO] Routing pad 'SW28:1' at (281940000, 83185000) with pad 'SW49:1' at (291465000, 102235000) using coordinate system rotated by 0 degree(s)
13:35:42: [INFO] Adding track segment (F.Cu): [(281940000, 83185000), (281940000, 92710000)]
13:35:42: [INFO] Adding track segment (F.Cu): [(281940000, 92710000), (291465000, 102235000)]
13:35:42: [INFO] Routing pad 'SW28:1' at (281940000, 83185000) with pad 'SW11a:1' at (296227500, 54610000) using coordinate system rotated by 0 degree(s)
13:35:42: [INFO] Adding track segment (F.Cu): [(281940000, 83185000), (296227500, 68897500)]
13:35:42: [INFO] Adding track segment (F.Cu): [(296227500, 68897500), (296227500, 54610000)]
13:35:42: [INFO] Routing pad 'SW49:1' at (291465000, 102235000) with pad 'SW70:1' at (296227500, 121285000) using coordinate system rotated by 0 degree(s)
13:35:42: [INFO] Adding track segment (F.Cu): [(291465000, 102235000), (291465000, 116522500)]
13:35:42: [INFO] Adding track segment (F.Cu): [(291465000, 116522500), (296227500, 121285000)]
13:35:42: [INFO] Routing pad 'SW11a:1' at (296227500, 54610000) with pad 'SW11:1' at (300990000, 54610000) using coordinate system rotated by 0 degree(s)
13:35:42: [INFO] Adding track segment (F.Cu): [(296227500, 54610000), (300990000, 54610000)]
13:35:42: [INFO] Routing COL9 pads
13:35:42: [INFO] Routing pad 'SW69:1' at (277177500, 121285000) with pad 'SW88:1' at (267652500, 140335000) using coordinate system rotated by 0 degree(s)
13:35:42: [INFO] Adding track segment (F.Cu): [(277177500, 121285000), (277177500, 130810000)]
13:35:42: [INFO] Adding track segment (F.Cu): [(277177500, 130810000), (267652500, 140335000)]
13:35:42: [INFO] Routing pad 'SW27:1' at (262890000, 83185000) with pad 'SW10:1' at (272415000, 54610000) using coordinate system rotated by 0 degree(s)
13:35:43: [INFO] Adding track segment (F.Cu): [(262890000, 83185000), (272415000, 73660000)]
13:35:43: [INFO] Adding track segment (F.Cu): [(272415000, 73660000), (272415000, 54610000)]
13:35:43: [INFO] Routing pad 'SW27:1' at (262890000, 83185000) with pad 'SW48:1' at (272415000, 102235000) using coordinate system rotated by 0 degree(s)
13:35:43: [INFO] Adding track segment (F.Cu): [(262890000, 83185000), (262890000, 92710000)]
13:35:43: [INFO] Adding track segment (F.Cu): [(262890000, 92710000), (272415000, 102235000)]
13:35:43: [INFO] Routing pad 'SW10:1' at (272415000, 54610000) with pad 'SW10a:1' at (277177500, 54610000) using coordinate system rotated by 0 degree(s)
13:35:43: [INFO] Adding track segment (F.Cu): [(272415000, 54610000), (277177500, 54610000)]
13:35:43: [INFO] Routing pad 'SW48:1' at (272415000, 102235000) with pad 'SW69:1' at (277177500, 121285000) using coordinate system rotated by 0 degree(s)
13:35:43: [INFO] Adding track segment (F.Cu): [(272415000, 102235000), (272415000, 116522500)]
13:35:43: [INFO] Adding track segment (F.Cu): [(272415000, 116522500), (277177500, 121285000)]
13:35:43: [INFO] Routing COL4 pads
13:35:43: [INFO] Routing pad 'SW5:1' at (167640000, 54610000) with pad 'SW22:1' at (167640000, 83185000) using coordinate system rotated by 0 degree(s)
13:35:43: [INFO] Adding track segment (F.Cu): [(167640000, 54610000), (167640000, 83185000)]
13:35:43: [INFO] Routing pad 'SW5:1' at (167640000, 54610000) with pad 'SW5a:1' at (172402500, 54610000) using coordinate system rotated by 0 degree(s)
13:35:43: [INFO] Adding track segment (F.Cu): [(167640000, 54610000), (172402500, 54610000)]
13:35:43: [INFO] Routing pad 'SW64:1' at (181927500, 121285000) with pad 'SW83:1' at (172402500, 140335000) using coordinate system rotated by 0 degree(s)
13:35:43: [INFO] Adding track segment (F.Cu): [(181927500, 121285000), (181927500, 130810000)]
13:35:43: [INFO] Adding track segment (F.Cu): [(181927500, 130810000), (172402500, 140335000)]
13:35:43: [INFO] Routing pad 'SW22:1' at (167640000, 83185000) with pad 'SW43:1' at (177165000, 102235000) using coordinate system rotated by 0 degree(s)
13:35:43: [INFO] Adding track segment (F.Cu): [(167640000, 83185000), (167640000, 92710000)]
13:35:43: [INFO] Adding track segment (F.Cu): [(167640000, 92710000), (177165000, 102235000)]
13:35:43: [INFO] Routing pad 'SW43:1' at (177165000, 102235000) with pad 'SW64:1' at (181927500, 121285000) using coordinate system rotated by 0 degree(s)
13:35:43: [INFO] Adding track segment (F.Cu): [(177165000, 102235000), (177165000, 116522500)]
13:35:43: [INFO] Adding track segment (F.Cu): [(177165000, 116522500), (181927500, 121285000)]
13:35:43: [INFO] Routing COL13 pads
13:35:43: [INFO] Routing pad 'SW73a:1' at (355758750, 111760000) with pad 'SW73:1' at (346233750, 121285000) using coordinate system rotated by 0 degree(s)
13:35:43: [INFO] Routing pad 'SW31:1' at (339090000, 83185000) with pad 'SW52:1' at (353377500, 102235000) using coordinate system rotated by 0 degree(s)
13:35:43: [INFO] Routing pad 'SW105a:1' at (355758750, 159385000) with pad 'SW105:1' at (353377500, 159385000) using coordinate system rotated by 0 degree(s)
13:35:43: [INFO] Adding track segment (F.Cu): [(355758750, 159385000), (353377500, 159385000)]
13:35:43: [INFO] Routing pad 'SW52:1' at (353377500, 102235000) with pad 'SW73a:1' at (355758750, 111760000) using coordinate system rotated by 0 degree(s)
13:35:43: [INFO] Routing pad 'SW92:1' at (358140000, 140335000) with pad 'SW105a:1' at (355758750, 159385000) using coordinate system rotated by 0 degree(s)
13:35:43: [INFO] Routing pad 'SW31:1' at (339090000, 83185000) with pad 'SW14:1' at (358140000, 54610000) using coordinate system rotated by 0 degree(s)
13:35:43: [INFO] Adding track segment (F.Cu): [(339090000, 83185000), (358140000, 64135000)]
13:35:43: [INFO] Adding track segment (F.Cu): [(358140000, 64135000), (358140000, 54610000)]
13:35:43: [INFO] Routing pad 'SW73:1' at (346233750, 121285000) with pad 'SW92:1' at (358140000, 140335000) using coordinate system rotated by 0 degree(s)
13:35:43: [INFO] Adding track segment (F.Cu): [(346233750, 121285000), (346233750, 128428750)]
13:35:43: [INFO] Adding track segment (F.Cu): [(346233750, 128428750), (358140000, 140335000)]
13:35:43: [INFO] Routing COL0 pads
13:35:43: [INFO] Routing pad 'SW1:1' at (91440000, 54610000) with pad 'SW18:1' at (91440000, 83185000) using coordinate system rotated by 0 degree(s)
13:35:43: [INFO] Adding track segment (F.Cu): [(91440000, 54610000), (91440000, 83185000)]
13:35:43: [INFO] Routing pad 'SW60:1' at (98583750, 121285000) with pad 'SW79a:1' at (93821250, 140335000) using coordinate system rotated by 0 degree(s)
13:35:43: [INFO] Adding track segment (F.Cu): [(98583750, 121285000), (98583750, 135572500)]
13:35:43: [INFO] Adding track segment (F.Cu): [(98583750, 135572500), (93821250, 140335000)]
13:35:43: [INFO] Routing pad 'SW79a:1' at (93821250, 140335000) with pad 'SW98a:1' at (93821250, 159385000) using coordinate system rotated by 0 degree(s)
13:35:43: [INFO] Adding track segment (F.Cu): [(93821250, 140335000), (93821250, 159385000)]
13:35:43: [INFO] Could not add track segment due to detected collision
13:35:43: [INFO] Routing pad 'SW18:1' at (91440000, 83185000) with pad 'SW39:1' at (96202500, 102235000) using coordinate system rotated by 0 degree(s)
13:35:43: [INFO] Adding track segment (F.Cu): [(91440000, 83185000), (91440000, 97472500)]
13:35:43: [INFO] Adding track segment (F.Cu): [(91440000, 97472500), (96202500, 102235000)]
13:35:43: [INFO] Routing pad 'SW98a:1' at (93821250, 159385000) with pad 'SW98:1' at (96202500, 159385000) using coordinate system rotated by 0 degree(s)
13:35:43: [INFO] Adding track segment (F.Cu): [(93821250, 159385000), (96202500, 159385000)]
13:35:43: [INFO] Routing pad 'SW39:1' at (96202500, 102235000) with pad 'SW60:1' at (98583750, 121285000) using coordinate system rotated by 0 degree(s)
13:35:43: [INFO] Adding track segment (F.Cu): [(96202500, 102235000), (96202500, 118903750)]
13:35:43: [INFO] Adding track segment (F.Cu): [(96202500, 118903750), (98583750, 121285000)]
13:35:43: [INFO] Routing pad 'SW79a:1' at (93821250, 140335000) with pad 'SW79:1' at (103346250, 140335000) using coordinate system rotated by 0 degree(s)
13:35:43: [INFO] Adding track segment (F.Cu): [(93821250, 140335000), (103346250, 140335000)]
13:35:43: [INFO] Routing ROW0 pads
13:35:43: [INFO] Routing pad 'D1:1' at (100330000, 62550000) with pad 'D2:1' at (124142500, 62550000) using coordinate system rotated by 0 degree(s)
13:35:43: [INFO] Adding track segment (B.Cu): [(100330000, 62550000), (124142500, 62550000)]
13:35:43: [INFO] Routing pad 'D2:1' at (124142500, 62550000) with pad 'D3:1' at (138430000, 62550000) using coordinate system rotated by 0 degree(s)
13:35:43: [INFO] Adding track segment (B.Cu): [(124142500, 62550000), (138430000, 62550000)]
13:35:43: [INFO] Routing pad 'D3:1' at (138430000, 62550000) with pad 'D4:1' at (157480000, 62550000) using coordinate system rotated by 0 degree(s)
13:35:43: [INFO] Adding track segment (B.Cu): [(138430000, 62550000), (157480000, 62550000)]
13:35:43: [INFO] Routing pad 'D4:1' at (157480000, 62550000) with pad 'D5:1' at (176530000, 62550000) using coordinate system rotated by 0 degree(s)
13:35:43: [INFO] Adding track segment (B.Cu): [(157480000, 62550000), (176530000, 62550000)]
13:35:43: [INFO] Routing pad 'D5:1' at (176530000, 62550000) with pad 'D6:1' at (195580000, 62550000) using coordinate system rotated by 0 degree(s)
13:35:43: [INFO] Adding track segment (B.Cu): [(176530000, 62550000), (195580000, 62550000)]
13:35:43: [INFO] Routing pad 'D6:1' at (195580000, 62550000) with pad 'D7:1' at (224155000, 62550000) using coordinate system rotated by 0 degree(s)
13:35:43: [INFO] Adding track segment (B.Cu): [(195580000, 62550000), (224155000, 62550000)]
13:35:43: [INFO] Routing pad 'D7:1' at (224155000, 62550000) with pad 'D8:1' at (243205000, 62550000) using coordinate system rotated by 0 degree(s)
13:35:43: [INFO] Adding track segment (B.Cu): [(224155000, 62550000), (243205000, 62550000)]
13:35:43: [INFO] Routing pad 'D8:1' at (243205000, 62550000) with pad 'D9:1' at (262255000, 62550000) using coordinate system rotated by 0 degree(s)
13:35:43: [INFO] Adding track segment (B.Cu): [(243205000, 62550000), (262255000, 62550000)]
13:35:43: [INFO] Routing pad 'D9:1' at (262255000, 62550000) with pad 'D10:1' at (281305000, 62550000) using coordinate system rotated by 0 degree(s)
13:35:43: [INFO] Adding track segment (B.Cu): [(262255000, 62550000), (281305000, 62550000)]
13:35:43: [INFO] Routing pad 'D10:1' at (281305000, 62550000) with pad 'D11:1' at (309880000, 62550000) using coordinate system rotated by 0 degree(s)
13:35:43: [INFO] Adding track segment (B.Cu): [(281305000, 62550000), (309880000, 62550000)]
13:35:43: [INFO] Routing pad 'D11:1' at (309880000, 62550000) with pad 'D12:1' at (328930000, 62550000) using coordinate system rotated by 0 degree(s)
13:35:43: [INFO] Adding track segment (B.Cu): [(309880000, 62550000), (328930000, 62550000)]
13:35:43: [INFO] Routing pad 'D12:1' at (328930000, 62550000) with pad 'D13:1' at (347980000, 62550000) using coordinate system rotated by 0 degree(s)
13:35:43: [INFO] Adding track segment (B.Cu): [(328930000, 62550000), (347980000, 62550000)]
13:35:43: [INFO] Routing pad 'D13:1' at (347980000, 62550000) with pad 'D14:1' at (367030000, 62550000) using coordinate system rotated by 0 degree(s)
13:35:43: [INFO] Adding track segment (B.Cu): [(347980000, 62550000), (367030000, 62550000)]
13:35:43: [INFO] Routing pad 'D14:1' at (367030000, 62550000) with pad 'D15:1' at (390842500, 62550000) using coordinate system rotated by 0 degree(s)
13:35:43: [INFO] Adding track segment (B.Cu): [(367030000, 62550000), (390842500, 62550000)]
13:35:43: [INFO] Routing pad 'D15:1' at (390842500, 62550000) with pad 'D16:1' at (409892500, 62550000) using coordinate system rotated by 0 degree(s)
13:35:43: [INFO] Adding track segment (B.Cu): [(390842500, 62550000), (409892500, 62550000)]
13:35:43: [INFO] Routing pad 'D16:1' at (409892500, 62550000) with pad 'D17:1' at (428942500, 62550000) using coordinate system rotated by 0 degree(s)
13:35:43: [INFO] Adding track segment (B.Cu): [(409892500, 62550000), (428942500, 62550000)]
13:35:43: [INFO] Routing ROW1 pads
13:35:43: [INFO] Routing pad 'D18:1' at (100330000, 91125000) with pad 'D19:1' at (119380000, 91125000) using coordinate system rotated by 0 degree(s)
13:35:43: [INFO] Adding track segment (B.Cu): [(100330000, 91125000), (119380000, 91125000)]
13:35:43: [INFO] Routing pad 'D19:1' at (119380000, 91125000) with pad 'D20:1' at (138430000, 91125000) using coordinate system rotated by 0 degree(s)
13:35:43: [INFO] Adding track segment (B.Cu): [(119380000, 91125000), (138430000, 91125000)]
13:35:43: [INFO] Routing pad 'D20:1' at (138430000, 91125000) with pad 'D21:1' at (157480000, 91125000) using coordinate system rotated by 0 degree(s)
13:35:43: [INFO] Adding track segment (B.Cu): [(138430000, 91125000), (157480000, 91125000)]
13:35:43: [INFO] Routing pad 'D21:1' at (157480000, 91125000) with pad 'D22:1' at (176530000, 91125000) using coordinate system rotated by 0 degree(s)
13:35:43: [INFO] Adding track segment (B.Cu): [(157480000, 91125000), (176530000, 91125000)]
13:35:43: [INFO] Routing pad 'D22:1' at (176530000, 91125000) with pad 'D23:1' at (195580000, 91125000) using coordinate system rotated by 0 degree(s)
13:35:43: [INFO] Adding track segment (B.Cu): [(176530000, 91125000), (195580000, 91125000)]
13:35:43: [INFO] Routing pad 'D23:1' at (195580000, 91125000) with pad 'D24:1' at (214630000, 91125000) using coordinate system rotated by 0 degree(s)
13:35:43: [INFO] Adding track segment (B.Cu): [(195580000, 91125000), (214630000, 91125000)]
13:35:43: [INFO] Routing pad 'D24:1' at (214630000, 91125000) with pad 'D25:1' at (233680000, 91125000) using coordinate system rotated by 0 degree(s)
13:35:43: [INFO] Adding track segment (B.Cu): [(214630000, 91125000), (233680000, 91125000)]
13:35:43: [INFO] Routing pad 'D25:1' at (233680000, 91125000) with pad 'D26:1' at (252730000, 91125000) using coordinate system rotated by 0 degree(s)
13:35:43: [INFO] Adding track segment (B.Cu): [(233680000, 91125000), (252730000, 91125000)]
13:35:43: [INFO] Routing pad 'D26:1' at (252730000, 91125000) with pad 'D27:1' at (271780000, 91125000) using coordinate system rotated by 0 degree(s)
13:35:43: [INFO] Adding track segment (B.Cu): [(252730000, 91125000), (271780000, 91125000)]
13:35:43: [INFO] Routing pad 'D27:1' at (271780000, 91125000) with pad 'D28:1' at (290830000, 91125000) using coordinate system rotated by 0 degree(s)
13:35:43: [INFO] Adding track segment (B.Cu): [(271780000, 91125000), (290830000, 91125000)]
13:35:43: [INFO] Routing pad 'D28:1' at (290830000, 91125000) with pad 'D29:1' at (309880000, 91125000) using coordinate system rotated by 0 degree(s)
13:35:43: [INFO] Adding track segment (B.Cu): [(290830000, 91125000), (309880000, 91125000)]
13:35:43: [INFO] Routing pad 'D29:1' at (309880000, 91125000) with pad 'D30:1' at (328930000, 91125000) using coordinate system rotated by 0 degree(s)
13:35:43: [INFO] Adding track segment (B.Cu): [(309880000, 91125000), (328930000, 91125000)]
13:35:43: [INFO] Routing pad 'D30:1' at (328930000, 91125000) with pad 'D31:1' at (347980000, 91125000) using coordinate system rotated by 0 degree(s)
13:35:43: [INFO] Adding track segment (B.Cu): [(328930000, 91125000), (347980000, 91125000)]
13:35:43: [INFO] Routing pad 'D31:1' at (347980000, 91125000) with pad 'D32:1' at (390842500, 91125000) using coordinate system rotated by 0 degree(s)
13:35:43: [INFO] Adding track segment (B.Cu): [(347980000, 91125000), (390842500, 91125000)]
13:35:43: [INFO] Could not add track segment due to detected collision
13:35:43: [INFO] Routing pad 'D32:1' at (390842500, 91125000) with pad 'D33:1' at (409892500, 91125000) using coordinate system rotated by 0 degree(s)
13:35:43: [INFO] Adding track segment (B.Cu): [(390842500, 91125000), (409892500, 91125000)]
13:35:43: [INFO] Routing pad 'D33:1' at (409892500, 91125000) with pad 'D34:1' at (428942500, 91125000) using coordinate system rotated by 0 degree(s)
13:35:43: [INFO] Adding track segment (B.Cu): [(409892500, 91125000), (428942500, 91125000)]
13:35:43: [INFO] Routing pad 'D34:1' at (428942500, 91125000) with pad 'D35:1' at (452755000, 91125000) using coordinate system rotated by 0 degree(s)
13:35:43: [INFO] Adding track segment (B.Cu): [(428942500, 91125000), (452755000, 91125000)]
13:35:43: [INFO] Routing pad 'D35:1' at (452755000, 91125000) with pad 'D36:1' at (471805000, 91125000) using coordinate system rotated by 0 degree(s)
13:35:43: [INFO] Adding track segment (B.Cu): [(452755000, 91125000), (471805000, 91125000)]
13:35:43: [INFO] Routing pad 'D36:1' at (471805000, 91125000) with pad 'D37:1' at (490855000, 91125000) using coordinate system rotated by 0 degree(s)
13:35:43: [INFO] Adding track segment (B.Cu): [(471805000, 91125000), (490855000, 91125000)]
13:35:43: [INFO] Routing pad 'D37:1' at (490855000, 91125000) with pad 'D38:1' at (509905000, 91125000) using coordinate system rotated by 0 degree(s)
13:35:43: [INFO] Adding track segment (B.Cu): [(490855000, 91125000), (509905000, 91125000)]
13:35:43: [INFO] Routing COL6 pads
13:35:43: [INFO] Routing pad 'SW66:1' at (220027500, 121285000) with pad 'SW85:1' at (210502500, 140335000) using coordinate system rotated by 0 degree(s)
13:35:43: [INFO] Adding track segment (F.Cu): [(220027500, 121285000), (220027500, 130810000)]
13:35:43: [INFO] Adding track segment (F.Cu): [(220027500, 130810000), (210502500, 140335000)]
13:35:43: [INFO] Routing pad 'SW85:1' at (210502500, 140335000) with pad 'SW101a:1' at (212883750, 159385000) using coordinate system rotated by 0 degree(s)
13:35:43: [INFO] Adding track segment (F.Cu): [(210502500, 140335000), (210502500, 157003750)]
13:35:43: [INFO] Adding track segment (F.Cu): [(210502500, 157003750), (212883750, 159385000)]
13:35:43: [INFO] Routing pad 'SW24:1' at (205740000, 83185000) with pad 'SW7:1' at (215265000, 54610000) using coordinate system rotated by 0 degree(s)
13:35:43: [INFO] Adding track segment (F.Cu): [(205740000, 83185000), (215265000, 73660000)]
13:35:43: [INFO] Adding track segment (F.Cu): [(215265000, 73660000), (215265000, 54610000)]
13:35:43: [INFO] Routing pad 'SW24:1' at (205740000, 83185000) with pad 'SW45:1' at (215265000, 102235000) using coordinate system rotated by 0 degree(s)
13:35:43: [INFO] Adding track segment (F.Cu): [(205740000, 83185000), (205740000, 92710000)]
13:35:43: [INFO] Adding track segment (F.Cu): [(205740000, 92710000), (215265000, 102235000)]
13:35:43: [INFO] Routing pad 'SW45:1' at (215265000, 102235000) with pad 'SW66:1' at (220027500, 121285000) using coordinate system rotated by 0 degree(s)
13:35:43: [INFO] Adding track segment (F.Cu): [(215265000, 102235000), (215265000, 116522500)]
13:35:43: [INFO] Adding track segment (F.Cu): [(215265000, 116522500), (220027500, 121285000)]
13:35:43: [INFO] Routing pad 'SW101a:1' at (212883750, 159385000) with pad 'SW101:1' at (224790000, 159385000) using coordinate system rotated by 0 degree(s)
13:35:43: [INFO] Adding track segment (F.Cu): [(212883750, 159385000), (224790000, 159385000)]
13:35:43: [INFO] Routing COL11 pads
13:35:43: [INFO] Routing pad 'SW71:1' at (315277500, 121285000) with pad 'SW90:1' at (305752500, 140335000) using coordinate system rotated by 0 degree(s)
13:35:43: [INFO] Adding track segment (F.Cu): [(315277500, 121285000), (315277500, 130810000)]
13:35:44: [INFO] Adding track segment (F.Cu): [(315277500, 130810000), (305752500, 140335000)]
13:35:44: [INFO] Routing pad 'SW90:1' at (305752500, 140335000) with pad 'SW103:1' at (305752500, 159385000) using coordinate system rotated by 0 degree(s)
13:35:44: [INFO] Adding track segment (F.Cu): [(305752500, 140335000), (305752500, 159385000)]
13:35:44: [INFO] Routing pad 'SW103:1' at (305752500, 159385000) with pad 'SW103a:1' at (308133750, 159385000) using coordinate system rotated by 0 degree(s)
13:35:44: [INFO] Adding track segment (F.Cu): [(305752500, 159385000), (308133750, 159385000)]
13:35:44: [INFO] Routing pad 'SW29:1' at (300990000, 83185000) with pad 'SW50:1' at (310515000, 102235000) using coordinate system rotated by 0 degree(s)
13:35:44: [INFO] Adding track segment (F.Cu): [(300990000, 83185000), (300990000, 92710000)]
13:35:44: [INFO] Adding track segment (F.Cu): [(300990000, 92710000), (310515000, 102235000)]
13:35:44: [INFO] Routing pad 'SW29:1' at (300990000, 83185000) with pad 'SW12a:1' at (315277500, 54610000) using coordinate system rotated by 0 degree(s)
13:35:44: [INFO] Adding track segment (F.Cu): [(300990000, 83185000), (315277500, 68897500)]
13:35:44: [INFO] Adding track segment (F.Cu): [(315277500, 68897500), (315277500, 54610000)]
13:35:44: [INFO] Routing pad 'SW50:1' at (310515000, 102235000) with pad 'SW71:1' at (315277500, 121285000) using coordinate system rotated by 0 degree(s)
13:35:44: [INFO] Adding track segment (F.Cu): [(310515000, 102235000), (310515000, 116522500)]
13:35:44: [INFO] Adding track segment (F.Cu): [(310515000, 116522500), (315277500, 121285000)]
13:35:44: [INFO] Routing pad 'SW12a:1' at (315277500, 54610000) with pad 'SW12:1' at (320040000, 54610000) using coordinate system rotated by 0 degree(s)
13:35:44: [INFO] Adding track segment (F.Cu): [(315277500, 54610000), (320040000, 54610000)]
13:35:44: [INFO] Routing COL15 pads
13:35:44: [INFO] Routing pad 'SW16:1' at (401002500, 54610000) with pad 'SW33:1' at (401002500, 83185000) using coordinate system rotated by 0 degree(s)
13:35:44: [INFO] Adding track segment (F.Cu): [(401002500, 54610000), (401002500, 83185000)]
13:35:44: [INFO] Routing pad 'SW33:1' at (401002500, 83185000) with pad 'SW54:1' at (401002500, 102235000) using coordinate system rotated by 0 degree(s)
13:35:44: [INFO] Adding track segment (F.Cu): [(401002500, 83185000), (401002500, 102235000)]
13:35:44: [INFO] Routing pad 'SW54:1' at (401002500, 102235000) with pad 'SW93:1' at (401002500, 140335000) using coordinate system rotated by 0 degree(s)
13:35:44: [INFO] Adding track segment (F.Cu): [(401002500, 102235000), (401002500, 140335000)]
13:35:44: [INFO] Routing pad 'SW93:1' at (401002500, 140335000) with pad 'SW107:1' at (401002500, 159385000) using coordinate system rotated by 0 degree(s)
13:35:44: [INFO] Adding track segment (F.Cu): [(401002500, 140335000), (401002500, 159385000)]
13:35:44: [INFO] Routing COL19 pads
13:35:44: [INFO] Routing pad 'SW37:1' at (481965000, 83185000) with pad 'SW58:1' at (481965000, 102235000) using coordinate system rotated by 0 degree(s)
13:35:44: [INFO] Adding track segment (F.Cu): [(481965000, 83185000), (481965000, 102235000)]
13:35:44: [INFO] Routing pad 'SW58:1' at (481965000, 102235000) with pad 'SW77:1' at (481965000, 121285000) using coordinate system rotated by 0 degree(s)
13:35:44: [INFO] Adding track segment (F.Cu): [(481965000, 102235000), (481965000, 121285000)]
13:35:44: [INFO] Routing pad 'SW77:1' at (481965000, 121285000) with pad 'SW96:1' at (481965000, 140335000) using coordinate system rotated by 0 degree(s)
13:35:44: [INFO] Adding track segment (F.Cu): [(481965000, 121285000), (481965000, 140335000)]
13:35:44: [INFO] Routing pad 'SW96:1' at (481965000, 140335000) with pad 'SW111:1' at (481965000, 159385000) using coordinate system rotated by 0 degree(s)
13:35:44: [INFO] Adding track segment (F.Cu): [(481965000, 140335000), (481965000, 159385000)]
13:35:44: [INFO] Routing COL3 pads
13:35:44: [INFO] Routing pad 'SW4:1' at (148590000, 54610000) with pad 'SW21:1' at (148590000, 83185000) using coordinate system rotated by 0 degree(s)
13:35:44: [INFO] Adding track segment (F.Cu): [(148590000, 54610000), (148590000, 83185000)]
13:35:44: [INFO] Routing pad 'SW4:1' at (148590000, 54610000) with pad 'SW4a:1' at (153352500, 54610000) using coordinate system rotated by 0 degree(s)
13:35:44: [INFO] Adding track segment (F.Cu): [(148590000, 54610000), (153352500, 54610000)]
13:35:44: [INFO] Routing pad 'SW63:1' at (162877500, 121285000) with pad 'SW82:1' at (153352500, 140335000) using coordinate system rotated by 0 degree(s)
13:35:44: [INFO] Adding track segment (F.Cu): [(162877500, 121285000), (162877500, 130810000)]
13:35:44: [INFO] Adding track segment (F.Cu): [(162877500, 130810000), (153352500, 140335000)]
13:35:44: [INFO] Routing pad 'SW21:1' at (148590000, 83185000) with pad 'SW42:1' at (158115000, 102235000) using coordinate system rotated by 0 degree(s)
13:35:44: [INFO] Adding track segment (F.Cu): [(148590000, 83185000), (148590000, 92710000)]
13:35:44: [INFO] Adding track segment (F.Cu): [(148590000, 92710000), (158115000, 102235000)]
13:35:44: [INFO] Routing pad 'SW42:1' at (158115000, 102235000) with pad 'SW63:1' at (162877500, 121285000) using coordinate system rotated by 0 degree(s)
13:35:44: [INFO] Adding track segment (F.Cu): [(158115000, 102235000), (158115000, 116522500)]
13:35:44: [INFO] Adding track segment (F.Cu): [(158115000, 116522500), (162877500, 121285000)]
13:35:44: [INFO] Routing COL17 pads
13:35:44: [INFO] Routing pad 'SW35:1' at (443865000, 83185000) with pad 'SW56:1' at (443865000, 102235000) using coordinate system rotated by 0 degree(s)
13:35:44: [INFO] Adding track segment (F.Cu): [(443865000, 83185000), (443865000, 102235000)]
13:35:44: [INFO] Routing pad 'SW56:1' at (443865000, 102235000) with pad 'SW75:1' at (443865000, 121285000) using coordinate system rotated by 0 degree(s)
13:35:44: [INFO] Adding track segment (F.Cu): [(443865000, 102235000), (443865000, 121285000)]
13:35:44: [INFO] Routing pad 'SW75:1' at (443865000, 121285000) with pad 'SW94:1' at (443865000, 140335000) using coordinate system rotated by 0 degree(s)
13:35:44: [INFO] Adding track segment (F.Cu): [(443865000, 121285000), (443865000, 140335000)]
13:35:44: [INFO] Routing pad 'SW94:1' at (443865000, 140335000) with pad 'SW109:1' at (443865000, 159385000) using coordinate system rotated by 0 degree(s)
13:35:44: [INFO] Adding track segment (F.Cu): [(443865000, 140335000), (443865000, 159385000)]
13:35:44: [INFO] Could not add track segment due to detected collision
13:35:44: [INFO] Routing ROW3 pads
13:35:44: [INFO] Routing pad 'D60:1' at (107473750, 129225000) with pad 'D61:1' at (133667500, 129225000) using coordinate system rotated by 0 degree(s)
13:35:44: [INFO] Adding track segment (B.Cu): [(107473750, 129225000), (133667500, 129225000)]
13:35:44: [INFO] Routing pad 'D61:1' at (133667500, 129225000) with pad 'D62:1' at (152717500, 129225000) using coordinate system rotated by 0 degree(s)
13:35:44: [INFO] Adding track segment (B.Cu): [(133667500, 129225000), (152717500, 129225000)]
13:35:44: [INFO] Routing pad 'D62:1' at (152717500, 129225000) with pad 'D63:1' at (171767500, 129225000) using coordinate system rotated by 0 degree(s)
13:35:44: [INFO] Adding track segment (B.Cu): [(152717500, 129225000), (171767500, 129225000)]
13:35:44: [INFO] Routing pad 'D63:1' at (171767500, 129225000) with pad 'D64:1' at (190817500, 129225000) using coordinate system rotated by 0 degree(s)
13:35:44: [INFO] Adding track segment (B.Cu): [(171767500, 129225000), (190817500, 129225000)]
13:35:44: [INFO] Routing pad 'D64:1' at (190817500, 129225000) with pad 'D65:1' at (209867500, 129225000) using coordinate system rotated by 0 degree(s)
13:35:44: [INFO] Adding track segment (B.Cu): [(190817500, 129225000), (209867500, 129225000)]
13:35:44: [INFO] Routing pad 'D65:1' at (209867500, 129225000) with pad 'D66:1' at (228917500, 129225000) using coordinate system rotated by 0 degree(s)
13:35:44: [INFO] Adding track segment (B.Cu): [(209867500, 129225000), (228917500, 129225000)]
13:35:44: [INFO] Routing pad 'D66:1' at (228917500, 129225000) with pad 'D67:1' at (247967500, 129225000) using coordinate system rotated by 0 degree(s)
13:35:44: [INFO] Adding track segment (B.Cu): [(228917500, 129225000), (247967500, 129225000)]
13:35:44: [INFO] Routing pad 'D67:1' at (247967500, 129225000) with pad 'D68:1' at (267017500, 129225000) using coordinate system rotated by 0 degree(s)
13:35:44: [INFO] Adding track segment (B.Cu): [(247967500, 129225000), (267017500, 129225000)]
13:35:44: [INFO] Routing pad 'D68:1' at (267017500, 129225000) with pad 'D69:1' at (286067500, 129225000) using coordinate system rotated by 0 degree(s)
13:35:44: [INFO] Adding track segment (B.Cu): [(267017500, 129225000), (286067500, 129225000)]
13:35:44: [INFO] Routing pad 'D69:1' at (286067500, 129225000) with pad 'D70:1' at (305117500, 129225000) using coordinate system rotated by 0 degree(s)
13:35:44: [INFO] Adding track segment (B.Cu): [(286067500, 129225000), (305117500, 129225000)]
13:35:44: [INFO] Routing pad 'D70:1' at (305117500, 129225000) with pad 'D71:1' at (324167500, 129225000) using coordinate system rotated by 0 degree(s)
13:35:44: [INFO] Adding track segment (B.Cu): [(305117500, 129225000), (324167500, 129225000)]
13:35:44: [INFO] Routing pad 'D71:1' at (324167500, 129225000) with pad 'D72:1' at (343217500, 129225000) using coordinate system rotated by 0 degree(s)
13:35:44: [INFO] Adding track segment (B.Cu): [(324167500, 129225000), (343217500, 129225000)]
13:35:44: [INFO] Routing pad 'D72:1' at (343217500, 129225000) with pad 'D73:1' at (355123750, 129225000) using coordinate system rotated by 0 degree(s)
13:35:44: [INFO] Adding track segment (B.Cu): [(343217500, 129225000), (355123750, 129225000)]
13:35:44: [INFO] Routing pad 'D73:1' at (355123750, 129225000) with pad 'D74:1' at (390842500, 110175000) using coordinate system rotated by 0 degree(s)
13:35:44: [INFO] Adding track segment (B.Cu): [(355123750, 129225000), (371792500, 129225000)]
13:35:44: [INFO] Adding track segment (B.Cu): [(371792500, 129225000), (390842500, 110175000)]
13:35:44: [INFO] Routing pad 'D74:1' at (390842500, 110175000) with pad 'D75:1' at (452755000, 129225000) using coordinate system rotated by 0 degree(s)
13:35:44: [INFO] Adding track segment (B.Cu): [(390842500, 110175000), (409892500, 129225000)]
13:35:44: [INFO] Adding track segment (B.Cu): [(409892500, 129225000), (452755000, 129225000)]
13:35:44: [INFO] Routing pad 'D75:1' at (452755000, 129225000) with pad 'D76:1' at (471805000, 129225000) using coordinate system rotated by 0 degree(s)
13:35:44: [INFO] Adding track segment (B.Cu): [(452755000, 129225000), (471805000, 129225000)]
13:35:44: [INFO] Routing pad 'D76:1' at (471805000, 129225000) with pad 'D77:1' at (490855000, 129225000) using coordinate system rotated by 0 degree(s)
13:35:44: [INFO] Adding track segment (B.Cu): [(471805000, 129225000), (490855000, 129225000)]
13:35:44: [INFO] Routing pad 'D77:1' at (490855000, 129225000) with pad 'D78:1' at (509905000, 119700000) using coordinate system rotated by 0 degree(s)
13:35:44: [INFO] Routing COL7 pads
13:35:44: [INFO] Routing pad 'SW67:1' at (239077500, 121285000) with pad 'SW86:1' at (229552500, 140335000) using coordinate system rotated by 0 degree(s)
13:35:44: [INFO] Adding track segment (F.Cu): [(239077500, 121285000), (239077500, 130810000)]
13:35:44: [INFO] Adding track segment (F.Cu): [(239077500, 130810000), (229552500, 140335000)]
13:35:44: [INFO] Routing pad 'SW25:1' at (224790000, 83185000) with pad 'SW8:1' at (234315000, 54610000) using coordinate system rotated by 0 degree(s)
13:35:44: [INFO] Adding track segment (F.Cu): [(224790000, 83185000), (234315000, 73660000)]
13:35:44: [INFO] Adding track segment (F.Cu): [(234315000, 73660000), (234315000, 54610000)]
13:35:44: [INFO] Routing pad 'SW25:1' at (224790000, 83185000) with pad 'SW46:1' at (234315000, 102235000) using coordinate system rotated by 0 degree(s)
13:35:44: [INFO] Adding track segment (F.Cu): [(224790000, 83185000), (224790000, 92710000)]
13:35:44: [INFO] Adding track segment (F.Cu): [(224790000, 92710000), (234315000, 102235000)]
13:35:44: [INFO] Routing pad 'SW46:1' at (234315000, 102235000) with pad 'SW67:1' at (239077500, 121285000) using coordinate system rotated by 0 degree(s)
13:35:44: [INFO] Adding track segment (F.Cu): [(234315000, 102235000), (234315000, 116522500)]
13:35:44: [INFO] Adding track segment (F.Cu): [(234315000, 116522500), (239077500, 121285000)]
13:35:44: [INFO] Routing COL1 pads
13:35:44: [INFO] Routing pad 'SW19:1' at (110490000, 83185000) with pad 'SW2:1' at (115252500, 54610000) using coordinate system rotated by 0 degree(s)
13:35:44: [INFO] Adding track segment (F.Cu): [(110490000, 83185000), (115252500, 78422500)]
13:35:44: [INFO] Adding track segment (F.Cu): [(115252500, 78422500), (115252500, 54610000)]
13:35:44: [INFO] Routing pad 'SW61:1' at (124777500, 121285000) with pad 'SW80:1' at (115252500, 140335000) using coordinate system rotated by 0 degree(s)
13:35:44: [INFO] Routing pad 'SW80:1' at (115252500, 140335000) with pad 'SW99a:1' at (117633750, 159385000) using coordinate system rotated by 0 degree(s)
13:35:44: [INFO] Adding track segment (F.Cu): [(115252500, 140335000), (115252500, 157003750)]
13:35:44: [INFO] Adding track segment (F.Cu): [(115252500, 157003750), (117633750, 159385000)]
13:35:44: [INFO] Routing pad 'SW19:1' at (110490000, 83185000) with pad 'SW40:1' at (120015000, 102235000) using coordinate system rotated by 0 degree(s)
13:35:44: [INFO] Adding track segment (F.Cu): [(110490000, 83185000), (110490000, 92710000)]
13:35:44: [INFO] Adding track segment (F.Cu): [(110490000, 92710000), (120015000, 102235000)]
13:35:44: [INFO] Routing pad 'SW99a:1' at (117633750, 159385000) with pad 'SW99:1' at (120015000, 159385000) using coordinate system rotated by 0 degree(s)
13:35:44: [INFO] Adding track segment (F.Cu): [(117633750, 159385000), (120015000, 159385000)]
13:35:44: [INFO] Routing pad 'SW40:1' at (120015000, 102235000) with pad 'SW61:1' at (124777500, 121285000) using coordinate system rotated by 0 degree(s)
13:35:44: [INFO] Adding track segment (F.Cu): [(120015000, 102235000), (120015000, 116522500)]
13:35:44: [INFO] Adding track segment (F.Cu): [(120015000, 116522500), (124777500, 121285000)]
13:35:44: [INFO] Routing COL20 pads
13:35:44: [INFO] Routing pad 'SW38:1' at (501015000, 83185000) with pad 'SW59:1' at (501015000, 102235000) using coordinate system rotated by 0 degree(s)
13:35:44: [INFO] Adding track segment (F.Cu): [(501015000, 83185000), (501015000, 102235000)]
13:35:44: [INFO] Routing pad 'SW59:1' at (501015000, 102235000) with pad 'SW78:1' at (501015000, 111760000) using coordinate system rotated by 0 degree(s)
13:35:44: [INFO] Adding track segment (F.Cu): [(501015000, 102235000), (501015000, 111760000)]
13:35:44: [INFO] Routing pad 'SW78:1' at (501015000, 111760000) with pad 'SW78a:1' at (501015000, 121285000) using coordinate system rotated by 0 degree(s)
13:35:44: [INFO] Adding track segment (F.Cu): [(501015000, 111760000), (501015000, 121285000)]
13:35:45: [INFO] Routing pad 'SW78a:1' at (501015000, 121285000) with pad 'SW97:1' at (501015000, 140335000) using coordinate system rotated by 0 degree(s)
13:35:45: [INFO] Adding track segment (F.Cu): [(501015000, 121285000), (501015000, 140335000)]
13:35:45: [INFO] Routing pad 'SW97:1' at (501015000, 140335000) with pad 'SW112:1' at (501015000, 149860000) using coordinate system rotated by 0 degree(s)
13:35:45: [INFO] Adding track segment (F.Cu): [(501015000, 140335000), (501015000, 149860000)]
13:35:45: [INFO] Routing pad 'SW112:1' at (501015000, 149860000) with pad 'SW112a:1' at (501015000, 159385000) using coordinate system rotated by 0 degree(s)
13:35:45: [INFO] Adding track segment (F.Cu): [(501015000, 149860000), (501015000, 159385000)]
13:35:45: [INFO] Routing COL18 pads
13:35:45: [INFO] Routing pad 'SW57:1' at (462915000, 102235000) with pad 'SW36:1' at (462915000, 83185000) using coordinate system rotated by 0 degree(s)
13:35:45: [INFO] Adding track segment (F.Cu): [(462915000, 102235000), (462915000, 83185000)]
13:35:45: [INFO] Routing pad 'SW76:1' at (462915000, 121285000) with pad 'SW57:1' at (462915000, 102235000) using coordinate system rotated by 0 degree(s)
13:35:45: [INFO] Adding track segment (F.Cu): [(462915000, 121285000), (462915000, 102235000)]
13:35:45: [INFO] Routing pad 'SW95:1' at (462915000, 140335000) with pad 'SW76:1' at (462915000, 121285000) using coordinate system rotated by 0 degree(s)
13:35:45: [INFO] Adding track segment (F.Cu): [(462915000, 140335000), (462915000, 121285000)]
13:35:45: [INFO] Routing pad 'SW110a:1' at (462915000, 159385000) with pad 'SW95:1' at (462915000, 140335000) using coordinate system rotated by 0 degree(s)
13:35:45: [INFO] Adding track segment (F.Cu): [(462915000, 159385000), (462915000, 140335000)]
13:35:45: [INFO] Routing pad 'SW110:1' at (453390000, 159385000) with pad 'SW110a:1' at (462915000, 159385000) using coordinate system rotated by 0 degree(s)
13:35:45: [INFO] Adding track segment (F.Cu): [(453390000, 159385000), (462915000, 159385000)]
13:35:45: [INFO] Routing COL14 pads
13:35:45: [INFO] Routing pad 'SW53:1' at (348615000, 83185000) with pad 'SW53a:1' at (358140000, 83185000) using coordinate system rotated by 0 degree(s)
13:35:45: [INFO] Adding track segment (F.Cu): [(348615000, 83185000), (358140000, 83185000)]
13:35:45: [INFO] Routing pad 'SW32:1' at (381952500, 83185000) with pad 'SW15:1' at (381952500, 54610000) using coordinate system rotated by 0 degree(s)
13:35:45: [INFO] Adding track segment (F.Cu): [(381952500, 83185000), (381952500, 54610000)]
13:35:45: [INFO] Routing pad 'SW53a:1' at (358140000, 83185000) with pad 'SW32:1' at (381952500, 83185000) using coordinate system rotated by 0 degree(s)
13:35:45: [INFO] Adding track segment (F.Cu): [(358140000, 83185000), (381952500, 83185000)]
13:35:45: [INFO] Routing pad 'SW32:1' at (381952500, 83185000) with pad 'SW74:1' at (381952500, 102235000) using coordinate system rotated by 0 degree(s)
13:35:45: [INFO] Adding track segment (F.Cu): [(381952500, 83185000), (381952500, 102235000)]
13:35:45: [INFO] Routing pad 'SW74:1' at (381952500, 102235000) with pad 'SW106:1' at (381952500, 159385000) using coordinate system rotated by 0 degree(s)
13:35:45: [INFO] Adding track segment (F.Cu): [(381952500, 102235000), (381952500, 159385000)]
13:35:45: [INFO] Routing COL5 pads
13:35:45: [INFO] Routing pad 'SW6:1' at (186690000, 54610000) with pad 'SW23:1' at (186690000, 83185000) using coordinate system rotated by 0 degree(s)
13:35:45: [INFO] Adding track segment (F.Cu): [(186690000, 54610000), (186690000, 83185000)]
13:35:45: [INFO] Routing pad 'SW65:1' at (200977500, 121285000) with pad 'SW84:1' at (191452500, 140335000) using coordinate system rotated by 0 degree(s)
13:35:45: [INFO] Adding track segment (F.Cu): [(200977500, 121285000), (200977500, 130810000)]
13:35:45: [INFO] Adding track segment (F.Cu): [(200977500, 130810000), (191452500, 140335000)]
13:35:45: [INFO] Routing pad 'SW6:1' at (186690000, 54610000) with pad 'SW6a:1' at (196215000, 54610000) using coordinate system rotated by 0 degree(s)
13:35:45: [INFO] Adding track segment (F.Cu): [(186690000, 54610000), (196215000, 54610000)]
13:35:45: [INFO] Routing pad 'SW23:1' at (186690000, 83185000) with pad 'SW44:1' at (196215000, 102235000) using coordinate system rotated by 0 degree(s)
13:35:45: [INFO] Adding track segment (F.Cu): [(186690000, 83185000), (186690000, 92710000)]
13:35:45: [INFO] Adding track segment (F.Cu): [(186690000, 92710000), (196215000, 102235000)]
13:35:45: [INFO] Routing pad 'SW44:1' at (196215000, 102235000) with pad 'SW65:1' at (200977500, 121285000) using coordinate system rotated by 0 degree(s)
13:35:45: [INFO] Adding track segment (F.Cu): [(196215000, 102235000), (196215000, 116522500)]
13:35:45: [INFO] Adding track segment (F.Cu): [(196215000, 116522500), (200977500, 121285000)]
13:35:45: [INFO] Routing ROW4 pads
13:35:45: [INFO] Routing pad 'D79:1' at (112236250, 148275000) with pad 'D80:1' at (124142500, 148275000) using coordinate system rotated by 0 degree(s)
13:35:45: [INFO] Adding track segment (B.Cu): [(112236250, 148275000), (124142500, 148275000)]
13:35:45: [INFO] Routing pad 'D80:1' at (124142500, 148275000) with pad 'D81:1' at (143192500, 148275000) using coordinate system rotated by 0 degree(s)
13:35:45: [INFO] Adding track segment (B.Cu): [(124142500, 148275000), (143192500, 148275000)]
13:35:45: [INFO] Routing pad 'D81:1' at (143192500, 148275000) with pad 'D82:1' at (162242500, 148275000) using coordinate system rotated by 0 degree(s)
13:35:45: [INFO] Adding track segment (B.Cu): [(143192500, 148275000), (162242500, 148275000)]
13:35:45: [INFO] Routing pad 'D82:1' at (162242500, 148275000) with pad 'D83:1' at (181292500, 148275000) using coordinate system rotated by 0 degree(s)
13:35:45: [INFO] Adding track segment (B.Cu): [(162242500, 148275000), (181292500, 148275000)]
13:35:45: [INFO] Routing pad 'D83:1' at (181292500, 148275000) with pad 'D84:1' at (200342500, 148275000) using coordinate system rotated by 0 degree(s)
13:35:45: [INFO] Adding track segment (B.Cu): [(181292500, 148275000), (200342500, 148275000)]
13:35:45: [INFO] Routing pad 'D84:1' at (200342500, 148275000) with pad 'D85:1' at (219392500, 148275000) using coordinate system rotated by 0 degree(s)
13:35:45: [INFO] Adding track segment (B.Cu): [(200342500, 148275000), (219392500, 148275000)]
13:35:45: [INFO] Routing pad 'D85:1' at (219392500, 148275000) with pad 'D86:1' at (238442500, 148275000) using coordinate system rotated by 0 degree(s)
13:35:45: [INFO] Adding track segment (B.Cu): [(219392500, 148275000), (238442500, 148275000)]
13:35:45: [INFO] Routing pad 'D86:1' at (238442500, 148275000) with pad 'D87:1' at (257492500, 148275000) using coordinate system rotated by 0 degree(s)
13:35:45: [INFO] Adding track segment (B.Cu): [(238442500, 148275000), (257492500, 148275000)]
13:35:45: [INFO] Routing pad 'D87:1' at (257492500, 148275000) with pad 'D88:1' at (276542500, 148275000) using coordinate system rotated by 0 degree(s)
13:35:45: [INFO] Adding track segment (B.Cu): [(257492500, 148275000), (276542500, 148275000)]
13:35:45: [INFO] Routing pad 'D88:1' at (276542500, 148275000) with pad 'D89:1' at (295592500, 148275000) using coordinate system rotated by 0 degree(s)
13:35:45: [INFO] Adding track segment (B.Cu): [(276542500, 148275000), (295592500, 148275000)]
13:35:45: [INFO] Routing pad 'D89:1' at (295592500, 148275000) with pad 'D90:1' at (314642500, 148275000) using coordinate system rotated by 0 degree(s)
13:35:45: [INFO] Adding track segment (B.Cu): [(295592500, 148275000), (314642500, 148275000)]
13:35:45: [INFO] Routing pad 'D90:1' at (314642500, 148275000) with pad 'D91:1' at (350361250, 148275000) using coordinate system rotated by 0 degree(s)
13:35:45: [INFO] Adding track segment (B.Cu): [(314642500, 148275000), (350361250, 148275000)]
13:35:45: [INFO] Routing pad 'D91:1' at (350361250, 148275000) with pad 'D92:1' at (367030000, 148275000) using coordinate system rotated by 0 degree(s)
13:35:45: [INFO] Adding track segment (B.Cu): [(350361250, 148275000), (367030000, 148275000)]
13:35:45: [INFO] Routing pad 'D92:1' at (367030000, 148275000) with pad 'D93:1' at (409892500, 148275000) using coordinate system rotated by 0 degree(s)
13:35:45: [INFO] Adding track segment (B.Cu): [(367030000, 148275000), (409892500, 148275000)]
13:35:45: [INFO] Routing pad 'D93:1' at (409892500, 148275000) with pad 'D94:1' at (452755000, 148275000) using coordinate system rotated by 0 degree(s)
13:35:45: [INFO] Adding track segment (B.Cu): [(409892500, 148275000), (452755000, 148275000)]
13:35:45: [INFO] Routing pad 'D94:1' at (452755000, 148275000) with pad 'D95:1' at (471805000, 148275000) using coordinate system rotated by 0 degree(s)
13:35:45: [INFO] Adding track segment (B.Cu): [(452755000, 148275000), (471805000, 148275000)]
13:35:45: [INFO] Routing pad 'D95:1' at (471805000, 148275000) with pad 'D96:1' at (490855000, 148275000) using coordinate system rotated by 0 degree(s)
13:35:45: [INFO] Adding track segment (B.Cu): [(471805000, 148275000), (490855000, 148275000)]
13:35:45: [INFO] Routing pad 'D96:1' at (490855000, 148275000) with pad 'D97:1' at (509905000, 148275000) using coordinate system rotated by 0 degree(s)
13:35:45: [INFO] Adding track segment (B.Cu): [(490855000, 148275000), (509905000, 148275000)]
13:35:45: [INFO] Could not add track segment due to detected collision
13:35:45: [INFO] Routing COL16 pads
13:35:45: [INFO] Routing pad 'SW17:1' at (420052500, 54610000) with pad 'SW34:1' at (420052500, 83185000) using coordinate system rotated by 0 degree(s)
13:35:45: [INFO] Adding track segment (F.Cu): [(420052500, 54610000), (420052500, 83185000)]
13:35:45: [INFO] Routing pad 'SW34:1' at (420052500, 83185000) with pad 'SW55:1' at (420052500, 102235000) using coordinate system rotated by 0 degree(s)
13:35:45: [INFO] Adding track segment (F.Cu): [(420052500, 83185000), (420052500, 102235000)]
13:35:45: [INFO] Routing pad 'SW55:1' at (420052500, 102235000) with pad 'SW108:1' at (420052500, 159385000) using coordinate system rotated by 0 degree(s)
13:35:45: [INFO] Adding track segment (F.Cu): [(420052500, 102235000), (420052500, 159385000)]
13:35:45: [INFO] Routing COL8 pads
13:35:45: [INFO] Routing pad 'SW68:1' at (258127500, 121285000) with pad 'SW87:1' at (248602500, 140335000) using coordinate system rotated by 0 degree(s)
13:35:45: [INFO] Adding track segment (F.Cu): [(258127500, 121285000), (258127500, 130810000)]
13:35:45: [INFO] Adding track segment (F.Cu): [(258127500, 130810000), (248602500, 140335000)]
13:35:45: [INFO] Routing pad 'SW26:1' at (243840000, 83185000) with pad 'SW9:1' at (253365000, 54610000) using coordinate system rotated by 0 degree(s)
13:35:45: [INFO] Adding track segment (F.Cu): [(243840000, 83185000), (253365000, 73660000)]
13:35:45: [INFO] Adding track segment (F.Cu): [(253365000, 73660000), (253365000, 54610000)]
13:35:45: [INFO] Routing pad 'SW26:1' at (243840000, 83185000) with pad 'SW47:1' at (253365000, 102235000) using coordinate system rotated by 0 degree(s)
13:35:45: [INFO] Adding track segment (F.Cu): [(243840000, 83185000), (243840000, 92710000)]
13:35:45: [INFO] Adding track segment (F.Cu): [(243840000, 92710000), (253365000, 102235000)]
13:35:45: [INFO] Routing pad 'SW47:1' at (253365000, 102235000) with pad 'SW68:1' at (258127500, 121285000) using coordinate system rotated by 0 degree(s)
13:35:45: [INFO] Adding track segment (F.Cu): [(253365000, 102235000), (253365000, 116522500)]
13:35:45: [INFO] Adding track segment (F.Cu): [(253365000, 116522500), (258127500, 121285000)]
13:35:45: [INFO] Routing ROW2 pads
13:35:45: [INFO] Routing pad 'D39:1' at (105092500, 110175000) with pad 'D40:1' at (128905000, 110175000) using coordinate system rotated by 0 degree(s)
13:35:45: [INFO] Adding track segment (B.Cu): [(105092500, 110175000), (128905000, 110175000)]
13:35:45: [INFO] Routing pad 'D40:1' at (128905000, 110175000) with pad 'D41:1' at (147955000, 110175000) using coordinate system rotated by 0 degree(s)
13:35:45: [INFO] Adding track segment (B.Cu): [(128905000, 110175000), (147955000, 110175000)]
13:35:45: [INFO] Routing pad 'D41:1' at (147955000, 110175000) with pad 'D42:1' at (167005000, 110175000) using coordinate system rotated by 0 degree(s)
13:35:45: [INFO] Adding track segment (B.Cu): [(147955000, 110175000), (167005000, 110175000)]
13:35:45: [INFO] Routing pad 'D42:1' at (167005000, 110175000) with pad 'D43:1' at (186055000, 110175000) using coordinate system rotated by 0 degree(s)
13:35:45: [INFO] Adding track segment (B.Cu): [(167005000, 110175000), (186055000, 110175000)]
13:35:45: [INFO] Routing pad 'D43:1' at (186055000, 110175000) with pad 'D44:1' at (205105000, 110175000) using coordinate system rotated by 0 degree(s)
13:35:45: [INFO] Adding track segment (B.Cu): [(186055000, 110175000), (205105000, 110175000)]
13:35:45: [INFO] Routing pad 'D44:1' at (205105000, 110175000) with pad 'D45:1' at (224155000, 110175000) using coordinate system rotated by 0 degree(s)
13:35:45: [INFO] Adding track segment (B.Cu): [(205105000, 110175000), (224155000, 110175000)]
13:35:45: [INFO] Routing pad 'D45:1' at (224155000, 110175000) with pad 'D46:1' at (243205000, 110175000) using coordinate system rotated by 0 degree(s)
13:35:45: [INFO] Adding track segment (B.Cu): [(224155000, 110175000), (243205000, 110175000)]
13:35:45: [INFO] Routing pad 'D46:1' at (243205000, 110175000) with pad 'D47:1' at (262255000, 110175000) using coordinate system rotated by 0 degree(s)
13:35:45: [INFO] Adding track segment (B.Cu): [(243205000, 110175000), (262255000, 110175000)]
13:35:45: [INFO] Routing pad 'D47:1' at (262255000, 110175000) with pad 'D48:1' at (281305000, 110175000) using coordinate system rotated by 0 degree(s)
13:35:45: [INFO] Adding track segment (B.Cu): [(262255000, 110175000), (281305000, 110175000)]
13:35:45: [INFO] Routing pad 'D48:1' at (281305000, 110175000) with pad 'D49:1' at (300355000, 110175000) using coordinate system rotated by 0 degree(s)
13:35:45: [INFO] Adding track segment (B.Cu): [(281305000, 110175000), (300355000, 110175000)]
13:35:45: [INFO] Routing pad 'D49:1' at (300355000, 110175000) with pad 'D50:1' at (319405000, 110175000) using coordinate system rotated by 0 degree(s)
13:35:45: [INFO] Adding track segment (B.Cu): [(300355000, 110175000), (319405000, 110175000)]
13:35:45: [INFO] Routing pad 'D50:1' at (319405000, 110175000) with pad 'D51:1' at (338455000, 110175000) using coordinate system rotated by 0 degree(s)
13:35:45: [INFO] Adding track segment (B.Cu): [(319405000, 110175000), (338455000, 110175000)]
13:35:45: [INFO] Routing pad 'D52:1' at (362267500, 110175000) with pad 'D53:1' at (357505000, 91125000) using coordinate system rotated by 0 degree(s)
13:35:45: [INFO] Routing pad 'D51:1' at (338455000, 110175000) with pad 'D52:1' at (362267500, 110175000) using coordinate system rotated by 0 degree(s)
13:35:45: [INFO] Adding track segment (B.Cu): [(338455000, 110175000), (362267500, 110175000)]
13:35:45: [INFO] Could not add track segment due to detected collision
13:35:45: [INFO] Routing pad 'D52:1' at (362267500, 110175000) with pad 'D54:1' at (409892500, 110175000) using coordinate system rotated by 0 degree(s)
13:35:45: [INFO] Adding track segment (B.Cu): [(362267500, 110175000), (409892500, 110175000)]
13:35:45: [INFO] Could not add track segment due to detected collision
13:35:45: [INFO] Routing pad 'D54:1' at (409892500, 110175000) with pad 'D55:1' at (428942500, 110175000) using coordinate system rotated by 0 degree(s)
13:35:45: [INFO] Adding track segment (B.Cu): [(409892500, 110175000), (428942500, 110175000)]
13:35:45: [INFO] Routing pad 'D55:1' at (428942500, 110175000) with pad 'D56:1' at (452755000, 110175000) using coordinate system rotated by 0 degree(s)
13:35:45: [INFO] Adding track segment (B.Cu): [(428942500, 110175000), (452755000, 110175000)]
13:35:45: [INFO] Routing pad 'D56:1' at (452755000, 110175000) with pad 'D57:1' at (471805000, 110175000) using coordinate system rotated by 0 degree(s)
13:35:45: [INFO] Adding track segment (B.Cu): [(452755000, 110175000), (471805000, 110175000)]
13:35:45: [INFO] Routing pad 'D57:1' at (471805000, 110175000) with pad 'D58:1' at (490855000, 110175000) using coordinate system rotated by 0 degree(s)
13:35:45: [INFO] Adding track segment (B.Cu): [(471805000, 110175000), (490855000, 110175000)]
13:35:45: [INFO] Routing pad 'D58:1' at (490855000, 110175000) with pad 'D59:1' at (509905000, 110175000) using coordinate system rotated by 0 degree(s)
13:35:45: [INFO] Adding track segment (B.Cu): [(490855000, 110175000), (509905000, 110175000)]
13:35:45: [INFO] Could not add track segment due to detected collision
13:35:45: [INFO] Routing COL12 pads
13:35:45: [INFO] Routing pad 'SW30:1' at (320040000, 83185000) with pad 'SW51:1' at (329565000, 102235000) using coordinate system rotated by 0 degree(s)
13:35:45: [INFO] Adding track segment (F.Cu): [(320040000, 83185000), (320040000, 92710000)]
13:35:45: [INFO] Adding track segment (F.Cu): [(320040000, 92710000), (329565000, 102235000)]
13:35:45: [INFO] Routing pad 'SW104a:1' at (331946250, 159385000) with pad 'SW104:1' at (329565000, 159385000) using coordinate system rotated by 0 degree(s)
13:35:45: [INFO] Adding track segment (F.Cu): [(331946250, 159385000), (329565000, 159385000)]
13:35:45: [INFO] Routing pad 'SW72:1' at (334327500, 121285000) with pad 'SW91a:1' at (331946250, 140335000) using coordinate system rotated by 0 degree(s)
13:35:45: [INFO] Routing pad 'SW91a:1' at (331946250, 140335000) with pad 'SW104a:1' at (331946250, 159385000) using coordinate system rotated by 0 degree(s)
13:35:45: [INFO] Adding track segment (F.Cu): [(331946250, 140335000), (331946250, 159385000)]
13:35:45: [INFO] Could not add track segment due to detected collision
13:35:45: [INFO] Routing pad 'SW30:1' at (320040000, 83185000) with pad 'SW13a:1' at (334327500, 54610000) using coordinate system rotated by 0 degree(s)
13:35:45: [INFO] Adding track segment (F.Cu): [(320040000, 83185000), (334327500, 68897500)]
13:35:45: [INFO] Adding track segment (F.Cu): [(334327500, 68897500), (334327500, 54610000)]
13:35:45: [INFO] Routing pad 'SW51:1' at (329565000, 102235000) with pad 'SW72:1' at (334327500, 121285000) using coordinate system rotated by 0 degree(s)
13:35:45: [INFO] Adding track segment (F.Cu): [(329565000, 102235000), (329565000, 116522500)]
13:35:45: [INFO] Adding track segment (F.Cu): [(329565000, 116522500), (334327500, 121285000)]
13:35:45: [INFO] Routing pad 'SW13a:1' at (334327500, 54610000) with pad 'SW13:1' at (339090000, 54610000) using coordinate system rotated by 0 degree(s)
13:35:45: [INFO] Adding track segment (F.Cu): [(334327500, 54610000), (339090000, 54610000)]
13:35:45: [INFO] Routing pad 'SW91a:1' at (331946250, 140335000) with pad 'SW91:1' at (341471250, 140335000) using coordinate system rotated by 0 degree(s)
13:35:45: [INFO] Adding track segment (F.Cu): [(331946250, 140335000), (341471250, 140335000)]
13:35:45: [INFO] Removing dangling tracks
